Rank;Sourceid;Title;Type;Issn;Publisher;Open Access;Open Access Diamond;SJR;SJR Best Quartile;H index;Total Docs. (2023);Total Docs. (3years);Total Refs.;Total Citations (3years);Citable Docs. (3years);Citations / Doc. (2years);Ref. / Doc.;%Female;Overton;Country;Region;Publisher;Coverage;Categories;Areas
1;21100922606;"The Lancet Digital Health";journal;"25897500";"Elsevier Ltd";Yes;No;7,277;Q1;102;133;393;3587;5527;192;14,38;26,97;43,74;0;United Kingdom;Western Europe;"Elsevier Ltd";"2019-2026";"Decision Sciences (miscellaneous) (Q1); Health Informatics (Q1); Health Information Management (Q1); Medicine (miscellaneous) (Q1)";"Decision Sciences; Health Professions; Medicine"
2;24721;"Annals of Mathematics";journal;"0003486X, 19398980";"Department of Mathematics at Princeton University";No;No;7,154;Q1;153;32;99;1423;573;99;5,37;44,47;10,84;0;United States;Northern America;"Department of Mathematics at Princeton University";"1996-2025";"Mathematics (miscellaneous) (Q1); Statistics and Probability (Q1); Statistics, Probability and Uncertainty (Q1)";"Decision Sciences; Mathematics"
3;22330;"Organizational Research Methods";journal;"15527425, 10944281";"SAGE Publications Inc.";No;No;6,712;Q1;158;25;90;2455;1017;87;11,61;98,20;27,42;5;United States;Northern America;"SAGE Publications Inc.";"1998-2026";"Decision Sciences (miscellaneous) (Q1); Management of Technology and Innovation (Q1); Strategy and Management (Q1)";"Business, Management and Accounting; Decision Sciences"
4;15631;"International Journal of Information Management";journal;"02684012";"Elsevier Ltd";No;No;5,775;Q1;215;92;464;9481;12340;450;22,94;103,05;28,09;14;United Kingdom;Western Europe;"Elsevier Ltd";"1970, 1986-2026";"Artificial Intelligence (Q1); Computer Networks and Communications (Q1); Information Systems (Q1); Information Systems and Management (Q1); Library and Information Sciences (Q1); Management Information Systems (Q1); Marketing (Q1)";"Business, Management and Accounting; Computer Science; Decision Sciences; Social Sciences"
5;21789;"Manufacturing and Service Operations Management";journal;"15265498, 15234614";"INFORMS Inst.for Operations Res.and the Management Sciences";No;No;5,466;Q1;123;167;362;7813;2355;359;4,85;46,78;27,85;6;United States;Northern America;"INFORMS Inst.for Operations Res.and the Management Sciences";"1999-2026";"Management Science and Operations Research (Q1); Strategy and Management (Q1)";"Business, Management and Accounting; Decision Sciences"
6;21307;"Management Science";journal;"00251909, 15265501";"INFORMS Inst.for Operations Res.and the Management Sciences";Yes;No;5,438;Q1;321;391;1126;21472;6813;1119;5,26;54,92;23,38;94;United States;Northern America;"INFORMS Inst.for Operations Res.and the Management Sciences";"1965-1966, 1968-2025";"Management Science and Operations Research (Q1); Strategy and Management (Q1)";"Business, Management and Accounting; Decision Sciences"
7;13649;"Annals of Statistics";journal;"21688966, 00905364";"Institute of Mathematical Statistics";No;No;5,335;Q1;213;97;445;5170;2316;441;4,31;53,30;21,59;0;United States;Northern America;"Institute of Mathematical Statistics";"1996-2025";"Statistics and Probability (Q1); Statistics, Probability and Uncertainty (Q1)";"Decision Sciences; Mathematics"
8;13531;"Journal of the Royal Statistical Society. Series B: Statistical Methodology";journal;"14679868, 13697412";"Oxford University Press";No;No;4,330;Q1;165;104;195;3436;1084;168;2,82;33,04;22,16;7;United Kingdom;Western Europe;"Oxford University Press";"1983, 1989, 1997-2026";"Statistics and Probability (Q1); Statistics, Probability and Uncertainty (Q1)";"Decision Sciences; Mathematics"
9;15574;"Information Systems Research";journal;"15265536, 10477047";"INFORMS Inst.for Operations Res.and the Management Sciences";No;No;4,176;Q1;203;88;218;6744;1791;216;7,01;76,64;26,03;4;United States;Northern America;"INFORMS Inst.for Operations Res.and the Management Sciences";"1990-2025";"Computer Networks and Communications (Q1); Information Systems (Q1); Information Systems and Management (Q1); Library and Information Sciences (Q1); Management Information Systems (Q1)";"Business, Management and Accounting; Computer Science; Decision Sciences; Social Sciences"
10;12402;"MIS Quarterly: Management Information Systems";journal;"02767783, 21629730";"University of Minnesota";No;No;4,105;Q1;294;65;215;5313;2434;210;9,12;81,74;28,57;0;United States;Northern America;"University of Minnesota";"1980-2025";"Computer Science Applications (Q1); Information Systems (Q1); Information Systems and Management (Q1); Management Information Systems (Q1)";"Business, Management and Accounting; Computer Science; Decision Sciences"
11;12094;"Journal of the American Statistical Association";journal;"01621459, 1537274X";"Taylor and Francis Ltd.";No;No;3,922;Q1;238;226;499;9711;2149;449;3,75;42,97;30,13;15;United Kingdom;Western Europe;"Taylor and Francis Ltd.";"1922-2026";"Statistics and Probability (Q1); Statistics, Probability and Uncertainty (Q1)";"Decision Sciences; Mathematics"
12;15074;"European Journal of Information Systems";journal;"0960085X, 14769344";"Taylor and Francis Ltd.";No;No;3,824;Q1;151;57;117;4738;1882;105;12,48;83,12;24,83;0;United Kingdom;Western Europe;"Taylor and Francis Ltd.";"1995-2026";"Information Systems (Q1); Information Systems and Management (Q1); Library and Information Sciences (Q1); Management Information Systems (Q1)";"Business, Management and Accounting; Computer Science; Decision Sciences; Social Sciences"
13;15298;"Structural Equation Modeling";journal;"15328007, 10705511";"Psychology Press Ltd";No;No;3,647;Q1;138;71;208;3339;1252;208;5,01;47,03;33,73;1;United Kingdom;Western Europe;"Psychology Press Ltd";"1994-2026";"Decision Sciences (miscellaneous) (Q1); Economics, Econometrics and Finance (miscellaneous) (Q1); Modeling and Simulation (Q1); Sociology and Political Science (Q1)";"Decision Sciences; Economics, Econometrics and Finance; Mathematics; Social Sciences"
14;4400151715;"Stata Journal";journal;"1536867X, 15368734";"SAGE Publications Inc.";No;No;3,453;-;123;55;152;946;844;137;2,71;17,20;18,18;0;United Kingdom;Western Europe;"SAGE Publications Inc.";"2002-2025";"Mathematics (miscellaneous) (Q1)";"Mathematics"
15;27162;"Journal of Business and Economic Statistics";journal;"07350015, 15372707";"Taylor and Francis Ltd.";No;No;3,385;Q1;127;86;314;3722;912;290;2,65;43,28;25,62;19;United Kingdom;Western Europe;"Taylor and Francis Ltd.";"1983-2026";"Economics and Econometrics (Q1); Social Sciences (miscellaneous) (Q1); Statistics and Probability (Q1); Statistics, Probability and Uncertainty (Q1)";"Decision Sciences; Economics, Econometrics and Finance; Mathematics; Social Sciences"
16;21100338350;"IEEE Internet of Things Journal";journal;"23274662";"Institute of Electrical and Electronics Engineers Inc.";No;No;3,382;Q1;233;1691;4223;79060;45776;4195;9,79;46,75;28,22;0;United States;Northern America;"Institute of Electrical and Electronics Engineers Inc.";"2014-2026";"Computer Networks and Communications (Q1); Computer Science Applications (Q1); Hardware and Architecture (Q1); Information Systems (Q1); Information Systems and Management (Q1); Signal Processing (Q1)";"Computer Science; Decision Sciences"
17;15049;"Biometrika";journal;"14643510, 00063444";"Oxford University Press";No;No;3,358;Q1;142;68;218;2356;726;212;2,89;34,65;24,84;2;United Kingdom;Western Europe;"Oxford University Press";"1908-1913, 1917, 1945, 1947-1951, 1965-2026";"Agricultural and Biological Sciences (miscellaneous) (Q1); Applied Mathematics (Q1); Mathematics (miscellaneous) (Q1); Statistics and Probability (Q1); Statistics, Probability and Uncertainty (Q1)";"Agricultural and Biological Sciences; Decision Sciences; Mathematics"
18;21101041823;"Strategy Science";journal;"23332077, 23332050";"INFORMS Inst.for Operations Res.and the Management Sciences";No;No;3,292;Q1;37;34;70;3080;281;67;3,60;90,59;34,38;2;United States;Northern America;"INFORMS Inst.for Operations Res.and the Management Sciences";"2016-2025";"Business and International Management (Q1); Management of Technology and Innovation (Q1); Management Science and Operations Research (Q1); Strategy and Management (Q1)";"Business, Management and Accounting; Decision Sciences"
19;12396;"Journal of Strategic Information Systems";journal;"09638687";"Elsevier B.V.";No;No;3,230;Q1;120;24;68;1885;780;54;9,09;78,54;42,55;0;Netherlands;Western Europe;"Elsevier B.V.";"1991-2026";"Information Systems (Q1); Information Systems and Management (Q1); Management Information Systems (Q1)";"Business, Management and Accounting; Computer Science; Decision Sciences"
20;22900;"Research Policy";journal;"00487333";"Elsevier B.V.";No;No;3,219;Q1;318;175;489;15428;4345;483;8,14;88,16;28,15;65;Netherlands;Western Europe;"Elsevier B.V.";"1971-2026";"Engineering (miscellaneous) (Q1); Management of Technology and Innovation (Q1); Management Science and Operations Research (Q1); Strategy and Management (Q1)";"Business, Management and Accounting; Decision Sciences; Engineering"
21;24724;"Annals of Probability";journal;"2168894X, 00911798";"Institute of Mathematical Statistics";No;No;3,203;Q1;109;60;235;2403;599;235;2,13;40,05;13,87;0;United States;Northern America;"Institute of Mathematical Statistics";"1981, 1996-2025";"Statistics and Probability (Q1); Statistics, Probability and Uncertainty (Q1)";"Decision Sciences; Mathematics"
22;19165;"International Journal of Production Economics";journal;"09255273";"Elsevier B.V.";No;No;3,074;Q1;264;297;902;20634;11488;889;10,84;69,47;28,54;9;Netherlands;Western Europe;"Elsevier B.V.";"1991-2026";"Business, Management and Accounting (miscellaneous) (Q1); Economics and Econometrics (Q1); Industrial and Manufacturing Engineering (Q1); Management Science and Operations Research (Q1)";"Business, Management and Accounting; Decision Sciences; Economics, Econometrics and Finance; Engineering"
23;15700;"Journal of Management Information Systems";journal;"1557928X, 07421222";"M.E. Sharpe Inc.";No;No;3,070;Q1;189;48;132;3917;1051;124;6,27;81,60;23,53;2;United States;Northern America;"M.E. Sharpe Inc.";"1987-2025";"Computer Science Applications (Q1); Information Systems and Management (Q1); Management Information Systems (Q1); Management Science and Operations Research (Q1)";"Business, Management and Accounting; Computer Science; Decision Sciences"
24;20037;"International Journal of Management Reviews";journal;"14608545, 14682370";"Wiley-Blackwell Publishing Ltd";No;No;3,049;Q1;151;34;74;5717;887;70;11,80;168,15;50,00;7;United Kingdom;Western Europe;"Wiley-Blackwell Publishing Ltd";"1999-2002, 2004-2026";"Decision Sciences (miscellaneous) (Q1); Management of Technology and Innovation (Q1); Strategy and Management (Q1)";"Business, Management and Accounting; Decision Sciences"
25;21100332429;"Annual Review of Statistics and Its Application";journal;"23268298, 2326831X";"Annual Reviews Inc.";No;No;3,045;Q1;53;29;61;3050;640;61;9,38;105,17;24,68;9;United States;Northern America;"Annual Reviews Inc.";"2014-2025";"Statistics and Probability (Q1); Statistics, Probability and Uncertainty (Q1)";"Decision Sciences; Mathematics"
26;22405;"Production and Operations Management";journal;"10591478, 19375956";"SAGE Publications Inc.";No;No;3,035;Q1;161;227;633;12703;3368;628;4,79;55,96;24,53;12;United States;Northern America;"SAGE Publications Inc.";"1992-2026";"Industrial and Manufacturing Engineering (Q1); Management of Technology and Innovation (Q1); Management Science and Operations Research (Q1)";"Business, Management and Accounting; Decision Sciences; Engineering"
27;19169;"Journal of Operations Management";journal;"18731317, 02726963";"John Wiley &amp; Sons Inc.";No;No;3,009;Q1;238;59;122;4805;883;111;5,92;81,44;20,61;6;Netherlands;Western Europe;"John Wiley &amp; Sons Inc.";"1980-1991, 1993-2026";"Computer Science Applications (Q1); Industrial and Manufacturing Engineering (Q1); Management Science and Operations Research (Q1); Strategy and Management (Q1)";"Business, Management and Accounting; Computer Science; Decision Sciences; Engineering"
28;20909;"Transportation Research Part E: Logistics and Transportation Review";journal;"13665545";"Elsevier Ltd";No;No;2,884;Q1;170;280;796;17394;8623;789;9,07;62,12;29,62;8;United Kingdom;Western Europe;"Elsevier Ltd";"1997-2026";"Business and International Management (Q1); Civil and Structural Engineering (Q1); Management Science and Operations Research (Q1); Transportation (Q1)";"Business, Management and Accounting; Decision Sciences; Engineering; Social Sciences"
29;20893;"Transportation Research Part C: Emerging Technologies";journal;"0968090X";"Elsevier Ltd";No;No;2,860;Q1;214;344;1080;20050;11078;1072;8,78;58,28;27,29;9;United Kingdom;Western Europe;"Elsevier Ltd";"1993-2026";"Automotive Engineering (Q1); Civil and Structural Engineering (Q1); Computer Science Applications (Q1); Management Science and Operations Research (Q1); Transportation (Q1)";"Computer Science; Decision Sciences; Engineering; Social Sciences"
30;22238;"Operations Research";journal;"0030364X, 15265463";"INFORMS Inst.for Operations Res.and the Management Sciences";No;No;2,848;Q1;173;132;400;6302;1299;399;2,70;47,74;15,48;5;United States;Northern America;"INFORMS Inst.for Operations Res.and the Management Sciences";"1965, 1968-2026";"Computer Science Applications (Q1); Management Science and Operations Research (Q1)";"Computer Science; Decision Sciences"
31;12137;"Journal of Statistical Software";journal;"15487660";"University of California at Los Angeles";Yes;Yes;2,709;Q1;199;32;185;1514;1153;184;5,19;47,31;26,13;6;United States;Northern America;"University of California at Los Angeles";"1996-2025";"Software (Q1); Statistics and Probability (Q1); Statistics, Probability and Uncertainty (Q1)";"Computer Science; Decision Sciences; Mathematics"
32;21100787106;"Journal of Industrial Information Integration";journal;"2452414X";"Elsevier B.V.";No;No;2,692;Q1;71;78;173;5376;2683;171;14,10;68,92;28,48;1;Netherlands;Western Europe;"Elsevier B.V.";"2016-2026";"Industrial and Manufacturing Engineering (Q1); Information Systems and Management (Q1)";"Decision Sciences; Engineering"
33;27656;"International Journal of Production Research";journal;"00207543, 1366588X";"Taylor and Francis Ltd.";No;No;2,668;Q1;217;444;1170;28596;13000;1152;8,65;64,41;28,91;28;United Kingdom;Western Europe;"Taylor and Francis Ltd.";"1961, 1963-1968, 1970-2026";"Industrial and Manufacturing Engineering (Q1); Management Science and Operations Research (Q1); Strategy and Management (Q1)";"Business, Management and Accounting; Decision Sciences; Engineering"
34;20892;"Transportation Research Part B: Methodological";journal;"01912615";"Elsevier Ltd";No;No;2,660;Q1;194;114;447;6418;3333;444;6,36;56,30;23,55;3;United Kingdom;Western Europe;"Elsevier Ltd";"1979-2026";"Civil and Structural Engineering (Q1); Management Science and Operations Research (Q1); Transportation (Q1)";"Decision Sciences; Engineering; Social Sciences"
35;21915;"Omega (United Kingdom)";journal;"03050483";"Elsevier B.V.";No;No;2,647;Q1;183;138;495;7830;3867;493;7,52;56,74;32,02;5;United Kingdom;Western Europe;"Elsevier B.V.";"1973-2026";"Information Systems and Management (Q1); Management Science and Operations Research (Q1); Strategy and Management (Q1)";"Business, Management and Accounting; Decision Sciences"
36;21101092899;"Communications in Transportation Research";journal;"27724247";"Tsinghua University Press";Yes;No;2,609;Q1;36;22;53;1339;575;44;10,85;60,86;37,65;2;China;Asiatic Region;"Tsinghua University Press";"2021-2025";"Control and Systems Engineering (Q1); Decision Sciences (miscellaneous) (Q1); Transportation (Q1)";"Decision Sciences; Engineering; Social Sciences"
37;12303;"Information and Management";journal;"03787206";"Elsevier B.V.";No;No;2,594;Q1;214;94;357;9781;4145;352;9,29;104,05;38,64;3;Netherlands;Western Europe;"Elsevier B.V.";"1977-2026";"Information Systems (Q1); Information Systems and Management (Q1); Management Information Systems (Q1)";"Business, Management and Accounting; Computer Science; Decision Sciences"
38;20039;"International Journal of Operations and Production Management";journal;"17586593, 01443577";"Emerald Group Publishing Ltd.";No;No;2,543;Q1;177;87;256;7684;2367;249;7,55;88,32;28,74;0;United Kingdom;Western Europe;"Emerald Group Publishing Ltd.";"1985, 1993-2026";"Decision Sciences (miscellaneous) (Q1); Management of Technology and Innovation (Q1); Strategy and Management (Q1)";"Business, Management and Accounting; Decision Sciences"
39;19700201522;"Journal of Business Logistics";journal;"21581592, 07353766";"John Wiley &amp; Sons Inc.";No;No;2,504;Q1;107;32;77;3574;739;63;10,87;111,69;29,21;9;United States;Northern America;"John Wiley &amp; Sons Inc.";"2001-2026";"Business, Management and Accounting (miscellaneous) (Q1); Management Science and Operations Research (Q1)";"Business, Management and Accounting; Decision Sciences"
40;21100933954;"Big Data and Society";journal;"20539517";"SAGE Publications Ltd";Yes;No;2,448;Q1;89;118;272;7280;2371;218;6,86;61,69;48,54;22;United Kingdom;Western Europe;"SAGE Publications Ltd";"2014-2026";"Communication (Q1); Computer Science Applications (Q1); Information Systems (Q1); Information Systems and Management (Q1); Library and Information Sciences (Q1)";"Computer Science; Decision Sciences; Social Sciences"
41;21100905330;"Research Policy: X";journal;"25901451";"Elsevier B.V.";Yes;No;2,428;Q1;3;0;1;0;15;1;0,00;0,00;0,00;0;Netherlands;Western Europe;"Elsevier B.V.";"2019-2020";"Management of Technology and Innovation (Q1); Management Science and Operations Research (Q1); Strategy and Management (Q1)";"Business, Management and Accounting; Decision Sciences"
42;25829;"Probability Theory and Related Fields";journal;"01788051, 14322064";"Springer New York";No;No;2,326;Q1;100;75;223;2723;436;221;1,62;36,31;15,64;1;Germany;Western Europe;"Springer New York";"1986-2026";"Analysis (Q1); Statistics and Probability (Q1); Statistics, Probability and Uncertainty (Q1)";"Decision Sciences; Mathematics"
43;22489;"European Journal of Operational Research";journal;"03772217";"Elsevier B.V.";No;No;2,321;Q1;333;703;1941;38041;13711;1932;6,79;54,11;26,68;16;Netherlands;Western Europe;"Elsevier B.V.";"1977-2026";"Computer Science (miscellaneous) (Q1); Industrial and Manufacturing Engineering (Q1); Information Systems and Management (Q1); Management Science and Operations Research (Q1); Modeling and Simulation (Q1)";"Computer Science; Decision Sciences; Engineering; Mathematics"
44;15134;"Information Sciences";journal;"00200255";"Elsevier Inc.";No;No;2,238;Q1;255;1360;3552;61106;29573;3541;7,89;44,93;30,89;8;United States;Northern America;"Elsevier Inc.";"1968-2026";"Artificial Intelligence (Q1); Computer Science Applications (Q1); Control and Systems Engineering (Q1); Information Systems and Management (Q1); Software (Q1); Theoretical Computer Science (Q1)";"Computer Science; Decision Sciences; Engineering; Mathematics"
45;14756;"Statistical Science";journal;"08834237, 21688745";"Institute of Mathematical Statistics";No;No;2,221;Q1;132;42;142;2438;556;140;3,84;58,05;27,45;0;United States;Northern America;"Institute of Mathematical Statistics";"1986-2025";"Mathematics (miscellaneous) (Q1); Statistics and Probability (Q1); Statistics, Probability and Uncertainty (Q1)";"Decision Sciences; Mathematics"
46;24772;"Knowledge-Based Systems";journal;"09507051";"Elsevier B.V.";No;No;2,219;Q1;206;896;2840;49715;26185;2839;8,61;55,49;30,29;6;Netherlands;Western Europe;"Elsevier B.V.";"1987-2026";"Artificial Intelligence (Q1); Information Systems and Management (Q1); Management Information Systems (Q1); Software (Q1)";"Business, Management and Accounting; Computer Science; Decision Sciences"
47;21933;"Decision Support Systems";journal;"01679236";"Elsevier B.V.";No;No;2,211;Q1;203;92;339;5936;3050;336;7,71;64,52;29,65;2;Netherlands;Western Europe;"Elsevier B.V.";"1985-2026";"Arts and Humanities (miscellaneous) (Q1); Developmental and Educational Psychology (Q1); Information Systems (Q1); Information Systems and Management (Q1); Management Information Systems (Q1)";"Arts and Humanities; Business, Management and Accounting; Computer Science; Decision Sciences; Psychology"
48;28094;"Accounting, Organizations and Society";journal;"03613682";"Elsevier Ltd";No;No;2,208;Q1;170;34;111;2918;552;108;3,64;85,82;41,67;5;United Kingdom;Western Europe;"Elsevier Ltd";"1976-2026";"Accounting (Q1); Applied Psychology (Q1); Information Systems and Management (Q1); Organizational Behavior and Human Resource Management (Q1); Sociology and Political Science (Q1)";"Business, Management and Accounting; Decision Sciences; Psychology; Social Sciences"
49;20891;"Transportation Research Part A: Policy and Practice";journal;"09658564";"Elsevier Ltd";No;No;2,182;Q1;199;247;837;15157;6516;830;6,71;61,36;32,28;30;United Kingdom;Western Europe;"Elsevier Ltd";"1992-2026";"Aerospace Engineering (Q1); Business, Management and Accounting (miscellaneous) (Q1); Civil and Structural Engineering (Q1); Management Science and Operations Research (Q1); Transportation (Q1)";"Business, Management and Accounting; Decision Sciences; Engineering; Social Sciences"
50;21926;"Decision Sciences";journal;"00117315, 15405915";"Wiley-Blackwell Publishing Ltd";No;No;2,145;Q1;134;34;134;2130;1039;133;4,97;62,65;23,71;0;United Kingdom;Western Europe;"Wiley-Blackwell Publishing Ltd";"1970-2026";"Business, Management and Accounting (miscellaneous) (Q1); Information Systems and Management (Q1); Management of Technology and Innovation (Q1); Strategy and Management (Q1)";"Business, Management and Accounting; Decision Sciences"
51;21101081610;"International Journal of Information Management Data Insights";journal;"26670968";"Elsevier B.V.";Yes;No;2,137;Q1;61;65;137;5733;2164;137;15,80;88,20;25,65;2;Netherlands;Western Europe;"Elsevier B.V.";"2021-2026";"Artificial Intelligence (Q1); Industrial and Manufacturing Engineering (Q1); Information Systems (Q1); Information Systems and Management (Q1); Library and Information Sciences (Q1); Management Information Systems (Q1)";"Business, Management and Accounting; Computer Science; Decision Sciences; Engineering; Social Sciences"
52;12689;"Information Processing and Management";journal;"18735371, 03064573";"Elsevier Ltd";No;No;2,134;Q1;149;354;777;22454;8502;767;10,80;63,43;33,85;10;United Kingdom;Western Europe;"Elsevier Ltd";"1975-2026";"Computer Science Applications (Q1); Information Systems (Q1); Library and Information Sciences (Q1); Management Science and Operations Research (Q1); Media Technology (Q1)";"Computer Science; Decision Sciences; Engineering; Social Sciences"
53;21100791292;"Journal of Big Data";journal;"21961115";"Springer Nature";Yes;No;2,068;Q1;108;179;391;10811;5544;391;13,32;60,40;27,20;5;Switzerland;Western Europe;"Springer Nature";"2014-2026";"Computer Networks and Communications (Q1); Hardware and Architecture (Q1); Information Systems (Q1); Information Systems and Management (Q1)";"Computer Science; Decision Sciences"
54;18658;"Production Planning and Control";journal;"09537287, 13665871";"Taylor and Francis Ltd.";No;No;2,020;Q1;121;102;273;9067;3001;265;10,36;88,89;28,31;10;United Kingdom;Western Europe;"Taylor and Francis Ltd.";"1990-2026";"Computer Science Applications (Q1); Industrial and Manufacturing Engineering (Q1); Management Science and Operations Research (Q1); Strategy and Management (Q1)";"Business, Management and Accounting; Computer Science; Decision Sciences; Engineering"
55;18300156728;"IEEE Transactions on Services Computing";journal;"19391374";"Institute of Electrical and Electronics Engineers Inc.";No;No;2,002;Q1;102;337;517;15144;3500;513;5,82;44,94;28,07;0;United States;Northern America;"Institute of Electrical and Electronics Engineers Inc.";"2008-2026";"Computer Networks and Communications (Q1); Computer Science Applications (Q1); Hardware and Architecture (Q1); Information Systems and Management (Q1)";"Computer Science; Decision Sciences"
56;29170;"Critical Perspectives on Accounting";journal;"10452354, 10959955";"Academic Press";No;No;1,941;Q1;97;75;139;7236;949;125;7,04;96,48;46,05;4;United States;Northern America;"Academic Press";"1990-2026";"Accounting (Q1); Finance (Q1); Information Systems and Management (Q1); Sociology and Political Science (Q1)";"Business, Management and Accounting; Decision Sciences; Economics, Econometrics and Finance; Social Sciences"
57;21100451321;"Scientific Data";journal;"20524463";"Nature Research";Yes;No;1,937;Q1;165;893;1476;45240;12344;136;6,05;50,66;34,42;102;United Kingdom;Western Europe;"Nature Research";"2014-2026";"Computer Science Applications (Q1); Education (Q1); Information Systems (Q1); Library and Information Sciences (Q1); Statistics and Probability (Q1); Statistics, Probability and Uncertainty (Q1)";"Computer Science; Decision Sciences; Mathematics; Social Sciences"
58;21101019393;"IEEE Transactions on Big Data";journal;"23327790";"Institute of Electrical and Electronics Engineers Inc.";No;No;1,821;Q1;44;124;179;7433;1577;172;9,17;59,94;26,33;0;United States;Northern America;"Institute of Electrical and Electronics Engineers Inc.";"2015, 2018-2026";"Information Systems (Q1); Information Systems and Management (Q1)";"Computer Science; Decision Sciences"
59;21101101329;"International Journal of Cognitive Computing in Engineering";journal;"26663074";"KeAi Communications Co.";Yes;No;1,810;Q1;33;36;58;1641;670;57;13,00;45,58;30,00;2;China;Asiatic Region;"KeAi Communications Co.";"2020-2026";"Computer Science Applications (Q1); Engineering (miscellaneous) (Q1); Information Systems (Q1); Information Systems and Management (Q1)";"Computer Science; Decision Sciences; Engineering"
60;22902;"Oxford Bulletin of Economics and Statistics";journal;"03059049, 14680084";"Wiley-Blackwell Publishing Ltd";No;No;1,790;Q1;93;49;176;2452;531;176;2,11;50,04;19,17;22;United Kingdom;Western Europe;"Wiley-Blackwell Publishing Ltd";"1973-2026";"Economics and Econometrics (Q1); Social Sciences (miscellaneous) (Q1); Statistics and Probability (Q1); Statistics, Probability and Uncertainty (Q1)";"Decision Sciences; Economics, Econometrics and Finance; Mathematics; Social Sciences"
61;21100198229;"Statistics Surveys";journal;"19357516";"Institute of Mathematical Statistics";Yes;No;1,757;Q1;28;6;13;839;159;13;14,60;139,83;31,58;0;United States;Northern America;"Institute of Mathematical Statistics";"2007-2026";"Statistics and Probability (Q1); Statistics, Probability and Uncertainty (Q1)";"Decision Sciences; Mathematics"
62;21101044833;"Decision Making: Applications in Management and Engineering";journal;"26200104, 25606018";"Regional Association for Security and crisis management";Yes;No;1,716;Q1;46;74;76;3537;862;76;11,50;47,80;25,93;0;Serbia;Eastern Europe;"Regional Association for Security and crisis management";"2018-2025";"Decision Sciences (miscellaneous) (Q1)";"Decision Sciences"
63;21101033050;"Journal of Global Economic Analysis";journal;"23772999";"Purdue University, Department of Agricultural Economics";No;No;1,716;Q1;19;7;24;185;70;24;2,15;26,43;8,33;0;United States;Northern America;"Purdue University, Department of Agricultural Economics";"2016-2025";"Applied Mathematics (Q1); Economics and Econometrics (Q1); Statistics, Probability and Uncertainty (Q1)";"Decision Sciences; Economics, Econometrics and Finance; Mathematics"
64;18164;"Computers and Industrial Engineering";journal;"03608352";"Elsevier Ltd";No;No;1,701;-;187;800;2199;43287;18494;2186;7,62;54,11;29,72;13;United Kingdom;Western Europe;"Elsevier Ltd";"1976-2026";"Computer Science (miscellaneous) (Q1); Engineering (miscellaneous) (Q1)";"Computer Science; Engineering"
65;21283;"Management Learning";journal;"14617307, 13505076";"SAGE Publications Ltd";No;No;1,682;Q1;96;40;107;3135;416;103;3,03;78,38;50,00;1;United Kingdom;Western Europe;"SAGE Publications Ltd";"1970-2026";"Decision Sciences (miscellaneous) (Q1); Management of Technology and Innovation (Q1); Strategy and Management (Q1)";"Business, Management and Accounting; Decision Sciences"
66;130065;"Journal of Enterprise Information Management";journal;"17410398";"Emerald Publishing";No;No;1,648;Q1;100;71;225;6029;2154;219;9,03;84,92;29,00;0;United Kingdom;Western Europe;"Emerald Publishing";"2004-2026";"Decision Sciences (miscellaneous) (Q1); Information Systems (Q1); Library and Information Sciences (Q1); Management of Technology and Innovation (Q1)";"Business, Management and Accounting; Computer Science; Decision Sciences; Social Sciences"
67;20292;"Ecological Indicators";journal;"1470160X";"Elsevier B.V.";Yes;No;1,633;Q1;222;1530;3836;103827;29774;3818;7,69;67,86;37,48;65;Netherlands;Western Europe;"Elsevier B.V.";"2001-2026";"Decision Sciences (miscellaneous) (Q1); Ecology (Q1); Ecology, Evolution, Behavior and Systematics (Q1)";"Agricultural and Biological Sciences; Decision Sciences; Environmental Science"
68;21101107945;"Sustainable Operations and Computers";journal;"26664127";"KeAi Communications Co.";Yes;No;1,628;Q1;32;20;59;1216;864;59;14,46;60,80;27,78;2;China;Asiatic Region;"KeAi Communications Co.";"2020-2026";"Computer Science Applications (Q1); Global and Planetary Change (Q1); Industrial and Manufacturing Engineering (Q1); Management Science and Operations Research (Q1); Renewable Energy, Sustainability and the Environment (Q1)";"Computer Science; Decision Sciences; Energy; Engineering; Environmental Science"
69;24710;"Annals of Applied Probability";journal;"10505164";"Institute of Mathematical Statistics";No;No;1,620;Q1;98;155;303;6472;570;303;1,58;41,75;15,68;0;United States;Northern America;"Institute of Mathematical Statistics";"1996-2025";"Statistics and Probability (Q1); Statistics, Probability and Uncertainty (Q1)";"Decision Sciences; Mathematics"
70;28632;"Biostatistics";journal;"14654644, 14684357";"Oxford University Press";No;No;1,576;Q1;100;64;196;2388;495;195;2,14;37,31;29,49;3;United Kingdom;Western Europe;"Oxford University Press";"2003-2026";"Medicine (miscellaneous) (Q1); Statistics and Probability (Q1); Statistics, Probability and Uncertainty (Q1)";"Decision Sciences; Mathematics; Medicine"
71;24355;"Computers and Operations Research";journal;"03050548, 1873765X";"Elsevier Ltd";No;No;1,574;Q1;202;283;792;13842;4514;790;5,09;48,91;25,96;0;United Kingdom;Western Europe;"Elsevier Ltd";"1974-2026";"Computer Science (miscellaneous) (Q1); Management Science and Operations Research (Q1); Modeling and Simulation (Q1)";"Computer Science; Decision Sciences; Mathematics"
72;23212;"Annales de l'institut Henri Poincare (B) Probability and Statistics";journal;"02460203";"Institute of Mathematical Statistics";No;No;1,555;Q1;60;80;282;3155;422;282;1,43;39,44;13,66;0;Netherlands;Western Europe;"Institute of Mathematical Statistics";"1997-2025";"Statistics and Probability (Q1); Statistics, Probability and Uncertainty (Q1)";"Decision Sciences; Mathematics"
73;11700154366;"Journal of Leadership and Organizational Studies";journal;"19397089, 15480518";"SAGE Publications Inc.";No;No;1,549;Q1;74;27;84;2516;491;83;4,78;93,19;41,94;0;United States;Northern America;"SAGE Publications Inc.";"1996-1999, 2003, 2008-2026";"Business and International Management (Q1); Management Science and Operations Research (Q1); Organizational Behavior and Human Resource Management (Q1); Sociology and Political Science (Q1); Strategy and Management (Q1)";"Business, Management and Accounting; Decision Sciences; Social Sciences"
74;21100856611;"Journal of Responsible Innovation";journal;"23299460, 23299037";"Taylor and Francis Ltd.";Yes;No;1,531;Q1;46;45;109;3266;588;93;5,25;72,58;47,83;6;United Kingdom;Western Europe;"Taylor and Francis Ltd.";"2014-2026";"Information Systems and Management (Q1); Management of Technology and Innovation (Q1); Strategy and Management (Q1)";"Business, Management and Accounting; Decision Sciences"
75;23863;"Journal of Computational and Graphical Statistics";journal;"10618600, 15372715";"Taylor and Francis Ltd.";No;No;1,530;Q1;114;131;281;5481;656;273;1,92;41,84;27,00;1;United Kingdom;Western Europe;"Taylor and Francis Ltd.";"1992-2026";"Discrete Mathematics and Combinatorics (Q1); Statistics and Probability (Q1); Statistics, Probability and Uncertainty (Q1)";"Decision Sciences; Mathematics"
76;7000153205;"Journal of Environmental Informatics";journal;"17262135, 16848799";"International Society for Environmental Information Sciences";No;No;1,491;Q1;41;24;65;1379;365;65;6,74;57,46;31,19;0;Canada;Northern America;"International Society for Environmental Information Sciences";"2007-2025";"Computer Science Applications (Q1); Decision Sciences (miscellaneous) (Q1); Environmental Science (miscellaneous) (Q1)";"Computer Science; Decision Sciences; Environmental Science"
77;21100943534;"Transportation Research Interdisciplinary Perspectives";journal;"25901982";"Elsevier Ltd";Yes;No;1,484;Q1;68;228;596;13828;4363;592;4,88;60,65;36,06;33;United Kingdom;Western Europe;"Elsevier Ltd";"2019-2026";"Automotive Engineering (Q1); Civil and Structural Engineering (Q1); Environmental Science (miscellaneous) (Q1); Geography, Planning and Development (Q1); Management Science and Operations Research (Q1); Transportation (Q1); Urban Studies (Q1)";"Decision Sciences; Engineering; Environmental Science; Social Sciences"
78;21100797724;"Journal of Survey Statistics and Methodology";journal;"23250992, 23250984";"Oxford University Press";No;No;1,480;Q1;29;50;158;1894;365;155;1,59;37,88;36,60;23;United States;Northern America;"Oxford University Press";"2013-2025";"Applied Mathematics (Q1); Social Sciences (miscellaneous) (Q1); Statistics and Probability (Q1); Statistics, Probability and Uncertainty (Q1)";"Decision Sciences; Mathematics; Social Sciences"
79;12512;"Journal of Management in Engineering";journal;"19435479, 0742597X";"American Society of Civil Engineers (ASCE)";No;No;1,475;Q1;112;74;368;5449;2403;365;5,80;73,64;26,44;0;United States;Northern America;"American Society of Civil Engineers (ASCE)";"1985-2026";"Engineering (miscellaneous) (Q1); Industrial Relations (Q1); Management Science and Operations Research (Q1); Strategy and Management (Q1)";"Business, Management and Accounting; Decision Sciences; Engineering"
80;21101092534;"Data Science and Management";journal;"26667649";"KeAi Communications Co.";Yes;Yes;1,432;Q1;27;24;45;1290;400;41;8,89;53,75;38,96;0;China;Asiatic Region;"KeAi Communications Co.";"2021-2025";"Artificial Intelligence (Q1); Computer Science Applications (Q1); Information Systems (Q1); Information Systems and Management (Q1); Management Information Systems (Q1); Management Science and Operations Research (Q1)";"Business, Management and Accounting; Computer Science; Decision Sciences"
81;12100156754;"Sport Management Review";journal;"14413523";"Taylor and Francis Ltd.";No;No;1,429;Q1;93;38;149;2598;710;148;3,97;68,37;42,31;6;United Kingdom;Western Europe;"Taylor and Francis Ltd.";"1998-2026";"Business and International Management (Q1); Management Science and Operations Research (Q1); Marketing (Q1); Organizational Behavior and Human Resource Management (Q1); Sports Science (Q1); Strategy and Management (Q1); Tourism, Leisure and Hospitality Management (Q1)";"Business, Management and Accounting; Decision Sciences; Health Professions"
82;26398;"Electronic Journal of Probability";journal;"10836489";"Institute of Mathematical Statistics";Yes;No;1,419;Q1;58;169;462;5995;587;462;1,22;35,47;16,83;0;United States;Northern America;"Institute of Mathematical Statistics";"1996-2026";"Statistics and Probability (Q1); Statistics, Probability and Uncertainty (Q1)";"Decision Sciences; Mathematics"
83;27677;"Journal of Manufacturing Processes";journal;"15266125";"Elsevier B.V.";No;No;1,390;Q1;124;962;2358;45771;16232;2356;6,64;47,58;23,71;2;Netherlands;Western Europe;"Elsevier B.V.";"1999-2026";"Industrial and Manufacturing Engineering (Q1); Management Science and Operations Research (Q1); Strategy and Management (Q1)";"Business, Management and Accounting; Decision Sciences; Engineering"
84;15700154705;"Operations Management Research";journal;"19369743, 19369735";"Springer New York";No;No;1,377;Q1;57;113;109;10091;1080;107;10,35;89,30;21,84;6;United States;Northern America;"Springer New York";"2008-2026";"Industrial and Manufacturing Engineering (Q1); Management of Technology and Innovation (Q1); Management Science and Operations Research (Q1); Strategy and Management (Q1)";"Business, Management and Accounting; Decision Sciences; Engineering"
85;14189;"Statistica Sinica";journal;"10170405";"Institute of Statistical Science";No;No;1,368;Q1;93;122;312;4108;427;310;1,18;33,67;32,76;1;Taiwan;Asiatic Region;"Institute of Statistical Science";"1996-2024";"Statistics and Probability (Q1); Statistics, Probability and Uncertainty (Q1)";"Decision Sciences; Mathematics"
86;5100155103;"Journal of Informetrics";journal;"18755879, 17511577";"Elsevier B.V.";No;No;1,355;Q1;107;81;266;4584;1092;264;3,87;56,59;33,33;3;Netherlands;Western Europe;"Elsevier B.V.";"2007-2026";"Applied Mathematics (Q1); Computer Science Applications (Q1); Library and Information Sciences (Q1); Management Science and Operations Research (Q1); Modeling and Simulation (Q1); Statistics and Probability (Q1)";"Computer Science; Decision Sciences; Mathematics; Social Sciences"
87;11200153507;"Journal of Mixed Methods Research";journal;"15586898, 15586901";"SAGE Publications Ltd";No;No;1,340;Q1;78;25;95;1081;409;70;3,47;43,24;40,00;3;United States;Northern America;"SAGE Publications Ltd";"2007-2026";"Education (Q1); Social Sciences (miscellaneous) (Q1); Statistics, Probability and Uncertainty (Q1)";"Decision Sciences; Social Sciences"
88;20654;"Journal of Managerial Psychology";journal;"02683946";"Emerald Group Publishing Ltd.";No;No;1,337;Q1;110;44;134;2404;510;127;2,99;54,64;46,27;0;United Kingdom;Western Europe;"Emerald Group Publishing Ltd.";"1986-2026";"Applied Psychology (Q1); Management Science and Operations Research (Q1); Organizational Behavior and Human Resource Management (Q1); Social Psychology (Q1)";"Business, Management and Accounting; Decision Sciences; Psychology"
89;11400153310;"International Journal of Logistics Research and Applications";journal;"13675567, 1469848X";"Taylor and Francis Ltd.";No;No;1,322;Q1;71;76;135;6089;1252;132;9,85;80,12;28,87;9;United Kingdom;Western Europe;"Taylor and Francis Ltd.";"2003-2026";"Business and International Management (Q1); Computer Science Applications (Q1); Control and Systems Engineering (Q1); Information Systems (Q1); Management Information Systems (Q1); Management of Technology and Innovation (Q1); Management Science and Operations Research (Q1); Strategy and Management (Q1)";"Business, Management and Accounting; Computer Science; Decision Sciences; Engineering"
90;18291;"Socio-Economic Planning Sciences";journal;"00380121";"Elsevier Ltd";No;No;1,315;Q1;83;268;545;17429;3460;537;6,52;65,03;36,43;28;United Kingdom;Western Europe;"Elsevier Ltd";"1967-2026";"Economics and Econometrics (Q1); Geography, Planning and Development (Q1); Management Science and Operations Research (Q1); Statistics, Probability and Uncertainty (Q1); Strategy and Management (Q1)";"Business, Management and Accounting; Decision Sciences; Economics, Econometrics and Finance; Social Sciences"
91;12277;"Management Accounting Research";journal;"10445005, 10961224";"Academic Press";No;No;1,276;Q1;109;15;50;1148;252;49;4,42;76,53;33,33;0;United States;Northern America;"Academic Press";"1990-2026";"Accounting (Q1); Finance (Q1); Information Systems and Management (Q1)";"Business, Management and Accounting; Decision Sciences; Economics, Econometrics and Finance"
92;25040;"INFORMS Journal on Computing";journal;"10919856, 15265528";"INFORMS Inst.for Operations Res.and the Management Sciences";No;No;1,264;Q1;99;76;368;3350;893;356;2,14;44,08;21,66;1;United States;Northern America;"INFORMS Inst.for Operations Res.and the Management Sciences";"1996-2001, 2003-2026";"Computer Science Applications (Q1); Information Systems (Q1); Management Science and Operations Research (Q1); Software (Q1)";"Computer Science; Decision Sciences"
93;21100886542;"Journal of Management Analytics";journal;"23270039, 23270012";"Taylor and Francis Ltd.";No;No;1,262;Q1;41;25;85;1549;687;85;5,16;61,96;36,76;0;United Kingdom;Western Europe;"Taylor and Francis Ltd.";"2014-2026";"Business, Management and Accounting (miscellaneous) (Q1); Statistics and Probability (Q1); Statistics, Probability and Uncertainty (Q1)";"Business, Management and Accounting; Decision Sciences; Mathematics"
94;15961;"Naval Research Logistics";journal;"15206750, 0894069X";"John Wiley &amp; Sons Inc.";No;No;1,260;Q1;80;55;175;2286;461;173;2,06;41,56;29,87;0;United States;Northern America;"John Wiley &amp; Sons Inc.";"1973-1978, 1987-2026";"Management Science and Operations Research (Q1); Modeling and Simulation (Q1); Ocean Engineering (Q1)";"Decision Sciences; Engineering; Mathematics"
95;19900192726;"Electronic Journal of Statistics";journal;"19357524";"Institute of Mathematical Statistics";Yes;No;1,256;Q1;68;94;419;4143;490;418;1,04;44,07;24,89;0;United States;Northern America;"Institute of Mathematical Statistics";"2007-2026";"Statistics and Probability (Q1); Statistics, Probability and Uncertainty (Q1)";"Decision Sciences; Mathematics"
96;19700182731;"Egyptian Informatics Journal";journal;"11108665, 20904754";"Elsevier B.V.";Yes;No;1,220;Q1;56;59;132;2774;1073;132;8,36;47,02;29,26;1;Netherlands;Western Europe;"Elsevier B.V.";"2010-2026";"Computer Science Applications (Q1); Information Systems (Q1); Management Science and Operations Research (Q1)";"Computer Science; Decision Sciences"
97;22140;"Mathematics of Operations Research";journal;"15265471, 0364765X";"INFORMS Inst.for Operations Res.and the Management Sciences";Yes;No;1,215;Q1;99;93;268;3934;560;268;1,97;42,30;15,83;0;United States;Northern America;"INFORMS Inst.for Operations Res.and the Management Sciences";"1976-1992, 1994-2026";"Computer Science Applications (Q1); Management Science and Operations Research (Q1); Mathematics (miscellaneous) (Q1)";"Computer Science; Decision Sciences; Mathematics"
98;21101036141;"Journal of Management Science and Engineering";journal;"20962320, 25895532";"KeAi Communications Co.";Yes;Yes;1,214;Q1;29;32;86;1458;558;84;6,42;45,56;24,30;0;China;Asiatic Region;"KeAi Communications Co.";"2016-2026";"Business and International Management (Q1); Control and Systems Engineering (Q1); Decision Sciences (miscellaneous) (Q1); Engineering (miscellaneous) (Q1); Management Information Systems (Q1); Management of Technology and Innovation (Q1); Strategy and Management (Q1)";"Business, Management and Accounting; Decision Sciences; Engineering"
99;21078;"Journal of Sport Management";journal;"1543270X, 08884773";"Human Kinetics Publishers Inc.";No;No;1,174;Q1;96;41;148;2350;489;147;2,54;57,32;36,63;1;United States;Northern America;"Human Kinetics Publishers Inc.";"1987, 1989, 1995-2026";"Decision Sciences (miscellaneous) (Q1); Organizational Behavior and Human Resource Management (Q1); Orthopedics and Sports Medicine (Q1); Physical Therapy, Sports Therapy and Rehabilitation (Q1); Sports Science (Q1)";"Business, Management and Accounting; Decision Sciences; Health Professions; Medicine"
100;21100899442;"Comparative Migration Studies";journal;"2214594X";"SpringerOpen";Yes;No;1,168;Q1;45;31;151;1737;651;133;4,39;56,03;54,29;8;Switzerland;Western Europe;"SpringerOpen";"2013-2026";"Demography (Q1); Geography, Planning and Development (Q1); Law (Q1); Sociology and Political Science (Q1); Statistics, Probability and Uncertainty (Q1)";"Decision Sciences; Social Sciences"
101;21101061990;"Journal of Applied Structural Equation Modeling";journal;"25904221";"Sarawak Research Society";Yes;Yes;1,153;Q1;16;10;32;953;246;32;3,81;95,30;27,27;0;Malaysia;Asiatic Region;"Sarawak Research Society";"2017-2025";"Business, Management and Accounting (miscellaneous) (Q1); Management Science and Operations Research (Q1); Statistics, Probability and Uncertainty (Q1)";"Business, Management and Accounting; Decision Sciences"
102;144656;"Management Decision";journal;"00251747";"Emerald Group Publishing Ltd.";No;No;1,144;Q1;147;200;453;18174;2493;437;4,40;90,87;33,51;0;United Kingdom;Western Europe;"Emerald Group Publishing Ltd.";"1967-2026";"Business, Management and Accounting (miscellaneous) (Q1); Management Science and Operations Research (Q1)";"Business, Management and Accounting; Decision Sciences"
103;29806;"International Journal of Accounting Information Systems";journal;"14670895";"Elsevier Inc.";No;No;1,127;Q1;74;27;59;1997;431;58;6,66;73,96;25,93;2;United States;Northern America;"Elsevier Inc.";"2000-2026";"Accounting (Q1); Finance (Q1); Information Systems and Management (Q1); Management Information Systems (Q1)";"Business, Management and Accounting; Decision Sciences; Economics, Econometrics and Finance"
104;21100197952;"Journal of Rail Transport Planning and Management";journal;"22109706";"Elsevier B.V.";No;No;1,117;Q1;39;35;93;1351;415;90;3,09;38,60;17,54;2;Netherlands;Western Europe;"Elsevier B.V.";"2011-2026";"Civil and Structural Engineering (Q1); Computer Science Applications (Q1); Management Science and Operations Research (Q1); Modeling and Simulation (Q1); Transportation (Q2)";"Computer Science; Decision Sciences; Engineering; Mathematics; Social Sciences"
105;18111;"Insurance: Mathematics and Economics";journal;"01676687";"Elsevier B.V.";No;No;1,113;Q1;95;64;322;2737;659;319;1,90;42,77;29,49;1;Netherlands;Western Europe;"Elsevier B.V.";"1982-2026";"Economics and Econometrics (Q1); Statistics and Probability (Q1); Statistics, Probability and Uncertainty (Q1)";"Decision Sciences; Economics, Econometrics and Finance; Mathematics"
106;21101021638;"Stochastic Systems";journal;"19465238";"INFORMS Inst.for Operations Res.and the Management Sciences";Yes;Yes;1,110;Q1;11;17;46;748;86;46;1,45;44,00;13,95;0;United States;Northern America;"INFORMS Inst.for Operations Res.and the Management Sciences";"2019-2025";"Management Science and Operations Research (Q1); Modeling and Simulation (Q1); Statistics and Probability (Q1); Statistics, Probability and Uncertainty (Q1)";"Decision Sciences; Mathematics"
107;20500195043;"Research in Transportation Business and Management";journal;"22105395";"Elsevier B.V.";No;No;1,100;Q1;65;133;321;8467;1559;311;4,60;63,66;31,96;13;Netherlands;Western Europe;"Elsevier B.V.";"2011-2026";"Business and International Management (Q1); Decision Sciences (miscellaneous) (Q1); Economics, Econometrics and Finance (miscellaneous) (Q1); Management Science and Operations Research (Q1); Strategy and Management (Q1); Tourism, Leisure and Hospitality Management (Q1); Transportation (Q2)";"Business, Management and Accounting; Decision Sciences; Economics, Econometrics and Finance; Social Sciences"
108;21100862198;"EURO Journal on Transportation and Logistics";journal;"21924384, 21924376";"Elsevier B.V.";Yes;No;1,085;Q1;33;21;68;885;201;62;2,55;42,14;23,21;0;Netherlands;Western Europe;"Elsevier B.V.";"2013-2026";"Management Science and Operations Research (Q1); Modeling and Simulation (Q1); Transportation (Q2)";"Decision Sciences; Mathematics; Social Sciences"
109;19400157006;"Judgment and Decision Making";journal;"19302975";"Society for Judgment and Decision making";Yes;No;1,062;Q1;82;34;193;1752;478;190;1,85;51,53;27,18;2;United States;Northern America;"Society for Judgment and Decision making";"2007-2026";"Decision Sciences (miscellaneous) (Q1); Economics and Econometrics (Q1); Applied Psychology (Q2)";"Decision Sciences; Economics, Econometrics and Finance; Psychology"
110;21100307484;"Journal of the Association for Information Science and Technology";journal;"23301643, 23301635";"John Wiley and Sons Ltd";No;No;1,060;Q1;181;101;334;6271;1496;325;4,04;62,09;41,70;8;United Kingdom;Western Europe;"John Wiley and Sons Ltd";"2014-2026";"Computer Networks and Communications (Q1); Information Systems (Q1); Information Systems and Management (Q1); Library and Information Sciences (Q1)";"Computer Science; Decision Sciences; Social Sciences"
111;19700186711;"Decision Analysis";journal;"15458504, 15458490";"INFORMS Institute for Operations Research and the Management Sciences";No;No;1,057;Q2;34;20;60;1236;123;56;2,24;61,80;39,44;4;United States;Northern America;"INFORMS Institute for Operations Research and the Management Sciences";"2006, 2010-2025";"Decision Sciences (miscellaneous) (Q2)";"Decision Sciences"
112;12068;"International Statistical Review";journal;"03067734, 17515823";"John Wiley &amp; Sons Inc.";No;No;1,048;Q1;69;22;122;1222;241;100;2,12;55,55;20,31;1;United States;Northern America;"John Wiley &amp; Sons Inc.";"1982, 1985, 1987, 1990, 1992-1994, 1996-2026";"Statistics and Probability (Q1); Statistics, Probability and Uncertainty (Q1)";"Decision Sciences; Mathematics"
113;22236;"Journal of the Operational Research Society";journal;"01605682, 14769360";"Taylor and Francis Ltd.";No;No;1,045;Q1;134;162;511;7271;1911;507;3,48;44,88;30,66;1;United Kingdom;Western Europe;"Taylor and Francis Ltd.";"1978-2026";"Management Information Systems (Q1); Management Science and Operations Research (Q1); Modeling and Simulation (Q1); Statistics, Probability and Uncertainty (Q1); Strategy and Management (Q1); Marketing (Q2)";"Business, Management and Accounting; Decision Sciences; Mathematics"
114;21100830444;"SIAM-ASA Journal on Uncertainty Quantification";journal;"21662525";"Society for Industrial and Applied Mathematics Publications";No;No;1,043;Q1;43;46;167;2139;401;167;2,37;46,50;12,30;0;United States;Northern America;"Society for Industrial and Applied Mathematics Publications";"2013-2026";"Applied Mathematics (Q1); Discrete Mathematics and Combinatorics (Q1); Modeling and Simulation (Q1); Statistics and Probability (Q1); Statistics, Probability and Uncertainty (Q1)";"Decision Sciences; Mathematics"
115;20575;"Journal of Engineering and Technology Management - JET-M";journal;"18791719, 09234748";"Elsevier B.V.";No;No;1,042;Q1;84;37;79;3018;406;79;3,98;81,57;34,74;1;Netherlands;Western Europe;"Elsevier B.V.";"1989-2026";"Engineering (miscellaneous) (Q1); Industrial Relations (Q1); Information Systems and Management (Q1); Management Science and Operations Research (Q1); Strategy and Management (Q1)";"Business, Management and Accounting; Decision Sciences; Engineering"
116;20537;"Journal of Behavioral Decision Making";journal;"08943257, 10990771";"John Wiley and Sons Ltd";No;No;1,040;Q2;99;56;134;3387;403;134;2,49;60,48;40,25;0;United Kingdom;Western Europe;"John Wiley and Sons Ltd";"1988-2026";"Arts and Humanities (miscellaneous) (Q1); Sociology and Political Science (Q1); Strategy and Management (Q1); Applied Psychology (Q2); Decision Sciences (miscellaneous) (Q2)";"Arts and Humanities; Business, Management and Accounting; Decision Sciences; Psychology; Social Sciences"
117;9700153238;"International Transactions in Operational Research";journal;"09696016, 14753995";"John Wiley and Sons Inc";No;No;1,027;Q1;75;156;403;9417;1478;397;3,35;60,37;27,46;4;Denmark;Western Europe;"John Wiley and Sons Inc";"1994-2026";"Business and International Management (Q1); Computer Science Applications (Q1); Management Science and Operations Research (Q1); Strategy and Management (Q1); Management of Technology and Innovation (Q2)";"Business, Management and Accounting; Computer Science; Decision Sciences"
118;23090;"Annals of Operations Research";journal;"02545330, 15729338";"Springer Netherlands";No;No;1,019;Q1;143;587;1279;32413;5462;1252;4,22;55,22;28,45;13;Netherlands;Western Europe;"Springer Netherlands";"1984-2026";"Management Science and Operations Research (Q1); Decision Sciences (miscellaneous) (Q2)";"Decision Sciences"
119;13734;"Biometrical Journal";journal;"03233847, 15214036";"John Wiley and Sons Inc";No;No;0,996;Q1;83;110;300;4125;515;292;1,57;37,50;39,62;3;Germany;Western Europe;"John Wiley and Sons Inc";"1959, 1964, 1966-1967, 1970, 1977-2026";"Medicine (miscellaneous) (Q1); Statistics and Probability (Q1); Statistics, Probability and Uncertainty (Q1)";"Decision Sciences; Mathematics; Medicine"
120;21100299408;"Supply Chain Forum";journal;"16246039, 16258312";"Taylor and Francis Ltd.";No;No;0,996;Q1;36;31;78;2572;481;75;3,96;82,97;26,80;1;United Kingdom;Western Europe;"Taylor and Francis Ltd.";"2002, 2013-2026";"Business and International Management (Q1); Management Science and Operations Research (Q1); Management of Technology and Innovation (Q2)";"Business, Management and Accounting; Decision Sciences"
121;21100827466;"EURO Journal on Computational Optimization";journal;"21924406, 21924414";"Elsevier B.V.";Yes;No;0,983;Q1;25;26;63;1007;174;59;2,96;38,73;19,05;0;Germany;Western Europe;"Elsevier B.V.";"2013-2026";"Computational Mathematics (Q1); Control and Optimization (Q1); Management Science and Operations Research (Q1); Modeling and Simulation (Q1)";"Decision Sciences; Mathematics"
122;21184;"Journal of Quality Technology";journal;"00224065";"Taylor and Francis Ltd.";No;No;0,975;Q2;102;35;97;1399;283;89;3,09;39,97;24,78;0;United States;Northern America;"Taylor and Francis Ltd.";"1969-1980, 1982-1985, 1987-1988, 1990, 1992-2026";"Industrial and Manufacturing Engineering (Q1); Safety, Risk, Reliability and Quality (Q1); Management Science and Operations Research (Q2); Strategy and Management (Q2)";"Business, Management and Accounting; Decision Sciences; Engineering"
123;17300154971;"International Journal of Critical Infrastructure Protection";journal;"18745482";"Elsevier B.V.";No;No;0,968;Q1;56;37;104;2128;579;99;5,71;57,51;27,78;2;Netherlands;Western Europe;"Elsevier B.V.";"2008-2026";"Computer Science Applications (Q1); Information Systems and Management (Q1); Modeling and Simulation (Q1); Safety, Risk, Reliability and Quality (Q1)";"Computer Science; Decision Sciences; Engineering; Mathematics"
124;20043;"Scandinavian Actuarial Journal";journal;"03461238, 16512030";"Taylor and Francis Ltd.";No;No;0,967;Q1;48;41;124;1404;214;124;1,39;34,24;31,25;0;United Kingdom;Western Europe;"Taylor and Francis Ltd.";"1918-2026";"Statistics and Probability (Q1); Statistics, Probability and Uncertainty (Q1); Economics and Econometrics (Q2)";"Decision Sciences; Economics, Econometrics and Finance; Mathematics"
125;25802;"Communications in Analysis and Geometry";journal;"19449992, 10198385";"International Press, Inc.";No;No;0,961;Q1;51;76;162;2315;137;162;0,70;30,46;18,12;0;United States;Northern America;"International Press, Inc.";"1996-2025";"Analysis (Q1); Geometry and Topology (Q1); Statistics and Probability (Q1); Statistics, Probability and Uncertainty (Q1)";"Decision Sciences; Mathematics"
126;56494;"OR Spectrum";journal;"01716468, 14366304";"Springer Verlag";No;No;0,958;Q2;85;40;111;2005;381;108;3,68;50,13;18,97;1;Germany;Western Europe;"Springer Verlag";"1979-2026";"Business, Management and Accounting (miscellaneous) (Q1); Management Science and Operations Research (Q2)";"Business, Management and Accounting; Decision Sciences"
127;21100211345;"Annals of Applied Statistics";journal;"19417330, 19326157";"Institute of Mathematical Statistics";No;No;0,954;Q1;96;159;324;7865;527;320;1,25;49,47;34,54;0;United States;Northern America;"Institute of Mathematical Statistics";"2007-2025";"Modeling and Simulation (Q1); Statistics and Probability (Q1); Statistics, Probability and Uncertainty (Q1)";"Decision Sciences; Mathematics"
128;21101151249;"Frontiers of Engineering Management";journal;"20957513, 20960255";"Higher Education Press Limited Company";No;No;0,953;Q2;40;54;157;3416;1009;131;6,53;63,26;43,56;4;China;Asiatic Region;"Higher Education Press Limited Company";"2017, 2020-2025";"Decision Sciences (miscellaneous) (Q2); Management Science and Operations Research (Q2)";"Decision Sciences"
129;11600154157;"TQM Journal";journal;"17542731";"Emerald Group Publishing Ltd.";No;No;0,941;Q2;89;139;300;10929;1851;296;5,53;78,63;35,45;0;United Kingdom;Western Europe;"Emerald Group Publishing Ltd.";"2008-2026";"Business and International Management (Q1); Business, Management and Accounting (miscellaneous) (Q1); Decision Sciences (miscellaneous) (Q2); Strategy and Management (Q2)";"Business, Management and Accounting; Decision Sciences"
130;21100807851;"Journal of Global Operations and Strategic Sourcing";journal;"23985372, 23985364";"Emerald Publishing";No;No;0,936;Q2;39;30;76;2691;488;70;7,17;89,70;18,18;0;United Kingdom;Western Europe;"Emerald Publishing";"2017-2026";"Management Science and Operations Research (Q2); Organizational Behavior and Human Resource Management (Q2); Strategy and Management (Q2)";"Business, Management and Accounting; Decision Sciences"
131;23614;"Statistics and Computing";journal;"09603174, 15731375";"Springer Netherlands";No;No;0,923;Q1;94;142;288;6318;616;288;1,80;44,49;24,37;6;Netherlands;Western Europe;"Springer Netherlands";"1991-2026";"Computational Theory and Mathematics (Q1); Statistics and Probability (Q1); Statistics, Probability and Uncertainty (Q1); Theoretical Computer Science (Q2)";"Computer Science; Decision Sciences; Mathematics"
132;15495;"Finance and Stochastics";journal;"14321122, 09492984";"Springer Verlag";No;No;0,922;Q1;58;28;82;932;130;80;1,42;33,29;20,00;0;Germany;Western Europe;"Springer Verlag";"2004-2026";"Finance (Q1); Statistics and Probability (Q1); Statistics, Probability and Uncertainty (Q1)";"Decision Sciences; Economics, Econometrics and Finance; Mathematics"
133;21101065044;"Sustainable Futures";journal;"26661888";"Elsevier B.V.";Yes;No;0,920;Q2;37;41;91;2583;575;91;4,13;63,00;36,89;4;United Kingdom;Western Europe;"Elsevier B.V.";"2019-2026";"Sociology and Political Science (Q1); Management of Technology and Innovation (Q2); Management Science and Operations Research (Q2)";"Business, Management and Accounting; Decision Sciences; Social Sciences"
134;21100886529;"International Journal of Systems Science: Operations and Logistics";journal;"23302674, 23302682";"Taylor and Francis Ltd.";No;No;0,919;Q1;36;121;82;6638;467;82;5,69;54,86;25,16;2;United Kingdom;Western Europe;"Taylor and Francis Ltd.";"2014-2026";"Information Systems (Q1); Information Systems and Management (Q1); Management Information Systems (Q1); Management Science and Operations Research (Q2)";"Business, Management and Accounting; Computer Science; Decision Sciences"
135;21101082054;"Journal of Safety Science and Resilience";journal;"26664496, 20967527";"KeAi Communications Co.";Yes;No;0,895;Q1;25;39;80;2037;469;76;4,46;52,23;41,98;2;China;Asiatic Region;"KeAi Communications Co.";"2020-2026";"Safety Research (Q1); Safety, Risk, Reliability and Quality (Q1); Statistics, Probability and Uncertainty (Q1); Computer Science Applications (Q2); Management Science and Operations Research (Q2)";"Computer Science; Decision Sciences; Engineering; Social Sciences"
136;14072;"Scandinavian Journal of Statistics";journal;"14679469, 03036898";"Wiley-Blackwell Publishing Ltd";No;No;0,892;Q2;75;78;172;2846;192;170;1,11;36,49;30,30;0;United Kingdom;Western Europe;"Wiley-Blackwell Publishing Ltd";"1996-2026";"Statistics and Probability (Q1); Statistics, Probability and Uncertainty (Q2)";"Decision Sciences; Mathematics"
137;20606;"Journal of Forecasting";journal;"02776693, 1099131X";"John Wiley and Sons Ltd";No;No;0,885;Q2;74;118;257;5869;883;257;2,81;49,74;20,80;13;United Kingdom;Western Europe;"John Wiley and Sons Ltd";"1982-2026";"Modeling and Simulation (Q1); Computer Science Applications (Q2); Economics and Econometrics (Q2); Management Science and Operations Research (Q2); Statistics, Probability and Uncertainty (Q2); Strategy and Management (Q2)";"Business, Management and Accounting; Computer Science; Decision Sciences; Economics, Econometrics and Finance; Mathematics"
138;21100246506;"Journal of Choice Modelling";journal;"17555345";"Elsevier B.V.";Yes;No;0,876;Q2;45;39;97;1831;268;96;2,94;46,95;22,41;3;Netherlands;Western Europe;"Elsevier B.V.";"2008-2026";"Modeling and Simulation (Q1); Statistics, Probability and Uncertainty (Q2)";"Decision Sciences; Mathematics"
139;10900153330;"Enterprise Information Systems";journal;"17517583, 17517575";"Taylor and Francis Ltd.";No;No;0,875;Q1;69;65;229;4566;1196;216;5,01;70,25;29,07;4;United Kingdom;Western Europe;"Taylor and Francis Ltd.";"2007-2026";"Information Systems and Management (Q1); Computer Science Applications (Q2)";"Computer Science; Decision Sciences"
140;12140;"Journal of Time Series Analysis";journal;"01439782, 14679892";"Wiley-Blackwell";No;No;0,875;Q2;64;35;134;1431;157;123;1,14;40,89;16,67;1;United States;Northern America;"Wiley-Blackwell";"1980-2026";"Applied Mathematics (Q1); Statistics and Probability (Q2); Statistics, Probability and Uncertainty (Q2)";"Decision Sciences; Mathematics"
141;21100377744;"International Journal of Lean Six Sigma";journal;"20404166, 20404174";"Emerald Publishing";No;No;0,873;Q2;65;72;154;5578;864;150;4,69;77,47;30,77;0;United Kingdom;Western Europe;"Emerald Publishing";"2010-2026";"Industrial and Manufacturing Engineering (Q1); Management Science and Operations Research (Q2); Strategy and Management (Q2)";"Business, Management and Accounting; Decision Sciences; Engineering"
142;21100945714;"Methods, Data, Analyses";journal;"21904936, 18646956";"GESIS - Leibniz Institute for the Social Sciences";Yes;Yes;0,873;Q2;11;12;29;639;55;28;1,76;53,25;25,81;1;Germany;Western Europe;"GESIS - Leibniz Institute for the Social Sciences";"2019-2025";"Applied Mathematics (Q1); Modeling and Simulation (Q1); Applied Psychology (Q2); Computer Science Applications (Q2); Statistics and Probability (Q2); Statistics, Probability and Uncertainty (Q2)";"Computer Science; Decision Sciences; Mathematics; Psychology"
143;21101017158;"International Journal of Innovation Studies";journal;"20962487, 25892975";"KeAi Publishing Communications Ltd.";Yes;Yes;0,870;Q1;30;26;46;1964;274;45;4,33;75,54;32,81;1;China;Asiatic Region;"KeAi Publishing Communications Ltd.";"2017-2026";"Information Systems and Management (Q1); Management of Technology and Innovation (Q2); Strategy and Management (Q2)";"Business, Management and Accounting; Decision Sciences"
144;21100356018;"Big Data Research";journal;"22145796, 2214580X";"Elsevier Inc.";No;No;0,869;Q1;51;24;146;1104;780;143;5,20;46,00;30,23;0;United States;Northern America;"Elsevier Inc.";"2014-2026";"Information Systems (Q1); Information Systems and Management (Q1); Management Information Systems (Q1); Computer Science Applications (Q2)";"Business, Management and Accounting; Computer Science; Decision Sciences"
145;23966;"Journal of Optimization Theory and Applications";journal;"00223239, 15732878";"Springer New York";No;No;0,864;Q2;111;182;529;6465;1029;519;1,81;35,52;21,83;0;United States;Northern America;"Springer New York";"1967-2026";"Applied Mathematics (Q1); Control and Optimization (Q1); Management Science and Operations Research (Q2)";"Decision Sciences; Mathematics"
146;21100780696;"Big Data";journal;"21676461, 2167647X";"Mary Ann Liebert Inc.";No;No;0,858;Q1;47;34;145;1153;708;139;4,24;33,91;26,56;1;United States;Northern America;"Mary Ann Liebert Inc.";"2013-2026";"Information Systems and Management (Q1); Computer Science Applications (Q2); Information Systems (Q2)";"Computer Science; Decision Sciences"
147;21100446510;"Journal of Humanitarian Logistics and Supply Chain Management";journal;"20426747, 20426755";"Emerald Publishing";Yes;Yes;0,856;Q2;42;25;80;1840;297;79;3,60;73,60;32,88;0;United Kingdom;Western Europe;"Emerald Publishing";"2011-2026";"Management Information Systems (Q1); Management Science and Operations Research (Q2)";"Business, Management and Accounting; Decision Sciences"
148;21101081506;"Journal of Financial Data Science";journal;"26403951, 26403943";"With intelligence";No;No;0,854;Q2;19;35;106;980;278;103;2,24;28,00;8,99;0;United Kingdom;Western Europe;"With intelligence";"2019-2025";"Business and International Management (Q1); Business, Management and Accounting (miscellaneous) (Q1); Artificial Intelligence (Q2); Computational Theory and Mathematics (Q2); Finance (Q2); Information Systems (Q2); Information Systems and Management (Q2); Strategy and Management (Q2)";"Business, Management and Accounting; Computer Science; Decision Sciences; Economics, Econometrics and Finance"
149;21100897526;"Journal of Causal Inference";journal;"21933685, 21933677";"Walter de Gruyter GmbH";Yes;No;0,849;Q2;18;29;56;1373;100;55;1,90;47,34;24,32;0;Germany;Western Europe;"Walter de Gruyter GmbH";"2018-2026";"Statistics and Probability (Q2); Statistics, Probability and Uncertainty (Q2)";"Decision Sciences; Mathematics"
150;21100790518;"International Journal of Management Science and Engineering Management";journal;"17509653, 17509661";"Taylor and Francis Ltd.";No;No;0,844;Q2;40;27;79;1330;367;76;4,54;49,26;29,21;0;United Kingdom;Western Europe;"Taylor and Francis Ltd.";"2006-2026";"Engineering (miscellaneous) (Q1); Mechanical Engineering (Q1); Information Systems and Management (Q2); Management Science and Operations Research (Q2); Strategy and Management (Q2)";"Business, Management and Accounting; Decision Sciences; Engineering"
151;20608;"Journal of Global Information Management";journal;"10627375, 15337995";"IGI Publishing";No;No;0,838;Q2;55;108;233;7407;1063;233;4,64;68,58;36,75;0;United States;Northern America;"IGI Publishing";"2002-2026";"Business and International Management (Q1); Computer Science Applications (Q2); E-learning (Q2); Information Systems and Management (Q2); Management Science and Operations Research (Q2); Strategy and Management (Q2)";"Business, Management and Accounting; Computer Science; Decision Sciences; Social Sciences"
152;23947;"Journal of Multivariate Analysis";journal;"0047259X, 10957243";"Academic Press Inc.";No;No;0,837;Q2;97;86;336;3248;503;334;1,44;37,77;25,79;2;United States;Northern America;"Academic Press Inc.";"1971-2026";"Numerical Analysis (Q2); Statistics and Probability (Q2); Statistics, Probability and Uncertainty (Q2)";"Decision Sciences; Mathematics"
153;19900192221;"Journal of Management Control";journal;"2191477X, 21914761";"Physica-Verlag";No;No;0,827;Q2;37;16;59;1358;221;50;2,29;84,88;41,67;0;Germany;Western Europe;"Physica-Verlag";"2011-2026";"Management Information Systems (Q1); Accounting (Q2); Management of Technology and Innovation (Q2); Management Science and Operations Research (Q2); Strategy and Management (Q2)";"Business, Management and Accounting; Decision Sciences"
154;21100996100;"International Journal of Population Data Science";journal;"23994908";"Swansea University";Yes;No;0,809;Q2;25;67;160;1682;270;157;1,38;25,10;56,76;4;United Kingdom;Western Europe;"Swansea University";"2017-2026";"Demography (Q1); Health Informatics (Q2); Information Systems (Q2); Information Systems and Management (Q2)";"Computer Science; Decision Sciences; Medicine; Social Sciences"
155;21100379294;"Operations Research Perspectives";journal;"22147160";"Elsevier Ltd";Yes;No;0,809;Q2;41;32;97;1360;447;97;4,31;42,50;25,77;1;United Kingdom;Western Europe;"Elsevier Ltd";"2014-2026";"Control and Optimization (Q1); Management Science and Operations Research (Q2); Statistics and Probability (Q2); Strategy and Management (Q2)";"Business, Management and Accounting; Decision Sciences; Mathematics"
156;21100200829;"International Journal of Engineering Business Management";journal;"18479790";"SAGE Publications Inc.";Yes;No;0,801;Q2;46;24;93;1386;476;93;4,71;57,75;26,74;0;Croatia;Eastern Europe;"SAGE Publications Inc.";"2009-2026";"Management Science and Operations Research (Q2); Organizational Behavior and Human Resource Management (Q2)";"Business, Management and Accounting; Decision Sciences"
157;21101039666;"Operational Research in Engineering Sciences: Theory and Applications (discontinued)";journal;"26201747, 26201607";"Regional Association for Security and crisis management";Yes;No;0,801;Q2;30;44;80;2062;376;80;4,32;46,86;26,23;0;Serbia;Eastern Europe;"Regional Association for Security and crisis management";"2018-2025";"Engineering (miscellaneous) (Q1); Management Science and Operations Research (Q2)";"Decision Sciences; Engineering"
158;14715;"Technology Analysis and Strategic Management";journal;"14653990, 09537325";"Routledge";No;No;0,801;Q2;96;113;307;5382;1434;304;4,22;47,63;41,61;8;United Kingdom;Western Europe;"Routledge";"1989-2026";"Management Science and Operations Research (Q2); Strategy and Management (Q2)";"Business, Management and Accounting; Decision Sciences"
159;24306;"Digital Signal Processing: A Review Journal";journal;"10954333, 10512004";"Elsevier Inc.";No;No;0,799;Q2;100;359;941;15685;3388;935;3,63;43,69;27,57;0;United States;Northern America;"Elsevier Inc.";"1991-2026";"Applied Mathematics (Q2); Artificial Intelligence (Q2); Computational Theory and Mathematics (Q2); Computer Vision and Pattern Recognition (Q2); Electrical and Electronic Engineering (Q2); Signal Processing (Q2); Statistics, Probability and Uncertainty (Q2)";"Computer Science; Decision Sciences; Engineering; Mathematics"
160;19294;"Journal of Scheduling";journal;"10946136, 10991425";"Springer";No;No;0,793;Q2;72;38;127;1130;273;122;1,93;29,74;19,42;0;United States;Northern America;"Springer";"1998-2026";"Engineering (miscellaneous) (Q1); Artificial Intelligence (Q2); Management Science and Operations Research (Q2); Software (Q2)";"Computer Science; Decision Sciences; Engineering"
161;21100235632;"Asian Journal of Shipping and Logistics";journal;"20925212";"Korean Association of Shipping and Logistics, Inc.";Yes;No;0,775;Q2;45;21;86;920;360;86;3,94;43,81;37,50;1;Netherlands;Western Europe;"Korean Association of Shipping and Logistics, Inc.";"2009-2026";"Business and International Management (Q2); Management of Technology and Innovation (Q2); Management Science and Operations Research (Q2); Transportation (Q2)";"Business, Management and Accounting; Decision Sciences; Social Sciences"
162;13530;"Journal of the Royal Statistical Society. Series A: Statistics in Society";journal;"09641998, 1467985X";"Oxford University Press";No;No;0,775;Q2;101;68;332;2196;499;304;1,16;32,29;29,17;5;United Kingdom;Western Europe;"Oxford University Press";"1988-2026";"Social Sciences (miscellaneous) (Q1); Economics and Econometrics (Q2); Statistics and Probability (Q2); Statistics, Probability and Uncertainty (Q2)";"Decision Sciences; Economics, Econometrics and Finance; Mathematics; Social Sciences"
163;14882;"Test";journal;"11330686, 18638260";"Springer New York";No;No;0,773;Q2;54;62;157;2137;198;141;1,06;34,47;32,37;0;United States;Northern America;"Springer New York";"1988, 1992-2026";"Statistics and Probability (Q2); Statistics, Probability and Uncertainty (Q2)";"Decision Sciences; Mathematics"
164;17600155106;"Flexible Services and Manufacturing Journal";journal;"19366590, 19366582";"Springer New York";No;No;0,766;Q2;58;43;97;1810;309;92;3,45;42,09;20,00;1;United States;Northern America;"Springer New York";"2006, 2008-2026";"Industrial and Manufacturing Engineering (Q1); Management Science and Operations Research (Q2)";"Decision Sciences; Engineering"
165;19124;"Queueing Systems";journal;"15729443, 02570130";"Springer Netherlands";No;No;0,762;Q2;61;34;227;1004;191;110;0,70;29,53;20,29;0;Netherlands;Western Europe;"Springer Netherlands";"1986-2026";"Computational Theory and Mathematics (Q2); Computer Science Applications (Q2); Management Science and Operations Research (Q2); Statistics and Probability (Q2)";"Computer Science; Decision Sciences; Mathematics"
166;21100255423;"R Journal";journal;"20734859";"Technische Universitaet Wien";Yes;No;0,758;Q2;71;73;236;2380;483;233;2,08;32,60;25,77;0;Austria;Western Europe;"Technische Universitaet Wien";"2009-2025";"Numerical Analysis (Q2); Statistics and Probability (Q2); Statistics, Probability and Uncertainty (Q2)";"Decision Sciences; Mathematics"
167;21216;"MIT Sloan Management Review";journal;"15329194";"Massachusetts Institute of Technology";No;No;0,757;Q2;129;51;204;317;427;191;2,01;6,22;32,14;0;United States;Northern America;"Massachusetts Institute of Technology";"2001-2025";"Business and International Management (Q2); Decision Sciences (miscellaneous) (Q2); Management of Technology and Innovation (Q2); Strategy and Management (Q2)";"Business, Management and Accounting; Decision Sciences"
168;88345;"Journal of Global Optimization";journal;"09255001, 15732916";"Springer Netherlands";No;No;0,743;Q2;105;123;370;4792;729;363;1,93;38,96;23,99;2;Netherlands;Western Europe;"Springer Netherlands";"1991-2026";"Applied Mathematics (Q2); Business, Management and Accounting (miscellaneous) (Q2); Computer Science Applications (Q2); Control and Optimization (Q2); Management Science and Operations Research (Q2)";"Business, Management and Accounting; Computer Science; Decision Sciences; Mathematics"
169;21101126970;"Logistics";journal;"23056290";"Multidisciplinary Digital Publishing Institute (MDPI)";Yes;No;0,740;Q2;39;100;206;6593;1084;204;5,09;65,93;31,29;1;Switzerland;Western Europe;"Multidisciplinary Digital Publishing Institute (MDPI)";"2019-2026";"Information Systems and Management (Q2); Management Information Systems (Q2); Management Science and Operations Research (Q2); Transportation (Q2)";"Business, Management and Accounting; Decision Sciences; Social Sciences"
170;13533;"Journal of the Royal Statistical Society. Series C: Applied Statistics";journal;"00359254, 14679876";"Oxford University Press";No;No;0,739;Q2;85;82;208;3152;317;208;1,05;38,44;33,05;1;United Kingdom;Western Europe;"Oxford University Press";"1981, 1983-1991, 1993, 1996-2026";"Statistics and Probability (Q2); Statistics, Probability and Uncertainty (Q2)";"Decision Sciences; Mathematics"
171;12136;"Journal of Statistical Planning and Inference";journal;"03783758";"Elsevier B.V.";No;No;0,736;Q2;93;56;303;1817;290;303;0,84;32,45;26,56;3;Netherlands;Western Europe;"Elsevier B.V.";"1977-2026";"Applied Mathematics (Q2); Statistics and Probability (Q2); Statistics, Probability and Uncertainty (Q2)";"Decision Sciences; Mathematics"
172;21100834347;"Journal of Marketing Analytics";journal;"20503318, 20503326";"Springer International Publishing AG";No;No;0,735;Q2;35;59;82;3858;390;70;3,89;65,39;31,34;3;Switzerland;Western Europe;"Springer International Publishing AG";"2013-2026";"Economics, Econometrics and Finance (miscellaneous) (Q1); Marketing (Q2); Statistics, Probability and Uncertainty (Q2); Strategy and Management (Q2)";"Business, Management and Accounting; Decision Sciences; Economics, Econometrics and Finance"
173;21100889419;"Annals of Actuarial Science";journal;"17484995, 17485002";"Cambridge University Press";No;No;0,730;Q2;21;29;79;1117;111;75;1,50;38,52;27,78;0;United Kingdom;Western Europe;"Cambridge University Press";"2010-2026";"Economics and Econometrics (Q2); Statistics and Probability (Q2); Statistics, Probability and Uncertainty (Q2)";"Decision Sciences; Economics, Econometrics and Finance; Mathematics"
174;23148;"IMA Journal of Management Mathematics";journal;"1471678X, 14716798";"Oxford University Press";No;No;0,730;Q2;43;30;76;1387;190;74;2,00;46,23;22,54;0;United Kingdom;Western Europe;"Oxford University Press";"1986, 1988-1989, 1991-1993, 1995-2026";"Economics, Econometrics and Finance (miscellaneous) (Q1); Applied Mathematics (Q2); Management Information Systems (Q2); Management Science and Operations Research (Q2); Modeling and Simulation (Q2); Strategy and Management (Q2)";"Business, Management and Accounting; Decision Sciences; Economics, Econometrics and Finance; Mathematics"
175;4700152908;"Knowledge Management Research and Practice";journal;"14778238, 14778246";"Taylor and Francis Ltd.";No;No;0,728;Q2;62;80;158;5800;680;152;4,43;72,50;39,39;5;United Kingdom;Western Europe;"Taylor and Francis Ltd.";"2006-2026";"Library and Information Sciences (Q1); Business and International Management (Q2); Management Information Systems (Q2); Management of Technology and Innovation (Q2); Management Science and Operations Research (Q2); Strategy and Management (Q2)";"Business, Management and Accounting; Decision Sciences; Social Sciences"
176;8600153118;"Mathematics and Financial Economics";journal;"18629660, 18629679";"Springer Science and Business Media Deutschland GmbH";No;No;0,727;Q2;32;25;81;883;128;80;1,63;35,32;32,65;0;Germany;Western Europe;"Springer Science and Business Media Deutschland GmbH";"2007-2026";"Finance (Q2); Statistics and Probability (Q2); Statistics, Probability and Uncertainty (Q2)";"Decision Sciences; Economics, Econometrics and Finance; Mathematics"
177;19600161828;"Public Transport";journal;"16137159, 1866749X";"Springer Verlag";No;No;0,722;Q2;41;30;81;1620;245;79;2,91;54,00;18,75;5;Germany;Western Europe;"Springer Verlag";"2009-2026";"Mechanical Engineering (Q1); Information Systems (Q2); Management Science and Operations Research (Q2); Transportation (Q2)";"Computer Science; Decision Sciences; Engineering; Social Sciences"
178;19713;"Journal of High Technology Management Research";journal;"10478310";"Elsevier Ltd";No;No;0,715;Q2;59;29;36;1316;171;35;5,45;45,38;25,33;0;United Kingdom;Western Europe;"Elsevier Ltd";"1990-2024";"Computer Science Applications (Q2); Information Systems and Management (Q2); Management of Technology and Innovation (Q2); Marketing (Q2); Strategy and Management (Q2)";"Business, Management and Accounting; Computer Science; Decision Sciences"
179;27989;"Optimization";journal;"10294945, 02331934";"Taylor and Francis Ltd.";No;No;0,699;Q2;69;123;434;4304;825;420;1,85;34,99;25,98;0;United Kingdom;Western Europe;"Taylor and Francis Ltd.";"1985-2026";"Applied Mathematics (Q2); Control and Optimization (Q2); Management Science and Operations Research (Q2)";"Decision Sciences; Mathematics"
180;20670;"Journal of Organizational Change Management";journal;"09534814";"Emerald Group Publishing Ltd.";No;No;0,698;Q2;94;69;233;5205;798;226;3,50;75,43;50,91;0;United Kingdom;Western Europe;"Emerald Group Publishing Ltd.";"1988-2026";"Decision Sciences (miscellaneous) (Q2); Management of Technology and Innovation (Q2); Organizational Behavior and Human Resource Management (Q2); Strategy and Management (Q2)";"Business, Management and Accounting; Decision Sciences"
181;19600157009;"North American Actuarial Journal";journal;"10920277";"Taylor and Francis Ltd.";No;No;0,692;Q2;55;41;130;1704;182;117;1,27;41,56;25,53;1;United Kingdom;Western Europe;"Taylor and Francis Ltd.";"1997-2026";"Economics and Econometrics (Q2); Statistics and Probability (Q2); Statistics, Probability and Uncertainty (Q2)";"Decision Sciences; Economics, Econometrics and Finance; Mathematics"
182;24437;"Data and Knowledge Engineering";journal;"0169023X";"Elsevier B.V.";No;No;0,691;Q2;99;87;133;3843;504;124;4,22;44,17;24,90;1;Netherlands;Western Europe;"Elsevier B.V.";"1985, 1987-2026";"Information Systems and Management (Q2)";"Decision Sciences"
183;21101142603;"Social Sciences and Humanities Open";journal;"25902911";"Elsevier Ltd";Yes;No;0,691;Q2;45;374;351;21297;1405;348;3,78;56,94;48,60;19;United Kingdom;Western Europe;"Elsevier Ltd";"2019-2026";"Social Sciences (miscellaneous) (Q1); Decision Sciences (miscellaneous) (Q2); Psychology (miscellaneous) (Q2)";"Decision Sciences; Psychology; Social Sciences"
184;21100836195;"Econometrics and Statistics";journal;"24523062";"Elsevier B.V.";No;No;0,690;Q2;22;68;122;3073;152;115;1,18;45,19;30,54;6;Netherlands;Western Europe;"Elsevier B.V.";"2017-2026";"Economics and Econometrics (Q2); Statistics and Probability (Q2); Statistics, Probability and Uncertainty (Q2)";"Decision Sciences; Economics, Econometrics and Finance; Mathematics"
185;19123;"Quality and Reliability Engineering International";journal;"07488017, 10991638";"John Wiley and Sons Ltd";No;No;0,690;Q2;81;201;599;7939;1549;587;2,41;39,50;31,94;0;United Kingdom;Western Europe;"John Wiley and Sons Ltd";"1985-2026";"Management Science and Operations Research (Q2); Safety, Risk, Reliability and Quality (Q2)";"Decision Sciences; Engineering"
186;13559;"Journal of Loss Prevention in the Process Industries";journal;"09504230";"Elsevier B.V.";No;No;0,689;Q2;117;223;764;9384;3220;756;4,06;42,08;31,41;4;Netherlands;Western Europe;"Elsevier B.V.";"1988-2026";"Food Science (Q1); Chemical Engineering (miscellaneous) (Q2); Control and Systems Engineering (Q2); Energy Engineering and Power Technology (Q2); Industrial and Manufacturing Engineering (Q2); Management Science and Operations Research (Q2); Safety, Risk, Reliability and Quality (Q2)";"Agricultural and Biological Sciences; Chemical Engineering; Decision Sciences; Energy; Engineering"
187;19900192334;"Journal of Applied Accounting Research";journal;"09675426";"Emerald Group Publishing Ltd.";No;No;0,685;Q2;50;51;130;3871;582;128;4,25;75,90;38,40;0;United Kingdom;Western Europe;"Emerald Group Publishing Ltd.";"1999-2002, 2004-2006, 2008-2026";"Economics, Econometrics and Finance (miscellaneous) (Q1); Accounting (Q2); Information Systems and Management (Q2)";"Business, Management and Accounting; Decision Sciences; Economics, Econometrics and Finance"
188;21101023806;"Annals of Data Science";journal;"21985812, 21985804";"Springer Science and Business Media Deutschland GmbH";No;No;0,682;Q2;38;71;144;2741;487;141;3,24;38,61;19,14;2;Germany;Western Europe;"Springer Science and Business Media Deutschland GmbH";"2014-2026";"Artificial Intelligence (Q2); Business, Management and Accounting (miscellaneous) (Q2); Computer Science Applications (Q2); Statistics, Probability and Uncertainty (Q2)";"Business, Management and Accounting; Computer Science; Decision Sciences"
189;7100153133;"Spatial Economic Analysis";journal;"17421780, 17421772";"Routledge";No;No;0,682;Q2;44;32;91;1433;188;76;1,97;44,78;22,54;6;United Kingdom;Western Europe;"Routledge";"2006-2026";"Earth and Planetary Sciences (miscellaneous) (Q1); Economics, Econometrics and Finance (miscellaneous) (Q1); Geography, Planning and Development (Q1); Statistics, Probability and Uncertainty (Q2)";"Decision Sciences; Earth and Planetary Sciences; Economics, Econometrics and Finance; Social Sciences"
190;21101098756;"Decision Analytics Journal";journal;"27726622";"Elsevier Inc.";Yes;No;0,680;Q2;46;207;44;13356;342;43;7,77;64,52;23,98;9;United States;Northern America;"Elsevier Inc.";"2021-2026";"Analysis (Q2); Applied Mathematics (Q2); Decision Sciences (miscellaneous) (Q2); Modeling and Simulation (Q2)";"Decision Sciences; Mathematics"
191;21100981415;"Modeling Earth Systems and Environment";journal;"23636203, 23636211";"Springer International Publishing AG";No;No;0,677;Q2;75;281;803;14805;2897;802;3,39;52,69;20,88;5;Switzerland;Western Europe;"Springer International Publishing AG";"2015-2026";"Agricultural and Biological Sciences (miscellaneous) (Q1); Computers in Earth Sciences (Q2); Environmental Science (miscellaneous) (Q2); Statistics, Probability and Uncertainty (Q2)";"Agricultural and Biological Sciences; Decision Sciences; Earth and Planetary Sciences; Environmental Science"
192;21100198497;"Quality Technology and Quantitative Management";journal;"16843703";"Taylor and Francis Ltd.";No;No;0,676;Q2;33;36;112;1552;291;112;2,66;43,11;28,00;0;United Kingdom;Western Europe;"Taylor and Francis Ltd.";"2011-2026";"Business and International Management (Q2); Industrial Relations (Q2); Information Systems and Management (Q2); Management of Technology and Innovation (Q2); Management Science and Operations Research (Q2)";"Business, Management and Accounting; Decision Sciences"
193;13631;"American Statistician";journal;"00031305, 15372731";"Taylor and Francis Ltd.";No;No;0,675;Q2;108;52;159;1551;288;135;1,88;29,83;27,34;0;United Kingdom;Western Europe;"Taylor and Francis Ltd.";"1947-2026";"Mathematics (miscellaneous) (Q1); Statistics and Probability (Q2); Statistics, Probability and Uncertainty (Q2)";"Decision Sciences; Mathematics"
194;5600155030;"New Directions for Evaluation";journal;"1534875X, 10976736";"John Wiley and Sons Inc";No;No;0,674;Q2;53;43;128;1198;193;117;0,84;27,86;64,21;5;United States;Northern America;"John Wiley and Sons Inc";"1995-2025";"Education (Q2); Management Science and Operations Research (Q2); Strategy and Management (Q2)";"Business, Management and Accounting; Decision Sciences; Social Sciences"
195;21100901137;"Journal of Statistical Distributions and Applications";journal;"21955832";"SpringerOpen";Yes;No;0,663;Q2;22;0;23;0;91;23;4,00;0,00;0,00;0;Germany;Western Europe;"SpringerOpen";"2014-2015, 2017-2021";"Computer Science Applications (Q2); Statistics and Probability (Q2); Statistics, Probability and Uncertainty (Q2)";"Computer Science; Decision Sciences; Mathematics"
196;145295;"4OR";journal;"16142411, 16194500";"Springer";No;No;0,661;Q2;50;33;74;1045;157;71;1,81;31,67;22,86;1;Germany;Western Europe;"Springer";"2003-2026";"Computational Theory and Mathematics (Q2); Management Information Systems (Q2); Management Science and Operations Research (Q2); Theoretical Computer Science (Q2)";"Business, Management and Accounting; Computer Science; Decision Sciences; Mathematics"
197;19200156938;"Transforming Government: People, Process and Policy";journal;"17506166";"Emerald Group Publishing Ltd.";No;No;0,661;Q2;54;44;126;2325;520;121;3,50;52,84;31,19;0;United Kingdom;Western Europe;"Emerald Group Publishing Ltd.";"2007-2026";"Computer Science Applications (Q2); E-learning (Q2); Information Systems and Management (Q2); Public Administration (Q2)";"Computer Science; Decision Sciences; Social Sciences"
198;14233;"Statistical Papers";journal;"09325026, 16139798";"Springer New York";Yes;No;0,659;Q2;54;88;317;2787;382;315;1,18;31,67;36,63;4;United States;Northern America;"Springer New York";"1983, 1988-2026";"Statistics and Probability (Q2); Statistics, Probability and Uncertainty (Q2)";"Decision Sciences; Mathematics"
199;19318;"Group Decision and Negotiation";journal;"09262644, 15729907";"Springer Netherlands";No;No;0,656;Q2;75;51;152;2822;485;145;3,45;55,33;29,80;1;Netherlands;Western Europe;"Springer Netherlands";"1992-2026";"Arts and Humanities (miscellaneous) (Q1); Social Sciences (miscellaneous) (Q1); Decision Sciences (miscellaneous) (Q2); Management of Technology and Innovation (Q2); Strategy and Management (Q2)";"Arts and Humanities; Business, Management and Accounting; Decision Sciences; Social Sciences"
200;14500154733;"Operational Research";journal;"11092858, 18661505";"Springer Verlag";No;No;0,654;Q2;41;65;392;3387;1145;389;2,97;52,11;26,60;1;Germany;Western Europe;"Springer Verlag";"2009-2026";"Computational Theory and Mathematics (Q2); Management of Technology and Innovation (Q2); Management Science and Operations Research (Q2); Modeling and Simulation (Q2); Numerical Analysis (Q2); Statistics, Probability and Uncertainty (Q2); Strategy and Management (Q2)";"Business, Management and Accounting; Computer Science; Decision Sciences; Mathematics"
201;22315;"Personal and Ubiquitous Computing";journal;"16174909, 16174917";"Springer London";No;No;0,654;Q2;106;151;245;6217;780;230;2,82;41,17;30,93;2;United Kingdom;Western Europe;"Springer London";"1997-2026";"Library and Information Sciences (Q1); Computer Science Applications (Q2); Hardware and Architecture (Q2); Management Science and Operations Research (Q2)";"Computer Science; Decision Sciences; Social Sciences"
202;24358;"Journal of Heuristics";journal;"13811231, 15729397";"Springer Netherlands";No;No;0,650;Q2;77;16;93;668;238;91;1,78;41,75;18,18;0;Netherlands;Western Europe;"Springer Netherlands";"1995-2026";"Computer Networks and Communications (Q2); Control and Optimization (Q2); Information Systems (Q2); Management Science and Operations Research (Q2); Software (Q2); Artificial Intelligence (Q3)";"Computer Science; Decision Sciences; Mathematics"
203;21100821132;"Decision";journal;"23259973, 23259965";"American Psychological Association";No;No;0,638;Q2;26;19;72;1164;78;71;0,78;61,26;41,67;1;United States;Northern America;"American Psychological Association";"2014-2025";"Applied Psychology (Q2); Neuropsychology and Physiological Psychology (Q2); Social Psychology (Q2); Statistics, Probability and Uncertainty (Q2)";"Decision Sciences; Psychology"
204;21100386518;"Advances in Production Engineering and Management";journal;"18556531, 18546250";"Production Engineering Institute";No;No;0,633;Q2;35;36;108;1219;389;108;3,44;33,86;32,67;0;Slovenia;Eastern Europe;"Production Engineering Institute";"2014-2025";"Industrial and Manufacturing Engineering (Q2); Management of Technology and Innovation (Q2); Management Science and Operations Research (Q2); Mechanical Engineering (Q2); Nuclear and High Energy Physics (Q2)";"Business, Management and Accounting; Decision Sciences; Engineering; Physics and Astronomy"
205;11700154400;"TOP";journal;"11345764, 18638279";"";No;No;0,631;Q2;35;24;103;845;184;91;1,86;35,21;24,32;0;Germany;Western Europe;"";"1993-1996, 2003, 2007-2026";"Discrete Mathematics and Combinatorics (Q2); Information Systems and Management (Q2); Management Science and Operations Research (Q2); Modeling and Simulation (Q2); Statistics and Probability (Q2)";"Decision Sciences; Mathematics"
206;21100446929;"European Actuarial Journal";journal;"21909741, 21909733";"Springer International Publishing AG";No;No;0,625;Q2;24;33;97;1070;97;75;0,71;32,42;23,61;0;Switzerland;Western Europe;"Springer International Publishing AG";"2011-2026";"Economics and Econometrics (Q2); Statistics and Probability (Q2); Statistics, Probability and Uncertainty (Q2)";"Decision Sciences; Economics, Econometrics and Finance; Mathematics"
207;16900154710;"Statistical Analysis and Data Mining";journal;"19321864, 19321872";"John Wiley and Sons Inc";No;No;0,625;-;42;38;134;1342;310;133;2,47;35,32;27,55;1;United States;Northern America;"John Wiley and Sons Inc";"2008-2026";"Analysis (Q2); Computer Science Applications (Q2); Information Systems (Q2)";"Computer Science; Mathematics"
208;29114;"Engineering Optimization";journal;"0305215X, 10290273";"Taylor and Francis Ltd.";No;No;0,621;Q2;82;117;366;4064;1116;366;2,81;34,74;21,67;0;United Kingdom;Western Europe;"Taylor and Francis Ltd.";"1974-2026";"Applied Mathematics (Q2); Computer Science Applications (Q2); Control and Optimization (Q2); Industrial and Manufacturing Engineering (Q2); Management Science and Operations Research (Q2)";"Computer Science; Decision Sciences; Engineering; Mathematics"
209;10900153307;"Journal of Simulation";journal;"17477778, 17477786";"Taylor and Francis Ltd.";No;No;0,621;Q2;36;48;86;2611;256;83;1,98;54,40;28,06;1;United Kingdom;Western Europe;"Taylor and Francis Ltd.";"2008-2026";"Industrial and Manufacturing Engineering (Q2); Management Science and Operations Research (Q2); Modeling and Simulation (Q2); Software (Q2)";"Computer Science; Decision Sciences; Engineering; Mathematics"
210;17700156756;"Journal of Asset Management";journal;"14708272, 1479179X";"Palgrave Macmillan Ltd.";No;No;0,619;Q2;28;44;131;1802;331;126;1,76;40,95;29,89;3;United Kingdom;Western Europe;"Palgrave Macmillan Ltd.";"2009-2026";"Business and International Management (Q2); Information Systems and Management (Q2); Strategy and Management (Q2)";"Business, Management and Accounting; Decision Sciences"
211;21100438074;"Journal of Modelling in Management";journal;"17465672, 17465664";"Emerald Publishing";No;No;0,619;Q2;49;78;187;5272;653;184;3,31;67,59;27,27;0;United Kingdom;Western Europe;"Emerald Publishing";"2006-2026";"Decision Sciences (miscellaneous) (Q2); Management Science and Operations Research (Q2); Strategy and Management (Q2)";"Business, Management and Accounting; Decision Sciences"
212;12909;"Systems Research and Behavioral Science";journal;"10991743, 10927026";"John Wiley and Sons Ltd";No;No;0,614;Q2;64;70;231;4306;760;214;1,96;61,51;35,29;1;United Kingdom;Western Europe;"John Wiley and Sons Ltd";"1969, 1973, 1996-2026";"Social Sciences (miscellaneous) (Q1); Information Systems and Management (Q2); Strategy and Management (Q2)";"Business, Management and Accounting; Decision Sciences; Social Sciences"
213;21101151498;"Futures and Foresight Science";journal;"25735152";"John Wiley and Sons Inc";No;No;0,608;Q2;17;18;96;999;133;33;1,45;55,50;8,82;2;United States;Northern America;"John Wiley and Sons Inc";"2019-2026";"Business, Management and Accounting (miscellaneous) (Q2); Management Science and Operations Research (Q2); Strategy and Management (Q2)";"Business, Management and Accounting; Decision Sciences"
214;21101046170;"Journal of Statistics and Data Science Education";journal;"26939169";"Taylor and Francis Ltd.";Yes;Yes;0,606;Q2;44;32;122;1133;254;106;2,09;35,41;53,09;0;United Kingdom;Western Europe;"Taylor and Francis Ltd.";"2021-2026";"Education (Q2); Management Science and Operations Research (Q2); Statistics and Probability (Q2)";"Decision Sciences; Mathematics; Social Sciences"
215;23179;"Environmental and Ecological Statistics";journal;"13528505, 15733009";"Springer";No;No;0,605;Q2;58;35;111;1467;327;105;3,13;41,91;35,25;3;United States;Northern America;"Springer";"1994-2026";"Environmental Science (miscellaneous) (Q2); Statistics and Probability (Q2); Statistics, Probability and Uncertainty (Q2)";"Decision Sciences; Environmental Science; Mathematics"
216;16106;"Foresight";journal;"30096294, 30626307";"National Center for Social and Criminological Research";No;No;0,601;Q2;49;50;121;3485;446;120;3,47;69,70;42,86;0;United Kingdom;Western Europe;"National Center for Social and Criminological Research";"1999-2026";"Economics, Econometrics and Finance (miscellaneous) (Q1); Business and International Management (Q2); Management of Technology and Innovation (Q2); Management Science and Operations Research (Q2)";"Business, Management and Accounting; Decision Sciences; Economics, Econometrics and Finance"
217;21100830431;"Service Science";journal;"21643970, 21643962";"INFORMS Institute for Operations Research and the Management Sciences";No;No;0,599;Q2;29;19;47;900;95;45;1,97;47,37;34,59;0;United States;Northern America;"INFORMS Institute for Operations Research and the Management Sciences";"2012, 2014-2025";"Business and International Management (Q2); Management Science and Operations Research (Q2); Marketing (Q2); Modeling and Simulation (Q2)";"Business, Management and Accounting; Decision Sciences; Mathematics"
218;26928;"Stochastic Analysis and Applications";journal;"15329356, 07362994";"Taylor and Francis Ltd.";No;No;0,599;Q2;45;53;155;1670;228;155;1,39;31,51;26,92;0;United States;Northern America;"Taylor and Francis Ltd.";"1983-2026";"Applied Mathematics (Q2); Statistics and Probability (Q2); Statistics, Probability and Uncertainty (Q2)";"Decision Sciences; Mathematics"
219;26386;"Electronic Communications in Probability";journal;"1083589X";"Institute of Mathematical Statistics";Yes;No;0,595;Q2;41;61;213;1101;126;213;0,49;18,05;18,87;0;United States;Northern America;"Institute of Mathematical Statistics";"1996-2026";"Statistics and Probability (Q2); Statistics, Probability and Uncertainty (Q2)";"Decision Sciences; Mathematics"
220;21100825516;"Random Matrices: Theory and Application";journal;"20103263, 20103271";"World Scientific";No;No;0,593;Q2;23;26;107;815;107;106;1,04;31,35;28,00;0;Singapore;Asiatic Region;"World Scientific";"2012-2026";"Algebra and Number Theory (Q2); Discrete Mathematics and Combinatorics (Q2); Statistics and Probability (Q2); Statistics, Probability and Uncertainty (Q2)";"Decision Sciences; Mathematics"
221;21100450117;"International Journal of Information Systems and Project Management";journal;"21827788, 21827796";"Universidade do Minho";Yes;Yes;0,590;Q2;30;19;51;1072;183;48;3,26;56,42;25,00;3;Portugal;Western Europe;"Universidade do Minho";"2013-2026";"Information Systems and Management (Q2); Management Information Systems (Q2); Strategy and Management (Q2)";"Business, Management and Accounting; Decision Sciences"
222;23978;"Journal of Theoretical Probability";journal;"15729230, 08949840";"Springer New York";No;No;0,588;Q2;46;92;279;2645;219;279;0,72;28,75;20,50;0;United States;Northern America;"Springer New York";"1988-2026";"Mathematics (miscellaneous) (Q2); Statistics and Probability (Q2); Statistics, Probability and Uncertainty (Q2)";"Decision Sciences; Mathematics"
223;19900192134;"Decision Sciences Journal of Innovative Education";journal;"15404609, 15404595";"John Wiley and Sons Ltd";No;No;0,583;Q2;32;16;64;574;132;61;1,16;35,88;39,02;0;United Kingdom;Western Europe;"John Wiley and Sons Ltd";"2011-2025";"Business, Management and Accounting (miscellaneous) (Q2); Decision Sciences (miscellaneous) (Q2); Education (Q2)";"Business, Management and Accounting; Decision Sciences; Social Sciences"
224;21100204505;"Australasian Journal of Information Systems";journal;"14498618, 13262238";"Australasian Association for Information Systems";Yes;Yes;0,582;Q2;37;24;109;2267;312;106;2,84;94,46;52,70;1;Australia;Pacific Region;"Australasian Association for Information Systems";"1996, 2007, 2009-2025";"Business, Management and Accounting (miscellaneous) (Q2); Information Systems (Q2); Information Systems and Management (Q2); Human-Computer Interaction (Q3)";"Business, Management and Accounting; Computer Science; Decision Sciences"
225;21101063736;"IFAC Journal of Systems and Control";journal;"24686018";"Elsevier B.V.";No;No;0,582;Q2;19;20;71;791;153;71;2,19;39,55;18,00;0;United Kingdom;Western Europe;"Elsevier B.V.";"2017-2026";"Computer Networks and Communications (Q2); Computer Science Applications (Q2); Control and Systems Engineering (Q2); Management Science and Operations Research (Q2); Modeling and Simulation (Q2); Artificial Intelligence (Q3)";"Computer Science; Decision Sciences; Engineering; Mathematics"
226;19929;"Interfaces";journal;"00922102, 1526551X";"INFORMS Inst.for Operations Res.and the Management Sciences";Yes;No;0,581;Q2;74;0;0;0;0;0;0,00;0,00;0,00;0;United States;Northern America;"INFORMS Inst.for Operations Res.and the Management Sciences";"1980-1988, 1990-1991, 1993, 1996-2018";"Management of Technology and Innovation (Q2); Management Science and Operations Research (Q2); Strategy and Management (Q2)";"Business, Management and Accounting; Decision Sciences"
227;21100888787;"Annals of Economics and Statistics";journal;"21154430, 19683863";"Groupe des ecoles nationales d'economie et statistique";No;No;0,576;Q2;9;16;61;636;26;58;0,37;39,75;38,46;3;France;Western Europe;"Groupe des ecoles nationales d'economie et statistique";"2018-2025";"Social Sciences (miscellaneous) (Q1); Economics and Econometrics (Q2); Statistics and Probability (Q2); Statistics, Probability and Uncertainty (Q2)";"Decision Sciences; Economics, Econometrics and Finance; Mathematics; Social Sciences"
228;14188;"Statistica Neerlandica";journal;"00390402, 14679574";"Wiley-Blackwell Publishing Ltd";No;No;0,575;Q2;45;30;74;866;109;69;1,37;28,87;22,22;1;United Kingdom;Western Europe;"Wiley-Blackwell Publishing Ltd";"1946, 1948-2026";"Statistics and Probability (Q2); Statistics, Probability and Uncertainty (Q2)";"Decision Sciences; Mathematics"
229;12981;"Kybernetes";journal;"0368492X";"Emerald Publishing";No;No;0,571;-;65;292;468;20080;1624;462;3,44;68,77;34,53;0;United Kingdom;Western Europe;"Emerald Publishing";"1972-2026";"Social Sciences (miscellaneous) (Q1); Computer Science (miscellaneous) (Q2); Control and Systems Engineering (Q2); Electrical and Electronic Engineering (Q2); Engineering (miscellaneous) (Q2); Information Systems (Q2); Software (Q2); Theoretical Computer Science (Q2); Artificial Intelligence (Q3)";"Computer Science; Engineering; Mathematics; Social Sciences"
230;21100855822;"Cogent Business and Management";journal;"23311975";"Cogent OA";Yes;No;0,567;Q2;68;614;889;48145;3607;882;3,66;78,41;35,94;19;United Kingdom;Western Europe;"Cogent OA";"2014-2026";"Accounting (Q2); Business and International Management (Q2); Business, Management and Accounting (miscellaneous) (Q2); Management Science and Operations Research (Q2); Marketing (Q2); Organizational Behavior and Human Resource Management (Q2); Strategy and Management (Q2)";"Business, Management and Accounting; Decision Sciences"
231;21101024237;"Journal of Operational Meteorology";journal;"23256184";"National Weather Association";No;No;0,567;Q2;10;11;22;411;36;22;0,91;37,36;17,54;1;United States;Northern America;"National Weather Association";"2019-2025";"Computers in Earth Sciences (Q2); Management Science and Operations Research (Q2); Atmospheric Science (Q3)";"Decision Sciences; Earth and Planetary Sciences"
232;28930;"Computational Statistics";journal;"16139658, 09434062";"Springer Science and Business Media Deutschland GmbH";No;No;0,566;Q2;58;86;314;2739;517;307;1,55;31,85;22,22;2;Germany;Western Europe;"Springer Science and Business Media Deutschland GmbH";"1996-2026";"Computational Mathematics (Q2); Statistics and Probability (Q2); Statistics, Probability and Uncertainty (Q2)";"Decision Sciences; Mathematics"
233;20500195024;"Journal of Quantitative Analysis in Sports";journal;"21946388, 15590410";"Walter de Gruyter GmbH";No;No;0,563;Q2;29;20;66;688;99;65;1,17;34,40;8,70;1;Germany;Western Europe;"Walter de Gruyter GmbH";"2011-2026";"Social Sciences (miscellaneous) (Q1); Decision Sciences (miscellaneous) (Q2)";"Decision Sciences; Social Sciences"
234;21774;"Managerial and Decision Economics";journal;"10991468, 01436570";"John Wiley and Sons Ltd";No;No;0,555;Q2;71;300;554;16552;1354;552;2,52;55,17;38,91;7;United Kingdom;Western Europe;"John Wiley and Sons Ltd";"1980-2026";"Business and International Management (Q2); Management of Technology and Innovation (Q2); Management Science and Operations Research (Q2); Strategy and Management (Q2)";"Business, Management and Accounting; Decision Sciences"
235;21100301413;"Journal of the Operations Research Society of China";journal;"21946698, 2194668X";"Springer International Publishing";No;No;0,554;Q3;25;55;120;1449;246;115;1,41;26,35;28,67;0;Switzerland;Western Europe;"Springer International Publishing";"2013-2026";"Applied Mathematics (Q2); Mathematics (miscellaneous) (Q2); Management Science and Operations Research (Q3)";"Decision Sciences; Mathematics"
236;23838;"Journal of Applied Probability";journal;"14756072, 00219002";"Cambridge University Press";No;No;0,551;Q2;67;86;198;2279;174;198;0,79;26,50;20,53;0;United Kingdom;Western Europe;"Cambridge University Press";"1975-2026";"Mathematics (miscellaneous) (Q2); Statistics and Probability (Q2); Statistics, Probability and Uncertainty (Q2)";"Decision Sciences; Mathematics"
237;21100803571;"Digital Policy, Regulation and Governance";journal;"23985038, 23985046";"Emerald Publishing";No;No;0,547;Q2;48;37;99;2520;285;92;2,39;68,11;42,05;0;United Kingdom;Western Europe;"Emerald Publishing";"2017-2026";"Computer Networks and Communications (Q2); Information Systems (Q2); Information Systems and Management (Q2); Management Information Systems (Q2); Management of Technology and Innovation (Q2)";"Business, Management and Accounting; Computer Science; Decision Sciences"
238;19700187807;"Information Security Journal";journal;"19393555, 19393547";"Taylor and Francis Ltd.";No;No;0,546;Q2;37;27;93;1400;312;93;2,77;51,85;32,84;2;United Kingdom;Western Europe;"Taylor and Francis Ltd.";"2008-2026";"Computer Science Applications (Q2); Information Systems and Management (Q2); Software (Q3)";"Computer Science; Decision Sciences"
239;12119;"Journal of Applied Statistics";journal;"02664763, 13600532";"Routledge";No;No;0,545;Q2;75;168;546;5816;886;529;1,39;34,62;32,30;4;United Kingdom;Western Europe;"Routledge";"1970-1971, 1973-2026";"Statistics and Probability (Q2); Statistics, Probability and Uncertainty (Q2)";"Decision Sciences; Mathematics"
240;19700186884;"Journal of Data and Information Quality";journal;"19361963, 19361955";"Association for Computing Machinery";No;No;0,545;Q2;36;38;75;2154;214;73;2,60;56,68;25,74;1;United States;Northern America;"Association for Computing Machinery";"2009-2025";"Information Systems (Q2); Information Systems and Management (Q2)";"Computer Science; Decision Sciences"
241;15688;"Journal of Information Systems";journal;"08887985, 15587959";"American Accounting Association";No;No;0,537;Q2;52;24;97;1845;258;95;2,38;76,88;27,69;0;United States;Northern America;"American Accounting Association";"2006, 2009-2025";"Accounting (Q2); Information Systems (Q2); Information Systems and Management (Q2); Management Information Systems (Q2); Management of Technology and Innovation (Q2); Human-Computer Interaction (Q3); Software (Q3)";"Business, Management and Accounting; Computer Science; Decision Sciences"
242;12837;"Metrika";journal;"1435926X, 00261335";"Springer Verlag";No;No;0,535;Q2;50;40;141;1101;134;141;1,00;27,53;25,74;0;Germany;Western Europe;"Springer Verlag";"1958-2026";"Statistics and Probability (Q2); Statistics, Probability and Uncertainty (Q2)";"Decision Sciences; Mathematics"
243;21805;"Mathematical Methods of Operations Research";journal;"14325217, 14322994";"Physica-Verlag";No;No;0,535;Q3;59;35;120;1056;129;116;1,00;30,17;23,53;0;Germany;Western Europe;"Physica-Verlag";"1996-2026";"Mathematics (miscellaneous) (Q2); Management Science and Operations Research (Q3); Software (Q3)";"Computer Science; Decision Sciences; Mathematics"
244;4000152132;"International Journal of Biostatistics";journal;"15574679";"Walter de Gruyter GmbH";No;No;0,534;Q2;49;32;77;1248;120;77;1,50;39,00;27,50;0;Germany;Western Europe;"Walter de Gruyter GmbH";"2005-2026";"Medicine (miscellaneous) (Q2); Statistics and Probability (Q2); Statistics, Probability and Uncertainty (Q2)";"Decision Sciences; Mathematics; Medicine"
245;21101122877;"Forecasting";journal;"25719394";"Multidisciplinary Digital Publishing Institute (MDPI)";Yes;No;0,532;Q2;29;36;141;2000;461;135;3,23;55,56;23,89;1;Switzerland;Western Europe;"Multidisciplinary Digital Publishing Institute (MDPI)";"2019-2025";"Economics, Econometrics and Finance (miscellaneous) (Q1); Computational Theory and Mathematics (Q2); Computer Science Applications (Q2); Decision Sciences (miscellaneous) (Q2)";"Computer Science; Decision Sciences; Economics, Econometrics and Finance"
246;145592;"Computational and Mathematical Organization Theory";journal;"15729346, 1381298X";"Springer";No;No;0,530;Q2;39;23;54;985;142;53;2,52;42,83;32,48;0;United States;Northern America;"Springer";"1995, 2000-2001, 2004-2026";"Applied Mathematics (Q2); Computational Mathematics (Q2); Computer Science (miscellaneous) (Q2); Decision Sciences (miscellaneous) (Q2); Modeling and Simulation (Q2)";"Computer Science; Decision Sciences; Mathematics"
247;21100374809;"Journal of Science and Technology Policy Management";journal;"20534639, 20534620";"Emerald Group Publishing Ltd.";No;No;0,529;Q3;41;57;106;4425;353;95;3,02;77,63;28,86;0;United Kingdom;Western Europe;"Emerald Group Publishing Ltd.";"2014-2026";"Industrial Relations (Q2); Management of Technology and Innovation (Q2); Strategy and Management (Q2); Management Science and Operations Research (Q3)";"Business, Management and Accounting; Decision Sciences"
248;21100421900;"Information and Computer Security";journal;"2056497X, 20564961";"Emerald Publishing";No;No;0,527;Q2;63;34;116;2009;399;115;2,88;59,09;33,33;0;United Kingdom;Western Europe;"Emerald Publishing";"2015-2026";"Computer Networks and Communications (Q2); Information Systems (Q2); Information Systems and Management (Q2); Management Information Systems (Q2); Management of Technology and Innovation (Q2); Software (Q3)";"Business, Management and Accounting; Computer Science; Decision Sciences"
249;15654;"Journal of Agricultural, Biological, and Environmental Statistics";journal;"10857117, 15372693";"Springer";No;No;0,526;Q2;61;42;108;1602;169;106;1,36;38,14;32,37;3;United States;Northern America;"Springer";"1996-2026";"Agricultural and Biological Sciences (miscellaneous) (Q2); Applied Mathematics (Q2); Environmental Science (miscellaneous) (Q2); Statistics and Probability (Q2); Statistics, Probability and Uncertainty (Q2)";"Agricultural and Biological Sciences; Decision Sciences; Environmental Science; Mathematics"
250;21100211751;"International Journal of Industrial Engineering and Management";journal;"22172661, 2683345X";"University of Novi Sad";Yes;Yes;0,519;-;27;25;77;1218;251;73;3,56;48,72;29,23;0;Serbia;Eastern Europe;"University of Novi Sad";"2010-2025";"Business, Management and Accounting (miscellaneous) (Q2); Industrial and Manufacturing Engineering (Q2)";"Business, Management and Accounting; Engineering"
251;21100886537;"Operations and Supply Chain Management";journal;"19793561, 25799363";"Operations and Supply Chain Management Forum";Yes;No;0,518;Q2;25;43;119;2649;391;119;3,16;61,60;33,64;1;Indonesia;Asiatic Region;"Operations and Supply Chain Management Forum";"2018-2025";"Information Systems and Management (Q2); Management Information Systems (Q2); Management Science and Operations Research (Q3); Statistics, Probability and Uncertainty (Q3)";"Business, Management and Accounting; Decision Sciences"
252;21101093023;"Probability, Uncertainty and Quantitative Risk";journal;"23670126, 20959672";"American Institute of Mathematical Sciences";No;No;0,516;Q3;14;24;48;673;59;47;1,07;28,04;30,91;0;United States;Northern America;"American Institute of Mathematical Sciences";"2016-2025";"Applied Mathematics (Q2); Statistics and Probability (Q2); Statistics, Probability and Uncertainty (Q3)";"Decision Sciences; Mathematics"
253;21101073717;"Pacific Asia Journal of the Association for Information Systems";journal;"19437536, 19437544";"Association for Information Systems";No;No;0,511;Q2;19;16;66;1587;206;64;2,86;99,19;36,36;0;United States;Northern America;"Association for Information Systems";"2018-2025";"Information Systems (Q2); Information Systems and Management (Q2); Management Information Systems (Q2); Computer Science Applications (Q3); Human-Computer Interaction (Q3)";"Business, Management and Accounting; Computer Science; Decision Sciences"
254;21100395701;"Journal of Complex Networks";journal;"20511310, 20511329";"Oxford University Press";No;No;0,511;Q3;36;46;185;1785;452;185;2,51;38,80;24,80;1;United States;Northern America;"Oxford University Press";"2013-2026";"Applied Mathematics (Q2); Computational Mathematics (Q2); Computer Networks and Communications (Q2); Control and Optimization (Q2); Management Science and Operations Research (Q3)";"Computer Science; Decision Sciences; Mathematics"
255;23559;"Journal of Statistical Computation and Simulation";journal;"15635163, 00949655";"Taylor and Francis Ltd.";No;No;0,510;Q3;74;157;536;5160;687;536;1,18;32,87;30,03;2;United Kingdom;Western Europe;"Taylor and Francis Ltd.";"1972-2026";"Applied Mathematics (Q2); Modeling and Simulation (Q2); Statistics and Probability (Q2); Statistics, Probability and Uncertainty (Q3)";"Decision Sciences; Mathematics"
256;28893;"Canadian Journal of Statistics";journal;"03195724, 1708945X";"Wiley-Blackwell";No;No;0,508;Q3;60;56;165;1825;152;157;0,95;32,59;27,21;0;United States;Northern America;"Wiley-Blackwell";"1973-2026";"Statistics and Probability (Q2); Statistics, Probability and Uncertainty (Q3)";"Decision Sciences; Mathematics"
257;21100924372;"Data";journal;"23065729";"Multidisciplinary Digital Publishing Institute (MDPI)";Yes;No;0,503;Q2;49;186;432;6923;1263;400;2,87;37,22;31,38;6;Switzerland;Western Europe;"Multidisciplinary Digital Publishing Institute (MDPI)";"2016-2026";"Information Systems (Q2); Information Systems and Management (Q2); Computer Science Applications (Q3)";"Computer Science; Decision Sciences"
258;12100154510;"International Journal of Enterprise Information Systems";journal;"15481115, 15481123";"IGI Publishing";No;No;0,500;Q2;32;4;55;372;122;55;1,96;93,00;44,44;0;United States;Northern America;"IGI Publishing";"2005-2023, 2025-2026";"Information Systems and Management (Q2); Management Information Systems (Q2); Computer Science Applications (Q3)";"Business, Management and Accounting; Computer Science; Decision Sciences"
259;19900194826;"Journal of Global Information Technology Management";journal;"1097198X, 23336846";"Taylor and Francis Ltd.";No;No;0,499;Q2;43;20;61;1330;150;39;2,15;66,50;22,22;0;United Kingdom;Western Europe;"Taylor and Francis Ltd.";"1998-2026";"E-learning (Q2); Information Systems (Q2); Information Systems and Management (Q2)";"Computer Science; Decision Sciences; Social Sciences"
260;26941;"Theory and Decision";journal;"15737187, 00405833";"Springer Netherlands";No;No;0,499;Q2;51;58;156;2125;158;151;1,14;36,64;19,09;2;Netherlands;Western Europe;"Springer Netherlands";"1970-2026";"Arts and Humanities (miscellaneous) (Q1); Decision Sciences (miscellaneous) (Q2); Economics, Econometrics and Finance (miscellaneous) (Q2); Social Sciences (miscellaneous) (Q2); Applied Psychology (Q3); Computer Science Applications (Q3); Developmental and Educational Psychology (Q3)";"Arts and Humanities; Computer Science; Decision Sciences; Economics, Econometrics and Finance; Psychology; Social Sciences"
261;21101123946;"Open Journal of Mathematical Optimization";journal;"27775860";"Universite de Montpellier III";Yes;Yes;0,499;Q3;6;7;20;207;32;20;1,67;29,57;20,00;0;France;Western Europe;"Universite de Montpellier III";"2020-2025";"Control and Optimization (Q2); Management Science and Operations Research (Q3)";"Decision Sciences; Mathematics"
262;21100935763;"Health Systems";journal;"20476973, 20476965";"Taylor and Francis Inc.";No;No;0,496;Q3;24;31;62;2340;133;61;1,38;75,48;34,00;5;United States;Northern America;"Taylor and Francis Inc.";"2012-2026";"Information Systems (Q2); Computer Science Applications (Q3); Health Informatics (Q3); Health Information Management (Q3); Health Policy (Q3); Human-Computer Interaction (Q3); Management Science and Operations Research (Q3)";"Computer Science; Decision Sciences; Health Professions; Medicine"
263;21101141431;"Journal for the Measurement of Physical Behaviour";journal;"25756605, 25756613";"Human Kinetics Publishers Inc.";No;No;0,496;Q3;19;31;110;1211;179;107;1,46;39,06;38,30;1;United States;Northern America;"Human Kinetics Publishers Inc.";"2019-2026";"Computer Science (miscellaneous) (Q2); Engineering (miscellaneous) (Q2); Psychology (miscellaneous) (Q2); Public Health, Environmental and Occupational Health (Q3); Statistics, Probability and Uncertainty (Q3)";"Computer Science; Decision Sciences; Engineering; Medicine; Psychology"
264;21100242231;"Built Environment Project and Asset Management";journal;"2044124X, 20441258";"Emerald Group Publishing Ltd.";No;No;0,493;Q3;43;54;159;3062;447;152;2,34;56,70;21,62;0;United Kingdom;Western Europe;"Emerald Group Publishing Ltd.";"2011-2026";"Architecture (Q1); Building and Construction (Q2); Civil and Structural Engineering (Q2); Engineering (miscellaneous) (Q2); Urban Studies (Q2); Management Science and Operations Research (Q3)";"Decision Sciences; Engineering; Social Sciences"
265;5000158106;"Central European Journal of Operations Research";journal;"16139178, 1435246X";"Springer";No;No;0,493;Q3;48;52;194;1966;408;189;1,93;37,81;26,15;0;Germany;Western Europe;"Springer";"2006-2026";"Management Science and Operations Research (Q3)";"Decision Sciences"
266;23842;"Journal of Classification";journal;"01764268, 14321343";"Springer New York";No;No;0,488;Q3;51;27;105;1065;204;96;2,18;39,44;37,50;0;United States;Northern America;"Springer New York";"1984-2026";"Library and Information Sciences (Q2); Mathematics (miscellaneous) (Q2); Psychology (miscellaneous) (Q2); Statistics, Probability and Uncertainty (Q3)";"Decision Sciences; Mathematics; Psychology; Social Sciences"
267;29978;"Stat";journal;"20491573";"John Wiley and Sons Inc";No;No;0,486;Q3;27;116;257;3583;208;257;0,54;30,89;32,29;1;United Kingdom;Western Europe;"John Wiley and Sons Inc";"2012-2026";"Statistics and Probability (Q3); Statistics, Probability and Uncertainty (Q3)";"Decision Sciences; Mathematics"
268;21100886533;"Journal of Information Technology Case and Application Research";journal;"15228053, 23336897";"Taylor and Francis Ltd.";No;No;0,485;Q2;24;23;60;830;134;38;1,23;36,09;25,00;1;United States;Northern America;"Taylor and Francis Ltd.";"1999, 2005-2026";"Information Systems and Management (Q2); Management Science and Operations Research (Q3)";"Decision Sciences"
269;21100898991;"Modern Stochastics: Theory and Applications";journal;"23516046, 23516054";"VTeX";Yes;Yes;0,480;Q3;9;20;65;555;58;65;0,74;27,75;9,09;0;Lithuania;Eastern Europe;"VTeX";"2018-2025";"Modeling and Simulation (Q2); Statistics and Probability (Q3); Statistics, Probability and Uncertainty (Q3)";"Decision Sciences; Mathematics"
270;21100200822;"Pakistan Journal of Statistics and Operation Research";journal;"22205810, 18162711";"University of Punjab (new Campus)";Yes;No;0,473;Q3;32;47;208;1403;377;208;1,66;29,85;26,44;1;Pakistan;Asiatic Region;"University of Punjab (new Campus)";"2011-2025";"Modeling and Simulation (Q2); Management Science and Operations Research (Q3); Statistics and Probability (Q3); Statistics, Probability and Uncertainty (Q3)";"Decision Sciences; Mathematics"
271;21100202150;"Operations Research for Health Care";journal;"22116923";"Elsevier B.V.";No;No;0,469;Q3;41;14;42;616;86;40;1,68;44,00;31,25;0;United Kingdom;Western Europe;"Elsevier B.V.";"2012-2025";"Health Professions (miscellaneous) (Q2); Oral Surgery (Q2); Surgery (Q2); Management Science and Operations Research (Q3); Medicine (miscellaneous) (Q3); Otorhinolaryngology (Q3)";"Decision Sciences; Dentistry; Health Professions; Medicine"
272;21100264009;"Journal of Multi-Criteria Decision Analysis";journal;"10579214, 10991360";"John Wiley and Sons Ltd";No;No;0,467;Q3;57;13;80;968;193;76;2,26;74,46;24,32;0;United Kingdom;Western Europe;"John Wiley and Sons Ltd";"1992-2003, 2005-2006, 2008-2026";"Strategy and Management (Q2); Decision Sciences (miscellaneous) (Q3)";"Business, Management and Accounting; Decision Sciences"
273;25195;"Applied Stochastic Models in Business and Industry";journal;"15264025, 15241904";"John Wiley and Sons Ltd";No;No;0,452;Q3;50;60;214;1860;282;188;1,46;31,00;35,09;0;United Kingdom;Western Europe;"John Wiley and Sons Ltd";"1999-2026";"Business, Management and Accounting (miscellaneous) (Q2); Modeling and Simulation (Q2); Management Science and Operations Research (Q3)";"Business, Management and Accounting; Decision Sciences; Mathematics"
274;14054;"SORT";journal;"16962281, 20138830";"Institut d'Estadistica de Catalunya";Yes;Yes;0,452;Q3;28;12;20;804;40;20;0,73;67,00;42,86;7;Spain;Western Europe;"Institut d'Estadistica de Catalunya";"2003-2025";"Management Science and Operations Research (Q3); Statistics and Probability (Q3); Statistics, Probability and Uncertainty (Q3)";"Decision Sciences; Mathematics"
275;21100901158;"EURO Journal on Decision Processes";journal;"21939446, 21939438";"Elsevier B.V.";Yes;No;0,450;Q3;23;13;28;759;73;28;3,24;58,38;23,53;1;Germany;Western Europe;"Elsevier B.V.";"2013-2026";"Applied Mathematics (Q2); Business, Management and Accounting (miscellaneous) (Q2); Computational Mathematics (Q3); Decision Sciences (miscellaneous) (Q3); Statistics and Probability (Q3)";"Business, Management and Accounting; Decision Sciences; Mathematics"
276;22202;"Operations Research Letters";journal;"01676377";"Elsevier B.V.";No;No;0,449;Q3;89;124;412;2356;473;410;0,97;19,00;20,86;1;Netherlands;Western Europe;"Elsevier B.V.";"1981-2026";"Applied Mathematics (Q2); Industrial and Manufacturing Engineering (Q2); Management Science and Operations Research (Q3); Software (Q3)";"Computer Science; Decision Sciences; Engineering; Mathematics"
277;14794;"Statistics and Probability Letters";journal;"01677152";"Elsevier B.V.";No;No;0,448;Q3;79;160;658;2769;597;658;1,04;17,31;22,30;4;Netherlands;Western Europe;"Elsevier B.V.";"1982-2026";"Statistics and Probability (Q3); Statistics, Probability and Uncertainty (Q3)";"Decision Sciences; Mathematics"
278;13130;"Distributed and Parallel Databases";journal;"09268782, 15737578";"Springer Netherlands";No;No;0,442;Q2;49;30;101;951;186;96;1,66;31,70;19,40;0;Netherlands;Western Europe;"Springer Netherlands";"1993-2026";"Information Systems and Management (Q2); Hardware and Architecture (Q3); Information Systems (Q3); Software (Q3)";"Computer Science; Decision Sciences"
279;12120;"Journal of Nonparametric Statistics";journal;"10290311, 10485252";"Taylor and Francis Ltd.";No;No;0,440;Q3;49;39;108;1256;117;106;0,88;32,21;28,05;0;United Kingdom;Western Europe;"Taylor and Francis Ltd.";"1991-2026";"Statistics and Probability (Q3); Statistics, Probability and Uncertainty (Q3)";"Decision Sciences; Mathematics"
280;21100394100;"IET Networks";journal;"20474962, 20474954";"John Wiley &amp; Sons Inc.";Yes;No;0,439;Q3;36;23;112;903;265;109;1,98;39,26;28,24;0;United Kingdom;Western Europe;"John Wiley &amp; Sons Inc.";"2014-2026";"Computer Networks and Communications (Q3); Control and Optimization (Q3); Management Science and Operations Research (Q3)";"Computer Science; Decision Sciences; Mathematics"
281;12991;"RAIRO - Operations Research";journal;"12903868, 03990559";"EDP Sciences";No;No;0,438;Q3;43;164;633;6262;1397;632;2,16;38,18;35,92;0;France;Western Europe;"EDP Sciences";"1977-1978, 1995-2026";"Computer Science Applications (Q3); Management Science and Operations Research (Q3); Theoretical Computer Science (Q3)";"Computer Science; Decision Sciences; Mathematics"
282;21100806906;"Uncertain Supply Chain Management (discontinued)";journal;"22916822, 22916830";"Growing Science";No;No;0,436;Q3;47;190;345;9282;1725;344;5,11;48,85;30,93;0;Canada;Northern America;"Growing Science";"2013-2024";"Business and International Management (Q2); Management Information Systems (Q2); Management Science and Operations Research (Q3); Statistics, Probability and Uncertainty (Q3); Strategy and Management (Q3)";"Business, Management and Accounting; Decision Sciences"
283;15810;"Probability in the Engineering and Informational Sciences";journal;"02699648, 14698951";"Cambridge University Press";No;No;0,434;Q3;44;55;150;1697;165;150;0,97;30,85;25,93;0;United Kingdom;Western Europe;"Cambridge University Press";"1987-2026";"Industrial and Manufacturing Engineering (Q2); Management Science and Operations Research (Q3); Statistics and Probability (Q3); Statistics, Probability and Uncertainty (Q3)";"Decision Sciences; Engineering; Mathematics"
284;19700175219;"Iranian Journal of Fuzzy Systems";journal;"17350654, 26764334";"University of Sistan and Baluchestan";Yes;No;0,433;Q2;42;86;234;2988;466;234;2,01;34,74;24,73;0;Iran;Middle East;"University of Sistan and Baluchestan";"2004-2026";"Information Systems and Management (Q2); Mathematics (miscellaneous) (Q2); Artificial Intelligence (Q3); Computer Science Applications (Q3)";"Computer Science; Decision Sciences; Mathematics"
285;21101020135;"Systems";journal;"20798954";"Multidisciplinary Digital Publishing Institute (MDPI)";Yes;No;0,431;Q2;52;575;404;34689;1101;395;2,68;60,33;37,61;20;Switzerland;Western Europe;"Multidisciplinary Digital Publishing Institute (MDPI)";"2013-2026";"Information Systems and Management (Q2); Computer Networks and Communications (Q3); Control and Systems Engineering (Q3); Modeling and Simulation (Q3); Software (Q3)";"Computer Science; Decision Sciences; Engineering; Mathematics"
286;14785;"Statistics";journal;"02331888, 10294910";"Taylor and Francis Ltd.";No;No;0,427;Q3;44;67;192;2116;149;191;0,70;31,58;32,68;2;United Kingdom;Western Europe;"Taylor and Francis Ltd.";"1985-2026";"Statistics and Probability (Q3); Statistics, Probability and Uncertainty (Q3)";"Decision Sciences; Mathematics"
287;144935;"Statistical Modelling";journal;"1471082X";"SAGE Publications Ltd";No;No;0,426;Q3;53;28;78;932;78;72;1,04;33,29;26,92;0;United Kingdom;Western Europe;"SAGE Publications Ltd";"2001-2026";"Statistics and Probability (Q3); Statistics, Probability and Uncertainty (Q3)";"Decision Sciences; Mathematics"
288;21101072199;"EAI Endorsed Transactions on Scalable Information Systems (discontinued)";journal;"20329407";"European Alliance for Innovation";Yes;Yes;0,423;Q2;21;142;151;5075;440;151;2,66;35,74;37,60;0;Belgium;Western Europe;"European Alliance for Innovation";"2014-2024";"Information Systems and Management (Q2); Computer Networks and Communications (Q3); Computer Science Applications (Q3); Hardware and Architecture (Q3); Information Systems (Q3); Software (Q3)";"Computer Science; Decision Sciences"
289;23241;"International Journal of Game Theory";journal;"14321270, 00207276";"Springer Verlag";No;No;0,422;Q3;51;48;120;1458;96;120;0,75;30,38;15,05;0;Germany;Western Europe;"Springer Verlag";"1971, 1973-2026";"Mathematics (miscellaneous) (Q2); Social Sciences (miscellaneous) (Q2); Economics and Econometrics (Q3); Statistics and Probability (Q3); Statistics, Probability and Uncertainty (Q3)";"Decision Sciences; Economics, Econometrics and Finance; Mathematics; Social Sciences"
290;21101019334;"Journal of Business Analytics";journal;"2573234X, 25732358";"Taylor and Francis Ltd.";No;No;0,420;Q2;15;18;36;1197;86;35;2,72;66,50;22,41;0;United Kingdom;Western Europe;"Taylor and Francis Ltd.";"2018-2026";"Industrial and Manufacturing Engineering (Q2); Information Systems and Management (Q2); Management Information Systems (Q2); Artificial Intelligence (Q3); Information Systems (Q3); Management Science and Operations Research (Q3); Statistics, Probability and Uncertainty (Q3)";"Business, Management and Accounting; Computer Science; Decision Sciences; Engineering"
291;19900193531;"Advances in Decision Sciences";journal;"20903367, 20903359";"Asia University";Yes;No;0,417;Q2;25;34;75;1838;290;75;5,16;54,06;24,73;0;Taiwan;Asiatic Region;"Asia University";"2010-2026";"Information Systems and Management (Q2); Decision Sciences (miscellaneous) (Q3); Management Science and Operations Research (Q3); Statistics, Probability and Uncertainty (Q3)";"Decision Sciences"
292;21100195305;"Law, Probability and Risk";journal;"1470840X, 14708396";"Oxford University Press";No;No;0,417;Q3;23;4;41;145;41;34;0,91;36,25;71,43;0;United Kingdom;Western Europe;"Oxford University Press";"2007, 2011-2026";"Law (Q1); Philosophy (Q1); Statistics, Probability and Uncertainty (Q3)";"Arts and Humanities; Decision Sciences; Social Sciences"
293;21100840031;"Critical Military Studies";journal;"23337486, 23337494";"Taylor and Francis Ltd.";No;No;0,416;Q3;27;37;84;2155;83;82;1,13;58,24;33,33;4;United Kingdom;Western Europe;"Taylor and Francis Ltd.";"2015-2026";"History (Q1); Law (Q1); Political Science and International Relations (Q2); Social Sciences (miscellaneous) (Q2); Sociology and Political Science (Q2); Management Science and Operations Research (Q3)";"Arts and Humanities; Decision Sciences; Social Sciences"
294;21100888812;"Journal of Data and Information Science";journal;"2096157X, 2543683X";"";Yes;Yes;0,414;Q2;23;25;96;996;161;93;1,86;39,84;31,82;1;Poland;Eastern Europe;"";"2016-2026";"Information Systems and Management (Q2); Library and Information Sciences (Q2); Public Administration (Q2)";"Decision Sciences; Social Sciences"
295;145729;"Statistical Methods and Applications";journal;"16182510, 1613981X";"";No;No;0,414;Q3;37;70;166;2804;172;160;1,11;40,06;38,42;4;Germany;Western Europe;"";"1996-1997, 2000-2026";"Statistics and Probability (Q3); Statistics, Probability and Uncertainty (Q3)";"Decision Sciences; Mathematics"
296;21101133575;"Journal of International Crisis and Risk Communication Research (discontinued)";journal;"25760025, 25760017";"Nicholson School of Communication and Media";Yes;No;0,412;Q3;15;10;44;446;98;42;2,06;44,60;45,83;1;United States;Northern America;"Nicholson School of Communication and Media";"2019-2023";"Communication (Q2); Safety Research (Q2); Decision Sciences (miscellaneous) (Q3)";"Decision Sciences; Social Sciences"
297;21100894767;"INFORMS Transactions on Education";journal;"15320545";"INFORMS Inst.for Operations Res.and the Management Sciences";Yes;Yes;0,408;Q3;10;24;50;352;61;47;1,06;14,67;20,51;0;United States;Northern America;"INFORMS Inst.for Operations Res.and the Management Sciences";"2001, 2006, 2009, 2012, 2014, 2018-2025";"Education (Q2); Management Information Systems (Q2); Management Science and Operations Research (Q3)";"Business, Management and Accounting; Decision Sciences; Social Sciences"
298;21100941199;"Statistics and Public Policy";journal;"2330443X";"Taylor and Francis Inc.";Yes;No;0,405;Q3;21;14;32;412;59;32;1,52;29,43;45,83;0;United States;Northern America;"Taylor and Francis Inc.";"2014-2025";"Applied Mathematics (Q3); Public Administration (Q3); Statistics and Probability (Q3); Statistics, Probability and Uncertainty (Q3)";"Decision Sciences; Mathematics; Social Sciences"
299;21100209308;"Theory of Probability and Mathematical Statistics";journal;"00949000, 15477363";"American Mathematical Society";No;No;0,402;Q3;16;18;89;530;61;82;0,42;29,44;27,78;0;United States;Northern America;"American Mathematical Society";"2004-2025";"Statistics and Probability (Q3); Statistics, Probability and Uncertainty (Q3)";"Decision Sciences; Mathematics"
300;21100314709;"Decision Science Letters";journal;"19295804, 19295812";"Growing Science";Yes;Yes;0,399;Q3;35;64;130;2929;286;129;1,76;45,77;31,33;0;Canada;Northern America;"Growing Science";"2012-2026";"Decision Sciences (miscellaneous) (Q3)";"Decision Sciences"
301;21100939697;"Synthesis Lectures on Information Concepts, Retrieval, and Services";book series;"1947945X, 19479468";"Springer International Publishing";No;No;0,398;Q2;7;26;61;1229;18;3;0,29;47,27;0,00;0;Switzerland;Western Europe;"Springer International Publishing";"2010, 2012, 2017-2026";"Information Systems and Management (Q2); Library and Information Sciences (Q2); Computer Networks and Communications (Q3); Information Systems (Q3)";"Computer Science; Decision Sciences; Social Sciences"
302;19700188202;"International Journal of Digital Accounting Research";journal;"15778517, 23405058";"Universidad de Huelva";No;No;0,390;Q3;20;6;21;347;56;21;2,40;57,83;58,33;0;Spain;Western Europe;"Universidad de Huelva";"2010-2025";"Accounting (Q3); Finance (Q3); Information Systems and Management (Q3)";"Business, Management and Accounting; Decision Sciences; Economics, Econometrics and Finance"
303;145274;"Journal of Statistical Mechanics: Theory and Experiment";journal;"17425468";"Institute of Physics";No;No;0,388;Q3;101;194;893;9344;1325;892;1,50;48,16;16,78;0;United Kingdom;Western Europe;"Institute of Physics";"2004-2025";"Statistical and Nonlinear Physics (Q3); Statistics and Probability (Q3); Statistics, Probability and Uncertainty (Q3)";"Decision Sciences; Mathematics; Physics and Astronomy"
304;19700181204;"OPSEARCH";journal;"00303887, 09750320";"Springer India";No;No;0,386;Q3;37;78;179;3545;364;179;1,98;45,45;23,08;0;India;Asiatic Region;"Springer India";"1998-1999, 2009-2026";"Management Information Systems (Q2); Computer Science Applications (Q3); Information Systems (Q3); Management Science and Operations Research (Q3)";"Business, Management and Accounting; Computer Science; Decision Sciences"
305;21101046369;"Brazilian Journal of Operations and Production Management";journal;"16798171, 22378960";"Associacao Brasileira de Engenharia de Producao";Yes;Yes;0,377;Q3;19;33;114;1877;226;112;2,55;56,88;33,33;0;Brazil;Latin America;"Associacao Brasileira de Engenharia de Producao";"2019-2025";"Industrial and Manufacturing Engineering (Q2); Computer Science Applications (Q3); Management of Technology and Innovation (Q3); Management Science and Operations Research (Q3); Strategy and Management (Q3)";"Business, Management and Accounting; Computer Science; Decision Sciences; Engineering"
306;21100862481;"ACRN Journal of Finance and Risk Perspectives";journal;"23057394";"ACRN Oxford Ltd.";Yes;No;0,376;Q3;9;4;42;231;79;42;0,50;57,75;55,56;0;United Kingdom;Western Europe;"ACRN Oxford Ltd.";"2017-2023";"Accounting (Q3); Business and International Management (Q3); Finance (Q3); Statistics, Probability and Uncertainty (Q3)";"Business, Management and Accounting; Decision Sciences; Economics, Econometrics and Finance"
307;21101068186;"International Journal of Crowd Science";journal;"23987294";"Tsinghua University Press";Yes;Yes;0,375;Q3;20;26;66;609;144;65;2,29;23,42;38,57;0;United Kingdom;Western Europe;"Tsinghua University Press";"2017-2025";"Business, Management and Accounting (miscellaneous) (Q2); Computer Science (miscellaneous) (Q2); Decision Sciences (miscellaneous) (Q3)";"Business, Management and Accounting; Computer Science; Decision Sciences"
308;21100464776;"Statistics, Optimization and Information Computing";journal;"23105070, 2311004X";"International Academic Press";Yes;No;0,375;Q3;24;74;200;2082;283;200;1,43;28,14;21,79;0;Hong Kong;Asiatic Region;"International Academic Press";"2013-2026";"Artificial Intelligence (Q3); Computer Vision and Pattern Recognition (Q3); Control and Optimization (Q3); Information Systems (Q3); Signal Processing (Q3); Statistics and Probability (Q3); Statistics, Probability and Uncertainty (Q3)";"Computer Science; Decision Sciences; Mathematics"
309;21100775412;"Foresight and STI Governance";journal;"23129972, 25002597";"National Research University Higher School of Economics (HSE University)";Yes;Yes;0,373;Q3;31;31;88;1894;160;85;1,59;61,10;33,33;0;Russian Federation;Eastern Europe;"National Research University Higher School of Economics (HSE University)";"2015-2025";"History and Philosophy of Science (Q1); Development (Q2); Economics, Econometrics and Finance (miscellaneous) (Q2); Social Sciences (miscellaneous) (Q2); Business and International Management (Q3); Business, Management and Accounting (miscellaneous) (Q3); Decision Sciences (miscellaneous) (Q3); Management of Technology and Innovation (Q3); Statistics, Probability and Uncertainty (Q3); Strategy and Management (Q3)";"Arts and Humanities; Business, Management and Accounting; Decision Sciences; Economics, Econometrics and Finance; Social Sciences"
310;21100936589;"Journal of ICT Standardization";journal;"2245800X, 22460853";"River Publishers";No;No;0,368;Q3;14;20;63;475;101;56;1,73;23,75;38,98;0;Denmark;Western Europe;"River Publishers";"2014-2025";"Computer Networks and Communications (Q3); Computer Science Applications (Q3); Information Systems (Q3); Information Systems and Management (Q3); Management of Technology and Innovation (Q3)";"Business, Management and Accounting; Computer Science; Decision Sciences"
311;19400158510;"Logistics Research";journal;"18650368, 1865035X";"Emerald Publishing";Yes;Yes;0,368;Q3;31;12;26;1076;48;26;2,06;89,67;28,57;1;Germany;Western Europe;"Emerald Publishing";"2009-2025";"Management Information Systems (Q2); Computer Science Applications (Q3); Control and Systems Engineering (Q3); Information Systems (Q3); Management Science and Operations Research (Q3)";"Business, Management and Accounting; Computer Science; Decision Sciences; Engineering"
312;14500154708;"Statistical Journal of the IAOS";journal;"18747655";"SAGE Publications Ltd";No;No;0,366;Q3;25;70;394;1786;250;355;0,46;25,51;34,13;0;United Kingdom;Western Europe;"SAGE Publications Ltd";"2007-2009, 2011-2026";"Economics and Econometrics (Q3); Management Information Systems (Q3); Statistics, Probability and Uncertainty (Q3)";"Business, Management and Accounting; Decision Sciences; Economics, Econometrics and Finance"
313;21100901206;"IAES International Journal of Artificial Intelligence";journal;"20894872, 22528938";"Institute of Advanced Engineering and Science";Yes;No;0,365;Q3;33;207;379;7053;1090;379;2,68;34,07;35,89;0;Indonesia;Asiatic Region;"Institute of Advanced Engineering and Science";"2018-2025";"Artificial Intelligence (Q3); Control and Systems Engineering (Q3); Electrical and Electronic Engineering (Q3); Information Systems and Management (Q3)";"Computer Science; Decision Sciences; Engineering"
314;19700187506;"International Journal of Shipping and Transport Logistics";journal;"17566517, 17566525";"Inderscience Enterprises Ltd";No;No;0,361;Q3;33;36;98;1728;143;95;1,51;48,00;25,25;0;United Kingdom;Western Europe;"Inderscience Enterprises Ltd";"2009-2026";"Business and International Management (Q3); Management of Technology and Innovation (Q3); Management Science and Operations Research (Q3); Transportation (Q3)";"Business, Management and Accounting; Decision Sciences; Social Sciences"
315;300147003;"Journal of Futures Studies";journal;"10276084";"Tamkang University";No;No;0,358;Q3;29;35;107;1376;105;107;0,93;39,31;52,11;0;Taiwan;Asiatic Region;"Tamkang University";"2005-2025";"Development (Q2); History and Philosophy of Science (Q2); Decision Sciences (miscellaneous) (Q3)";"Arts and Humanities; Decision Sciences; Social Sciences"
316;19700173246;"Academia Revista Latinoamericana de Administracion";journal;"10128255, 20565127";"Emerald Publishing";No;No;0,356;Q3;26;30;88;2234;142;87;1,71;74,47;41,82;0;United Kingdom;Western Europe;"Emerald Publishing";"2008-2026";"Economics, Econometrics and Finance (miscellaneous) (Q2); Business and International Management (Q3); Education (Q3); Management Science and Operations Research (Q3); Organizational Behavior and Human Resource Management (Q3); Public Administration (Q3); Strategy and Management (Q3)";"Business, Management and Accounting; Decision Sciences; Economics, Econometrics and Finance; Social Sciences"
317;21100838017;"Sankhya B";journal;"09768394, 09768386";"Springer India";No;No;0,356;Q3;16;27;100;1032;80;99;0,79;38,22;27,59;0;India;Asiatic Region;"Springer India";"2010-2026";"Applied Mathematics (Q3); Statistics and Probability (Q3); Statistics, Probability and Uncertainty (Q3)";"Decision Sciences; Mathematics"
318;7900153109;"Production";journal;"19805411, 01036513";"Associacao Brasileira de Engenharia de Producao";Yes;Yes;0,352;-;28;33;108;1876;196;108;1,42;56,85;32,97;0;Brazil;Latin America;"Associacao Brasileira de Engenharia de Producao";"2007-2026";"Industrial and Manufacturing Engineering (Q2)";"Engineering"
319;24017;"ZWF Zeitschrift fuer Wirtschaftlichen Fabrikbetrieb";journal;"09470085, 25110896";"Walter de Gruyter GmbH";No;No;0,350;Q3;20;178;639;2508;351;597;0,55;14,09;16,73;2;Germany;Western Europe;"Walter de Gruyter GmbH";"1995-2026";"Engineering (miscellaneous) (Q2); Management Science and Operations Research (Q3); Strategy and Management (Q3)";"Business, Management and Accounting; Decision Sciences; Engineering"
320;23110;"Asia-Pacific Journal of Operational Research";journal;"02175959, 17937019";"World Scientific Publishing Co. Pte Ltd";No;No;0,348;Q3;41;82;191;2540;267;187;1,27;30,98;39,92;0;Singapore;Asiatic Region;"World Scientific Publishing Co. Pte Ltd";"1991, 1996-2026";"Management Science and Operations Research (Q3)";"Decision Sciences"
321;14363;"INFOR";journal;"03155986, 19160615";"Taylor and Francis Ltd.";No;No;0,348;Q3;40;20;65;935;77;62;1,03;46,75;23,81;0;Canada;Northern America;"Taylor and Francis Ltd.";"1971-1991, 1995-2026";"Computer Science Applications (Q3); Information Systems (Q3); Management Science and Operations Research (Q3); Signal Processing (Q3)";"Computer Science; Decision Sciences"
322;21101023959;"International Journal of Production Management and Engineering";journal;"23404876, 23405317";"Universidad Politecnica de Valencia";Yes;Yes;0,347;Q3;12;16;43;725;77;43;2,00;45,31;33,33;1;Spain;Western Europe;"Universidad Politecnica de Valencia";"2019-2025";"Industrial and Manufacturing Engineering (Q2); Business and International Management (Q3); Management Science and Operations Research (Q3); Strategy and Management (Q3)";"Business, Management and Accounting; Decision Sciences; Engineering"
323;28426;"Australian and New Zealand Journal of Statistics";journal;"1467842X, 13691473";"Wiley-Blackwell Publishing Ltd";No;No;0,344;Q3;49;19;83;669;86;83;0,91;35,21;34,55;0;United Kingdom;Western Europe;"Wiley-Blackwell Publishing Ltd";"1998-2026";"Statistics and Probability (Q3); Statistics, Probability and Uncertainty (Q3)";"Decision Sciences; Mathematics"
324;144815;"Computational Management Science";journal;"1619697X, 16196988";"Springer";No;No;0,339;Q3;44;48;78;1967;111;75;1,40;40,98;22,31;0;Germany;Western Europe;"Springer";"2005-2026";"Business, Management and Accounting (miscellaneous) (Q3); Information Systems (Q3); Management Information Systems (Q3); Management Science and Operations Research (Q3); Statistics, Probability and Uncertainty (Q3)";"Business, Management and Accounting; Computer Science; Decision Sciences"
325;17500155101;"Lecture Notes in Business Information Processing";book series;"18651356, 18651348";"Springer Science and Business Media Deutschland GmbH";No;No;0,339;Q3;69;664;1884;16465;2176;1618;1,09;24,80;33,70;1;Germany;Western Europe;"Springer Science and Business Media Deutschland GmbH";"2008-2026";"Business and International Management (Q3); Control and Systems Engineering (Q3); Information Systems (Q3); Information Systems and Management (Q3); Management Information Systems (Q3); Modeling and Simulation (Q3)";"Business, Management and Accounting; Computer Science; Decision Sciences; Engineering; Mathematics"
326;21100913325;"Logforum";journal;"1734459X, 18952038";"Poznan School of Logistics";Yes;No;0,339;Q3;20;44;124;2121;254;124;1,53;48,20;37,39;0;Poland;Eastern Europe;"Poznan School of Logistics";"2019-2026";"Information Systems and Management (Q3); Management Information Systems (Q3); Management Science and Operations Research (Q3)";"Business, Management and Accounting; Decision Sciences"
327;23492;"Yugoslav Journal of Operations Research";journal;"03540243, 23346043";"Faculty of Organizational Sciences, University of Belgrade";Yes;Yes;0,339;Q3;28;38;96;1400;150;96;1,48;36,84;35,63;0;Serbia;Eastern Europe;"Faculty of Organizational Sciences, University of Belgrade";"1994-1997, 1999-2025";"Management Science and Operations Research (Q3)";"Decision Sciences"
328;4000149501;"International Journal of Product Lifecycle Management";journal;"17435110, 17435129";"Inderscience Enterprises Ltd";No;No;0,333;Q3;26;8;42;452;55;42;0,88;56,50;30,00;0;United Kingdom;Western Europe;"Inderscience Enterprises Ltd";"2005-2025";"Business and International Management (Q3); Management Science and Operations Research (Q3); Safety, Risk, Reliability and Quality (Q3)";"Business, Management and Accounting; Decision Sciences; Engineering"
329;21100301410;"International Journal for Quality Research";journal;"18007473, 18006450";"Centar for Quality";Yes;Yes;0,332;Q3;33;84;240;3015;417;240;1,77;35,89;51,80;0;Serbia;Eastern Europe;"Centar for Quality";"2012-2025";"Industrial and Manufacturing Engineering (Q2); Management Science and Operations Research (Q3); Safety, Risk, Reliability and Quality (Q3)";"Decision Sciences; Engineering"
330;21100892782;"Journal of Payments Strategy and Systems";journal;"17501806, 17501814";"Henry Stewart Publications";No;No;0,325;Q3;11;33;119;1048;94;106;0,64;31,76;35,94;0;United Kingdom;Western Europe;"Henry Stewart Publications";"2018-2025";"Accounting (Q3); Information Systems (Q3); Information Systems and Management (Q3); Management Information Systems (Q3)";"Business, Management and Accounting; Computer Science; Decision Sciences"
331;21100367884;"Statistics and Risk Modeling";journal;"21931402, 21967040";"Walter de Gruyter GmbH";No;No;0,324;Q3;22;4;14;113;18;14;1,50;28,25;20,00;0;Germany;Western Europe;"Walter de Gruyter GmbH";"1982-2002, 2011-2026";"Modeling and Simulation (Q3); Statistics and Probability (Q3); Statistics, Probability and Uncertainty (Q3)";"Decision Sciences; Mathematics"
332;17400154833;"Journal of Transportation Security";journal;"19387741, 1938775X";"Springer New York";No;No;0,323;Q3;23;12;46;486;68;45;1,14;40,50;37,50;0;United States;Northern America;"Springer New York";"2008-2026";"Law (Q2); Political Science and International Relations (Q2); Sociology and Political Science (Q2); Management Science and Operations Research (Q3); Safety Research (Q3); Transportation (Q3)";"Decision Sciences; Social Sciences"
333;21100869515;"International Journal of the Analytic Hierarchy Process";journal;"19366744";"Creative Decisions Foundation";Yes;Yes;0,321;Q3;12;20;92;917;113;83;1,15;45,85;32,50;0;United States;Northern America;"Creative Decisions Foundation";"2018-2025";"Decision Sciences (miscellaneous) (Q3)";"Decision Sciences"
334;21100838045;"Sankhya A";journal;"0976836X, 09768378";"Springer India";No;No;0,321;Q3;14;67;86;1548;69;86;0,89;23,10;25,64;0;India;Asiatic Region;"Springer India";"2010-2026";"Statistics and Probability (Q3); Statistics, Probability and Uncertainty (Q3)";"Decision Sciences; Mathematics"
335;21100863713;"International Journal of Knowledge and Systems Science";journal;"19478216, 19478208";"IGI Global Publishing";No;No;0,317;Q3;12;13;53;613;73;53;1,00;47,15;40,00;0;United States;Northern America;"IGI Global Publishing";"2017-2026";"Artificial Intelligence (Q3); Information Systems (Q3); Information Systems and Management (Q3); Management of Technology and Innovation (Q3); Organizational Behavior and Human Resource Management (Q3); Strategy and Management (Q3)";"Business, Management and Accounting; Computer Science; Decision Sciences"
336;21100843362;"Stochastics and Quality Control";journal;"23672390, 23672404";"Walter de Gruyter GmbH";No;No;0,317;Q3;17;9;35;228;18;34;0,38;25,33;21,43;0;Germany;Western Europe;"Walter de Gruyter GmbH";"2001-2013, 2017-2026";"Applied Mathematics (Q3); Discrete Mathematics and Combinatorics (Q3); Safety, Risk, Reliability and Quality (Q3); Statistics and Probability (Q3); Statistics, Probability and Uncertainty (Q3)";"Decision Sciences; Engineering; Mathematics"
337;21100385807;"International Journal of Emergency Services";journal;"20470908, 20470894";"Emerald Group Publishing Ltd.";No;No;0,315;Q3;22;31;82;1124;132;79;1,88;36,26;53,57;0;United Kingdom;Western Europe;"Emerald Group Publishing Ltd.";"2012-2026";"Management Science and Operations Research (Q3); Safety Research (Q3)";"Decision Sciences; Social Sciences"
338;27401;"Theory of Probability and its Applications";journal;"0040585X, 10957219";"Society for Industrial and Applied Mathematics Publications";No;No;0,315;Q3;37;43;134;969;69;132;0,45;22,53;17,74;0;United States;Northern America;"Society for Industrial and Applied Mathematics Publications";"1996-2025";"Statistics and Probability (Q3); Statistics, Probability and Uncertainty (Q3)";"Decision Sciences; Mathematics"
339;19700170105;"Problems and Perspectives in Management";journal;"17277051, 18105467";"LLC CPC Business Perspectives";Yes;No;0,313;Q3;40;232;528;11222;1066;528;1,95;48,37;47,20;1;Ukraine;Eastern Europe;"LLC CPC Business Perspectives";"2003-2026";"Law (Q2); Social Sciences (miscellaneous) (Q2); Sociology and Political Science (Q2); Business and International Management (Q3); Business, Management and Accounting (miscellaneous) (Q3); Information Systems and Management (Q3); Public Administration (Q3); Strategy and Management (Q3)";"Business, Management and Accounting; Decision Sciences; Social Sciences"
340;25057;"Mathematical Social Sciences";journal;"01654896";"Elsevier B.V.";No;No;0,309;Q3;46;54;190;1750;129;189;0,59;32,41;13,33;1;Netherlands;Western Europe;"Elsevier B.V.";"1980-2026";"Social Sciences (miscellaneous) (Q2); Sociology and Political Science (Q2); Psychology (miscellaneous) (Q3); Statistics, Probability and Uncertainty (Q3)";"Decision Sciences; Psychology; Social Sciences"
341;21100896488;"International Journal of Business Intelligence Research";journal;"19473605, 19473591";"IGI Global Publishing";No;No;0,308;Q3;10;3;16;129;41;16;2,45;43,00;40,00;0;United States;Northern America;"IGI Global Publishing";"2018-2025";"Information Systems and Management (Q3); Management Information Systems (Q3); Statistics, Probability and Uncertainty (Q3)";"Business, Management and Accounting; Decision Sciences"
342;21100457058;"Management and Production Engineering Review";journal;"20821344, 20808208";"Polska Akademia Nauk";Yes;No;0,307;Q3;28;48;139;1637;225;139;1,18;34,10;39,50;1;Poland;Eastern Europe;"Polska Akademia Nauk";"2012-2013, 2015-2025";"Business and International Management (Q3); Industrial and Manufacturing Engineering (Q3); Management of Technology and Innovation (Q3); Management Science and Operations Research (Q3); Organizational Behavior and Human Resource Management (Q3)";"Business, Management and Accounting; Decision Sciences; Engineering"
343;21100826286;"Fuzzy Information and Engineering";journal;"16168658, 16168666";"Tsinghua University Press";Yes;Yes;0,304;Q3;29;23;88;682;147;88;1,60;29,65;23,81;0;United Kingdom;Western Europe;"Tsinghua University Press";"2011, 2014-2025";"Applied Mathematics (Q3); Control and Systems Engineering (Q3); Industrial and Manufacturing Engineering (Q3); Information Systems (Q3); Logic (Q3); Management Science and Operations Research (Q3); Artificial Intelligence (Q4); Theoretical Computer Science (Q4)";"Computer Science; Decision Sciences; Engineering; Mathematics"
344;21101045277;"LOGI - Scientific Journal on Transport and Logistics";journal;"23363037";"";Yes;No;0,303;Q3;10;30;67;794;96;67;1,37;26,47;43,59;0;Poland;Eastern Europe;"";"2019-2026";"Automotive Engineering (Q2); Business and International Management (Q3); Civil and Structural Engineering (Q3); Management of Technology and Innovation (Q3); Management Science and Operations Research (Q3); Transportation (Q3)";"Business, Management and Accounting; Decision Sciences; Engineering; Social Sciences"
345;3900148214;"International Journal of Business Information Systems";journal;"17460972, 17460980";"Inderscience Enterprises Ltd";No;No;0,302;Q3;39;81;236;4629;311;235;0,99;57,15;28,57;0;United Kingdom;Western Europe;"Inderscience Enterprises Ltd";"2005-2026";"Information Systems and Management (Q3); Management Information Systems (Q3); Management of Technology and Innovation (Q3)";"Business, Management and Accounting; Decision Sciences"
346;21100255064;"Mendel";journal;"25713701, 18033814";"Brno University of Technology";Yes;No;0,302;Q3;16;32;51;1136;82;51;1,73;35,50;30,68;0;Czech Republic;Eastern Europe;"Brno University of Technology";"2005-2007, 2009-2024";"Computational Mathematics (Q3); Computer Science (miscellaneous) (Q3); Control and Systems Engineering (Q3); Decision Sciences (miscellaneous) (Q3); Artificial Intelligence (Q4); Theoretical Computer Science (Q4)";"Computer Science; Decision Sciences; Engineering; Mathematics"
347;19900191855;"Advances in Operations Research";journal;"16879155, 16879147";"John Wiley and Sons Ltd";Yes;No;0,300;Q3;22;5;28;237;33;28;1,06;47,40;25,00;0;United States;Northern America;"John Wiley and Sons Ltd";"2009-2024";"Management Science and Operations Research (Q3)";"Decision Sciences"
348;21101071123;"Knowledge and Performance Management";journal;"26163829, 25435507";"LLC CPC Business Perspectives";Yes;No;0,300;Q3;10;15;18;838;52;18;3,00;55,87;53,06;0;Ukraine;Eastern Europe;"LLC CPC Business Perspectives";"2019-2026";"Social Sciences (miscellaneous) (Q2); Business, Management and Accounting (miscellaneous) (Q3); Economics and Econometrics (Q3); Information Systems and Management (Q3); Management of Technology and Innovation (Q3); Marketing (Q3); Organizational Behavior and Human Resource Management (Q3); Strategy and Management (Q3)";"Business, Management and Accounting; Decision Sciences; Economics, Econometrics and Finance; Social Sciences"
349;6000194782;"Games";journal;"20734336";"Multidisciplinary Digital Publishing Institute (MDPI)";Yes;No;0,289;Q3;27;75;239;2636;229;232;0,76;35,15;25,64;1;Switzerland;Western Europe;"Multidisciplinary Digital Publishing Institute (MDPI)";"2010-2025";"Applied Mathematics (Q3); Statistics and Probability (Q3); Statistics, Probability and Uncertainty (Q3)";"Decision Sciences; Mathematics"
350;5000153602;"Pesquisa Operacional";journal;"01017438, 16785142";"Sociedade Brasileira de Pesquisa Operacional";Yes;No;0,287;Q3;27;45;76;1679;84;73;0,95;37,31;29,41;0;Brazil;Latin America;"Sociedade Brasileira de Pesquisa Operacional";"2006-2025";"Management Science and Operations Research (Q3)";"Decision Sciences"
351;21100836589;"International Journal of Business Environment";journal;"17400589, 17400597";"Inderscience Enterprises Ltd";No;No;0,286;Q3;13;21;63;1825;79;63;0,98;86,90;32,81;0;United Kingdom;Western Europe;"Inderscience Enterprises Ltd";"2017-2026";"Business and International Management (Q3); Management of Technology and Innovation (Q3); Management Science and Operations Research (Q3); Strategy and Management (Q3)";"Business, Management and Accounting; Decision Sciences"
352;4400151406;"International Journal of Operational Research";journal;"17457653, 17457645";"Inderscience Enterprises Ltd";No;No;0,286;Q3;37;76;223;3587;212;222;0,45;47,20;19,76;0;United Kingdom;Western Europe;"Inderscience Enterprises Ltd";"2005-2026";"Management Science and Operations Research (Q3)";"Decision Sciences"
353;21100896926;"Creativity";journal;"23540036";"Sciendo";Yes;No;0,284;Q3;12;8;60;357;58;60;1,19;44,63;47,06;0;Poland;Eastern Europe;"Sciendo";"2018-2026";"Visual Arts and Performing Arts (Q1); Arts and Humanities (miscellaneous) (Q2); Education (Q3); Social Psychology (Q3); Statistics, Probability and Uncertainty (Q3)";"Arts and Humanities; Decision Sciences; Psychology; Social Sciences"
354;4700152236;"International Journal of Globalisation and Small Business";journal;"14793059, 14793067";"Inderscience Enterprises Ltd";No;No;0,284;Q3;25;10;49;935;49;48;0,76;93,50;9,09;0;United Kingdom;Western Europe;"Inderscience Enterprises Ltd";"2004-2025";"Business and International Management (Q3); Information Systems and Management (Q3); Management Science and Operations Research (Q3)";"Business, Management and Accounting; Decision Sciences"
355;21100825851;"International Journal of Business Performance and Supply Chain Modelling";journal;"17589401, 1758941X";"Inderscience";No;No;0,283;Q3;23;20;56;911;67;56;0,95;45,55;26,53;0;United Kingdom;Western Europe;"Inderscience";"2009-2025";"Business and International Management (Q3); Management Science and Operations Research (Q3); Strategy and Management (Q3)";"Business, Management and Accounting; Decision Sciences"
356;6200180167;"International Journal of Technology Intelligence and Planning";journal;"17402832, 17402840";"Inderscience Enterprises Ltd";No;No;0,281;Q3;20;0;11;0;21;11;1,88;0,00;0,00;0;United Kingdom;Western Europe;"Inderscience Enterprises Ltd";"2004-2022, 2024-2025";"Information Systems and Management (Q3); Management Information Systems (Q3); Management of Technology and Innovation (Q3)";"Business, Management and Accounting; Decision Sciences"
357;21100923463;"Statistical Theory and Related Fields";journal;"24754277, 24754269";"Routledge";Yes;Yes;0,281;Q4;10;26;101;581;48;100;0,35;22,35;56,00;0;United States;Northern America;"Routledge";"2017-2026";"Analysis (Q3); Applied Mathematics (Q3); Computational Theory and Mathematics (Q3); Statistics and Probability (Q4); Statistics, Probability and Uncertainty (Q4)";"Computer Science; Decision Sciences; Mathematics"
358;21100394266;"International Journal of Agile Systems and Management";journal;"17419174, 17419182";"Inderscience";No;No;0,279;Q3;31;20;64;1454;117;64;1,43;72,70;35,71;0;Switzerland;Western Europe;"Inderscience";"2006-2009, 2011-2026";"Multidisciplinary (Q2); Computer Science (miscellaneous) (Q3); Decision Sciences (miscellaneous) (Q3); Engineering (miscellaneous) (Q3); Industrial and Manufacturing Engineering (Q3); Management Information Systems (Q3); Strategy and Management (Q3)";"Business, Management and Accounting; Computer Science; Decision Sciences; Engineering; Multidisciplinary"
359;21100943826;"Journal of Transport and Supply Chain Management";journal;"19955235, 23108789";"AOSIS (Pty) Ltd";Yes;No;0,278;Q3;14;23;80;1246;104;74;1,21;54,17;31,25;1;South Africa;Africa;"AOSIS (Pty) Ltd";"2018-2026";"Industrial and Manufacturing Engineering (Q3); Information Systems and Management (Q3); Management Information Systems (Q3); Management Science and Operations Research (Q3); Transportation (Q3)";"Business, Management and Accounting; Decision Sciences; Engineering; Social Sciences"
360;21100803316;"Valori e Valutazioni";journal;"20362404";"Societa Italiana di Estimo e Valutazione (SIEV)";Yes;No;0,276;Q3;17;27;85;1533;107;76;1,22;56,78;64,52;0;Italy;Western Europe;"Societa Italiana di Estimo e Valutazione (SIEV)";"2016-2025";"Law (Q2); Decision Sciences (miscellaneous) (Q3); Finance (Q3); Strategy and Management (Q3)";"Business, Management and Accounting; Decision Sciences; Economics, Econometrics and Finance; Social Sciences"
361;27334;"Network Security (discontinued)";trade journal;"18729371, 13534858";"MA Healthcare Ltd";No;No;0,275;Q3;34;52;152;229;146;152;0,51;4,40;12,77;0;United Kingdom;Western Europe;"MA Healthcare Ltd";"1994-2024";"Computer Networks and Communications (Q3); Information Systems and Management (Q3); Safety, Risk, Reliability and Quality (Q3)";"Computer Science; Decision Sciences; Engineering"
362;19700201511;"Interdisciplinary Journal of Information, Knowledge, and Management";journal;"15551237, 15551229";"Informing Science Institute";Yes;No;0,272;Q3;34;36;55;2628;116;55;2,16;73,00;27,00;0;United States;Northern America;"Informing Science Institute";"2006-2025";"Computer Science (miscellaneous) (Q3); Information Systems and Management (Q3)";"Computer Science; Decision Sciences"
363;21100202502;"International Journal of Mathematics in Operational Research";journal;"17575850, 17575869";"Inderscience";Yes;No;0,272;Q3;33;74;206;2835;273;206;0,99;38,31;39,16;0;Switzerland;Western Europe;"Inderscience";"2009-2026";"Decision Sciences (miscellaneous) (Q3); Modeling and Simulation (Q3)";"Decision Sciences; Mathematics"
364;21101055969;"Sinergie";journal;"03935108";"Fondazione Cueim";Yes;No;0,272;Q4;13;32;94;2348;106;89;1,13;73,38;63,38;0;Italy;Western Europe;"Fondazione Cueim";"2019-2026";"Business, Management and Accounting (miscellaneous) (Q3); Management Science and Operations Research (Q4)";"Business, Management and Accounting; Decision Sciences"
365;21100945715;"Journal of International Logistics and Trade";journal;"25087592, 17382122";"Emerald Publishing";Yes;Yes;0,270;Q4;12;13;42;649;59;42;1,19;49,92;23,08;0;South Korea;Asiatic Region;"Emerald Publishing";"2018-2026";"Economics and Econometrics (Q3); Management Information Systems (Q3); Marketing (Q3); Transportation (Q3); Management Science and Operations Research (Q4)";"Business, Management and Accounting; Decision Sciences; Economics, Econometrics and Finance; Social Sciences"
366;21100456788;"International Journal on Food System Dynamics";journal;"18696945";"CentMa GmbH";Yes;Yes;0,269;Q4;23;34;93;1595;95;93;1,02;46,91;45,05;0;Germany;Western Europe;"CentMa GmbH";"2010-2025";"Business and International Management (Q3); Economics, Econometrics and Finance (miscellaneous) (Q3); Environmental Science (miscellaneous) (Q3); Food Science (Q3); Geography, Planning and Development (Q3); Transportation (Q3); Management Science and Operations Research (Q4)";"Agricultural and Biological Sciences; Business, Management and Accounting; Decision Sciences; Economics, Econometrics and Finance; Environmental Science; Social Sciences"
367;20100195036;"International Journal of Healthcare Information Systems and Informatics";journal;"15553396, 1555340X";"IGI Global Publishing";No;No;0,268;Q3;23;20;89;682;151;89;1,57;34,10;30,23;0;United States;Northern America;"IGI Global Publishing";"2006-2026";"Information Systems (Q3); Information Systems and Management (Q3); Medicine (miscellaneous) (Q3)";"Computer Science; Decision Sciences; Medicine"
368;4700151504;"International Journal of Logistics Systems and Management";journal;"17427975, 17427967";"Inderscience Enterprises Ltd";No;No;0,268;Q3;41;67;223;4307;304;222;0,81;64,28;23,88;0;United Kingdom;Western Europe;"Inderscience Enterprises Ltd";"2004-2026";"Information Systems and Management (Q3); Management Information Systems (Q3); Management Science and Operations Research (Q4)";"Business, Management and Accounting; Decision Sciences"
369;21100407607;"Statistics in Transition New Series";journal;"24500291, 12347655";"Polskie Towarzystwo Semiotyczne";Yes;No;0,268;Q4;15;77;159;1710;102;154;0,52;22,21;41,72;3;Poland;Eastern Europe;"Polskie Towarzystwo Semiotyczne";"2015-2025";"Statistics and Probability (Q4); Statistics, Probability and Uncertainty (Q4)";"Decision Sciences; Mathematics"
370;21101050920;"Business, Management and Economics Engineering";journal;"2669249X, 26692481";"Vilnius Gediminas Technical University";Yes;No;0,267;Q4;14;17;62;956;115;62;1,64;56,24;63,64;0;Lithuania;Eastern Europe;"Vilnius Gediminas Technical University";"2021-2026";"Business and International Management (Q3); Development (Q3); Economics, Econometrics and Finance (miscellaneous) (Q3); Management of Technology and Innovation (Q3); Strategy and Management (Q3); Management Science and Operations Research (Q4)";"Business, Management and Accounting; Decision Sciences; Economics, Econometrics and Finance; Social Sciences"
371;19900193685;"International Journal of Knowledge-Based and Intelligent Engineering Systems";journal;"13272314, 18758827";"SAGE Publications Ltd";No;No;0,267;-;26;37;85;2174;126;85;1,66;58,76;45,07;0;United Kingdom;Western Europe;"SAGE Publications Ltd";"2004-2025";"Control and Systems Engineering (Q3); Artificial Intelligence (Q4); Software (Q4)";"Computer Science; Engineering"
372;21100211724;"Intelligent Decision Technologies";journal;"18724981, 18758843";"SAGE Publications Ltd";No;No;0,266;Q4;22;84;172;3718;222;163;1,04;44,26;43,78;0;United Kingdom;Western Europe;"SAGE Publications Ltd";"1986, 2007-2026";"Computer Vision and Pattern Recognition (Q3); Artificial Intelligence (Q4); Human-Computer Interaction (Q4); Software (Q4); Statistics and Probability (Q4); Statistics, Probability and Uncertainty (Q4)";"Computer Science; Decision Sciences; Mathematics"
373;21101032143;"Journal of Logistics, Informatics and Service Science";journal;"24092665";"Success Culture Press";No;No;0,260;Q3;14;79;104;2881;211;104;1,99;36,47;33,33;0;Hong Kong;Asiatic Region;"Success Culture Press";"2019-2026";"Computer Networks and Communications (Q3); Information Systems (Q3); Information Systems and Management (Q3); Management Information Systems (Q3); Management of Technology and Innovation (Q3)";"Business, Management and Accounting; Computer Science; Decision Sciences"
374;21100285029;"International Journal of Information and Decision Sciences";journal;"17567017, 17567025";"Inderscience";No;No;0,259;Q3;19;20;62;951;87;62;0,45;47,55;35,42;0;Switzerland;Western Europe;"Inderscience";"2008-2025";"Information Systems and Management (Q3); Management of Technology and Innovation (Q3); Strategy and Management (Q3); Computer Science Applications (Q4)";"Business, Management and Accounting; Computer Science; Decision Sciences"
375;21100894851;"International Journal of Supply and Operations Management";journal;"23831359, 23832525";"Kharazmi University";Yes;No;0,254;Q3;16;28;83;1581;113;83;1,29;56,46;25,93;0;Iran;Middle East;"Kharazmi University";"2018-2025";"Civil and Structural Engineering (Q3); Information Systems and Management (Q3); Management Information Systems (Q3); Transportation (Q3); Management Science and Operations Research (Q4)";"Business, Management and Accounting; Decision Sciences; Engineering; Social Sciences"
376;21100207616;"International Journal of Sociotechnology and Knowledge Development";journal;"19416253, 19416261";"IGI Global Publishing";No;No;0,253;Q3;19;9;104;1075;150;104;1,20;119,44;36,36;0;United States;Northern America;"IGI Global Publishing";"2009-2026";"Information Systems and Management (Q3); Computer Science Applications (Q4)";"Computer Science; Decision Sciences"
377;4000151802;"International Journal of Management and Decision Making";journal;"14624621, 17415187";"Inderscience Enterprises Ltd";No;No;0,252;Q3;31;15;65;1023;95;65;1,09;68,20;14,81;0;United Kingdom;Western Europe;"Inderscience Enterprises Ltd";"2000-2026";"Decision Sciences (miscellaneous) (Q3)";"Decision Sciences"
378;21101176015;"Data and Metadata (discontinued)";journal;"29534917";"";No;No;0,251;Q3;24;140;45;3562;207;45;4,60;25,44;36,10;0;Argentina;Latin America;"";"2022-2025";"Computer Science (miscellaneous) (Q3); Information Systems (Q3); Information Systems and Management (Q3); Health Information Management (Q4)";"Computer Science; Decision Sciences; Health Professions"
379;11900154344;"Foundations and Trends in Technology, Information and Operations Management";journal;"15719545";"Now Publishers Inc";No;No;0,251;Q4;18;11;22;608;13;21;0,63;55,27;26,92;0;United States;Northern America;"Now Publishers Inc";"2005, 2007-2014, 2016-2025";"Management Science and Operations Research (Q4)";"Decision Sciences"
380;21100842159;"International Review of Applied Sciences and Engineering";journal;"20620810, 20634269";"Akademiai Kiado";Yes;No;0,249;Q4;18;41;108;1516;149;107;1,28;36,98;26,83;0;Hungary;Eastern Europe;"Akademiai Kiado";"2017-2026";"Architecture (Q2); Engineering (miscellaneous) (Q3); Environmental Engineering (Q3); Information Systems (Q3); Materials Science (miscellaneous) (Q3); Management Science and Operations Research (Q4)";"Computer Science; Decision Sciences; Engineering; Environmental Science; Materials Science"
381;144884;"WSEAS Transactions on Mathematics";journal;"11092769, 22242880";"World Scientific and Engineering Academy and Society";No;No;0,249;Q4;26;99;266;2391;199;266;0,75;24,15;36,61;0;Greece;Western Europe;"World Scientific and Engineering Academy and Society";"2005-2014, 2017-2026";"Algebra and Number Theory (Q4); Applied Mathematics (Q4); Computational Mathematics (Q4); Control and Optimization (Q4); Discrete Mathematics and Combinatorics (Q4); Endocrinology, Diabetes and Metabolism (Q4); Management Science and Operations Research (Q4); Statistics and Probability (Q4)";"Decision Sciences; Mathematics; Medicine"
382;4000149708;"International Journal of Management and Enterprise Development";journal;"17418127, 14684330";"Inderscience Enterprises Ltd";No;No;0,248;Q4;31;19;60;1148;70;59;1,03;60,42;32,08;0;United Kingdom;Western Europe;"Inderscience Enterprises Ltd";"2003-2026";"Business and International Management (Q3); Management Science and Operations Research (Q4)";"Business, Management and Accounting; Decision Sciences"
383;19400157135;"International Journal of Knowledge Management Studies";journal;"17438276, 17438268";"Inderscience Enterprises Ltd";No;No;0,246;Q3;18;15;66;1271;87;66;1,36;84,73;43,90;0;United Kingdom;Western Europe;"Inderscience Enterprises Ltd";"2006-2012, 2014-2025";"Information Systems and Management (Q3); Management Information Systems (Q3); Management of Technology and Innovation (Q3); Computer Science Applications (Q4)";"Business, Management and Accounting; Computer Science; Decision Sciences"
384;21100944442;"Journal of System and Management Sciences (discontinued)";journal;"18166075, 18180523";"Success Culture Press";Yes;No;0,246;Q3;19;214;249;9501;432;249;1,63;44,40;37,62;0;Hong Kong;Asiatic Region;"Success Culture Press";"2019-2024";"Information Systems (Q3); Information Systems and Management (Q3); Management of Technology and Innovation (Q3); Computer Science Applications (Q4); Control and Systems Engineering (Q4)";"Business, Management and Accounting; Computer Science; Decision Sciences; Engineering"
385;21100394268;"International Journal of Advanced Operations Management";journal;"1758938X, 17589398";"Inderscience Enterprises Ltd";No;No;0,244;Q4;18;14;53;667;71;52;1,32;47,64;34,29;0;United Kingdom;Western Europe;"Inderscience Enterprises Ltd";"2011, 2014-2025";"Management Science and Operations Research (Q4); Organizational Behavior and Human Resource Management (Q4)";"Business, Management and Accounting; Decision Sciences"
386;21101021770;"International Journal of Management and Sustainability";journal;"23069856, 23060662";"Conscientia Beam";No;No;0,244;Q4;11;45;48;2459;79;48;1,13;54,64;44,26;0;United States;Northern America;"Conscientia Beam";"2019-2025";"Business, Management and Accounting (miscellaneous) (Q3); Economics and Econometrics (Q3); Geography, Planning and Development (Q3); Management, Monitoring, Policy and Law (Q3); Management Science and Operations Research (Q4)";"Business, Management and Accounting; Decision Sciences; Economics, Econometrics and Finance; Environmental Science; Social Sciences"
387;4700153009;"International Journal of Sport Management and Marketing";journal;"14758962, 17402808";"Inderscience Enterprises Ltd";No;No;0,243;Q4;36;26;62;1552;65;62;0,88;59,69;31,25;0;United Kingdom;Western Europe;"Inderscience Enterprises Ltd";"2005-2025";"Business and International Management (Q3); Marketing (Q3); Strategy and Management (Q3); Management Science and Operations Research (Q4); Sports Science (Q4)";"Business, Management and Accounting; Decision Sciences; Health Professions"
388;21100199308;"Journal of Applied Analysis";journal;"18696082, 14256908";"Walter de Gruyter GmbH";No;No;0,243;Q4;19;35;81;875;62;81;0,72;25,00;29,03;0;Germany;Western Europe;"Walter de Gruyter GmbH";"1995-2026";"Applied Mathematics (Q4); Computational Theory and Mathematics (Q4); Mathematical Physics (Q4); Statistics, Probability and Uncertainty (Q4)";"Computer Science; Decision Sciences; Mathematics"
389;19400157163;"IFIP Advances in Information and Communication Technology";book series;"18684238, 1868422X";"Springer Science and Business Media Deutschland GmbH";Yes;No;0,242;Q3;74;841;2986;21978;2690;2766;0,78;26,13;29,21;11;Germany;Western Europe;"Springer Science and Business Media Deutschland GmbH";"1996, 1999-2026";"Computer Networks and Communications (Q3); Information Systems (Q3); Information Systems and Management (Q3)";"Computer Science; Decision Sciences"
390;21100830705;"Journal of Information Technology Management";journal;"20085893, 24235059";"University of Tehran";Yes;Yes;0,242;Q3;22;66;200;2275;341;200;1,72;34,47;51,27;1;Iran;Middle East;"University of Tehran";"2017-2025";"Information Systems (Q3); Information Systems and Management (Q3); Management of Technology and Innovation (Q3)";"Business, Management and Accounting; Computer Science; Decision Sciences"
391;23830;"Vikalpa";journal;"23953799, 02560909";"SAGE Publications Ltd";Yes;Yes;0,240;Q3;39;20;62;843;57;51;0,98;42,15;50,00;0;India;Asiatic Region;"SAGE Publications Ltd";"1981-1982, 1984, 1986, 1994, 1996-2026";"Business, Management and Accounting (miscellaneous) (Q3); Decision Sciences (miscellaneous) (Q3)";"Business, Management and Accounting; Decision Sciences"
392;21101079124;"Journal of Integrated Disaster Risk Management";journal;"21858322";"IDRiM Society";No;No;0,239;-;7;19;24;895;20;24;0,68;47,11;29,63;0;Japan;Asiatic Region;"IDRiM Society";"2019-2026";"Business, Management and Accounting (miscellaneous) (Q3); Emergency Medicine (Q3); Management, Monitoring, Policy and Law (Q3); Safety Research (Q3); Safety, Risk, Reliability and Quality (Q3); Global and Planetary Change (Q4)";"Business, Management and Accounting; Engineering; Environmental Science; Medicine; Social Sciences"
393;21100983359;"CERN IdeaSquare Journal of Experimental Innovation";journal;"24139505";"CERN Publishing";Yes;Yes;0,238;Q3;8;21;40;541;36;32;1,00;25,76;39,22;0;Switzerland;Western Europe;"CERN Publishing";"2017-2025";"Information Systems and Management (Q3); Management of Technology and Innovation (Q4)";"Business, Management and Accounting; Decision Sciences"
394;21100831441;"TEM Journal";journal;"22178309, 22178333";"UIKTEN - Association for Information Communication Technology Education and Science";Yes;No;0,238;Q3;31;282;725;9343;978;725;1,27;33,13;41,04;0;Serbia;Eastern Europe;"UIKTEN - Association for Information Communication Technology Education and Science";"2017-2025";"Computer Science (miscellaneous) (Q3); Education (Q3); Information Systems and Management (Q3); Management of Technology and Innovation (Q3); Strategy and Management (Q3); Information Systems (Q4)";"Business, Management and Accounting; Computer Science; Decision Sciences; Social Sciences"
395;21101042317;"Journal of Systems Science and Information";journal;"14789906, 25126660";"Science China Press";No;No;0,237;Q3;12;42;112;1596;114;110;0,95;38,00;42,73;0;China;Asiatic Region;"Science China Press";"2019-2026";"Decision Sciences (miscellaneous) (Q3); Economics, Econometrics and Finance (miscellaneous) (Q3); Applied Mathematics (Q4); Computer Networks and Communications (Q4); Control and Systems Engineering (Q4); Statistics and Probability (Q4)";"Computer Science; Decision Sciences; Economics, Econometrics and Finance; Engineering; Mathematics"
396;21101037310;"Register: Jurnal Ilmiah Teknologi Sistem Informasi";journal;"25023357, 25030477";"Universitas Pesantren Tinggi Darul Ulum";No;No;0,236;Q3;11;14;41;586;79;41;2,11;41,86;26,83;0;Indonesia;Asiatic Region;"Universitas Pesantren Tinggi Darul Ulum";"2015-2025";"Computer Science (miscellaneous) (Q3); Information Systems and Management (Q3); Artificial Intelligence (Q4); Decision Sciences (miscellaneous) (Q4); Information Systems (Q4)";"Computer Science; Decision Sciences"
397;4500151542;"International Journal of Intelligent Information Technologies";journal;"15483665, 15483657";"IGI Publishing";No;No;0,234;Q4;23;14;64;531;75;64;0,96;37,93;26,92;0;United States;Northern America;"IGI Publishing";"2005-2026";"Decision Sciences (miscellaneous) (Q4); Information Systems (Q4)";"Computer Science; Decision Sciences"
398;88934;"Journal of Cases on Information Technology";journal;"15487717, 15487725";"IGI Publishing";No;No;0,233;Q3;24;20;83;861;114;83;1,32;43,05;43,08;0;United States;Northern America;"IGI Publishing";"2005-2026";"Information Systems and Management (Q3); Strategy and Management (Q3); Computer Science Applications (Q4); Information Systems (Q4)";"Business, Management and Accounting; Computer Science; Decision Sciences"
399;21100896465;"International Journal of Customer Relationship Marketing and Management";journal;"19479247, 19479255";"IGI Global Publishing";No;No;0,230;Q3;11;8;54;467;67;54;1,09;58,38;36,84;0;United States;Northern America;"IGI Global Publishing";"2018-2025";"Business and International Management (Q3); Information Systems and Management (Q3); Management Information Systems (Q3); Marketing (Q3); Information Systems (Q4)";"Business, Management and Accounting; Computer Science; Decision Sciences"
400;21100444451;"Austrian Journal of Statistics";journal;"27914852, 1026597X";"Austrian Statistical Society";Yes;Yes;0,228;Q4;17;48;90;1462;71;89;0,88;30,46;27,68;0;Austria;Western Europe;"Austrian Statistical Society";"2014-2026";"Applied Mathematics (Q4); Statistics and Probability (Q4); Statistics, Probability and Uncertainty (Q4)";"Decision Sciences; Mathematics"
401;4100151706;"International Journal of Business Intelligence and Data Mining";journal;"17438195, 17438187";"Inderscience Enterprises Ltd";No;No;0,224;Q3;24;31;168;1137;159;168;0,84;36,68;39,68;0;United Kingdom;Western Europe;"Inderscience Enterprises Ltd";"2005-2026";"Information Systems and Management (Q3); Management Information Systems (Q4); Statistics, Probability and Uncertainty (Q4)";"Business, Management and Accounting; Decision Sciences"
402;4000148902;"International Journal of Services and Operations Management";journal;"17442370, 17442389";"Inderscience Enterprises Ltd";No;No;0,222;Q4;38;76;239;4888;225;239;0,61;64,32;27,57;0;United Kingdom;Western Europe;"Inderscience Enterprises Ltd";"2005-2026";"Industrial and Manufacturing Engineering (Q3); Management of Technology and Innovation (Q4); Management Science and Operations Research (Q4)";"Business, Management and Accounting; Decision Sciences; Engineering"
403;21100212700;"RAE Revista de Administracao de Empresas";journal;"2178938X, 00347590";"Fundacao Getulio Vargas";Yes;Yes;0,218;Q3;26;41;154;2469;111;147;0,60;60,22;42,35;0;Brazil;Latin America;"Fundacao Getulio Vargas";"2007-2025";"Business, Management and Accounting (miscellaneous) (Q3); Development (Q3); Education (Q3); Industrial Relations (Q3); Information Systems and Management (Q3); Business and International Management (Q4); Management of Technology and Innovation (Q4); Management Science and Operations Research (Q4); Marketing (Q4); Organizational Behavior and Human Resource Management (Q4); Public Administration (Q4); Strategy and Management (Q4)";"Business, Management and Accounting; Decision Sciences; Social Sciences"
404;21100220467;"International Journal of Knowledge-Based Development";journal;"20404476, 20404468";"Inderscience";No;No;0,217;Q3;27;27;46;829;51;44;0,92;30,70;39,02;0;Switzerland;Western Europe;"Inderscience";"2010-2025";"Information Systems and Management (Q3); Management of Technology and Innovation (Q4); Strategy and Management (Q4)";"Business, Management and Accounting; Decision Sciences"
405;21101153205;"Journal of Optimization";journal;"23146486, 2356752X";"John Wiley and Sons Ltd";No;No;0,217;Q4;16;3;2;191;5;2;2,50;63,67;45,45;0;United Kingdom;Western Europe;"John Wiley and Sons Ltd";"2013-2014, 2016-2019, 2021-2024";"Analysis (Q4); Control and Optimization (Q4); Decision Sciences (miscellaneous) (Q4)";"Decision Sciences; Mathematics"
406;17700156204;"International Journal of Applied Decision Sciences";journal;"17558085, 17558077";"Inderscience Enterprises Ltd";No;No;0,213;Q4;23;37;87;2355;102;87;1,21;63,65;31,78;0;United Kingdom;Western Europe;"Inderscience Enterprises Ltd";"2008-2026";"Economics and Econometrics (Q4); Information Systems and Management (Q4); Management Science and Operations Research (Q4); Strategy and Management (Q4)";"Business, Management and Accounting; Decision Sciences; Economics, Econometrics and Finance"
407;21100855735;"Communications for Statistical Applications and Methods";journal;"22877843, 23834757";"Korean Statistical Society";Yes;No;0,212;Q4;15;42;144;1017;88;144;0,61;24,21;35,96;0;South Korea;Asiatic Region;"Korean Statistical Society";"2015, 2017-2025";"Finance (Q3); Applied Mathematics (Q4); Modeling and Simulation (Q4); Statistics and Probability (Q4); Statistics, Probability and Uncertainty (Q4)";"Decision Sciences; Economics, Econometrics and Finance; Mathematics"
408;21101033322;"International Journal on Informatics Visualization";journal;"25499904";"Politeknik Negeri Padang";Yes;Yes;0,211;Q4;24;208;241;7993;382;241;1,52;38,43;39,05;0;Indonesia;Asiatic Region;"Politeknik Negeri Padang";"2017-2026";"Computer Science (miscellaneous) (Q3); Information Systems and Management (Q4); Statistics, Probability and Uncertainty (Q4)";"Computer Science; Decision Sciences"
409;21100905277;"Mathematics and Statistics";journal;"23322071, 23322144";"Horizon Research Publishing";No;No;0,211;Q4;16;110;352;2303;246;352;0,70;20,94;42,05;0;United States;Northern America;"Horizon Research Publishing";"2018-2026";"Economics and Econometrics (Q4); Statistics and Probability (Q4); Statistics, Probability and Uncertainty (Q4)";"Decision Sciences; Economics, Econometrics and Finance; Mathematics"
410;19700186887;"International Journal of Information Systems and Change Management";journal;"1479313X, 14793121";"Inderscience Enterprises Ltd";No;No;0,209;Q4;18;15;25;995;25;21;1,07;66,33;51,61;0;United Kingdom;Western Europe;"Inderscience Enterprises Ltd";"2006-2025";"Business, Management and Accounting (miscellaneous) (Q3); Decision Sciences (miscellaneous) (Q4)";"Business, Management and Accounting; Decision Sciences"
411;21100858348;"Croatian Operational Research Review";journal;"18480225, 18489931";"Croatian Operational Research Society";Yes;Yes;0,208;Q4;12;16;56;478;49;56;0,64;29,88;45,95;0;Croatia;Eastern Europe;"Croatian Operational Research Society";"2017-2026";"Applied Mathematics (Q4); Economics and Econometrics (Q4); Management Science and Operations Research (Q4); Statistics and Probability (Q4); Statistics, Probability and Uncertainty (Q4)";"Decision Sciences; Economics, Econometrics and Finance; Mathematics"
412;21101039233;"Engineering Project Organization Journal";journal;"21573727, 21573735";"Engineering Project Organization Society (EPOS)";No;No;0,207;Q4;7;0;27;0;28;25;0,35;0,00;0,00;0;United States;Northern America;"Engineering Project Organization Society (EPOS)";"2019-2022, 2024-2026";"Engineering (miscellaneous) (Q3); Building and Construction (Q4); Information Systems and Management (Q4); Strategy and Management (Q4)";"Business, Management and Accounting; Decision Sciences; Engineering"
413;21101056542;"International Journal of Operations Research and Information Systems";journal;"19479328, 19479336";"IGI Global Publishing";No;No;0,207;Q4;10;1;27;35;57;27;3,45;35,00;33,33;0;United States;Northern America;"IGI Global Publishing";"2010, 2019-2023";"Computational Theory and Mathematics (Q4); Computer Networks and Communications (Q4); Computer Science Applications (Q4); Information Systems (Q4); Information Systems and Management (Q4); Management Information Systems (Q4)";"Business, Management and Accounting; Computer Science; Decision Sciences"
414;21100421887;"Lecture Notes in Information Systems and Organisation";book series;"21954968, 21954976";"Springer Science and Business Media Deutschland GmbH";No;No;0,207;-;27;101;701;2858;485;655;0,70;28,30;38,99;0;Germany;Western Europe;"Springer Science and Business Media Deutschland GmbH";"2013-2025";"Computer Science Applications; Information Systems; Information Systems and Management; Management Information Systems; Management of Technology and Innovation";"Business, Management and Accounting; Computer Science; Decision Sciences"
415;21100893243;"Journal of Risk Management in Financial Institutions";journal;"17528887, 17528895";"Henry Stewart Publications";No;No;0,205;Q4;10;37;101;1123;49;88;0,46;30,35;12,77;1;United Kingdom;Western Europe;"Henry Stewart Publications";"2018-2025";"Finance (Q4); Statistics and Probability (Q4); Statistics, Probability and Uncertainty (Q4)";"Decision Sciences; Economics, Econometrics and Finance; Mathematics"
416;21101089371;"Law, Technology and Humans";journal;"26524074";"Queensland University of Technology";Yes;Yes;0,205;Q4;11;30;69;2243;78;67;1,07;74,77;59,18;7;Australia;Pacific Region;"Queensland University of Technology";"2019-2025";"Law (Q3); Social Sciences (miscellaneous) (Q3); Biotechnology (Q4); Computer Networks and Communications (Q4); Computer Science (miscellaneous) (Q4); Information Systems and Management (Q4)";"Biochemistry, Genetics and Molecular Biology; Computer Science; Decision Sciences; Social Sciences"
417;21100967049;"Reliability: Theory and Applications (discontinued)";journal;"19322321";"Gnedenko Forum";No;No;0,205;Q4;14;333;427;6412;338;427;0,82;19,26;36,69;0;United States;Northern America;"Gnedenko Forum";"2017-2025";"Safety Research (Q3); Safety, Risk, Reliability and Quality (Q4); Statistics, Probability and Uncertainty (Q4)";"Decision Sciences; Engineering; Social Sciences"
418;21100901061;"Sao Paulo Journal of Mathematical Sciences";journal;"19826907, 23169028";"Springer Nature";Yes;Yes;0,205;Q4;13;65;161;1405;83;158;0,40;21,62;21,54;0;Switzerland;Western Europe;"Springer Nature";"2015-2026";"Computational Theory and Mathematics (Q4); Mathematics (miscellaneous) (Q4); Statistics, Probability and Uncertainty (Q4)";"Computer Science; Decision Sciences; Mathematics"
419;21101089574;"Revista de Administracao Contemporanea";journal;"19827849, 14156555";"Associacao Nacional de Pos-Graduacao e Pesquisa em Administracao";Yes;Yes;0,204;Q4;13;49;150;2375;140;125;0,99;48,47;55,81;0;Brazil;Latin America;"Associacao Nacional de Pos-Graduacao e Pesquisa em Administracao";"2016, 2019-2026";"Business, Management and Accounting (miscellaneous) (Q3); Management Science and Operations Research (Q4); Public Administration (Q4)";"Business, Management and Accounting; Decision Sciences; Social Sciences"
420;21101021407;"Operations Research and Decisions";journal;"23916060, 20818858";"Wroclaw University of Science and Technology";Yes;Yes;0,202;Q4;9;35;85;1291;79;85;0,86;36,89;36,51;0;Poland;Eastern Europe;"Wroclaw University of Science and Technology";"2019-2025";"Management of Technology and Innovation (Q4); Management Science and Operations Research (Q4); Modeling and Simulation (Q4); Statistics and Probability (Q4); Statistics, Probability and Uncertainty (Q4)";"Business, Management and Accounting; Decision Sciences; Mathematics"
421;21100238614;"Journal of Applied Probability and Statistics";journal;"19306792";"ISOSS PUBLICATIONS";No;No;0,202;-;11;12;57;308;37;55;0,54;25,67;20,00;0;Pakistan;Asiatic Region;"ISOSS PUBLICATIONS";"2012-2025";"Podiatry (Q3); Applied Mathematics (Q4); Statistics and Probability (Q4)";"Health Professions; Mathematics"
422;21101121177;"Journal of Defense Analytics and Logistics";journal;"23996439, 23996447";"Emerald Publishing";Yes;Yes;0,201;Q4;9;8;30;463;21;30;0,40;57,88;12,50;0;United Kingdom;Western Europe;"Emerald Publishing";"2017-2025";"Decision Sciences (miscellaneous) (Q4); Information Systems and Management (Q4); Management Science and Operations Research (Q4); Statistics, Probability and Uncertainty (Q4)";"Decision Sciences"
423;12753;"International Game Theory Review";journal;"02191989, 17936675";"World Scientific";No;No;0,200;Q4;28;26;84;619;37;83;0,40;23,81;35,14;0;Singapore;Asiatic Region;"World Scientific";"1999, 2003-2026";"Business and International Management (Q4); Computer Science (miscellaneous) (Q4); Statistics, Probability and Uncertainty (Q4)";"Business, Management and Accounting; Computer Science; Decision Sciences"
424;21100901841;"International Journal of Industrial Engineering and Production Research";journal;"20084889, 2345363X";"Iran University of Science and Technology";Yes;Yes;0,199;Q4;12;45;145;2271;125;145;0,83;50,47;40,00;0;Iran;Middle East;"Iran University of Science and Technology";"2018-2025";"Industrial and Manufacturing Engineering (Q3); Management Science and Operations Research (Q4); Statistics, Probability and Uncertainty (Q4); Strategy and Management (Q4)";"Business, Management and Accounting; Decision Sciences; Engineering"
425;21100285030;"International Journal of Multicriteria Decision Making";journal;"20401078, 2040106X";"Inderscience";No;No;0,199;Q4;16;8;18;584;12;18;0,67;73,00;36,36;0;Switzerland;Western Europe;"Inderscience";"2010-2019, 2021-2025";"Management Science and Operations Research (Q4); Strategy and Management (Q4)";"Business, Management and Accounting; Decision Sciences"
426;21100858129;"International Journal of Applied Metaheuristic Computing";journal;"19478283, 19478291";"IGI Global Publishing";No;No;0,198;Q4;11;2;77;83;74;77;0,89;41,50;25,00;0;United States;Northern America;"IGI Global Publishing";"2016, 2018-2025";"Computational Mathematics (Q4); Computational Theory and Mathematics (Q4); Computer Science Applications (Q4); Control and Optimization (Q4); Decision Sciences (miscellaneous) (Q4); Modeling and Simulation (Q4); Statistics and Probability (Q4)";"Computer Science; Decision Sciences; Mathematics"
427;21101073268;"Journal of Industrial Engineering and Engineering Management";journal;"10046062";"Zhejiang University";No;No;0,198;Q4;13;122;372;5217;268;372;0,64;42,76;32,01;0;China;Asiatic Region;"Zhejiang University";"2019-2026";"Accounting (Q4); Business and International Management (Q4); Information Systems and Management (Q4); Management of Technology and Innovation (Q4); Management Science and Operations Research (Q4); Organizational Behavior and Human Resource Management (Q4); Strategy and Management (Q4)";"Business, Management and Accounting; Decision Sciences"
428;22363;"Periodica Polytechnica Social and Management Sciences";journal;"14163837, 15873803";"Budapest University of Technology and Economics";Yes;No;0,198;Q4;18;18;54;728;52;54;1,03;40,44;43,90;0;Hungary;Eastern Europe;"Budapest University of Technology and Economics";"1999-2026";"Engineering (miscellaneous) (Q3); Social Sciences (miscellaneous) (Q3); Decision Sciences (miscellaneous) (Q4); Strategy and Management (Q4)";"Business, Management and Accounting; Decision Sciences; Engineering; Social Sciences"
429;21100899503;"Transactional Analysis Journal";journal;"23295244, 03621537";"Taylor and Francis Ltd.";No;No;0,198;Q4;11;33;88;1123;65;71;0,78;34,03;62,07;0;United Kingdom;Western Europe;"Taylor and Francis Ltd.";"2018-2026";"Clinical Psychology (Q4); Decision Sciences (miscellaneous) (Q4); Developmental and Educational Psychology (Q4); Education (Q4); Psychiatry and Mental Health (Q4)";"Decision Sciences; Medicine; Psychology; Social Sciences"
430;4700152455;"International Journal of Process Management and Benchmarking";journal;"14606739, 1741816X";"Inderscience Enterprises Ltd";No;No;0,196;Q4;22;76;103;4274;155;103;1,25;56,24;24,26;0;United Kingdom;Western Europe;"Inderscience Enterprises Ltd";"2005-2009, 2013-2026";"Business and International Management (Q4); Management Science and Operations Research (Q4); Strategy and Management (Q4)";"Business, Management and Accounting; Decision Sciences"
431;21100945266;"Science and Innovation";journal;"24099066, 24134996";"Publishing House Akademperiodyka";No;No;0,195;Q4;13;43;178;1227;123;178;0,80;28,53;47,57;1;Ukraine;Eastern Europe;"Publishing House Akademperiodyka";"2014-2026";"Engineering (miscellaneous) (Q3); Law (Q3); Computer Science Applications (Q4); Information Systems and Management (Q4); Management of Technology and Innovation (Q4)";"Business, Management and Accounting; Computer Science; Decision Sciences; Engineering; Social Sciences"
432;21100219935;"International Journal of Operations and Quantitative Management";journal;"10821910";"International Forum of Management Scholars (INFOMS)";No;No;0,191;Q4;16;38;72;2057;74;72;1,10;54,13;39,13;0;United States;Northern America;"International Forum of Management Scholars (INFOMS)";"2000-2025";"Business and International Management (Q4); Information Systems and Management (Q4); Management of Technology and Innovation (Q4); Management Science and Operations Research (Q4); Strategy and Management (Q4)";"Business, Management and Accounting; Decision Sciences"
433;6400153175;"International Journal of Services Operations and Informatics";journal;"1741539X, 17415403";"Inderscience Enterprises Ltd";No;No;0,183;Q4;17;9;43;447;41;42;1,00;49,67;18,52;0;United Kingdom;Western Europe;"Inderscience Enterprises Ltd";"2006-2013, 2016-2024";"Computer Science Applications (Q4); Information Systems (Q4); Management Information Systems (Q4); Management Science and Operations Research (Q4)";"Business, Management and Accounting; Computer Science; Decision Sciences"
434;21100244225;"Competition and Regulation in Network Industries";journal;"23992956, 17835917";"SAGE Publications Inc.";No;No;0,182;Q4;16;11;48;486;35;45;0,82;44,18;9,52;2;United Kingdom;Western Europe;"SAGE Publications Inc.";"2013-2024";"Business, Management and Accounting (miscellaneous) (Q4); Management Science and Operations Research (Q4)";"Business, Management and Accounting; Decision Sciences"
435;21100199124;"International Journal of Sustainable Manufacturing";journal;"17427223, 17427231";"Inderscience";No;No;0,182;Q4;19;0;28;0;16;28;0,33;0,00;0,00;0;Switzerland;Western Europe;"Inderscience";"2008-2015, 2018, 2020-2022";"Industrial and Manufacturing Engineering (Q3); Social Sciences (miscellaneous) (Q3); Decision Sciences (miscellaneous) (Q4); Management of Technology and Innovation (Q4)";"Business, Management and Accounting; Decision Sciences; Engineering; Social Sciences"
436;4700152877;"Journal of Agricultural and Food Information";journal;"15404722, 10496505";"Taylor and Francis Ltd.";No;No;0,181;Q4;21;5;30;119;14;21;0,33;23,80;87,50;0;United Kingdom;Western Europe;"Taylor and Francis Ltd.";"1993-1996, 2000, 2002-2004, 2006-2025";"Agronomy and Crop Science (Q4); Food Science (Q4); Information Systems and Management (Q4)";"Agricultural and Biological Sciences; Decision Sciences"
437;21100828753;"Journal of Business Cycle Research";journal;"25097970, 25097962";"Springer International Publishing AG";No;No;0,179;Q4;11;14;38;616;27;37;0,79;44,00;13,79;3;Switzerland;Western Europe;"Springer International Publishing AG";"2016-2026";"Business and International Management (Q4); Economics and Econometrics (Q4); Finance (Q4); Statistics, Probability and Uncertainty (Q4)";"Business, Management and Accounting; Decision Sciences; Economics, Econometrics and Finance"
438;21100200410;"Mathematical Methods of Statistics";journal;"19348045, 10665307";"Pleiades Publishing";No;No;0,175;Q4;18;14;26;475;14;26;0,60;33,93;27,27;0;United States;Northern America;"Pleiades Publishing";"2007-2025";"Statistics and Probability (Q4); Statistics, Probability and Uncertainty (Q4)";"Decision Sciences; Mathematics"
439;21100890137;"International Journal of Business Continuity and Risk Management";journal;"17582164, 17582172";"Inderscience";No;No;0,174;Q4;10;20;65;1154;46;64;0,68;57,70;20,41;0;Switzerland;Western Europe;"Inderscience";"2016-2025";"Statistics and Probability (Q4); Statistics, Probability and Uncertainty (Q4); Strategy and Management (Q4)";"Business, Management and Accounting; Decision Sciences; Mathematics"
440;21100464314;"International Journal of Construction Supply Chain Management";journal;"11790776";"Massey University";Yes;Yes;0,174;Q4;12;21;41;902;45;41;1,07;42,95;39,53;0;New Zealand;Pacific Region;"Massey University";"2015-2025";"Building and Construction (Q4); Management Science and Operations Research (Q4); Strategy and Management (Q4)";"Business, Management and Accounting; Decision Sciences; Engineering"
441;21100327708;"Journal of Intelligence Studies in Business";journal;"2001015X";"Halmstad University";Yes;Yes;0,174;Q4;18;34;41;1219;57;36;1,45;35,85;35,09;0;Sweden;Western Europe;"Halmstad University";"2011-2025";"Business, Management and Accounting (miscellaneous) (Q4); Management Science and Operations Research (Q4)";"Business, Management and Accounting; Decision Sciences"
442;144810;"Journal of Modern Applied Statistical Methods (discontinued)";journal;"15389472";"Wayne State University";No;No;0,174;Q4;44;0;0;0;0;0;0,00;0,00;0,00;0;United States;Northern America;"Wayne State University";"2002-2019";"Statistics and Probability (Q4); Statistics, Probability and Uncertainty (Q4)";"Decision Sciences; Mathematics"
443;21100204111;"Smart Innovation, Systems and Technologies";book series;"21903026, 21903018";"Springer Science and Business Media Deutschland GmbH";No;No;0,174;Q4;42;2919;7785;56562;4513;7004;0,59;19,38;38,83;9;Germany;Western Europe;"Springer Science and Business Media Deutschland GmbH";"2010-2026";"Computer Science (miscellaneous) (Q4); Decision Sciences (miscellaneous) (Q4)";"Computer Science; Decision Sciences"
444;21100896490;"ETS Research Report Series";journal;"23308516";"John Wiley &amp; Sons Inc.";No;No;0,173;Q4;29;11;75;802;56;75;0,76;72,91;48,57;0;United States;Northern America;"John Wiley &amp; Sons Inc.";"1996-2014, 2018-2025";"Applied Psychology (Q4); Education (Q4); Social Psychology (Q4); Statistics, Probability and Uncertainty (Q4)";"Decision Sciences; Psychology; Social Sciences"
445;54666;"International Journal of Networking and Virtual Organisations";journal;"14709503, 17415225";"Inderscience Publishers";No;No;0,173;Q4;24;51;121;1665;108;118;0,93;32,65;40,28;0;United Kingdom;Western Europe;"Inderscience Publishers";"2002-2025";"Computer Networks and Communications (Q4); Computer Science Applications (Q4); Information Systems and Management (Q4); Strategy and Management (Q4)";"Business, Management and Accounting; Computer Science; Decision Sciences"
446;21100889702;"Asia Pacific Journal of Information Systems";journal;"22885404, 22886818";"Korean Society of Management Information Systems";Yes;No;0,170;Q4;12;48;109;3777;73;109;0,59;78,69;33,64;0;South Korea;Asiatic Region;"Korean Society of Management Information Systems";"2018-2025";"Sociology and Political Science (Q3); Information Systems and Management (Q4)";"Decision Sciences; Social Sciences"
447;21100878578;"International Journal of Cyber Warfare and Terrorism";journal;"19473435, 19473443";"IGI Global Publishing";No;No;0,169;Q4;10;1;58;45;49;58;0,68;45,00;0,00;0;United States;Northern America;"IGI Global Publishing";"2018-2024";"Computer Networks and Communications (Q4); Hardware and Architecture (Q4); Information Systems and Management (Q4); Safety Research (Q4); Safety, Risk, Reliability and Quality (Q4); Software (Q4)";"Computer Science; Decision Sciences; Engineering; Social Sciences"
448;21100860389;"International Journal of Information Technology Project Management";journal;"19380232, 19380240";"IGI Global Publishing";No;No;0,169;Q4;13;8;75;423;66;73;1,02;52,88;34,62;0;United States;Northern America;"IGI Global Publishing";"2017-2026";"Communication (Q3); Information Systems and Management (Q4); Management Information Systems (Q4); Management of Technology and Innovation (Q4); Organizational Behavior and Human Resource Management (Q4); Strategy and Management (Q4)";"Business, Management and Accounting; Decision Sciences; Social Sciences"
449;21100943551;"Mathematica Applicanda";journal;"17302668, 22994009";"Polish Mathematical Society";No;No;0,169;Q4;5;18;39;367;14;39;0,43;20,39;28,21;0;Poland;Eastern Europe;"Polish Mathematical Society";"2018-2024";"Decision Sciences (miscellaneous) (Q4); Mathematics (miscellaneous) (Q4)";"Decision Sciences; Mathematics"
450;19300157106;"International Journal of Internet Manufacturing and Services";journal;"17516056, 17516048";"Inderscience Enterprises Ltd";No;No;0,167;Q4;11;27;52;1200;32;51;0,28;44,44;27,54;0;United Kingdom;Western Europe;"Inderscience Enterprises Ltd";"2007-2011, 2013-2025";"Computer Networks and Communications (Q4); Industrial and Manufacturing Engineering (Q4); Information Systems and Management (Q4)";"Computer Science; Decision Sciences; Engineering"
451;19700190357;"Transplant Research and Risk Management";journal;"11791616";"Dove Medical Press Ltd";Yes;No;0,166;Q4;8;1;14;34;4;14;0,11;34,00;70,00;0;New Zealand;Pacific Region;"Dove Medical Press Ltd";"2011-2024";"Statistics, Probability and Uncertainty (Q4); Transplantation (Q4)";"Decision Sciences; Medicine"
452;14135;"South African Statistical Journal";journal;"0038271X, 19968450";"South African Statistical Association";No;No;0,165;Q4;12;6;30;139;9;30;0,40;23,17;15,38;1;South Africa;Africa;"South African Statistical Association";"1996-2025";"Statistics and Probability (Q4); Statistics, Probability and Uncertainty (Q4)";"Decision Sciences; Mathematics"
453;21101050917;"Corporate Governance and Organizational Behavior Review (discontinued)";journal;"25211889, 25211870";"Virtus Interpress";No;No;0,164;Q4;12;129;134;7021;167;125;1,29;54,43;39,13;1;Ukraine;Eastern Europe;"Virtus Interpress";"2019-2024";"Finance (Q4); Management Science and Operations Research (Q4); Organizational Behavior and Human Resource Management (Q4)";"Business, Management and Accounting; Decision Sciences; Economics, Econometrics and Finance"
454;21101028600;"Statistica Applicata";journal;"11251964, 20385587";"ASA Associazione per la Statistica Applicata";No;No;0,162;Q4;5;85;43;1323;10;41;0,36;15,56;47,14;0;Italy;Western Europe;"ASA Associazione per la Statistica Applicata";"2019-2024";"Applied Mathematics (Q4); Statistics and Probability (Q4); Statistics, Probability and Uncertainty (Q4)";"Decision Sciences; Mathematics"
455;13024;"Acta Cybernetica";journal;"0324721X";"University of Szeged, Institute of Informatics";Yes;No;0,161;Q4;20;13;70;399;37;67;0,55;30,69;9,52;0;Hungary;Eastern Europe;"University of Szeged, Institute of Informatics";"1990-2025";"Computational Theory and Mathematics (Q4); Computer Science (miscellaneous) (Q4); Computer Vision and Pattern Recognition (Q4); Electrical and Electronic Engineering (Q4); Information Systems and Management (Q4); Management Science and Operations Research (Q4); Software (Q4); Theoretical Computer Science (Q4)";"Computer Science; Decision Sciences; Engineering; Mathematics"
456;21100892891;"Applied Marketing Analytics";journal;"20547544, 20547552";"Henry Stewart Publications";No;No;0,161;Q4;8;34;121;923;37;108;0,33;27,15;30,00;0;United Kingdom;Western Europe;"Henry Stewart Publications";"2018-2025";"Marketing (Q4); Statistics, Probability and Uncertainty (Q4); Strategy and Management (Q4)";"Business, Management and Accounting; Decision Sciences"
457;21100899864;"ECTI Transactions on Computer and Information Technology";journal;"22869131";"ECTI Association Sirindhon International Institute of Technology";Yes;Yes;0,161;Q4;11;50;88;1649;73;88;0,81;32,98;33,77;0;Thailand;Asiatic Region;"ECTI Association Sirindhon International Institute of Technology";"2018-2026";"Computer Networks and Communications (Q4); Electrical and Electronic Engineering (Q4); Information Systems (Q4); Information Systems and Management (Q4)";"Computer Science; Decision Sciences; Engineering"
458;21101133222;"Queueing Models and Service Management";journal;"26162687, 26162679";"Kaoyian Press";No;No;0,160;Q4;7;6;18;144;9;18;0,30;24,00;30,77;0;Taiwan;Asiatic Region;"Kaoyian Press";"2018-2025";"Applied Mathematics (Q4); Management Science and Operations Research (Q4); Modeling and Simulation (Q4); Statistics, Probability and Uncertainty (Q4)";"Decision Sciences; Mathematics"
459;12364;"International Journal of Information and Management Sciences";journal;"10171819";"Tamkang University";No;No;0,159;Q4;27;20;60;625;40;58;0,28;31,25;31,11;0;Taiwan;Asiatic Region;"Tamkang University";"1996-2025";"Control and Systems Engineering (Q4); Industrial and Manufacturing Engineering (Q4); Information Systems and Management (Q4); Management Information Systems (Q4); Strategy and Management (Q4)";"Business, Management and Accounting; Decision Sciences; Engineering"
460;21100204516;"International Journal of Data Analysis Techniques and Strategies";journal;"17558050, 17558069";"Inderscience";No;No;0,158;Q4;21;22;54;1013;49;53;0,77;46,05;29,82;0;Switzerland;Western Europe;"Inderscience";"2008-2026";"Applied Mathematics (Q4); Information Systems (Q4); Information Systems and Management (Q4)";"Computer Science; Decision Sciences; Mathematics"
461;21100830763;"Journal of Information Science Theory and Practice";journal;"22879099, 22874577";"Korea Institute of Science and Technology Information";Yes;Yes;0,158;Q4;13;24;87;1441;50;87;0,56;60,04;27,08;0;South Korea;Asiatic Region;"Korea Institute of Science and Technology Information";"2017-2025";"Library and Information Sciences (Q3); Information Systems (Q4); Information Systems and Management (Q4)";"Computer Science; Decision Sciences; Social Sciences"
462;21100927900;"Journal of Food Distribution Research";journal;"26433354";"Food Distribution Research Society";Yes;No;0,157;Q4;7;21;66;605;22;63;0,36;28,81;56,72;0;United States;Northern America;"Food Distribution Research Society";"2019-2025";"Agronomy and Crop Science (Q4); Economics and Econometrics (Q4); Food Science (Q4); Management Science and Operations Research (Q4); Marketing (Q4)";"Agricultural and Biological Sciences; Business, Management and Accounting; Decision Sciences; Economics, Econometrics and Finance"
463;21101090644;"Corporate and Business Strategy Review";journal;"27089924, 27084965";"Virtus Interpress";No;No;0,156;Q4;13;109;74;5389;91;63;1,39;49,44;34,36;0;Ukraine;Eastern Europe;"Virtus Interpress";"2020-2026";"Decision Sciences (miscellaneous) (Q4); Earth and Planetary Sciences (miscellaneous) (Q4); Management Science and Operations Research (Q4); Strategy and Management (Q4)";"Business, Management and Accounting; Decision Sciences; Earth and Planetary Sciences"
464;21100406921;"Statistika";journal;"18048765, 0322788X";"Cesky Statisticky Urad";Yes;Yes;0,156;Q4;10;33;86;1117;35;86;0,49;33,85;36,51;0;Czech Republic;Eastern Europe;"Cesky Statisticky Urad";"2015-2025";"Economics and Econometrics (Q4); Statistics, Probability and Uncertainty (Q4)";"Decision Sciences; Economics, Econometrics and Finance"
465;21100898973;"Journal of Statistics Applications and Probability";journal;"20908423, 20908431";"Natural Sciences Publishing";No;No;0,154;Q4;19;127;233;3336;169;233;0,61;26,27;31,52;1;United States;Northern America;"Natural Sciences Publishing";"2018-2026";"Library and Information Sciences (Q3); Statistical and Nonlinear Physics (Q4); Statistics and Probability (Q4); Statistics, Probability and Uncertainty (Q4)";"Decision Sciences; Mathematics; Physics and Astronomy; Social Sciences"
466;21100200830;"International Journal of Information Science and Management";journal;"20088310, 20088302";"Regional Information Center for Science and Technology";Yes;Yes;0,152;Q4;16;76;134;3327;67;134;0,44;43,78;44,92;1;Iran;Middle East;"Regional Information Center for Science and Technology";"2008-2025";"Library and Information Sciences (Q3); Information Systems and Management (Q4); Management Information Systems (Q4); Statistics, Probability and Uncertainty (Q4)";"Business, Management and Accounting; Decision Sciences; Social Sciences"
467;19400157401;"International Journal of Enterprise Network Management";journal;"17481252, 17481260";"Inderscience Enterprises Ltd";No;No;0,151;Q4;16;20;66;1145;34;65;0,67;57,25;33,33;0;United Kingdom;Western Europe;"Inderscience Enterprises Ltd";"2006-2012, 2014-2025";"Business and International Management (Q4); Management of Technology and Innovation (Q4); Management Science and Operations Research (Q4)";"Business, Management and Accounting; Decision Sciences"
468;21100853929;"International Journal of Systematic Innovation";journal;"20778767, 20777973";"Society of Sytematic Innovation";No;No;0,151;Q4;8;24;58;1008;35;58;0,59;42,00;31,58;0;Taiwan;Asiatic Region;"Society of Sytematic Innovation";"2010-2025";"Artificial Intelligence (Q4); Computer Science Applications (Q4); Electrical and Electronic Engineering (Q4); Industrial and Manufacturing Engineering (Q4); Information Systems and Management (Q4); Management of Technology and Innovation (Q4); Mechanical Engineering (Q4); Multidisciplinary (Q4); Organizational Behavior and Human Resource Management (Q4); Strategy and Management (Q4)";"Business, Management and Accounting; Computer Science; Decision Sciences; Engineering; Multidisciplinary"
469;22303;"Journal of the Operations Research Society of Japan";journal;"04534514";"Operations Research Society of Japan";No;No;0,151;Q4;33;14;31;331;12;31;0,26;23,64;10,34;0;Japan;Asiatic Region;"Operations Research Society of Japan";"1983, 1996-2026";"Decision Sciences (miscellaneous) (Q4); Management Science and Operations Research (Q4)";"Decision Sciences"
470;21100268428;"Journal of ICT Research and Applications";journal;"23375787, 23385499";"Institute for Research and Community Services, Institut Teknologi Bandung";Yes;No;0,150;Q4;19;23;52;690;60;52;1,18;30,00;35,29;0;Indonesia;Asiatic Region;"Institute for Research and Community Services, Institut Teknologi Bandung";"2013-2025";"Computer Science (miscellaneous) (Q4); Electrical and Electronic Engineering (Q4); Information Systems and Management (Q4)";"Computer Science; Decision Sciences; Engineering"
471;21100266730;"International Journal of Information Systems in the Service Sector";journal;"19355688, 19355696";"IGI Global Publishing";No;No;0,148;Q4;17;2;89;63;63;89;0,63;31,50;20,00;0;United States;Northern America;"IGI Global Publishing";"2009-2026";"Information Systems (Q4); Information Systems and Management (Q4); Management Information Systems (Q4); Management Science and Operations Research (Q4); Strategy and Management (Q4)";"Business, Management and Accounting; Computer Science; Decision Sciences"
472;21100887432;"International Journal of Intelligence, Security, and Public Affairs";journal;"23800992, 2380100X";"Taylor and Francis Ltd.";No;No;0,145;Q4;10;0;42;0;17;40;0,64;0,00;0,00;0;United Kingdom;Western Europe;"Taylor and Francis Ltd.";"2016-2021";"Political Science and International Relations (Q3); Information Systems and Management (Q4); Sociology and Political Science (Q4)";"Decision Sciences; Social Sciences"
473;20449;"International Journal of Manufacturing Technology and Management";journal;"13682148, 17415195";"Inderscience Publishers";No;No;0,145;Q4;27;37;88;948;48;88;0,41;25,62;34,57;0;United Kingdom;Western Europe;"Inderscience Publishers";"2000-2026";"Computer Science Applications (Q4); Electrical and Electronic Engineering (Q4); Industrial and Manufacturing Engineering (Q4); Information Systems and Management (Q4); Strategy and Management (Q4)";"Business, Management and Accounting; Computer Science; Decision Sciences; Engineering"
474;21100933317;"Journal of Information Systems Security";journal;"15510123, 15510808";"Information Institute";No;No;0,144;Q4;3;14;29;381;8;22;0,24;27,21;23,08;0;United States;Northern America;"Information Institute";"2019-2025";"Education (Q4); Information Systems (Q4); Information Systems and Management (Q4); Management Information Systems (Q4); Safety Research (Q4); Software (Q4)";"Business, Management and Accounting; Computer Science; Decision Sciences; Social Sciences"
475;144786;"Journal of Japan Industrial Management Association";journal;"13422618, 21879079";"Japan Industrial Management Association";Yes;No;0,143;Q4;11;21;69;457;22;68;0,36;21,76;19,67;0;Japan;Asiatic Region;"Japan Industrial Management Association";"2004-2026";"Applied Mathematics (Q4); Industrial and Manufacturing Engineering (Q4); Management Science and Operations Research (Q4); Strategy and Management (Q4)";"Business, Management and Accounting; Decision Sciences; Engineering; Mathematics"
476;21100890652;"British Actuarial Journal";journal;"13573217, 20440456";"Cambridge University Press";No;No;0,133;Q4;9;12;51;207;16;41;0,22;17,25;31,58;0;United Kingdom;Western Europe;"Cambridge University Press";"2018-2026";"Economics and Econometrics (Q4); Statistics and Probability (Q4); Statistics, Probability and Uncertainty (Q4)";"Decision Sciences; Economics, Econometrics and Finance; Mathematics"
477;6400153135;"Source Code for Biology and Medicine";journal;"17510473";"BioMed Central Ltd";Yes;No;0,133;Q4;35;0;1;0;0;1;0,00;0,00;0,00;0;United Kingdom;Western Europe;"BioMed Central Ltd";"2006-2020";"Computer Science Applications (Q4); Health Informatics (Q4); Information Systems (Q4); Information Systems and Management (Q4)";"Computer Science; Decision Sciences; Medicine"
478;20300195019;"Risk and Decision Analysis";journal;"18759173, 15697371";"SAGE Publications Ltd";No;No;0,132;Q4;12;7;9;179;6;9;0,00;25,57;26,32;0;United Kingdom;Western Europe;"SAGE Publications Ltd";"2009-2014, 2016-2018, 2020-2021, 2023, 2025-2026";"Economics and Econometrics (Q4); Finance (Q4); Statistics and Probability (Q4); Statistics, Probability and Uncertainty (Q4)";"Decision Sciences; Economics, Econometrics and Finance; Mathematics"
479;21101076095;"Information and Media";journal;"27836207";"Vilnius University Press";Yes;Yes;0,131;Q4;6;25;55;1323;21;55;0,42;52,92;64,81;0;Lithuania;Eastern Europe;"Vilnius University Press";"2021-2025";"Media Technology (Q3); Information Systems and Management (Q4); Library and Information Sciences (Q4); Management of Technology and Innovation (Q4); Physics and Astronomy (miscellaneous) (Q4); Political Science and International Relations (Q4); Sociology and Political Science (Q4)";"Business, Management and Accounting; Decision Sciences; Engineering; Physics and Astronomy; Social Sciences"
480;21100936539;"Revue Europeenne d' Economie et Management des Services";journal;"25550284, 24970107";"Editions Classiques Garnier";No;No;0,131;Q4;5;11;37;573;15;37;0,42;52,09;53,85;0;France;Western Europe;"Editions Classiques Garnier";"2016-2025";"Management Information Systems (Q4); Management of Technology and Innovation (Q4); Management Science and Operations Research (Q4); Strategy and Management (Q4)";"Business, Management and Accounting; Decision Sciences"
481;19700186899;"International Journal of Applied Systemic Studies";journal;"17510597, 17510589";"Inderscience Enterprises Ltd";No;No;0,130;Q4;11;22;25;781;16;25;0,23;35,50;44,19;0;United Kingdom;Western Europe;"Inderscience Enterprises Ltd";"2007-2018, 2020, 2022-2025";"Computer Science Applications (Q4); Control and Systems Engineering (Q4); Information Systems and Management (Q4)";"Computer Science; Decision Sciences; Engineering"
482;4700152816;"Logistics Journal";journal;"18607977";"Wissenschaftliche Gesellschaft fur Technische Logistik";No;No;0,129;Q4;8;3;80;51;26;79;0,28;17,00;37,50;0;Germany;Western Europe;"Wissenschaftliche Gesellschaft fur Technische Logistik";"2006, 2009-2025";"Control and Systems Engineering (Q4); Management Information Systems (Q4); Management Science and Operations Research (Q4)";"Business, Management and Accounting; Decision Sciences; Engineering"
483;21101154818;"Neuro-Fuzzy Modeling Techniques in Economics";journal;"24153516, 23063289";"Vadym Hetman Kyiv National University of Economics";No;No;0,129;Q4;6;7;13;229;27;13;2,08;32,71;29,41;0;Ukraine;Eastern Europe;"Vadym Hetman Kyiv National University of Economics";"2019, 2021-2024";"Applied Mathematics (Q4); Economics, Econometrics and Finance (miscellaneous) (Q4); Management Science and Operations Research (Q4); Statistics and Probability (Q4); Statistics, Probability and Uncertainty (Q4)";"Decision Sciences; Economics, Econometrics and Finance; Mathematics"
484;21101023676;"International Conference on Quality Engineering and Management";conference and proceedings;"21843481";"Universidade do Minho";No;No;0,129;-;5;0;110;0;27;106;0,19;0,00;0,00;0;Portugal;Western Europe;"Universidade do Minho";"2014, 2016, 2018, 2020, 2022, 2024";"Management of Technology and Innovation; Management Science and Operations Research; Safety, Risk, Reliability and Quality; Strategy and Management";"Business, Management and Accounting; Decision Sciences; Engineering"
485;21100893272;"Lecturas de Economia";journal;"23230622, 01202596";"Universidad de Antioquia";Yes;Yes;0,128;Q4;10;26;62;930;32;59;0,49;35,77;22,00;1;Colombia;Latin America;"Universidad de Antioquia";"2005-2026";"Business, Management and Accounting (miscellaneous) (Q4); Economics and Econometrics (Q4); Finance (Q4); Social Sciences (miscellaneous) (Q4); Sociology and Political Science (Q4); Statistics, Probability and Uncertainty (Q4)";"Business, Management and Accounting; Decision Sciences; Economics, Econometrics and Finance; Social Sciences"
486;21101083423;"Proceedings of the Hamburg International Conference of Logistics";conference and proceedings;"23654430, 23655070";"Institute of Business Logistics and General Management, Hamburg University of Technology";No;No;0,126;-;6;0;91;0;26;86;0,29;0,00;0,00;0;Germany;Western Europe;"Institute of Business Logistics and General Management, Hamburg University of Technology";"2019, 2021-2022";"Business, Management and Accounting (miscellaneous); Management Science and Operations Research";"Business, Management and Accounting; Decision Sciences"
487;4700152810;"International Journal of Business Process Integration and Management";journal;"17418771, 17418763";"Inderscience Enterprises Ltd";No;No;0,123;Q4;22;0;40;0;10;40;0,08;0,00;0,00;0;United Kingdom;Western Europe;"Inderscience Enterprises Ltd";"2005-2015, 2017-2022, 2024-2025";"Business and International Management (Q4); Management Science and Operations Research (Q4); Strategy and Management (Q4)";"Business, Management and Accounting; Decision Sciences"
488;200147130;"Sankhya: The Indian Journal of Statistics";journal;"09727671";"Indian Statistical Institute";No;No;0,122;Q4;21;0;33;0;10;33;0,50;0,00;0,00;0;India;Asiatic Region;"Indian Statistical Institute";"2005-2022";"Statistics and Probability (Q4); Statistics, Probability and Uncertainty (Q4)";"Decision Sciences; Mathematics"
489;21100904665;"Contributions to Management Science";book series;"2197716X, 14311941";"Springer International Publishing";No;No;0,119;Q4;30;348;1008;14370;612;2;0,48;41,29;0,00;3;Switzerland;Western Europe;"Springer International Publishing";"2005-2026";"Business and International Management (Q4); Management of Technology and Innovation (Q4); Management Science and Operations Research (Q4); Marketing (Q4); Strategy and Management (Q4)";"Business, Management and Accounting; Decision Sciences"
490;21100313916;"Boletin de Estadistica e Investigacion Operativa";journal;"23871725";"Sociedad de Estadistica e Investigacion Operativa";No;No;0,117;Q4;5;24;57;385;6;54;0,10;16,04;43,90;0;Spain;Western Europe;"Sociedad de Estadistica e Investigacion Operativa";"2014-2025";"Management Science and Operations Research (Q4); Statistics, Probability and Uncertainty (Q4)";"Decision Sciences"
491;21100828949;"Studies in Systems, Decision and Control";book series;"21984182, 21984190";"Springer International Publishing AG";Yes;No;0,116;Q4;51;1294;3683;32888;2966;2;0,87;25,42;0,00;5;Switzerland;Western Europe;"Springer International Publishing AG";"2014-2026";"Automotive Engineering (Q4); Computer Science (miscellaneous) (Q4); Control and Optimization (Q4); Control and Systems Engineering (Q4); Decision Sciences (miscellaneous) (Q4); Economics, Econometrics and Finance (miscellaneous) (Q4); Social Sciences (miscellaneous) (Q4)";"Computer Science; Decision Sciences; Economics, Econometrics and Finance; Engineering; Mathematics; Social Sciences"
492;21100886371;"Decyzje";journal;"2391761X, 17330092";"Kozminski University -Center of Economic Psychology and Decision Sciences";Yes;No;0,115;Q4;3;0;17;0;4;16;0,20;0,00;0,00;0;Poland;Eastern Europe;"Kozminski University -Center of Economic Psychology and Decision Sciences";"2018-2021";"Decision Sciences (miscellaneous) (Q4); Economics, Econometrics and Finance (miscellaneous) (Q4); Law (Q4); Public Administration (Q4)";"Decision Sciences; Economics, Econometrics and Finance; Social Sciences"
493;21100222537;"Intelligent Systems Reference Library";book series;"18684394, 18684408";"Springer Science + Business Media";No;No;0,115;Q4;49;248;952;9400;958;15;1,12;37,90;18,18;2;United States;Northern America;"Springer Science + Business Media";"2009-2026";"Computer Science (miscellaneous) (Q4); Information Systems and Management (Q4); Library and Information Sciences (Q4)";"Computer Science; Decision Sciences; Social Sciences"
494;27928;"Utilitas Mathematica (discontinued)";journal;"03153681";"Utilitas Mathematica Publishing Inc.";No;No;0,112;Q4;34;22;82;726;14;82;0,14;33,00;28,57;0;Canada;Northern America;"Utilitas Mathematica Publishing Inc.";"1996-2014, 2016-2024";"Applied Mathematics (Q4); Statistics and Probability (Q4); Statistics, Probability and Uncertainty (Q4)";"Decision Sciences; Mathematics"
495;17600155037;"Journal of Quality";journal;"10220690";"Chinese Society for Quality";No;No;0,110;Q4;11;22;73;721;11;67;0,16;32,77;44,90;0;Taiwan;Asiatic Region;"Chinese Society for Quality";"2009-2025";"Management Science and Operations Research (Q4); Safety, Risk, Reliability and Quality (Q4)";"Decision Sciences; Engineering"
496;145594;"Military Operations Research";journal;"02755823";"Military Operations Research Society";No;No;0,109;Q4;18;11;20;433;7;16;0,43;39,36;15,15;0;United States;Northern America;"Military Operations Research Society";"2005-2024";"Civil and Structural Engineering (Q4); Management Science and Operations Research (Q4); Mechanical Engineering (Q4)";"Decision Sciences; Engineering"
497;22473;"Quality Progress";journal;"0033524X";"American Society for Quality";No;No;0,108;Q4;38;136;383;122;16;129;0,04;0,90;31,11;0;United States;Northern America;"American Society for Quality";"1974, 1978-2025";"Industrial and Manufacturing Engineering (Q4); Management Science and Operations Research (Q4); Safety, Risk, Reliability and Quality (Q4); Strategy and Management (Q4)";"Business, Management and Accounting; Decision Sciences; Engineering"
498;21101049060;"Challenges to National Defence in Contemporary Geopolitical Situation";conference and proceedings;"25388959";"General Jonas Zemaitis Military Academy of Lithuania";No;No;0,107;-;7;0;81;0;11;78;0,05;0,00;0,00;0;Lithuania;Eastern Europe;"General Jonas Zemaitis Military Academy of Lithuania";"2018, 2020, 2022, 2024";"Artificial Intelligence; Computer Science Applications; Information Systems and Management; Mechanical Engineering; Political Science and International Relations; Safety Research; Safety, Risk, Reliability and Quality; Sociology and Political Science";"Computer Science; Decision Sciences; Engineering; Social Sciences"
499;21100851482;"Statistica e Applicazioni";journal;"18246672, 22836659";"Vita e Pensiero";No;No;0,106;Q4;12;0;15;0;1;12;0,00;0,00;0,00;0;Italy;Western Europe;"Vita e Pensiero";"2003-2022";"Statistical and Nonlinear Physics (Q4); Statistics and Probability (Q4); Statistics, Probability and Uncertainty (Q4)";"Decision Sciences; Mathematics; Physics and Astronomy"
500;4700151732;"International Journal of Risk Assessment and Management";journal;"14668297, 17415241";"Inderscience Enterprises Ltd";No;No;0,105;Q4;29;10;45;501;15;44;0,21;50,10;8,00;0;United Kingdom;Western Europe;"Inderscience Enterprises Ltd";"2000-2003, 2005-2023";"Business and International Management (Q4); Management Science and Operations Research (Q4); Statistics, Probability and Uncertainty (Q4)";"Business, Management and Accounting; Decision Sciences"
501;19900194804;"Journal of the Statistical and Social Inquiry Society of Ireland";journal;"00814776";"Statistical and Social Inquiry Society of Ireland";No;No;0,104;Q4;9;10;20;214;1;13;0,07;21,40;25,00;1;Ireland;Western Europe;"Statistical and Social Inquiry Society of Ireland";"2009-2011, 2014-2015, 2017-2025";"Economics and Econometrics (Q4); Sociology and Political Science (Q4); Statistics, Probability and Uncertainty (Q4)";"Decision Sciences; Economics, Econometrics and Finance; Social Sciences"
502;21101043804;"Operations Management Education Review";journal;"16497082, 20444567";"NeilsonJournals Publishing";No;No;0,104;Q4;2;5;22;114;2;20;0,13;22,80;30,00;0;United Kingdom;Western Europe;"NeilsonJournals Publishing";"2019-2024";"Decision Sciences (miscellaneous) (Q4); Information Systems and Management (Q4); Management Science and Operations Research (Q4)";"Decision Sciences"
503;21101023684;"Fabriksoftware";journal;"25697692";"Gito Verlag";No;No;0,103;Q4;2;40;127;29;5;98;0,03;0,73;13,33;0;Germany;Western Europe;"Gito Verlag";"2018-2025";"Computer Science Applications (Q4); Industrial and Manufacturing Engineering (Q4); Information Systems (Q4); Information Systems and Management (Q4); Management of Technology and Innovation (Q4); Software (Q4)";"Business, Management and Accounting; Computer Science; Decision Sciences; Engineering"
504;74292;"Foundry Trade Journal International";trade journal;"17589789";"FMJ International Publications Ltd";No;No;0,100;Q4;9;53;66;35;0;61;0,00;0,66;9,09;0;United Kingdom;Western Europe;"FMJ International Publications Ltd";"1979, 1988, 2011-2013, 2017-2025";"Information Systems (Q4); Information Systems and Management (Q4); Software (Q4)";"Computer Science; Decision Sciences"
505;21101393102;"Applied Human Factors and Ergonomics International";book series;"27710718";"AHFE International";No;No;;-;12;1596;354;27300;24;1;0,07;17,11;16,67;3;United States;Northern America;"AHFE International";"2025-2026";"Artificial Intelligence; Engineering (miscellaneous); Human-Computer Interaction; Management Science and Operations Research; Safety, Risk, Reliability and Quality";"Computer Science; Decision Sciences; Engineering"
506;21100854422;"Atas da Conferencia da Associacao Portuguesa de Sistemas de Informacao";conference and proceedings;"2183489X";"Associacao Portuguesa de Sistemas de Informacao";No;No;;-;7;27;101;913;13;97;0,10;33,81;49,28;0;Portugal;Western Europe;"Associacao Portuguesa de Sistemas de Informacao";"2014-2024";"Computer Science Applications; Information Systems; Information Systems and Management; Management Information Systems; Management of Technology and Innovation";"Business, Management and Accounting; Computer Science; Decision Sciences"
507;21101272725;"Barekeng";journal;"26153017, 19787227";"Universitas Pattimura";Yes;No;;-;7;240;300;4915;91;300;0,30;20,48;56,64;0;Indonesia;Asiatic Region;"Universitas Pattimura";"2020-2026";"Applied Mathematics; Mathematics (miscellaneous); Numerical Analysis; Statistics, Probability and Uncertainty";"Decision Sciences; Mathematics"
508;21101289967;"Big Data and Computing Visions";journal;"2821014X, 27834956";"Research Expansion Alliance (REA)";No;No;;-;9;24;47;543;42;47;0,89;22,63;40,74;0;Serbia;Eastern Europe;"Research Expansion Alliance (REA)";"2021-2025";"Computer Networks and Communications; Computer Science Applications; Information Systems and Management; Management Information Systems";"Business, Management and Accounting; Computer Science; Decision Sciences"
509;21101301814;"Business Ethics and Leadership";journal;"25206311, 25206761";"Academic Research and Publishing UG";Yes;No;;-;14;52;85;2242;138;85;1,62;43,12;43,82;1;Germany;Western Europe;"Academic Research and Publishing UG";"2019-2025";"Business, Management and Accounting (miscellaneous); Decision Sciences (miscellaneous); Gender Studies; Issues, Ethics and Legal Aspects; Law; Organizational Behavior and Human Resource Management; Social Sciences (miscellaneous); Sociology and Political Science";"Business, Management and Accounting; Decision Sciences; Nursing; Social Sciences"
510;21101292645;"Business Performance Review";journal;"30056829, 30056810";"Virtus Interpress";No;No;;-;4;7;0;308;0;0;0,00;44,00;30,00;0;Ukraine;Eastern Europe;"Virtus Interpress";"2023-2026";"Business and International Management; Finance; Management Science and Operations Research";"Business, Management and Accounting; Decision Sciences; Economics, Econometrics and Finance"
511;21100400809;"Colloquium in Information Science and Technology, CIST";conference and proceedings;"2327185X, 23271884";"Institute of Electrical and Electronics Engineers Inc.";No;No;;-;22;126;89;3154;106;87;0,00;25,03;36,57;0;United States;Northern America;"Institute of Electrical and Electronics Engineers Inc.";"2015-2018, 2020, 2023, 2025";"Computer Science Applications; Information Systems and Management; Management Science and Operations Research; Signal Processing";"Computer Science; Decision Sciences"
512;21101150412;"Computational Journal of Mathematical and Statistical Sciences";journal;"29743435, 29743443";"";Yes;No;;-;14;15;6;408;37;6;6,17;27,20;36,84;0;Egypt;Africa/Middle East;"";"2022-2025";"Computational Mathematics; Modeling and Simulation; Statistics and Probability; Statistics, Probability and Uncertainty";"Decision Sciences; Mathematics"
513;21101342175;"Computer Science (China)";journal;"1002137X";"Editorial office of Computer Science";No;No;;-;18;791;1595;25529;1327;1595;0,83;32,27;35,65;0;China;Asiatic Region;"Editorial office of Computer Science";"2021-2026";"Artificial Intelligence; Information Systems and Management";"Computer Science; Decision Sciences"
514;21101393933;"Data Science in Finance and Economics";journal;"27692140";"American Institute of Mathematical Sciences";No;No;;-;11;24;22;917;38;22;1,73;38,21;26,23;0;United States;Northern America;"American Institute of Mathematical Sciences";"2022-2026";"Artificial Intelligence; Computer Science Applications; Decision Sciences (miscellaneous); Economics and Econometrics; Finance; Statistics and Probability; Statistics, Probability and Uncertainty";"Computer Science; Decision Sciences; Economics, Econometrics and Finance; Mathematics"
515;21101373168;"Decision Making Advances";journal;"29562384";"Scientific Oasis";No;No;;-;13;8;0;264;0;0;0,00;33,00;27,27;0;Serbia;Eastern Europe;"Scientific Oasis";"2023-2026";"Applied Mathematics; Artificial Intelligence; Decision Sciences (miscellaneous); Management Science and Operations Research";"Computer Science; Decision Sciences; Mathematics"
516;21100199555;"eCrime Researchers Summit, eCrime";conference and proceedings;"21591245, 21591237";"IEEE Computer Society";No;No;;-;23;12;38;520;62;35;1,33;43,33;21,43;0;United States;Northern America;"IEEE Computer Society";"2011-2024";"Computer Networks and Communications; Computer Science Applications; Information Systems; Information Systems and Management";"Computer Science; Decision Sciences"
517;21100286322;"European Conference on Information Warfare and Security, ECCWS";conference and proceedings;"20488602, 20488610";"Curran Associates Inc.";No;No;;-;13;86;130;2301;47;126;0,48;26,76;32,42;1;United States;Northern America;"Curran Associates Inc.";"2013-2020, 2022-2025";"Information Systems; Information Systems and Management; Safety, Risk, Reliability and Quality";"Computer Science; Decision Sciences; Engineering"
518;21101363389;"Forum Empresarial";journal;"15418561, 24758752";"University of Puerto Rico";Yes;No;;-;2;7;12;305;1;12;0,08;43,57;33,33;2;Puerto Rico;Latin America;"University of Puerto Rico";"2021-2025";"Business, Management and Accounting (miscellaneous); Decision Sciences (miscellaneous); Marketing; Organizational Behavior and Human Resource Management";"Business, Management and Accounting; Decision Sciences"
519;21101317532;"Frontiers in Behavioral Economics";journal;"28135296";"Frontiers Media SA";Yes;No;;-;5;27;1;1566;0;1;0,00;58,00;32,31;1;Switzerland;Western Europe;"Frontiers Media SA";"2022-2026";"Decision Sciences (miscellaneous); Economics and Econometrics; Organizational Behavior and Human Resource Management";"Business, Management and Accounting; Decision Sciences; Economics, Econometrics and Finance"
520;27205;"Game Studies";journal;"16047982";"Game Studies";Yes;No;;-;40;15;73;800;105;69;0,87;53,33;22,22;0;Norway;Western Europe;"Game Studies";"2002-2006, 2008-2026";"Applied Mathematics; Arts and Humanities (miscellaneous); Cultural Studies; Statistics, Probability and Uncertainty";"Arts and Humanities; Decision Sciences; Mathematics; Social Sciences"
521;21101277752;"Health Leadership and Quality of Life (discontinued)";journal;"30088488";"";No;No;;-;20;144;85;5195;122;85;1,44;36,08;45,39;0;Argentina;Latin America;"";"2022-2025";"Health Policy; Management Science and Operations Research; Public Health, Environmental and Occupational Health; Strategy and Management";"Business, Management and Accounting; Decision Sciences; Medicine"
522;21101185266;"ICSBT International Conference on Smart Business Technologies";conference and proceedings;"2184772X";"Science and Technology Publications, Lda";No;No;;-;4;24;20;667;4;19;0,20;27,79;17,65;0;Portugal;Western Europe;"Science and Technology Publications, Lda";"2022-2024";"Business, Management and Accounting (miscellaneous); Computer Networks and Communications; Computer Science Applications; Electrical and Electronic Engineering; Information Systems and Management";"Business, Management and Accounting; Computer Science; Decision Sciences; Engineering"
523;21100206205;"IEEE Global Engineering Education Conference, EDUCON";conference and proceedings;"21659559, 21659567";"IEEE Computer Society";No;No;;-;42;166;892;3597;1016;884;1,05;21,67;36,36;0;United States;Northern America;"IEEE Computer Society";"2012-2025";"Education; Engineering (miscellaneous); Information Systems and Management";"Decision Sciences; Engineering; Social Sciences"
524;21101180570;"Innovation and Green Development";journal;"29497531";"Elsevier B.V.";Yes;No;;-;40;37;10;2241;171;9;17,10;60,57;37,04;6;Netherlands;Western Europe;"Elsevier B.V.";"2022-2026";"Management of Technology and Innovation; Management Science and Operations Research; Renewable Energy, Sustainability and the Environment";"Business, Management and Accounting; Decision Sciences; Energy"
525;21101107935;"International Conference on Enterprise Information Systems, ICEIS - Proceedings";conference and proceedings;"21844992";"Science and Technology Publications, Lda";No;No;;-;12;155;333;4394;231;327;0,69;28,35;21,33;0;Portugal;Western Europe;"Science and Technology Publications, Lda";"2021-2025";"Computer Science Applications; Information Systems; Information Systems and Management";"Computer Science; Decision Sciences"
526;21101111525;"International Conference on Harbour, Maritime and Multimodal Logistics Modelling and Simulation";conference and proceedings;"27240339";"I3M Conference";No;No;;-;5;14;31;291;16;28;0,63;20,79;38,30;0;Spain;Western Europe;"I3M Conference";"2019-2024";"Business and International Management; Computer Science Applications; Management Science and Operations Research; Strategy and Management; Transportation";"Business, Management and Accounting; Computer Science; Decision Sciences; Social Sciences"
527;21101215011;"International Conference on Information and Knowledge Management, Proceedings";conference and proceedings;"21550751";"Association for Computing Machinery";No;No;;-;166;2;1254;39;4740;1249;3,78;19,50;33,33;0;United States;Northern America;"Association for Computing Machinery";"1995-2024";"Business, Management and Accounting (miscellaneous); Decision Sciences (miscellaneous)";"Business, Management and Accounting; Decision Sciences"
528;21101180312;"International Conference on Operations Research and Enterprise Systems";conference and proceedings;"21844372";"Science and Technology Publications, Lda";No;No;;-;6;30;147;541;33;144;0,27;18,03;25,64;0;Portugal;Western Europe;"Science and Technology Publications, Lda";"2019-2025";"Computer Science (miscellaneous); Control and Optimization; Management Science and Operations Research; Theoretical Computer Science";"Computer Science; Decision Sciences; Mathematics"
529;21100879012;"International Conference on Software, Knowledge Information, Industrial Management and Applications, SKIMA";conference and proceedings;"25733214, 2373082X";"Institute of Electrical and Electronics Engineers Inc.";No;No;;-;11;54;58;1252;18;57;0,31;23,19;35,29;0;United States;Northern America;"Institute of Electrical and Electronics Engineers Inc.";"2017-2018, 2022-2023";"Computer Science Applications; Information Systems; Information Systems and Management; Software";"Computer Science; Decision Sciences"
530;21101258752;"International Journal of Industrial Engineering and Operations Management";journal;"26906090, 26906104";"Emerald Publishing";Yes;Yes;;-;12;14;4;730;10;4;2,50;52,14;23,08;0;United Kingdom;Western Europe;"Emerald Publishing";"2022-2026";"Industrial and Manufacturing Engineering; Management Science and Operations Research; Renewable Energy, Sustainability and the Environment; Safety, Risk, Reliability and Quality; Statistics, Probability and Uncertainty";"Decision Sciences; Energy; Engineering"
531;21101045037;"International Journal of Professional Business Review (discontinued)";journal;"25253654";"AOS-Estratagia and Inovacao";Yes;No;;-;20;315;191;12235;637;190;3,63;38,84;39,74;3;Brazil;Latin America;"AOS-Estratagia and Inovacao";"2016-2023";"Business, Management and Accounting (miscellaneous); Decision Sciences (miscellaneous); Strategy and Management; Tourism, Leisure and Hospitality Management";"Business, Management and Accounting; Decision Sciences"
532;21101257844;"International Journal of Research in Industrial Engineering";journal;"27831337, 27172937";"";Yes;Yes;;-;6;28;0;1115;0;0;0,00;39,82;11,29;0;Iran;Middle East;"";"2023-2026";"Industrial and Manufacturing Engineering; Information Systems and Management; Management Science and Operations Research; Statistics, Probability and Uncertainty";"Decision Sciences; Engineering"
533;21101271431;"International Journal of Smart Grid";journal;"2602439X";"";No;No;;-;16;27;36;763;155;36;4,31;28,26;11,94;0;Turkey;Middle East;"";"2021-2025";"Artificial Intelligence; Control and Systems Engineering; Electrical and Electronic Engineering; Energy (miscellaneous); Information Systems and Management";"Computer Science; Decision Sciences; Energy; Engineering"
534;21101058059;"International Scientific and Technical Conference on Computer Sciences and Information Technologies";conference and proceedings;"27663639, 27663655";"Institute of Electrical and Electronics Engineers Inc.";No;No;;-;26;165;491;2716;464;485;1,03;16,46;40,45;0;United States;Northern America;"Institute of Electrical and Electronics Engineers Inc.";"2015-2024";"Computer Networks and Communications; Information Systems; Information Systems and Management";"Computer Science; Decision Sciences"
535;21101392297;"IP Indian Journal of Library Science and Information Technology";journal;"25821555, 24569623";"IP Innovative Publication Pvt. Ltd.";No;No;;-;5;22;22;351;3;21;0,14;15,95;26,09;0;India;Asiatic Region;"IP Innovative Publication Pvt. Ltd.";"2022-2025";"Information Systems; Information Systems and Management; Library and Information Sciences";"Computer Science; Decision Sciences; Social Sciences"
536;21101393337;"Iranian Journal of Accounting, Auditing and Finance";journal;"27174131, 25886142";"Ferdowsi University of Mashhad";No;No;;-;4;28;28;1142;6;28;0,21;40,79;17,91;0;Iran;Middle East;"Ferdowsi University of Mashhad";"2022-2026";"Accounting; Artificial Intelligence; Business, Management and Accounting (miscellaneous); Finance; Information Systems and Management; Organizational Behavior and Human Resource Management";"Business, Management and Accounting; Computer Science; Decision Sciences; Economics, Econometrics and Finance"
537;21101206092;"Journal of Applied Research on Industrial Engineering";journal;"26766167, 25385100";"Research Expansion Alliance (REA)";Yes;Yes;;-;13;40;82;1761;127;82;1,55;44,03;20,62;0;Serbia;Eastern Europe;"Research Expansion Alliance (REA)";"2021-2025";"Control and Systems Engineering; Industrial and Manufacturing Engineering; Information Systems and Management; Management Science and Operations Research";"Decision Sciences; Engineering"
538;21101284211;"Journal of Applied Science, Engineering, Technology, and Education";journal;"26850591";"PT Mattawang Mediatama Solution";No;No;;-;4;25;28;538;3;28;0,11;21,52;38,46;0;Indonesia;Asiatic Region;"PT Mattawang Mediatama Solution";"2022-2025";"Agricultural and Biological Sciences (miscellaneous); Decision Sciences (miscellaneous); Engineering (miscellaneous); Environmental Science (miscellaneous); Statistics, Probability and Uncertainty";"Agricultural and Biological Sciences; Decision Sciences; Engineering; Environmental Science"
539;21101375756;"Journal of Computing and Biomedical Informatics";journal;"27101614, 27101606";"Research Center of Computing and Biomedical Informatics";No;No;;-;13;122;51;4403;27;51;0,53;36,09;26,24;0;Pakistan;Asiatic Region;"Research Center of Computing and Biomedical Informatics";"2021-2025";"Artificial Intelligence; Biomedical Engineering; Decision Sciences (miscellaneous)";"Computer Science; Decision Sciences; Engineering"
540;21101188857;"Journal of Economics and Management (Poland)";journal;"17321948, 27199975";"University of Economics in Katowice";Yes;Yes;;-;7;18;0;1310;0;0;0,00;72,78;45,16;0;Poland;Eastern Europe;"University of Economics in Katowice";"2023-2026";"Business, Management and Accounting (miscellaneous); Economics, Econometrics and Finance (miscellaneous); Information Systems and Management; Management Information Systems; Strategy and Management";"Business, Management and Accounting; Decision Sciences; Economics, Econometrics and Finance"
541;21101152758;"Journal of Information Systems Engineering and Business Intelligence";journal;"25986333, 24432555";"Airlangga University";Yes;Yes;;-;10;23;0;1130;0;0;0,00;49,13;44,44;0;Indonesia;Asiatic Region;"Airlangga University";"2023-2025";"Computer Science (miscellaneous); Information Systems; Information Systems and Management; Management Information Systems";"Business, Management and Accounting; Computer Science; Decision Sciences"
542;21101325689;"Journal of Intercollegiate Sport";journal;"19416342, 1941417X";"University of Kansas";Yes;No;;-;6;16;37;892;23;31;0,62;55,75;56,41;0;United States;Northern America;"University of Kansas";"2016, 2021-2026";"Decision Sciences (miscellaneous); Health (social science); Organizational Behavior and Human Resource Management";"Business, Management and Accounting; Decision Sciences; Social Sciences"
543;21101210641;"Journal of Korean Institute of Communications and Information Sciences";journal;"12264717, 22873880";"Korean Institute of Communications and Information Sciences";No;No;;-;6;201;818;3030;125;818;0,18;15,07;23,60;0;South Korea;Asiatic Region;"Korean Institute of Communications and Information Sciences";"2020-2026";"Computer Networks and Communications; Computer Science (miscellaneous); Information Systems and Management";"Computer Science; Decision Sciences"
544;21101196737;"Journal of Management World (discontinued)";journal;"29943191";"";No;No;;-;6;40;92;3325;22;91;0,24;83,13;38,78;0;United States;Northern America;"";"2021-2024";"Business and International Management; Business, Management and Accounting (miscellaneous); Information Systems and Management; Management Information Systems; Psychology (miscellaneous); Strategy and Management";"Business, Management and Accounting; Decision Sciences; Psychology"
545;21101347038;"Journal of Operations Intelligence";journal;"30094267";"Scientific Oasis";No;No;;-;16;5;0;192;0;0;0,00;38,40;26,67;0;Serbia;Eastern Europe;"Scientific Oasis";"2023-2025";"Applied Mathematics; Artificial Intelligence; Management Science and Operations Research; Statistics, Probability and Uncertainty";"Computer Science; Decision Sciences; Mathematics"
546;21101272843;"Journal Of Organizational Behavior Research";journal;"25289705";"Deniz Publication";No;No;;-;11;44;75;1626;76;75;1,01;36,95;52,50;0;Turkey;Middle East;"Deniz Publication";"2021-2025";"Business, Management and Accounting (miscellaneous); Decision Sciences (miscellaneous); Information Systems and Management; Organizational Behavior and Human Resource Management";"Business, Management and Accounting; Decision Sciences"
547;21101183722;"Journal of Risk Analysis and Crisis Response";journal;"22108505";"";Yes;Yes;;-;6;25;69;920;33;66;0,78;36,80;34,48;0;China;Asiatic Region;"";"2019-2025";"Decision Sciences (miscellaneous); Economics, Econometrics and Finance (miscellaneous); Environmental Science (miscellaneous); Information Systems and Management; Management Science and Operations Research; Safety Research; Social Sciences (miscellaneous); Statistics, Probability and Uncertainty";"Decision Sciences; Economics, Econometrics and Finance; Environmental Science; Social Sciences"
548;21101393624;"Journal of Smart Tourism";journal;"27652157, 27657272";"SAGE Publications Ltd";No;No;;-;11;18;43;805;107;35;2,49;44,72;44,44;0;United Kingdom;Western Europe;"SAGE Publications Ltd";"2021-2026";"Artificial Intelligence; Computer Science Applications; Information Systems and Management; Management, Monitoring, Policy and Law; Marketing; Tourism, Leisure and Hospitality Management";"Business, Management and Accounting; Computer Science; Decision Sciences; Environmental Science"
549;21101192898;"Journal of Soft Computing and Data Mining";journal;"2716621X";"Penerbit UTHM";No;No;;-;14;14;46;335;191;46;4,35;23,93;39,13;0;Malaysia;Asiatic Region;"Penerbit UTHM";"2020-2026";"Artificial Intelligence; Information Systems and Management; Software; Theoretical Computer Science";"Computer Science; Decision Sciences; Mathematics"
550;21101366453;"Journal of Soft Computing and Decision Analytics";journal;"30093481";"Scientific Oasis";No;No;;-;17;20;0;794;0;0;0,00;39,70;25,00;1;Serbia;Eastern Europe;"Scientific Oasis";"2023-2026";"Applied Mathematics; Artificial Intelligence; Decision Sciences (miscellaneous); Management Science and Operations Research";"Computer Science; Decision Sciences; Mathematics"
551;21101294617;"Journal of Sustainable Competitive Intelligence";journal;"30857813";"Editora Alumni In";No;No;;-;2;12;0;584;0;0;0,00;48,67;51,85;0;Brazil;Latin America;"Editora Alumni In";"2023-2026";"Business, Management and Accounting (miscellaneous); Decision Sciences (miscellaneous); Development; Management, Monitoring, Policy and Law";"Business, Management and Accounting; Decision Sciences; Environmental Science; Social Sciences"
552;21101245237;"Journal of the Indian Statistical Association";journal;"05372585";"Indian Statistical Association";No;No;;-;2;5;42;89;0;37;0,00;17,80;42,86;0;India;Asiatic Region;"Indian Statistical Association";"2020-2024";"Statistics and Probability; Statistics, Probability and Uncertainty";"Decision Sciences; Mathematics"
553;21101210382;"Journal of Transportation Engineering and Information";journal;"16724747";"Southwest Jiaotong University";No;No;;-;10;51;198;1761;156;198;0,99;34,53;32,79;0;China;Asiatic Region;"Southwest Jiaotong University";"2019-2026";"Artificial Intelligence; Civil and Structural Engineering; Management Science and Operations Research; Transportation";"Computer Science; Decision Sciences; Engineering; Social Sciences"
554;21101184661;"Jurnal Optimasi Sistem Industri";journal;"20884842, 24428795";"Andalas University Faculty of Engineering";Yes;Yes;;-;7;18;45;619;21;43;0,46;34,39;36,84;0;Indonesia;Asiatic Region;"Andalas University Faculty of Engineering";"2019-2025";"Industrial and Manufacturing Engineering; Management Science and Operations Research; Safety, Risk, Reliability and Quality; Statistics, Probability and Uncertainty";"Decision Sciences; Engineering"
555;21101312745;"KARSA";journal;"24423289, 24424285";"Universitas Islam Negeri Madura";No;No;;-;3;15;15;543;3;15;0,20;36,20;37,50;0;Indonesia;Asiatic Region;"Universitas Islam Negeri Madura";"2022-2025";"Arts and Humanities (miscellaneous); Cultural Studies; Decision Sciences (miscellaneous); Religious Studies; Social Sciences (miscellaneous)";"Arts and Humanities; Decision Sciences; Social Sciences"
556;21101298331;"LatIA (discontinued)";journal;"3046403X";"";No;No;;-;15;24;0;1248;0;0;0,00;52,00;46,15;1;Uruguay;Latin America;"";"2023-2025";"Computer Science Applications; Computer Science (miscellaneous); Information Systems and Management; Media Technology";"Computer Science; Decision Sciences; Engineering"
557;21101295550;"Management (Montevideo) (discontinued)";journal;"30464048";"";No;No;;-;14;20;0;1229;0;0;0,00;61,45;35,29;0;Uruguay;Latin America;"";"2023-2025";"Decision Sciences (miscellaneous); Management Science and Operations Research; Organizational Behavior and Human Resource Management; Strategy and Management";"Business, Management and Accounting; Decision Sciences"
558;21101393568;"Modern Supply Chain Research and Applications";journal;"26313871";"Emerald Publishing";No;No;;-;20;12;38;846;194;38;4,08;70,50;40,54;0;United Kingdom;Western Europe;"Emerald Publishing";"2019-2025";"Business and International Management; Management Science and Operations Research; Safety, Risk, Reliability and Quality; Statistics, Probability and Uncertainty";"Business, Management and Accounting; Decision Sciences; Engineering"
559;21101200223;"Moratuwa Engineering Research Conference, MERCon";conference and proceedings;"2691364X, 28315537";"Institute of Electrical and Electronics Engineers Inc.";No;No;;-;4;142;0;2485;0;0;0,00;17,50;37,25;0;United States;Northern America;"Institute of Electrical and Electronics Engineers Inc.";"2023-2025";"Ceramics and Composites; Civil and Structural Engineering; Computational Mechanics; Computer Networks and Communications; Electrical and Electronic Engineering; Information Systems and Management; Instrumentation; Waste Management and Disposal";"Computer Science; Decision Sciences; Engineering; Environmental Science; Materials Science; Physics and Astronomy"
560;21101222663;"National Conference with International Participation, TELECOM";conference and proceedings;"28375246, 28375238";"Institute of Electrical and Electronics Engineers";No;No;;-;2;1;0;8;0;0;0,00;8,00;66,67;0;United States;Northern America;"Institute of Electrical and Electronics Engineers";"2023-2024";"Computer Networks and Communications; Computer Science Applications; Human-Computer Interaction; Information Systems and Management";"Computer Science; Decision Sciences"
561;21101241973;"Notes on Intuitionistic Fuzzy Sets";journal;"23678283, 13104926";""Prof. Marin Drinov" Publishing House of Bulgarian Academy of Sciences";Yes;No;;-;7;36;93;563;62;90;0,72;15,64;45,16;0;Bulgaria;Eastern Europe;""Prof. Marin Drinov" Publishing House of Bulgarian Academy of Sciences";"2020-2026";"Computational Theory and Mathematics; Decision Sciences (miscellaneous); Engineering (miscellaneous); Mathematics (miscellaneous)";"Computer Science; Decision Sciences; Engineering; Mathematics"
562;21101211866;"Proceedings - IEEE CHILEAN Conference on Electrical, Electronics Engineering, Information and Communication Technologies, ChileCon";conference and proceedings;"28321537, 28321529";"Institute of Electrical and Electronics Engineers Inc.";No;No;;-;3;157;0;3166;0;0;0,00;20,17;11,74;0;United States;Northern America;"Institute of Electrical and Electronics Engineers Inc.";"2023";"Artificial Intelligence; Computer Networks and Communications; Control and Optimization; Electrical and Electronic Engineering; Energy Engineering and Power Technology; Hardware and Architecture; Information Systems; Information Systems and Management";"Computer Science; Decision Sciences; Energy; Engineering; Mathematics"
563;21101198489;"Proceedings - International Conference on Advanced Computer Information Technologies, ACIT";conference and proceedings;"27705218, 27705226";"Institute of Electrical and Electronics Engineers";No;No;;-;18;143;495;2677;433;486;0,88;18,72;42,56;0;United States;Northern America;"Institute of Electrical and Electronics Engineers";"2019-2025";"Artificial Intelligence; Computational Mathematics; Computer Networks and Communications; Computer Science Applications; Information Systems; Information Systems and Management; Modeling and Simulation";"Computer Science; Decision Sciences; Mathematics"
564;21101134686;"Proceedings - International Conference on Education and Technology, ICET";conference and proceedings;"27704807";"Institute of Electrical and Electronics Engineers";No;No;;-;6;31;60;747;31;59;0,52;24,10;30,67;0;United States;Northern America;"Institute of Electrical and Electronics Engineers";"2022-2024";"Computer Networks and Communications; Education; Information Systems and Management; Instrumentation; Management Information Systems; Media Technology";"Business, Management and Accounting; Computer Science; Decision Sciences; Engineering; Physics and Astronomy; Social Sciences"
565;21100396641;"Proceedings International Conference on Automated Planning and Scheduling, ICAPS";conference and proceedings;"23340835, 23340843";"Association for the Advancement of Artificial Intelligence";No;No;;-;45;81;235;2202;606;231;2,04;27,19;16,02;1;United States;Northern America;"Association for the Advancement of Artificial Intelligence";"2014-2025";"Artificial Intelligence; Computer Science Applications; Information Systems and Management";"Computer Science; Decision Sciences"
566;21100901570;"Proceedings of International Conference on Applied Innovation in IT";conference and proceedings;"21998876";"Anhalt University of Applied Sciences";Yes;No;;-;8;65;50;1172;24;47;0,58;18,03;28,49;0;Germany;Western Europe;"Anhalt University of Applied Sciences";"2018-2025";"Computer Science Applications; Engineering (miscellaneous); Information Systems; Information Systems and Management";"Computer Science; Decision Sciences; Engineering"
567;21100203125;"Proceedings of the European Conference on Knowledge Management, ECKM";conference and proceedings;"20488963, 20488971";"Academic Conferences and Publishing International Limited";No;No;;-;15;215;416;6765;149;408;0,37;31,47;44,50;0;United Kingdom;Western Europe;"Academic Conferences and Publishing International Limited";"2005-2025";"Information Systems and Management; Management Science and Operations Research";"Decision Sciences"
568;21101201072;"Proceedings of the IEEE International Conference on Intelligent Data Acquisition and Advanced Computing Systems: Technology and Applications, IDAACS";conference and proceedings;"27704262, 27704254";"Institute of Electrical and Electronics Engineers Inc.";No;No;;-;6;225;0;4555;0;0;0,00;20,24;31,67;0;United States;Northern America;"Institute of Electrical and Electronics Engineers Inc.";"2023";"Artificial Intelligence; Computer Science Applications; Computer Vision and Pattern Recognition; Control and Optimization; Information Systems; Information Systems and Management; Instrumentation; Modeling and Simulation";"Computer Science; Decision Sciences; Mathematics; Physics and Astronomy"
569;21100802691;"Proceedings of the International ISCRAM Conference";conference and proceedings;"24113387";"Information Systems for Crisis Response and Management, ISCRAM";No;No;;-;22;89;300;2899;229;294;0,65;32,57;35,84;0;Belgium;Western Europe;"Information Systems for Crisis Response and Management, ISCRAM";"2010-2011, 2013-2014, 2016-2025";"Computer Networks and Communications; Electrical and Electronic Engineering; Hardware and Architecture; Information Systems; Information Systems and Management; Signal Processing";"Computer Science; Decision Sciences; Engineering"
570;21101200922;"Proceedings of the International Symposium on Modeling and Optimization in Mobile, Ad Hoc, and Wireless Networks, WiOpt";conference and proceedings;"26903342, 26903334";"Institute of Electrical and Electronics Engineers Inc.";No;No;;-;8;93;0;2170;0;0;0,00;23,33;25,19;0;United States;Northern America;"Institute of Electrical and Electronics Engineers Inc.";"2023-2025";"Computer Networks and Communications; Control and Optimization; Information Systems and Management; Modeling and Simulation";"Computer Science; Decision Sciences; Mathematics"
571;21100429166;"Proceedings of the Summer School Francesco Turco";conference and proceedings;"22838996";"AIDI - Italian Association of Industrial Operations Professors";No;No;;-;13;91;257;2517;81;254;0,34;27,66;42,40;0;Italy;Western Europe;"AIDI - Italian Association of Industrial Operations Professors";"2013-2025";"Business and International Management; Energy Engineering and Power Technology; Fuel Technology; Geochemistry and Petrology; Industrial and Manufacturing Engineering; Management of Technology and Innovation; Management Science and Operations Research; Organizational Behavior and Human Resource Management; Safety, Risk, Reliability and Quality; Strategy and Management; Waste Management and Disposal";"Business, Management and Accounting; Decision Sciences; Earth and Planetary Sciences; Energy; Engineering; Environmental Science"
572;21101339666;"Research in Statistics";journal;"27684520";"Taylor and Francis Ltd.";Yes;No;;-;4;15;0;469;0;0;0,00;31,27;22,73;0;United Kingdom;Western Europe;"Taylor and Francis Ltd.";"2023-2025";"Statistics and Probability; Statistics, Probability and Uncertainty";"Decision Sciences; Mathematics"
573;21101268228;"Sakarya University Journal of Computer and Information Sciences";journal;"26368129";"Sakarya University";Yes;Yes;;-;7;24;32;720;31;32;0,97;30,00;21,57;0;Turkey;Middle East;"Sakarya University";"2022-2025";"Computer Science (miscellaneous); Decision Sciences (miscellaneous); Software; Theoretical Computer Science";"Computer Science; Decision Sciences; Mathematics"
574;21101283082;"Seminars in Medical Writing and Education (discontinued)";journal;"30088127";"";No;No;;-;23;104;23;3419;80;22;3,48;32,88;46,41;0;Argentina;Latin America;"";"2022-2025";"Education; Health Informatics; Information Systems and Management; Review and Exam Preparation; Reviews and References (medical)";"Decision Sciences; Medicine; Nursing; Social Sciences"
575;21100823806;"Series on Concrete and Applicable Mathematics";book series;"17931142";"World Scientific";No;No;;-;2;1;2;36;2;0;1,00;36,00;0,00;0;Singapore;Asiatic Region;"World Scientific";"2017, 2022-2023";"Algebra and Number Theory; Applied Mathematics; Computational Mathematics; Discrete Mathematics and Combinatorics; Management Science and Operations Research; Mathematical Physics; Modeling and Simulation; Statistics and Probability";"Decision Sciences; Mathematics"
576;21101390654;"Spectrum of Engineering and Management Sciences";journal;"30093309";"Scientific Oasis";No;No;;-;10;8;0;212;0;0;0,00;26,50;41,18;0;Serbia;Eastern Europe;"Scientific Oasis";"2023-2026";"Decision Sciences (miscellaneous); Engineering (miscellaneous); Management Science and Operations Research";"Decision Sciences; Engineering"
577;100336;"Statistica";journal;"0390590X, 19732201";"University of Bologna";Yes;Yes;;-;11;12;58;340;55;58;0,84;28,33;29,41;0;Italy;Western Europe;"University of Bologna";"1969, 1977, 1979-1990, 1994-1997, 2019-2024";"Statistics and Probability; Statistics, Probability and Uncertainty";"Decision Sciences; Mathematics"
578;21101151614;"Stochastic Modelling and Computational Sciences (discontinued)";journal;"27523829";"Roman Science Publications and Distributions";No;No;;-;3;10;20;330;0;20;0,00;33,00;22,22;0;United Kingdom;Western Europe;"Roman Science Publications and Distributions";"2021-2023";"Computer Science (miscellaneous); Modeling and Simulation; Statistics and Probability; Statistics, Probability and Uncertainty";"Computer Science; Decision Sciences; Mathematics"
579;21100244402;"Studies in Classification, Data Analysis, and Knowledge Organization";book series;"21983321, 14318814";"Springer Science and Business Media Deutschland GmbH";No;No;;-;27;61;228;889;62;212;0,27;14,57;37,23;0;Germany;Western Europe;"Springer Science and Business Media Deutschland GmbH";"1997, 2005, 2007-2008, 2010-2025";"Analysis; Computer Science Applications; Information Systems; Information Systems and Management";"Computer Science; Decision Sciences; Mathematics"
580;21101181972;"Sustainable Engineering and Innovation";journal;"27120562";"Research and Development Academy";Yes;Yes;;-;8;24;0;978;0;0;0,00;40,75;26,32;0;Bosnia and Herzegovina;Eastern Europe;"Research and Development Academy";"2023-2026";"Architecture; Computer Science (miscellaneous); Decision Sciences (miscellaneous); Energy (miscellaneous)";"Computer Science; Decision Sciences; Energy; Engineering"
581;21101270641;"Tasmimgiri va Tahqiq dar Amaliyyat";journal;"26766159, 25385097";"Research Expansion Alliance (REA)";Yes;Yes;;-;5;52;96;1932;46;96;0,48;37,15;22,73;0;Serbia;Eastern Europe;"Research Expansion Alliance (REA)";"2021-2026";"Control and Optimization; Decision Sciences (miscellaneous); Management Science and Operations Research; Strategy and Management";"Business, Management and Accounting; Decision Sciences; Mathematics"
582;21101260644;"Transactions on Fuzzy Sets and Systems";journal;"28210131";"Islamic Azad University";Yes;Yes;;-;5;24;24;614;19;24;0,79;25,58;14,71;0;Iran;Middle East;"Islamic Azad University";"2022-2025";"Applied Mathematics; Artificial Intelligence; Information Systems and Management; Logic";"Computer Science; Decision Sciences; Mathematics"
