Rank;Sourceid;Title;Type;Issn;Publisher;Open Access;Open Access Diamond;SJR;SJR Best Quartile;H index;Total Docs. (2025);Total Docs. (3years);Total Refs.;Total Citations (3years);Citable Docs. (3years);Citations / Doc. (2years);Ref. / Doc.;%Female;Overton;Country;Region;Publisher;Coverage;Categories;Areas
1;22330;"Organizational Research Methods";journal;"15527425, 10944281";"SAGE Publications Inc.";No;No;14,268;Q1;158;30;78;2819;2340;76;24,86;93,97;38,20;2;United States;Northern America;"SAGE Publications Inc.";"1998-2026";"Decision Sciences (miscellaneous) (Q1); Management of Technology and Innovation (Q1); Strategy and Management (Q1)";"Business, Management and Accounting; Decision Sciences"
2;24721;"Annals of Mathematics";journal;"0003486X, 19398980";"Department of Mathematics at Princeton University";No;No;9,137;Q1;153;25;102;1254;601;102;4,66;50,16;12,50;0;United States;Northern America;"Department of Mathematics at Princeton University";"1996-2025";"Mathematics (miscellaneous) (Q1); Statistics and Probability (Q1); Statistics, Probability and Uncertainty (Q1)";"Decision Sciences; Mathematics"
3;21307;"Management Science";journal;"00251909, 15265501";"INFORMS Inst.for Operations Res.and the Management Sciences";Yes;No;6,428;Q1;321;400;1296;30224;10989;1281;7,69;75,56;26,46;42;United States;Northern America;"INFORMS Inst.for Operations Res.and the Management Sciences";"1965-1966, 1968-2025";"Management Science and Operations Research (Q1); Strategy and Management (Q1)";"Business, Management and Accounting; Decision Sciences"
4;21100922606;"The Lancet Digital Health";journal;"25897500";"Elsevier Ltd";Yes;No;6,221;Q1;102;117;395;2540;6277;231;14,41;21,71;39,51;0;United Kingdom;Western Europe;"Elsevier Ltd";"2019-2026";"Decision Sciences (miscellaneous) (Q1); Health Informatics (Q1); Health Information Management (Q1); Medicine (miscellaneous) (Q1)";"Decision Sciences; Health Professions; Medicine"
5;15631;"International Journal of Information Management";journal;"02684012";"Elsevier Ltd";No;No;5,899;Q1;215;77;260;7712;9179;241;33,66;100,16;35,11;2;United Kingdom;Western Europe;"Elsevier Ltd";"1970, 1986-2026";"Artificial Intelligence (Q1); Computer Networks and Communications (Q1); Information Systems (Q1); Information Systems and Management (Q1); Library and Information Sciences (Q1); Management Information Systems (Q1); Marketing (Q1)";"Business, Management and Accounting; Computer Science; Decision Sciences; Social Sciences"
6;15574;"Information Systems Research";journal;"15265536, 10477047";"INFORMS Inst.for Operations Res.and the Management Sciences";No;No;5,679;Q1;203;115;264;9350;2945;259;11,02;81,30;26,10;2;United States;Northern America;"INFORMS Inst.for Operations Res.and the Management Sciences";"1990-2025";"Computer Networks and Communications (Q1); Information Systems (Q1); Information Systems and Management (Q1); Library and Information Sciences (Q1); Management Information Systems (Q1)";"Business, Management and Accounting; Computer Science; Decision Sciences; Social Sciences"
7;19169;"Journal of Operations Management";journal;"18731317, 02726963";"John Wiley &amp; Sons Inc.";No;No;5,334;Q1;238;57;148;5007;2014;128;12,30;87,84;24,26;0;Netherlands;Western Europe;"John Wiley &amp; Sons Inc.";"1980-1991, 1993-2026";"Computer Science Applications (Q1); Industrial and Manufacturing Engineering (Q1); Management Science and Operations Research (Q1); Strategy and Management (Q1)";"Business, Management and Accounting; Computer Science; Decision Sciences; Engineering"
8;21789;"Manufacturing and Service Operations Management";journal;"15265498, 15234614";"INFORMS Inst.for Operations Res.and the Management Sciences";No;No;4,661;Q1;123;113;460;6748;3173;455;5,09;59,72;28,14;0;United States;Northern America;"INFORMS Inst.for Operations Res.and the Management Sciences";"1999-2026";"Management Science and Operations Research (Q1); Strategy and Management (Q1)";"Business, Management and Accounting; Decision Sciences"
9;22900;"Research Policy";journal;"00487333";"Elsevier B.V.";No;No;4,471;Q1;318;162;501;15559;6472;494;10,70;96,04;34,32;15;Netherlands;Western Europe;"Elsevier B.V.";"1971-2026";"Engineering (miscellaneous) (Q1); Management of Technology and Innovation (Q1); Management Science and Operations Research (Q1); Strategy and Management (Q1)";"Business, Management and Accounting; Decision Sciences; Engineering"
10;20037;"International Journal of Management Reviews";journal;"14608545, 14682370";"Wiley-Blackwell Publishing Ltd";No;No;4,083;Q1;151;31;91;4450;1676;89;16,77;143,55;40,21;0;United Kingdom;Western Europe;"Wiley-Blackwell Publishing Ltd";"1999-2002, 2004-2026";"Decision Sciences (miscellaneous) (Q1); Management of Technology and Innovation (Q1); Strategy and Management (Q1)";"Business, Management and Accounting; Decision Sciences"
11;12402;"MIS Quarterly: Management Information Systems";journal;"02767783, 21629730";"University of Minnesota";No;No;4,061;Q1;294;66;216;5273;1914;205;7,96;79,89;29,95;0;United States;Northern America;"University of Minnesota";"1980-2025";"Computer Science Applications (Q1); Information Systems (Q1); Information Systems and Management (Q1); Management Information Systems (Q1)";"Business, Management and Accounting; Computer Science; Decision Sciences"
12;12396;"Journal of Strategic Information Systems";journal;"09638687";"Elsevier B.V.";No;No;4,030;Q1;120;34;72;3534;903;53;9,37;103,94;28,40;1;Netherlands;Western Europe;"Elsevier B.V.";"1991-2026";"Information Systems (Q1); Information Systems and Management (Q1); Management Information Systems (Q1)";"Business, Management and Accounting; Computer Science; Decision Sciences"
13;12094;"Journal of the American Statistical Association";journal;"01621459, 1537274X";"Taylor and Francis Ltd.";No;No;3,790;Q1;238;304;644;12753;3149;612;4,80;41,95;29,89;4;United Kingdom;Western Europe;"Taylor and Francis Ltd.";"1922-2026";"Statistics and Probability (Q1); Statistics, Probability and Uncertainty (Q1)";"Decision Sciences; Mathematics"
14;22238;"Operations Research";journal;"0030364X, 15265463";"INFORMS Inst.for Operations Res.and the Management Sciences";No;No;3,759;Q1;173;185;478;9050;2015;474;4,13;48,92;21,23;0;United States;Northern America;"INFORMS Inst.for Operations Res.and the Management Sciences";"1965, 1968-2026";"Computer Science Applications (Q1); Management Science and Operations Research (Q1)";"Computer Science; Decision Sciences"
15;13531;"Journal of the Royal Statistical Society. Series B: Statistical Methodology";journal;"14679868, 13697412";"Oxford University Press";No;No;3,734;Q1;165;74;340;3720;1182;237;2,17;50,27;24,18;1;United Kingdom;Western Europe;"Oxford University Press";"1983, 1989, 1997-2026";"Statistics and Probability (Q1); Statistics, Probability and Uncertainty (Q1)";"Decision Sciences; Mathematics"
16;13649;"Annals of Statistics";journal;"21688966, 00905364";"Institute of Mathematical Statistics";No;No;3,697;Q1;213;104;362;6282;1702;362;3,78;60,40;25,81;0;United States;Northern America;"Institute of Mathematical Statistics";"1996-2025";"Statistics and Probability (Q1); Statistics, Probability and Uncertainty (Q1)";"Decision Sciences; Mathematics"
17;12137;"Journal of Statistical Software";journal;"15487660";"University of California at Los Angeles";Yes;Yes;3,677;Q1;199;43;122;2351;1338;121;13,62;54,67;32,61;0;United States;Northern America;"University of California at Los Angeles";"1996-2025";"Software (Q1); Statistics and Probability (Q1); Statistics, Probability and Uncertainty (Q1)";"Computer Science; Decision Sciences; Mathematics"
18;22405;"Production and Operations Management";journal;"10591478, 19375956";"SAGE Publications Inc.";No;No;3,612;Q1;161;303;616;18534;4811;614;5,48;61,17;32,70;8;United States;Northern America;"SAGE Publications Inc.";"1992-2026";"Industrial and Manufacturing Engineering (Q1); Management of Technology and Innovation (Q1); Management Science and Operations Research (Q1)";"Business, Management and Accounting; Decision Sciences; Engineering"
19;21101041823;"Strategy Science";journal;"23332077, 23332050";"INFORMS Inst.for Operations Res.and the Management Sciences";No;No;3,560;Q1;37;23;85;2332;420;82;5,94;101,39;21,57;0;United States;Northern America;"INFORMS Inst.for Operations Res.and the Management Sciences";"2016-2025";"Business and International Management (Q1); Management of Technology and Innovation (Q1); Management Science and Operations Research (Q1); Strategy and Management (Q1)";"Business, Management and Accounting; Decision Sciences"
20;27162;"Journal of Business and Economic Statistics";journal;"07350015, 15372707";"Taylor and Francis Ltd.";No;No;3,508;Q1;127;121;360;5071;1273;336;2,92;41,91;23,67;10;United Kingdom;Western Europe;"Taylor and Francis Ltd.";"1983-2026";"Economics and Econometrics (Q1); Social Sciences (miscellaneous) (Q1); Statistics and Probability (Q1); Statistics, Probability and Uncertainty (Q1)";"Decision Sciences; Economics, Econometrics and Finance; Mathematics; Social Sciences"
21;21100332429;"Annual Review of Statistics and Its Application";journal;"23268298, 2326831X";"Annual Reviews Inc.";No;No;3,491;Q1;53;23;75;2239;991;75;10,12;97,35;36,92;0;United States;Northern America;"Annual Reviews Inc.";"2014-2025";"Statistics and Probability (Q1); Statistics, Probability and Uncertainty (Q1)";"Decision Sciences; Mathematics"
22;15049;"Biometrika";journal;"14643510, 00063444";"Oxford University Press";No;No;3,400;Q1;142;96;232;3348;897;227;3,66;34,88;20,60;0;United Kingdom;Western Europe;"Oxford University Press";"1908-1913, 1917, 1945, 1947-1951, 1965-2026";"Agricultural and Biological Sciences (miscellaneous) (Q1); Applied Mathematics (Q1); Mathematics (miscellaneous) (Q1); Statistics and Probability (Q1); Statistics, Probability and Uncertainty (Q1)";"Agricultural and Biological Sciences; Decision Sciences; Mathematics"
23;11200153507;"Journal of Mixed Methods Research";journal;"15586898, 15586901";"SAGE Publications Ltd";No;No;3,240;Q1;78;39;99;2013;739;72;9,77;51,62;44,68;0;United States;Northern America;"SAGE Publications Ltd";"2007-2026";"Education (Q1); Social Sciences (miscellaneous) (Q1); Statistics, Probability and Uncertainty (Q1)";"Decision Sciences; Social Sciences"
24;15074;"European Journal of Information Systems";journal;"0960085X, 14769344";"Taylor and Francis Ltd.";No;No;3,238;Q1;151;61;142;6877;2007;135;10,57;112,74;33,16;0;United Kingdom;Western Europe;"Taylor and Francis Ltd.";"1995-2026";"Information Systems (Q1); Information Systems and Management (Q1); Library and Information Sciences (Q1); Management Information Systems (Q1)";"Business, Management and Accounting; Computer Science; Decision Sciences; Social Sciences"
25;21100198229;"Statistics Surveys";journal;"19357516";"Institute of Mathematical Statistics";Yes;No;3,177;Q1;28;3;17;293;360;17;8,09;97,67;42,86;0;United States;Northern America;"Institute of Mathematical Statistics";"2007-2026";"Statistics and Probability (Q1); Statistics, Probability and Uncertainty (Q1)";"Decision Sciences; Mathematics"
26;15700;"Journal of Management Information Systems";journal;"1557928X, 07421222";"M.E. Sharpe Inc.";No;No;3,154;Q1;189;44;136;3395;1214;124;7,15;77,16;28,23;1;United States;Northern America;"M.E. Sharpe Inc.";"1987-2025";"Computer Science Applications (Q1); Information Systems and Management (Q1); Management Information Systems (Q1); Management Science and Operations Research (Q1)";"Business, Management and Accounting; Computer Science; Decision Sciences"
27;15298;"Structural Equation Modeling";journal;"15328007, 10705511";"Psychology Press Ltd";No;No;3,154;Q1;138;82;210;3944;971;201;4,33;48,10;35,21;0;United Kingdom;Western Europe;"Psychology Press Ltd";"1994-2026";"Decision Sciences (miscellaneous) (Q1); Economics, Econometrics and Finance (miscellaneous) (Q1); Modeling and Simulation (Q1); Sociology and Political Science (Q1)";"Decision Sciences; Economics, Econometrics and Finance; Mathematics; Social Sciences"
28;28094;"Accounting, Organizations and Society";journal;"03613682";"Elsevier Ltd";No;No;3,098;Q1;170;23;115;2302;617;110;5,00;100,09;35,09;0;United Kingdom;Western Europe;"Elsevier Ltd";"1976-2026";"Accounting (Q1); Applied Psychology (Q1); Information Systems and Management (Q1); Organizational Behavior and Human Resource Management (Q1); Sociology and Political Science (Q1)";"Business, Management and Accounting; Decision Sciences; Psychology; Social Sciences"
29;20039;"International Journal of Operations and Production Management";journal;"17586593, 01443577";"Emerald Group Publishing Ltd.";No;No;2,983;Q1;177;121;273;9727;3173;271;10,95;80,39;34,88;0;United Kingdom;Western Europe;"Emerald Group Publishing Ltd.";"1985, 1993-2026";"Decision Sciences (miscellaneous) (Q1); Management of Technology and Innovation (Q1); Strategy and Management (Q1)";"Business, Management and Accounting; Decision Sciences"
30;19165;"International Journal of Production Economics";journal;"09255273";"Elsevier B.V.";No;No;2,892;Q1;264;274;833;19503;11652;823;12,77;71,18;33,25;0;Netherlands;Western Europe;"Elsevier B.V.";"1991-2026";"Business, Management and Accounting (miscellaneous) (Q1); Economics and Econometrics (Q1); Industrial and Manufacturing Engineering (Q1); Management Science and Operations Research (Q1)";"Business, Management and Accounting; Decision Sciences; Economics, Econometrics and Finance; Engineering"
31;24724;"Annals of Probability";journal;"2168894X, 00911798";"Institute of Mathematical Statistics";No;No;2,849;Q1;109;47;173;2101;438;173;2,33;44,70;13,46;0;United States;Northern America;"Institute of Mathematical Statistics";"1981, 1996-2025";"Statistics and Probability (Q1); Statistics, Probability and Uncertainty (Q1)";"Decision Sciences; Mathematics"
32;19700201522;"Journal of Business Logistics";journal;"21581592, 07353766";"John Wiley &amp; Sons Inc.";No;No;2,569;Q1;107;52;102;5347;1302;86;11,44;102,83;24,84;0;United States;Northern America;"John Wiley &amp; Sons Inc.";"2001-2026";"Business, Management and Accounting (miscellaneous) (Q1); Management Science and Operations Research (Q1)";"Business, Management and Accounting; Decision Sciences"
33;21101107945;"Sustainable Operations and Computers";journal;"26664127";"KeAi Communications Co.";Yes;No;2,470;Q1;32;23;72;1062;1867;72;9,05;46,17;32,20;0;China;Asiatic Region;"KeAi Communications Co.";"2020-2026";"Computer Science Applications (Q1); Global and Planetary Change (Q1); Industrial and Manufacturing Engineering (Q1); Management Science and Operations Research (Q1); Renewable Energy, Sustainability and the Environment (Q1)";"Computer Science; Decision Sciences; Energy; Engineering; Environmental Science"
34;21915;"Omega (United Kingdom)";journal;"03050483";"Elsevier B.V.";No;No;2,428;Q1;183;131;421;7242;3724;421;8,59;55,28;33,95;0;United Kingdom;Western Europe;"Elsevier B.V.";"1973-2026";"Information Systems and Management (Q1); Management Science and Operations Research (Q1); Strategy and Management (Q1)";"Business, Management and Accounting; Decision Sciences"
35;20893;"Transportation Research Part C: Emerging Technologies";journal;"0968090X";"Elsevier Ltd";No;No;2,396;Q1;214;372;1050;22448;11068;1045;9,48;60,34;27,77;1;United Kingdom;Western Europe;"Elsevier Ltd";"1993-2026";"Automotive Engineering (Q1); Civil and Structural Engineering (Q1); Computer Science Applications (Q1); Management Science and Operations Research (Q1); Transportation (Q1)";"Computer Science; Decision Sciences; Engineering; Social Sciences"
36;22489;"European Journal of Operational Research";journal;"03772217";"Elsevier B.V.";No;No;2,373;Q1;333;523;1961;30280;16161;1951;8,17;57,90;27,82;3;Netherlands;Western Europe;"Elsevier B.V.";"1977-2026";"Computer Science (miscellaneous) (Q1); Industrial and Manufacturing Engineering (Q1); Information Systems and Management (Q1); Management Science and Operations Research (Q1); Modeling and Simulation (Q1)";"Computer Science; Decision Sciences; Engineering; Mathematics"
37;21101180570;"Innovation and Green Development";journal;"29497531";"Elsevier B.V.";Yes;No;2,355;Q1;40;84;107;6655;2000;106;18,56;79,23;23,28;0;Netherlands;Western Europe;"Elsevier B.V.";"2022-2026";"Management of Technology and Innovation (Q1); Management Science and Operations Research (Q1); Renewable Energy, Sustainability and the Environment (Q1)";"Business, Management and Accounting; Decision Sciences; Energy"
38;20909;"Transportation Research Part E: Logistics and Transportation Review";journal;"13665545";"Elsevier Ltd";No;No;2,332;Q1;170;510;918;33378;10733;915;10,77;65,45;33,25;1;United Kingdom;Western Europe;"Elsevier Ltd";"1997-2026";"Business and International Management (Q1); Civil and Structural Engineering (Q1); Management Science and Operations Research (Q1); Transportation (Q1)";"Business, Management and Accounting; Decision Sciences; Engineering; Social Sciences"
39;12303;"Information and Management";journal;"03787206";"Elsevier B.V.";No;No;2,220;Q1;214;117;331;10921;3813;327;9,19;93,34;38,73;0;Netherlands;Western Europe;"Elsevier B.V.";"1977-2026";"Information Systems (Q1); Information Systems and Management (Q1); Management Information Systems (Q1)";"Business, Management and Accounting; Computer Science; Decision Sciences"
40;27656;"International Journal of Production Research";journal;"00207543, 1366588X";"Taylor and Francis Ltd.";No;No;2,215;Q1;217;630;1283;42551;15208;1258;11,66;67,54;28,30;7;United Kingdom;Western Europe;"Taylor and Francis Ltd.";"1961, 1963-1968, 1970-2026";"Industrial and Manufacturing Engineering (Q1); Management Science and Operations Research (Q1); Strategy and Management (Q1)";"Business, Management and Accounting; Decision Sciences; Engineering"
41;21100787106;"Journal of Industrial Information Integration";journal;"2452414X";"Elsevier B.V.";No;No;2,148;Q1;71;217;335;15998;5116;334;13,46;73,72;27,59;0;Netherlands;Western Europe;"Elsevier B.V.";"2016-2026";"Industrial and Manufacturing Engineering (Q1); Information Systems and Management (Q1)";"Decision Sciences; Engineering"
42;21100338350;"IEEE Internet of Things Journal";journal;"23274662";"Institute of Electrical and Electronics Engineers Inc.";No;No;2,144;Q1;233;4076;6614;185398;68819;6596;9,87;45,49;30,19;0;United States;Northern America;"Institute of Electrical and Electronics Engineers Inc.";"2014-2026";"Computer Networks and Communications (Q1); Computer Science Applications (Q1); Hardware and Architecture (Q1); Information Systems (Q1); Information Systems and Management (Q1); Signal Processing (Q1)";"Computer Science; Decision Sciences"
43;29170;"Critical Perspectives on Accounting";journal;"10452354, 10959955";"Academic Press";No;No;2,100;Q1;97;38;216;3748;1217;206;5,37;98,63;63,16;0;United States;Northern America;"Academic Press";"1990-2026";"Accounting (Q1); Finance (Q1); Information Systems and Management (Q1); Sociology and Political Science (Q1)";"Business, Management and Accounting; Decision Sciences; Economics, Econometrics and Finance; Social Sciences"
44;20292;"Ecological Indicators";journal;"1470160X";"Elsevier B.V.";Yes;No;2,099;Q1;222;1448;4423;105789;41946;4413;9,20;73,06;39,21;7;Netherlands;Western Europe;"Elsevier B.V.";"2001-2026";"Decision Sciences (miscellaneous) (Q1); Ecology (Q1); Ecology, Evolution, Behavior and Systematics (Q1)";"Agricultural and Biological Sciences; Decision Sciences; Environmental Science"
45;14756;"Statistical Science";journal;"08834237, 21688745";"Institute of Mathematical Statistics";No;No;2,085;Q1;132;20;120;1291;532;116;4,83;64,55;32,56;0;United States;Northern America;"Institute of Mathematical Statistics";"1986-2025";"Mathematics (miscellaneous) (Q1); Statistics and Probability (Q1); Statistics, Probability and Uncertainty (Q1)";"Decision Sciences; Mathematics"
46;21933;"Decision Support Systems";journal;"01679236";"Elsevier B.V.";No;No;2,079;Q1;203;124;377;8185;3654;373;9,06;66,01;31,76;0;Netherlands;Western Europe;"Elsevier B.V.";"1985-2026";"Arts and Humanities (miscellaneous) (Q1); Developmental and Educational Psychology (Q1); Information Systems (Q1); Information Systems and Management (Q1); Management Information Systems (Q1)";"Arts and Humanities; Business, Management and Accounting; Computer Science; Decision Sciences; Psychology"
47;20892;"Transportation Research Part B: Methodological";journal;"01912615";"Elsevier Ltd";No;No;2,070;Q1;194;132;401;7179;2956;397;6,74;54,39;30,33;0;United Kingdom;Western Europe;"Elsevier Ltd";"1979-2026";"Civil and Structural Engineering (Q1); Management Science and Operations Research (Q1); Transportation (Q1)";"Decision Sciences; Engineering; Social Sciences"
48;25829;"Probability Theory and Related Fields";journal;"01788051, 14322064";"Springer New York";No;No;2,058;Q1;100;134;220;5918;496;220;2,22;44,16;15,57;0;Germany;Western Europe;"Springer New York";"1986-2026";"Analysis (Q1); Statistics and Probability (Q1); Statistics, Probability and Uncertainty (Q1)";"Decision Sciences; Mathematics"
49;21100933954;"Big Data and Society";journal;"20539517";"SAGE Publications Ltd";Yes;No;2,026;Q1;89;135;316;8795;2612;268;7,81;65,15;44,85;3;United Kingdom;Western Europe;"SAGE Publications Ltd";"2014-2026";"Communication (Q1); Computer Science Applications (Q1); Information Systems (Q1); Information Systems and Management (Q1); Library and Information Sciences (Q1)";"Computer Science; Decision Sciences; Social Sciences"
50;18658;"Production Planning and Control";journal;"09537287, 13665871";"Taylor and Francis Ltd.";No;No;2,025;Q1;121;159;336;16420;4245;328;12,00;103,27;27,49;2;United Kingdom;Western Europe;"Taylor and Francis Ltd.";"1990-2026";"Computer Science Applications (Q1); Industrial and Manufacturing Engineering (Q1); Management Science and Operations Research (Q1); Strategy and Management (Q1)";"Business, Management and Accounting; Computer Science; Decision Sciences; Engineering"
51;25040;"INFORMS Journal on Computing";journal;"10919856, 15265528";"INFORMS Inst.for Operations Res.and the Management Sciences";No;No;1,974;Q1;99;90;370;4184;1329;353;3,21;46,49;26,48;0;United States;Northern America;"INFORMS Inst.for Operations Res.and the Management Sciences";"1996-2001, 2003-2026";"Computer Science Applications (Q1); Information Systems (Q1); Management Science and Operations Research (Q1); Software (Q1)";"Computer Science; Decision Sciences"
52;21101092899;"Communications in Transportation Research";journal;"27724247";"Tsinghua University Press";Yes;No;1,970;Q1;36;70;92;4047;931;76;10,98;57,81;28,11;0;China;Asiatic Region;"Tsinghua University Press";"2021-2025";"Control and Systems Engineering (Q1); Decision Sciences (miscellaneous) (Q1); Transportation (Q1)";"Decision Sciences; Engineering; Social Sciences"
53;21100791292;"Journal of Big Data";journal;"21961115";"Springer Nature";Yes;No;1,964;Q1;108;275;485;16890;7392;484;15,36;61,42;30,88;0;Switzerland;Western Europe;"Springer Nature";"2014-2026";"Computer Networks and Communications (Q1); Hardware and Architecture (Q1); Information Systems (Q1); Information Systems and Management (Q1)";"Computer Science; Decision Sciences"
54;21100451321;"Scientific Data";journal;"20524463";"Nature Research";Yes;No;1,907;Q1;165;2007;3060;99909;24172;340;6,78;49,78;37,06;26;United Kingdom;Western Europe;"Nature Research";"2014-2026";"Computer Science Applications (Q1); Education (Q1); Information Systems (Q1); Library and Information Sciences (Q1); Statistics and Probability (Q1); Statistics, Probability and Uncertainty (Q1)";"Computer Science; Decision Sciences; Mathematics; Social Sciences"
55;12689;"Information Processing and Management";journal;"18735371, 03064573";"Elsevier Ltd";No;No;1,845;Q1;149;360;920;23074;9729;913;10,21;64,09;33,06;1;United Kingdom;Western Europe;"Elsevier Ltd";"1975-2026";"Computer Science Applications (Q1); Information Systems (Q1); Library and Information Sciences (Q1); Management Science and Operations Research (Q1); Media Technology (Q1)";"Computer Science; Decision Sciences; Engineering; Social Sciences"
56;20891;"Transportation Research Part A: Policy and Practice";journal;"09658564";"Elsevier Ltd";No;No;1,843;Q1;199;324;827;21893;7094;820;7,75;67,57;34,19;9;United Kingdom;Western Europe;"Elsevier Ltd";"1992-2026";"Aerospace Engineering (Q1); Business, Management and Accounting (miscellaneous) (Q1); Civil and Structural Engineering (Q1); Management Science and Operations Research (Q1); Transportation (Q1)";"Business, Management and Accounting; Decision Sciences; Engineering; Social Sciences"
57;21101081610;"International Journal of Information Management Data Insights";journal;"26670968";"Elsevier B.V.";Yes;No;1,784;Q1;61;81;242;6553;3811;241;15,84;80,90;33,05;1;Netherlands;Western Europe;"Elsevier B.V.";"2021-2026";"Artificial Intelligence (Q1); Industrial and Manufacturing Engineering (Q1); Information Systems (Q1); Information Systems and Management (Q1); Library and Information Sciences (Q1); Management Information Systems (Q1)";"Business, Management and Accounting; Computer Science; Decision Sciences; Engineering; Social Sciences"
58;21101373168;"Decision Making Advances";journal;"29562384";"Scientific Oasis";No;No;1,765;Q1;13;20;28;699;402;28;14,36;34,95;25,00;0;Serbia;Eastern Europe;"Scientific Oasis";"2023-2026";"Applied Mathematics (Q1); Artificial Intelligence (Q1); Decision Sciences (miscellaneous) (Q1); Management Science and Operations Research (Q1)";"Computer Science; Decision Sciences; Mathematics"
59;24772;"Knowledge-Based Systems";journal;"09507051";"Elsevier B.V.";No;No;1,753;Q1;206;1958;3518;110336;34165;3515;9,59;56,35;30,99;1;Netherlands;Western Europe;"Elsevier B.V.";"1987-2026";"Artificial Intelligence (Q1); Information Systems and Management (Q1); Management Information Systems (Q1); Software (Q1)";"Business, Management and Accounting; Computer Science; Decision Sciences"
60;29806;"International Journal of Accounting Information Systems";journal;"14670895";"Elsevier Inc.";No;No;1,747;Q1;74;35;84;2495;979;81;12,21;71,29;37,80;0;United States;Northern America;"Elsevier Inc.";"2000-2026";"Accounting (Q1); Finance (Q1); Information Systems and Management (Q1); Management Information Systems (Q1)";"Business, Management and Accounting; Decision Sciences; Economics, Econometrics and Finance"
61;4400151715;"Stata Journal";journal;"1536867X, 15368734";"SAGE Publications Inc.";No;No;1,699;Q1;123;47;141;742;446;125;3,04;15,79;24,36;0;United Kingdom;Western Europe;"SAGE Publications Inc.";"2002-2025";"Economics and Econometrics (Q1); Mathematics (miscellaneous) (Q1); Software (Q1); Statistics and Probability (Q1); Statistics, Probability and Uncertainty (Q1)";"Computer Science; Decision Sciences; Economics, Econometrics and Finance; Mathematics"
62;21283;"Management Learning";journal;"14617307, 13505076";"SAGE Publications Ltd";No;No;1,689;Q1;96;79;124;5424;741;120;5,42;68,66;56,14;1;United Kingdom;Western Europe;"SAGE Publications Ltd";"1970-2026";"Decision Sciences (miscellaneous) (Q1); Management of Technology and Innovation (Q1); Strategy and Management (Q1)";"Business, Management and Accounting; Decision Sciences"
63;21101098756;"Decision Analytics Journal";journal;"27726622";"Elsevier Inc.";Yes;No;1,686;Q1;46;118;401;7406;5070;396;12,83;62,76;24,40;0;United States;Northern America;"Elsevier Inc.";"2021-2026";"Analysis (Q1); Applied Mathematics (Q1); Decision Sciences (miscellaneous) (Q1); Modeling and Simulation (Q1)";"Decision Sciences; Mathematics"
64;130065;"Journal of Enterprise Information Management";journal;"17410398";"Emerald Publishing";No;No;1,665;Q1;100;143;225;13009;2768;223;12,32;90,97;31,99;0;United Kingdom;Western Europe;"Emerald Publishing";"2004-2026";"Decision Sciences (miscellaneous) (Q1); Information Systems (Q1); Library and Information Sciences (Q1); Management of Technology and Innovation (Q1)";"Business, Management and Accounting; Computer Science; Decision Sciences; Social Sciences"
65;15700154705;"Operations Management Research";journal;"19369743, 19369735";"Springer New York";No;No;1,648;Q1;57;61;250;5399;2738;249;8,69;88,51;24,74;0;United States;Northern America;"Springer New York";"2008-2026";"Industrial and Manufacturing Engineering (Q1); Management of Technology and Innovation (Q1); Management Science and Operations Research (Q1); Strategy and Management (Q1)";"Business, Management and Accounting; Decision Sciences; Engineering"
66;24710;"Annals of Applied Probability";journal;"10505164";"Institute of Mathematical Statistics";No;No;1,641;Q1;98;109;433;4827;967;432;2,25;44,28;18,29;0;United States;Northern America;"Institute of Mathematical Statistics";"1996-2025";"Statistics and Probability (Q1); Statistics, Probability and Uncertainty (Q1)";"Decision Sciences; Mathematics"
67;12277;"Management Accounting Research";journal;"10445005, 10961224";"Academic Press";No;No;1,625;Q1;109;19;48;1483;303;44;5,19;78,05;36,00;0;United States;Northern America;"Academic Press";"1990-2026";"Accounting (Q1); Finance (Q1); Information Systems and Management (Q1)";"Business, Management and Accounting; Decision Sciences; Economics, Econometrics and Finance"
68;22140;"Mathematics of Operations Research";journal;"15265471, 0364765X";"INFORMS Inst.for Operations Res.and the Management Sciences";Yes;No;1,609;Q1;99;107;344;5207;982;344;3,03;48,66;20,71;0;United States;Northern America;"INFORMS Inst.for Operations Res.and the Management Sciences";"1976-1992, 1994-2026";"Computer Science Applications (Q1); Management Science and Operations Research (Q1); Mathematics (miscellaneous) (Q1)";"Computer Science; Decision Sciences; Mathematics"
69;18300156728;"IEEE Transactions on Services Computing";journal;"19391374";"Institute of Electrical and Electronics Engineers Inc.";No;No;1,597;Q1;102;331;932;15645;6862;930;7,30;47,27;28,84;0;United States;Northern America;"Institute of Electrical and Electronics Engineers Inc.";"2008-2026";"Computer Networks and Communications (Q1); Computer Science Applications (Q1); Hardware and Architecture (Q1); Information Systems and Management (Q1)";"Computer Science; Decision Sciences"
70;21101033050;"Journal of Global Economic Analysis";journal;"23772999";"Purdue University, Department of Agricultural Economics";No;No;1,590;Q1;19;8;19;380;84;19;1,75;47,50;6,25;0;United States;Northern America;"Purdue University, Department of Agricultural Economics";"2016-2025";"Applied Mathematics (Q1); Economics and Econometrics (Q1); Statistics, Probability and Uncertainty (Q1)";"Decision Sciences; Economics, Econometrics and Finance; Mathematics"
71;18164;"Computers and Industrial Engineering";journal;"03608352";"Elsevier Ltd";No;No;1,588;Q1;187;738;2456;42696;21409;2448;8,49;57,85;32,68;1;United Kingdom;Western Europe;"Elsevier Ltd";"1976-2026";"Computer Science (miscellaneous) (Q1); Engineering (miscellaneous) (Q1); Management Science and Operations Research (Q1)";"Computer Science; Decision Sciences; Engineering"
72;24355;"Computers and Operations Research";journal;"03050548, 1873765X";"Elsevier Ltd";No;No;1,584;Q1;202;326;900;17145;5382;900;5,47;52,59;28,07;0;United Kingdom;Western Europe;"Elsevier Ltd";"1974-2026";"Computer Science (miscellaneous) (Q1); Management Science and Operations Research (Q1); Modeling and Simulation (Q1)";"Computer Science; Decision Sciences; Mathematics"
73;12100156754;"Sport Management Review";journal;"14413523";"Taylor and Francis Ltd.";No;No;1,568;Q1;93;54;114;4362;716;113;5,93;80,78;46,45;0;United Kingdom;Western Europe;"Taylor and Francis Ltd.";"1998-2026";"Business and International Management (Q1); Management Science and Operations Research (Q1); Marketing (Q1); Organizational Behavior and Human Resource Management (Q1); Sports Science (Q1); Strategy and Management (Q1); Tourism, Leisure and Hospitality Management (Q1)";"Business, Management and Accounting; Decision Sciences; Health Professions"
74;23212;"Annales de l'institut Henri Poincare (B) Probability and Statistics";journal;"02460203";"Institute of Mathematical Statistics";No;No;1,564;Q1;60;91;243;3398;406;242;1,71;37,34;13,47;0;Netherlands;Western Europe;"Institute of Mathematical Statistics";"1997-2025";"Statistics and Probability (Q1); Statistics, Probability and Uncertainty (Q1)";"Decision Sciences; Mathematics"
75;11700154366;"Journal of Leadership and Organizational Studies";journal;"19397089, 15480518";"SAGE Publications Inc.";No;No;1,539;Q1;74;24;81;2180;662;74;8,02;90,83;39,06;1;United States;Northern America;"SAGE Publications Inc.";"1996-1999, 2003, 2008-2026";"Business and International Management (Q1); Management Science and Operations Research (Q1); Organizational Behavior and Human Resource Management (Q1); Sociology and Political Science (Q1); Strategy and Management (Q1)";"Business, Management and Accounting; Decision Sciences; Social Sciences"
76;21101019393;"IEEE Transactions on Big Data";journal;"23327790";"Institute of Electrical and Electronics Engineers Inc.";No;No;1,535;Q1;44;294;315;16030;2507;312;8,24;54,52;31,20;0;United States;Northern America;"Institute of Electrical and Electronics Engineers Inc.";"2015, 2018-2026";"Information Systems (Q1); Information Systems and Management (Q1)";"Computer Science; Decision Sciences"
77;15134;"Information Sciences";journal;"00200255";"Elsevier Inc.";No;No;1,507;Q1;255;1030;3989;43440;30425;3984;7,69;42,17;29,79;1;United States;Northern America;"Elsevier Inc.";"1968-2026";"Artificial Intelligence (Q1); Computer Science Applications (Q1); Control and Systems Engineering (Q1); Information Systems and Management (Q1); Software (Q1); Theoretical Computer Science (Q1)";"Computer Science; Decision Sciences; Engineering; Mathematics"
78;27677;"Journal of Manufacturing Processes";journal;"15266125";"Elsevier B.V.";No;No;1,498;Q1;124;1190;2866;64452;24770;2863;8,30;54,16;25,63;0;Netherlands;Western Europe;"Elsevier B.V.";"1999-2026";"Industrial and Manufacturing Engineering (Q1); Management Science and Operations Research (Q1); Strategy and Management (Q1)";"Business, Management and Accounting; Decision Sciences; Engineering"
79;12512;"Journal of Management in Engineering";journal;"19435479, 0742597X";"American Society of Civil Engineers (ASCE)";No;No;1,486;Q1;112;71;295;5255;2269;290;6,40;74,01;37,39;0;United States;Northern America;"American Society of Civil Engineers (ASCE)";"1985-2026";"Engineering (miscellaneous) (Q1); Industrial Relations (Q1); Management Science and Operations Research (Q1); Strategy and Management (Q1)";"Business, Management and Accounting; Decision Sciences; Engineering"
80;21101101329;"International Journal of Cognitive Computing in Engineering";journal;"26663074";"KeAi Communications Co.";Yes;No;1,482;Q1;33;47;97;2274;1042;96;10,03;48,38;42,98;1;China;Asiatic Region;"KeAi Communications Co.";"2020-2026";"Computer Science Applications (Q1); Engineering (miscellaneous) (Q1); Information Systems (Q1); Information Systems and Management (Q1)";"Computer Science; Decision Sciences; Engineering"
81;21101123946;"Open Journal of Mathematical Optimization";journal;"27775860";"Universite de Montpellier III";Yes;Yes;1,466;Q1;6;11;25;457;111;25;1,19;41,55;22,22;0;France;Western Europe;"Universite de Montpellier III";"2020-2025";"Control and Optimization (Q1); Management Science and Operations Research (Q1)";"Decision Sciences; Mathematics"
82;11400153310;"International Journal of Logistics Research and Applications";journal;"13675567, 1469848X";"Taylor and Francis Ltd.";No;No;1,463;Q1;71;158;272;12666;2587;263;8,90;80,16;37,79;2;United Kingdom;Western Europe;"Taylor and Francis Ltd.";"2003-2026";"Business and International Management (Q1); Computer Science Applications (Q1); Control and Systems Engineering (Q1); Information Systems (Q1); Management Information Systems (Q1); Management of Technology and Innovation (Q1); Management Science and Operations Research (Q1); Strategy and Management (Q1)";"Business, Management and Accounting; Computer Science; Decision Sciences; Engineering"
83;21078;"Journal of Sport Management";journal;"1543270X, 08884773";"Human Kinetics Publishers Inc.";No;No;1,435;Q1;96;37;130;2448;623;125;3,78;66,16;32,93;0;United States;Northern America;"Human Kinetics Publishers Inc.";"1987, 1989, 1995-2026";"Decision Sciences (miscellaneous) (Q1); Organizational Behavior and Human Resource Management (Q1); Orthopedics and Sports Medicine (Q1); Physical Therapy, Sports Therapy and Rehabilitation (Q1); Sports Science (Q1)";"Business, Management and Accounting; Decision Sciences; Health Professions; Medicine"
84;7000153205;"Journal of Environmental Informatics";journal;"17262135, 16848799";"International Society for Environmental Information Sciences";No;No;1,426;Q1;41;18;71;1027;384;71;6,92;57,06;27,06;0;Canada;Northern America;"International Society for Environmental Information Sciences";"2007-2025";"Computer Science Applications (Q1); Decision Sciences (miscellaneous) (Q1); Environmental Science (miscellaneous) (Q1)";"Computer Science; Decision Sciences; Environmental Science"
85;21101151249;"Frontiers of Engineering Management";journal;"20957513, 20960255";"Higher Education Press Limited Company";No;No;1,403;Q1;40;74;163;4833;1293;128;8,87;65,31;32,58;1;China;Asiatic Region;"Higher Education Press Limited Company";"2017, 2020-2025";"Decision Sciences (miscellaneous) (Q1); Management Science and Operations Research (Q1)";"Decision Sciences"
86;23863;"Journal of Computational and Graphical Statistics";journal;"10618600, 15372715";"Taylor and Francis Ltd.";No;No;1,333;Q1;114;165;368;6902;882;357;2,02;41,83;25,95;0;United Kingdom;Western Europe;"Taylor and Francis Ltd.";"1992-2026";"Discrete Mathematics and Combinatorics (Q1); Statistics and Probability (Q1); Statistics, Probability and Uncertainty (Q1)";"Decision Sciences; Mathematics"
87;21100830431;"Service Science";journal;"21643970, 21643962";"INFORMS Institute for Operations Research and the Management Sciences";No;No;1,309;Q1;29;11;57;644;155;55;2,37;58,55;28,00;0;United States;Northern America;"INFORMS Institute for Operations Research and the Management Sciences";"2012, 2014-2025";"Business and International Management (Q1); Management Science and Operations Research (Q1); Modeling and Simulation (Q1); Marketing (Q2)";"Business, Management and Accounting; Decision Sciences; Mathematics"
88;21100836195;"Econometrics and Statistics";journal;"24523062";"Elsevier B.V.";No;No;1,280;Q1;22;70;189;2628;437;183;2,20;37,54;26,43;4;Netherlands;Western Europe;"Elsevier B.V.";"2017-2026";"Economics and Econometrics (Q1); Statistics and Probability (Q1); Statistics, Probability and Uncertainty (Q1)";"Decision Sciences; Economics, Econometrics and Finance; Mathematics"
89;21100945714;"Methods, Data, Analyses";journal;"21904936, 18646956";"GESIS - Leibniz Institute for the Social Sciences";Yes;Yes;1,274;Q1;11;11;36;422;169;35;1,67;38,36;37,04;1;Germany;Western Europe;"GESIS - Leibniz Institute for the Social Sciences";"2019-2025";"Applied Mathematics (Q1); Applied Psychology (Q1); Computer Science Applications (Q1); Modeling and Simulation (Q1); Statistics and Probability (Q1); Statistics, Probability and Uncertainty (Q1)";"Computer Science; Decision Sciences; Mathematics; Psychology"
90;144656;"Management Decision";journal;"00251747";"Emerald Group Publishing Ltd.";No;No;1,255;Q1;147;462;578;39808;4765;566;7,89;86,16;39,26;0;United Kingdom;Western Europe;"Emerald Group Publishing Ltd.";"1967-2026";"Business, Management and Accounting (miscellaneous) (Q1); Management Science and Operations Research (Q1)";"Business, Management and Accounting; Decision Sciences"
91;28632;"Biostatistics";journal;"14654644, 14684357";"Oxford University Press";No;No;1,240;Q1;100;85;208;3400;463;208;2,32;40,00;48,79;1;United Kingdom;Western Europe;"Oxford University Press";"2003-2026";"Medicine (miscellaneous) (Q1); Statistics and Probability (Q1); Statistics, Probability and Uncertainty (Q1)";"Decision Sciences; Mathematics; Medicine"
92;21100856611;"Journal of Responsible Innovation";journal;"23299460, 23299037";"Taylor and Francis Ltd.";Yes;No;1,231;Q1;46;46;137;2939;515;121;3,56;63,89;55,34;1;United Kingdom;Western Europe;"Taylor and Francis Ltd.";"2014-2026";"Information Systems and Management (Q1); Management of Technology and Innovation (Q1); Strategy and Management (Q1)";"Business, Management and Accounting; Decision Sciences"
93;21100307484;"Journal of the Association for Information Science and Technology";journal;"23301643, 23301635";"John Wiley and Sons Ltd";No;No;1,230;Q1;181;101;302;7189;1883;293;6,85;71,18;46,30;2;United Kingdom;Western Europe;"John Wiley and Sons Ltd";"2014-2026";"Computer Networks and Communications (Q1); Information Systems (Q1); Information Systems and Management (Q1); Library and Information Sciences (Q1)";"Computer Science; Decision Sciences; Social Sciences"
94;19900192334;"Journal of Applied Accounting Research";journal;"09675426";"Emerald Group Publishing Ltd.";No;No;1,225;Q1;50;74;160;5425;1482;158;8,05;73,31;33,16;0;United Kingdom;Western Europe;"Emerald Group Publishing Ltd.";"1999-2002, 2004-2006, 2008-2026";"Accounting (Q1); Economics, Econometrics and Finance (miscellaneous) (Q1); Information Systems and Management (Q1)";"Business, Management and Accounting; Decision Sciences; Economics, Econometrics and Finance"
95;18291;"Socio-Economic Planning Sciences";journal;"00380121";"Elsevier Ltd";No;No;1,220;Q1;83;187;835;12466;5324;831;6,03;66,66;37,06;0;United Kingdom;Western Europe;"Elsevier Ltd";"1967-2026";"Economics and Econometrics (Q1); Geography, Planning and Development (Q1); Management Science and Operations Research (Q1); Statistics, Probability and Uncertainty (Q1); Strategy and Management (Q1)";"Business, Management and Accounting; Decision Sciences; Economics, Econometrics and Finance; Social Sciences"
96;26398;"Electronic Journal of Probability";journal;"10836489";"Institute of Mathematical Statistics";Yes;No;1,214;Q1;58;195;534;7054;647;534;1,12;36,17;20,69;0;United States;Northern America;"Institute of Mathematical Statistics";"1996-2026";"Statistics and Probability (Q1); Statistics, Probability and Uncertainty (Q1)";"Decision Sciences; Mathematics"
97;21926;"Decision Sciences";journal;"00117315, 15405915";"Wiley-Blackwell Publishing Ltd";No;No;1,204;Q1;134;35;109;2428;421;109;3,74;69,37;28,07;0;United Kingdom;Western Europe;"Wiley-Blackwell Publishing Ltd";"1970-2026";"Business, Management and Accounting (miscellaneous) (Q1); Information Systems and Management (Q1); Management of Technology and Innovation (Q1); Strategy and Management (Q1)";"Business, Management and Accounting; Decision Sciences"
98;19900192726;"Electronic Journal of Statistics";journal;"19357524";"Institute of Mathematical Statistics";Yes;No;1,204;Q1;68;140;387;6520;608;387;1,45;46,57;28,65;0;United States;Northern America;"Institute of Mathematical Statistics";"2007-2026";"Statistics and Probability (Q1); Statistics, Probability and Uncertainty (Q1)";"Decision Sciences; Mathematics"
99;15961;"Naval Research Logistics";journal;"15206750, 0894069X";"John Wiley &amp; Sons Inc.";No;No;1,204;Q1;80;88;188;3970;576;186;2,78;45,11;29,41;0;United States;Northern America;"John Wiley &amp; Sons Inc.";"1973-1978, 1987-2026";"Management Science and Operations Research (Q1); Modeling and Simulation (Q1); Ocean Engineering (Q1)";"Decision Sciences; Engineering; Mathematics"
100;21101347038;"Journal of Operations Intelligence";journal;"30094267";"Scientific Oasis";No;No;1,174;Q1;16;20;25;874;218;25;8,72;43,70;40,48;0;Serbia;Eastern Europe;"Scientific Oasis";"2023-2025";"Applied Mathematics (Q1); Artificial Intelligence (Q1); Management Science and Operations Research (Q1); Statistics, Probability and Uncertainty (Q1)";"Computer Science; Decision Sciences; Mathematics"
101;23090;"Annals of Operations Research";journal;"02545330, 15729338";"Springer Netherlands";No;No;1,166;Q1;143;1008;2032;57828;12959;1986;6,13;57,37;28,95;10;Netherlands;Western Europe;"Springer Netherlands";"1984-2026";"Decision Sciences (miscellaneous) (Q1); Management Science and Operations Research (Q1)";"Decision Sciences"
102;21101017158;"International Journal of Innovation Studies";journal;"20962487, 25892975";"KeAi Publishing Communications Ltd.";Yes;Yes;1,162;Q1;30;27;73;2529;680;71;9,98;93,67;26,98;0;China;Asiatic Region;"KeAi Publishing Communications Ltd.";"2017-2026";"Information Systems and Management (Q1); Management of Technology and Innovation (Q1); Strategy and Management (Q1)";"Business, Management and Accounting; Decision Sciences"
103;21100899442;"Comparative Migration Studies";journal;"2214594X";"SpringerOpen";Yes;No;1,158;Q1;45;92;136;5441;616;129;3,48;59,14;54,17;7;Switzerland;Western Europe;"SpringerOpen";"2013-2026";"Demography (Q1); Geography, Planning and Development (Q1); Law (Q1); Sociology and Political Science (Q1); Statistics, Probability and Uncertainty (Q1)";"Decision Sciences; Social Sciences"
104;21101092534;"Data Science and Management";journal;"26667649";"KeAi Communications Co.";Yes;Yes;1,134;Q1;27;45;80;2666;734;78;9,66;59,24;25,90;2;China;Asiatic Region;"KeAi Communications Co.";"2021-2025";"Artificial Intelligence (Q1); Computer Science Applications (Q1); Information Systems (Q1); Information Systems and Management (Q1); Management Information Systems (Q1); Management Science and Operations Research (Q1)";"Business, Management and Accounting; Computer Science; Decision Sciences"
105;18111;"Insurance: Mathematics and Economics";journal;"01676687";"Elsevier B.V.";No;No;1,117;Q1;95;93;237;4163;592;235;2,01;44,76;31,16;0;Netherlands;Western Europe;"Elsevier B.V.";"1982-2026";"Economics and Econometrics (Q1); Statistics and Probability (Q1); Statistics, Probability and Uncertainty (Q1)";"Decision Sciences; Economics, Econometrics and Finance; Mathematics"
106;12068;"International Statistical Review";journal;"03067734, 17515823";"John Wiley &amp; Sons Inc.";No;No;1,112;Q1;69;45;81;2114;253;76;2,02;46,98;29,35;0;United States;Northern America;"John Wiley &amp; Sons Inc.";"1982, 1985, 1987, 1990, 1992-1994, 1996-2026";"Statistics and Probability (Q1); Statistics, Probability and Uncertainty (Q1)";"Decision Sciences; Mathematics"
107;5100155103;"Journal of Informetrics";journal;"18755879, 17511577";"Elsevier B.V.";No;No;1,105;Q1;107;114;271;6401;1227;270;4,18;56,15;37,96;0;Netherlands;Western Europe;"Elsevier B.V.";"2007-2026";"Applied Mathematics (Q1); Computer Science Applications (Q1); Library and Information Sciences (Q1); Management Science and Operations Research (Q1); Modeling and Simulation (Q1); Statistics and Probability (Q1)";"Computer Science; Decision Sciences; Mathematics; Social Sciences"
108;21100897526;"Journal of Causal Inference";journal;"21933685, 21933677";"Walter de Gruyter GmbH";Yes;No;1,104;Q1;18;30;82;1530;200;81;2,52;51,00;27,71;0;Germany;Western Europe;"Walter de Gruyter GmbH";"2018-2026";"Statistics and Probability (Q1); Statistics, Probability and Uncertainty (Q1)";"Decision Sciences; Mathematics"
109;21101065044;"Sustainable Futures";journal;"26661888";"Elsevier B.V.";Yes;No;1,097;Q1;37;1139;329;90914;2782;328;8,43;79,82;35,84;5;United Kingdom;Western Europe;"Elsevier B.V.";"2019-2026";"Management of Technology and Innovation (Q1); Management Science and Operations Research (Q1); Sociology and Political Science (Q1)";"Business, Management and Accounting; Decision Sciences; Social Sciences"
110;19400157006;"Judgment and Decision Making";journal;"19302975";"Society for Judgment and Decision making";Yes;No;1,064;Q1;82;48;126;2702;341;124;2,37;56,29;34,03;0;United States;Northern America;"Society for Judgment and Decision making";"2007-2026";"Decision Sciences (miscellaneous) (Q1); Applied Psychology (Q2); Economics and Econometrics (Q2)";"Decision Sciences; Economics, Econometrics and Finance; Psychology"
111;20654;"Journal of Managerial Psychology";journal;"02683946";"Emerald Group Publishing Ltd.";No;No;1,061;Q1;110;111;165;6828;761;159;4,45;61,51;44,24;0;United Kingdom;Western Europe;"Emerald Group Publishing Ltd.";"1986-2026";"Management Science and Operations Research (Q1); Social Psychology (Q1); Applied Psychology (Q2); Organizational Behavior and Human Resource Management (Q2)";"Business, Management and Accounting; Decision Sciences; Psychology"
112;21100830444;"SIAM-ASA Journal on Uncertainty Quantification";journal;"21662525";"Society for Industrial and Applied Mathematics Publications";No;No;1,057;Q1;43;83;155;4318;369;155;2,43;52,02;16,23;0;United States;Northern America;"Society for Industrial and Applied Mathematics Publications";"2013-2026";"Applied Mathematics (Q1); Discrete Mathematics and Combinatorics (Q1); Modeling and Simulation (Q1); Statistics and Probability (Q1); Statistics, Probability and Uncertainty (Q1)";"Decision Sciences; Mathematics"
113;15495;"Finance and Stochastics";journal;"14321122, 09492984";"Springer Verlag";No;No;1,046;Q1;58;30;84;1208;156;81;1,93;40,27;16,18;0;Germany;Western Europe;"Springer Verlag";"2004-2026";"Finance (Q1); Statistics and Probability (Q1); Statistics, Probability and Uncertainty (Q1)";"Decision Sciences; Economics, Econometrics and Finance; Mathematics"
114;17300154971;"International Journal of Critical Infrastructure Protection";journal;"18745482";"Elsevier B.V.";No;No;1,042;Q1;56;50;128;3206;874;119;5,68;64,12;30,22;1;Netherlands;Western Europe;"Elsevier B.V.";"2008-2026";"Computer Science Applications (Q1); Information Systems and Management (Q1); Modeling and Simulation (Q1); Safety, Risk, Reliability and Quality (Q1)";"Computer Science; Decision Sciences; Engineering; Mathematics"
115;21100943534;"Transportation Research Interdisciplinary Perspectives";journal;"25901982";"Elsevier Ltd";Yes;No;1,039;Q1;68;460;722;28700;4158;717;5,69;62,39;35,46;3;United Kingdom;Western Europe;"Elsevier Ltd";"2019-2026";"Automotive Engineering (Q1); Civil and Structural Engineering (Q1); Environmental Science (miscellaneous) (Q1); Geography, Planning and Development (Q1); Management Science and Operations Research (Q1); Urban Studies (Q1); Transportation (Q2)";"Decision Sciences; Engineering; Environmental Science; Social Sciences"
116;14189;"Statistica Sinica";journal;"10170405";"Institute of Statistical Science";No;No;1,031;Q1;93;0;297;0;464;295;1,32;0,00;0,00;0;Taiwan;Asiatic Region;"Institute of Statistical Science";"1996-2024";"Statistics and Probability (Q1); Statistics, Probability and Uncertainty (Q1)";"Decision Sciences; Mathematics"
117;23947;"Journal of Multivariate Analysis";journal;"0047259X, 10957243";"Academic Press Inc.";No;No;1,024;Q1;97;84;339;3355;664;336;1,51;39,94;24,17;0;United States;Northern America;"Academic Press Inc.";"1971-2026";"Numerical Analysis (Q1); Statistics and Probability (Q1); Statistics, Probability and Uncertainty (Q1)";"Decision Sciences; Mathematics"
118;21100200829;"International Journal of Engineering Business Management";journal;"18479790";"SAGE Publications Inc.";Yes;No;1,014;Q1;46;32;73;1865;605;73;9,43;58,28;24,32;0;Croatia;Eastern Europe;"SAGE Publications Inc.";"2009-2026";"Management Science and Operations Research (Q1); Organizational Behavior and Human Resource Management (Q2)";"Business, Management and Accounting; Decision Sciences"
119;20500195043;"Research in Transportation Business and Management";journal;"22105395";"Elsevier B.V.";No;No;1,014;Q1;65;209;432;15031;2474;425;5,62;71,92;35,01;1;Netherlands;Western Europe;"Elsevier B.V.";"2011-2026";"Business and International Management (Q1); Decision Sciences (miscellaneous) (Q1); Economics, Econometrics and Finance (miscellaneous) (Q1); Management Science and Operations Research (Q1); Strategy and Management (Q1); Tourism, Leisure and Hospitality Management (Q1); Transportation (Q2)";"Business, Management and Accounting; Decision Sciences; Economics, Econometrics and Finance; Social Sciences"
120;21101046170;"Journal of Statistics and Data Science Education";journal;"26939169";"Taylor and Francis Ltd.";Yes;Yes;1,012;Q1;44;69;112;2835;357;101;3,35;41,09;57,78;0;United Kingdom;Western Europe;"Taylor and Francis Ltd.";"2021-2026";"Education (Q1); Management Science and Operations Research (Q1); Statistics and Probability (Q1)";"Decision Sciences; Mathematics; Social Sciences"
121;19700182731;"Egyptian Informatics Journal";journal;"11108665, 20904754";"Elsevier B.V.";Yes;No;0,985;Q1;56;226;234;9447;1792;234;7,24;41,80;28,10;0;Netherlands;Western Europe;"Elsevier B.V.";"2010-2026";"Computer Science Applications (Q1); Information Systems (Q1); Management Science and Operations Research (Q1)";"Computer Science; Decision Sciences"
122;25802;"Communications in Analysis and Geometry";journal;"19449992, 10198385";"International Press, Inc.";No;No;0,971;Q1;51;37;209;1059;170;209;0,75;28,62;19,48;0;United States;Northern America;"International Press, Inc.";"1996-2025";"Analysis (Q1); Geometry and Topology (Q1); Statistics and Probability (Q1); Statistics, Probability and Uncertainty (Q1)";"Decision Sciences; Mathematics"
123;22902;"Oxford Bulletin of Economics and Statistics";journal;"03059049, 14680084";"Wiley-Blackwell Publishing Ltd";No;No;0,971;Q1;93;74;159;3701;342;159;2,18;50,01;22,16;15;United Kingdom;Western Europe;"Wiley-Blackwell Publishing Ltd";"1973-2026";"Social Sciences (miscellaneous) (Q1); Statistics and Probability (Q1); Statistics, Probability and Uncertainty (Q1); Economics and Econometrics (Q2)";"Decision Sciences; Economics, Econometrics and Finance; Mathematics; Social Sciences"
124;11600154157;"TQM Journal";journal;"17542731";"Emerald Group Publishing Ltd.";No;No;0,971;Q1;89;192;395;15356;3087;387;7,71;79,98;35,69;0;United Kingdom;Western Europe;"Emerald Group Publishing Ltd.";"2008-2026";"Business and International Management (Q1); Business, Management and Accounting (miscellaneous) (Q1); Decision Sciences (miscellaneous) (Q1); Strategy and Management (Q1)";"Business, Management and Accounting; Decision Sciences"
125;21101021638;"Stochastic Systems";journal;"19465238";"INFORMS Inst.for Operations Res.and the Management Sciences";Yes;Yes;0,946;Q1;11;11;50;466;79;49;1,58;42,36;24,14;0;United States;Northern America;"INFORMS Inst.for Operations Res.and the Management Sciences";"2019-2025";"Management Science and Operations Research (Q1); Modeling and Simulation (Q1); Statistics and Probability (Q1); Statistics, Probability and Uncertainty (Q1)";"Decision Sciences; Mathematics"
126;12140;"Journal of Time Series Analysis";journal;"01439782, 14679892";"Wiley-Blackwell";No;No;0,945;Q1;64;115;128;4443;209;116;1,27;38,63;21,66;2;United States;Northern America;"Wiley-Blackwell";"1980-2026";"Applied Mathematics (Q1); Statistics and Probability (Q1); Statistics, Probability and Uncertainty (Q1)";"Decision Sciences; Mathematics"
127;9700153238;"International Transactions in Operational Research";journal;"09696016, 14753995";"John Wiley and Sons Inc";No;No;0,944;Q1;75;231;449;12425;2032;438;4,89;53,79;37,66;0;Denmark;Western Europe;"John Wiley and Sons Inc";"1994-2026";"Business and International Management (Q1); Computer Science Applications (Q1); Management Science and Operations Research (Q1); Strategy and Management (Q1); Management of Technology and Innovation (Q2)";"Business, Management and Accounting; Computer Science; Decision Sciences"
128;21100834347;"Journal of Marketing Analytics";journal;"20503318, 20503326";"Springer International Publishing AG";No;No;0,938;Q1;35;125;191;9043;1336;179;6,27;72,34;30,03;3;Switzerland;Western Europe;"Springer International Publishing AG";"2013-2026";"Economics, Econometrics and Finance (miscellaneous) (Q1); Statistics, Probability and Uncertainty (Q1); Marketing (Q2); Strategy and Management (Q2)";"Business, Management and Accounting; Decision Sciences; Economics, Econometrics and Finance"
129;19900192221;"Journal of Management Control";journal;"2191477X, 21914761";"Physica-Verlag";No;No;0,922;Q1;37;21;52;2163;282;49;4,40;103,00;34,09;0;Germany;Western Europe;"Physica-Verlag";"2011-2026";"Management Information Systems (Q1); Management Science and Operations Research (Q1); Accounting (Q2); Management of Technology and Innovation (Q2); Strategy and Management (Q2)";"Business, Management and Accounting; Decision Sciences"
130;21100211345;"Annals of Applied Statistics";journal;"19417330, 19326157";"Institute of Mathematical Statistics";No;No;0,915;Q1;96;160;457;8088;807;457;1,67;50,55;32,42;0;United States;Northern America;"Institute of Mathematical Statistics";"2007-2025";"Modeling and Simulation (Q1); Statistics and Probability (Q1); Statistics, Probability and Uncertainty (Q1)";"Decision Sciences; Mathematics"
131;13734;"Biometrical Journal";journal;"03233847, 15214036";"John Wiley and Sons Inc";No;No;0,905;Q1;83;82;317;3162;653;309;2,28;38,56;36,12;0;Germany;Western Europe;"John Wiley and Sons Inc";"1959, 1964, 1966-1967, 1970, 1977-2026";"Medicine (miscellaneous) (Q1); Statistics and Probability (Q1); Statistics, Probability and Uncertainty (Q1)";"Decision Sciences; Mathematics; Medicine"
132;21100198497;"Quality Technology and Quantitative Management";journal;"16843703";"Taylor and Francis Ltd.";No;No;0,900;Q1;33;67;120;2785;478;120;3,86;41,57;30,05;0;United Kingdom;Western Europe;"Taylor and Francis Ltd.";"2011-2026";"Business and International Management (Q1); Industrial Relations (Q1); Information Systems and Management (Q1); Management Science and Operations Research (Q1); Statistics, Probability and Uncertainty (Q1); Management of Technology and Innovation (Q2)";"Business, Management and Accounting; Decision Sciences"
133;21101366453;"Journal of Soft Computing and Decision Analytics";journal;"30093481";"Scientific Oasis";No;No;0,897;Q1;17;15;40;546;243;40;6,08;36,40;40,00;0;Serbia;Eastern Europe;"Scientific Oasis";"2023-2026";"Applied Mathematics (Q1); Decision Sciences (miscellaneous) (Q1); Management Science and Operations Research (Q1); Artificial Intelligence (Q2)";"Computer Science; Decision Sciences; Mathematics"
134;13530;"Journal of the Royal Statistical Society. Series A: Statistics in Society";journal;"09641998, 1467985X";"Oxford University Press";No;No;0,890;Q1;101;95;302;2884;523;254;1,63;30,36;31,02;3;United Kingdom;Western Europe;"Oxford University Press";"1988-2026";"Social Sciences (miscellaneous) (Q1); Statistics and Probability (Q1); Statistics, Probability and Uncertainty (Q1); Economics and Econometrics (Q2)";"Decision Sciences; Economics, Econometrics and Finance; Mathematics; Social Sciences"
135;21100379294;"Operations Research Perspectives";journal;"22147160";"Elsevier Ltd";Yes;No;0,888;Q2;41;49;88;2736;513;87;4,06;55,84;21,80;0;United Kingdom;Western Europe;"Elsevier Ltd";"2014-2026";"Control and Optimization (Q1); Statistics and Probability (Q1); Management Science and Operations Research (Q2); Strategy and Management (Q2)";"Business, Management and Accounting; Decision Sciences; Mathematics"
136;20670;"Journal of Organizational Change Management";journal;"09534814";"Emerald Group Publishing Ltd.";No;No;0,887;Q1;94;104;228;7774;1303;223;5,98;74,75;44,60;0;United Kingdom;Western Europe;"Emerald Group Publishing Ltd.";"1988-2026";"Decision Sciences (miscellaneous) (Q1); Management of Technology and Innovation (Q2); Organizational Behavior and Human Resource Management (Q2); Strategy and Management (Q2)";"Business, Management and Accounting; Decision Sciences"
137;13631;"American Statistician";journal;"00031305, 15372731";"Taylor and Francis Ltd.";No;No;0,867;Q1;108;61;153;2364;407;128;1,91;38,75;22,76;0;United Kingdom;Western Europe;"Taylor and Francis Ltd.";"1947-2026";"Mathematics (miscellaneous) (Q1); Statistics and Probability (Q1); Statistics, Probability and Uncertainty (Q1)";"Decision Sciences; Mathematics"
138;21101023806;"Annals of Data Science";journal;"21985812, 21985804";"Springer Science and Business Media Deutschland GmbH";No;No;0,866;Q2;38;125;234;5538;1518;231;7,40;44,30;26,37;0;Germany;Western Europe;"Springer Science and Business Media Deutschland GmbH";"2014-2026";"Business, Management and Accounting (miscellaneous) (Q1); Artificial Intelligence (Q2); Computer Science Applications (Q2); Statistics, Probability and Uncertainty (Q2)";"Business, Management and Accounting; Computer Science; Decision Sciences"
139;20575;"Journal of Engineering and Technology Management - JET-M";journal;"18791719, 09234748";"Elsevier B.V.";No;No;0,863;Q1;84;48;103;4393;567;103;5,69;91,52;38,06;1;Netherlands;Western Europe;"Elsevier B.V.";"1989-2026";"Engineering (miscellaneous) (Q1); Industrial Relations (Q1); Information Systems and Management (Q1); Management Science and Operations Research (Q2); Strategy and Management (Q2)";"Business, Management and Accounting; Decision Sciences; Engineering"
140;21100246506;"Journal of Choice Modelling";journal;"17555345";"Elsevier B.V.";Yes;No;0,861;Q2;45;26;107;1366;354;106;3,00;52,54;24,32;0;Netherlands;Western Europe;"Elsevier B.V.";"2008-2026";"Modeling and Simulation (Q1); Statistics, Probability and Uncertainty (Q2)";"Decision Sciences; Mathematics"
141;19600161828;"Public Transport";journal;"16137159, 1866749X";"Springer Verlag";No;No;0,861;Q2;41;47;88;2720;390;86;3,75;57,87;19,40;0;Germany;Western Europe;"Springer Verlag";"2009-2026";"Information Systems (Q1); Mechanical Engineering (Q1); Management Science and Operations Research (Q2); Transportation (Q2)";"Computer Science; Decision Sciences; Engineering; Social Sciences"
142;21100821132;"Decision";journal;"23259973, 23259965";"American Psychological Association";No;No;0,860;Q2;26;10;90;759;131;90;1,56;75,90;21,05;0;United States;Northern America;"American Psychological Association";"2014-2025";"Applied Psychology (Q2); Neuropsychology and Physiological Psychology (Q2); Social Psychology (Q2); Statistics, Probability and Uncertainty (Q2)";"Decision Sciences; Psychology"
143;21101082054;"Journal of Safety Science and Resilience";journal;"26664496, 20967527";"KeAi Communications Co.";Yes;No;0,858;Q2;25;55;113;3065;774;110;7,65;55,73;28,95;1;China;Asiatic Region;"KeAi Communications Co.";"2020-2026";"Safety Research (Q1); Safety, Risk, Reliability and Quality (Q1); Computer Science Applications (Q2); Management Science and Operations Research (Q2); Statistics, Probability and Uncertainty (Q2)";"Computer Science; Decision Sciences; Engineering; Social Sciences"
144;4700152908;"Knowledge Management Research and Practice";journal;"14778238, 14778246";"Taylor and Francis Ltd.";No;No;0,849;Q2;62;105;198;8184;1280;192;6,02;77,94;38,97;1;United Kingdom;Western Europe;"Taylor and Francis Ltd.";"2006-2026";"Library and Information Sciences (Q1); Management Information Systems (Q1); Business and International Management (Q2); Management of Technology and Innovation (Q2); Management Science and Operations Research (Q2); Strategy and Management (Q2)";"Business, Management and Accounting; Decision Sciences; Social Sciences"
145;21100862198;"EURO Journal on Transportation and Logistics";journal;"21924384, 21924376";"Elsevier B.V.";Yes;No;0,845;Q2;33;21;70;1676;234;67;3,48;79,81;30,30;0;Netherlands;Western Europe;"Elsevier B.V.";"2013-2026";"Modeling and Simulation (Q1); Management Science and Operations Research (Q2); Transportation (Q2)";"Decision Sciences; Mathematics; Social Sciences"
146;20537;"Journal of Behavioral Decision Making";journal;"08943257, 10990771";"John Wiley and Sons Ltd";No;No;0,845;Q2;99;46;155;2321;323;155;1,69;50,46;32,74;0;United Kingdom;Western Europe;"John Wiley and Sons Ltd";"1988-2026";"Arts and Humanities (miscellaneous) (Q1); Sociology and Political Science (Q1); Applied Psychology (Q2); Decision Sciences (miscellaneous) (Q2); Strategy and Management (Q2)";"Arts and Humanities; Business, Management and Accounting; Decision Sciences; Psychology; Social Sciences"
147;23842;"Journal of Classification";journal;"01764268, 14321343";"Springer New York";No;No;0,845;Q2;51;46;84;2056;240;76;2,05;44,70;28,04;0;United States;Northern America;"Springer New York";"1984-2026";"Library and Information Sciences (Q1); Mathematics (miscellaneous) (Q1); Psychology (miscellaneous) (Q2); Statistics, Probability and Uncertainty (Q2)";"Decision Sciences; Mathematics; Psychology; Social Sciences"
148;21100356018;"Big Data Research";journal;"22145796, 2214580X";"Elsevier Inc.";No;No;0,843;Q1;51;50;126;2214;691;124;5,62;44,28;33,72;1;United States;Northern America;"Elsevier Inc.";"2014-2026";"Information Systems (Q1); Information Systems and Management (Q1); Management Information Systems (Q1); Computer Science Applications (Q2)";"Business, Management and Accounting; Computer Science; Decision Sciences"
149;21101234810;"INFORMS Journal on Applied Analytics";journal;"26440865, 26440873";"INFORMS Inst.for Operations Res.and the Management Sciences";No;No;0,842;Q2;15;0;42;0;116;40;0,00;0,00;0,00;0;United States;Northern America;"INFORMS Inst.for Operations Res.and the Management Sciences";"2019-2022";"Management of Technology and Innovation (Q2); Management Science and Operations Research (Q2); Strategy and Management (Q2)";"Business, Management and Accounting; Decision Sciences"
150;22236;"Journal of the Operational Research Society";journal;"01605682, 14769360";"Taylor and Francis Ltd.";No;No;0,831;Q2;134;276;482;14066;1828;476;3,59;50,96;36,19;0;United Kingdom;Western Europe;"Taylor and Francis Ltd.";"1978-2026";"Management Information Systems (Q1); Modeling and Simulation (Q1); Management Science and Operations Research (Q2); Marketing (Q2); Statistics, Probability and Uncertainty (Q2); Strategy and Management (Q2)";"Business, Management and Accounting; Decision Sciences; Mathematics"
151;144935;"Statistical Modelling";journal;"1471082X";"SAGE Publications Ltd";No;No;0,830;Q2;53;40;81;1447;138;75;1,80;36,18;31,73;0;United Kingdom;Western Europe;"SAGE Publications Ltd";"2001-2026";"Statistics and Probability (Q2); Statistics, Probability and Uncertainty (Q2)";"Decision Sciences; Mathematics"
152;13559;"Journal of Loss Prevention in the Process Industries";journal;"09504230";"Elsevier B.V.";No;No;0,827;Q2;117;221;705;10194;3490;698;4,80;46,13;30,83;0;Netherlands;Western Europe;"Elsevier B.V.";"1988-2026";"Chemical Engineering (miscellaneous) (Q1); Food Science (Q1); Industrial and Manufacturing Engineering (Q1); Safety, Risk, Reliability and Quality (Q1); Control and Systems Engineering (Q2); Energy Engineering and Power Technology (Q2); Management Science and Operations Research (Q2)";"Agricultural and Biological Sciences; Chemical Engineering; Decision Sciences; Energy; Engineering"
153;21100299408;"Supply Chain Forum";journal;"16246039, 16258312";"Taylor and Francis Ltd.";No;No;0,826;Q2;36;67;100;4679;572;97;5,56;69,84;31,98;0;United Kingdom;Western Europe;"Taylor and Francis Ltd.";"2002, 2013-2026";"Business and International Management (Q2); Management of Technology and Innovation (Q2); Management Science and Operations Research (Q2)";"Business, Management and Accounting; Decision Sciences"
154;21100797724;"Journal of Survey Statistics and Methodology";journal;"23250992, 23250984";"Oxford University Press";No;No;0,824;Q2;29;27;184;1052;336;182;1,88;38,96;47,06;2;United States;Northern America;"Oxford University Press";"2013-2025";"Applied Mathematics (Q1); Social Sciences (miscellaneous) (Q1); Statistics and Probability (Q2); Statistics, Probability and Uncertainty (Q2)";"Decision Sciences; Mathematics; Social Sciences"
155;23614;"Statistics and Computing";journal;"09603174, 15731375";"Springer Netherlands";No;No;0,824;Q2;94;219;467;9232;914;467;1,92;42,16;33,21;0;Netherlands;Western Europe;"Springer Netherlands";"1991-2026";"Computational Theory and Mathematics (Q1); Theoretical Computer Science (Q1); Statistics and Probability (Q2); Statistics, Probability and Uncertainty (Q2)";"Computer Science; Decision Sciences; Mathematics"
156;14715;"Technology Analysis and Strategic Management";journal;"14653990, 09537325";"Routledge";No;No;0,824;Q2;96;509;528;23502;2778;528;5,01;46,17;41,87;4;United Kingdom;Western Europe;"Routledge";"1989-2026";"Management Science and Operations Research (Q2); Strategy and Management (Q2)";"Business, Management and Accounting; Decision Sciences"
157;17600155106;"Flexible Services and Manufacturing Journal";journal;"19366590, 19366582";"Springer New York";No;No;0,817;Q2;58;98;138;5773;567;133;4,34;58,91;30,94;0;United States;Northern America;"Springer New York";"2006, 2008-2026";"Industrial and Manufacturing Engineering (Q1); Management Science and Operations Research (Q2)";"Decision Sciences; Engineering"
158;88345;"Journal of Global Optimization";journal;"09255001, 15732916";"Springer Netherlands";No;No;0,808;Q2;105;144;376;6201;804;373;2,06;43,06;26,59;0;Netherlands;Western Europe;"Springer Netherlands";"1991-2026";"Applied Mathematics (Q1); Business, Management and Accounting (miscellaneous) (Q1); Control and Optimization (Q1); Computer Science Applications (Q2); Management Science and Operations Research (Q2)";"Business, Management and Accounting; Computer Science; Decision Sciences; Mathematics"
159;20043;"Scandinavian Actuarial Journal";journal;"03461238, 16512030";"Taylor and Francis Ltd.";No;No;0,804;Q2;48;64;122;2388;229;122;1,93;37,31;33,56;0;United Kingdom;Western Europe;"Taylor and Francis Ltd.";"1918-2026";"Economics and Econometrics (Q2); Statistics and Probability (Q2); Statistics, Probability and Uncertainty (Q2)";"Decision Sciences; Economics, Econometrics and Finance; Mathematics"
160;16106;"Foresight";journal;"30096294, 30626307";"National Center for Social and Criminological Research";No;No;0,800;Q2;49;57;148;4353;773;145;5,22;76,37;42,25;0;United Kingdom;Western Europe;"National Center for Social and Criminological Research";"1999-2026";"Economics, Econometrics and Finance (miscellaneous) (Q1); Business and International Management (Q2); Management of Technology and Innovation (Q2); Management Science and Operations Research (Q2)";"Business, Management and Accounting; Decision Sciences; Economics, Econometrics and Finance"
161;21100807851;"Journal of Global Operations and Strategic Sourcing";journal;"23985372, 23985364";"Emerald Publishing";No;No;0,799;Q2;39;34;98;2904;588;93;5,74;85,41;22,99;0;United Kingdom;Western Europe;"Emerald Publishing";"2017-2026";"Management Science and Operations Research (Q2); Organizational Behavior and Human Resource Management (Q2); Strategy and Management (Q2)";"Business, Management and Accounting; Decision Sciences"
162;19700186884;"Journal of Data and Information Quality";journal;"19361963, 19361955";"Association for Computing Machinery";No;No;0,797;Q1;36;30;99;1799;499;93;6,03;59,97;27,21;1;United States;Northern America;"Association for Computing Machinery";"2009-2025";"Information Systems and Management (Q1); Information Systems (Q2)";"Computer Science; Decision Sciences"
163;21101393568;"Modern Supply Chain Research and Applications";journal;"26313871";"Emerald Publishing";No;No;0,792;Q2;20;23;41;1742;245;41;5,10;75,74;33,77;0;United Kingdom;Western Europe;"Emerald Publishing";"2019-2025";"Safety, Risk, Reliability and Quality (Q1); Business and International Management (Q2); Management Science and Operations Research (Q2); Statistics, Probability and Uncertainty (Q2)";"Business, Management and Accounting; Decision Sciences; Engineering"
164;10900153330;"Enterprise Information Systems";journal;"17517583, 17517575";"Taylor and Francis Ltd.";No;No;0,790;Q1;69;68;194;4166;1078;189;5,49;61,26;29,68;0;United Kingdom;Western Europe;"Taylor and Francis Ltd.";"2007-2026";"Information Systems and Management (Q1); Computer Science Applications (Q2)";"Computer Science; Decision Sciences"
165;14072;"Scandinavian Journal of Statistics";journal;"14679469, 03036898";"Wiley-Blackwell Publishing Ltd";No;No;0,786;Q2;75;75;213;3061;274;203;1,22;40,81;26,06;0;United Kingdom;Western Europe;"Wiley-Blackwell Publishing Ltd";"1996-2026";"Statistics and Probability (Q2); Statistics, Probability and Uncertainty (Q2)";"Decision Sciences; Mathematics"
166;21100377744;"International Journal of Lean Six Sigma";journal;"20404166, 20404174";"Emerald Publishing";No;No;0,785;Q2;65;103;202;8351;1300;196;6,20;81,08;33,94;0;United Kingdom;Western Europe;"Emerald Publishing";"2010-2026";"Industrial and Manufacturing Engineering (Q1); Management Science and Operations Research (Q2); Strategy and Management (Q2)";"Business, Management and Accounting; Decision Sciences; Engineering"
167;21100923463;"Statistical Theory and Related Fields";journal;"24754277, 24754269";"Routledge";Yes;Yes;0,785;Q2;10;25;84;672;155;84;2,49;26,88;35,00;0;United States;Northern America;"Routledge";"2017-2026";"Analysis (Q1); Applied Mathematics (Q1); Computational Theory and Mathematics (Q1); Statistics and Probability (Q2); Statistics, Probability and Uncertainty (Q2)";"Computer Science; Decision Sciences; Mathematics"
168;24437;"Data and Knowledge Engineering";journal;"0169023X";"Elsevier B.V.";No;No;0,780;Q1;99;78;230;3839;1112;218;5,08;49,22;33,88;0;Netherlands;Western Europe;"Elsevier B.V.";"1985, 1987-2026";"Information Systems and Management (Q1)";"Decision Sciences"
169;21101390654;"Spectrum of Engineering and Management Sciences";journal;"30093309";"Scientific Oasis";No;No;0,777;Q2;10;20;28;650;141;28;5,04;32,50;26,09;0;Serbia;Eastern Europe;"Scientific Oasis";"2023-2026";"Engineering (miscellaneous) (Q1); Decision Sciences (miscellaneous) (Q2); Management Science and Operations Research (Q2)";"Decision Sciences; Engineering"
170;21101126970;"Logistics";journal;"23056290";"Multidisciplinary Digital Publishing Institute (MDPI)";Yes;No;0,774;Q1;39;176;317;10063;2097;314;6,45;57,18;31,19;1;Switzerland;Western Europe;"Multidisciplinary Digital Publishing Institute (MDPI)";"2019-2026";"Information Systems and Management (Q1); Management Information Systems (Q1); Management Science and Operations Research (Q2); Transportation (Q2)";"Business, Management and Accounting; Decision Sciences; Social Sciences"
171;21101036141;"Journal of Management Science and Engineering";journal;"20962320, 25895532";"KeAi Communications Co.";Yes;Yes;0,773;Q2;29;33;99;1759;402;99;3,45;53,30;42,20;0;China;Asiatic Region;"KeAi Communications Co.";"2016-2026";"Engineering (miscellaneous) (Q1); Management Information Systems (Q1); Business and International Management (Q2); Control and Systems Engineering (Q2); Decision Sciences (miscellaneous) (Q2); Management of Technology and Innovation (Q2); Strategy and Management (Q2)";"Business, Management and Accounting; Decision Sciences; Engineering"
172;21101392299;"Journal of Intelligent Decision Making and Information Science";journal;"30790875";"Nexora Academic Press";No;No;0,771;Q1;6;20;8;729;50;8;6,25;36,45;22,73;0;Romania;Eastern Europe;"Nexora Academic Press";"2024-2026";"Information Systems and Management (Q1); Artificial Intelligence (Q2); Information Systems (Q2); Management Science and Operations Research (Q2)";"Computer Science; Decision Sciences"
173;21100374809;"Journal of Science and Technology Policy Management";journal;"20534639, 20534620";"Emerald Group Publishing Ltd.";No;No;0,769;Q2;41;152;240;11735;1530;224;6,32;77,20;31,53;0;United Kingdom;Western Europe;"Emerald Group Publishing Ltd.";"2014-2026";"Industrial Relations (Q2); Management of Technology and Innovation (Q2); Management Science and Operations Research (Q2); Strategy and Management (Q2)";"Business, Management and Accounting; Decision Sciences"
174;23966;"Journal of Optimization Theory and Applications";journal;"00223239, 15732878";"Springer New York";No;No;0,759;Q2;111;266;615;9665;1203;614;1,84;36,33;24,84;0;United States;Northern America;"Springer New York";"1967-2026";"Control and Optimization (Q1); Applied Mathematics (Q2); Management Science and Operations Research (Q2)";"Decision Sciences; Mathematics"
175;27989;"Optimization";journal;"10294945, 02331934";"Taylor and Francis Ltd.";No;No;0,753;Q2;69;319;499;11191;966;489;2,01;35,08;26,87;0;United Kingdom;Western Europe;"Taylor and Francis Ltd.";"1985-2026";"Control and Optimization (Q1); Applied Mathematics (Q2); Management Science and Operations Research (Q2)";"Decision Sciences; Mathematics"
176;7100153133;"Spatial Economic Analysis";journal;"17421780, 17421772";"Routledge";No;No;0,749;Q2;44;82;99;4276;262;86;2,78;52,15;28,43;3;United Kingdom;Western Europe;"Routledge";"2006-2026";"Earth and Planetary Sciences (miscellaneous) (Q1); Economics, Econometrics and Finance (miscellaneous) (Q1); Geography, Planning and Development (Q1); Statistics, Probability and Uncertainty (Q2)";"Decision Sciences; Earth and Planetary Sciences; Economics, Econometrics and Finance; Social Sciences"
177;21100396641;"Proceedings International Conference on Automated Planning and Scheduling, ICAPS";conference and proceedings;"23340835, 23340843";"Association for the Advancement of Artificial Intelligence";No;No;0,747;-;45;52;251;1377;575;246;2,45;26,48;17,73;0;United States;Northern America;"Association for the Advancement of Artificial Intelligence";"2014-2025";"Artificial Intelligence; Computer Science Applications; Information Systems and Management";"Computer Science; Decision Sciences"
178;20608;"Journal of Global Information Management";journal;"10627375, 15337995";"IGI Publishing";No;No;0,742;Q1;55;84;249;6945;1237;249;5,31;82,68;33,33;0;United States;Northern America;"IGI Publishing";"2002-2026";"Information Systems and Management (Q1); Business and International Management (Q2); Computer Science Applications (Q2); E-learning (Q2); Management Science and Operations Research (Q2); Strategy and Management (Q2)";"Business, Management and Accounting; Computer Science; Decision Sciences; Social Sciences"
179;21101151498;"Futures and Foresight Science";journal;"25735152";"John Wiley and Sons Inc";No;No;0,742;Q2;17;41;70;2704;196;43;3,21;65,95;41,22;2;United States;Northern America;"John Wiley and Sons Inc";"2019-2026";"Business, Management and Accounting (miscellaneous) (Q1); Management Science and Operations Research (Q2); Strategy and Management (Q2)";"Business, Management and Accounting; Decision Sciences"
180;145295;"4OR";journal;"16142411, 16194500";"Springer";No;No;0,741;Q2;50;33;93;764;186;75;1,52;23,15;27,27;0;Germany;Western Europe;"Springer";"2003-2026";"Computational Theory and Mathematics (Q1); Management Information Systems (Q2); Management Science and Operations Research (Q2); Theoretical Computer Science (Q2)";"Business, Management and Accounting; Computer Science; Decision Sciences; Mathematics"
181;21101258752;"International Journal of Industrial Engineering and Operations Management";journal;"26906090, 26906104";"Emerald Publishing";Yes;Yes;0,735;Q2;12;31;33;2087;213;32;6,10;67,32;23,91;0;United Kingdom;Western Europe;"Emerald Publishing";"2022-2026";"Industrial and Manufacturing Engineering (Q1); Management Science and Operations Research (Q2); Renewable Energy, Sustainability and the Environment (Q2); Safety, Risk, Reliability and Quality (Q2); Statistics, Probability and Uncertainty (Q2)";"Decision Sciences; Energy; Engineering"
182;14500154733;"Operational Research";journal;"11092858, 18661505";"Springer Verlag";No;No;0,735;Q2;41;112;323;5918;1317;323;3,42;52,84;32,57;0;Germany;Western Europe;"Springer Verlag";"2009-2026";"Modeling and Simulation (Q1); Numerical Analysis (Q1); Computational Theory and Mathematics (Q2); Management of Technology and Innovation (Q2); Management Science and Operations Research (Q2); Statistics, Probability and Uncertainty (Q2); Strategy and Management (Q2)";"Business, Management and Accounting; Computer Science; Decision Sciences; Mathematics"
183;13533;"Journal of the Royal Statistical Society. Series C: Applied Statistics";journal;"00359254, 14679876";"Oxford University Press";No;No;0,734;Q2;85;74;237;3029;362;220;1,42;40,93;35,47;0;United Kingdom;Western Europe;"Oxford University Press";"1981, 1983-1991, 1993, 1996-2026";"Statistics and Probability (Q2); Statistics, Probability and Uncertainty (Q2)";"Decision Sciences; Mathematics"
184;21101073717;"Pacific Asia Journal of the Association for Information Systems";journal;"19437536, 19437544";"Association for Information Systems";No;No;0,733;Q1;19;22;67;1903;299;65;3,14;86,50;36,36;0;United States;Northern America;"Association for Information Systems";"2018-2025";"Information Systems and Management (Q1); Computer Science Applications (Q2); Human-Computer Interaction (Q2); Information Systems (Q2); Management Information Systems (Q2)";"Business, Management and Accounting; Computer Science; Decision Sciences"
185;15688;"Journal of Information Systems";journal;"08887985, 15587959";"American Accounting Association";No;No;0,731;Q1;52;20;85;1828;275;81;2,83;91,40;29,17;0;United States;Northern America;"American Accounting Association";"2006, 2009-2025";"Information Systems and Management (Q1); Accounting (Q2); Human-Computer Interaction (Q2); Information Systems (Q2); Management Information Systems (Q2); Management of Technology and Innovation (Q2); Software (Q2)";"Business, Management and Accounting; Computer Science; Decision Sciences"
186;19713;"Journal of High Technology Management Research";journal;"10478310";"Elsevier Ltd";No;No;0,729;Q1;59;0;57;0;370;55;6,57;0,00;0,00;0;United Kingdom;Western Europe;"Elsevier Ltd";"1990-2024";"Information Systems and Management (Q1); Computer Science Applications (Q2); Management of Technology and Innovation (Q2); Marketing (Q2); Strategy and Management (Q2)";"Business, Management and Accounting; Computer Science; Decision Sciences"
187;56494;"OR Spectrum";journal;"01716468, 14366304";"Springer Verlag";No;No;0,720;Q2;85;63;126;2934;340;123;2,66;46,57;23,35;0;Germany;Western Europe;"Springer Verlag";"1979-2026";"Business, Management and Accounting (miscellaneous) (Q2); Management Science and Operations Research (Q2)";"Business, Management and Accounting; Decision Sciences"
188;4000152132;"International Journal of Biostatistics";journal;"15574679";"Walter de Gruyter GmbH";No;No;0,715;Q2;49;28;104;937;177;102;1,50;33,46;36,59;0;Germany;Western Europe;"Walter de Gruyter GmbH";"2005-2026";"Medicine (miscellaneous) (Q2); Statistics and Probability (Q2); Statistics, Probability and Uncertainty (Q2)";"Decision Sciences; Mathematics; Medicine"
189;24306;"Digital Signal Processing: A Review Journal";journal;"10954333, 10512004";"Elsevier Inc.";No;No;0,713;Q2;100;588;1246;28219;5216;1242;3,93;47,99;30,01;0;United States;Northern America;"Elsevier Inc.";"1991-2026";"Applied Mathematics (Q2); Artificial Intelligence (Q2); Computational Theory and Mathematics (Q2); Computer Vision and Pattern Recognition (Q2); Electrical and Electronic Engineering (Q2); Signal Processing (Q2); Statistics, Probability and Uncertainty (Q2)";"Computer Science; Decision Sciences; Engineering; Mathematics"
190;19600157009;"North American Actuarial Journal";journal;"10920277";"Taylor and Francis Ltd.";No;No;0,703;Q2;55;55;110;2575;188;106;1,80;46,82;28,47;0;United Kingdom;Western Europe;"Taylor and Francis Ltd.";"1997-2026";"Economics and Econometrics (Q2); Statistics and Probability (Q2); Statistics, Probability and Uncertainty (Q2)";"Decision Sciences; Economics, Econometrics and Finance; Mathematics"
191;21100197952;"Journal of Rail Transport Planning and Management";journal;"22109706";"Elsevier B.V.";No;No;0,696;Q2;39;43;109;1839;383;108;2,73;42,77;26,81;0;Netherlands;Western Europe;"Elsevier B.V.";"2011-2026";"Civil and Structural Engineering (Q1); Computer Science Applications (Q2); Management Science and Operations Research (Q2); Modeling and Simulation (Q2); Transportation (Q2)";"Computer Science; Decision Sciences; Engineering; Mathematics; Social Sciences"
192;21101122877;"Forecasting";journal;"25719394";"Multidisciplinary Digital Publishing Institute (MDPI)";Yes;No;0,693;Q2;29;80;149;3847;778;146;5,96;48,09;23,79;1;Switzerland;Western Europe;"Multidisciplinary Digital Publishing Institute (MDPI)";"2019-2025";"Economics, Econometrics and Finance (miscellaneous) (Q1); Computational Theory and Mathematics (Q2); Computer Science Applications (Q2); Decision Sciences (miscellaneous) (Q2)";"Computer Science; Decision Sciences; Economics, Econometrics and Finance"
193;21100886529;"International Journal of Systems Science: Operations and Logistics";journal;"23302674, 23302682";"Taylor and Francis Ltd.";No;No;0,688;Q1;36;107;222;6205;885;222;3,93;57,99;32,28;0;United Kingdom;Western Europe;"Taylor and Francis Ltd.";"2014-2026";"Information Systems and Management (Q1); Information Systems (Q2); Management Information Systems (Q2); Management Science and Operations Research (Q2)";"Business, Management and Accounting; Computer Science; Decision Sciences"
194;21100235632;"Asian Journal of Shipping and Logistics";journal;"20925212";"Korean Association of Shipping and Logistics, Inc.";Yes;No;0,681;Q2;45;23;68;907;299;68;4,32;39,43;20,97;0;Netherlands;Western Europe;"Korean Association of Shipping and Logistics, Inc.";"2009-2026";"Business and International Management (Q2); Management of Technology and Innovation (Q2); Management Science and Operations Research (Q2); Transportation (Q2)";"Business, Management and Accounting; Decision Sciences; Social Sciences"
195;21100803571;"Digital Policy, Regulation and Governance";journal;"23985038, 23985046";"Emerald Publishing";No;No;0,674;Q2;48;61;108;4163;638;105;6,56;68,25;31,39;0;United Kingdom;Western Europe;"Emerald Publishing";"2017-2026";"Computer Networks and Communications (Q2); Information Systems (Q2); Information Systems and Management (Q2); Management Information Systems (Q2); Management of Technology and Innovation (Q2)";"Business, Management and Accounting; Computer Science; Decision Sciences"
196;21100446510;"Journal of Humanitarian Logistics and Supply Chain Management";journal;"20426747, 20426755";"Emerald Publishing";Yes;Yes;0,672;Q2;42;47;79;3312;379;75;5,04;70,47;47,79;0;United Kingdom;Western Europe;"Emerald Publishing";"2011-2026";"Management Information Systems (Q2); Management Science and Operations Research (Q2)";"Business, Management and Accounting; Decision Sciences"
197;21100446929;"European Actuarial Journal";journal;"21909741, 21909733";"Springer International Publishing AG";No;No;0,671;Q2;24;43;104;1356;171;84;1,51;31,53;22,89;1;Switzerland;Western Europe;"Springer International Publishing AG";"2011-2026";"Economics and Econometrics (Q2); Statistics and Probability (Q2); Statistics, Probability and Uncertainty (Q2)";"Decision Sciences; Economics, Econometrics and Finance; Mathematics"
198;19294;"Journal of Scheduling";journal;"10946136, 10991425";"Springer";No;No;0,671;Q2;72;48;115;2037;250;110;1,76;42,44;24,11;0;United States;Northern America;"Springer";"1998-2026";"Engineering (miscellaneous) (Q1); Artificial Intelligence (Q2); Management Science and Operations Research (Q2); Software (Q2)";"Computer Science; Decision Sciences; Engineering"
199;21774;"Managerial and Decision Economics";journal;"10991468, 01436570";"John Wiley and Sons Ltd";No;No;0,671;Q2;71;253;939;14279;3344;938;3,28;56,44;38,76;2;United Kingdom;Western Europe;"John Wiley and Sons Ltd";"1980-2026";"Business and International Management (Q2); Management of Technology and Innovation (Q2); Management Science and Operations Research (Q2); Strategy and Management (Q2)";"Business, Management and Accounting; Decision Sciences"
200;14233;"Statistical Papers";journal;"09325026, 16139798";"Springer New York";Yes;No;0,670;Q2;54;157;380;5534;611;379;1,53;35,25;30,05;0;United States;Northern America;"Springer New York";"1983, 1988-2026";"Statistics and Probability (Q2); Statistics, Probability and Uncertainty (Q2)";"Decision Sciences; Mathematics"
201;21100981415;"Modeling Earth Systems and Environment";journal;"23636203, 23636211";"Springer International Publishing AG";No;No;0,668;Q2;75;451;1087;25866;4352;1084;4,19;57,35;22,49;2;Switzerland;Western Europe;"Springer International Publishing AG";"2015-2026";"Agricultural and Biological Sciences (miscellaneous) (Q1); Computers in Earth Sciences (Q2); Environmental Science (miscellaneous) (Q2); Statistics, Probability and Uncertainty (Q2)";"Agricultural and Biological Sciences; Decision Sciences; Earth and Planetary Sciences; Environmental Science"
202;26386;"Electronic Communications in Probability";journal;"1083589X";"Institute of Mathematical Statistics";Yes;No;0,666;Q2;41;90;204;1787;158;204;0,74;19,86;15,29;0;United States;Northern America;"Institute of Mathematical Statistics";"1996-2026";"Statistics and Probability (Q2); Statistics, Probability and Uncertainty (Q2)";"Decision Sciences; Mathematics"
203;21100211751;"International Journal of Industrial Engineering and Management";journal;"22172661, 2683345X";"University of Novi Sad";Yes;Yes;0,665;Q2;27;33;75;1393;330;72;5,00;42,21;35,35;0;Serbia;Eastern Europe;"University of Novi Sad";"2010-2025";"Business, Management and Accounting (miscellaneous) (Q2); Industrial and Manufacturing Engineering (Q2); Management Science and Operations Research (Q2)";"Business, Management and Accounting; Decision Sciences; Engineering"
204;20606;"Journal of Forecasting";journal;"02776693, 1099131X";"John Wiley and Sons Ltd";No;No;0,665;Q2;74;128;360;6487;1221;360;3,43;50,68;28,96;1;United Kingdom;Western Europe;"John Wiley and Sons Ltd";"1982-2026";"Computer Science Applications (Q2); Economics and Econometrics (Q2); Management Science and Operations Research (Q2); Modeling and Simulation (Q2); Statistics, Probability and Uncertainty (Q2); Strategy and Management (Q2)";"Business, Management and Accounting; Computer Science; Decision Sciences; Economics, Econometrics and Finance; Mathematics"
205;21184;"Journal of Quality Technology";journal;"00224065";"Taylor and Francis Ltd.";No;No;0,658;Q2;102;33;95;1167;261;92;2,28;35,36;32,22;0;United States;Northern America;"Taylor and Francis Ltd.";"1969-1980, 1982-1985, 1987-1988, 1990, 1992-2026";"Industrial and Manufacturing Engineering (Q2); Management Science and Operations Research (Q2); Safety, Risk, Reliability and Quality (Q2); Strategy and Management (Q2)";"Business, Management and Accounting; Decision Sciences; Engineering"
206;12136;"Journal of Statistical Planning and Inference";journal;"03783758";"Elsevier B.V.";No;No;0,657;Q2;93;61;231;2060;262;230;1,14;33,77;30,99;0;Netherlands;Western Europe;"Elsevier B.V.";"1977-2026";"Applied Mathematics (Q2); Statistics and Probability (Q2); Statistics, Probability and Uncertainty (Q2)";"Decision Sciences; Mathematics"
207;12981;"Kybernetes";journal;"0368492X";"Emerald Publishing";No;No;0,654;Q2;65;444;751;31971;3554;746;4,87;72,01;37,78;0;United Kingdom;Western Europe;"Emerald Publishing";"1972-2026";"Engineering (miscellaneous) (Q1); Library and Information Sciences (Q1); Social Sciences (miscellaneous) (Q1); Artificial Intelligence (Q2); Computer Science (miscellaneous) (Q2); Control and Systems Engineering (Q2); Electrical and Electronic Engineering (Q2); Human-Computer Interaction (Q2); Information Systems (Q2); Information Systems and Management (Q2); Management Information Systems (Q2); Management Science and Operations Research (Q2); Software (Q2); Strategy and Management (Q2); Theoretical Computer Science (Q2)";"Business, Management and Accounting; Computer Science; Decision Sciences; Engineering; Mathematics; Social Sciences"
208;21101150412;"Computational Journal of Mathematical and Statistical Sciences";journal;"29743435, 29743443";"";Yes;No;0,652;Q2;14;29;41;1137;179;41;4,43;39,21;27,03;0;Egypt;Africa/Middle East;"";"2022-2025";"Computational Mathematics (Q2); Modeling and Simulation (Q2); Statistics and Probability (Q2); Statistics, Probability and Uncertainty (Q2)";"Decision Sciences; Mathematics"
209;21100886542;"Journal of Management Analytics";journal;"23270039, 23270012";"Taylor and Francis Ltd.";No;No;0,649;Q2;41;37;80;2559;410;80;5,65;69,16;30,85;0;United Kingdom;Western Europe;"Taylor and Francis Ltd.";"2014-2026";"Business, Management and Accounting (miscellaneous) (Q2); Statistics and Probability (Q2); Statistics, Probability and Uncertainty (Q2)";"Business, Management and Accounting; Decision Sciences; Mathematics"
210;21100855822;"Cogent Business and Management";journal;"23311975";"Cogent OA";Yes;No;0,647;Q2;68;604;1854;52261;9851;1844;5,27;86,52;37,78;0;United Kingdom;Western Europe;"Cogent OA";"2014-2026";"Accounting (Q2); Business and International Management (Q2); Business, Management and Accounting (miscellaneous) (Q2); Management Science and Operations Research (Q2); Marketing (Q2); Organizational Behavior and Human Resource Management (Q2); Strategy and Management (Q2)";"Business, Management and Accounting; Decision Sciences"
211;28893;"Canadian Journal of Statistics";journal;"03195724, 1708945X";"Wiley-Blackwell";No;No;0,645;Q2;60;53;176;2111;224;171;1,28;39,83;30,43;1;United States;Northern America;"Wiley-Blackwell";"1973-2026";"Statistics and Probability (Q2); Statistics, Probability and Uncertainty (Q2)";"Decision Sciences; Mathematics"
212;21101020135;"Systems";journal;"20798954";"Multidisciplinary Digital Publishing Institute (MDPI)";Yes;No;0,643;Q2;52;1127;1425;72561;6806;1417;5,03;64,38;38,43;1;Switzerland;Western Europe;"Multidisciplinary Digital Publishing Institute (MDPI)";"2013-2026";"Computer Networks and Communications (Q2); Control and Systems Engineering (Q2); Information Systems and Management (Q2); Modeling and Simulation (Q2); Software (Q2)";"Computer Science; Decision Sciences; Engineering; Mathematics"
213;19200156938;"Transforming Government: People, Process and Policy";journal;"17506166";"Emerald Group Publishing Ltd.";No;No;0,642;Q2;54;74;142;4696;592;138;4,05;63,46;41,14;0;United Kingdom;Western Europe;"Emerald Group Publishing Ltd.";"2007-2026";"Computer Science Applications (Q2); E-learning (Q2); Information Systems and Management (Q2); Public Administration (Q2)";"Computer Science; Decision Sciences; Social Sciences"
214;26941;"Theory and Decision";journal;"15737187, 00405833";"Springer Netherlands";No;No;0,638;Q2;51;102;176;4187;214;174;0,68;41,05;21,43;1;Netherlands;Western Europe;"Springer Netherlands";"1970-2026";"Arts and Humanities (miscellaneous) (Q1); Economics, Econometrics and Finance (miscellaneous) (Q1); Social Sciences (miscellaneous) (Q1); Computer Science Applications (Q2); Decision Sciences (miscellaneous) (Q2); Developmental and Educational Psychology (Q2); Applied Psychology (Q3)";"Arts and Humanities; Computer Science; Decision Sciences; Economics, Econometrics and Finance; Psychology; Social Sciences"
215;21101142603;"Social Sciences and Humanities Open";journal;"25902911";"Elsevier Ltd";Yes;No;0,634;Q2;45;1087;953;66247;4140;948;4,34;60,94;44,68;4;United Kingdom;Western Europe;"Elsevier Ltd";"2019-2026";"Social Sciences (miscellaneous) (Q1); Decision Sciences (miscellaneous) (Q2); Psychology (miscellaneous) (Q2)";"Decision Sciences; Psychology; Social Sciences"
216;21100840031;"Critical Military Studies";journal;"23337486, 23337494";"Taylor and Francis Ltd.";No;No;0,632;Q2;27;52;98;3030;177;96;1,70;58,27;60,32;2;United Kingdom;Western Europe;"Taylor and Francis Ltd.";"2015-2026";"History (Q1); Law (Q1); Political Science and International Relations (Q1); Social Sciences (miscellaneous) (Q1); Sociology and Political Science (Q1); Management Science and Operations Research (Q2)";"Arts and Humanities; Decision Sciences; Social Sciences"
217;144815;"Computational Management Science";journal;"1619697X, 16196988";"Springer";No;No;0,630;Q2;44;18;119;809;273;118;1,96;44,94;23,08;0;Germany;Western Europe;"Springer";"2005-2026";"Business, Management and Accounting (miscellaneous) (Q2); Information Systems (Q2); Management Information Systems (Q2); Management Science and Operations Research (Q2); Statistics, Probability and Uncertainty (Q2)";"Business, Management and Accounting; Computer Science; Decision Sciences"
218;21101215011;"International Conference on Information and Knowledge Management, Proceedings";conference and proceedings;"21550751";"Association for Computing Machinery";No;No;0,630;-;166;0;1355;0;5106;1349;2,66;0,00;0,00;0;United States;Northern America;"Association for Computing Machinery";"1995-2024";"Business, Management and Accounting (miscellaneous); Decision Sciences (miscellaneous)";"Business, Management and Accounting; Decision Sciences"
219;21100888812;"Journal of Data and Information Science";journal;"2096157X, 2543683X";"";Yes;Yes;0,625;Q2;23;47;80;2112;208;75;2,93;44,94;34,43;0;Poland;Eastern Europe;"";"2016-2026";"Library and Information Sciences (Q1); Information Systems and Management (Q2); Public Administration (Q2)";"Decision Sciences; Social Sciences"
220;14882;"Test";journal;"11330686, 18638260";"Springer New York";No;No;0,622;Q2;54;51;172;1902;222;151;1,24;37,29;22,88;0;United States;Northern America;"Springer New York";"1988, 1992-2026";"Statistics and Probability (Q2); Statistics, Probability and Uncertainty (Q2)";"Decision Sciences; Mathematics"
221;21216;"MIT Sloan Management Review";journal;"15329194";"Massachusetts Institute of Technology";No;No;0,619;Q2;129;45;202;248;269;188;1,02;5,51;33,66;0;United States;Northern America;"Massachusetts Institute of Technology";"2001-2025";"Business and International Management (Q2); Decision Sciences (miscellaneous) (Q2); Management of Technology and Innovation (Q2); Strategy and Management (Q2)";"Business, Management and Accounting; Decision Sciences"
222;21100827466;"EURO Journal on Computational Optimization";journal;"21924406, 21924414";"Elsevier B.V.";Yes;No;0,616;Q2;25;19;72;914;148;64;1,32;48,11;21,43;0;Germany;Western Europe;"Elsevier B.V.";"2013-2026";"Computational Mathematics (Q2); Control and Optimization (Q2); Management Science and Operations Research (Q2); Modeling and Simulation (Q2)";"Decision Sciences; Mathematics"
223;23148;"IMA Journal of Management Mathematics";journal;"1471678X, 14716798";"Oxford University Press";No;No;0,616;Q2;43;45;89;2014;337;87;3,92;44,76;31,19;0;United Kingdom;Western Europe;"Oxford University Press";"1986, 1988-1989, 1991-1993, 1995-2026";"Economics, Econometrics and Finance (miscellaneous) (Q1); Applied Mathematics (Q2); Management Information Systems (Q2); Management Science and Operations Research (Q2); Modeling and Simulation (Q2); Strategy and Management (Q2)";"Business, Management and Accounting; Decision Sciences; Economics, Econometrics and Finance; Mathematics"
224;21100450117;"International Journal of Information Systems and Project Management";journal;"21827788, 21827796";"Universidade do Minho";Yes;Yes;0,610;Q2;30;20;54;1148;229;48;2,86;57,40;15,38;0;Portugal;Western Europe;"Universidade do Minho";"2013-2026";"Information Systems and Management (Q2); Management Information Systems (Q2); Strategy and Management (Q2)";"Business, Management and Accounting; Decision Sciences"
225;19123;"Quality and Reliability Engineering International";journal;"07488017, 10991638";"John Wiley and Sons Ltd";No;No;0,603;Q2;81;231;674;9239;2103;659;3,16;40,00;31,24;0;United Kingdom;Western Europe;"John Wiley and Sons Ltd";"1985-2026";"Management Science and Operations Research (Q2); Safety, Risk, Reliability and Quality (Q2)";"Decision Sciences; Engineering"
226;21101024237;"Journal of Operational Meteorology";journal;"23256184";"National Weather Association";No;No;0,599;Q2;10;8;23;250;37;23;1,79;31,25;13,64;0;United States;Northern America;"National Weather Association";"2019-2025";"Computers in Earth Sciences (Q2); Management Science and Operations Research (Q2); Atmospheric Science (Q3)";"Decision Sciences; Earth and Planetary Sciences"
227;21101272843;"Journal Of Organizational Behavior Research";journal;"25289705";"Deniz Publication";No;No;0,598;Q2;11;53;111;2762;339;111;2,87;52,11;36,97;0;Turkey;Middle East;"Deniz Publication";"2021-2025";"Business, Management and Accounting (miscellaneous) (Q2); Decision Sciences (miscellaneous) (Q2); Information Systems and Management (Q2); Organizational Behavior and Human Resource Management (Q2)";"Business, Management and Accounting; Decision Sciences"
228;21100898991;"Modern Stochastics: Theory and Applications";journal;"23516046, 23516054";"VTeX";Yes;Yes;0,598;Q2;9;25;66;634;66;66;1,02;25,36;20,83;0;Lithuania;Eastern Europe;"VTeX";"2018-2025";"Modeling and Simulation (Q2); Statistics and Probability (Q2); Statistics, Probability and Uncertainty (Q2)";"Decision Sciences; Mathematics"
229;19318;"Group Decision and Negotiation";journal;"09262644, 15729907";"Springer Netherlands";No;No;0,582;Q2;75;49;147;2721;507;142;2,92;55,53;35,71;0;Netherlands;Western Europe;"Springer Netherlands";"1992-2026";"Arts and Humanities (miscellaneous) (Q1); Social Sciences (miscellaneous) (Q1); Decision Sciences (miscellaneous) (Q2); Management of Technology and Innovation (Q2); Strategy and Management (Q2)";"Arts and Humanities; Business, Management and Accounting; Decision Sciences; Social Sciences"
230;19124;"Queueing Systems";journal;"15729443, 02570130";"Springer Netherlands";No;No;0,581;Q2;61;30;208;830;160;97;1,05;27,67;33,33;0;Netherlands;Western Europe;"Springer Netherlands";"1986-2026";"Computational Theory and Mathematics (Q2); Computer Science Applications (Q2); Management Science and Operations Research (Q2); Statistics and Probability (Q2)";"Computer Science; Decision Sciences; Mathematics"
231;21100901158;"EURO Journal on Decision Processes";journal;"21939446, 21939438";"Elsevier B.V.";Yes;No;0,578;Q2;23;5;39;239;115;36;3,17;47,80;27,27;0;Germany;Western Europe;"Elsevier B.V.";"2013-2026";"Applied Mathematics (Q2); Business, Management and Accounting (miscellaneous) (Q2); Computational Mathematics (Q2); Decision Sciences (miscellaneous) (Q2); Statistics and Probability (Q2)";"Business, Management and Accounting; Decision Sciences; Mathematics"
232;21101271431;"International Journal of Smart Grid";journal;"2602439X";"";No;No;0,577;Q2;16;14;67;589;194;67;2,74;42,07;11,90;0;Turkey;Middle East;"";"2021-2025";"Artificial Intelligence (Q2); Control and Systems Engineering (Q2); Electrical and Electronic Engineering (Q2); Energy (miscellaneous) (Q2); Information Systems and Management (Q2)";"Computer Science; Decision Sciences; Energy; Engineering"
233;21100200822;"Pakistan Journal of Statistics and Operation Research";journal;"22205810, 18162711";"University of Punjab (new Campus)";Yes;No;0,575;Q2;32;29;154;1192;414;154;2,84;41,10;30,67;0;Pakistan;Asiatic Region;"University of Punjab (new Campus)";"2011-2025";"Management Science and Operations Research (Q2); Modeling and Simulation (Q2); Statistics and Probability (Q2); Statistics, Probability and Uncertainty (Q2)";"Decision Sciences; Mathematics"
234;22202;"Operations Research Letters";journal;"01676377";"Elsevier B.V.";No;No;0,572;Q2;89;101;346;2130;412;343;1,23;21,09;22,07;0;Netherlands;Western Europe;"Elsevier B.V.";"1981-2026";"Applied Mathematics (Q2); Industrial and Manufacturing Engineering (Q2); Management Science and Operations Research (Q2); Software (Q2)";"Computer Science; Decision Sciences; Engineering; Mathematics"
235;21101141431;"Journal for the Measurement of Physical Behaviour";journal;"25756605, 25756613";"Human Kinetics Publishers Inc.";No;No;0,565;Q2;19;25;103;974;176;97;1,21;38,96;37,82;0;United States;Northern America;"Human Kinetics Publishers Inc.";"2019-2026";"Computer Science (miscellaneous) (Q2); Engineering (miscellaneous) (Q2); Psychology (miscellaneous) (Q2); Public Health, Environmental and Occupational Health (Q2); Statistics, Probability and Uncertainty (Q2)";"Computer Science; Decision Sciences; Engineering; Medicine; Psychology"
236;21100438074;"Journal of Modelling in Management";journal;"17465672, 17465664";"Emerald Publishing";No;No;0,555;Q2;49;111;233;8395;1082;230;4,79;75,63;28,52;0;United Kingdom;Western Europe;"Emerald Publishing";"2006-2026";"Decision Sciences (miscellaneous) (Q2); Management Science and Operations Research (Q2); Strategy and Management (Q2)";"Business, Management and Accounting; Decision Sciences"
237;23978;"Journal of Theoretical Probability";journal;"15729230, 08949840";"Springer New York";No;No;0,552;Q2;46;86;312;2340;331;312;0,88;27,21;24,71;0;United States;Northern America;"Springer New York";"1988-2026";"Mathematics (miscellaneous) (Q2); Statistics and Probability (Q2); Statistics, Probability and Uncertainty (Q2)";"Decision Sciences; Mathematics"
238;5600155030;"New Directions for Evaluation";journal;"1534875X, 10976736";"John Wiley and Sons Inc";No;No;0,551;Q2;53;26;127;1047;175;115;1,72;40,27;79,69;0;United States;Northern America;"John Wiley and Sons Inc";"1995-2025";"Education (Q2); Management Science and Operations Research (Q2); Strategy and Management (Q2)";"Business, Management and Accounting; Decision Sciences; Social Sciences"
239;21100264009;"Journal of Multi-Criteria Decision Analysis";journal;"10579214, 10991360";"John Wiley and Sons Ltd";No;No;0,550;Q2;57;22;65;961;164;64;2,60;43,68;39,62;1;United Kingdom;Western Europe;"John Wiley and Sons Ltd";"1992-2003, 2005-2006, 2008-2026";"Decision Sciences (miscellaneous) (Q2); Strategy and Management (Q2)";"Business, Management and Accounting; Decision Sciences"
240;29114;"Engineering Optimization";journal;"0305215X, 10290273";"Taylor and Francis Ltd.";No;No;0,549;Q2;82;229;350;10868;1169;350;3,19;47,46;24,40;0;United Kingdom;Western Europe;"Taylor and Francis Ltd.";"1974-2026";"Applied Mathematics (Q2); Computer Science Applications (Q2); Control and Optimization (Q2); Industrial and Manufacturing Engineering (Q2); Management Science and Operations Research (Q2)";"Computer Science; Decision Sciences; Engineering; Mathematics"
241;14785;"Statistics";journal;"02331888, 10294910";"Taylor and Francis Ltd.";No;No;0,546;Q2;44;94;199;3144;279;198;1,48;33,45;34,21;1;United Kingdom;Western Europe;"Taylor and Francis Ltd.";"1985-2026";"Statistics and Probability (Q2); Statistics, Probability and Uncertainty (Q2)";"Decision Sciences; Mathematics"
242;21100386518;"Advances in Production Engineering and Management";journal;"18556531, 18546250";"Production Engineering Institute";No;No;0,544;Q2;35;11;106;404;313;106;2,91;36,73;35,00;0;Slovenia;Eastern Europe;"Production Engineering Institute";"2014-2025";"Industrial and Manufacturing Engineering (Q2); Management of Technology and Innovation (Q2); Management Science and Operations Research (Q2); Mechanical Engineering (Q2); Nuclear and High Energy Physics (Q2)";"Business, Management and Accounting; Decision Sciences; Engineering; Physics and Astronomy"
243;5000158106;"Central European Journal of Operations Research";journal;"16139178, 1435246X";"Springer";No;No;0,544;Q2;48;91;168;3576;453;167;2,89;39,30;28,23;0;Germany;Western Europe;"Springer";"2006-2026";"Management Science and Operations Research (Q2)";"Decision Sciences"
244;21100421900;"Information and Computer Security";journal;"2056497X, 20564961";"Emerald Publishing";No;No;0,543;Q2;63;77;110;4356;496;108;4,85;56,57;34,17;0;United Kingdom;Western Europe;"Emerald Publishing";"2015-2026";"Computer Networks and Communications (Q2); Information Systems (Q2); Information Systems and Management (Q2); Management Information Systems (Q2); Management of Technology and Innovation (Q2); Software (Q2)";"Business, Management and Accounting; Computer Science; Decision Sciences"
245;22315;"Personal and Ubiquitous Computing";journal;"16174909, 16174917";"Springer London";No;No;0,539;Q2;106;11;328;690;1121;306;3,70;62,73;32,35;0;United Kingdom;Western Europe;"Springer London";"1997-2026";"Computer Science Applications (Q2); Hardware and Architecture (Q2); Library and Information Sciences (Q2); Management Science and Operations Research (Q2)";"Computer Science; Decision Sciences; Social Sciences"
246;21100924372;"Data";journal;"23065729";"Multidisciplinary Digital Publishing Institute (MDPI)";Yes;No;0,538;Q2;49;211;519;8330;1653;415;2,96;39,48;33,88;0;Switzerland;Western Europe;"Multidisciplinary Digital Publishing Institute (MDPI)";"2016-2026";"Computer Science Applications (Q2); Information Systems (Q2); Information Systems and Management (Q2)";"Computer Science; Decision Sciences"
247;12909;"Systems Research and Behavioral Science";journal;"10991743, 10927026";"John Wiley and Sons Ltd";No;No;0,538;Q2;64;161;214;11009;681;195;2,60;68,38;32,73;1;United Kingdom;Western Europe;"John Wiley and Sons Ltd";"1969, 1973, 1996-2026";"Information Systems and Management (Q2); Social Sciences (miscellaneous) (Q2); Strategy and Management (Q2)";"Business, Management and Accounting; Decision Sciences; Social Sciences"
248;21100242231;"Built Environment Project and Asset Management";journal;"2044124X, 20441258";"Emerald Group Publishing Ltd.";No;No;0,535;Q3;43;94;166;4890;622;158;3,99;52,02;24,59;0;United Kingdom;Western Europe;"Emerald Group Publishing Ltd.";"2011-2026";"Architecture (Q1); Building and Construction (Q2); Civil and Structural Engineering (Q2); Engineering (miscellaneous) (Q2); Urban Studies (Q2); Management Science and Operations Research (Q3)";"Decision Sciences; Engineering; Social Sciences"
249;12119;"Journal of Applied Statistics";journal;"02664763, 13600532";"Routledge";No;No;0,527;Q2;75;221;545;8306;989;523;1,60;37,58;34,56;1;United Kingdom;Western Europe;"Routledge";"1970-1971, 1973-2026";"Statistics and Probability (Q2); Statistics, Probability and Uncertainty (Q2)";"Decision Sciences; Mathematics"
250;12837;"Metrika";journal;"1435926X, 00261335";"Springer Verlag";No;No;0,527;Q2;50;70;124;2019;164;124;1,37;28,84;28,95;0;Germany;Western Europe;"Springer Verlag";"1958-2026";"Statistics and Probability (Q2); Statistics, Probability and Uncertainty (Q2)";"Decision Sciences; Mathematics"
251;28930;"Computational Statistics";journal;"16139658, 09434062";"Springer Science and Business Media Deutschland GmbH";No;No;0,524;Q2;58;210;340;7852;626;335;1,77;37,39;30,19;0;Germany;Western Europe;"Springer Science and Business Media Deutschland GmbH";"1996-2026";"Computational Mathematics (Q2); Statistics and Probability (Q2); Statistics, Probability and Uncertainty (Q2)";"Decision Sciences; Mathematics"
252;23559;"Journal of Statistical Computation and Simulation";journal;"15635163, 00949655";"Taylor and Francis Ltd.";No;No;0,515;Q2;74;197;517;7246;843;517;1,56;36,78;32,04;0;United Kingdom;Western Europe;"Taylor and Francis Ltd.";"1972-2026";"Applied Mathematics (Q2); Modeling and Simulation (Q2); Statistics and Probability (Q2); Statistics, Probability and Uncertainty (Q2)";"Decision Sciences; Mathematics"
253;14188;"Statistica Neerlandica";journal;"00390402, 14679574";"Wiley-Blackwell Publishing Ltd";No;No;0,513;Q2;45;38;92;1177;115;84;0,96;30,97;26,67;0;United Kingdom;Western Europe;"Wiley-Blackwell Publishing Ltd";"1946, 1948-2026";"Statistics and Probability (Q2); Statistics, Probability and Uncertainty (Q2)";"Decision Sciences; Mathematics"
254;16900154710;"Statistical Analysis and Data Mining";journal;"19321864, 19321872";"John Wiley and Sons Inc";No;No;0,511;Q2;42;50;158;1758;395;157;1,32;35,16;34,09;0;United States;Northern America;"John Wiley and Sons Inc";"2008-2026";"Analysis (Q2); Computer Science Applications (Q2); Information Systems (Q2); Statistics and Probability (Q2); Statistics, Probability and Uncertainty (Q2)";"Computer Science; Decision Sciences; Mathematics"
255;21100945715;"Journal of International Logistics and Trade";journal;"25087592, 17382122";"Emerald Publishing";Yes;Yes;0,511;Q3;12;11;32;558;111;31;3,68;50,73;30,77;0;South Korea;Asiatic Region;"Emerald Publishing";"2018-2026";"Economics and Econometrics (Q2); Management Information Systems (Q2); Management Science and Operations Research (Q3); Marketing (Q3); Transportation (Q3)";"Business, Management and Accounting; Decision Sciences; Economics, Econometrics and Finance; Social Sciences"
256;26928;"Stochastic Analysis and Applications";journal;"15329356, 07362994";"Taylor and Francis Ltd.";No;No;0,508;Q2;45;30;154;948;178;154;1,17;31,60;25,37;0;United States;Northern America;"Taylor and Francis Ltd.";"1983-2026";"Applied Mathematics (Q2); Statistics and Probability (Q2); Statistics, Probability and Uncertainty (Q2)";"Decision Sciences; Mathematics"
257;21101153205;"Journal of Optimization";journal;"23146486, 2356752X";"John Wiley and Sons Ltd";No;No;0,504;Q2;16;0;11;0;49;11;4,80;0,00;0,00;0;United Kingdom;Western Europe;"John Wiley and Sons Ltd";"2013-2014, 2016-2019, 2021-2024";"Analysis (Q2); Control and Optimization (Q2); Decision Sciences (miscellaneous) (Q2)";"Decision Sciences; Mathematics"
258;15654;"Journal of Agricultural, Biological, and Environmental Statistics";journal;"10857117, 15372693";"Springer";No;No;0,500;Q2;61;83;149;3838;225;144;1,21;46,24;36,74;1;United States;Northern America;"Springer";"1996-2026";"Agricultural and Biological Sciences (miscellaneous) (Q2); Applied Mathematics (Q2); Environmental Science (miscellaneous) (Q2); Statistics and Probability (Q2); Statistics, Probability and Uncertainty (Q2)";"Agricultural and Biological Sciences; Decision Sciences; Environmental Science; Mathematics"
259;21101200922;"Proceedings of the International Symposium on Modeling and Optimization in Mobile, Ad Hoc, and Wireless Networks, WiOpt";conference and proceedings;"26903342, 26903334";"Institute of Electrical and Electronics Engineers Inc.";No;No;0,496;-;8;62;141;1457;196;139;1,39;23,50;28,05;0;United States;Northern America;"Institute of Electrical and Electronics Engineers Inc.";"2023-2025";"Computer Networks and Communications; Control and Optimization; Information Systems and Management; Modeling and Simulation";"Computer Science; Decision Sciences; Mathematics"
260;23838;"Journal of Applied Probability";journal;"14756072, 00219002";"Cambridge University Press";No;No;0,494;Q3;67;107;231;3091;205;231;0,75;28,89;21,10;0;United Kingdom;Western Europe;"Cambridge University Press";"1975-2026";"Mathematics (miscellaneous) (Q2); Statistics and Probability (Q2); Statistics, Probability and Uncertainty (Q3)";"Decision Sciences; Mathematics"
261;8600153118;"Mathematics and Financial Economics";journal;"18629660, 18629679";"Springer Science and Business Media Deutschland GmbH";No;No;0,489;Q3;32;38;74;1358;95;73;1,18;35,74;25,56;0;Germany;Western Europe;"Springer Science and Business Media Deutschland GmbH";"2007-2026";"Finance (Q2); Statistics and Probability (Q2); Statistics, Probability and Uncertainty (Q3)";"Decision Sciences; Economics, Econometrics and Finance; Mathematics"
262;21100790518;"International Journal of Management Science and Engineering Management";journal;"17509653, 17509661";"Taylor and Francis Ltd.";No;No;0,484;Q2;40;57;83;2998;309;80;4,09;52,60;29,75;0;United Kingdom;Western Europe;"Taylor and Francis Ltd.";"2006-2026";"Engineering (miscellaneous) (Q2); Information Systems and Management (Q2); Mechanical Engineering (Q2); Strategy and Management (Q2); Management Science and Operations Research (Q3)";"Business, Management and Accounting; Decision Sciences; Engineering"
263;21101068186;"International Journal of Crowd Science";journal;"23987294";"Tsinghua University Press";Yes;Yes;0,483;Q2;20;27;75;1365;204;72;3,02;50,56;23,61;0;United Kingdom;Western Europe;"Tsinghua University Press";"2017-2025";"Business, Management and Accounting (miscellaneous) (Q2); Computer Science (miscellaneous) (Q2); Decision Sciences (miscellaneous) (Q2)";"Business, Management and Accounting; Computer Science; Decision Sciences"
264;21100255423;"R Journal";journal;"20734859";"Technische Universitaet Wien";Yes;No;0,483;Q3;71;29;198;1104;278;192;1,04;38,07;38,03;0;Austria;Western Europe;"Technische Universitaet Wien";"2009-2025";"Numerical Analysis (Q2); Statistics and Probability (Q2); Statistics, Probability and Uncertainty (Q3)";"Decision Sciences; Mathematics"
265;24358;"Journal of Heuristics";journal;"13811231, 15729397";"Springer Netherlands";No;No;0,481;Q3;77;38;53;1973;136;53;3,27;51,92;28,23;0;Netherlands;Western Europe;"Springer Netherlands";"1995-2026";"Artificial Intelligence (Q2); Computer Networks and Communications (Q2); Control and Optimization (Q2); Information Systems (Q2); Software (Q2); Management Science and Operations Research (Q3)";"Computer Science; Decision Sciences; Mathematics"
266;21805;"Mathematical Methods of Operations Research";journal;"14325217, 14322994";"Physica-Verlag";No;No;0,477;Q3;59;28;114;1031;142;109;1,15;36,82;25,76;0;Germany;Western Europe;"Physica-Verlag";"1996-2026";"Mathematics (miscellaneous) (Q2); Software (Q2); Management Science and Operations Research (Q3)";"Computer Science; Decision Sciences; Mathematics"
267;21101093023;"Probability, Uncertainty and Quantitative Risk";journal;"23670126, 20959672";"American Institute of Mathematical Sciences";No;No;0,471;Q3;14;27;69;762;53;67;0,88;28,22;25,49;0;United States;Northern America;"American Institute of Mathematical Sciences";"2016-2025";"Applied Mathematics (Q2); Statistics and Probability (Q3); Statistics, Probability and Uncertainty (Q3)";"Decision Sciences; Mathematics"
268;12120;"Journal of Nonparametric Statistics";journal;"10290311, 10485252";"Taylor and Francis Ltd.";No;No;0,470;Q3;49;82;140;2970;155;136;1,03;36,22;34,76;0;United Kingdom;Western Europe;"Taylor and Francis Ltd.";"1991-2026";"Statistics and Probability (Q3); Statistics, Probability and Uncertainty (Q3)";"Decision Sciences; Mathematics"
269;21100204505;"Australasian Journal of Information Systems";journal;"14498618, 13262238";"Australasian Association for Information Systems";Yes;Yes;0,468;Q2;37;17;67;1087;180;63;2,16;63,94;40,91;0;Australia;Pacific Region;"Australasian Association for Information Systems";"1996, 2007, 2009-2025";"Business, Management and Accounting (miscellaneous) (Q2); Information Systems (Q2); Information Systems and Management (Q2); Human-Computer Interaction (Q3)";"Business, Management and Accounting; Computer Science; Decision Sciences"
270;21101044833;"Decision Making: Applications in Management and Engineering";journal;"26200104, 25606018";"Regional Association for Security and crisis management";Yes;No;0,465;Q2;46;86;181;4458;682;181;3,41;51,84;31,34;0;Serbia;Eastern Europe;"Regional Association for Security and crisis management";"2018-2025";"Decision Sciences (miscellaneous) (Q2)";"Decision Sciences"
271;21100996100;"International Journal of Population Data Science";journal;"23994908";"Swansea University";Yes;No;0,460;Q2;25;52;239;1527;267;214;0,93;29,37;63,83;1;United Kingdom;Western Europe;"Swansea University";"2017-2026";"Demography (Q2); Information Systems (Q2); Information Systems and Management (Q2); Health Informatics (Q3)";"Computer Science; Decision Sciences; Medicine; Social Sciences"
272;19700187807;"Information Security Journal";journal;"19393555, 19393547";"Taylor and Francis Ltd.";No;No;0,456;Q2;37;63;105;3238;342;105;3,00;51,40;32,57;0;United Kingdom;Western Europe;"Taylor and Francis Ltd.";"2008-2026";"Information Systems and Management (Q2); Computer Science Applications (Q3); Software (Q3)";"Computer Science; Decision Sciences"
273;21100889419;"Annals of Actuarial Science";journal;"17484995, 17485002";"Cambridge University Press";No;No;0,456;Q3;21;39;83;1502;101;74;1,20;38,51;18,89;0;United Kingdom;Western Europe;"Cambridge University Press";"2010-2026";"Economics and Econometrics (Q2); Statistics and Probability (Q3); Statistics, Probability and Uncertainty (Q3)";"Decision Sciences; Economics, Econometrics and Finance; Mathematics"
274;21100825516;"Random Matrices: Theory and Application";journal;"20103263, 20103271";"World Scientific";No;No;0,456;Q3;23;26;90;799;72;90;0,88;30,73;22,45;0;Singapore;Asiatic Region;"World Scientific";"2012-2026";"Algebra and Number Theory (Q2); Discrete Mathematics and Combinatorics (Q2); Statistics and Probability (Q3); Statistics, Probability and Uncertainty (Q3)";"Decision Sciences; Mathematics"
275;21100780696;"Big Data";journal;"21676461, 2167647X";"Mary Ann Liebert Inc.";No;No;0,454;Q2;47;37;118;1818;330;111;2,59;49,14;37,90;0;United States;Northern America;"Mary Ann Liebert Inc.";"2013-2026";"Information Systems (Q2); Information Systems and Management (Q2); Computer Science Applications (Q3)";"Computer Science; Decision Sciences"
276;17700156756;"Journal of Asset Management";journal;"14708272, 1479179X";"Palgrave Macmillan Ltd.";No;No;0,448;Q2;28;51;132;2071;283;127;2,01;40,61;17,71;1;United Kingdom;Western Europe;"Palgrave Macmillan Ltd.";"2009-2026";"Business and International Management (Q2); Information Systems and Management (Q2); Strategy and Management (Q3)";"Business, Management and Accounting; Decision Sciences"
277;21100888787;"Annals of Economics and Statistics";journal;"21154430, 19683863";"Groupe des ecoles nationales d'economie et statistique";No;No;0,447;Q3;9;9;56;295;44;55;0,72;32,78;31,82;0;France;Western Europe;"Groupe des ecoles nationales d'economie et statistique";"2018-2025";"Social Sciences (miscellaneous) (Q2); Economics and Econometrics (Q3); Statistics and Probability (Q3); Statistics, Probability and Uncertainty (Q3)";"Decision Sciences; Economics, Econometrics and Finance; Mathematics; Social Sciences"
278;21100935763;"Health Systems";journal;"20476973, 20476965";"Taylor and Francis Inc.";No;No;0,445;Q3;24;28;72;1669;203;69;3,19;59,61;34,04;0;United States;Northern America;"Taylor and Francis Inc.";"2012-2026";"Information Systems (Q2); Computer Science Applications (Q3); Health Informatics (Q3); Health Information Management (Q3); Health Policy (Q3); Human-Computer Interaction (Q3); Management Science and Operations Research (Q3)";"Computer Science; Decision Sciences; Health Professions; Medicine"
279;21101393933;"Data Science in Finance and Economics";journal;"27692140";"American Institute of Mathematical Sciences";No;No;0,441;Q2;11;22;72;1470;223;72;3,28;66,82;22,00;0;United States;Northern America;"American Institute of Mathematical Sciences";"2022-2026";"Decision Sciences (miscellaneous) (Q2); Finance (Q2); Artificial Intelligence (Q3); Computer Science Applications (Q3); Economics and Econometrics (Q3); Statistics and Probability (Q3); Statistics, Probability and Uncertainty (Q3)";"Computer Science; Decision Sciences; Economics, Econometrics and Finance; Mathematics"
280;21101019334;"Journal of Business Analytics";journal;"2573234X, 25732358";"Taylor and Francis Ltd.";No;No;0,441;Q2;15;29;48;1926;137;47;2,47;66,41;30,43;0;United Kingdom;Western Europe;"Taylor and Francis Ltd.";"2018-2026";"Industrial and Manufacturing Engineering (Q2); Information Systems (Q2); Information Systems and Management (Q2); Management Information Systems (Q2); Artificial Intelligence (Q3); Management Science and Operations Research (Q3); Statistics, Probability and Uncertainty (Q3)";"Business, Management and Accounting; Computer Science; Decision Sciences; Engineering"
281;20500195024;"Journal of Quantitative Analysis in Sports";journal;"21946388, 15590410";"Walter de Gruyter GmbH";No;No;0,439;Q2;29;28;61;798;112;60;1,60;28,50;17,65;0;Germany;Western Europe;"Walter de Gruyter GmbH";"2011-2026";"Decision Sciences (miscellaneous) (Q2); Social Sciences (miscellaneous) (Q2)";"Decision Sciences; Social Sciences"
282;11700154400;"TOP";journal;"11345764, 18638279";"";No;No;0,438;Q2;35;34;72;1432;123;70;1,72;42,12;30,86;0;Germany;Western Europe;"";"1993-1996, 2003, 2007-2026";"Discrete Mathematics and Combinatorics (Q2); Information Systems and Management (Q2); Modeling and Simulation (Q2); Management Science and Operations Research (Q3); Statistics and Probability (Q3)";"Decision Sciences; Mathematics"
283;29978;"Stat";journal;"20491573";"John Wiley and Sons Inc";No;No;0,437;Q3;27;92;335;3061;289;330;0,83;33,27;27,13;0;United Kingdom;Western Europe;"John Wiley and Sons Inc";"2012-2026";"Statistics and Probability (Q3); Statistics, Probability and Uncertainty (Q3)";"Decision Sciences; Mathematics"
284;10900153307;"Journal of Simulation";journal;"17477778, 17477786";"Taylor and Francis Ltd.";No;No;0,436;Q3;36;85;151;5619;383;148;2,58;66,11;32,32;1;United Kingdom;Western Europe;"Taylor and Francis Ltd.";"2008-2026";"Industrial and Manufacturing Engineering (Q2); Modeling and Simulation (Q2); Management Science and Operations Research (Q3); Software (Q3)";"Computer Science; Decision Sciences; Engineering; Mathematics"
285;21101063736;"IFAC Journal of Systems and Control";journal;"24686018";"Elsevier B.V.";No;No;0,435;Q3;19;56;94;2592;219;94;2,29;46,29;25,54;0;United Kingdom;Western Europe;"Elsevier B.V.";"2017-2026";"Computer Networks and Communications (Q2); Control and Systems Engineering (Q2); Artificial Intelligence (Q3); Computer Science Applications (Q3); Management Science and Operations Research (Q3); Modeling and Simulation (Q3)";"Computer Science; Decision Sciences; Engineering; Mathematics"
286;25195;"Applied Stochastic Models in Business and Industry";journal;"15264025, 15241904";"John Wiley and Sons Ltd";No;No;0,427;Q3;50;93;229;3498;315;181;1,32;37,61;25,71;0;United Kingdom;Western Europe;"John Wiley and Sons Ltd";"1999-2026";"Business, Management and Accounting (miscellaneous) (Q2); Management Science and Operations Research (Q3); Modeling and Simulation (Q3)";"Business, Management and Accounting; Decision Sciences; Mathematics"
287;21100301413;"Journal of the Operations Research Society of China";journal;"21946698, 2194668X";"Springer International Publishing";No;No;0,421;Q3;25;136;173;5332;300;168;1,25;39,21;36,54;0;Switzerland;Western Europe;"Springer International Publishing";"2013-2026";"Applied Mathematics (Q2); Mathematics (miscellaneous) (Q2); Management Science and Operations Research (Q3)";"Decision Sciences; Mathematics"
288;14794;"Statistics and Probability Letters";journal;"01677152";"Elsevier B.V.";No;No;0,421;Q3;79;193;586;3638;480;586;0,72;18,85;29,36;0;Netherlands;Western Europe;"Elsevier B.V.";"1982-2026";"Statistics and Probability (Q3); Statistics, Probability and Uncertainty (Q3)";"Decision Sciences; Mathematics"
289;23179;"Environmental and Ecological Statistics";journal;"13528505, 15733009";"Springer";No;No;0,418;Q3;58;56;119;2705;243;118;2,11;48,30;43,38;1;United States;Northern America;"Springer";"1994-2026";"Environmental Science (miscellaneous) (Q3); Statistics and Probability (Q3); Statistics, Probability and Uncertainty (Q3)";"Decision Sciences; Environmental Science; Mathematics"
290;19900194826;"Journal of Global Information Technology Management";journal;"1097198X, 23336846";"Taylor and Francis Ltd.";No;No;0,417;Q2;43;18;61;1173;158;38;2,25;65,17;23,08;0;United Kingdom;Western Europe;"Taylor and Francis Ltd.";"1998-2026";"Information Systems (Q2); Information Systems and Management (Q2); E-learning (Q3)";"Computer Science; Decision Sciences; Social Sciences"
291;145729;"Statistical Methods and Applications";journal;"16182510, 1613981X";"";No;No;0,414;Q3;37;58;186;2388;270;180;1,50;41,17;45,28;0;Germany;Western Europe;"";"1996-1997, 2000-2026";"Statistics and Probability (Q3); Statistics, Probability and Uncertainty (Q3)";"Decision Sciences; Mathematics"
292;21100202150;"Operations Research for Health Care";journal;"22116923";"Elsevier B.V.";No;No;0,413;Q3;41;1;28;42;73;27;1,77;42,00;0,00;0;United Kingdom;Western Europe;"Elsevier B.V.";"2012-2025";"Health Professions (miscellaneous) (Q2); Oral Surgery (Q2); Surgery (Q2); Management Science and Operations Research (Q3); Medicine (miscellaneous) (Q3); Otorhinolaryngology (Q3)";"Decision Sciences; Dentistry; Health Professions; Medicine"
293;15810;"Probability in the Engineering and Informational Sciences";journal;"02699648, 14698951";"Cambridge University Press";No;No;0,413;Q3;44;29;163;959;177;162;0,84;33,07;28,13;0;United Kingdom;Western Europe;"Cambridge University Press";"1987-2026";"Industrial and Manufacturing Engineering (Q2); Management Science and Operations Research (Q3); Statistics and Probability (Q3); Statistics, Probability and Uncertainty (Q3)";"Decision Sciences; Engineering; Mathematics"
294;21100941199;"Statistics and Public Policy";journal;"2330443X";"Taylor and Francis Inc.";Yes;No;0,412;Q3;21;7;43;268;79;34;1,41;38,29;37,50;0;United States;Northern America;"Taylor and Francis Inc.";"2014-2025";"Public Administration (Q2); Applied Mathematics (Q3); Statistics and Probability (Q3); Statistics, Probability and Uncertainty (Q3)";"Decision Sciences; Mathematics; Social Sciences"
295;19900192134;"Decision Sciences Journal of Innovative Education";journal;"15404609, 15404595";"John Wiley and Sons Ltd";No;No;0,406;Q2;32;20;53;657;125;52;2,06;32,85;30,95;0;United Kingdom;Western Europe;"John Wiley and Sons Ltd";"2011-2025";"Business, Management and Accounting (miscellaneous) (Q2); Decision Sciences (miscellaneous) (Q2); Education (Q2)";"Business, Management and Accounting; Decision Sciences; Social Sciences"
296;21101023959;"International Journal of Production Management and Engineering";journal;"23404876, 23405317";"Universidad Politecnica de Valencia";Yes;Yes;0,406;Q3;12;17;49;889;132;49;2,42;52,29;36,36;1;Spain;Western Europe;"Universidad Politecnica de Valencia";"2019-2025";"Industrial and Manufacturing Engineering (Q2); Business and International Management (Q3); Management Science and Operations Research (Q3); Strategy and Management (Q3)";"Business, Management and Accounting; Decision Sciences; Engineering"
297;21101081506;"Journal of Financial Data Science";journal;"26403951, 26403943";"With intelligence";No;No;0,404;Q2;19;38;106;1040;129;99;1,14;27,37;14,63;0;United Kingdom;Western Europe;"With intelligence";"2019-2025";"Business, Management and Accounting (miscellaneous) (Q2); Computational Theory and Mathematics (Q2); Information Systems (Q2); Information Systems and Management (Q2); Artificial Intelligence (Q3); Business and International Management (Q3); Finance (Q3); Strategy and Management (Q3)";"Business, Management and Accounting; Computer Science; Decision Sciences; Economics, Econometrics and Finance"
298;145592;"Computational and Mathematical Organization Theory";journal;"15729346, 1381298X";"Springer";No;No;0,403;Q2;39;25;53;977;139;52;1,74;39,08;26,23;0;United States;Northern America;"Springer";"1995, 2000-2001, 2004-2026";"Computer Science (miscellaneous) (Q2); Decision Sciences (miscellaneous) (Q2); Applied Mathematics (Q3); Computational Mathematics (Q3); Modeling and Simulation (Q3)";"Computer Science; Decision Sciences; Mathematics"
299;21100894767;"INFORMS Transactions on Education";journal;"15320545";"INFORMS Inst.for Operations Res.and the Management Sciences";Yes;Yes;0,402;Q3;10;17;64;498;88;60;0,86;29,29;47,37;0;United States;Northern America;"INFORMS Inst.for Operations Res.and the Management Sciences";"2001, 2006, 2009, 2012, 2014, 2018-2025";"Education (Q2); Management Information Systems (Q2); Management Science and Operations Research (Q3)";"Business, Management and Accounting; Decision Sciences; Social Sciences"
300;21101188857;"Journal of Economics and Management (Poland)";journal;"17321948, 27199975";"University of Economics in Katowice";Yes;Yes;0,400;Q2;7;24;38;1704;136;38;3,58;71,00;48,21;0;Poland;Eastern Europe;"University of Economics in Katowice";"2023-2026";"Business, Management and Accounting (miscellaneous) (Q2); Economics, Econometrics and Finance (miscellaneous) (Q2); Information Systems and Management (Q2); Management Information Systems (Q2); Strategy and Management (Q3)";"Business, Management and Accounting; Decision Sciences; Economics, Econometrics and Finance"
301;21100394100;"IET Networks";journal;"20474962, 20474954";"John Wiley &amp; Sons Inc.";Yes;No;0,395;Q3;36;29;97;1408;257;94;2,64;48,55;20,00;0;United Kingdom;Western Europe;"John Wiley &amp; Sons Inc.";"2014-2026";"Computer Networks and Communications (Q2); Control and Optimization (Q2); Management Science and Operations Research (Q3)";"Computer Science; Decision Sciences; Mathematics"
302;21100395701;"Journal of Complex Networks";journal;"20511310, 20511329";"Oxford University Press";No;No;0,391;Q3;36;57;163;2528;273;163;1,94;44,35;18,13;0;United States;Northern America;"Oxford University Press";"2013-2026";"Applied Mathematics (Q3); Computational Mathematics (Q3); Computer Networks and Communications (Q3); Control and Optimization (Q3); Management Science and Operations Research (Q3)";"Computer Science; Decision Sciences; Mathematics"
303;13130;"Distributed and Parallel Databases";journal;"09268782, 15737578";"Springer Netherlands";No;No;0,385;Q2;49;10;76;426;189;73;2,58;42,60;15,15;0;Netherlands;Western Europe;"Springer Netherlands";"1993-2026";"Information Systems and Management (Q2); Hardware and Architecture (Q3); Information Systems (Q3); Software (Q3)";"Computer Science; Decision Sciences"
304;19700175219;"Iranian Journal of Fuzzy Systems";journal;"17350654, 26764334";"University of Sistan and Baluchestan";Yes;No;0,385;Q2;42;63;228;2257;392;228;1,88;35,83;23,88;0;Iran;Middle East;"University of Sistan and Baluchestan";"2004-2026";"Information Systems and Management (Q2); Mathematics (miscellaneous) (Q2); Artificial Intelligence (Q3); Computer Science Applications (Q3)";"Computer Science; Decision Sciences; Mathematics"
305;27205;"Game Studies";journal;"16047982";"Game Studies";Yes;No;0,385;Q3;40;16;51;1010;65;48;0,88;63,13;28,57;0;Norway;Western Europe;"Game Studies";"2002-2006, 2008-2026";"Arts and Humanities (miscellaneous) (Q1); Cultural Studies (Q1); Applied Mathematics (Q3); Statistics, Probability and Uncertainty (Q3)";"Arts and Humanities; Decision Sciences; Mathematics; Social Sciences"
306;21101152758;"Journal of Information Systems Engineering and Business Intelligence";journal;"25986333, 24432555";"Airlangga University";Yes;Yes;0,383;Q2;10;38;53;1861;211;53;3,98;48,97;38,55;0;Indonesia;Asiatic Region;"Airlangga University";"2023-2025";"Computer Science (miscellaneous) (Q2); Information Systems and Management (Q2); Management Information Systems (Q2); Information Systems (Q3)";"Business, Management and Accounting; Computer Science; Decision Sciences"
307;21100886537;"Operations and Supply Chain Management";journal;"19793561, 25799363";"Operations and Supply Chain Management Forum";Yes;No;0,383;Q2;25;36;125;2518;323;125;2,58;69,94;26,53;0;Indonesia;Asiatic Region;"Operations and Supply Chain Management Forum";"2018-2025";"Information Systems and Management (Q2); Management Information Systems (Q2); Management Science and Operations Research (Q3); Statistics, Probability and Uncertainty (Q3)";"Business, Management and Accounting; Decision Sciences"
308;21100842159;"International Review of Applied Sciences and Engineering";journal;"20620810, 20634269";"Akademiai Kiado";Yes;No;0,382;Q3;18;43;117;1797;303;117;3,20;41,79;27,27;0;Hungary;Eastern Europe;"Akademiai Kiado";"2017-2026";"Architecture (Q1); Engineering (miscellaneous) (Q2); Environmental Engineering (Q3); Information Systems (Q3); Management Science and Operations Research (Q3); Materials Science (miscellaneous) (Q3)";"Computer Science; Decision Sciences; Engineering; Environmental Science; Materials Science"
309;21100204516;"International Journal of Data Analysis Techniques and Strategies";journal;"17558050, 17558069";"Inderscience";No;No;0,378;Q2;21;21;57;712;97;57;1,48;33,90;44,26;0;Switzerland;Western Europe;"Inderscience";"2008-2026";"Information Systems and Management (Q2); Applied Mathematics (Q3); Information Systems (Q3)";"Computer Science; Decision Sciences; Mathematics"
310;300147003;"Journal of Futures Studies";journal;"10276084";"Tamkang University";No;No;0,378;Q2;29;23;102;641;125;100;1,12;27,87;57,58;0;Taiwan;Asiatic Region;"Tamkang University";"2005-2025";"History and Philosophy of Science (Q1); Decision Sciences (miscellaneous) (Q2); Development (Q2)";"Arts and Humanities; Decision Sciences; Social Sciences"
311;145274;"Journal of Statistical Mechanics: Theory and Experiment";journal;"17425468";"Institute of Physics";No;No;0,378;Q3;101;184;703;10258;951;701;1,15;55,75;17,07;0;United Kingdom;Western Europe;"Institute of Physics";"2004-2025";"Statistical and Nonlinear Physics (Q3); Statistics and Probability (Q3); Statistics, Probability and Uncertainty (Q3)";"Decision Sciences; Mathematics; Physics and Astronomy"
312;12991;"RAIRO - Operations Research";journal;"12903868, 03990559";"EDP Sciences";No;No;0,373;Q3;43;175;628;7805;1337;628;1,84;44,60;36,23;0;France;Western Europe;"EDP Sciences";"1977-1978, 1995-2026";"Computer Science Applications (Q3); Management Science and Operations Research (Q3); Theoretical Computer Science (Q3)";"Computer Science; Decision Sciences; Mathematics"
313;19700186711;"Decision Analysis";journal;"15458504, 15458490";"INFORMS Institute for Operations Research and the Management Sciences";No;No;0,372;Q3;34;18;55;701;83;51;1,33;38,94;13,89;0;United States;Northern America;"INFORMS Institute for Operations Research and the Management Sciences";"2006, 2010-2025";"Decision Sciences (miscellaneous) (Q3)";"Decision Sciences"
314;21101317532;"Frontiers in Behavioral Economics";journal;"28135296";"Frontiers Media SA";Yes;No;0,368;Q3;5;29;64;1558;80;58;1,27;53,72;31,75;0;Switzerland;Western Europe;"Frontiers Media SA";"2022-2026";"Decision Sciences (miscellaneous) (Q3); Economics and Econometrics (Q3); Organizational Behavior and Human Resource Management (Q3)";"Business, Management and Accounting; Decision Sciences; Economics, Econometrics and Finance"
315;22363;"Periodica Polytechnica Social and Management Sciences";journal;"14163837, 15873803";"Budapest University of Technology and Economics";Yes;No;0,367;Q3;18;18;54;994;97;54;2,22;55,22;68,29;0;Hungary;Eastern Europe;"Budapest University of Technology and Economics";"1999-2026";"Engineering (miscellaneous) (Q2); Social Sciences (miscellaneous) (Q2); Decision Sciences (miscellaneous) (Q3); Strategy and Management (Q3)";"Business, Management and Accounting; Decision Sciences; Engineering; Social Sciences"
316;21100385807;"International Journal of Emergency Services";journal;"20470908, 20470894";"Emerald Group Publishing Ltd.";No;No;0,362;Q3;22;33;81;1538;138;74;1,42;46,61;33,06;0;United Kingdom;Western Europe;"Emerald Group Publishing Ltd.";"2012-2026";"Safety Research (Q2); Management Science and Operations Research (Q3)";"Decision Sciences; Social Sciences"
317;21100838017;"Sankhya B";journal;"09768394, 09768386";"Springer India";No;No;0,362;Q3;16;51;95;1840;100;95;1,24;36,08;29,91;0;India;Asiatic Region;"Springer India";"2010-2026";"Applied Mathematics (Q3); Statistics and Probability (Q3); Statistics, Probability and Uncertainty (Q3)";"Decision Sciences; Mathematics"
318;23241;"International Journal of Game Theory";journal;"14321270, 00207276";"Springer Verlag";No;No;0,361;Q3;51;48;128;1300;76;128;0,61;27,08;18,18;0;Germany;Western Europe;"Springer Verlag";"1971, 1973-2026";"Mathematics (miscellaneous) (Q2); Social Sciences (miscellaneous) (Q2); Economics and Econometrics (Q3); Statistics and Probability (Q3); Statistics, Probability and Uncertainty (Q3)";"Decision Sciences; Economics, Econometrics and Finance; Mathematics; Social Sciences"
319;21101089371;"Law, Technology and Humans";journal;"26524074";"Queensland University of Technology";Yes;Yes;0,359;Q2;11;35;74;2562;134;73;1,96;73,20;54,76;0;Australia;Pacific Region;"Queensland University of Technology";"2019-2025";"Computer Science (miscellaneous) (Q2); Information Systems and Management (Q2); Law (Q2); Social Sciences (miscellaneous) (Q2); Artificial Intelligence (Q3); Biotechnology (Q3); Computer Networks and Communications (Q3)";"Biochemistry, Genetics and Molecular Biology; Computer Science; Decision Sciences; Social Sciences"
320;21100896490;"ETS Research Report Series";journal;"23308516";"John Wiley &amp; Sons Inc.";No;No;0,358;Q3;29;0;45;0;76;45;2,23;0,00;0,00;0;United States;Northern America;"John Wiley &amp; Sons Inc.";"1996-2014, 2018-2025";"Applied Psychology (Q3); Education (Q3); Social Psychology (Q3); Statistics, Probability and Uncertainty (Q3)";"Decision Sciences; Psychology; Social Sciences"
321;19700188202;"International Journal of Digital Accounting Research";journal;"15778517, 23405058";"Universidad de Huelva";No;No;0,355;Q2;20;4;18;234;62;18;3,27;58,50;42,86;0;Spain;Western Europe;"Universidad de Huelva";"2010-2025";"Information Systems and Management (Q2); Accounting (Q3); Finance (Q3)";"Business, Management and Accounting; Decision Sciences; Economics, Econometrics and Finance"
322;19700181204;"OPSEARCH";journal;"00303887, 09750320";"Springer India";No;No;0,355;Q3;37;269;271;12687;696;271;2,70;47,16;30,87;0;India;Asiatic Region;"Springer India";"1998-1999, 2009-2026";"Management Information Systems (Q2); Computer Science Applications (Q3); Information Systems (Q3); Management Science and Operations Research (Q3)";"Business, Management and Accounting; Computer Science; Decision Sciences"
323;21100936589;"Journal of ICT Standardization";journal;"2245800X, 22460853";"River Publishers";No;No;0,350;Q2;14;20;70;682;197;67;2,73;34,10;42,11;0;Denmark;Western Europe;"River Publishers";"2014-2025";"Information Systems and Management (Q2); Computer Networks and Communications (Q3); Computer Science Applications (Q3); Information Systems (Q3); Management of Technology and Innovation (Q3)";"Business, Management and Accounting; Computer Science; Decision Sciences"
324;14363;"INFOR";journal;"03155986, 19160615";"Taylor and Francis Ltd.";No;No;0,348;Q3;40;52;65;2732;170;50;2,98;52,54;35,56;0;Canada;Northern America;"Taylor and Francis Ltd.";"1971-1991, 1995-2026";"Computer Science Applications (Q3); Information Systems (Q3); Management Science and Operations Research (Q3); Signal Processing (Q3)";"Computer Science; Decision Sciences"
325;4500151542;"International Journal of Intelligent Information Technologies";journal;"15483665, 15483657";"IGI Publishing";No;No;0,346;Q3;23;24;54;952;110;54;2,60;39,67;47,76;0;United States;Northern America;"IGI Publishing";"2005-2026";"Decision Sciences (miscellaneous) (Q3); Information Systems (Q3)";"Computer Science; Decision Sciences"
326;27401;"Theory of Probability and its Applications";journal;"0040585X, 10957219";"Society for Industrial and Applied Mathematics Publications";No;No;0,344;Q3;37;40;153;803;72;151;0,59;20,08;26,42;0;United States;Northern America;"Society for Industrial and Applied Mathematics Publications";"1996-2025";"Statistics and Probability (Q3); Statistics, Probability and Uncertainty (Q3)";"Decision Sciences; Mathematics"
327;21101192898;"Journal of Soft Computing and Data Mining";journal;"2716621X";"Penerbit UTHM";No;No;0,343;Q2;14;56;68;2010;206;68;3,53;35,89;25,83;0;Malaysia;Asiatic Region;"Penerbit UTHM";"2020-2026";"Information Systems and Management (Q2); Artificial Intelligence (Q3); Software (Q3); Theoretical Computer Science (Q3)";"Computer Science; Decision Sciences; Mathematics"
328;21101056542;"International Journal of Operations Research and Information Systems";journal;"19479328, 19479336";"IGI Global Publishing";No;No;0,340;Q2;10;0;6;0;21;6;1,00;0,00;0,00;0;United States;Northern America;"IGI Global Publishing";"2010, 2019-2023";"Information Systems and Management (Q2); Computational Theory and Mathematics (Q3); Computer Networks and Communications (Q3); Computer Science Applications (Q3); Information Systems (Q3); Management Information Systems (Q3)";"Business, Management and Accounting; Computer Science; Decision Sciences"
329;19700173246;"Academia Revista Latinoamericana de Administracion";journal;"10128255, 20565127";"Emerald Publishing";No;No;0,339;Q3;26;45;96;2986;196;93;2,01;66,36;31,93;0;United Kingdom;Western Europe;"Emerald Publishing";"2008-2026";"Economics, Econometrics and Finance (miscellaneous) (Q2); Business and International Management (Q3); Education (Q3); Management Science and Operations Research (Q3); Organizational Behavior and Human Resource Management (Q3); Public Administration (Q3); Strategy and Management (Q3)";"Business, Management and Accounting; Decision Sciences; Economics, Econometrics and Finance; Social Sciences"
330;21100244225;"Competition and Regulation in Network Industries";journal;"23992956, 17835917";"SAGE Publications Inc.";No;No;0,335;Q3;16;0;38;0;73;37;1,76;0,00;0,00;0;United Kingdom;Western Europe;"SAGE Publications Inc.";"2013-2024";"Business, Management and Accounting (miscellaneous) (Q3); Management Science and Operations Research (Q3)";"Business, Management and Accounting; Decision Sciences"
331;21100838045;"Sankhya A";journal;"0976836X, 09768378";"Springer India";No;No;0,335;Q3;14;63;149;1641;84;147;0,55;26,05;20,20;0;India;Asiatic Region;"Springer India";"2010-2026";"Statistics and Probability (Q3); Statistics, Probability and Uncertainty (Q3)";"Decision Sciences; Mathematics"
332;21100943826;"Journal of Transport and Supply Chain Management";journal;"19955235, 23108789";"AOSIS (Pty) Ltd";Yes;No;0,330;Q2;14;25;95;1507;193;90;1,75;60,28;36,84;0;South Africa;Africa;"AOSIS (Pty) Ltd";"2018-2026";"Industrial and Manufacturing Engineering (Q2); Information Systems and Management (Q2); Management Information Systems (Q3); Management Science and Operations Research (Q3); Transportation (Q3)";"Business, Management and Accounting; Decision Sciences; Engineering; Social Sciences"
333;21101046369;"Brazilian Journal of Operations and Production Management";journal;"16798171, 22378960";"Associacao Brasileira de Engenharia de Producao";Yes;Yes;0,322;Q3;19;27;95;1418;195;94;2,43;52,52;33,33;0;Brazil;Latin America;"Associacao Brasileira de Engenharia de Producao";"2019-2025";"Computer Science Applications (Q3); Industrial and Manufacturing Engineering (Q3); Management of Technology and Innovation (Q3); Management Science and Operations Research (Q3); Strategy and Management (Q3)";"Business, Management and Accounting; Computer Science; Decision Sciences; Engineering"
334;21101071123;"Knowledge and Performance Management";journal;"26163829, 25435507";"LLC CPC Business Perspectives";Yes;No;0,320;Q2;10;30;43;1402;128;43;2,76;46,73;51,72;0;Ukraine;Eastern Europe;"LLC CPC Business Perspectives";"2019-2026";"Information Systems and Management (Q2); Law (Q2); Social Sciences (miscellaneous) (Q2); Business, Management and Accounting (miscellaneous) (Q3); Economics and Econometrics (Q3); Management of Technology and Innovation (Q3); Marketing (Q3); Organizational Behavior and Human Resource Management (Q3); Strategy and Management (Q3)";"Business, Management and Accounting; Decision Sciences; Economics, Econometrics and Finance; Social Sciences"
335;17400154833;"Journal of Transportation Security";journal;"19387741, 1938775X";"Springer New York";No;No;0,320;Q3;23;31;47;1418;112;47;2,29;45,74;29,09;0;United States;Northern America;"Springer New York";"2008-2026";"Law (Q2); Political Science and International Relations (Q2); Sociology and Political Science (Q2); Management Science and Operations Research (Q3); Safety Research (Q3); Transportation (Q3)";"Decision Sciences; Social Sciences"
336;21100202502;"International Journal of Mathematics in Operational Research";journal;"17575850, 17575869";"Inderscience";Yes;No;0,317;Q3;33;60;220;2183;324;220;1,53;36,38;31,87;0;Switzerland;Western Europe;"Inderscience";"2009-2026";"Decision Sciences (miscellaneous) (Q3); Modeling and Simulation (Q3)";"Decision Sciences; Mathematics"
337;21100894851;"International Journal of Supply and Operations Management";journal;"23831359, 23832525";"Kharazmi University";Yes;No;0,315;Q2;16;21;84;1309;177;84;1,95;62,33;20,37;0;Iran;Middle East;"Kharazmi University";"2018-2025";"Information Systems and Management (Q2); Civil and Structural Engineering (Q3); Management Information Systems (Q3); Management Science and Operations Research (Q3); Transportation (Q3)";"Business, Management and Accounting; Decision Sciences; Engineering; Social Sciences"
338;19400158510;"Logistics Research";journal;"18650368, 1865035X";"Emerald Publishing";Yes;Yes;0,311;Q3;31;5;30;283;56;30;1,95;56,60;22,22;0;Germany;Western Europe;"Emerald Publishing";"2009-2025";"Computer Science Applications (Q3); Control and Systems Engineering (Q3); Information Systems (Q3); Management Information Systems (Q3); Management Science and Operations Research (Q3)";"Business, Management and Accounting; Computer Science; Decision Sciences; Engineering"
339;21100828753;"Journal of Business Cycle Research";journal;"25097970, 25097962";"Springer International Publishing AG";No;No;0,308;Q3;11;13;44;470;57;43;1,37;36,15;30,43;0;Switzerland;Western Europe;"Springer International Publishing AG";"2016-2026";"Business and International Management (Q3); Economics and Econometrics (Q3); Finance (Q3); Statistics, Probability and Uncertainty (Q3)";"Business, Management and Accounting; Decision Sciences; Economics, Econometrics and Finance"
340;19700170105;"Problems and Perspectives in Management";journal;"17277051, 18105467";"LLC CPC Business Perspectives";Yes;No;0,306;Q2;40;225;637;11352;1428;637;2,42;50,45;50,15;0;Ukraine;Eastern Europe;"LLC CPC Business Perspectives";"2003-2026";"Information Systems and Management (Q2); Law (Q2); Social Sciences (miscellaneous) (Q2); Sociology and Political Science (Q2); Business and International Management (Q3); Business, Management and Accounting (miscellaneous) (Q3); Public Administration (Q3); Strategy and Management (Q3)";"Business, Management and Accounting; Decision Sciences; Social Sciences"
341;21100896465;"International Journal of Customer Relationship Marketing and Management";journal;"19479247, 19479255";"IGI Global Publishing";No;No;0,304;Q2;11;16;27;1090;56;27;1,93;68,13;50,00;0;United States;Northern America;"IGI Global Publishing";"2018-2025";"Information Systems and Management (Q2); Business and International Management (Q3); Information Systems (Q3); Management Information Systems (Q3); Marketing (Q3)";"Business, Management and Accounting; Computer Science; Decision Sciences"
342;21100913325;"Logforum";journal;"1734459X, 18952038";"Poznan School of Logistics";Yes;No;0,304;Q2;20;42;123;1980;233;123;1,84;47,14;41,67;0;Poland;Eastern Europe;"Poznan School of Logistics";"2019-2026";"Information Systems and Management (Q2); Management Information Systems (Q3); Management Science and Operations Research (Q3)";"Business, Management and Accounting; Decision Sciences"
343;21100775412;"Foresight and STI Governance";journal;"23129972, 25002597";"National Research University Higher School of Economics (HSE University)";Yes;Yes;0,304;Q3;31;30;87;1677;142;86;1,63;55,90;33,78;0;Russian Federation;Eastern Europe;"National Research University Higher School of Economics (HSE University)";"2015-2025";"Economics, Econometrics and Finance (miscellaneous) (Q2); History and Philosophy of Science (Q2); Social Sciences (miscellaneous) (Q2); Business and International Management (Q3); Business, Management and Accounting (miscellaneous) (Q3); Decision Sciences (miscellaneous) (Q3); Development (Q3); Management of Technology and Innovation (Q3); Statistics, Probability and Uncertainty (Q3); Strategy and Management (Q3)";"Arts and Humanities; Business, Management and Accounting; Decision Sciences; Economics, Econometrics and Finance; Social Sciences"
344;19700187506;"International Journal of Shipping and Transport Logistics";journal;"17566517, 17566525";"Inderscience Enterprises Ltd";No;No;0,304;Q3;33;41;123;2296;208;122;1,70;56,00;33,87;0;United Kingdom;Western Europe;"Inderscience Enterprises Ltd";"2009-2026";"Business and International Management (Q3); Management of Technology and Innovation (Q3); Management Science and Operations Research (Q3); Transportation (Q3)";"Business, Management and Accounting; Decision Sciences; Social Sciences"
345;21101289967;"Big Data and Computing Visions";journal;"2821014X, 27834956";"Research Expansion Alliance (REA)";No;No;0,303;Q2;9;25;71;933;142;71;2,50;37,32;29,09;0;Serbia;Eastern Europe;"Research Expansion Alliance (REA)";"2021-2025";"Information Systems and Management (Q2); Computer Networks and Communications (Q3); Computer Science Applications (Q3); Management Information Systems (Q3)";"Business, Management and Accounting; Computer Science; Decision Sciences"
346;21101050920;"Business, Management and Economics Engineering";journal;"2669249X, 26692481";"Vilnius Gediminas Technical University";Yes;No;0,303;Q3;14;21;57;1229;117;57;2,08;58,52;54,39;0;Lithuania;Eastern Europe;"Vilnius Gediminas Technical University";"2021-2026";"Economics, Econometrics and Finance (miscellaneous) (Q2); Business and International Management (Q3); Development (Q3); Management of Technology and Innovation (Q3); Management Science and Operations Research (Q3); Strategy and Management (Q3)";"Business, Management and Accounting; Decision Sciences; Economics, Econometrics and Finance; Social Sciences"
347;21100255064;"Mendel";journal;"25713701, 18033814";"Brno University of Technology";Yes;No;0,303;Q3;16;0;59;0;101;59;1,28;0,00;0,00;0;Czech Republic;Eastern Europe;"Brno University of Technology";"2005-2007, 2009-2024";"Artificial Intelligence (Q3); Computational Mathematics (Q3); Computer Science (miscellaneous) (Q3); Control and Systems Engineering (Q3); Decision Sciences (miscellaneous) (Q3); Theoretical Computer Science (Q4)";"Computer Science; Decision Sciences; Engineering; Mathematics"
348;21101206092;"Journal of Applied Research on Industrial Engineering";journal;"26766167, 25385100";"Research Expansion Alliance (REA)";Yes;Yes;0,302;Q2;13;40;120;1865;230;120;2,13;46,63;24,72;0;Serbia;Eastern Europe;"Research Expansion Alliance (REA)";"2021-2025";"Information Systems and Management (Q2); Control and Systems Engineering (Q3); Industrial and Manufacturing Engineering (Q3); Management Science and Operations Research (Q3)";"Decision Sciences; Engineering"
349;21101045277;"LOGI - Scientific Journal on Transport and Logistics";journal;"23363037";"";Yes;No;0,302;Q3;10;18;70;477;108;70;1,54;26,50;34,88;0;Poland;Eastern Europe;"";"2019-2026";"Automotive Engineering (Q3); Business and International Management (Q3); Civil and Structural Engineering (Q3); Management of Technology and Innovation (Q3); Management Science and Operations Research (Q3); Transportation (Q3)";"Business, Management and Accounting; Decision Sciences; Engineering; Social Sciences"
350;21100209308;"Theory of Probability and Mathematical Statistics";journal;"00949000, 15477363";"American Mathematical Society";No;No;0,302;Q3;16;25;62;553;34;58;0,58;22,12;15,38;0;United States;Northern America;"American Mathematical Society";"2004-2025";"Statistics and Probability (Q3); Statistics, Probability and Uncertainty (Q3)";"Decision Sciences; Mathematics"
351;21100199555;"eCrime Researchers Summit, eCrime";conference and proceedings;"21591245, 21591237";"IEEE Computer Society";No;No;0,302;-;23;0;39;0;55;35;1,07;0,00;0,00;0;United States;Northern America;"IEEE Computer Society";"2011-2024";"Computer Networks and Communications; Computer Science Applications; Information Systems; Information Systems and Management";"Computer Science; Decision Sciences"
352;19700201511;"Interdisciplinary Journal of Information, Knowledge, and Management";journal;"15551237, 15551229";"Informing Science Institute";Yes;No;0,299;Q2;34;38;96;2227;209;96;2,28;58,61;48,75;0;United States;Northern America;"Informing Science Institute";"2006-2025";"Information Systems and Management (Q2); Computer Science (miscellaneous) (Q3)";"Computer Science; Decision Sciences"
353;21100206205;"IEEE Global Engineering Education Conference, EDUCON";conference and proceedings;"21659559, 21659567";"IEEE Computer Society";No;No;0,299;-;42;367;868;9445;1367;862;1,84;25,74;38,86;0;United States;Northern America;"IEEE Computer Society";"2012-2025";"Education; Engineering (miscellaneous); Information Systems and Management";"Decision Sciences; Engineering; Social Sciences"
354;21101220023;"Proceedings - IEEE International Conference on Semantic Computing, ICSC";conference and proceedings;"23256516, 24729671";"Institute of Electrical and Electronics Engineers Inc.";No;No;0,298;-;7;50;61;1178;108;58;1,77;23,56;23,20;0;United States;Northern America;"Institute of Electrical and Electronics Engineers Inc.";"2024-2025";"Artificial Intelligence; Computer Networks and Communications; Human-Computer Interaction; Information Systems and Management";"Computer Science; Decision Sciences"
355;28426;"Australian and New Zealand Journal of Statistics";journal;"1467842X, 13691473";"Wiley-Blackwell Publishing Ltd";No;No;0,297;Q3;49;29;63;1180;48;63;0,41;40,69;34,85;0;United Kingdom;Western Europe;"Wiley-Blackwell Publishing Ltd";"1998-2026";"Statistics and Probability (Q3); Statistics, Probability and Uncertainty (Q3)";"Decision Sciences; Mathematics"
356;21101079124;"Journal of Integrated Disaster Risk Management";journal;"21858322";"IDRiM Society";No;No;0,297;Q3;7;28;53;1656;85;52;1,67;59,14;50,00;0;Japan;Asiatic Region;"IDRiM Society";"2019-2026";"Emergency Medicine (Q2); Urban Studies (Q2); Business, Management and Accounting (miscellaneous) (Q3); Management, Monitoring, Policy and Law (Q3); Management Science and Operations Research (Q3); Safety Research (Q3); Safety, Risk, Reliability and Quality (Q3); Social Psychology (Q3); Global and Planetary Change (Q4)";"Business, Management and Accounting; Decision Sciences; Engineering; Environmental Science; Medicine; Psychology; Social Sciences"
357;23830;"Vikalpa";journal;"23953799, 02560909";"SAGE Publications Ltd";Yes;Yes;0,297;Q3;39;26;63;1571;97;49;1,56;60,42;65,85;0;India;Asiatic Region;"SAGE Publications Ltd";"1981-1982, 1984, 1986, 1994, 1996-2026";"Business, Management and Accounting (miscellaneous) (Q3); Decision Sciences (miscellaneous) (Q3)";"Business, Management and Accounting; Decision Sciences"
358;21100901061;"Sao Paulo Journal of Mathematical Sciences";journal;"19826907, 23169028";"Springer Nature";Yes;Yes;0,293;Q3;13;42;233;1146;156;229;0,71;27,29;21,95;0;Switzerland;Western Europe;"Springer Nature";"2015-2026";"Computational Theory and Mathematics (Q3); Mathematics (miscellaneous) (Q3); Statistics, Probability and Uncertainty (Q3)";"Computer Science; Decision Sciences; Mathematics"
359;6000194782;"Games";journal;"20734336";"Multidisciplinary Digital Publishing Institute (MDPI)";Yes;No;0,290;Q3;27;66;202;2295;153;195;0,87;34,77;25,34;1;Switzerland;Western Europe;"Multidisciplinary Digital Publishing Institute (MDPI)";"2010-2025";"Applied Mathematics (Q3); Statistics and Probability (Q3); Statistics, Probability and Uncertainty (Q3)";"Decision Sciences; Mathematics"
360;21100464776;"Statistics, Optimization and Information Computing";journal;"23105070, 2311004X";"International Academic Press";Yes;No;0,288;Q3;24;396;269;14698;450;269;1,63;37,12;31,33;0;Hong Kong;Asiatic Region;"International Academic Press";"2013-2026";"Artificial Intelligence (Q3); Computer Vision and Pattern Recognition (Q3); Control and Optimization (Q3); Information Systems (Q3); Signal Processing (Q3); Statistics and Probability (Q3); Statistics, Probability and Uncertainty (Q3)";"Computer Science; Decision Sciences; Mathematics"
361;21101133222;"Queueing Models and Service Management";journal;"26162687, 26162679";"Kaoyian Press";No;No;0,286;Q3;7;9;19;382;16;19;1,17;42,44;28,57;0;Taiwan;Asiatic Region;"Kaoyian Press";"2018-2025";"Applied Mathematics (Q3); Management Science and Operations Research (Q3); Modeling and Simulation (Q3); Statistics, Probability and Uncertainty (Q3)";"Decision Sciences; Mathematics"
362;21100826286;"Fuzzy Information and Engineering";journal;"16168658, 16168666";"Tsinghua University Press";Yes;Yes;0,285;Q3;29;23;70;935;117;70;1,30;40,65;20,37;0;United Kingdom;Western Europe;"Tsinghua University Press";"2011, 2014-2025";"Applied Mathematics (Q3); Artificial Intelligence (Q3); Control and Systems Engineering (Q3); Industrial and Manufacturing Engineering (Q3); Information Systems (Q3); Logic (Q3); Management Science and Operations Research (Q3); Theoretical Computer Science (Q4)";"Computer Science; Decision Sciences; Engineering; Mathematics"
363;21101061990;"Journal of Applied Structural Equation Modeling";journal;"25904221";"Sarawak Research Society";Yes;Yes;0,285;Q3;16;10;30;931;81;29;3,55;93,10;26,32;0;Malaysia;Asiatic Region;"Sarawak Research Society";"2017-2025";"Business, Management and Accounting (miscellaneous) (Q3); Management Science and Operations Research (Q3); Statistics, Probability and Uncertainty (Q3)";"Business, Management and Accounting; Decision Sciences"
364;17500155101;"Lecture Notes in Business Information Processing";book series;"18651356, 18651348";"Springer Science and Business Media Deutschland GmbH";No;No;0,283;Q2;69;698;2000;18517;2415;1726;1,09;26,53;35,89;0;Germany;Western Europe;"Springer Science and Business Media Deutschland GmbH";"2008-2026";"Information Systems and Management (Q2); Business and International Management (Q3); Control and Systems Engineering (Q3); Information Systems (Q3); Management Information Systems (Q3); Modeling and Simulation (Q3)";"Business, Management and Accounting; Computer Science; Decision Sciences; Engineering; Mathematics"
365;21101033322;"International Journal on Informatics Visualization";journal;"25499904";"Politeknik Negeri Padang";Yes;Yes;0,279;Q2;24;299;620;12636;1285;620;1,91;42,26;36,48;0;Indonesia;Asiatic Region;"Politeknik Negeri Padang";"2017-2026";"Information Systems and Management (Q2); Computer Science (miscellaneous) (Q3); Statistics, Probability and Uncertainty (Q3)";"Computer Science; Decision Sciences"
366;14500154708;"Statistical Journal of the IAOS";journal;"18747655";"SAGE Publications Ltd";No;No;0,278;Q3;25;105;280;3304;200;252;0,54;31,47;47,18;6;United Kingdom;Western Europe;"SAGE Publications Ltd";"2007-2009, 2011-2026";"Economics and Econometrics (Q3); Management Information Systems (Q3); Statistics, Probability and Uncertainty (Q3)";"Business, Management and Accounting; Decision Sciences; Economics, Econometrics and Finance"
367;21100199308;"Journal of Applied Analysis";journal;"18696082, 14256908";"Walter de Gruyter GmbH";No;No;0,277;Q3;19;55;97;1522;84;97;0,97;27,67;21,70;0;Germany;Western Europe;"Walter de Gruyter GmbH";"1995-2026";"Applied Mathematics (Q3); Computational Theory and Mathematics (Q3); Mathematical Physics (Q3); Statistics, Probability and Uncertainty (Q3)";"Computer Science; Decision Sciences; Mathematics"
368;144884;"WSEAS Transactions on Mathematics";journal;"11092769, 22242880";"World Scientific and Engineering Academy and Society";No;No;0,276;Q3;26;72;317;1890;345;317;0,83;26,25;31,58;0;Greece;Western Europe;"World Scientific and Engineering Academy and Society";"2005-2014, 2017-2026";"Algebra and Number Theory (Q3); Applied Mathematics (Q3); Computational Mathematics (Q3); Control and Optimization (Q3); Discrete Mathematics and Combinatorics (Q3); Management Science and Operations Research (Q3); Statistics and Probability (Q3); Endocrinology, Diabetes and Metabolism (Q4)";"Decision Sciences; Mathematics; Medicine"
369;21101073268;"Journal of Industrial Engineering and Engineering Management";journal;"10046062";"Zhejiang University";No;No;0,274;Q2;13;118;369;5101;373;369;0,99;43,23;36,88;0;China;Asiatic Region;"Zhejiang University";"2019-2026";"Information Systems and Management (Q2); Accounting (Q3); Business and International Management (Q3); Management of Technology and Innovation (Q3); Management Science and Operations Research (Q3); Organizational Behavior and Human Resource Management (Q3); Strategy and Management (Q3)";"Business, Management and Accounting; Decision Sciences"
370;19900193685;"International Journal of Knowledge-Based and Intelligent Engineering Systems";journal;"13272314, 18758827";"SAGE Publications Ltd";No;No;0,273;Q3;26;29;97;1678;167;97;1,95;57,86;29,58;0;United Kingdom;Western Europe;"SAGE Publications Ltd";"2004-2025";"Artificial Intelligence (Q3); Control and Systems Engineering (Q3); Software (Q3); Statistics and Probability (Q3); Statistics, Probability and Uncertainty (Q3)";"Computer Science; Decision Sciences; Engineering; Mathematics"
371;23110;"Asia-Pacific Journal of Operational Research";journal;"02175959, 17937019";"World Scientific Publishing Co. Pte Ltd";No;No;0,272;Q3;41;97;206;3491;252;202;1,34;35,99;39,79;0;Singapore;Asiatic Region;"World Scientific Publishing Co. Pte Ltd";"1991, 1996-2026";"Management Science and Operations Research (Q3)";"Decision Sciences"
372;21100858348;"Croatian Operational Research Review";journal;"18480225, 18489931";"Croatian Operational Research Society";Yes;Yes;0,271;Q3;12;16;49;425;61;49;1,41;26,56;56,25;0;Croatia;Eastern Europe;"Croatian Operational Research Society";"2017-2026";"Applied Mathematics (Q3); Economics and Econometrics (Q3); Management Science and Operations Research (Q3); Statistics, Probability and Uncertainty (Q3); Statistics and Probability (Q4)";"Decision Sciences; Economics, Econometrics and Finance; Mathematics"
373;21100836589;"International Journal of Business Environment";journal;"17400589, 17400597";"Inderscience Enterprises Ltd";No;No;0,270;Q3;13;21;61;1950;100;61;1,76;92,86;33,90;0;United Kingdom;Western Europe;"Inderscience Enterprises Ltd";"2017-2026";"Business and International Management (Q3); Management of Technology and Innovation (Q3); Management Science and Operations Research (Q3); Strategy and Management (Q3)";"Business, Management and Accounting; Decision Sciences"
374;21101260450;"Proceedings of the IEEE International Conference on Web Services, ICWS";journal;"28363868, 28363876";"Institute of Electrical and Electronics Engineers Inc.";No;No;0,270;Q3;6;132;177;4031;242;167;1,37;30,54;28,57;0;United States;Northern America;"Institute of Electrical and Electronics Engineers Inc.";"2024-2025";"Artificial Intelligence (Q3); Computer Networks and Communications (Q3); Computer Science Applications (Q3); Information Systems (Q3); Information Systems and Management (Q3)";"Computer Science; Decision Sciences"
375;21101339666;"Research in Statistics";journal;"27684520";"Taylor and Francis Ltd.";Yes;No;0,269;Q3;4;31;40;1058;59;39;1,48;34,13;23,94;0;United Kingdom;Western Europe;"Taylor and Francis Ltd.";"2023-2025";"Statistics, Probability and Uncertainty (Q3); Statistics and Probability (Q4)";"Decision Sciences; Mathematics"
376;4700152236;"International Journal of Globalisation and Small Business";journal;"14793059, 14793067";"Inderscience Enterprises Ltd";No;No;0,267;Q3;25;15;37;1191;54;37;1,07;79,40;69,44;0;United Kingdom;Western Europe;"Inderscience Enterprises Ltd";"2004-2025";"Business and International Management (Q3); Information Systems and Management (Q3); Management Science and Operations Research (Q3)";"Business, Management and Accounting; Decision Sciences"
377;21100890652;"British Actuarial Journal";journal;"13573217, 20440456";"Cambridge University Press";No;No;0,266;Q3;9;30;56;906;33;40;0,73;30,20;25,00;0;United Kingdom;Western Europe;"Cambridge University Press";"2018-2026";"Economics and Econometrics (Q3); Statistics, Probability and Uncertainty (Q3); Statistics and Probability (Q4)";"Decision Sciences; Economics, Econometrics and Finance; Mathematics"
378;21101089574;"Revista de Administracao Contemporanea";journal;"19827849, 14156555";"Associacao Nacional de Pos-Graduacao e Pesquisa em Administracao";Yes;Yes;0,266;Q3;13;44;142;2482;172;121;0,70;56,41;38,96;0;Brazil;Latin America;"Associacao Nacional de Pos-Graduacao e Pesquisa em Administracao";"2016, 2019-2026";"Business, Management and Accounting (miscellaneous) (Q3); Management Science and Operations Research (Q3); Public Administration (Q3)";"Business, Management and Accounting; Decision Sciences; Social Sciences"
379;21100803316;"Valori e Valutazioni";journal;"20362404";"Societa Italiana di Estimo e Valutazione (SIEV)";Yes;No;0,266;Q3;17;34;67;1515;77;60;1,16;44,56;54,55;0;Italy;Western Europe;"Societa Italiana di Estimo e Valutazione (SIEV)";"2016-2025";"Law (Q2); Decision Sciences (miscellaneous) (Q3); Finance (Q3); Strategy and Management (Q3)";"Business, Management and Accounting; Decision Sciences; Economics, Econometrics and Finance; Social Sciences"
380;19900191855;"Advances in Operations Research";journal;"16879155, 16879147";"John Wiley and Sons Ltd";Yes;No;0,265;Q3;22;0;19;0;31;19;1,63;0,00;0,00;0;United States;Northern America;"John Wiley and Sons Ltd";"2009-2024";"Management Science and Operations Research (Q3)";"Decision Sciences"
381;21100444451;"Austrian Journal of Statistics";journal;"27914852, 1026597X";"Austrian Statistical Society";Yes;Yes;0,265;Q3;17;42;111;1405;108;111;0,84;33,45;29,76;0;Austria;Western Europe;"Austrian Statistical Society";"2014-2026";"Applied Mathematics (Q3); Statistics, Probability and Uncertainty (Q3); Statistics and Probability (Q4)";"Decision Sciences; Mathematics"
382;21100896926;"Creativity";journal;"23540036";"Sciendo";Yes;No;0,265;Q3;12;14;39;964;38;39;0,83;68,86;57,14;0;Poland;Eastern Europe;"Sciendo";"2018-2026";"Visual Arts and Performing Arts (Q1); Arts and Humanities (miscellaneous) (Q2); Education (Q3); Statistics, Probability and Uncertainty (Q3); Social Psychology (Q4)";"Arts and Humanities; Decision Sciences; Psychology; Social Sciences"
383;7900153109;"Production";journal;"19805411, 01036513";"Associacao Brasileira de Engenharia de Producao";Yes;Yes;0,264;Q3;28;25;98;1475;161;98;1,39;59,00;34,25;0;Brazil;Latin America;"Associacao Brasileira de Engenharia de Producao";"2007-2026";"Business and International Management (Q3); Industrial and Manufacturing Engineering (Q3); Industrial Relations (Q3); Management Science and Operations Research (Q3)";"Business, Management and Accounting; Decision Sciences; Engineering"
384;21101021407;"Operations Research and Decisions";journal;"23916060, 20818858";"Wroclaw University of Science and Technology";Yes;Yes;0,261;Q3;9;24;116;932;180;116;1,75;38,83;31,25;0;Poland;Eastern Europe;"Wroclaw University of Science and Technology";"2019-2025";"Management of Technology and Innovation (Q3); Management Science and Operations Research (Q3); Modeling and Simulation (Q3); Statistics, Probability and Uncertainty (Q3); Statistics and Probability (Q4)";"Business, Management and Accounting; Decision Sciences; Mathematics"
385;21101301814;"Business Ethics and Leadership";journal;"25206311, 25206761";"Academic Research and Publishing UG";Yes;No;0,260;Q3;14;76;156;3740;345;156;2,50;49,21;47,83;0;Germany;Western Europe;"Academic Research and Publishing UG";"2019-2025";"Gender Studies (Q2); Law (Q2); Business, Management and Accounting (miscellaneous) (Q3); Decision Sciences (miscellaneous) (Q3); Issues, Ethics and Legal Aspects (Q3); Organizational Behavior and Human Resource Management (Q3); Social Sciences (miscellaneous) (Q3); Sociology and Political Science (Q3)";"Business, Management and Accounting; Decision Sciences; Nursing; Social Sciences"
386;12100154510;"International Journal of Enterprise Information Systems";journal;"15481115, 15481123";"IGI Publishing";No;No;0,260;Q3;32;2;6;112;15;6;2,50;56,00;33,33;0;United States;Northern America;"IGI Publishing";"2005-2023, 2025-2026";"Computer Science Applications (Q3); Information Systems and Management (Q3); Management Information Systems (Q3)";"Business, Management and Accounting; Computer Science; Decision Sciences"
387;19400157135;"International Journal of Knowledge Management Studies";journal;"17438276, 17438268";"Inderscience Enterprises Ltd";No;No;0,259;Q3;18;20;60;1478;109;60;1,57;73,90;26,19;0;United Kingdom;Western Europe;"Inderscience Enterprises Ltd";"2006-2012, 2014-2025";"Computer Science Applications (Q3); Information Systems and Management (Q3); Management Information Systems (Q3); Management of Technology and Innovation (Q3)";"Business, Management and Accounting; Computer Science; Decision Sciences"
388;21101055969;"Sinergie";journal;"03935108";"Fondazione Cueim";Yes;No;0,259;Q3;13;29;100;2393;128;96;1,06;82,52;56,44;0;Italy;Western Europe;"Fondazione Cueim";"2019-2026";"Business, Management and Accounting (miscellaneous) (Q3); Management Science and Operations Research (Q3)";"Business, Management and Accounting; Decision Sciences"
389;21101325689;"Journal of Intercollegiate Sport";journal;"19416342, 1941417X";"University of Kansas";Yes;No;0,258;Q3;6;21;47;1375;40;46;0,89;65,48;63,38;0;United States;Northern America;"University of Kansas";"2016, 2021-2026";"Decision Sciences (miscellaneous) (Q3); Health (social science) (Q3); Organizational Behavior and Human Resource Management (Q3)";"Business, Management and Accounting; Decision Sciences; Social Sciences"
390;21100831441;"TEM Journal";journal;"22178309, 22178333";"UIKTEN - Association for Information Communication Technology Education and Science";Yes;No;0,258;Q3;31;327;863;13268;1410;863;1,76;40,57;43,76;0;Serbia;Eastern Europe;"UIKTEN - Association for Information Communication Technology Education and Science";"2017-2025";"Computer Science (miscellaneous) (Q3); Education (Q3); Information Systems (Q3); Information Systems and Management (Q3); Management of Technology and Innovation (Q3); Strategy and Management (Q3)";"Business, Management and Accounting; Computer Science; Decision Sciences; Social Sciences"
391;21100211724;"Intelligent Decision Technologies";journal;"18724981, 18758843";"SAGE Publications Ltd";No;No;0,257;Q4;22;273;348;9705;573;340;1,76;35,55;41,22;0;United Kingdom;Western Europe;"SAGE Publications Ltd";"1986, 2007-2026";"Artificial Intelligence (Q3); Computer Vision and Pattern Recognition (Q3); Software (Q3); Human-Computer Interaction (Q4); Statistics and Probability (Q4); Statistics, Probability and Uncertainty (Q4)";"Computer Science; Decision Sciences; Mathematics"
392;21100830705;"Journal of Information Technology Management";journal;"20085893, 24235059";"University of Tehran";Yes;Yes;0,256;Q3;22;52;179;2511;382;178;2,02;48,29;38,73;0;Iran;Middle East;"University of Tehran";"2017-2025";"Information Systems (Q3); Information Systems and Management (Q3); Management of Technology and Innovation (Q3)";"Business, Management and Accounting; Computer Science; Decision Sciences"
393;21100892891;"Applied Marketing Analytics";journal;"20547544, 20547552";"Henry Stewart Publications";No;No;0,256;Q4;8;33;114;931;90;101;0,85;28,21;22,73;0;United Kingdom;Western Europe;"Henry Stewart Publications";"2018-2025";"Marketing (Q3); Strategy and Management (Q3); Statistics, Probability and Uncertainty (Q4)";"Business, Management and Accounting; Decision Sciences"
394;21100855735;"Communications for Statistical Applications and Methods";journal;"22877843, 23834757";"Korean Statistical Society";Yes;No;0,256;Q4;15;43;135;1139;119;135;1,10;26,49;30,49;0;South Korea;Asiatic Region;"Korean Statistical Society";"2015, 2017-2025";"Applied Mathematics (Q3); Finance (Q3); Modeling and Simulation (Q3); Statistics and Probability (Q4); Statistics, Probability and Uncertainty (Q4)";"Decision Sciences; Economics, Econometrics and Finance; Mathematics"
395;21100314709;"Decision Science Letters";journal;"19295804, 19295812";"Growing Science";Yes;Yes;0,255;Q3;35;87;190;3968;327;189;1,50;45,61;32,18;0;Canada;Northern America;"Growing Science";"2012-2026";"Decision Sciences (miscellaneous) (Q3)";"Decision Sciences"
396;21101210382;"Journal of Transportation Engineering and Information";journal;"16724747";"Southwest Jiaotong University";No;No;0,255;Q3;10;59;160;2331;216;160;1,28;39,51;36,67;0;China;Asiatic Region;"Southwest Jiaotong University";"2019-2026";"Artificial Intelligence (Q3); Civil and Structural Engineering (Q3); Management Science and Operations Research (Q3); Transportation (Q4)";"Computer Science; Decision Sciences; Engineering; Social Sciences"
397;21100200410;"Mathematical Methods of Statistics";journal;"19348045, 10665307";"Pleiades Publishing";No;No;0,255;Q4;18;24;47;691;32;47;0,56;28,79;20,00;0;United States;Northern America;"Pleiades Publishing";"2007-2025";"Statistics and Probability (Q4); Statistics, Probability and Uncertainty (Q4)";"Decision Sciences; Mathematics"
398;21101121177;"Journal of Defense Analytics and Logistics";journal;"23996439, 23996447";"Emerald Publishing";Yes;Yes;0,254;Q3;9;7;25;333;46;25;2,24;47,57;8,70;0;United Kingdom;Western Europe;"Emerald Publishing";"2017-2025";"Decision Sciences (miscellaneous) (Q3); Information Systems and Management (Q3); Management Science and Operations Research (Q3); Statistics, Probability and Uncertainty (Q4)";"Decision Sciences"
399;21100285029;"International Journal of Information and Decision Sciences";journal;"17567017, 17567025";"Inderscience";No;No;0,253;Q3;19;20;61;920;58;61;1,05;46,00;28,89;0;Switzerland;Western Europe;"Inderscience";"2008-2025";"Computer Science Applications (Q3); Information Systems and Management (Q3); Management of Technology and Innovation (Q3); Strategy and Management (Q3)";"Business, Management and Accounting; Computer Science; Decision Sciences"
400;6400153175;"International Journal of Services Operations and Informatics";journal;"1741539X, 17415403";"Inderscience Enterprises Ltd";No;No;0,251;Q3;17;0;22;0;37;22;1,38;0,00;0,00;0;United Kingdom;Western Europe;"Inderscience Enterprises Ltd";"2006-2013, 2016-2024";"Computer Science Applications (Q3); Information Systems (Q3); Management Information Systems (Q3); Management Science and Operations Research (Q3)";"Business, Management and Accounting; Computer Science; Decision Sciences"
401;21100457058;"Management and Production Engineering Review";journal;"20821344, 20808208";"Polska Akademia Nauk";Yes;No;0,250;Q4;28;55;146;2194;192;146;1,14;39,89;34,52;0;Poland;Eastern Europe;"Polska Akademia Nauk";"2012-2013, 2015-2025";"Business and International Management (Q3); Industrial and Manufacturing Engineering (Q3); Management of Technology and Innovation (Q3); Organizational Behavior and Human Resource Management (Q3); Management Science and Operations Research (Q4)";"Business, Management and Accounting; Decision Sciences; Engineering"
402;25057;"Mathematical Social Sciences";journal;"01654896";"Elsevier B.V.";No;No;0,249;Q4;46;63;173;1782;120;173;0,71;28,29;20,00;0;Netherlands;Western Europe;"Elsevier B.V.";"1980-2026";"Psychology (miscellaneous) (Q3); Social Sciences (miscellaneous) (Q3); Sociology and Political Science (Q3); Statistics, Probability and Uncertainty (Q4)";"Decision Sciences; Psychology; Social Sciences"
403;17700156204;"International Journal of Applied Decision Sciences";journal;"17558085, 17558077";"Inderscience Enterprises Ltd";No;No;0,248;Q3;23;33;99;1817;128;99;1,17;55,06;37,11;0;United Kingdom;Western Europe;"Inderscience Enterprises Ltd";"2008-2026";"Economics and Econometrics (Q3); Information Systems and Management (Q3); Strategy and Management (Q3); Management Science and Operations Research (Q4)";"Business, Management and Accounting; Decision Sciences; Economics, Econometrics and Finance"
404;21100901206;"IAES International Journal of Artificial Intelligence";journal;"20894872, 22528938";"Institute of Advanced Engineering and Science";Yes;No;0,247;Q3;33;448;859;15352;1450;859;1,64;34,27;36,21;0;Indonesia;Asiatic Region;"Institute of Advanced Engineering and Science";"2018-2025";"Artificial Intelligence (Q3); Control and Systems Engineering (Q3); Electrical and Electronic Engineering (Q3); Information Systems and Management (Q3)";"Computer Science; Decision Sciences; Engineering"
405;88934;"Journal of Cases on Information Technology";journal;"15487717, 15487725";"IGI Publishing";No;No;0,246;Q3;24;64;90;1987;142;90;2,02;31,05;49,59;0;United States;Northern America;"IGI Publishing";"2005-2026";"Information Systems (Q3); Information Systems and Management (Q3); Strategy and Management (Q3); Computer Science Applications (Q4)";"Business, Management and Accounting; Computer Science; Decision Sciences"
406;21100830763;"Journal of Information Science Theory and Practice";journal;"22879099, 22874577";"Korea Institute of Science and Technology Information";Yes;Yes;0,245;Q3;13;13;87;621;106;87;1,40;47,77;40,00;0;South Korea;Asiatic Region;"Korea Institute of Science and Technology Information";"2017-2025";"Information Systems (Q3); Information Systems and Management (Q3); Library and Information Sciences (Q3)";"Computer Science; Decision Sciences; Social Sciences"
407;21101257844;"International Journal of Research in Industrial Engineering";journal;"27831337, 27172937";"";Yes;Yes;0,243;Q3;6;40;56;1838;88;56;1,57;45,95;33,01;0;Iran;Middle East;"";"2023-2026";"Industrial and Manufacturing Engineering (Q3); Information Systems and Management (Q3); Management Science and Operations Research (Q4); Statistics, Probability and Uncertainty (Q4)";"Decision Sciences; Engineering"
408;21100327708;"Journal of Intelligence Studies in Business";journal;"2001015X";"Halmstad University";Yes;Yes;0,242;Q4;18;7;56;251;86;50;1,47;35,86;42,86;0;Sweden;Western Europe;"Halmstad University";"2011-2025";"Business, Management and Accounting (miscellaneous) (Q3); Management Science and Operations Research (Q4)";"Business, Management and Accounting; Decision Sciences"
409;19900193531;"Advances in Decision Sciences";journal;"20903367, 20903359";"Asia University";Yes;No;0,240;Q3;25;19;79;1344;185;79;1,53;70,74;34,78;0;Taiwan;Asiatic Region;"Asia University";"2010-2026";"Decision Sciences (miscellaneous) (Q3); Information Systems and Management (Q3); Management Science and Operations Research (Q4); Statistics, Probability and Uncertainty (Q4)";"Decision Sciences"
410;21101393624;"Journal of Smart Tourism";journal;"27652157, 27657272";"SAGE Publications Ltd";No;No;0,240;Q3;11;16;54;904;81;39;1,57;56,50;38,89;0;United Kingdom;Western Europe;"SAGE Publications Ltd";"2021-2026";"Artificial Intelligence (Q3); Information Systems and Management (Q3); Management, Monitoring, Policy and Law (Q3); Marketing (Q3); Computer Science Applications (Q4); Tourism, Leisure and Hospitality Management (Q4)";"Business, Management and Accounting; Computer Science; Decision Sciences; Environmental Science"
411;21101181972;"Sustainable Engineering and Innovation";journal;"27120562";"Research and Development Academy";Yes;Yes;0,240;Q3;8;49;50;1929;123;49;2,46;39,37;40,71;0;Bosnia and Herzegovina;Eastern Europe;"Research and Development Academy";"2023-2026";"Architecture (Q2); Computer Science (miscellaneous) (Q3); Decision Sciences (miscellaneous) (Q3); Energy (miscellaneous) (Q3)";"Computer Science; Decision Sciences; Energy; Engineering"
412;21100394266;"International Journal of Agile Systems and Management";journal;"17419174, 17419182";"Inderscience";No;No;0,239;Q3;31;24;62;1457;83;62;1,58;60,71;34,43;0;Switzerland;Western Europe;"Inderscience";"2006-2009, 2011-2026";"Multidisciplinary (Q2); Computer Science (miscellaneous) (Q3); Decision Sciences (miscellaneous) (Q3); Engineering (miscellaneous) (Q3); Industrial and Manufacturing Engineering (Q3); Management Information Systems (Q3); Strategy and Management (Q3)";"Business, Management and Accounting; Computer Science; Decision Sciences; Engineering; Multidisciplinary"
413;21100367884;"Statistics and Risk Modeling";journal;"21931402, 21967040";"Walter de Gruyter GmbH";No;No;0,239;Q4;22;5;16;196;12;16;0,44;39,20;22,22;0;Germany;Western Europe;"Walter de Gruyter GmbH";"1982-2002, 2011-2026";"Modeling and Simulation (Q3); Statistics and Probability (Q4); Statistics, Probability and Uncertainty (Q4)";"Decision Sciences; Mathematics"
414;4700151504;"International Journal of Logistics Systems and Management";journal;"17427975, 17427967";"Inderscience Enterprises Ltd";No;No;0,238;Q3;41;77;210;4164;239;209;1,04;54,08;32,35;0;United Kingdom;Western Europe;"Inderscience Enterprises Ltd";"2004-2026";"Information Systems and Management (Q3); Management Information Systems (Q3); Management Science and Operations Research (Q4)";"Business, Management and Accounting; Decision Sciences"
415;4400151406;"International Journal of Operational Research";journal;"17457653, 17457645";"Inderscience Enterprises Ltd";No;No;0,238;Q4;37;69;218;2906;221;217;0,93;42,12;20,44;0;United Kingdom;Western Europe;"Inderscience Enterprises Ltd";"2005-2026";"Management Science and Operations Research (Q4)";"Decision Sciences"
416;4000149501;"International Journal of Product Lifecycle Management";journal;"17435110, 17435129";"Inderscience Enterprises Ltd";No;No;0,238;Q4;26;4;33;255;42;33;0,75;63,75;50,00;0;United Kingdom;Western Europe;"Inderscience Enterprises Ltd";"2005-2025";"Business and International Management (Q3); Safety, Risk, Reliability and Quality (Q3); Management Science and Operations Research (Q4)";"Business, Management and Accounting; Decision Sciences; Engineering"
417;4700153009;"International Journal of Sport Management and Marketing";journal;"14758962, 17402808";"Inderscience Enterprises Ltd";No;No;0,235;Q4;36;5;68;371;52;68;0,56;74,20;50,00;0;United Kingdom;Western Europe;"Inderscience Enterprises Ltd";"2005-2025";"Business and International Management (Q3); Marketing (Q3); Strategy and Management (Q3); Management Science and Operations Research (Q4); Sports Science (Q4)";"Business, Management and Accounting; Decision Sciences; Health Professions"
418;21101090644;"Corporate and Business Strategy Review";journal;"27089924, 27084965";"Virtus Interpress";No;No;0,233;Q3;13;121;265;5697;520;251;2,13;47,08;37,07;0;Ukraine;Eastern Europe;"Virtus Interpress";"2020-2026";"Decision Sciences (miscellaneous) (Q3); Earth and Planetary Sciences (miscellaneous) (Q3); Strategy and Management (Q3); Management Science and Operations Research (Q4)";"Business, Management and Accounting; Decision Sciences; Earth and Planetary Sciences"
419;23492;"Yugoslav Journal of Operations Research";journal;"03540243, 23346043";"Faculty of Organizational Sciences, University of Belgrade";Yes;Yes;0,232;Q4;28;40;118;1862;187;117;1,64;46,55;37,25;0;Serbia;Eastern Europe;"Faculty of Organizational Sciences, University of Belgrade";"1994-1997, 1999-2025";"Management Science and Operations Research (Q4)";"Decision Sciences"
420;21101272725;"Barekeng";journal;"26153017, 19787227";"Universitas Pattimura";Yes;No;0,230;Q4;7;242;639;6273;521;639;0,84;25,92;52,31;0;Indonesia;Asiatic Region;"Universitas Pattimura";"2020-2026";"Applied Mathematics (Q4); Mathematics (miscellaneous) (Q4); Numerical Analysis (Q4); Statistics, Probability and Uncertainty (Q4)";"Decision Sciences; Mathematics"
421;3900148214;"International Journal of Business Information Systems";journal;"17460972, 17460980";"Inderscience Enterprises Ltd";No;No;0,227;Q3;39;81;233;5983;356;233;1,63;73,86;30,88;0;United Kingdom;Western Europe;"Inderscience Enterprises Ltd";"2005-2026";"Information Systems and Management (Q3); Management Information Systems (Q3); Management of Technology and Innovation (Q4)";"Business, Management and Accounting; Decision Sciences"
422;21100860389;"International Journal of Information Technology Project Management";journal;"19380232, 19380240";"IGI Global Publishing";No;No;0,227;Q3;13;4;39;202;49;37;1,89;50,50;33,33;0;United States;Northern America;"IGI Global Publishing";"2017-2026";"Communication (Q3); Information Systems and Management (Q3); Management Information Systems (Q3); Management of Technology and Innovation (Q4); Organizational Behavior and Human Resource Management (Q4); Strategy and Management (Q4)";"Business, Management and Accounting; Decision Sciences; Social Sciences"
423;4000148902;"International Journal of Services and Operations Management";journal;"17442370, 17442389";"Inderscience Enterprises Ltd";No;No;0,224;Q4;38;76;236;5088;248;236;0,73;66,95;25,43;0;United Kingdom;Western Europe;"Inderscience Enterprises Ltd";"2005-2026";"Industrial and Manufacturing Engineering (Q3); Management of Technology and Innovation (Q4); Management Science and Operations Research (Q4)";"Business, Management and Accounting; Decision Sciences; Engineering"
424;21101392297;"IP Indian Journal of Library Science and Information Technology";journal;"25821555, 24569623";"IP Innovative Publication Pvt. Ltd.";No;No;0,222;Q3;5;23;66;337;62;62;1,16;14,65;32,00;0;India;Asiatic Region;"IP Innovative Publication Pvt. Ltd.";"2022-2025";"Information Systems (Q3); Information Systems and Management (Q3); Library and Information Sciences (Q3)";"Computer Science; Decision Sciences; Social Sciences"
425;21100195305;"Law, Probability and Risk";journal;"1470840X, 14708396";"Oxford University Press";No;No;0,222;Q4;23;13;31;424;33;24;0,95;32,62;29,03;0;United Kingdom;Western Europe;"Oxford University Press";"2007, 2011-2026";"Philosophy (Q2); Law (Q3); Statistics, Probability and Uncertainty (Q4)";"Arts and Humanities; Decision Sciences; Social Sciences"
426;19400157163;"IFIP Advances in Information and Communication Technology";book series;"18684238, 1868422X";"Springer Science and Business Media Deutschland GmbH";Yes;No;0,219;Q3;74;574;2921;14154;2380;2729;0,81;24,66;25,84;0;Germany;Western Europe;"Springer Science and Business Media Deutschland GmbH";"1996, 1999-2026";"Computer Networks and Communications (Q3); Information Systems and Management (Q3); Information Systems (Q4)";"Computer Science; Decision Sciences"
427;21101241973;"Notes on Intuitionistic Fuzzy Sets";journal;"23678283, 13104926";""Prof. Marin Drinov" Publishing House of Bulgarian Academy of Sciences";Yes;No;0,219;Q3;7;46;105;1039;57;105;0,72;22,59;39,06;0;Bulgaria;Eastern Europe;""Prof. Marin Drinov" Publishing House of Bulgarian Academy of Sciences";"2020-2026";"Decision Sciences (miscellaneous) (Q3); Engineering (miscellaneous) (Q3); Computational Theory and Mathematics (Q4); Mathematics (miscellaneous) (Q4)";"Computer Science; Decision Sciences; Engineering; Mathematics"
428;21101021770;"International Journal of Management and Sustainability";journal;"23069856, 23060662";"Conscientia Beam";No;No;0,216;Q4;11;77;129;4556;156;129;1,19;59,17;43,90;0;United States;Northern America;"Conscientia Beam";"2019-2025";"Business, Management and Accounting (miscellaneous) (Q3); Geography, Planning and Development (Q3); Economics and Econometrics (Q4); Management, Monitoring, Policy and Law (Q4); Management Science and Operations Research (Q4)";"Business, Management and Accounting; Decision Sciences; Economics, Econometrics and Finance; Environmental Science; Social Sciences"
429;21101207440;"Military Technical Courier/Vojnotehnicki glasnik";journal;"22174753, 00428469";"University of Defense Belgrad";Yes;Yes;0,216;Q4;4;44;85;1382;70;85;0,82;31,41;22,69;0;Serbia;Eastern Europe;"University of Defense Belgrad";"2024-2025";"Management Science and Operations Research (Q4); Statistics, Probability and Uncertainty (Q4)";"Decision Sciences"
430;19700186887;"International Journal of Information Systems and Change Management";journal;"1479313X, 14793121";"Inderscience Enterprises Ltd";No;No;0,215;Q3;18;10;39;876;57;39;1,49;87,60;14,29;0;United Kingdom;Western Europe;"Inderscience Enterprises Ltd";"2006-2025";"Business, Management and Accounting (miscellaneous) (Q3); Decision Sciences (miscellaneous) (Q3)";"Business, Management and Accounting; Decision Sciences"
431;21100899503;"Transactional Analysis Journal";journal;"23295244, 03621537";"Taylor and Francis Ltd.";No;No;0,215;Q3;11;34;95;1153;130;75;1,02;33,91;59,46;0;United Kingdom;Western Europe;"Taylor and Francis Ltd.";"2018-2026";"Decision Sciences (miscellaneous) (Q3); Education (Q3); Clinical Psychology (Q4); Developmental and Educational Psychology (Q4); Psychiatry and Mental Health (Q4)";"Decision Sciences; Medicine; Psychology; Social Sciences"
432;21100456788;"International Journal on Food System Dynamics";journal;"18696945";"CentMa GmbH";Yes;Yes;0,215;Q4;23;30;118;1582;123;118;0,79;52,73;46,39;0;Germany;Western Europe;"CentMa GmbH";"2010-2025";"Economics, Econometrics and Finance (miscellaneous) (Q3); Food Science (Q3); Geography, Planning and Development (Q3); Business and International Management (Q4); Environmental Science (miscellaneous) (Q4); Management Science and Operations Research (Q4); Transportation (Q4)";"Agricultural and Biological Sciences; Business, Management and Accounting; Decision Sciences; Economics, Econometrics and Finance; Environmental Science; Social Sciences"
433;21100899864;"ECTI Transactions on Computer and Information Technology";journal;"22869131";"ECTI Association Sirindhon International Institute of Technology";Yes;Yes;0,213;Q3;11;60;140;1965;148;140;1,10;32,75;40,30;0;Thailand;Asiatic Region;"ECTI Association Sirindhon International Institute of Technology";"2018-2026";"Computer Networks and Communications (Q3); Electrical and Electronic Engineering (Q3); Information Systems and Management (Q3); Information Systems (Q4)";"Computer Science; Decision Sciences; Engineering"
434;21100219935;"International Journal of Operations and Quantitative Management";journal;"10821910";"International Forum of Management Scholars (INFOMS)";No;No;0,210;Q3;16;35;101;1471;131;101;1,43;42,03;37,66;0;United States;Northern America;"International Forum of Management Scholars (INFOMS)";"2000-2025";"Information Systems and Management (Q3); Business and International Management (Q4); Management of Technology and Innovation (Q4); Management Science and Operations Research (Q4); Strategy and Management (Q4)";"Business, Management and Accounting; Decision Sciences"
435;21100886533;"Journal of Information Technology Case and Application Research";journal;"15228053, 23336897";"Taylor and Francis Ltd.";No;No;0,210;Q3;24;18;62;647;645;31;14,83;35,94;40,00;0;United States;Northern America;"Taylor and Francis Ltd.";"1999, 2005-2026";"Information Systems and Management (Q3); Management Science and Operations Research (Q4)";"Decision Sciences"
436;21100407607;"Statistics in Transition New Series";journal;"24500291, 12347655";"Polskie Towarzystwo Semiotyczne";Yes;No;0,210;Q4;15;50;176;1572;126;159;0,62;31,44;34,44;0;Poland;Eastern Europe;"Polskie Towarzystwo Semiotyczne";"2015-2025";"Statistics and Probability (Q4); Statistics, Probability and Uncertainty (Q4)";"Decision Sciences; Mathematics"
437;21100892782;"Journal of Payments Strategy and Systems";journal;"17501806, 17501814";"Henry Stewart Publications";No;No;0,209;Q3;11;34;107;913;67;95;0,72;26,85;16,98;0;United Kingdom;Western Europe;"Henry Stewart Publications";"2018-2025";"Information Systems and Management (Q3); Accounting (Q4); Information Systems (Q4); Management Information Systems (Q4)";"Business, Management and Accounting; Computer Science; Decision Sciences"
438;19700190357;"Transplant Research and Risk Management";journal;"11791616";"Dove Medical Press Ltd";Yes;No;0,209;Q4;8;0;9;0;7;9;1,00;0,00;0,00;0;New Zealand;Pacific Region;"Dove Medical Press Ltd";"2011-2024";"Transplantation (Q3); Statistics, Probability and Uncertainty (Q4)";"Decision Sciences; Medicine"
439;21100869515;"International Journal of the Analytic Hierarchy Process";journal;"19366744";"Creative Decisions Foundation";Yes;Yes;0,206;Q4;12;20;66;1265;80;62;1,24;63,25;26,19;0;United States;Northern America;"Creative Decisions Foundation";"2018-2025";"Decision Sciences (miscellaneous) (Q4)";"Decision Sciences"
440;21101268228;"Sakarya University Journal of Computer and Information Sciences";journal;"26368129";"Sakarya University";Yes;Yes;0,205;Q4;7;55;98;2209;88;98;0,91;40,16;31,48;0;Turkey;Middle East;"Sakarya University";"2022-2025";"Computer Science (miscellaneous) (Q4); Decision Sciences (miscellaneous) (Q4); Software (Q4); Theoretical Computer Science (Q4)";"Computer Science; Decision Sciences; Mathematics"
441;144786;"Journal of Japan Industrial Management Association";journal;"13422618, 21879079";"Japan Industrial Management Association";Yes;No;0,204;Q4;11;16;49;459;24;49;0,28;28,69;28,21;0;Japan;Asiatic Region;"Japan Industrial Management Association";"2004-2026";"Industrial and Manufacturing Engineering (Q3); Applied Mathematics (Q4); Management Science and Operations Research (Q4); Strategy and Management (Q4)";"Business, Management and Accounting; Decision Sciences; Engineering; Mathematics"
442;21100905277;"Mathematics and Statistics";journal;"23322071, 23322144";"Horizon Research Publishing";No;No;0,204;Q4;16;65;310;1449;198;310;0,57;22,29;36,67;0;United States;Northern America;"Horizon Research Publishing";"2018-2026";"Economics and Econometrics (Q4); Statistics and Probability (Q4); Statistics, Probability and Uncertainty (Q4)";"Decision Sciences; Economics, Econometrics and Finance; Mathematics"
443;21101260644;"Transactions on Fuzzy Sets and Systems";journal;"28210131";"Islamic Azad University";Yes;Yes;0,203;Q3;5;24;72;681;43;72;0,63;28,38;19,57;0;Iran;Middle East;"Islamic Azad University";"2022-2025";"Information Systems and Management (Q3); Applied Mathematics (Q4); Artificial Intelligence (Q4); Logic (Q4)";"Computer Science; Decision Sciences; Mathematics"
444;21101198489;"Proceedings - International Conference on Advanced Computer Information Technologies, ACIT";conference and proceedings;"27705218, 27705226";"Institute of Electrical and Electronics Engineers";No;No;0,202;-;18;208;452;4449;395;442;0,84;21,39;36,18;0;United States;Northern America;"Institute of Electrical and Electronics Engineers";"2019-2025";"Artificial Intelligence; Computational Mathematics; Computer Networks and Communications; Computer Science Applications; Information Systems; Information Systems and Management; Modeling and Simulation";"Computer Science; Decision Sciences; Mathematics"
445;21101183722;"Journal of Risk Analysis and Crisis Response";journal;"22108505";"";Yes;Yes;0,201;Q3;6;40;78;2096;78;78;0,83;52,40;27,50;0;China;Asiatic Region;"";"2019-2025";"Economics, Econometrics and Finance (miscellaneous) (Q3); Information Systems and Management (Q3); Social Sciences (miscellaneous) (Q3); Decision Sciences (miscellaneous) (Q4); Environmental Science (miscellaneous) (Q4); Management Science and Operations Research (Q4); Safety Research (Q4); Statistics, Probability and Uncertainty (Q4)";"Decision Sciences; Economics, Econometrics and Finance; Environmental Science; Social Sciences"
446;5000153602;"Pesquisa Operacional";journal;"01017438, 16785142";"Sociedade Brasileira de Pesquisa Operacional";Yes;No;0,201;Q4;27;38;128;1779;103;122;0,86;46,82;36,36;0;Brazil;Latin America;"Sociedade Brasileira de Pesquisa Operacional";"2006-2025";"Management Science and Operations Research (Q4)";"Decision Sciences"
447;21101375756;"Journal of Computing and Biomedical Informatics";journal;"27101614, 27101606";"Research Center of Computing and Biomedical Informatics";No;No;0,200;Q4;13;171;474;5444;563;474;1,19;31,84;35,16;0;Pakistan;Asiatic Region;"Research Center of Computing and Biomedical Informatics";"2021-2025";"Artificial Intelligence (Q4); Biomedical Engineering (Q4); Decision Sciences (miscellaneous) (Q4)";"Computer Science; Decision Sciences; Engineering"
448;4000151802;"International Journal of Management and Decision Making";journal;"14624621, 17415187";"Inderscience Enterprises Ltd";No;No;0,197;Q4;31;27;73;1722;91;73;1,04;63,78;35,48;0;United Kingdom;Western Europe;"Inderscience Enterprises Ltd";"2000-2026";"Decision Sciences (miscellaneous) (Q4)";"Decision Sciences"
449;21100301410;"International Journal for Quality Research";journal;"18007473, 18006450";"Centar for Quality";Yes;Yes;0,196;Q4;33;85;247;3150;267;247;1,02;37,06;45,83;0;Serbia;Eastern Europe;"Centar for Quality";"2012-2025";"Industrial and Manufacturing Engineering (Q3); Management Science and Operations Research (Q4); Safety, Risk, Reliability and Quality (Q4)";"Decision Sciences; Engineering"
450;21100825851;"International Journal of Business Performance and Supply Chain Modelling";journal;"17589401, 1758941X";"Inderscience";No;No;0,196;Q4;23;10;49;743;49;49;0,86;74,30;43,48;0;United Kingdom;Western Europe;"Inderscience";"2009-2025";"Business and International Management (Q4); Management Science and Operations Research (Q4); Strategy and Management (Q4)";"Business, Management and Accounting; Decision Sciences"
451;4700152455;"International Journal of Process Management and Benchmarking";journal;"14606739, 1741816X";"Inderscience Enterprises Ltd";No;No;0,196;Q4;22;70;197;4373;257;197;1,34;62,47;39,72;0;United Kingdom;Western Europe;"Inderscience Enterprises Ltd";"2005-2009, 2013-2026";"Business and International Management (Q4); Management Science and Operations Research (Q4); Strategy and Management (Q4)";"Business, Management and Accounting; Decision Sciences"
452;21100889702;"Asia Pacific Journal of Information Systems";journal;"22885404, 22886818";"Korean Society of Management Information Systems";Yes;No;0,195;Q3;12;40;131;2786;139;131;0,93;69,65;40,40;0;South Korea;Asiatic Region;"Korean Society of Management Information Systems";"2018-2025";"Information Systems and Management (Q3); Sociology and Political Science (Q3)";"Decision Sciences; Social Sciences"
453;21100212700;"RAE Revista de Administracao de Empresas";journal;"2178938X, 00347590";"Fundacao Getulio Vargas";Yes;Yes;0,195;Q3;26;50;150;2802;130;148;0,76;56,04;42,03;0;Brazil;Latin America;"Fundacao Getulio Vargas";"2007-2025";"Information Systems and Management (Q3); Business and International Management (Q4); Business, Management and Accounting (miscellaneous) (Q4); Development (Q4); Education (Q4); Industrial Relations (Q4); Management of Technology and Innovation (Q4); Management Science and Operations Research (Q4); Marketing (Q4); Organizational Behavior and Human Resource Management (Q4); Public Administration (Q4); Strategy and Management (Q4)";"Business, Management and Accounting; Decision Sciences; Social Sciences"
454;12753;"International Game Theory Review";journal;"02191989, 17936675";"World Scientific";No;No;0,195;Q4;28;37;80;1066;54;78;0,82;28,81;34,78;0;Singapore;Asiatic Region;"World Scientific";"1999, 2003-2026";"Business and International Management (Q4); Computer Science (miscellaneous) (Q4); Statistics, Probability and Uncertainty (Q4)";"Business, Management and Accounting; Computer Science; Decision Sciences"
455;21101268313;"ITMS - International Scientific Conference on Information Technology and Management Science of Riga Technical University";journal;"27716953, 27716937";"Institute of Electrical and Electronics Engineers Inc.";No;No;0,194;Q3;3;28;27;691;23;25;0,85;24,68;50,70;0;United States;Northern America;"Institute of Electrical and Electronics Engineers Inc.";"2024-2025";"Information Systems and Management (Q3); Artificial Intelligence (Q4); Control and Optimization (Q4); Hardware and Architecture (Q4); Information Systems (Q4); Safety, Risk, Reliability and Quality (Q4); Strategy and Management (Q4)";"Business, Management and Accounting; Computer Science; Decision Sciences; Engineering; Mathematics"
456;21100464314;"International Journal of Construction Supply Chain Management";journal;"11790776";"Massey University";Yes;Yes;0,194;Q4;12;10;47;437;49;47;1,17;43,70;26,67;0;New Zealand;Pacific Region;"Massey University";"2015-2025";"Building and Construction (Q4); Management Science and Operations Research (Q4); Strategy and Management (Q4)";"Business, Management and Accounting; Decision Sciences; Engineering"
457;20300195019;"Risk and Decision Analysis";journal;"18759173, 15697371";"SAGE Publications Ltd";No;No;0,192;Q4;12;8;7;378;9;7;1,29;47,25;55,56;0;United Kingdom;Western Europe;"SAGE Publications Ltd";"2009-2014, 2016-2018, 2020-2021, 2023, 2025-2026";"Economics and Econometrics (Q4); Finance (Q4); Statistics and Probability (Q4); Statistics, Probability and Uncertainty (Q4)";"Decision Sciences; Economics, Econometrics and Finance; Mathematics"
458;24017;"ZWF Zeitschrift fuer Wirtschaftlichen Fabrikbetrieb";journal;"09470085, 25110896";"Walter de Gruyter GmbH";No;No;0,190;Q4;20;226;535;3423;177;496;0,30;15,15;18,08;0;Germany;Western Europe;"Walter de Gruyter GmbH";"1995-2026";"Engineering (miscellaneous) (Q4); Management Science and Operations Research (Q4); Strategy and Management (Q4)";"Business, Management and Accounting; Decision Sciences; Engineering"
459;21101180312;"International Conference on Operations Research and Enterprise Systems";conference and proceedings;"21844372";"Science and Technology Publications, Lda";No;No;0,190;-;6;36;117;736;58;114;0,57;20,44;28,70;0;Portugal;Western Europe;"Science and Technology Publications, Lda";"2019-2025";"Computer Science (miscellaneous); Control and Optimization; Management Science and Operations Research; Theoretical Computer Science";"Computer Science; Decision Sciences; Mathematics"
460;19700186899;"International Journal of Applied Systemic Studies";journal;"17510597, 17510589";"Inderscience Enterprises Ltd";No;No;0,189;Q3;11;21;55;1188;75;55;1,48;56,57;37,14;0;United Kingdom;Western Europe;"Inderscience Enterprises Ltd";"2007-2018, 2020, 2022-2025";"Information Systems and Management (Q3); Computer Science Applications (Q4); Control and Systems Engineering (Q4)";"Computer Science; Decision Sciences; Engineering"
461;21100898973;"Journal of Statistics Applications and Probability";journal;"20908423, 20908431";"Natural Sciences Publishing";No;No;0,189;Q4;19;62;338;2467;442;338;1,63;39,79;27,74;0;United States;Northern America;"Natural Sciences Publishing";"2018-2026";"Library and Information Sciences (Q3); Statistical and Nonlinear Physics (Q4); Statistics and Probability (Q4); Statistics, Probability and Uncertainty (Q4)";"Decision Sciences; Mathematics; Physics and Astronomy; Social Sciences"
462;21101264290;"Annals of Computer Science and Intelligence Systems";journal;"23005963";"Institute of Electrical and Electronics Engineers Inc.";Yes;Yes;0,188;Q3;4;108;100;2805;98;97;0,98;25,97;25,75;0;United States;Northern America;"Institute of Electrical and Electronics Engineers Inc.";"2024-2025";"Information Systems and Management (Q3); Artificial Intelligence (Q4); Computer Science Applications (Q4); Information Systems (Q4)";"Computer Science; Decision Sciences"
463;21100200830;"International Journal of Information Science and Management";journal;"20088310, 20088302";"Regional Information Center for Science and Technology";Yes;Yes;0,188;Q3;16;52;224;2120;198;224;0,97;40,77;52,50;0;Iran;Middle East;"Regional Information Center for Science and Technology";"2008-2025";"Information Systems and Management (Q3); Library and Information Sciences (Q3); Management Information Systems (Q4); Statistics, Probability and Uncertainty (Q4)";"Business, Management and Accounting; Decision Sciences; Social Sciences"
464;21100266730;"International Journal of Information Systems in the Service Sector";journal;"19355688, 19355696";"IGI Global Publishing";No;No;0,188;Q3;17;9;48;275;49;48;0,33;30,56;47,37;0;United States;Northern America;"IGI Global Publishing";"2009-2026";"Information Systems and Management (Q3); Information Systems (Q4); Management Information Systems (Q4); Management Science and Operations Research (Q4); Strategy and Management (Q4)";"Business, Management and Accounting; Computer Science; Decision Sciences"
465;21100238614;"Journal of Applied Probability and Statistics";journal;"19306792";"ISOSS PUBLICATIONS";No;No;0,188;Q4;11;11;46;288;15;46;0,24;26,18;32,26;0;Pakistan;Asiatic Region;"ISOSS PUBLICATIONS";"2012-2025";"Podiatry (Q3); Applied Mathematics (Q4); Statistics and Probability (Q4); Statistics, Probability and Uncertainty (Q4)";"Decision Sciences; Health Professions; Mathematics"
466;21100286322;"European Conference on Information Warfare and Security, ECCWS";conference and proceedings;"20488602, 20488610";"Curran Associates Inc.";No;No;0,188;-;13;107;244;2899;213;238;0,90;27,09;27,75;0;United States;Northern America;"Curran Associates Inc.";"2013-2020, 2022-2025";"Information Systems; Information Systems and Management; Safety, Risk, Reliability and Quality";"Computer Science; Decision Sciences; Engineering"
467;21100863713;"International Journal of Knowledge and Systems Science";journal;"19478216, 19478208";"IGI Global Publishing";No;No;0,187;Q3;12;8;32;347;30;32;0,95;43,38;26,32;0;United States;Northern America;"IGI Global Publishing";"2017-2026";"Information Systems and Management (Q3); Artificial Intelligence (Q4); Information Systems (Q4); Management of Technology and Innovation (Q4); Organizational Behavior and Human Resource Management (Q4); Strategy and Management (Q4)";"Business, Management and Accounting; Computer Science; Decision Sciences"
468;14054;"SORT";journal;"16962281, 20138830";"Institut d'Estadistica de Catalunya";Yes;Yes;0,187;Q4;28;9;25;353;33;25;1,60;39,22;46,15;0;Spain;Western Europe;"Institut d'Estadistica de Catalunya";"2003-2025";"Management Science and Operations Research (Q4); Statistics and Probability (Q4); Statistics, Probability and Uncertainty (Q4)";"Decision Sciences; Mathematics"
469;21100858129;"International Journal of Applied Metaheuristic Computing";journal;"19478283, 19478291";"IGI Global Publishing";No;No;0,186;Q4;11;4;14;196;15;14;0,50;49,00;33,33;0;United States;Northern America;"IGI Global Publishing";"2016, 2018-2025";"Computational Mathematics (Q4); Computational Theory and Mathematics (Q4); Computer Science Applications (Q4); Control and Optimization (Q4); Decision Sciences (miscellaneous) (Q4); Modeling and Simulation (Q4); Statistics and Probability (Q4)";"Computer Science; Decision Sciences; Mathematics"
470;22303;"Journal of the Operations Research Society of Japan";journal;"04534514";"Operations Research Society of Japan";No;No;0,186;Q4;33;9;32;164;12;32;0,50;18,22;14,29;0;Japan;Asiatic Region;"Operations Research Society of Japan";"1983, 1996-2026";"Decision Sciences (miscellaneous) (Q4); Management Science and Operations Research (Q4)";"Decision Sciences"
471;21101076095;"Information and Media";journal;"27836207";"Vilnius University Press";Yes;Yes;0,185;Q3;6;14;58;628;37;58;0,60;44,86;65,52;0;Lithuania;Eastern Europe;"Vilnius University Press";"2021-2025";"Information Systems and Management (Q3); Library and Information Sciences (Q3); Media Technology (Q3); Political Science and International Relations (Q3); Sociology and Political Science (Q3); Management of Technology and Innovation (Q4); Physics and Astronomy (miscellaneous) (Q4)";"Business, Management and Accounting; Decision Sciences; Engineering; Physics and Astronomy; Social Sciences"
472;21100400809;"Colloquium in Information Science and Technology, CIST";conference and proceedings;"2327185X, 23271884";"Institute of Electrical and Electronics Engineers Inc.";No;No;0,184;-;22;106;126;2553;147;124;1,17;24,08;38,79;0;United States;Northern America;"Institute of Electrical and Electronics Engineers Inc.";"2015-2018, 2020, 2023, 2025";"Computer Science Applications; Information Systems and Management; Management Science and Operations Research; Signal Processing";"Computer Science; Decision Sciences"
473;20100195036;"International Journal of Healthcare Information Systems and Informatics";journal;"15553396, 1555340X";"IGI Global Publishing";No;No;0,182;Q3;23;30;42;939;40;42;0,88;31,30;48,28;0;United States;Northern America;"IGI Global Publishing";"2006-2026";"Information Systems and Management (Q3); Information Systems (Q4); Medicine (miscellaneous) (Q4)";"Computer Science; Decision Sciences; Medicine"
474;21101032143;"Journal of Logistics, Informatics and Service Science";journal;"24092665";"Success Culture Press";No;No;0,182;Q3;14;179;485;8714;446;485;0,93;48,68;38,65;0;Hong Kong;Asiatic Region;"Success Culture Press";"2019-2026";"Information Systems and Management (Q3); Computer Networks and Communications (Q4); Information Systems (Q4); Management Information Systems (Q4); Management of Technology and Innovation (Q4)";"Business, Management and Accounting; Computer Science; Decision Sciences"
475;4100151706;"International Journal of Business Intelligence and Data Mining";journal;"17438195, 17438187";"Inderscience Enterprises Ltd";No;No;0,181;Q3;24;52;139;1230;126;139;0,82;23,65;55,68;0;United Kingdom;Western Europe;"Inderscience Enterprises Ltd";"2005-2026";"Information Systems and Management (Q3); Management Information Systems (Q4); Statistics, Probability and Uncertainty (Q4)";"Business, Management and Accounting; Decision Sciences"
476;21101037310;"Register: Jurnal Ilmiah Teknologi Sistem Informasi";journal;"25023357, 25030477";"Universitas Pesantren Tinggi Darul Ulum";No;No;0,181;Q3;11;14;41;513;52;41;0,96;36,64;40,43;0;Indonesia;Asiatic Region;"Universitas Pesantren Tinggi Darul Ulum";"2015-2025";"Information Systems and Management (Q3); Artificial Intelligence (Q4); Computer Science (miscellaneous) (Q4); Decision Sciences (miscellaneous) (Q4); Information Systems (Q4)";"Computer Science; Decision Sciences"
477;21101107935;"International Conference on Enterprise Information Systems, ICEIS - Proceedings";conference and proceedings;"21844992";"Science and Technology Publications, Lda";No;No;0,181;-;12;214;489;5450;354;482;0,76;25,47;25,83;1;Portugal;Western Europe;"Science and Technology Publications, Lda";"2021-2025";"Computer Science Applications; Information Systems; Information Systems and Management";"Computer Science; Decision Sciences"
478;21101363389;"Forum Empresarial";journal;"15418561, 24758752";"University of Puerto Rico";Yes;No;0,180;Q4;2;10;22;341;9;22;0,43;34,10;16,67;0;Puerto Rico;Latin America;"University of Puerto Rico";"2021-2025";"Business, Management and Accounting (miscellaneous) (Q4); Decision Sciences (miscellaneous) (Q4); Marketing (Q4); Organizational Behavior and Human Resource Management (Q4)";"Business, Management and Accounting; Decision Sciences"
479;21100199124;"International Journal of Sustainable Manufacturing";journal;"17427223, 17427231";"Inderscience";No;No;0,180;Q4;19;0;6;0;8;6;0,00;0,00;0,00;0;Switzerland;Western Europe;"Inderscience";"2008-2015, 2018, 2020-2022";"Industrial and Manufacturing Engineering (Q3); Social Sciences (miscellaneous) (Q3); Decision Sciences (miscellaneous) (Q4); Management of Technology and Innovation (Q4)";"Business, Management and Accounting; Decision Sciences; Engineering; Social Sciences"
480;21100901841;"International Journal of Industrial Engineering and Production Research";journal;"20084889, 2345363X";"Iran University of Science and Technology";Yes;Yes;0,179;Q4;12;53;152;2235;135;152;0,90;42,17;32,54;0;Iran;Middle East;"Iran University of Science and Technology";"2018-2025";"Industrial and Manufacturing Engineering (Q4); Management Science and Operations Research (Q4); Statistics, Probability and Uncertainty (Q4); Strategy and Management (Q4)";"Business, Management and Accounting; Decision Sciences; Engineering"
481;100336;"Statistica";journal;"0390590X, 19732201";"University of Bologna";Yes;Yes;0,179;Q4;11;0;41;0;15;39;0,00;0,00;0,00;0;Italy;Western Europe;"University of Bologna";"1969, 1977, 1979-1990, 1994-1997, 2019-2024";"Statistics and Probability (Q4); Statistics, Probability and Uncertainty (Q4)";"Decision Sciences; Mathematics"
482;21100802691;"Proceedings of the International ISCRAM Conference";conference and proceedings;"24113387";"Information Systems for Crisis Response and Management, ISCRAM";No;No;0,179;-;22;75;284;2393;167;279;0,67;31,91;37,12;0;Belgium;Western Europe;"Information Systems for Crisis Response and Management, ISCRAM";"2010-2011, 2013-2014, 2016-2025";"Computer Networks and Communications; Electrical and Electronic Engineering; Hardware and Architecture; Information Systems; Information Systems and Management; Signal Processing";"Computer Science; Decision Sciences; Engineering"
483;21100220467;"International Journal of Knowledge-Based Development";journal;"20404476, 20404468";"Inderscience";No;No;0,178;Q3;27;20;64;1159;56;64;0,77;57,95;34,00;0;Switzerland;Western Europe;"Inderscience";"2010-2025";"Information Systems and Management (Q3); Management of Technology and Innovation (Q4); Strategy and Management (Q4)";"Business, Management and Accounting; Decision Sciences"
484;4000149708;"International Journal of Management and Enterprise Development";journal;"17418127, 14684330";"Inderscience Enterprises Ltd";No;No;0,178;Q4;31;22;53;1868;90;53;2,06;84,91;51,02;0;United Kingdom;Western Europe;"Inderscience Enterprises Ltd";"2003-2026";"Business and International Management (Q4); Management Science and Operations Research (Q4)";"Business, Management and Accounting; Decision Sciences"
485;19900194804;"Journal of the Statistical and Social Inquiry Society of Ireland";journal;"00814776";"Statistical and Social Inquiry Society of Ireland";No;No;0,178;Q4;9;9;31;385;12;23;0,47;42,78;31,25;0;Ireland;Western Europe;"Statistical and Social Inquiry Society of Ireland";"2009-2011, 2014-2015, 2017-2025";"Sociology and Political Science (Q3); Economics and Econometrics (Q4); Statistics, Probability and Uncertainty (Q4)";"Decision Sciences; Economics, Econometrics and Finance; Social Sciences"
486;21100406921;"Statistika";journal;"18048765, 0322788X";"Cesky Statisticky Urad";Yes;Yes;0,178;Q4;10;40;93;1221;56;93;0,67;30,53;43,04;0;Czech Republic;Eastern Europe;"Cesky Statisticky Urad";"2015-2025";"Economics and Econometrics (Q4); Statistics, Probability and Uncertainty (Q4)";"Decision Sciences; Economics, Econometrics and Finance"
487;21100901570;"Proceedings of International Conference on Applied Innovation in IT";conference and proceedings;"21998876";"Anhalt University of Applied Sciences";Yes;No;0,177;-;8;253;153;6435;94;148;0,67;25,43;41,77;0;Germany;Western Europe;"Anhalt University of Applied Sciences";"2018-2025";"Computer Science Applications; Engineering (miscellaneous); Information Systems; Information Systems and Management";"Computer Science; Decision Sciences; Engineering"
488;13024;"Acta Cybernetica";journal;"0324721X";"University of Szeged, Institute of Informatics";Yes;No;0,176;Q3;20;16;52;271;30;49;0,64;16,94;30,00;0;Hungary;Eastern Europe;"University of Szeged, Institute of Informatics";"1990-2025";"Information Systems and Management (Q3); Computational Theory and Mathematics (Q4); Computer Science (miscellaneous) (Q4); Computer Vision and Pattern Recognition (Q4); Electrical and Electronic Engineering (Q4); Management Science and Operations Research (Q4); Software (Q4); Theoretical Computer Science (Q4)";"Computer Science; Decision Sciences; Engineering; Mathematics"
489;6200180167;"International Journal of Technology Intelligence and Planning";journal;"17402832, 17402840";"Inderscience Enterprises Ltd";No;No;0,176;Q3;20;5;15;363;18;15;0,36;72,60;83,33;0;United Kingdom;Western Europe;"Inderscience Enterprises Ltd";"2004-2022, 2024-2025";"Information Systems and Management (Q3); Management Information Systems (Q4); Management of Technology and Innovation (Q4)";"Business, Management and Accounting; Decision Sciences"
490;21101258747;"Proceedings - Swiss Conference on Data Science, SDS";journal;"28353412, 28353420";"Institute of Electrical and Electronics Engineers Inc.";No;No;0,176;Q3;3;30;44;796;37;42;0,84;26,53;32,08;0;United States;Northern America;"Institute of Electrical and Electronics Engineers Inc.";"2024-2025";"Information Systems and Management (Q3); Artificial Intelligence (Q4); Information Systems (Q4)";"Computer Science; Decision Sciences"
491;21101312745;"KARSA";journal;"24423289, 24424285";"Universitas Islam Negeri Madura";No;No;0,175;Q4;3;16;48;808;21;48;0,42;50,50;32,50;0;Indonesia;Asiatic Region;"Universitas Islam Negeri Madura";"2022-2025";"Arts and Humanities (miscellaneous) (Q2); Cultural Studies (Q2); Religious Studies (Q2); Social Sciences (miscellaneous) (Q3); Decision Sciences (miscellaneous) (Q4)";"Arts and Humanities; Decision Sciences; Social Sciences"
492;21100255324;"Proceedings of International Conference on Service Science, ICSS";conference and proceedings;"21653828, 21653836";"Institute of Electrical and Electronics Engineers Inc.";No;No;0,174;-;11;0;47;0;37;45;0,00;0,00;0,00;0;United States;Northern America;"Institute of Electrical and Electronics Engineers Inc.";"2013, 2015-2016, 2020-2022";"Computer Science (miscellaneous); Industrial and Manufacturing Engineering; Management Science and Operations Research";"Computer Science; Decision Sciences; Engineering"
493;21100285030;"International Journal of Multicriteria Decision Making";journal;"20401078, 2040106X";"Inderscience";No;No;0,173;Q4;16;5;20;458;13;20;0,33;91,60;26,67;0;Switzerland;Western Europe;"Inderscience";"2010-2019, 2021-2025";"Management Science and Operations Research (Q4); Strategy and Management (Q4)";"Business, Management and Accounting; Decision Sciences"
494;21100893243;"Journal of Risk Management in Financial Institutions";journal;"17528887, 17528895";"Henry Stewart Publications";No;No;0,173;Q4;10;28;103;1054;63;89;0,55;37,64;22,86;0;United Kingdom;Western Europe;"Henry Stewart Publications";"2018-2025";"Finance (Q4); Statistics and Probability (Q4); Statistics, Probability and Uncertainty (Q4)";"Decision Sciences; Economics, Econometrics and Finance; Mathematics"
495;21100896488;"International Journal of Business Intelligence Research";journal;"19473605, 19473591";"IGI Global Publishing";No;No;0,172;Q4;10;2;7;80;12;7;1,67;40,00;50,00;0;United States;Northern America;"IGI Global Publishing";"2018-2025";"Information Systems and Management (Q4); Management Information Systems (Q4); Statistics, Probability and Uncertainty (Q4)";"Business, Management and Accounting; Decision Sciences"
496;21101184661;"Jurnal Optimasi Sistem Industri";journal;"20884842, 24428795";"Andalas University Faculty of Engineering";Yes;Yes;0,172;Q4;7;20;47;975;46;47;1,06;48,75;42,59;0;Indonesia;Asiatic Region;"Andalas University Faculty of Engineering";"2019-2025";"Industrial and Manufacturing Engineering (Q4); Management Science and Operations Research (Q4); Safety, Risk, Reliability and Quality (Q4); Statistics, Probability and Uncertainty (Q4)";"Decision Sciences; Engineering"
497;21100890137;"International Journal of Business Continuity and Risk Management";journal;"17582164, 17582172";"Inderscience";No;No;0,171;Q4;10;21;61;1016;58;61;1,15;48,38;41,18;0;Switzerland;Western Europe;"Inderscience";"2016-2025";"Statistics and Probability (Q4); Statistics, Probability and Uncertainty (Q4); Strategy and Management (Q4)";"Business, Management and Accounting; Decision Sciences; Mathematics"
498;21100945266;"Science and Innovation";journal;"24099066, 24134996";"Publishing House Akademperiodyka";No;No;0,171;Q4;13;57;149;1718;148;149;1,09;30,14;52,14;0;Ukraine;Eastern Europe;"Publishing House Akademperiodyka";"2014-2026";"Law (Q3); Computer Science Applications (Q4); Engineering (miscellaneous) (Q4); Information Systems and Management (Q4); Management of Technology and Innovation (Q4)";"Business, Management and Accounting; Computer Science; Decision Sciences; Engineering; Social Sciences"
499;21100394268;"International Journal of Advanced Operations Management";journal;"1758938X, 17589398";"Inderscience Enterprises Ltd";No;No;0,170;Q4;18;20;39;1215;51;39;1,84;60,75;32,50;0;United Kingdom;Western Europe;"Inderscience Enterprises Ltd";"2011, 2014-2025";"Management Science and Operations Research (Q4); Organizational Behavior and Human Resource Management (Q4)";"Business, Management and Accounting; Decision Sciences"
500;21101292645;"Business Performance Review";journal;"30056829, 30056810";"Virtus Interpress";No;No;0,168;Q4;4;23;13;1257;22;9;1,69;54,65;33,93;0;Ukraine;Eastern Europe;"Virtus Interpress";"2023-2026";"Business and International Management (Q4); Finance (Q4); Management Science and Operations Research (Q4)";"Business, Management and Accounting; Decision Sciences; Economics, Econometrics and Finance"
501;21100853929;"International Journal of Systematic Innovation";journal;"20778767, 20777973";"Society of Sytematic Innovation";No;No;0,167;Q4;8;45;80;1715;75;80;0,98;38,11;29,17;0;Taiwan;Asiatic Region;"Society of Sytematic Innovation";"2010-2025";"Multidisciplinary (Q3); Artificial Intelligence (Q4); Computer Science Applications (Q4); Electrical and Electronic Engineering (Q4); Industrial and Manufacturing Engineering (Q4); Information Systems and Management (Q4); Management of Technology and Innovation (Q4); Mechanical Engineering (Q4); Organizational Behavior and Human Resource Management (Q4); Strategy and Management (Q4)";"Business, Management and Accounting; Computer Science; Decision Sciences; Engineering; Multidisciplinary"
502;21101272039;"International Computer Science and Engineering Conference";journal;"23815035";"Institute of Electrical and Electronics Engineers Inc.";No;No;0,164;Q4;2;0;65;0;40;64;0,62;0,00;0,00;0;United States;Northern America;"Institute of Electrical and Electronics Engineers Inc.";"2024";"Computer Networks and Communications (Q4); Computer Science Applications (Q4); Computer Vision and Pattern Recognition (Q4); Control and Optimization (Q4); Information Systems (Q4); Information Systems and Management (Q4); Renewable Energy, Sustainability and the Environment (Q4); Software (Q4)";"Computer Science; Decision Sciences; Energy; Mathematics"
503;21100878578;"International Journal of Cyber Warfare and Terrorism";journal;"19473435, 19473443";"IGI Global Publishing";No;No;0,163;Q4;10;0;28;0;56;28;6,67;0,00;0,00;0;United States;Northern America;"IGI Global Publishing";"2018-2024";"Computer Networks and Communications (Q4); Hardware and Architecture (Q4); Information Systems and Management (Q4); Safety Research (Q4); Safety, Risk, Reliability and Quality (Q4); Software (Q4)";"Computer Science; Decision Sciences; Engineering; Social Sciences"
504;21101039233;"Engineering Project Organization Journal";journal;"21573727, 21573735";"Engineering Project Organization Society (EPOS)";No;No;0,162;Q4;7;10;18;349;7;17;0,55;34,90;35,29;0;United States;Northern America;"Engineering Project Organization Society (EPOS)";"2019-2022, 2024-2026";"Building and Construction (Q4); Engineering (miscellaneous) (Q4); Information Systems and Management (Q4); Strategy and Management (Q4)";"Business, Management and Accounting; Decision Sciences; Engineering"
505;21101393097;"Proceedings - 2024 IEEE International Conference on Big Data, BigData 2024";conference and proceedings;"26391589, 25732978";"";No;No;0,162;-;8;0;1143;0;807;1142;0,71;0,00;0,00;0;United States;Northern America;"";"2024";"Artificial Intelligence; Computer Networks and Communications; Computer Science Applications; Information Systems; Information Systems and Management; Modeling and Simulation; Safety, Risk, Reliability and Quality";"Computer Science; Decision Sciences; Engineering; Mathematics"
506;21100268428;"Journal of ICT Research and Applications";journal;"23375787, 23385499";"Institute for Research and Community Services, Institut Teknologi Bandung";Yes;No;0,160;Q4;19;12;53;396;59;53;1,24;33,00;32,14;0;Indonesia;Asiatic Region;"Institute for Research and Community Services, Institut Teknologi Bandung";"2013-2025";"Computer Science (miscellaneous) (Q4); Electrical and Electronic Engineering (Q4); Information Systems and Management (Q4)";"Computer Science; Decision Sciences; Engineering"
507;21100879012;"International Conference on Software, Knowledge Information, Industrial Management and Applications, SKIMA";conference and proceedings;"25733214, 2373082X";"Institute of Electrical and Electronics Engineers Inc.";No;No;0,159;-;11;0;112;0;74;109;0,80;0,00;0,00;0;United States;Northern America;"Institute of Electrical and Electronics Engineers Inc.";"2017-2018, 2022-2023";"Computer Science Applications; Information Systems; Information Systems and Management; Software";"Computer Science; Decision Sciences"
508;54666;"International Journal of Networking and Virtual Organisations";journal;"14709503, 17415225";"Inderscience Publishers";No;No;0,158;Q4;24;31;123;831;97;122;0,81;26,81;53,06;0;United Kingdom;Western Europe;"Inderscience Publishers";"2002-2025";"Computer Networks and Communications (Q4); Computer Science Applications (Q4); Information Systems and Management (Q4); Strategy and Management (Q4)";"Business, Management and Accounting; Computer Science; Decision Sciences"
509;21100204111;"Smart Innovation, Systems and Technologies";book series;"21903026, 21903018";"Springer Science and Business Media Deutschland GmbH";No;No;0,157;Q4;42;2156;7614;44818;3737;6850;0,47;20,79;37,26;0;Germany;Western Europe;"Springer Science and Business Media Deutschland GmbH";"2010-2026";"Computer Science (miscellaneous) (Q4); Decision Sciences (miscellaneous) (Q4)";"Computer Science; Decision Sciences"
510;21100203125;"Proceedings of the European Conference on Knowledge Management, ECKM";conference and proceedings;"20488963, 20488971";"Academic Conferences and Publishing International Limited";No;No;0,157;-;15;168;534;5211;309;525;0,59;31,02;48,75;0;United Kingdom;Western Europe;"Academic Conferences and Publishing International Limited";"2005-2025";"Information Systems and Management; Management Science and Operations Research";"Decision Sciences"
511;21100843362;"Stochastics and Quality Control";journal;"23672390, 23672404";"Walter de Gruyter GmbH";No;No;0,155;Q4;17;15;35;383;18;34;0,40;25,53;26,67;0;Germany;Western Europe;"Walter de Gruyter GmbH";"2001-2013, 2017-2026";"Applied Mathematics (Q4); Discrete Mathematics and Combinatorics (Q4); Safety, Risk, Reliability and Quality (Q4); Statistics and Probability (Q4); Statistics, Probability and Uncertainty (Q4)";"Decision Sciences; Engineering; Mathematics"
512;21101154818;"Neuro-Fuzzy Modeling Techniques in Economics";journal;"24153516, 23063289";"Vadym Hetman Kyiv National University of Economics";No;No;0,154;Q4;6;0;15;0;11;15;0,78;0,00;0,00;0;Ukraine;Eastern Europe;"Vadym Hetman Kyiv National University of Economics";"2019, 2021-2024";"Applied Mathematics (Q4); Economics, Econometrics and Finance (miscellaneous) (Q4); Management Science and Operations Research (Q4); Statistics and Probability (Q4); Statistics, Probability and Uncertainty (Q4)";"Decision Sciences; Economics, Econometrics and Finance; Mathematics"
513;21101342175;"Computer Science (China)";journal;"1002137X";"Editorial office of Computer Science";No;No;0,153;Q4;18;774;2439;26362;1372;2439;0,59;34,06;33,50;0;China;Asiatic Region;"Editorial office of Computer Science";"2021-2026";"Artificial Intelligence (Q4); Information Systems and Management (Q4)";"Computer Science; Decision Sciences"
514;21100207616;"International Journal of Sociotechnology and Knowledge Development";journal;"19416253, 19416261";"IGI Global Publishing";No;No;0,153;Q4;19;1;58;33;55;58;2,00;33,00;0,00;0;United States;Northern America;"IGI Global Publishing";"2009-2026";"Computer Science Applications (Q4); Information Systems and Management (Q4)";"Computer Science; Decision Sciences"
515;21100421887;"Lecture Notes in Information Systems and Organisation";book series;"21954968, 21954976";"Springer Science and Business Media Deutschland GmbH";No;No;0,153;Q4;27;211;537;8710;313;464;0,60;41,28;34,12;0;Germany;Western Europe;"Springer Science and Business Media Deutschland GmbH";"2013-2025";"Computer Science Applications (Q4); Information Systems (Q4); Information Systems and Management (Q4); Management Information Systems (Q4); Management of Technology and Innovation (Q4)";"Business, Management and Accounting; Computer Science; Decision Sciences"
516;21101201072;"Proceedings of the IEEE International Conference on Intelligent Data Acquisition and Advanced Computing Systems: Technology and Applications, IDAACS";conference and proceedings;"27704262, 27704254";"Institute of Electrical and Electronics Engineers Inc.";No;No;0,152;-;6;0;225;0;181;220;0,80;0,00;0,00;0;United States;Northern America;"Institute of Electrical and Electronics Engineers Inc.";"2023";"Artificial Intelligence; Computer Science Applications; Computer Vision and Pattern Recognition; Control and Optimization; Information Systems; Information Systems and Management; Instrumentation; Modeling and Simulation";"Computer Science; Decision Sciences; Mathematics; Physics and Astronomy"
517;21100927900;"Journal of Food Distribution Research";journal;"26433354";"Food Distribution Research Society";Yes;No;0,150;Q4;7;4;53;154;24;53;0,32;38,50;61,54;0;United States;Northern America;"Food Distribution Research Society";"2019-2025";"Agronomy and Crop Science (Q4); Economics and Econometrics (Q4); Food Science (Q4); Management Science and Operations Research (Q4); Marketing (Q4)";"Agricultural and Biological Sciences; Business, Management and Accounting; Decision Sciences; Economics, Econometrics and Finance"
518;21101270641;"Tasmimgiri va Tahqiq dar Amaliyyat";journal;"26766159, 25385097";"Research Expansion Alliance (REA)";Yes;Yes;0,149;Q4;5;36;191;1749;96;191;0,61;48,58;25,00;0;Serbia;Eastern Europe;"Research Expansion Alliance (REA)";"2021-2026";"Control and Optimization (Q4); Decision Sciences (miscellaneous) (Q4); Management Science and Operations Research (Q4); Strategy and Management (Q4)";"Business, Management and Accounting; Decision Sciences; Mathematics"
519;21100983359;"CERN IdeaSquare Journal of Experimental Innovation";journal;"24139505";"CERN Publishing";Yes;Yes;0,148;Q4;8;14;60;383;34;51;0,59;27,36;38,46;0;Switzerland;Western Europe;"CERN Publishing";"2017-2025";"Information Systems and Management (Q4); Management of Technology and Innovation (Q4)";"Business, Management and Accounting; Decision Sciences"
520;19400157401;"International Journal of Enterprise Network Management";journal;"17481252, 17481260";"Inderscience Enterprises Ltd";No;No;0,148;Q4;16;20;64;981;38;64;0,58;49,05;25,00;0;United Kingdom;Western Europe;"Inderscience Enterprises Ltd";"2006-2012, 2014-2025";"Business and International Management (Q4); Management of Technology and Innovation (Q4); Management Science and Operations Research (Q4)";"Business, Management and Accounting; Decision Sciences"
521;21101200223;"Moratuwa Engineering Research Conference, MERCon";conference and proceedings;"2691364X, 28315537";"Institute of Electrical and Electronics Engineers Inc.";No;No;0,148;-;4;153;273;3096;128;263;0,47;20,24;33,65;0;United States;Northern America;"Institute of Electrical and Electronics Engineers Inc.";"2023-2025";"Ceramics and Composites; Civil and Structural Engineering; Computational Mechanics; Computer Networks and Communications; Electrical and Electronic Engineering; Information Systems and Management; Instrumentation; Waste Management and Disposal";"Computer Science; Decision Sciences; Engineering; Environmental Science; Materials Science; Physics and Astronomy"
522;21100222537;"Intelligent Systems Reference Library";book series;"18684394, 18684408";"Springer Science + Business Media";No;No;0,147;Q4;49;161;691;9668;763;17;1,15;60,05;0,00;0;United States;Northern America;"Springer Science + Business Media";"2009-2026";"Computer Science (miscellaneous) (Q4); Information Systems and Management (Q4); Library and Information Sciences (Q4)";"Computer Science; Decision Sciences; Social Sciences"
523;21101258141;"International Conference on eDemocracy and eGovernment, ICEDEG";journal;"25731998, 25732005";"Institute of Electrical and Electronics Engineers Inc.";No;No;0,147;Q4;2;45;38;1277;20;36;0,53;28,38;37,70;0;United States;Northern America;"Institute of Electrical and Electronics Engineers Inc.";"2024-2025";"Artificial Intelligence (Q4); Communication (Q4); Computer Networks and Communications (Q4); Computer Science Applications (Q4); Information Systems and Management (Q4); Political Science and International Relations (Q4)";"Computer Science; Decision Sciences; Social Sciences"
524;21101111525;"International Conference on Harbour, Maritime and Multimodal Logistics Modelling and Simulation";conference and proceedings;"27240339";"I3M Conference";No;No;0,146;-;5;0;35;0;13;32;0,36;0,00;0,00;0;Spain;Western Europe;"I3M Conference";"2019-2024";"Business and International Management; Computer Science Applications; Management Science and Operations Research; Strategy and Management; Transportation";"Business, Management and Accounting; Computer Science; Decision Sciences; Social Sciences"
525;21100933317;"Journal of Information Systems Security";journal;"15510123, 15510808";"Information Institute";No;No;0,144;Q4;3;10;41;222;9;29;0,24;22,20;15,00;0;United States;Northern America;"Information Institute";"2019-2025";"Education (Q4); Information Systems (Q4); Information Systems and Management (Q4); Management Information Systems (Q4); Safety Research (Q4); Software (Q4)";"Business, Management and Accounting; Computer Science; Decision Sciences; Social Sciences"
526;21101284211;"Journal of Applied Science, Engineering, Technology, and Education";journal;"26850591";"PT Mattawang Mediatama Solution";No;No;0,143;Q4;4;47;74;1870;47;74;0,57;39,79;46,49;0;Indonesia;Asiatic Region;"PT Mattawang Mediatama Solution";"2022-2025";"Agricultural and Biological Sciences (miscellaneous) (Q4); Decision Sciences (miscellaneous) (Q4); Engineering (miscellaneous) (Q4); Environmental Science (miscellaneous) (Q4); Statistics, Probability and Uncertainty (Q4)";"Agricultural and Biological Sciences; Decision Sciences; Engineering; Environmental Science"
527;21101285880;"Proceedings of the International Conference on Big Data Computing and Communications, BIGCOM";journal;"27672174, 27672182";"Institute of Electrical and Electronics Engineers Inc.";No;No;0,143;Q4;2;0;39;0;10;38;0,26;0,00;0,00;0;United States;Northern America;"Institute of Electrical and Electronics Engineers Inc.";"2024";"Artificial Intelligence (Q4); Computer Science Applications (Q4); Computer Vision and Pattern Recognition (Q4); Health Informatics (Q4); Information Systems (Q4); Information Systems and Management (Q4); Statistics, Probability and Uncertainty (Q4)";"Computer Science; Decision Sciences; Medicine"
528;20449;"International Journal of Manufacturing Technology and Management";journal;"13682148, 17415195";"Inderscience Publishers";No;No;0,142;Q4;27;33;90;997;38;90;0,44;30,21;36,99;0;United Kingdom;Western Europe;"Inderscience Publishers";"2000-2026";"Computer Science Applications (Q4); Electrical and Electronic Engineering (Q4); Industrial and Manufacturing Engineering (Q4); Information Systems and Management (Q4); Strategy and Management (Q4)";"Business, Management and Accounting; Computer Science; Decision Sciences; Engineering"
529;21101393337;"Iranian Journal of Accounting, Auditing and Finance";journal;"27174131, 25886142";"Ferdowsi University of Mashhad";No;No;0,141;Q4;4;40;83;1901;37;83;0,51;47,53;12,20;0;Iran;Middle East;"Ferdowsi University of Mashhad";"2022-2026";"Accounting (Q4); Artificial Intelligence (Q4); Business, Management and Accounting (miscellaneous) (Q4); Finance (Q4); Information Systems and Management (Q4); Organizational Behavior and Human Resource Management (Q4)";"Business, Management and Accounting; Computer Science; Decision Sciences; Economics, Econometrics and Finance"
530;21101257855;"Proceedings of the IEEE International Conference on Computer Communication and the Internet, ICCCI";journal;"28332342, 28332350";"Institute of Electrical and Electronics Engineers Inc.";No;No;0,141;Q4;2;34;40;599;22;38;0,55;17,62;16,48;0;United States;Northern America;"Institute of Electrical and Electronics Engineers Inc.";"2024-2025";"Artificial Intelligence (Q4); Computer Networks and Communications (Q4); Computer Science Applications (Q4); Information Systems and Management (Q4); Signal Processing (Q4)";"Computer Science; Decision Sciences"
531;21101058059;"International Scientific and Technical Conference on Computer Sciences and Information Technologies";conference and proceedings;"27663639, 27663655";"Institute of Electrical and Electronics Engineers Inc.";No;No;0,140;-;26;0;401;0;217;397;0,41;0,00;0,00;0;United States;Northern America;"Institute of Electrical and Electronics Engineers Inc.";"2015-2024";"Computer Networks and Communications; Information Systems; Information Systems and Management";"Computer Science; Decision Sciences"
532;21101083423;"Proceedings of the Hamburg International Conference of Logistics";conference and proceedings;"23654430, 23655070";"Institute of Business Logistics and General Management, Hamburg University of Technology";No;No;0,140;-;6;0;32;0;12;30;0,00;0,00;0,00;0;Germany;Western Europe;"Institute of Business Logistics and General Management, Hamburg University of Technology";"2019, 2021-2022";"Business, Management and Accounting (miscellaneous); Management Science and Operations Research";"Business, Management and Accounting; Decision Sciences"
533;21101222663;"National Conference with International Participation, TELECOM";conference and proceedings;"28375246, 28375238";"Institute of Electrical and Electronics Engineers";No;No;0,139;-;2;80;62;1150;37;61;0,60;14,38;30,66;0;United States;Northern America;"Institute of Electrical and Electronics Engineers";"2023-2024";"Computer Networks and Communications; Computer Science Applications; Human-Computer Interaction; Information Systems and Management";"Computer Science; Decision Sciences"
534;21101393102;"Applied Human Factors and Ergonomics International";book series;"27710718";"AHFE International";No;No;0,138;Q4;12;1211;2889;21513;1100;3;0,38;17,76;0,00;4;United States;Northern America;"AHFE International";"2025-2026";"Artificial Intelligence (Q4); Engineering (miscellaneous) (Q4); Human-Computer Interaction (Q4); Management Science and Operations Research (Q4); Safety, Risk, Reliability and Quality (Q4)";"Computer Science; Decision Sciences; Engineering"
535;21101028600;"Statistica Applicata";journal;"11251964, 20385587";"ASA Associazione per la Statistica Applicata";No;No;0,137;Q4;5;0;105;0;28;102;0,20;0,00;0,00;0;Italy;Western Europe;"ASA Associazione per la Statistica Applicata";"2019-2024";"Applied Mathematics (Q4); Statistics and Probability (Q4); Statistics, Probability and Uncertainty (Q4)";"Decision Sciences; Mathematics"
536;21101210641;"Journal of Korean Institute of Communications and Information Sciences";journal;"12264717, 22873880";"Korean Institute of Communications and Information Sciences";No;No;0,135;Q4;6;210;650;3574;140;650;0,24;17,02;28,95;0;South Korea;Asiatic Region;"Korean Institute of Communications and Information Sciences";"2020-2026";"Computer Networks and Communications (Q4); Computer Science (miscellaneous) (Q4); Information Systems and Management (Q4)";"Computer Science; Decision Sciences"
537;21101042317;"Journal of Systems Science and Information";journal;"14789906, 25126660";"Science China Press";No;No;0,135;Q4;12;50;121;2090;45;121;0,32;41,80;43,28;0;China;Asiatic Region;"Science China Press";"2019-2026";"Applied Mathematics (Q4); Computer Networks and Communications (Q4); Control and Systems Engineering (Q4); Decision Sciences (miscellaneous) (Q4); Economics, Econometrics and Finance (miscellaneous) (Q4); Statistics and Probability (Q4)";"Computer Science; Decision Sciences; Economics, Econometrics and Finance; Engineering; Mathematics"
538;21100943551;"Mathematica Applicanda";journal;"17302668, 22994009";"Polish Mathematical Society";No;No;0,134;Q4;5;0;48;0;18;48;0,48;0,00;0,00;0;Poland;Eastern Europe;"Polish Mathematical Society";"2018-2024";"Decision Sciences (miscellaneous) (Q4); Mathematics (miscellaneous) (Q4)";"Decision Sciences; Mathematics"
539;145594;"Military Operations Research";journal;"02755823";"Military Operations Research Society";No;No;0,134;Q4;18;0;28;0;15;26;0,36;0,00;0,00;0;United States;Northern America;"Military Operations Research Society";"2005-2024";"Civil and Structural Engineering (Q4); Management Science and Operations Research (Q4); Mechanical Engineering (Q4)";"Decision Sciences; Engineering"
540;21101134686;"Proceedings - International Conference on Education and Technology, ICET";conference and proceedings;"27704807";"Institute of Electrical and Electronics Engineers";No;No;0,134;-;6;0;132;0;84;129;0,47;0,00;0,00;0;United States;Northern America;"Institute of Electrical and Electronics Engineers";"2022-2024";"Computer Networks and Communications; Education; Information Systems and Management; Instrumentation; Management Information Systems; Media Technology";"Business, Management and Accounting; Computer Science; Decision Sciences; Engineering; Physics and Astronomy; Social Sciences"
541;21100904665;"Contributions to Management Science";book series;"2197716X, 14311941";"Springer International Publishing";No;No;0,133;Q4;30;219;1032;11079;1126;1;1,26;50,59;0,00;0;Switzerland;Western Europe;"Springer International Publishing";"2005-2026";"Business and International Management (Q4); Management of Technology and Innovation (Q4); Management Science and Operations Research (Q4); Marketing (Q4); Strategy and Management (Q4)";"Business, Management and Accounting; Decision Sciences"
542;21100823806;"Series on Concrete and Applicable Mathematics";book series;"17931142";"World Scientific";No;No;0,133;Q4;2;0;3;0;0;1;0,00;0,00;0,00;0;Singapore;Asiatic Region;"World Scientific";"2017, 2022-2023";"Algebra and Number Theory (Q4); Applied Mathematics (Q4); Computational Mathematics (Q4); Discrete Mathematics and Combinatorics (Q4); Management Science and Operations Research (Q4); Mathematical Physics (Q4); Modeling and Simulation (Q4); Statistics and Probability (Q4)";"Decision Sciences; Mathematics"
543;14135;"South African Statistical Journal";journal;"0038271X, 19968450";"South African Statistical Association";No;No;0,133;Q4;12;5;18;148;7;18;0,58;29,60;36,36;0;South Africa;Africa;"South African Statistical Association";"1996-2025";"Statistics and Probability (Q4); Statistics, Probability and Uncertainty (Q4)";"Decision Sciences; Mathematics"
544;21100828949;"Studies in Systems, Decision and Control";book series;"21984182, 21984190";"Springer International Publishing AG";Yes;No;0,133;Q4;51;2417;4991;69304;4193;1;0,95;28,67;0,00;1;Switzerland;Western Europe;"Springer International Publishing AG";"2014-2026";"Automotive Engineering (Q4); Computer Science (miscellaneous) (Q4); Control and Optimization (Q4); Control and Systems Engineering (Q4); Decision Sciences (miscellaneous) (Q4); Economics, Econometrics and Finance (miscellaneous) (Q4); Social Sciences (miscellaneous) (Q4)";"Computer Science; Decision Sciences; Economics, Econometrics and Finance; Engineering; Mathematics; Social Sciences"
545;21100313916;"Boletin de Estadistica e Investigacion Operativa";journal;"23871725";"Sociedad de Estadistica e Investigacion Operativa";No;No;0,132;Q4;5;25;71;556;7;63;0,08;22,24;37,50;0;Spain;Western Europe;"Sociedad de Estadistica e Investigacion Operativa";"2014-2025";"Management Science and Operations Research (Q4); Statistics, Probability and Uncertainty (Q4)";"Decision Sciences"
546;19300157106;"International Journal of Internet Manufacturing and Services";journal;"17516056, 17516048";"Inderscience Enterprises Ltd";No;No;0,132;Q4;11;21;63;905;38;63;0,73;43,10;33,33;0;United Kingdom;Western Europe;"Inderscience Enterprises Ltd";"2007-2011, 2013-2025";"Computer Networks and Communications (Q4); Industrial and Manufacturing Engineering (Q4); Information Systems and Management (Q4)";"Computer Science; Decision Sciences; Engineering"
547;21101185266;"ICSBT International Conference on Smart Business Technologies";conference and proceedings;"2184772X";"Science and Technology Publications, Lda";No;No;0,132;-;4;0;61;0;29;58;0,59;0,00;0,00;0;Portugal;Western Europe;"Science and Technology Publications, Lda";"2022-2024";"Business, Management and Accounting (miscellaneous); Computer Networks and Communications; Computer Science Applications; Electrical and Electronic Engineering; Information Systems and Management";"Business, Management and Accounting; Computer Science; Decision Sciences; Engineering"
548;21100429166;"Proceedings of the Summer School Francesco Turco";conference and proceedings;"22838996";"AIDI - Italian Association of Industrial Operations Professors";No;No;0,132;-;13;119;319;3168;88;316;0,23;26,62;43,52;0;Italy;Western Europe;"AIDI - Italian Association of Industrial Operations Professors";"2013-2025";"Business and International Management; Energy Engineering and Power Technology; Fuel Technology; Geochemistry and Petrology; Industrial and Manufacturing Engineering; Management of Technology and Innovation; Management Science and Operations Research; Organizational Behavior and Human Resource Management; Safety, Risk, Reliability and Quality; Strategy and Management; Waste Management and Disposal";"Business, Management and Accounting; Decision Sciences; Earth and Planetary Sciences; Energy; Engineering; Environmental Science"
549;11900154344;"Foundations and Trends in Technology, Information and Operations Management";journal;"15719545";"Now Publishers Inc";No;No;0,131;Q4;18;13;26;958;7;26;0,35;73,69;24,14;0;United States;Northern America;"Now Publishers Inc";"2005, 2007-2014, 2016-2025";"Management Science and Operations Research (Q4)";"Decision Sciences"
550;4700152810;"International Journal of Business Process Integration and Management";journal;"17418771, 17418763";"Inderscience Enterprises Ltd";No;No;0,130;Q4;22;26;26;1513;20;26;0,93;58,19;33,80;0;United Kingdom;Western Europe;"Inderscience Enterprises Ltd";"2005-2015, 2017-2022, 2024-2025";"Business and International Management (Q4); Management Science and Operations Research (Q4); Strategy and Management (Q4)";"Business, Management and Accounting; Decision Sciences"
551;21101211866;"Proceedings - IEEE CHILEAN Conference on Electrical, Electronics Engineering, Information and Communication Technologies, ChileCon";conference and proceedings;"28321537, 28321529";"Institute of Electrical and Electronics Engineers Inc.";No;No;0,130;-;3;0;157;0;59;153;0,38;0,00;0,00;0;United States;Northern America;"Institute of Electrical and Electronics Engineers Inc.";"2023";"Artificial Intelligence; Computer Networks and Communications; Control and Optimization; Electrical and Electronic Engineering; Energy Engineering and Power Technology; Hardware and Architecture; Information Systems; Information Systems and Management";"Computer Science; Decision Sciences; Energy; Engineering; Mathematics"
552;21101284798;"ICACC - International Conference on Advances in Computing and Communications";journal;"27662829, 27663248";"Institute of Electrical and Electronics Engineers Inc.";No;No;0,129;Q4;2;0;67;0;36;65;0,54;0,00;0,00;0;United States;Northern America;"Institute of Electrical and Electronics Engineers Inc.";"2024";"Computer Networks and Communications (Q4); Computer Science Applications (Q4); Hardware and Architecture (Q4); Information Systems and Management (Q4)";"Computer Science; Decision Sciences"
553;21101258144;"Proceedings of the IEEE International Conference on Fog and Edge Computing, ICFEC";journal;"26943255, 26943263";"Institute of Electrical and Electronics Engineers Inc.";No;No;0,129;Q4;3;12;18;236;16;16;0,89;19,67;20,59;0;United States;Northern America;"Institute of Electrical and Electronics Engineers Inc.";"2024-2025";"Computer Networks and Communications (Q4); Hardware and Architecture (Q4); Information Systems and Management (Q4)";"Computer Science; Decision Sciences"
554;21101298357;"Proceedings of the IEEE International Conference on Trust, Security and Privacy in Computing and Communications, TrustCom";journal;"23249013, 2324898X";"Institute of Electrical and Electronics Engineers Inc.";No;No;0,129;Q4;3;0;365;0;76;349;0,21;0,00;0,00;0;United States;Northern America;"Institute of Electrical and Electronics Engineers Inc.";"2024";"Artificial Intelligence (Q4); Computer Networks and Communications (Q4); Hardware and Architecture (Q4); Information Systems and Management (Q4); Safety, Risk, Reliability and Quality (Q4)";"Computer Science; Decision Sciences; Engineering"
555;21101301729;"International Conference on Advanced Infocomm Technology, ICAIT";journal;"27701603";"Institute of Electrical and Electronics Engineers Inc.";No;No;0,128;Q4;2;0;76;0;20;74;0,26;0,00;0,00;0;United States;Northern America;"Institute of Electrical and Electronics Engineers Inc.";"2024";"Computer Networks and Communications (Q4); Computer Science Applications (Q4); Hardware and Architecture (Q4); Information Systems (Q4); Information Systems and Management (Q4); Signal Processing (Q4)";"Computer Science; Decision Sciences"
556;21100851482;"Statistica e Applicazioni";journal;"18246672, 22836659";"Vita e Pensiero";No;No;0,128;Q4;12;0;6;0;1;4;0,00;0,00;0,00;0;Italy;Western Europe;"Vita e Pensiero";"2003-2022";"Statistical and Nonlinear Physics (Q4); Statistics and Probability (Q4); Statistics, Probability and Uncertainty (Q4)";"Decision Sciences; Mathematics; Physics and Astronomy"
557;21101272786;"International Conference on Networking, Architecture and Storage, NAS";journal;"28353323, 2835334X";"Institute of Electrical and Electronics Engineers Inc.";No;No;0,127;Q4;1;0;32;0;5;29;0,16;0,00;0,00;0;United States;Northern America;"Institute of Electrical and Electronics Engineers Inc.";"2024";"Computer Networks and Communications (Q4); Hardware and Architecture (Q4); Information Systems (Q4); Information Systems and Management (Q4)";"Computer Science; Decision Sciences"
558;4700152877;"Journal of Agricultural and Food Information";journal;"15404722, 10496505";"Taylor and Francis Ltd.";No;No;0,127;Q4;21;1;16;189;3;9;0,11;189,00;0,00;0;United Kingdom;Western Europe;"Taylor and Francis Ltd.";"1993-1996, 2000, 2002-2004, 2006-2025";"Agronomy and Crop Science (Q4); Food Science (Q4); Information Systems and Management (Q4)";"Agricultural and Biological Sciences; Decision Sciences"
559;21101023676;"International Conference on Quality Engineering and Management";conference and proceedings;"21843481";"Universidade do Minho";No;No;0,127;-;5;0;120;0;36;116;0,18;0,00;0,00;0;Portugal;Western Europe;"Universidade do Minho";"2014, 2016, 2018, 2020, 2022, 2024";"Management of Technology and Innovation; Management Science and Operations Research; Safety, Risk, Reliability and Quality; Strategy and Management";"Business, Management and Accounting; Decision Sciences; Engineering"
560;21100893272;"Lecturas de Economia";journal;"23230622, 01202596";"Universidad de Antioquia";Yes;Yes;0,125;Q4;10;15;67;437;21;66;0,41;29,13;27,27;0;Colombia;Latin America;"Universidad de Antioquia";"2005-2026";"Business, Management and Accounting (miscellaneous) (Q4); Economics and Econometrics (Q4); Finance (Q4); Social Sciences (miscellaneous) (Q4); Sociology and Political Science (Q4); Statistics, Probability and Uncertainty (Q4)";"Business, Management and Accounting; Decision Sciences; Economics, Econometrics and Finance; Social Sciences"
561;4700152816;"Logistics Journal";journal;"18607977";"Wissenschaftliche Gesellschaft fur Technische Logistik";No;No;0,125;Q4;8;24;64;586;17;63;0,17;24,42;8,24;0;Germany;Western Europe;"Wissenschaftliche Gesellschaft fur Technische Logistik";"2006, 2009-2025";"Control and Systems Engineering (Q4); Management Information Systems (Q4); Management Science and Operations Research (Q4)";"Business, Management and Accounting; Decision Sciences; Engineering"
562;21101263920;"International Conference on Computer, Control, Informatics and its Applications, IC3INA";journal;"29945933, 29945925";"Institute of Electrical and Electronics Engineers Inc.";No;No;0,124;Q4;4;0;86;0;50;84;0,58;0,00;0,00;0;United States;Northern America;"Institute of Electrical and Electronics Engineers Inc.";"2024";"Computer Networks and Communications (Q4); Computer Science Applications (Q4); Control and Optimization (Q4); Hardware and Architecture (Q4); Information Systems (Q4); Information Systems and Management (Q4)";"Computer Science; Decision Sciences; Mathematics"
563;21101264447;"IEEE Information Technology, Networking, Electronic and Automation Control Conference, ITNEC";journal;"26933128, 26933136";"Institute of Electrical and Electronics Engineers Inc.";No;No;0,123;Q4;3;0;364;0;113;362;0,31;0,00;0,00;0;United States;Northern America;"Institute of Electrical and Electronics Engineers Inc.";"2024";"Computer Networks and Communications (Q4); Computer Science Applications (Q4); Computer Vision and Pattern Recognition (Q4); Control and Optimization (Q4); Electrical and Electronic Engineering (Q4); Information Systems (Q4); Information Systems and Management (Q4)";"Computer Science; Decision Sciences; Engineering; Mathematics"
564;21101278422;"International Conference on Intelligent Informatics and BioMedical Sciences, ICIIBMS";journal;"30661110, 21898723";"Institute of Electrical and Electronics Engineers Inc.";No;No;0,123;Q4;2;106;168;1791;63;167;0,38;16,90;32,41;0;United States;Northern America;"Institute of Electrical and Electronics Engineers Inc.";"2024";"Artificial Intelligence (Q4); Biomedical Engineering (Q4); Computer Science Applications (Q4); Computer Vision and Pattern Recognition (Q4); Information Systems (Q4); Information Systems and Management (Q4); Safety, Risk, Reliability and Quality (Q4)";"Computer Science; Decision Sciences; Engineering"
565;21101049060;"Challenges to National Defence in Contemporary Geopolitical Situation";conference and proceedings;"25388959";"General Jonas Zemaitis Military Academy of Lithuania";No;No;0,121;-;7;0;118;0;66;115;0,49;0,00;0,00;0;Lithuania;Eastern Europe;"General Jonas Zemaitis Military Academy of Lithuania";"2018, 2020, 2022, 2024";"Artificial Intelligence; Computer Science Applications; Information Systems and Management; Mechanical Engineering; Political Science and International Relations; Safety Research; Safety, Risk, Reliability and Quality; Sociology and Political Science";"Computer Science; Decision Sciences; Engineering; Social Sciences"
566;21101297677;"IEEE Asia-Pacific Conference on Geoscience, Electronics and Remote Sensing Technology, AGERS";journal;"27716600, 27716619";"Institute of Electrical and Electronics Engineers Inc.";No;No;0,118;Q4;2;0;56;0;20;51;0,36;0,00;0,00;0;United States;Northern America;"Institute of Electrical and Electronics Engineers Inc.";"2024";"Aerospace Engineering (Q4); Computer Networks and Communications (Q4); Earth and Planetary Sciences (miscellaneous) (Q4); Geography, Planning and Development (Q4); Information Systems and Management (Q4); Instrumentation (Q4); Management, Monitoring, Policy and Law (Q4); Modeling and Simulation (Q4); Renewable Energy, Sustainability and the Environment (Q4)";"Computer Science; Decision Sciences; Earth and Planetary Sciences; Energy; Engineering; Environmental Science; Mathematics; Physics and Astronomy; Social Sciences"
567;21101285932;"International Conference on Social Networks Analysis, Management and Security, SNAMS";journal;"28317351, 28317343";"Institute of Electrical and Electronics Engineers Inc.";No;No;0,117;Q4;2;0;38;0;14;36;0,37;0,00;0,00;0;United States;Northern America;"Institute of Electrical and Electronics Engineers Inc.";"2024";"Communication (Q4); Computer Networks and Communications (Q4); Information Systems (Q4); Information Systems and Management (Q4); Management of Technology and Innovation (Q4); Safety, Risk, Reliability and Quality (Q4)";"Business, Management and Accounting; Computer Science; Decision Sciences; Engineering; Social Sciences"
568;12364;"International Journal of Information and Management Sciences";journal;"10171819";"Tamkang University";No;No;0,117;Q4;27;15;60;482;9;60;0,13;32,13;38,46;0;Taiwan;Asiatic Region;"Tamkang University";"1996-2025";"Control and Systems Engineering (Q4); Industrial and Manufacturing Engineering (Q4); Information Systems and Management (Q4); Management Information Systems (Q4); Strategy and Management (Q4)";"Business, Management and Accounting; Decision Sciences; Engineering"
569;21100936539;"Revue Europeenne d' Economie et Management des Services";journal;"25550284, 24970107";"Editions Classiques Garnier";No;No;0,117;Q4;5;11;36;658;7;35;0,13;59,82;35,29;0;France;Western Europe;"Editions Classiques Garnier";"2016-2025";"Management Information Systems (Q4); Management of Technology and Innovation (Q4); Management Science and Operations Research (Q4); Strategy and Management (Q4)";"Business, Management and Accounting; Decision Sciences"
570;4700151732;"International Journal of Risk Assessment and Management";journal;"14668297, 17415241";"Inderscience Enterprises Ltd";No;No;0,115;Q4;29;0;31;0;14;31;0,50;0,00;0,00;0;United Kingdom;Western Europe;"Inderscience Enterprises Ltd";"2000-2003, 2005-2023";"Business and International Management (Q4); Management Science and Operations Research (Q4); Statistics, Probability and Uncertainty (Q4)";"Business, Management and Accounting; Decision Sciences"
571;21101298367;"Proceedings of the IEEE International Conference on Service Operations and Logistics, and Informatics, SOLI";journal;"28326547, 27681890";"Institute of Electrical and Electronics Engineers Inc.";No;No;0,115;Q4;1;0;34;0;4;33;0,12;0,00;0,00;0;United States;Northern America;"Institute of Electrical and Electronics Engineers Inc.";"2024";"Computer Networks and Communications (Q4); Information Systems (Q4); Information Systems and Management (Q4); Management Science and Operations Research (Q4); Safety, Risk, Reliability and Quality (Q4)";"Computer Science; Decision Sciences; Engineering"
572;21101285713;"Proceedings of the IEEE Conference on Systems, Process and Control, ICSPC";journal;"27698378, 27697916";"Institute of Electrical and Electronics Engineers Inc.";No;No;0,114;Q4;3;0;74;0;30;73;0,41;0,00;0,00;0;United States;Northern America;"Institute of Electrical and Electronics Engineers Inc.";"2024";"Artificial Intelligence (Q4); Computer Science Applications (Q4); Control and Optimization (Q4); Education (Q4); Information Systems (Q4); Information Systems and Management (Q4); Modeling and Simulation (Q4); Safety, Risk, Reliability and Quality (Q4)";"Computer Science; Decision Sciences; Engineering; Mathematics; Social Sciences"
573;21101285754;"Proceedings of the IEEE International Conference on High Performance Computing, Data, and Analytics Workshops, HiPCW";journal;"27700135, 27700151";"Institute of Electrical and Electronics Engineers Inc.";No;No;0,114;Q4;2;0;81;0;23;79;0,28;0,00;0,00;0;United States;Northern America;"Institute of Electrical and Electronics Engineers Inc.";"2024";"Computer Science Applications (Q4); Information Systems (Q4); Information Systems and Management (Q4); Software (Q4)";"Computer Science; Decision Sciences"
574;21100244402;"Studies in Classification, Data Analysis, and Knowledge Organization";book series;"21983321, 14318814";"Springer Science and Business Media Deutschland GmbH";No;No;0,114;Q4;27;76;136;1290;23;126;0,13;16,97;41,24;0;Germany;Western Europe;"Springer Science and Business Media Deutschland GmbH";"1997, 2005, 2007-2008, 2010-2025";"Analysis (Q4); Computer Science Applications (Q4); Information Systems (Q4); Information Systems and Management (Q4)";"Computer Science; Decision Sciences; Mathematics"
575;21100854422;"Atas da Conferencia da Associacao Portuguesa de Sistemas de Informacao";conference and proceedings;"2183489X";"Associacao Portuguesa de Sistemas de Informacao";No;No;0,114;-;7;0;65;0;17;62;0,30;0,00;0,00;0;Portugal;Western Europe;"Associacao Portuguesa de Sistemas de Informacao";"2014-2024";"Computer Science Applications; Information Systems; Information Systems and Management; Management Information Systems; Management of Technology and Innovation";"Business, Management and Accounting; Computer Science; Decision Sciences"
576;17600155037;"Journal of Quality";journal;"10220690";"Chinese Society for Quality";No;No;0,112;Q4;11;24;69;1038;10;68;0,14;43,25;49,09;0;Taiwan;Asiatic Region;"Chinese Society for Quality";"2009-2025";"Management Science and Operations Research (Q4); Safety, Risk, Reliability and Quality (Q4)";"Decision Sciences; Engineering"
577;200147130;"Sankhya: The Indian Journal of Statistics";journal;"09727671";"Indian Statistical Institute";No;No;0,112;Q4;21;0;7;0;1;7;0,00;0,00;0,00;0;India;Asiatic Region;"Indian Statistical Institute";"2005-2022";"Statistics and Probability (Q4); Statistics, Probability and Uncertainty (Q4)";"Decision Sciences; Mathematics"
578;21101278423;"International Conference on Big Data and Information Analytics, BigDIA";journal;"27716910, 27716902";"Institute of Electrical and Electronics Engineers Inc.";No;No;0,111;Q4;2;0;130;0;29;128;0,22;0,00;0,00;0;United States;Northern America;"Institute of Electrical and Electronics Engineers Inc.";"2024";"Decision Sciences (miscellaneous) (Q4); Information Systems (Q4); Information Systems and Management (Q4)";"Computer Science; Decision Sciences"
579;21101294617;"Journal of Sustainable Competitive Intelligence";journal;"30857813";"Editora Alumni In";No;No;0,111;Q4;2;27;25;915;5;25;0,20;33,89;38,67;0;Brazil;Latin America;"Editora Alumni In";"2023-2026";"Business, Management and Accounting (miscellaneous) (Q4); Decision Sciences (miscellaneous) (Q4); Development (Q4); Management, Monitoring, Policy and Law (Q4)";"Business, Management and Accounting; Decision Sciences; Environmental Science; Social Sciences"
580;21101297674;"IEEE International Conference on Emerging and Sustainable Technologies for Power and ICT in a Developing Society, NIGERCON";journal;"23772689, 23772697";"Institute of Electrical and Electronics Engineers Inc.";No;No;0,110;Q4;3;0;439;0;88;438;0,20;0,00;0,00;0;United States;Northern America;"Institute of Electrical and Electronics Engineers Inc.";"2024";"Artificial Intelligence (Q4); Computer Networks and Communications (Q4); Computer Science Applications (Q4); Development (Q4); Energy Engineering and Power Technology (Q4); Information Systems and Management (Q4); Renewable Energy, Sustainability and the Environment (Q4)";"Computer Science; Decision Sciences; Energy; Social Sciences"
581;21100862481;"ACRN Journal of Finance and Risk Perspectives";journal;"23057394";"ACRN Oxford Ltd.";Yes;No;0,109;Q4;9;0;10;0;7;10;0,25;0,00;0,00;0;United Kingdom;Western Europe;"ACRN Oxford Ltd.";"2017-2023";"Accounting (Q4); Business and International Management (Q4); Finance (Q4); Statistics, Probability and Uncertainty (Q4)";"Business, Management and Accounting; Decision Sciences; Economics, Econometrics and Finance"
582;21100317406;"Advances in Knowledge Organization";conference and proceedings;"09385495";"Nomos Verlagsgesellschaft mbH und Co KG";No;No;0,108;-;11;0;91;0;16;85;0,17;0,00;0,00;0;Germany;Western Europe;"Nomos Verlagsgesellschaft mbH und Co KG";"2006, 2008, 2010, 2012, 2014, 2016, 2018, 2020, 2022, 2024";"Computer Science Applications; Information Systems; Information Systems and Management";"Computer Science; Decision Sciences"
583;21101089946;"International Conference on Structural Health Monitoring of Intelligent Infrastructure: Transferring Research into Practice, SHMII";conference and proceedings;"25643738";"International Society for Structural Health Monitoring of Intelligent Infrastructure, ISHMII";No;No;0,106;-;5;0;137;0;13;135;0,00;0,00;0,00;0;Canada;Northern America;"International Society for Structural Health Monitoring of Intelligent Infrastructure, ISHMII";"2021-2022";"Artificial Intelligence; Building and Construction; Civil and Structural Engineering; Computer Networks and Communications; Information Systems and Management";"Computer Science; Decision Sciences; Engineering"
584;21101043804;"Operations Management Education Review";journal;"16497082, 20444567";"NeilsonJournals Publishing";No;No;0,103;Q4;2;5;19;76;1;19;0,07;15,20;0,00;0;United Kingdom;Western Europe;"NeilsonJournals Publishing";"2019-2024";"Decision Sciences (miscellaneous) (Q4); Information Systems and Management (Q4); Management Science and Operations Research (Q4)";"Decision Sciences"
585;21101285929;"International Conference on Computer and Communication Engineering Technology, CCET";journal;"28365992, 28365984";"Institute of Electrical and Electronics Engineers Inc.";No;No;0,102;Q4;1;50;55;775;8;53;0,15;15,50;38,52;0;United States;Northern America;"Institute of Electrical and Electronics Engineers Inc.";"2024-2025";"Computer Networks and Communications (Q4); Computer Vision and Pattern Recognition (Q4); Control and Optimization (Q4); Information Systems and Management (Q4); Signal Processing (Q4)";"Computer Science; Decision Sciences; Mathematics"
586;21101245237;"Journal of the Indian Statistical Association";journal;"05372585";"Indian Statistical Association";No;No;0,101;Q4;2;0;27;0;2;25;0,00;0,00;0,00;0;India;Asiatic Region;"Indian Statistical Association";"2020-2024";"Statistics and Probability (Q4); Statistics, Probability and Uncertainty (Q4)";"Decision Sciences; Mathematics"
587;21101297249;"Proceedings of the IEEE Central America and Panama Convention, CONCAPAN";journal;"29960886, 26877244";"Institute of Electrical and Electronics Engineers Inc.";No;No;0,101;Q4;2;0;99;0;17;98;0,17;0,00;0,00;0;United States;Northern America;"Institute of Electrical and Electronics Engineers Inc.";"2024";"Artificial Intelligence (Q4); Computer Networks and Communications (Q4); Computer Vision and Pattern Recognition (Q4); Electrical and Electronic Engineering (Q4); Energy Engineering and Power Technology (Q4); Information Systems and Management (Q4); Renewable Energy, Sustainability and the Environment (Q4)";"Computer Science; Decision Sciences; Energy; Engineering"
588;21101023684;"Fabriksoftware";journal;"25697692";"Gito Verlag";No;No;0,100;Q4;2;16;134;38;1;65;0,01;2,38;6,67;0;Germany;Western Europe;"Gito Verlag";"2018-2025";"Computer Science Applications (Q4); Industrial and Manufacturing Engineering (Q4); Information Systems (Q4); Information Systems and Management (Q4); Management of Technology and Innovation (Q4); Software (Q4)";"Business, Management and Accounting; Computer Science; Decision Sciences; Engineering"
589;74292;"Foundry Trade Journal International";trade journal;"17589789";"FMJ International Publications Ltd";No;No;0,100;Q4;9;29;92;0;0;67;0,00;0,00;0,00;0;United Kingdom;Western Europe;"FMJ International Publications Ltd";"1979, 1988, 2011-2013, 2017-2025";"Information Systems (Q4); Information Systems and Management (Q4); Software (Q4)";"Computer Science; Decision Sciences"
590;22473;"Quality Progress";journal;"0033524X";"American Society for Quality";No;No;0,100;Q4;38;127;378;18;6;107;0,02;0,14;37,04;0;United States;Northern America;"American Society for Quality";"1974, 1978-2025";"Industrial and Manufacturing Engineering (Q4); Management Science and Operations Research (Q4); Safety, Risk, Reliability and Quality (Q4); Strategy and Management (Q4)";"Business, Management and Accounting; Decision Sciences; Engineering"
591;4000152116;"Advances in Accounting Behavioral Research";book series;"14751488";"Emerald Group Publishing Ltd.";No;No;;-;15;13;38;408;20;0;0,44;31,38;0,00;0;United Kingdom;Western Europe;"Emerald Group Publishing Ltd.";"2000-2006, 2008-2026";"Accounting; Management Science and Operations Research";"Business, Management and Accounting; Decision Sciences"
592;21101176015;"Data and Metadata (discontinued)";journal;"29534917";"";No;No;;-;24;259;425;9956;680;424;1,64;38,44;32,82;0;Argentina;Latin America;"";"2022-2025";"Computer Science (miscellaneous); Health Information Management; Information Systems; Information Systems and Management";"Computer Science; Decision Sciences; Health Professions"
593;21101277752;"Health Leadership and Quality of Life (discontinued)";journal;"30088488";"";No;No;;-;20;145;552;4088;68;550;0,12;28,19;47,54;0;Argentina;Latin America;"";"2022-2025";"Health Policy; Management Science and Operations Research; Public Health, Environmental and Occupational Health; Strategy and Management";"Business, Management and Accounting; Decision Sciences; Medicine"
594;21101315243;"IEEE International Conference on Pervasive Computing and Communications Workshops, PerCom Workshops";journal;"28365348, 27668576";"Institute of Electrical and Electronics Engineers Inc.";No;No;;-;2;152;0;2602;0;0;0,00;17,12;27,61;0;United States;Northern America;"Institute of Electrical and Electronics Engineers Inc.";"2025";"Artificial Intelligence; Computer Networks and Communications; Computer Science Applications; Health Informatics; Information Systems; Information Systems and Management; Modeling and Simulation; Safety, Risk, Reliability and Quality";"Computer Science; Decision Sciences; Engineering; Mathematics; Medicine"
595;21101320630;"IEEE Symposium on Computer Applications and Industrial Electronics, ISCAIE";journal;"28364864, 28364317";"Institute of Electrical and Electronics Engineers Inc.";No;No;;-;1;99;0;2352;0;0;0,00;23,76;33,65;0;United States;Northern America;"Institute of Electrical and Electronics Engineers Inc.";"2025";"Computer Networks and Communications; Computer Science Applications; Electrical and Electronic Engineering; Industrial and Manufacturing Engineering; Information Systems and Management; Signal Processing";"Computer Science; Decision Sciences; Engineering"
596;21101285877;"International Conference on Communication Systems and Networks, COMSNETS";journal;"21552509, 21552487";"Institute of Electrical and Electronics Engineers Inc.";No;No;;-;3;227;0;4559;0;0;0,00;20,08;25,95;0;United States;Northern America;"Institute of Electrical and Electronics Engineers Inc.";"2025";"Artificial Intelligence; Computer Networks and Communications; Hardware and Architecture; Information Systems; Information Systems and Management; Safety, Risk, Reliability and Quality";"Computer Science; Decision Sciences; Engineering"
597;21101393923;"International Conference on Computer Science and Engineering, UBMK";journal;"25211641";"Institute of Electrical and Electronics Engineers Inc.";No;No;;-;1;319;0;6307;0;0;0,00;19,77;42,29;0;United States;Northern America;"Institute of Electrical and Electronics Engineers Inc.";"2025";"Artificial Intelligence; Computer Networks and Communications; Hardware and Architecture; Information Systems; Information Systems and Management; Safety, Risk, Reliability and Quality";"Computer Science; Decision Sciences; Engineering"
598;21101393603;"International Conference on Logistics, LOGISTIQUA";journal;"21667349, 21667373";"Institute of Electrical and Electronics Engineers Inc.";No;No;;-;1;128;0;4013;0;0;0,00;31,35;45,27;0;United States;Northern America;"Institute of Electrical and Electronics Engineers Inc.";"2025";"Artificial Intelligence; Decision Sciences (miscellaneous); Information Systems and Management; Management Science and Operations Research; Strategy and Management";"Business, Management and Accounting; Computer Science; Decision Sciences"
599;21101320264;"International Conference on Military Communication and Information Systems, ICMCIS";journal;"29934974, 29934966";"Institute of Electrical and Electronics Engineers Inc.";No;No;;-;1;38;0;953;0;0;0,00;25,08;16,57;0;United States;Northern America;"Institute of Electrical and Electronics Engineers Inc.";"2025";"Computer Networks and Communications; Information Systems; Information Systems and Management; Signal Processing";"Computer Science; Decision Sciences"
600;21101297183;"International Conference on Signal Processing and Communication, ICSC";journal;"26434458, 2643444X";"Institute of Electrical and Electronics Engineers Inc.";No;No;;-;2;162;0;3412;0;0;0,00;21,06;31,85;0;United States;Northern America;"Institute of Electrical and Electronics Engineers Inc.";"2025";"Computer Networks and Communications; Information Systems and Management; Instrumentation; Safety, Risk, Reliability and Quality; Signal Processing";"Computer Science; Decision Sciences; Engineering; Physics and Astronomy"
601;21101361151;"International Conference on System of Systems Engineering, SoSE";journal;"28353161, 28353307";"Institute of Electrical and Electronics Engineers Inc.";No;No;;-;1;101;0;2147;0;0;0,00;21,26;27,69;0;United States;Northern America;"Institute of Electrical and Electronics Engineers Inc.";"2025";"Hardware and Architecture; Health Informatics; Information Systems; Information Systems and Management; Safety, Risk, Reliability and Quality";"Computer Science; Decision Sciences; Engineering; Medicine"
602;21101315531;"International Conference on Web Research, ICWR";journal;"28378296, 28378288";"Institute of Electrical and Electronics Engineers Inc.";No;No;;-;1;94;0;2706;0;0;0,00;28,79;33,66;0;United States;Northern America;"Institute of Electrical and Electronics Engineers Inc.";"2025";"Artificial Intelligence; Computer Networks and Communications; Computer Science Applications; Information Systems and Management; Safety, Risk, Reliability and Quality";"Computer Science; Decision Sciences; Engineering"
603;21101320219;"IST-Africa";journal;"2576859X, 25768581";"Institute of Electrical and Electronics Engineers Inc.";No;No;;-;2;113;0;3045;0;0;0,00;26,95;26,69;0;United States;Northern America;"Institute of Electrical and Electronics Engineers Inc.";"2025";"Artificial Intelligence; Computer Networks and Communications; Computer Science Applications; Education; Information Systems and Management; Media Technology";"Computer Science; Decision Sciences; Engineering; Social Sciences"
604;21101317656;"Journal of Strategy and Innovation";journal;"30507901, 3050791X";"Elsevier B.V.";No;No;;-;3;14;0;1145;0;0;0,00;81,79;41,38;0;Netherlands;Western Europe;"Elsevier B.V.";"2025-2026";"Computer Science Applications; Information Systems and Management; Management of Technology and Innovation; Marketing; Strategy and Management";"Business, Management and Accounting; Computer Science; Decision Sciences"
605;21101298331;"LatIA (discontinued)";journal;"3046403X";"";No;No;;-;15;64;58;2507;107;58;1,84;39,17;50,00;0;Uruguay;Latin America;"";"2023-2025";"Computer Science Applications; Computer Science (miscellaneous); Information Systems and Management; Media Technology";"Computer Science; Decision Sciences; Engineering"
606;21101264294;"Lecture Notes in Operations Research";book series;"2731040X, 27310418";"Springer Nature";No;No;;-;8;293;1049;5237;305;0;0,29;17,87;0,00;0;Switzerland;Western Europe;"Springer Nature";"2021-2026";"Applied Mathematics; Control and Optimization; Management Science and Operations Research; Statistics, Probability and Uncertainty";"Decision Sciences; Mathematics"
607;21101295550;"Management (Montevideo) (discontinued)";journal;"30464048";"";No;No;;-;14;93;55;3208;34;55;0,62;34,49;51,11;0;Uruguay;Latin America;"";"2023-2025";"Decision Sciences (miscellaneous); Management Science and Operations Research; Organizational Behavior and Human Resource Management; Strategy and Management";"Business, Management and Accounting; Decision Sciences"
608;21101039666;"Operational Research in Engineering Sciences: Theory and Applications (discontinued)";journal;"26201747, 26201607";"Regional Association for Security and crisis management";Yes;No;;-;30;7;131;297;341;131;2,63;42,43;41,18;0;Serbia;Eastern Europe;"Regional Association for Security and crisis management";"2018-2025";"Engineering (miscellaneous); Management Science and Operations Research";"Decision Sciences; Engineering"
609;21101393610;"Proceedings of Papers, TELSIKS";journal;"29950651";"Institute of Electrical and Electronics Engineers Inc.";No;No;;-;1;61;0;986;0;0;0,00;16,16;32,61;0;United States;Northern America;"Institute of Electrical and Electronics Engineers Inc.";"2025";"Computer Networks and Communications; Hardware and Architecture; Information Systems; Information Systems and Management";"Computer Science; Decision Sciences"
610;21100967049;"Reliability: Theory and Applications (discontinued)";journal;"19322321";"Gnedenko Forum";No;No;;-;14;328;1049;7256;726;1049;0,75;22,12;34,03;0;United States;Northern America;"Gnedenko Forum";"2017-2025";"Safety Research; Safety, Risk, Reliability and Quality; Statistics, Probability and Uncertainty";"Decision Sciences; Engineering; Social Sciences"
611;21101283082;"Seminars in Medical Writing and Education (discontinued)";journal;"30088127";"";No;No;;-;23;112;355;3976;94;354;0,22;35,50;48,90;0;Argentina;Latin America;"";"2022-2025";"Education; Health Informatics; Information Systems and Management; Review and Exam Preparation; Reviews and References (medical)";"Decision Sciences; Medicine; Nursing; Social Sciences"
