Rank;Sourceid;Title;Type;Issn;Publisher;Open Access;Open Access Diamond;SJR;SJR Best Quartile;H index;Total Docs. (2021);Total Docs. (3years);Total Refs.;Total Citations (3years);Citable Docs. (3years);Citations / Doc. (2years);Ref. / Doc.;%Female;Overton;Country;Region;Publisher;Coverage;Categories;Areas
1;12010;"Annual Review of Psychology";journal;"00664308, 15452085";"Annual Reviews Inc.";No;No;8,804;Q1;315;28;79;4334;2190;76;25,86;154,79;44,26;16;United States;Northern America;"Annual Reviews Inc.";"1950-1958, 1960-1963, 1965-2026";"Psychology (miscellaneous) (Q1)";"Psychology"
2;21100863710;"Annual Review of Organizational Psychology and Organizational Behavior";journal;"23270608";"Annual Reviews Inc.";No;No;8,656;Q1;98;13;59;1378;1075;56;11,00;106,00;38,71;5;United States;Northern America;"Annual Reviews Inc.";"2014-2025";"Applied Psychology (Q1); Organizational Behavior and Human Resource Management (Q1); Social Psychology (Q1)";"Business, Management and Accounting; Psychology"
3;12812;"Personality and Social Psychology Review";journal;"10888683, 15327957";"SAGE Publications Inc.";No;No;7,660;Q1;204;13;44;2464;758;43;14,83;189,54;46,88;0;United States;Northern America;"SAGE Publications Inc.";"1997-2026";"Social Psychology (Q1)";"Psychology"
4;13443;"Psychological Bulletin";journal;"00332909, 19391455";"American Psychological Association";No;No;7,504;Q1;396;46;117;9464;2427;110;19,23;205,74;46,50;10;United States;Northern America;"American Psychological Association";"1904-2025";"History and Philosophy of Science (Q1); Psychology (miscellaneous) (Q1)";"Arts and Humanities; Psychology"
5;4600151524;"Annual Review of Clinical Psychology";book series;"15485951, 15485943";"Annual Reviews Inc.";No;No;7,450;Q1;166;23;61;3109;1328;59;20,40;135,17;56,16;9;United States;Northern America;"Annual Reviews Inc.";"2005-2025";"Clinical Psychology (Q1); Medicine (miscellaneous) (Q1); Psychiatry and Mental Health (Q1)";"Medicine; Psychology"
6;15388;"Journal of Applied Psychology";journal;"19391854, 00219010";"American Psychological Association";No;No;6,445;Q1;371;165;244;18346;2325;243;9,12;111,19;41,32;48;United States;Northern America;"American Psychological Association";"1917-2026";"Applied Psychology (Q1)";"Psychology"
7;15359;"Trends in Cognitive Sciences";journal;"1879307X, 13646613";"Elsevier Ltd";No;No;6,222;Q1;390;133;359;9078;5238;297;13,85;68,26;36,30;19;United Kingdom;Western Europe;"Elsevier Ltd";"1997-2026";"Cognitive Neuroscience (Q1); Experimental and Cognitive Psychology (Q1); Neuropsychology and Physiological Psychology (Q1)";"Neuroscience; Psychology"
8;13461;"Psychological Methods";journal;"1082989X, 19391463";"American Psychological Association";No;No;5,295;Q1;204;95;140;6061;1603;140;8,19;63,80;32,80;12;United States;Northern America;"American Psychological Association";"1996-2026";"History and Philosophy of Science (Q1); Psychology (miscellaneous) (Q1)";"Arts and Humanities; Psychology"
9;21100838541;"Nature Human Behaviour";journal;"23973374";"Nature Publishing Group";No;No;5,205;Q1;132;216;650;11148;7589;382;12,75;51,61;38,46;70;United Kingdom;Western Europe;"Nature Publishing Group";"2017-2026";"Behavioral Neuroscience (Q1); Experimental and Cognitive Psychology (Q1); Social Psychology (Q1)";"Neuroscience; Psychology"
10;12817;"Personnel Psychology";journal;"00315826, 17446570";"Wiley-Blackwell";No;No;5,077;Q1;183;27;67;2878;460;63;4,96;106,59;41,49;5;United States;Northern America;"Wiley-Blackwell";"1948-2026";"Applied Psychology (Q1); Organizational Behavior and Human Resource Management (Q1)";"Business, Management and Accounting; Psychology"
11;21101046404;"Advances in Methods and Practices in Psychological Science";journal;"25152459, 25152467";"SAGE Publications Inc.";Yes;No;4,950;Q1;58;36;110;1878;1397;98;8,97;52,17;53,33;8;United States;Northern America;"SAGE Publications Inc.";"2018-2026";"Psychology (miscellaneous) (Q1)";"Psychology"
12;21149;"Leadership Quarterly";journal;"10489843";"Elsevier Inc.";No;No;4,907;Q1;214;45;145;5564;1559;140;8,14;123,64;39,16;12;United States;Northern America;"Elsevier Inc.";"1990-2026";"Applied Psychology (Q1); Business and International Management (Q1); Organizational Behavior and Human Resource Management (Q1); Sociology and Political Science (Q1)";"Business, Management and Accounting; Psychology; Social Sciences"
13;13969;"Psychological Science in the Public Interest";journal;"21600031, 15291006";"SAGE Publications Inc.";No;No;4,612;Q1;67;7;19;774;202;11;10,08;110,57;50,00;0;United States;Northern America;"SAGE Publications Inc.";"2000-2025";"Psychology (miscellaneous) (Q1)";"Psychology"
14;19700182323;"Perspectives on Psychological Science";journal;"17456916, 17456924";"SAGE Publications Ltd";No;No;4,563;Q1;213;102;229;9356;2850;222;10,94;91,73;51,33;28;United States;Northern America;"SAGE Publications Ltd";"2006-2026";"Psychology (miscellaneous) (Q1)";"Psychology"
15;12854;"Clinical Psychology Review";journal;"18737811, 02727358";"Elsevier Inc.";No;No;4,466;Q1;284;88;215;10966;2865;211;9,96;124,61;59,56;38;United States;Northern America;"Elsevier Inc.";"1981-2026";"Clinical Psychology (Q1); Psychiatry and Mental Health (Q1)";"Medicine; Psychology"
16;21100834316;"The Lancet Child and Adolescent Health";journal;"23524642";"Elsevier B.V.";No;No;4,385;Q1;91;195;674;3958;5438;245;9,58;20,30;50,84;0;Netherlands;Western Europe;"Elsevier B.V.";"2017-2026";"Developmental and Educational Psychology (Q1); Pediatrics, Perinatology and Child Health (Q1)";"Medicine; Psychology"
17;13467;"Psychological Review";journal;"19391471, 0033295X";"American Psychological Association";No;No;4,355;Q1;259;76;124;8530;1147;115;7,16;112,24;24,88;4;United States;Northern America;"American Psychological Association";"1894-2026";"History and Philosophy of Science (Q1); Psychology (miscellaneous) (Q1)";"Arts and Humanities; Psychology"
18;19181;"Psychotherapy and Psychosomatics";journal;"00333190, 14230348";"S. Karger AG";No;No;4,032;Q1;128;47;223;2341;1683;89;8,50;49,81;46,02;14;Switzerland;Western Europe;"S. Karger AG";"1953-2026";"Applied Psychology (Q1); Clinical Psychology (Q1); Medicine (miscellaneous) (Q1); Psychiatry and Mental Health (Q1)";"Medicine; Psychology"
19;30020;"Journal of Organizational Behavior";journal;"10991379, 08943796";"John Wiley and Sons Ltd";No;No;3,880;Q1;242;70;217;7345;1767;205;7,37;104,93;45,45;13;United Kingdom;Western Europe;"John Wiley and Sons Ltd";"1981-1982, 1984-2026";"Applied Psychology (Q1); Organizational Behavior and Human Resource Management (Q1); Psychology (miscellaneous) (Q1); Sociology and Political Science (Q1)";"Business, Management and Accounting; Psychology; Social Sciences"
20;14130;"Research in Organizational Behavior";journal;"01913085";"Emerald Publishing";No;No;3,871;Q1;87;7;21;920;157;19;0,27;131,43;57,14;0;United Kingdom;Western Europe;"Emerald Publishing";"2000-2004, 2006, 2008-2025";"Experimental and Cognitive Psychology (Q1); Organizational Behavior and Human Resource Management (Q1); Social Psychology (Q1)";"Business, Management and Accounting; Psychology"
21;30039;"Journal of Personality and Social Psychology";journal;"00223514, 19391315";"American Psychological Association";No;No;3,697;Q1;468;136;365;13256;2756;363;6,87;97,47;44,52;27;United States;Northern America;"American Psychological Association";"1965-2026";"Social Psychology (Q1); Sociology and Political Science (Q1)";"Psychology; Social Sciences"
22;17643;"Journal of the American Academy of Child and Adolescent Psychiatry";journal;"08908567, 15275418";"Elsevier Inc.";No;No;3,579;Q1;289;221;567;5844;2742;245;5,05;26,44;53,47;52;United States;Northern America;"Elsevier Inc.";"1962, 1982, 1987-2026";"Developmental and Educational Psychology (Q1); Psychiatry and Mental Health (Q1)";"Medicine; Psychology"
23;13564;"Educational Psychologist";journal;"15326985, 00461520";"Routledge";No;No;3,537;Q1;175;22;65;2063;664;55;8,26;93,77;56,41;4;United States;Northern America;"Routledge";"1963-2026";"Developmental and Educational Psychology (Q1)";"Psychology"
24;13502;"Developmental Review";journal;"02732297, 10902406";"Elsevier Inc.";No;No;3,485;Q1;130;32;69;4892;661;68;7,77;152,88;75,56;7;United States;Northern America;"Elsevier Inc.";"1981-2026";"Developmental and Educational Psychology (Q1); Education (Q1); Experimental and Cognitive Psychology (Q1); Pediatrics, Perinatology and Child Health (Q1); Psychiatry and Mental Health (Q1)";"Medicine; Psychology; Social Sciences"
25;17900156719;"International Review of Sport and Exercise Psychology";journal;"1750984X, 17509858";"Routledge";No;No;3,348;Q1;68;13;50;1497;669;50;7,10;115,15;51,16;0;United Kingdom;Western Europe;"Routledge";"2009-2026";"Applied Psychology (Q1); Sports Science (Q1)";"Health Professions; Psychology"
26;14278;"Educational Psychology Review";journal;"1040726X, 1573336X";"Springer New York";No;No;3,255;Q1;172;72;137;6606;1394;130;9,37;91,75;47,03;25;United States;Northern America;"Springer New York";"1989-2026";"Developmental and Educational Psychology (Q1)";"Psychology"
27;15402;"Journal of Child Psychology and Psychiatry and Allied Disciplines";journal;"00219630, 14697610";"Wiley-Blackwell Publishing Ltd";No;No;3,148;Q1;265;165;433;7069;3199;345;6,81;42,84;58,39;52;United Kingdom;Western Europe;"Wiley-Blackwell Publishing Ltd";"1960-2026";"Developmental and Educational Psychology (Q1); Pediatrics, Perinatology and Child Health (Q1); Psychiatry and Mental Health (Q1)";"Medicine; Psychology"
28;13477;"Current Directions in Psychological Science";journal;"14678721, 09637214";"SAGE Publications Inc.";No;No;3,098;Q1;238;67;253;2340;2059;251;7,15;34,93;42,86;13;United States;Northern America;"SAGE Publications Inc.";"1992-2026";"Developmental and Educational Psychology (Q1); Psychology (miscellaneous) (Q1)";"Psychology"
29;15392;"Journal of Business and Psychology";journal;"1573353X, 08893268";"Kluwer Academic/Human Sciences Press Inc.";No;No;3,093;Q1;115;65;147;5508;974;144;6,35;84,74;46,80;7;United States;Northern America;"Kluwer Academic/Human Sciences Press Inc.";"1986-2026";"Applied Psychology (Q1); Business and International Management (Q1); Business, Management and Accounting (miscellaneous) (Q1); Psychology (miscellaneous) (Q1)";"Business, Management and Accounting; Psychology"
30;28181;"Journal of Consumer Psychology";journal;"15327663, 10577408";"John Wiley and Sons Inc";No;No;3,054;Q1;158;53;153;3123;601;147;3,43;58,92;41,41;8;United States;Northern America;"John Wiley and Sons Inc";"1992-2026";"Applied Psychology (Q1); Marketing (Q1)";"Business, Management and Accounting; Psychology"
31;13468;"Psychological Science";journal;"09567976, 14679280";"SAGE Publications Inc.";No;No;3,020;Q1;345;166;493;6187;3574;447;7,13;37,27;47,45;20;United States;Northern America;"SAGE Publications Inc.";"1990-2026";"Psychology (miscellaneous) (Q1)";"Psychology"
32;29282;"Journal of Occupational Health Psychology";journal;"19391307, 10768998";"Educational Publishing Foundation";No;No;3,014;Q1;161;43;125;3805;991;125;6,41;88,49;58,17;8;United States;Northern America;"Educational Publishing Foundation";"1996-2026";"Applied Psychology (Q1); Public Health, Environmental and Occupational Health (Q1)";"Medicine; Psychology"
33;22340;"Research on Language and Social Interaction";journal;"08351813, 15327973";"Routledge";No;No;2,909;Q1;82;21;71;1256;408;70;4,11;59,81;46,67;0;United States;Northern America;"Routledge";"1987-1991, 1993-2025";"Communication (Q1); Linguistics and Language (Q1); Social Psychology (Q1)";"Psychology; Social Sciences"
34;146223;"Behavior Research Methods";journal;"15543528, 1554351X";"Springer Nature";No;No;2,874;Q1;191;172;523;9794;3820;520;6,26;56,94;38,46;6;United States;Northern America;"Springer Nature";"1968-1983, 2004-2026";"Arts and Humanities (miscellaneous) (Q1); Developmental and Educational Psychology (Q1); Experimental and Cognitive Psychology (Q1); Psychology (miscellaneous) (Q1)";"Arts and Humanities; Psychology"
35;13900154713;"Child Development Perspectives";journal;"17508606, 17508592";"Wiley-Blackwell Publishing Ltd";No;No;2,871;Q1;112;39;124;1708;940;124;5,99;43,79;64,10;8;United Kingdom;Western Europe;"Wiley-Blackwell Publishing Ltd";"2007-2025";"Developmental and Educational Psychology (Q1); Life-span and Life-course Studies (Q1); Pediatrics, Perinatology and Child Health (Q1)";"Medicine; Psychology; Social Sciences"
36;24719;"Human Resource Management Review";journal;"10534822";"Elsevier Ltd";No;No;2,840;Q1;141;35;115;4272;1144;111;9,52;122,06;44,44;9;United Kingdom;Western Europe;"Elsevier Ltd";"1991-2026";"Applied Psychology (Q1); Organizational Behavior and Human Resource Management (Q1)";"Business, Management and Accounting; Psychology"
37;22326;"Organizational Behavior and Human Decision Processes";journal;"07495978, 10959920";"Academic Press Inc.";No;No;2,834;Q1;195;85;183;6888;877;179;4,40;81,04;41,08;21;United States;Northern America;"Academic Press Inc.";"1985-2026";"Applied Psychology (Q1); Organizational Behavior and Human Resource Management (Q1)";"Business, Management and Accounting; Psychology"
38;12006;"Journal of Vocational Behavior";journal;"10959084, 00018791";"Academic Press Inc.";No;No;2,805;Q1;209;90;317;8030;2884;299;9,83;89,22;56,11;17;United States;Northern America;"Academic Press Inc.";"1971-2026";"Applied Psychology (Q1); Education (Q1); Life-span and Life-course Studies (Q1); Organizational Behavior and Human Resource Management (Q1)";"Business, Management and Accounting; Psychology; Social Sciences"
39;24718;"Human Resource Management";journal;"00904848, 1099050X";"Wiley-Liss Inc.";No;No;2,698;Q1;133;49;164;5400;1049;161;5,92;110,20;41,29;10;United States;Northern America;"Wiley-Liss Inc.";"1961-2026";"Applied Psychology (Q1); Management of Technology and Innovation (Q1); Organizational Behavior and Human Resource Management (Q1); Strategy and Management (Q1)";"Business, Management and Accounting; Psychology"
40;15375;"Journal of Anxiety Disorders";journal;"08876185, 18737897";"Elsevier Ltd";No;No;2,697;Q1;157;100;263;6079;2755;256;12,38;60,79;56,75;8;United Kingdom;Western Europe;"Elsevier Ltd";"1987-2026";"Clinical Psychology (Q1); Psychiatry and Mental Health (Q1)";"Medicine; Psychology"
41;18045;"Neuroscience and Biobehavioral Reviews";journal;"18737528, 01497634";"Elsevier Ltd";No;No;2,660;Q1;319;470;991;76149;9448;925;8,40;162,02;46,34;60;United Kingdom;Western Europe;"Elsevier Ltd";"1978-2026";"Behavioral Neuroscience (Q1); Cognitive Neuroscience (Q1); Neuropsychology and Physiological Psychology (Q1)";"Neuroscience; Psychology"
42;13487;"Depression and Anxiety";journal;"10914269, 15206394";"John Wiley and Sons Inc";No;No;2,657;Q1;180;110;349;5630;2812;330;7,56;51,18;49,07;25;United States;Northern America;"John Wiley and Sons Inc";"1993, 1996-2026";"Clinical Psychology (Q1); Psychiatry and Mental Health (Q1)";"Medicine; Psychology"
43;12882;"Contemporary Educational Psychology";journal;"0361476X, 10902384";"Academic Press Inc.";No;No;2,651;Q1;148;64;228;5640;1536;224;6,82;88,13;63,43;7;United States;Northern America;"Academic Press Inc.";"1976-2026";"Developmental and Educational Psychology (Q1); Education (Q1)";"Psychology; Social Sciences"
44;15370;"Journal of Abnormal Psychology";journal;"0021843X";"American Psychological Association";No;No;2,643;Q1;233;78;240;5062;1657;237;5,95;64,90;52,48;4;United States;Northern America;"American Psychological Association";"1946, 1949, 1953-1955, 1957-1958, 1965-2021, 2025";"Biological Psychiatry (Q1); Clinical Psychology (Q1); Developmental and Educational Psychology (Q1); Psychiatry and Mental Health (Q1)";"Medicine; Neuroscience; Psychology"
45;12808;"Journal of Educational Psychology";journal;"19392176, 00220663";"American Psychological Association";No;No;2,623;Q1;274;115;269;10936;1809;269;6,03;95,10;56,53;35;United States;Northern America;"American Psychological Association";"1910-2025";"Developmental and Educational Psychology (Q1); Education (Q1)";"Psychology; Social Sciences"
46;15439;"Journal of Consulting and Clinical Psychology";journal;"0022006X, 19392117";"American Psychological Association";No;No;2,548;Q1;285;95;272;5473;1816;268;6,24;57,61;53,62;32;United States;Northern America;"American Psychological Association";"1968-2026";"Clinical Psychology (Q1); Psychiatry and Mental Health (Q1)";"Medicine; Psychology"
47;13357;"Journal of the Learning Sciences";journal;"10508406, 15327809";"Routledge";No;No;2,517;Q1;121;26;60;1662;432;58;7,19;63,92;54,55;2;United States;Northern America;"Routledge";"1991-1992, 1994-2025";"Developmental and Educational Psychology (Q1); Education (Q1)";"Psychology; Social Sciences"
48;21100274406;"Clinical Psychological Science";journal;"21677034, 21677026";"SAGE Publications Inc.";No;No;2,507;Q1;86;80;260;5742;1393;233;5,31;71,78;47,14;7;United States;Northern America;"SAGE Publications Inc.";"2013-2026";"Clinical Psychology (Q1)";"Psychology"
49;29492;"American Psychologist";journal;"0003066X, 1935990X";"American Psychological Association";No;No;2,503;Q1;294;168;497;8596;3877;468;7,29;51,17;52,69;42;United States;Northern America;"American Psychological Association";"1946-1954, 1965-2026";"Medicine (miscellaneous) (Q1); Psychology (miscellaneous) (Q1)";"Medicine; Psychology"
50;13455;"Learning and Instruction";journal;"09594752";"Elsevier B.V.";No;No;2,484;Q1;162;91;215;6243;1528;215;7,46;68,60;51,76;15;United Kingdom;Western Europe;"Elsevier B.V.";"1991-2026";"Developmental and Educational Psychology (Q1); Education (Q1)";"Psychology; Social Sciences"
51;14062;"Psychonomic Bulletin and Review";journal;"10699384, 15315320";"Springer";Yes;No;2,463;Q1;193;172;489;9893;3044;487;4,17;57,52;36,57;3;United States;Northern America;"Springer";"1994-2026";"Arts and Humanities (miscellaneous) (Q1); Developmental and Educational Psychology (Q1); Experimental and Cognitive Psychology (Q1)";"Arts and Humanities; Psychology"
52;19400158483;"Social Issues and Policy Review";journal;"17512409, 17512395";"Wiley-Blackwell Publishing Ltd";No;No;2,447;Q1;58;8;28;1597;262;26;8,95;199,63;36,84;5;United Kingdom;Western Europe;"Wiley-Blackwell Publishing Ltd";"2008-2025";"Applied Psychology (Q1); Social Psychology (Q1); Social Sciences (miscellaneous) (Q1); Sociology and Political Science (Q1)";"Psychology; Social Sciences"
53;15422;"Work and Stress";journal;"02678373, 14645335";"Taylor and Francis Ltd.";No;No;2,422;Q1;127;21;65;1394;461;60;7,35;66,38;63,75;8;United Kingdom;Western Europe;"Taylor and Francis Ltd.";"1987-2026";"Applied Psychology (Q1)";"Psychology"
54;18300156710;"European Review of Social Psychology";journal;"10463283, 1479277X";"Taylor and Francis Ltd.";No;No;2,411;Q1;85;10;27;1340;199;27;4,56;134,00;19,23;4;United Kingdom;Western Europe;"Taylor and Francis Ltd.";"1990-2000, 2002-2026";"Social Psychology (Q1)";"Psychology"
55;14105;"European Journal of Personality";journal;"08902070, 10990984";"SAGE Publications Ltd";No;No;2,408;Q1;115;44;136;3780;738;127;4,98;85,91;47,41;5;United Kingdom;Western Europe;"SAGE Publications Ltd";"1987-2026";"Social Psychology (Q1)";"Psychology"
56;12841;"Clinical Child and Family Psychology Review";journal;"15732827, 10964037";"Kluwer Academic Publishers";No;No;2,407;Q1;131;38;85;3737;611;84;6,07;98,34;74,02;17;United States;Northern America;"Kluwer Academic Publishers";"1998-2026";"Clinical Psychology (Q1); Developmental and Educational Psychology (Q1); Education (Q1); Pediatrics, Perinatology and Child Health (Q1); Psychiatry and Mental Health (Q1)";"Medicine; Psychology; Social Sciences"
57;13124;"Trauma, Violence, and Abuse";journal;"15248380, 15528324";"SAGE Publications Ltd";No;No;2,407;Q1;131;92;153;6452;1464;152;8,19;70,13;71,25;62;United Kingdom;Western Europe;"SAGE Publications Ltd";"2000-2026";"Applied Psychology (Q1); Health (social science) (Q1); Public Health, Environmental and Occupational Health (Q1); Social Work (Q1)";"Medicine; Psychology; Social Sciences"
58;14704;"Technological Forecasting and Social Change";journal;"00401625";"Elsevier Inc.";No;No;2,336;Q1;241;718;1213;57529;13464;1188;10,54;80,12;33,83;188;United States;Northern America;"Elsevier Inc.";"1970-2026";"Applied Psychology (Q1); Business and International Management (Q1); Management of Technology and Innovation (Q1)";"Business, Management and Accounting; Psychology"
59;22861;"Political Psychology";journal;"0162895X, 14679221";"Wiley-Blackwell Publishing Ltd";No;No;2,332;Q1;136;63;236;5250;1253;234;4,74;83,33;41,82;20;United Kingdom;Western Europe;"Wiley-Blackwell Publishing Ltd";"1996-2026";"Clinical Psychology (Q1); Experimental and Cognitive Psychology (Q1); Philosophy (Q1); Political Science and International Relations (Q1); Social Psychology (Q1); Sociology and Political Science (Q1)";"Arts and Humanities; Psychology; Social Sciences"
60;18742;"Psychological Medicine";journal;"14698978, 00332917";"Cambridge University Press";No;No;2,328;Q1;262;311;869;17216;5799;807;6,53;55,36;46,58;0;United Kingdom;Western Europe;"Cambridge University Press";"1970-2026";"Applied Psychology (Q1); Psychiatry and Mental Health (Q1)";"Medicine; Psychology"
61;19400158464;"Health Psychology Review";journal;"17437202, 17437199";"Routledge";No;No;2,325;Q1;88;23;87;2111;604;65;6,93;91,78;61,87;11;United Kingdom;Western Europe;"Routledge";"2007, 2009-2026";"Clinical Psychology (Q1); Psychiatry and Mental Health (Q1)";"Medicine; Psychology"
62;15478;"Journal of Experimental Psychology: General";journal;"00963445, 19392222";"American Psychological Association";No;No;2,316;Q1;204;178;425;13249;2246;418;4,75;74,43;40,68;12;United States;Northern America;"American Psychological Association";"1975-2026";"Developmental Neuroscience (Q1); Experimental and Cognitive Psychology (Q1); Medicine (miscellaneous) (Q1); Psychology (miscellaneous) (Q1)";"Medicine; Neuroscience; Psychology"
63;19900193555;"Social Psychological and Personality Science";journal;"19485514, 19485506";"Sage Periodicals Press";No;No;2,288;Q1;107;150;324;6554;1764;323;5,32;43,69;40,57;23;United States;Northern America;"Sage Periodicals Press";"2010-2026";"Clinical Psychology (Q1); Social Psychology (Q1)";"Psychology"
64;12811;"Personality and Social Psychology Bulletin";journal;"01461672, 15527433";"SAGE Publications Inc.";No;No;2,273;Q1;250;109;342;6459;1654;341;4,50;59,26;51,17;18;United States;Northern America;"SAGE Publications Inc.";"1976, 1982-1983, 1985-1989, 1991-1992, 1995-2026";"Social Psychology (Q1)";"Psychology"
65;16055;"Reading Research Quarterly";journal;"00340553";"Wiley-Blackwell";No;No;2,241;Q1;118;70;117;6110;584;102;5,28;87,29;62,72;21;United States;Northern America;"Wiley-Blackwell";"1990, 1996-2026";"Developmental and Educational Psychology (Q1); Education (Q1)";"Psychology; Social Sciences"
66;28094;"Accounting, Organizations and Society";journal;"03613682";"Elsevier Ltd";No;No;2,204;Q1;170;37;120;2819;505;111;3,66;76,19;40,74;3;United Kingdom;Western Europe;"Elsevier Ltd";"1976-2026";"Accounting (Q1); Applied Psychology (Q1); Information Systems and Management (Q1); Organizational Behavior and Human Resource Management (Q1); Sociology and Political Science (Q1)";"Business, Management and Accounting; Decision Sciences; Psychology; Social Sciences"
67;24456;"Child Development";journal;"14678624, 00093920";"Wiley-Blackwell Publishing Ltd";No;No;2,179;Q1;309;246;614;15100;3591;602;5,31;61,38;64,79;44;United States;Northern America;"Wiley-Blackwell Publishing Ltd";"1945-1948, 1950-2025";"Developmental and Educational Psychology (Q1); Education (Q1); Pediatrics, Perinatology and Child Health (Q1); Social Work (Q1)";"Medicine; Psychology; Social Sciences"
68;19419;"Computers in Human Behavior";journal;"07475632";"Elsevier Ltd";No;No;2,174;Q1;302;358;1288;27426;12830;1258;9,30;76,61;45,26;89;United Kingdom;Western Europe;"Elsevier Ltd";"1985-2026";"Arts and Humanities (miscellaneous) (Q1); Human-Computer Interaction (Q1); Psychology (miscellaneous) (Q1)";"Arts and Humanities; Computer Science; Psychology"
69;13503;"Developmental Science";journal;"14677687, 1363755X";"Wiley-Blackwell Publishing Ltd";No;No;2,174;Q1;162;133;442;8625;2365;437;4,75;64,85;60,81;10;United Kingdom;Western Europe;"Wiley-Blackwell Publishing Ltd";"1998-2026";"Cognitive Neuroscience (Q1); Developmental and Educational Psychology (Q1)";"Neuroscience; Psychology"
70;21100372442;"Current Opinion in Psychology";journal;"2352250X";"Elsevier B.V.";No;No;2,085;Q1;127;145;531;7593;3454;512;6,04;52,37;50,63;49;Netherlands;Western Europe;"Elsevier B.V.";"2015-2026";"Psychology (miscellaneous) (Q1)";"Psychology"
71;21100244230;"Alcohol Research: Current Reviews";journal;"21694796, 21683492";"National Institute on Alcohol Abuse and Alcoholism (NIAAA)";No;No;2,069;Q1;124;14;60;1023;420;54;6,93;73,07;51,11;4;United States;Northern America;"National Institute on Alcohol Abuse and Alcoholism (NIAAA)";"2012-2026";"Clinical Psychology (Q1); Medicine (miscellaneous) (Q1); Psychiatry and Mental Health (Q1)";"Medicine; Psychology"
72;21100199724;"Qualitative Research in Sport, Exercise and Health";journal;"21596778, 2159676X";"Taylor and Francis Ltd.";No;No;2,060;Q1;57;61;138;3699;1171;137;9,13;60,64;60,87;0;United Kingdom;Western Europe;"Taylor and Francis Ltd.";"2011-2026";"Health (social science) (Q1); Physical Therapy, Sports Therapy and Rehabilitation (Q1); Social Psychology (Q1); Sports Science (Q1)";"Health Professions; Psychology; Social Sciences"
73;12711;"Multivariate Behavioral Research";journal;"00273171, 15327906";"Routledge";No;No;2,049;Q1;110;50;184;2609;728;168;2,58;52,18;36,36;2;United States;Northern America;"Routledge";"1966-2026";"Arts and Humanities (miscellaneous) (Q1); Experimental and Cognitive Psychology (Q1); Medicine (miscellaneous) (Q1); Statistics and Probability (Q1)";"Arts and Humanities; Mathematics; Medicine; Psychology"
74;18014;"Neuropsychology Review";journal;"15736660, 10407308";"Springer New York";No;No;2,029;Q1;123;36;84;3748;643;81;6,53;104,11;50,66;7;United States;Northern America;"Springer New York";"1990-1992, 1994-2026";"Neuropsychology and Physiological Psychology (Q1)";"Psychology"
75;15406;"Journal of Clinical Child and Adolescent Psychology";journal;"15374424, 15374416";"Routledge";No;No;2,027;Q1;172;67;293;4409;1604;292;4,52;65,81;62,39;20;United States;Northern America;"Routledge";"1999-2026";"Clinical Psychology (Q1); Developmental and Educational Psychology (Q1)";"Psychology"
76;12127;"Behaviour Research and Therapy";journal;"00057967, 1873622X";"Elsevier Ltd";No;No;2,022;Q1;232;137;404;8963;2070;393;4,89;65,42;54,71;19;United Kingdom;Western Europe;"Elsevier Ltd";"1963-2026";"Clinical Psychology (Q1); Developmental and Educational Psychology (Q1); Experimental and Cognitive Psychology (Q1); Psychiatry and Mental Health (Q1)";"Medicine; Psychology"
77;21100405117;"Organizational Psychology Review";journal;"20413866, 20413874";"SAGE Publications Inc.";No;No;2,014;Q1;51;12;32;1634;136;28;4,22;136,17;56,52;4;United Kingdom;Western Europe;"SAGE Publications Inc.";"2011-2026";"Applied Psychology (Q1); Organizational Behavior and Human Resource Management (Q1); Social Psychology (Q1)";"Business, Management and Accounting; Psychology"
78;14077;"Psychotherapy";journal;"19391536, 00333204";"American Psychological Association";No;No;2,001;Q1;103;53;169;2930;1072;168;2,81;55,28;53,88;6;United States;Northern America;"American Psychological Association";"1973-2025";"Clinical Psychology (Q1); Psychiatry and Mental Health (Q1)";"Medicine; Psychology"
79;12773;"British Journal of Mathematical and Statistical Psychology";journal;"00071102, 20448317";"Wiley-Blackwell";No;No;1,991;Q1;69;34;85;1542;243;84;2,80;45,35;29,27;1;United States;Northern America;"Wiley-Blackwell";"1965-2026";"Arts and Humanities (miscellaneous) (Q1); Medicine (miscellaneous) (Q1); Psychology (miscellaneous) (Q1); Statistics and Probability (Q1)";"Arts and Humanities; Mathematics; Medicine; Psychology"
80;12776;"British Journal of Social Psychology";journal;"01446665, 20448309";"Wiley-Blackwell";No;No;1,991;Q1;126;71;159;4394;1024;143;7,23;61,89;51,49;15;United States;Northern America;"Wiley-Blackwell";"1981-2026";"Social Psychology (Q1)";"Psychology"
81;21933;"Decision Support Systems";journal;"01679236";"Elsevier B.V.";No;No;1,973;Q1;203;121;334;6697;2813;332;7,31;55,35;24,06;7;Netherlands;Western Europe;"Elsevier B.V.";"1985-2026";"Arts and Humanities (miscellaneous) (Q1); Developmental and Educational Psychology (Q1); Information Systems (Q1); Information Systems and Management (Q1); Management Information Systems (Q1)";"Arts and Humanities; Business, Management and Accounting; Computer Science; Decision Sciences; Psychology"
82;30017;"Journal of Occupational and Organizational Psychology";journal;"20448325, 09631798";"Wiley-Blackwell";No;No;1,971;Q1;152;34;120;3006;592;119;4,09;88,41;54,76;11;United States;Northern America;"Wiley-Blackwell";"1992-2026";"Applied Psychology (Q1); Organizational Behavior and Human Resource Management (Q1)";"Business, Management and Accounting; Psychology"
83;18200156707;"Psychological Trauma: Theory, Research, Practice, and Policy";journal;"1942969X, 19429681";"American Psychological Association";No;No;1,963;Q1;91;178;425;8962;2974;417;7,70;50,35;60,64;29;United States;Northern America;"American Psychological Association";"2009-2026";"Clinical Psychology (Q1); Social Psychology (Q1)";"Psychology"
84;21100373947;"Journal of Behavioral Addictions";journal;"20625871, 20635303";"Akademiai Kiado";Yes;No;1,951;Q1;95;122;284;6740;2173;284;6,96;55,25;48,09;24;Hungary;Eastern Europe;"Akademiai Kiado";"2012-2026";"Clinical Psychology (Q1); Medicine (miscellaneous) (Q1); Psychiatry and Mental Health (Q1)";"Medicine; Psychology"
85;30074;"Journal of School Psychology";journal;"00224405, 18733506";"Elsevier Ltd";No;No;1,946;Q1;125;50;161;4371;827;153;4,89;87,42;63,08;12;United Kingdom;Western Europe;"Elsevier Ltd";"1963-1968, 1970-2026";"Developmental and Educational Psychology (Q1); Education (Q1)";"Psychology; Social Sciences"
86;13268;"Scientific Studies of Reading";journal;"1532799X, 10888438";"Routledge";No;No;1,923;Q1;87;28;107;1625;451;104;4,15;58,04;62,04;2;United States;Northern America;"Routledge";"2004-2026";"Education (Q1); Psychology (miscellaneous) (Q1)";"Psychology; Social Sciences"
87;130087;"Annual Review of Applied Linguistics";book series;"14716356, 02671905";"Cambridge University Press";Yes;No;1,921;Q1;74;8;36;388;163;36;4,21;48,50;66,67;0;United Kingdom;Western Europe;"Cambridge University Press";"2005-2025";"Linguistics and Language (Q1); Psychology (miscellaneous) (Q1)";"Psychology; Social Sciences"
88;30022;"Journal of Personality";journal;"00223506, 14676494";"Wiley-Blackwell Publishing Ltd";No;No;1,921;Q1;180;78;241;5416;1285;240;4,90;69,44;43,35;13;United Kingdom;Western Europe;"Wiley-Blackwell Publishing Ltd";"1932-2026";"Social Psychology (Q1)";"Psychology"
89;13442;"Psychological Assessment";journal;"1939134X, 10403590";"American Psychological Association";No;No;1,920;Q1;189;109;389;5752;2118;389;5,21;52,77;49,33;14;United States;Northern America;"American Psychological Association";"1989-2026";"Clinical Psychology (Q1); Psychiatry and Mental Health (Q1)";"Medicine; Psychology"
90;17500155105;"Emotion Review";journal;"17540747, 17540739";"SAGE Publications Ltd";No;No;1,908;Q1;109;28;117;2254;625;94;5,41;80,50;37,78;0;United Kingdom;Western Europe;"SAGE Publications Ltd";"2009-2026";"Arts and Humanities (miscellaneous) (Q1); Experimental and Cognitive Psychology (Q1); Social Psychology (Q1)";"Arts and Humanities; Psychology"
91;14061;"Psychometrika";journal;"00333123, 18600980";"Cambridge University Press";No;No;1,867;Q1;94;52;137;2393;311;135;1,88;46,02;33,06;4;United Kingdom;Western Europe;"Cambridge University Press";"1936-2026";"Applied Mathematics (Q1); Psychology (miscellaneous) (Q1)";"Mathematics; Psychology"
92;13563;"Educational and Psychological Measurement";journal;"00131644, 15523888";"SAGE Publications Inc.";No;No;1,827;Q1;126;49;154;2069;519;154;3,18;42,22;34,00;2;United States;Northern America;"SAGE Publications Inc.";"1941-2026";"Applied Mathematics (Q1); Applied Psychology (Q1); Developmental and Educational Psychology (Q1); Education (Q1); Psychology (miscellaneous) (Q1)";"Mathematics; Psychology; Social Sciences"
93;14075;"Emotion";journal;"19311516, 15283542";"American Psychological Association";No;No;1,827;Q1;190;182;383;12952;1804;382;4,30;71,16;55,42;8;United States;Northern America;"American Psychological Association";"2001-2026";"Medicine (miscellaneous) (Q1); Psychology (miscellaneous) (Q1)";"Medicine; Psychology"
94;15499;"Journal of Experimental Social Psychology";journal;"00221031, 10960465";"Academic Press Inc.";No;No;1,825;Q1;190;116;398;7821;1607;393;2,99;67,42;41,26;13;United States;Northern America;"Academic Press Inc.";"1965-2026";"Social Psychology (Q1); Sociology and Political Science (Q1)";"Psychology; Social Sciences"
95;15470;"Journal of Environmental Psychology";journal;"02724944, 15229610";"Academic Press";No;No;1,810;Q1;210;141;299;9222;2169;287;7,29;65,40;52,56;53;United States;Northern America;"Academic Press";"1981-2026";"Applied Psychology (Q1); Social Psychology (Q1)";"Psychology"
96;16245;"Journal of Affective Disorders";journal;"01650327, 15732517";"Elsevier B.V.";No;No;1,791;Q1;260;1366;3245;70261;19457;3150;5,99;51,44;51,52;263;Netherlands;Western Europe;"Elsevier B.V.";"1979-2026";"Clinical Psychology (Q1); Psychiatry and Mental Health (Q1)";"Medicine; Psychology"
97;22478;"Journal of Memory and Language";journal;"10960821, 0749596X";"Academic Press Inc.";Yes;No;1,784;Q1;185;69;180;4885;728;179;3,90;70,80;53,76;2;United States;Northern America;"Academic Press Inc.";"1985-2026";"Artificial Intelligence (Q1); Experimental and Cognitive Psychology (Q1); Linguistics and Language (Q1); Neuropsychology and Physiological Psychology (Q1)";"Computer Science; Psychology; Social Sciences"
98;21101044921;"Journal of Cognition";journal;"25144820";"Ubiquity Press";Yes;No;1,780;Q1;27;35;143;1259;628;136;3,08;35,97;47,62;0;United Kingdom;Western Europe;"Ubiquity Press";"2018-2026";"Experimental and Cognitive Psychology (Q1)";"Psychology"
99;12857;"Cognition";journal;"18737838, 00100277";"Elsevier B.V.";No;No;1,774;Q1;242;343;789;23212;3272;781;3,75;67,67;45,52;6;Netherlands;Western Europe;"Elsevier B.V.";"1972-1974, 1976-2026";"Cognitive Neuroscience (Q1); Developmental and Educational Psychology (Q1); Experimental and Cognitive Psychology (Q1); Linguistics and Language (Q1)";"Neuroscience; Psychology; Social Sciences"
100;15645;"Journal of Health and Social Behavior";journal;"00221465, 21506000";"American Sociological Association";No;No;1,758;Q1;157;38;107;2835;598;98;4,36;74,61;62,92;12;United States;Northern America;"American Sociological Association";"1967-2026";"Public Health, Environmental and Occupational Health (Q1); Social Psychology (Q1)";"Medicine; Psychology"
101;12057;"Media Psychology";journal;"1532785X, 15213269";"Routledge";No;No;1,738;Q1;104;33;106;1936;520;105;3,87;58,67;57,78;8;United States;Northern America;"Routledge";"1999-2026";"Applied Psychology (Q1); Communication (Q1); Social Psychology (Q1)";"Psychology; Social Sciences"
102;22055;"Exceptional Children";journal;"00144029, 21635560";"SAGE Publications Inc.";No;No;1,736;Q1;112;29;87;1249;297;73;2,78;43,07;62,39;9;United States;Northern America;"SAGE Publications Inc.";"1936-1937, 1958, 1960-2026";"Developmental and Educational Psychology (Q1); Education (Q1)";"Psychology; Social Sciences"
103;14772;"Human Communication Research";journal;"03603989, 14682958";"Wiley-Blackwell";No;No;1,733;Q1;119;19;58;1076;241;57;4,05;56,63;48,44;1;United States;Northern America;"Wiley-Blackwell";"1974-2026";"Anthropology (Q1); Communication (Q1); Developmental and Educational Psychology (Q1); Linguistics and Language (Q1)";"Psychology; Social Sciences"
104;25680;"Journal of Youth and Adolescence";journal;"15736601, 00472891";"Springer New York";No;No;1,716;Q1;165;166;505;9813;2471;499;4,41;59,11;64,32;38;United States;Northern America;"Springer New York";"1972-2026";"Developmental and Educational Psychology (Q1); Education (Q1); Social Psychology (Q1); Social Sciences (miscellaneous) (Q1)";"Psychology; Social Sciences"
105;20153;"AIDS and Behavior";journal;"10907165, 15733254";"Springer New York";No;No;1,704;Q1;139;398;1102;20720;4783;1041;4,31;52,06;56,74;79;United States;Northern America;"Springer New York";"1997-2026";"Infectious Diseases (Q1); Public Health, Environmental and Occupational Health (Q1); Social Psychology (Q1)";"Medicine; Psychology"
106;13500;"Developmental Psychology";journal;"19390599, 00121649";"American Psychological Association";No;No;1,702;Q1;265;173;593;12058;2502;586;3,78;69,70;63,70;23;United States;Northern America;"American Psychological Association";"1969-2026";"Demography (Q1); Developmental and Educational Psychology (Q1); Life-span and Life-course Studies (Q1)";"Psychology; Social Sciences"
107;21100200437;"Applied Psychology: Health and Well-Being";journal;"17580854, 17580846";"Wiley-Blackwell";No;No;1,698;Q1;59;52;114;2912;606;109;5,61;56,00;60,55;10;United States;Northern America;"Wiley-Blackwell";"2010-2026";"Applied Psychology (Q1)";"Psychology"
108;15548;"European Child and Adolescent Psychiatry";journal;"10188827, 1435165X";"Springer Science and Business Media Deutschland GmbH";No;No;1,696;Q1;132;171;461;8479;2293;408;5,05;49,58;56,23;61;Germany;Western Europe;"Springer Science and Business Media Deutschland GmbH";"1992-2026";"Developmental and Educational Psychology (Q1); Medicine (miscellaneous) (Q1); Pediatrics, Perinatology and Child Health (Q1); Philosophy (Q1); Psychiatry and Mental Health (Q1)";"Arts and Humanities; Medicine; Psychology"
109;12107;"Behavior Therapy";journal;"00057894, 18781888";"Elsevier Inc.";No;No;1,692;Q1;141;122;247;6523;1122;245;4,41;53,47;60,66;18;United States;Northern America;"Elsevier Inc.";"1970-2026";"Clinical Psychology (Q1)";"Psychology"
110;24451;"Child Abuse and Neglect";journal;"01452134, 18737757";"Elsevier Ltd";No;No;1,690;Q1;192;350;980;19758;4567;951;4,12;56,45;66,42;105;United Kingdom;Western Europe;"Elsevier Ltd";"1977-2026";"Developmental and Educational Psychology (Q1); Pediatrics, Perinatology and Child Health (Q1); Psychiatry and Mental Health (Q1); Social Work (Q1)";"Medicine; Psychology; Social Sciences"
111;12772;"British Journal of Health Psychology";journal;"1359107X, 20448287";"Wiley-Blackwell";No;No;1,683;Q1;113;66;176;3570;1051;165;7,18;54,09;64,52;17;United States;Northern America;"Wiley-Blackwell";"1996-2026";"Applied Psychology (Q1); Medicine (miscellaneous) (Q1)";"Medicine; Psychology"
112;19841;"Social Psychiatry and Psychiatric Epidemiology";journal;"14339285, 09337954";"D. Steinkopff-Verlag";No;No;1,682;Q1;160;193;430;9786;2060;417;4,27;50,70;52,92;69;Germany;Western Europe;"D. Steinkopff-Verlag";"1988-2026";"Epidemiology (Q1); Health (social science) (Q1); Psychiatry and Mental Health (Q1); Social Psychology (Q1)";"Medicine; Psychology; Social Sciences"
113;21503;"Evolution and Human Behavior";journal;"10905138";"Elsevier Inc.";No;No;1,676;Q1;140;72;194;4588;832;177;4,13;63,72;38,27;2;United States;Northern America;"Elsevier Inc.";"1997-2026";"Arts and Humanities (miscellaneous) (Q1); Ecology, Evolution, Behavior and Systematics (Q1); Experimental and Cognitive Psychology (Q1)";"Agricultural and Biological Sciences; Arts and Humanities; Psychology"
114;4700152304;"European Journal of Work and Organizational Psychology";journal;"1359432X, 14640643";"Routledge";No;No;1,660;Q1;107;64;192;5581;908;190;4,86;87,20;52,36;0;United Kingdom;Western Europe;"Routledge";"2005-2026";"Applied Psychology (Q1); Organizational Behavior and Human Resource Management (Q1)";"Business, Management and Accounting; Psychology"
115;77191;"Early Childhood Research Quarterly";journal;"08852006";"Elsevier Ltd";No;No;1,653;Q1;135;105;352;8109;1434;345;3,72;77,23;73,26;36;United Kingdom;Western Europe;"Elsevier Ltd";"1986-2026";"Developmental and Educational Psychology (Q1); Education (Q1); Sociology and Political Science (Q1)";"Psychology; Social Sciences"
116;20385;"Journal of Research in Crime and Delinquency";journal;"1552731X, 00224278";"SAGE Publications Inc.";No;No;1,650;Q1;116;19;68;1723;219;66;2,77;90,68;40,00;4;United States;Northern America;"SAGE Publications Inc.";"1964-2026";"Social Psychology (Q1)";"Psychology"
117;12872;"Cognitive Psychology";journal;"10955623, 00100285";"Academic Press Inc.";No;No;1,647;Q1;141;23;96;1862;370;96;3,68;80,96;39,47;0;United States;Northern America;"Academic Press Inc.";"1970-2026";"Artificial Intelligence (Q1); Developmental and Educational Psychology (Q1); Experimental and Cognitive Psychology (Q1); Linguistics and Language (Q1); Neuropsychology and Physiological Psychology (Q1)";"Computer Science; Psychology; Social Sciences"
118;12868;"Cognitive Behaviour Therapy";journal;"16512316, 16506073";"Taylor and Francis A.S.";No;No;1,635;Q1;83;36;103;1770;601;103;4,06;49,17;53,06;9;Sweden;Western Europe;"Taylor and Francis A.S.";"2002-2026";"Clinical Psychology (Q1)";"Psychology"
119;19900192137;"Social and Personality Psychology Compass";journal;"17519004";"John Wiley and Sons Inc";No;No;1,627;Q1;100;63;154;5910;641;150;3,70;93,81;54,00;7;United States;Northern America;"John Wiley and Sons Inc";"2007-2026";"Social Psychology (Q1)";"Psychology"
120;13491;"Development and Psychopathology";journal;"09545794, 14692198";"Cambridge University Press";No;No;1,624;Q1;207;136;408;12253;1917;406;4,15;90,10;68,04;0;United Kingdom;Western Europe;"Cambridge University Press";"1989-2026";"Developmental and Educational Psychology (Q1); Psychiatry and Mental Health (Q1)";"Medicine; Psychology"
121;14254;"Autism";journal;"14617005, 13623613";"SAGE Publications Ltd";No;No;1,617;Q1;144;195;476;11091;2614;449;5,34;56,88;66,55;42;United Kingdom;Western Europe;"SAGE Publications Ltd";"1997-2026";"Developmental and Educational Psychology (Q1)";"Psychology"
122;12844;"Clinical Psychology: Science and Practice";journal;"14682850, 09695893";"American Psychological Association";No;No;1,608;Q1;131;42;142;2025;397;60;2,85;48,21;48,80;6;United States;Northern America;"American Psychological Association";"1994-2025";"Clinical Psychology (Q1)";"Psychology"
123;15313;"Suicide and Life-Threatening Behavior";journal;"03630234, 1943278X";"Wiley-Blackwell";No;No;1,607;Q1;118;119;311;5041;1247;308;3,68;42,36;51,98;23;United States;Northern America;"Wiley-Blackwell";"1971-2026";"Clinical Psychology (Q1); Medicine (miscellaneous) (Q1); Psychiatry and Mental Health (Q1); Public Health, Environmental and Occupational Health (Q1)";"Medicine; Psychology"
124;27473;"Annals of Behavioral Medicine";journal;"15324796, 08836612";"Oxford University Press";No;No;1,594;Q1;161;108;283;5935;1454;277;3,61;54,95;62,48;19;United States;Northern America;"Oxford University Press";"1985, 1987-2026";"Medicine (miscellaneous) (Q1); Psychiatry and Mental Health (Q1); Psychology (miscellaneous) (Q1)";"Medicine; Psychology"
125;14698;"Review of General Psychology";journal;"10892680, 19391552";"American Psychological Association";No;No;1,593;Q1;133;26;99;2680;472;98;4,59;103,08;39,71;6;United States;Northern America;"American Psychological Association";"1997-2026";"Psychology (miscellaneous) (Q1)";"Psychology"
126;12029;"Applied Psychology";journal;"0269994X, 14640597";"Wiley-Blackwell Publishing Ltd";No;No;1,590;Q1;123;67;113;5062;518;102;4,26;75,55;48,65;14;United Kingdom;Western Europe;"Wiley-Blackwell Publishing Ltd";"1955, 1961-1993, 1996-2026";"Applied Psychology (Q1); Arts and Humanities (miscellaneous) (Q1); Developmental and Educational Psychology (Q1)";"Arts and Humanities; Psychology"
127;15452;"Journal of Counseling Psychology";journal;"19392168, 00220167";"American Psychological Association";No;No;1,586;Q1;181;69;192;4478;935;192;4,21;64,90;55,17;8;United States;Northern America;"American Psychological Association";"1954-2025";"Clinical Psychology (Q1); Medicine (miscellaneous) (Q1); Psychiatry and Mental Health (Q1); Social Psychology (Q1)";"Medicine; Psychology"
128;22076;"Gifted Child Quarterly";journal;"00169862, 19349041";"SAGE Publications Inc.";No;No;1,571;Q1;73;19;62;1587;362;59;4,27;83,53;67,92;2;United States;Northern America;"SAGE Publications Inc.";"1957-2026";"Developmental and Educational Psychology (Q1); Education (Q1)";"Psychology; Social Sciences"
129;14921;"Comprehensive Psychiatry";journal;"0010440X, 15328384";"W.B. Saunders";Yes;No;1,570;Q1;134;62;314;3377;1872;309;6,94;54,47;51,63;7;United States;Northern America;"W.B. Saunders";"1960-2026";"Clinical Psychology (Q1); Psychiatry and Mental Health (Q1)";"Medicine; Psychology"
130;12159;"Body Image";journal;"17401445, 18736807";"Elsevier Ltd";No;No;1,566;Q1;125;129;282;8021;1711;279;5,32;62,18;72,30;14;United Kingdom;Western Europe;"Elsevier Ltd";"2004-2026";"Applied Psychology (Q1); Psychology (miscellaneous) (Q1); Social Psychology (Q1)";"Psychology"
131;25987;"Social Networks";journal;"03788733";"Elsevier B.V.";No;No;1,565;Q1;123;62;184;3763;745;183;3,21;60,69;30,77;3;Netherlands;Western Europe;"Elsevier B.V.";"1978-2026";"Anthropology (Q1); Psychology (miscellaneous) (Q1); Social Sciences (miscellaneous) (Q1); Sociology and Political Science (Q1)";"Psychology; Social Sciences"
132;29561;"Journals of Gerontology - Series B Psychological Sciences and Social Sciences";journal;"10795014, 17585368";"Gerontological Society of America";No;No;1,559;Q1;193;282;586;12248;2619;569;4,29;43,43;56,47;72;United States;Northern America;"Gerontological Society of America";"1995-2026";"Clinical Psychology (Q1); Geriatrics and Gerontology (Q1); Gerontology (Q1); Health (social science) (Q1); Life-span and Life-course Studies (Q1); Medicine (miscellaneous) (Q1); Social Psychology (Q1); Sociology and Political Science (Q1)";"Medicine; Nursing; Psychology; Social Sciences"
133;13453;"Learning and Individual Differences";journal;"18733425, 10416080";"Elsevier B.V.";No;No;1,554;Q1;123;80;318;5852;1340;318;3,77;73,15;56,34;5;United Kingdom;Western Europe;"Elsevier B.V.";"1989-2000, 2002-2026";"Developmental and Educational Psychology (Q1); Education (Q1); Social Psychology (Q1)";"Psychology; Social Sciences"
134;12058;"Assessment";journal;"10731911, 15523489";"SAGE Publications Inc.";No;No;1,537;Q1;116;133;333;8552;1439;332;3,88;64,30;46,74;17;United States;Northern America;"SAGE Publications Inc.";"1994-2026";"Applied Psychology (Q1); Clinical Psychology (Q1)";"Psychology"
135;12775;"British Journal of Psychology";journal;"20448295, 00071269";"John Wiley and Sons Ltd";No;No;1,526;Q1;115;52;146;3133;773;127;4,92;60,25;46,82;8;United Kingdom;Western Europe;"John Wiley and Sons Ltd";"1953, 1955-2026";"Psychology (miscellaneous) (Q1)";"Psychology"
136;19830;"Sleep";journal;"01618105, 15509109";"Oxford University Press";No;No;1,518;-;257;376;714;20346;4031;649;5,32;54,11;46,67;42;United States;Northern America;"Oxford University Press";"1978-2026";"Neurology (clinical) (Q1); Physiology (medical) (Q1)";"Medicine"
137;12859;"Cognition and Instruction";journal;"1532690X, 07370008";"Routledge";No;No;1,506;Q1;102;17;61;1423;246;57;3,73;83,71;45,61;0;United Kingdom;Western Europe;"Routledge";"1984-2026";"Developmental and Educational Psychology (Q1); Education (Q1); Experimental and Cognitive Psychology (Q1); Psychology (miscellaneous) (Q1)";"Psychology; Social Sciences"
138;29412;"Group and Organization Management";journal;"15523993, 10596011";"SAGE Publications Inc.";No;No;1,502;Q1;113;34;96;3233;371;87;3,69;95,09;50,00;4;United States;Northern America;"SAGE Publications Inc.";"1976-2026";"Applied Psychology (Q1); Arts and Humanities (miscellaneous) (Q1); Organizational Behavior and Human Resource Management (Q1)";"Arts and Humanities; Business, Management and Accounting; Psychology"
139;14277;"Health Psychology";journal;"19307810, 02786133";"American Psychological Association";No;No;1,499;Q1;201;103;368;5521;2021;363;4,87;53,60;63,35;9;United States;Northern America;"American Psychological Association";"1982, 1984-2026";"Applied Psychology (Q1); Medicine (miscellaneous) (Q1); Psychiatry and Mental Health (Q1)";"Medicine; Psychology"
140;14117;"European Journal of Social Psychology";journal;"10990992, 00462772";"John Wiley and Sons Ltd";No;No;1,497;Q1;146;80;290;5275;1114;287;3,37;65,94;48,87;7;United Kingdom;Western Europe;"John Wiley and Sons Ltd";"1971-2026";"Social Psychology (Q1)";"Psychology"
141;3900148209;"International Journal of Clinical and Health Psychology";journal;"16972600";"Elsevier B.V.";Yes;No;1,494;Q1;65;29;90;1400;517;90;5,37;48,28;51,01;9;Spain;Western Europe;"Elsevier B.V.";"2005-2026";"Clinical Psychology (Q1)";"Psychology"
142;19700182728;"Personality Disorders: Theory, Research, and Treatment";journal;"19492723, 19492715";"American Psychological Association";No;No;1,481;Q1;76;75;172;5835;714;166;3,81;77,80;46,29;6;United States;Northern America;"American Psychological Association";"2005, 2010-2026";"Clinical Psychology (Q1); Medicine (miscellaneous) (Q1); Psychiatry and Mental Health (Q1)";"Medicine; Psychology"
143;21100854140;"Schizophrenia";journal;"2334265X";"Nature Publishing Group";Yes;No;1,477;-;49;61;86;3615;441;82;4,82;59,26;41,98;4;United Kingdom;Western Europe;"Nature Publishing Group";"2015-2026";"Psychiatry and Mental Health (Q1)";"Medicine"
144;21100777183;"Journal of Family Theory and Review";journal;"17562589, 17562570";"Wiley-Blackwell Publishing Ltd";No;No;1,472;Q1;50;29;115;2428;465;99;2,87;83,72;67,61;5;United Kingdom;Western Europe;"Wiley-Blackwell Publishing Ltd";"2009, 2013, 2016-2026";"Health (social science) (Q1); Social Psychology (Q1); Social Sciences (miscellaneous) (Q1)";"Psychology; Social Sciences"
145;7000153204;"Social Cognitive and Affective Neuroscience";journal;"17495024, 17495016";"Oxford University Press";Yes;No;1,471;Q1;140;108;345;8437;1493;344;3,75;78,12;52,88;6;United Kingdom;Western Europe;"Oxford University Press";"2006-2026";"Cognitive Neuroscience (Q1); Experimental and Cognitive Psychology (Q1); Medicine (miscellaneous) (Q1)";"Medicine; Neuroscience; Psychology"
146;19900191715;"Wiley Interdisciplinary Reviews: Cognitive Science";journal;"19395086, 19395078";"John Wiley &amp; Sons Inc.";No;No;1,469;Q1;83;23;67;2865;385;67;6,04;124,57;47,17;3;United States;Northern America;"John Wiley &amp; Sons Inc.";"2010-2026";"Medicine (miscellaneous) (Q1); Neuroscience (miscellaneous) (Q1); Psychology (miscellaneous) (Q1)";"Medicine; Neuroscience; Psychology"
147;21101021052;"Journal of the Association for Consumer Research";journal;"23781823, 23781815";"University of Chicago Press";No;No;1,463;Q1;36;51;133;2414;283;121;1,79;47,33;57,66;1;United States;Northern America;"University of Chicago Press";"2016-2026";"Applied Psychology (Q1); Economics and Econometrics (Q1); Marketing (Q1)";"Business, Management and Accounting; Economics, Econometrics and Finance; Psychology"
148;5700164300;"Youth Violence and Juvenile Justice";journal;"15569330, 15412040";"SAGE Publications Inc.";No;No;1,463;Q1;63;22;64;1825;251;63;3,35;82,95;50,98;6;United States;Northern America;"SAGE Publications Inc.";"2003-2026";"Developmental and Educational Psychology (Q1); Health (social science) (Q1); Law (Q1)";"Psychology; Social Sciences"
149;20897;"Transportation Research Part F: Traffic Psychology and Behaviour";journal;"13698478";"Elsevier Ltd";No;No;1,462;Q1;135;235;860;14077;4358;853;5,00;59,90;36,63;29;United Kingdom;Western Europe;"Elsevier Ltd";"1998-2026";"Applied Psychology (Q1); Automotive Engineering (Q1); Civil and Structural Engineering (Q1); Transportation (Q1)";"Engineering; Psychology; Social Sciences"
150;18747;"Psychophysiology";journal;"00485772, 14698986";"John Wiley and Sons Inc";No;No;1,461;Q1;191;220;521;16673;2273;513;3,95;75,79;48,40;3;United States;Northern America;"John Wiley and Sons Inc";"1964-2026";"Cognitive Neuroscience (Q1); Developmental and Educational Psychology (Q1); Developmental Neuroscience (Q1); Endocrine and Autonomic Systems (Q1); Experimental and Cognitive Psychology (Q1); Neurology (Q1); Neuropsychology and Physiological Psychology (Q1); Neuroscience (miscellaneous) (Q1); Physiology (Q1); Physiology (medical) (Q1); Biological Psychiatry (Q2)";"Biochemistry, Genetics and Molecular Biology; Medicine; Neuroscience; Psychology"
151;21101030210;"Research on Child and Adolescent Psychopathology";journal;"27307166, 27307174";"Springer New York";No;No;1,461;Q1;177;111;423;7041;1551;420;3,42;63,43;68,97;16;United States;Northern America;"Springer New York";"2021-2026";"Developmental and Educational Psychology (Q1); Psychiatry and Mental Health (Q1)";"Medicine; Psychology"
152;21100201725;"European Journal of Psychology Applied to Legal Context";journal;"19894007, 18891861";"Colegio Oficial de la Psicologia de Madrid";Yes;Yes;1,455;Q1;39;10;30;758;235;30;8,10;75,80;60,00;0;Spain;Western Europe;"Colegio Oficial de la Psicologia de Madrid";"2009-2026";"Applied Psychology (Q1); Law (Q1)";"Psychology; Social Sciences"
153;5700155900;"Applied Developmental Science";journal;"1532480X, 10888691";"Psychology Press Ltd";No;No;1,452;Q1;89;25;84;1670;478;69;6,94;66,80;66,23;3;United States;Northern America;"Psychology Press Ltd";"1997-2026";"Applied Psychology (Q1); Developmental and Educational Psychology (Q1); Life-span and Life-course Studies (Q1)";"Psychology; Social Sciences"
154;12300154709;"Asian Journal of Psychiatry";journal;"18762018, 18762026";"Elsevier B.V.";No;No;1,436;Q1;78;350;1132;9517;6167;561;6,69;27,19;40,85;33;Netherlands;Western Europe;"Elsevier B.V.";"2008-2026";"Medicine (miscellaneous) (Q1); Psychiatry and Mental Health (Q1); Psychology (miscellaneous) (Q1)";"Medicine; Psychology"
155;30084;"Journal of Sex Research";journal;"00224499, 15598519";"Taylor and Francis Ltd.";No;No;1,421;Q1;145;99;301;6465;1341;296;3,84;65,30;58,33;23;United Kingdom;Western Europe;"Taylor and Francis Ltd.";"1965-2026";"Gender Studies (Q1); History and Philosophy of Science (Q1); Psychology (miscellaneous) (Q1); Sociology and Political Science (Q1)";"Arts and Humanities; Psychology; Social Sciences"
156;19500156812;"Psychology of Aesthetics, Creativity, and the Arts";journal;"1931390X, 19313896";"American Psychological Association";No;No;1,421;Q1;93;108;155;7616;724;140;4,77;70,52;41,08;5;United States;Northern America;"American Psychological Association";"2007-2025";"Applied Psychology (Q1); Developmental and Educational Psychology (Q1); Visual Arts and Performing Arts (Q1)";"Arts and Humanities; Psychology"
157;14945;"Cortex";journal;"19738102, 00109452";"Masson SpA";No;No;1,415;Q1;155;293;960;20878;3976;862;3,74;71,26;46,12;4;Italy;Western Europe;"Masson SpA";"1964-1965, 1968-2026";"Cognitive Neuroscience (Q1); Developmental and Educational Psychology (Q1); Experimental and Cognitive Psychology (Q1); Neurology (Q1); Neurology (clinical) (Q1); Neuropsychology and Physiological Psychology (Q1)";"Medicine; Neuroscience; Psychology"
158;21100857520;"Collabra: Psychology";journal;"24747394";"University of California Press";Yes;No;1,398;Q1;35;77;130;4856;499;130;2,76;63,06;49,15;8;United States;Northern America;"University of California Press";"2017-2026";"Psychology (miscellaneous) (Q1)";"Psychology"
159;15482;"Journal of Experimental Psychology: Learning Memory and Cognition";journal;"19391285, 02787393";"American Psychological Association";No;No;1,396;Q1;187;146;426;9712;1268;423;2,75;66,52;44,83;2;United States;Northern America;"American Psychological Association";"1975, 1982-2025";"Experimental and Cognitive Psychology (Q1); Linguistics and Language (Q1)";"Psychology; Social Sciences"
160;147229;"Discourse Studies";journal;"14614456, 14617080";"SAGE Publications Ltd";No;No;1,390;Q1;79;35;96;1539;244;94;2,05;43,97;58,62;0;United Kingdom;Western Europe;"SAGE Publications Ltd";"1999-2026";"Anthropology (Q1); Communication (Q1); Linguistics and Language (Q1); Social Psychology (Q1)";"Psychology; Social Sciences"
161;21100899528;"Adolescent Research Review";journal;"23638354, 23638346";"Springer International Publishing AG";No;No;1,385;Q1;46;28;68;1996;312;68;4,98;71,29;62,79;13;Switzerland;Western Europe;"Springer International Publishing AG";"2016-2026";"Developmental and Educational Psychology (Q1); Pediatrics, Perinatology and Child Health (Q1); Psychiatry and Mental Health (Q1); Social Sciences (miscellaneous) (Q1)";"Medicine; Psychology; Social Sciences"
162;14080;"Psychotherapy Research";journal;"10503307, 14684381";"Routledge";No;No;1,384;Q1;100;78;245;4466;940;237;3,78;57,26;46,77;12;United States;Northern America;"Routledge";"1975, 1988, 1991-2026";"Clinical Psychology (Q1)";"Psychology"
163;19700190346;"Consumption Markets and Culture";journal;"10253866, 1477223X";"Routledge";No;No;1,383;Q1;47;37;103;2511;265;98;2,94;67,86;45,90;2;United States;Northern America;"Routledge";"2003, 2007, 2010-2026";"Anthropology (Q1); Economics and Econometrics (Q1); Marketing (Q1); Social Psychology (Q1)";"Business, Management and Accounting; Economics, Econometrics and Finance; Psychology; Social Sciences"
164;24763;"Addictive Behaviors";journal;"03064603, 18736327";"Elsevier Ltd";No;No;1,372;Q1;166;413;1201;20563;5181;1165;4,06;49,79;54,34;107;United Kingdom;Western Europe;"Elsevier Ltd";"1975-2026";"Clinical Psychology (Q1); Medicine (miscellaneous) (Q1); Psychiatry and Mental Health (Q1); Toxicology (Q1)";"Medicine; Pharmacology, Toxicology and Pharmaceutics; Psychology"
165;14033;"Psychology of Sport and Exercise";journal;"14690292";"Elsevier B.V.";No;No;1,369;Q1;133;181;463;11431;2319;450;4,78;63,15;41,58;16;Netherlands;Western Europe;"Elsevier B.V.";"2000-2026";"Applied Psychology (Q1); Sports Science (Q1)";"Health Professions; Psychology"
166;5800207373;"Journal of Positive Psychology";journal;"17439760, 17439779";"Routledge";No;No;1,368;Q1;120;67;228;3771;1076;226;3,85;56,28;43,06;10;United Kingdom;Western Europe;"Routledge";"2006-2026";"Psychology (miscellaneous) (Q1)";"Psychology"
167;21996;"Behavioral Disorders";journal;"01987429, 21635307";"SAGE Publications Ltd";No;No;1,359;Q1;53;22;56;1139;173;55;2,72;51,77;53,01;4;United States;Northern America;"SAGE Publications Ltd";"1977, 1989, 1995-2026";"Clinical Psychology (Q1); Developmental and Educational Psychology (Q1); Education (Q1)";"Psychology; Social Sciences"
168;25733;"Journal of Criminal Justice";journal;"00472352";"Elsevier B.V.";Yes;No;1,359;Q1;110;71;192;5348;746;192;3,96;75,32;32,80;29;United Kingdom;Western Europe;"Elsevier B.V.";"1973-2026";"Applied Psychology (Q1); Law (Q1); Social Psychology (Q1); Sociology and Political Science (Q1)";"Psychology; Social Sciences"
169;12000154320;"Addiction Science and Clinical Practice";journal;"19400632, 19400640";"BioMed Central Ltd";Yes;No;1,356;Q1;54;69;104;2961;431;101;3,67;42,91;58,35;20;United Kingdom;Western Europe;"BioMed Central Ltd";"2007-2026";"Clinical Psychology (Q1); Psychiatry and Mental Health (Q1)";"Medicine; Psychology"
170;12767;"British Journal of Clinical Psychology";journal;"01446657, 20448260";"Wiley-Blackwell";No;No;1,339;Q1;109;32;89;1715;368;87;3,68;53,59;63,43;4;United States;Northern America;"Wiley-Blackwell";"1962-1966, 1968, 1970, 1981-2026";"Clinical Psychology (Q1); Medicine (miscellaneous) (Q1)";"Medicine; Psychology"
171;30047;"Journal of Positive Behavior Interventions";journal;"10983007, 15384772";"SAGE Publications Inc.";No;No;1,339;Q1;78;26;64;937;215;61;1,93;36,04;63,95;2;United States;Northern America;"SAGE Publications Inc.";"1999-2026";"Applied Psychology (Q1); Developmental and Educational Psychology (Q1); Pediatrics, Perinatology and Child Health (Q1)";"Medicine; Psychology"
172;30073;"Journal of Research in Personality";journal;"00926566, 10957251";"Academic Press Inc.";No;No;1,314;Q1;154;74;315;5098;1092;313;3,12;68,89;46,52;4;United States;Northern America;"Academic Press Inc.";"1973-2026";"Psychology (miscellaneous) (Q1); Social Psychology (Q1)";"Psychology"
173;14798;"Sex Roles";journal;"03600025, 15732762";"Springer New York";No;No;1,309;Q1;159;102;332;7453;1470;331;3,88;73,07;78,78;27;United States;Northern America;"Springer New York";"1975-2026";"Developmental and Educational Psychology (Q1); Gender Studies (Q1); Social Psychology (Q1)";"Psychology; Social Sciences"
174;145597;"ELT Journal";journal;"14774526, 09510893";"Oxford University Press";No;No;1,304;Q1;87;63;115;807;274;106;2,01;12,81;59,52;0;United Kingdom;Western Europe;"Oxford University Press";"1946-2025";"Developmental and Educational Psychology (Q1); Education (Q1); Linguistics and Language (Q1)";"Psychology; Social Sciences"
175;29802;"Psychology and Aging";journal;"08827974, 19391498";"American Psychological Association";No;No;1,295;Q1;186;91;285;6076;1034;283;3,53;66,77;55,21;5;United States;Northern America;"American Psychological Association";"1986-2026";"Geriatrics and Gerontology (Q1); Social Psychology (Q1); Aging (Q2)";"Biochemistry, Genetics and Molecular Biology; Medicine; Psychology"
176;12770;"British Journal of Educational Psychology";journal;"00070998, 20448279";"Wiley-Blackwell";No;No;1,291;Q1;126;77;158;4947;620;154;4,10;64,25;57,14;16;United States;Northern America;"Wiley-Blackwell";"1931-1951, 1956-1958, 1960, 1962-2026";"Developmental and Educational Psychology (Q1); Education (Q1)";"Psychology; Social Sciences"
177;14120;"European Psychologist";journal;"1878531X, 10169040";"Hogrefe Publishing";No;No;1,288;Q1;81;36;86;2489;420;80;3,71;69,14;54,33;10;United States;Northern America;"Hogrefe Publishing";"2003-2026";"Arts and Humanities (miscellaneous) (Q1); Psychology (miscellaneous) (Q1)";"Arts and Humanities; Psychology"
178;12005;"Journal of Traumatic Stress";journal;"15736598, 08949867";"Wiley-Blackwell";No;No;1,283;Q1;165;116;306;5693;1226;291;3,84;49,08;62,45;29;United States;Northern America;"Wiley-Blackwell";"1988-2026";"Clinical Psychology (Q1); Psychiatry and Mental Health (Q1)";"Medicine; Psychology"
179;70201;"Clinical Neuropsychologist";journal;"13854046, 17444144";"Taylor and Francis Ltd.";No;No;1,279;Q1;106;73;262;3564;1000;254;4,01;48,82;61,48;5;United Kingdom;Western Europe;"Taylor and Francis Ltd.";"1987-2026";"Arts and Humanities (miscellaneous) (Q1); Clinical Psychology (Q1); Developmental and Educational Psychology (Q1); Medicine (miscellaneous) (Q1); Neuropsychology and Physiological Psychology (Q1); Psychiatry and Mental Health (Q1)";"Arts and Humanities; Medicine; Psychology"
180;21101055723;"Computational Brain and Behavior";journal;"2522087X";"Springer Nature";No;No;1,279;Q1;25;28;82;1692;217;82;2,52;60,43;28,57;0;Switzerland;Western Europe;"Springer Nature";"2018-2026";"Developmental and Educational Psychology (Q1); Neuropsychology and Physiological Psychology (Q1)";"Psychology"
181;21100222556;"Journal of Contextual Behavioral Science";journal;"22121447";"Elsevier Inc.";No;No;1,272;Q1;58;77;239;4195;1059;226;4,67;54,48;59,07;8;United States;Northern America;"Elsevier Inc.";"2012-2026";"Applied Psychology (Q1); Behavioral Neuroscience (Q1); Ecology, Evolution, Behavior and Systematics (Q1); Health (social science) (Q1); Organizational Behavior and Human Resource Management (Q1)";"Agricultural and Biological Sciences; Business, Management and Accounting; Neuroscience; Psychology; Social Sciences"
182;14946;"Group Processes and Intergroup Relations";journal;"14617188, 13684302";"SAGE Publications Ltd";No;No;1,269;Q1;102;86;205;5378;717;199;2,86;62,53;50,78;27;United Kingdom;Western Europe;"SAGE Publications Ltd";"1998-2026";"Arts and Humanities (miscellaneous) (Q1); Communication (Q1); Cultural Studies (Q1); Social Psychology (Q1); Sociology and Political Science (Q1)";"Arts and Humanities; Psychology; Social Sciences"
183;15481;"Journal of Experimental Psychology: Human Perception and Performance";journal;"00961523, 19391277";"American Psychological Association";No;No;1,253;Q1;175;103;360;6651;1037;357;2,76;64,57;36,73;0;United States;Northern America;"American Psychological Association";"1975-2026";"Arts and Humanities (miscellaneous) (Q1); Behavioral Neuroscience (Q1); Experimental and Cognitive Psychology (Q1); Medicine (miscellaneous) (Q1)";"Arts and Humanities; Medicine; Neuroscience; Psychology"
184;19900191735;"Topics in Cognitive Science";journal;"17568765, 17568757";"Wiley-Blackwell";No;No;1,252;Q1;84;44;195;2706;627;161;3,01;61,50;49,35;2;United States;Northern America;"Wiley-Blackwell";"2009-2026";"Artificial Intelligence (Q1); Experimental and Cognitive Psychology (Q1); Human-Computer Interaction (Q1); Linguistics and Language (Q1); Cognitive Neuroscience (Q2)";"Computer Science; Neuroscience; Psychology; Social Sciences"
185;14230;"Cultural Diversity and Ethnic Minority Psychology";journal;"10999809, 19390106";"American Psychological Association";No;No;1,249;Q1;113;107;167;7203;647;167;3,48;67,32;67,74;13;United States;Northern America;"American Psychological Association";"1999-2026";"Social Psychology (Q1); Sociology and Political Science (Q1)";"Psychology; Social Sciences"
186;19600166326;"Mindfulness";journal;"18688535, 18688527";"Springer Verlag";No;No;1,245;Q1;110;263;683;13851;2453;609;2,93;52,67;56,54;19;Germany;Western Europe;"Springer Verlag";"2010-2026";"Applied Psychology (Q1); Developmental and Educational Psychology (Q1); Experimental and Cognitive Psychology (Q1); Health (social science) (Q1); Social Psychology (Q1)";"Psychology; Social Sciences"
187;13456;"Psychological Inquiry";journal;"15327965, 1047840X";"Routledge";No;No;1,244;Q1;110;42;108;2728;216;53;2,00;64,95;50,00;0;United States;Northern America;"Routledge";"1990-1996, 1998-2025";"Psychology (miscellaneous) (Q1)";"Psychology"
188;29451;"Aggression and Violent Behavior";journal;"18736335, 13591789";"Elsevier Ltd";No;No;1,243;Q1;147;73;283;6093;1349;278;4,34;83,47;63,73;30;United Kingdom;Western Europe;"Elsevier Ltd";"1996-2026";"Clinical Psychology (Q1); Pathology and Forensic Medicine (Q1); Psychiatry and Mental Health (Q1)";"Medicine; Psychology"
189;21100854907;"Borderline Personality Disorder and Emotion Dysregulation";journal;"20516673";"BioMed Central Ltd";Yes;No;1,243;Q1;40;29;61;1765;237;60;3,98;60,86;54,72;6;United Kingdom;Western Europe;"BioMed Central Ltd";"2014-2026";"Clinical Psychology (Q1); Psychiatry and Mental Health (Q1); Biological Psychiatry (Q2)";"Medicine; Neuroscience; Psychology"
190;14097;"European Eating Disorders Review";journal;"10990968, 10724133";"John Wiley and Sons Ltd";No;No;1,242;Q1;94;79;200;4395;1180;194;5,97;55,63;62,30;21;United Kingdom;Western Europe;"John Wiley and Sons Ltd";"1993-2026";"Clinical Psychology (Q1); Psychiatry and Mental Health (Q1)";"Medicine; Psychology"
191;16664;"Journal of Behavioral Medicine";journal;"15733521, 01607715";"Springer New York";No;No;1,237;Q1;118;80;282;4139;1050;271;3,27;51,74;64,93;11;United States;Northern America;"Springer New York";"1978-2026";"Psychiatry and Mental Health (Q1); Psychology (miscellaneous) (Q1)";"Medicine; Psychology"
192;25655;"Journal of Adolescence";journal;"10959254, 01401971";"John Wiley and Sons Inc";No;No;1,235;Q1;153;117;439;7101;1755;429;3,45;60,69;67,14;29;United States;Northern America;"John Wiley and Sons Inc";"1978-2026";"Developmental and Educational Psychology (Q1); Pediatrics, Perinatology and Child Health (Q1); Psychiatry and Mental Health (Q1); Social Psychology (Q1)";"Medicine; Psychology"
193;14035;"Psychology of Women Quarterly";journal;"14716402, 03616843";"SAGE Publications Ltd";No;No;1,231;Q1;127;33;101;2665;414;97;3,87;80,76;81,31;2;United Kingdom;Western Europe;"SAGE Publications Ltd";"1976-2026";"Arts and Humanities (miscellaneous) (Q1); Developmental and Educational Psychology (Q1); Gender Studies (Q1); Psychology (miscellaneous) (Q1)";"Arts and Humanities; Psychology; Social Sciences"
194;19700188900;"Social Psychology";journal;"18649335, 21512590";"Hogrefe Publishing GmbH";No;No;1,230;Q1;56;33;96;1429;297;93;3,06;43,30;49,52;1;Germany;Western Europe;"Hogrefe Publishing GmbH";"2006, 2008-2026";"Arts and Humanities (miscellaneous) (Q1); Psychology (miscellaneous) (Q1); Social Psychology (Q1); Sociology and Political Science (Q1)";"Arts and Humanities; Psychology; Social Sciences"
195;15398;"Journal of Career Assessment";journal;"10690727, 15524590";"SAGE Publications Inc.";No;No;1,229;Q1;87;38;126;2546;464;126;3,24;67,00;53,23;4;United States;Northern America;"SAGE Publications Inc.";"1993-2026";"Applied Psychology (Q1); Organizational Behavior and Human Resource Management (Q1); Psychology (miscellaneous) (Q1)";"Business, Management and Accounting; Psychology"
196;5700161512;"Journal of Consumer Culture";journal;"14695405, 17412900";"SAGE Publications Ltd";No;No;1,229;Q1;75;49;91;2779;296;89;2,44;56,71;50,60;9;United Kingdom;Western Europe;"SAGE Publications Ltd";"2001-2026";"Arts and Humanities (miscellaneous) (Q1); Business and International Management (Q1); Economics and Econometrics (Q1); Marketing (Q1); Social Psychology (Q1); Sociology and Political Science (Q1)";"Arts and Humanities; Business, Management and Accounting; Economics, Econometrics and Finance; Psychology; Social Sciences"
197;16925;"American Journal of Community Psychology";journal;"00910562, 15732770";"John Wiley and Sons Inc";No;No;1,228;Q1;143;75;236;4568;889;227;3,25;60,91;70,68;21;United States;Northern America;"John Wiley and Sons Inc";"1973-2026";"Applied Psychology (Q1); Health (social science) (Q1); Public Health, Environmental and Occupational Health (Q1); Social Work (Q1)";"Medicine; Psychology; Social Sciences"
198;25334;"Journal of Substance Abuse Treatment";journal;"18736483, 07405472";"Elsevier Inc.";No;No;1,228;Q1;0;0;0;0;0;0;0,00;0,00;0,00;0;United States;Northern America;"Elsevier Inc.";"1984-2023";"Clinical Psychology (Q1); Medicine (miscellaneous) (Q1); Psychiatry and Mental Health (Q1)";"Medicine; Psychology"
199;16246;"Journal of Alzheimer's Disease";journal;"13872877, 18758908";"SAGE Publications Ltd";No;No;1,225;Q1;198;868;2247;51730;11080;2233;4,03;59,60;47,21;3;United Kingdom;Western Europe;"SAGE Publications Ltd";"1998-2026";"Clinical Psychology (Q1); Geriatrics and Gerontology (Q1); Medicine (miscellaneous) (Q1); Psychiatry and Mental Health (Q1); Neuroscience (miscellaneous) (Q2)";"Medicine; Neuroscience; Psychology"
200;22281;"Reading and Writing";journal;"09224777, 15730905";"Springer Netherlands";No;No;1,219;Q1;101;103;297;6221;869;290;2,75;60,40;63,25;7;Netherlands;Western Europe;"Springer Netherlands";"1989-2026";"Education (Q1); Linguistics and Language (Q1); Neuropsychology and Physiological Psychology (Q1); Speech and Hearing (Q1)";"Health Professions; Psychology; Social Sciences"
201;21368;"Instructional Science";journal;"00204277, 15731952";"Springer Netherlands";No;No;1,218;Q1;100;33;98;2251;372;98;2,95;68,21;67,31;3;Netherlands;Western Europe;"Springer Netherlands";"1972-1992, 1994-2026";"Developmental and Educational Psychology (Q1); Education (Q1)";"Psychology; Social Sciences"
202;20654;"Journal of Managerial Psychology";journal;"02683946";"Emerald Group Publishing Ltd.";No;No;1,218;Q1;110;39;115;2269;458;112;4,01;58,18;62,61;0;United Kingdom;Western Europe;"Emerald Group Publishing Ltd.";"1986-2026";"Applied Psychology (Q1); Management Science and Operations Research (Q1); Organizational Behavior and Human Resource Management (Q1); Social Psychology (Q1)";"Business, Management and Accounting; Decision Sciences; Psychology"
203;21101019738;"Human Behavior and Emerging Technologies";journal;"25781863";"John Wiley and Sons Inc";Yes;No;1,214;Q1;49;101;81;5426;1039;76;12,83;53,72;48,35;20;United States;Northern America;"John Wiley and Sons Inc";"2019-2026";"Human-Computer Interaction (Q1); Social Psychology (Q1); Social Sciences (miscellaneous) (Q1)";"Computer Science; Psychology; Social Sciences"
204;21100386467;"Sleep Health";journal;"23527218";"Elsevier Inc.";No;No;1,213;Q1;58;103;298;4275;1228;262;3,36;41,50;63,69;16;United States;Northern America;"Elsevier Inc.";"2015-2026";"Behavioral Neuroscience (Q1); Health (social science) (Q1); Neuropsychology and Physiological Psychology (Q1); Social Sciences (miscellaneous) (Q1)";"Neuroscience; Psychology; Social Sciences"
205;22111;"Journal of Autism and Developmental Disorders";journal;"15733432, 01623257";"Springer";No;No;1,207;Q1;234;384;1187;20407;4964;1134;3,80;53,14;66,16;68;United States;Northern America;"Springer";"1979-2026";"Developmental and Educational Psychology (Q1)";"Psychology"
206;14016;"Psychology and Psychotherapy: Theory, Research and Practice";journal;"20448341, 14760835";"Wiley-Blackwell";No;No;1,205;Q1;83;86;103;4995;412;103;4,07;58,08;59,20;8;United States;Northern America;"Wiley-Blackwell";"1920-1939, 1996-2000, 2002-2026";"Arts and Humanities (miscellaneous) (Q1); Clinical Psychology (Q1); Developmental and Educational Psychology (Q1); Medicine (miscellaneous) (Q1); Psychiatry and Mental Health (Q1)";"Arts and Humanities; Medicine; Psychology"
207;12874;"Cognitive Science";journal;"03640213, 15516709";"Wiley-Blackwell";No;No;1,202;Q1;146;134;357;9500;1134;347;2,47;70,90;43,80;3;United States;Northern America;"Wiley-Blackwell";"1977-2026";"Experimental and Cognitive Psychology (Q1); Artificial Intelligence (Q2); Cognitive Neuroscience (Q2)";"Computer Science; Neuroscience; Psychology"
208;13438;"Counseling Psychologist";journal;"15523861, 00110000";"SAGE Publications Inc.";No;No;1,202;Q1;101;43;124;2462;363;121;2,94;57,26;60,95;2;United States;Northern America;"SAGE Publications Inc.";"1969-2026";"Applied Psychology (Q1)";"Psychology"
209;14014;"Psychology and Marketing";journal;"07426046, 15206793";"Wiley-Liss Inc.";No;No;1,200;Q1;166;148;284;13247;1240;277;4,08;89,51;45,69;13;United States;Northern America;"Wiley-Liss Inc.";"1984-2026";"Applied Psychology (Q1); Marketing (Q1)";"Business, Management and Accounting; Psychology"
210;15472;"Journal of Experimental Child Psychology";journal;"00220965, 10960457";"Academic Press Inc.";No;No;1,199;Q1;146;191;566;11593;1615;565;2,33;60,70;70,96;8;United States;Northern America;"Academic Press Inc.";"1964-2026";"Developmental and Educational Psychology (Q1); Experimental and Cognitive Psychology (Q1)";"Psychology"
211;14017;"Human Development";journal;"14230054, 0018716X";"S. Karger AG";No;No;1,197;Q1;81;41;79;2705;223;48;2,90;65,98;59,38;4;Switzerland;Western Europe;"S. Karger AG";"1958-2026";"Developmental and Educational Psychology (Q1)";"Psychology"
212;78905;"Research and Practice for Persons with Severe Disabilities";journal;"15407969, 21692408";"SAGE Publications Inc.";No;No;1,197;Q1;65;20;64;963;131;60;1,60;48,15;75,93;1;United Kingdom;Western Europe;"SAGE Publications Inc.";"1975-1980, 1986, 1988, 1990, 1992-2026";"Health Professions (miscellaneous) (Q1); Public Health, Environmental and Occupational Health (Q1); Social Psychology (Q1)";"Health Professions; Medicine; Psychology"
213;13069;"Psycho-Oncology";journal;"10579249, 10991611";"John Wiley and Sons Ltd";No;No;1,196;Q1;172;225;966;8820;3820;916;3,52;39,20;61,43;29;United Kingdom;Western Europe;"John Wiley and Sons Ltd";"1992-2026";"Experimental and Cognitive Psychology (Q1); Oncology (Q1); Psychiatry and Mental Health (Q1)";"Medicine; Psychology"
214;19700186336;"Psychology of Violence";journal;"21520828, 2152081X";"American Psychological Association";No;No;1,194;Q1;69;48;202;2733;811;201;3,39;56,94;66,47;14;United States;Northern America;"American Psychological Association";"2010-2025";"Applied Psychology (Q1); Health (social science) (Q1); Social Psychology (Q1)";"Psychology; Social Sciences"
215;12887;"Cognitive Therapy and Research";journal;"01475916, 15732819";"Springer";No;No;1,186;Q1;126;100;264;5822;824;262;2,80;58,22;51,49;5;United States;Northern America;"Springer";"1977-2026";"Clinical Psychology (Q1); Experimental and Cognitive Psychology (Q1)";"Psychology"
216;22915;"Journal of Economic Psychology";journal;"01674870";"Elsevier B.V.";No;No;1,179;Q1;131;59;202;2915;551;196;2,60;49,41;33,10;21;Netherlands;Western Europe;"Elsevier B.V.";"1981-2026";"Applied Psychology (Q1); Economics and Econometrics (Q1); Sociology and Political Science (Q1)";"Economics, Econometrics and Finance; Psychology; Social Sciences"
217;12807;"Personality and Individual Differences";journal;"01918869";"Elsevier B.V.";No;No;1,178;Q1;228;737;1575;33276;5899;1565;3,56;45,15;48,70;93;United Kingdom;Western Europe;"Elsevier B.V.";"1980-2026";"Psychology (miscellaneous) (Q1)";"Psychology"
218;30016;"Journal of Nonverbal Behavior";journal;"01915886, 15733653";"Kluwer Academic/Human Sciences Press Inc.";No;No;1,170;Q1;83;33;72;1968;316;67;4,37;59,64;52,63;1;United States;Northern America;"Kluwer Academic/Human Sciences Press Inc.";"1979-2026";"Social Psychology (Q1)";"Psychology"
219;12061;"Memory and Cognition";journal;"0090502X, 15325946";"Springer New York";No;No;1,168;Q1;152;103;318;5810;851;318;2,45;56,41;43,33;1;United States;Northern America;"Springer New York";"1973-2026";"Arts and Humanities (miscellaneous) (Q1); Experimental and Cognitive Psychology (Q1); Medicine (miscellaneous) (Q1); Neuropsychology and Physiological Psychology (Q1)";"Arts and Humanities; Medicine; Psychology"
220;15410;"Journal of Clinical Psychology";journal;"00219762, 10974679";"John Wiley &amp; Sons Inc.";No;No;1,156;Q1;157;187;466;9960;1578;462;2,75;53,26;57,26;12;United States;Northern America;"John Wiley &amp; Sons Inc.";"1945-2026";"Arts and Humanities (miscellaneous) (Q1); Clinical Psychology (Q1)";"Arts and Humanities; Psychology"
221;14152;"Family Process";journal;"15455300, 00147370";"Wiley-Blackwell Publishing Ltd";No;No;1,155;Q1;104;103;260;5325;974;248;4,12;51,70;65,27;13;United Kingdom;Western Europe;"Wiley-Blackwell Publishing Ltd";"1962-2026";"Clinical Psychology (Q1); Social Psychology (Q1); Social Sciences (miscellaneous) (Q1)";"Psychology; Social Sciences"
222;19700176047;"Cyberpsychology, Behavior, and Social Networking";journal;"21522715, 21522723";"Mary Ann Liebert Inc.";No;No;1,154;Q1;198;135;424;4653;2059;358;4,86;34,47;50,67;31;United States;Northern America;"Mary Ann Liebert Inc.";"2010-2026";"Applied Psychology (Q1); Communication (Q1); Computer Science Applications (Q1); Human-Computer Interaction (Q1); Medicine (miscellaneous) (Q1); Social Psychology (Q1)";"Computer Science; Medicine; Psychology; Social Sciences"
223;21100790809;"International Review of Social Psychology";journal;"23978570";"Ubiquity Press";Yes;Yes;1,153;Q1;32;27;45;1642;169;45;3,48;60,81;50,56;0;United Kingdom;Western Europe;"Ubiquity Press";"2016-2025";"Social Psychology (Q1)";"Psychology"
224;27562;"Archives of Sexual Behavior";journal;"15732800, 00040002";"Springer New York";No;No;1,149;Q1;148;301;713;16833;2431;556;3,21;55,92;53,75;38;United States;Northern America;"Springer New York";"1971-2026";"Arts and Humanities (miscellaneous) (Q1); Psychology (miscellaneous) (Q1)";"Arts and Humanities; Psychology"
225;25678;"Journal of Research on Adolescence";journal;"10508392, 15327795";"Wiley-Blackwell Publishing Ltd";No;No;1,146;Q1;127;74;238;6117;804;236;3,41;82,66;74,57;35;United Kingdom;Western Europe;"Wiley-Blackwell Publishing Ltd";"1993, 1996-2026";"Behavioral Neuroscience (Q1); Cultural Studies (Q1); Developmental and Educational Psychology (Q1); Social Sciences (miscellaneous) (Q1)";"Neuroscience; Psychology; Social Sciences"
226;21100830172;"Psychology of Sexual Orientation and Gender Diversity";journal;"23290382, 23290390";"American Psychological Association";No;No;1,141;Q1;61;93;138;5528;508;131;3,08;59,44;58,10;9;United States;Northern America;"American Psychological Association";"2014-2025";"Gender Studies (Q1); Psychology (miscellaneous) (Q1)";"Psychology; Social Sciences"
227;18009;"Neuropsychologia";journal;"18733514, 00283932";"Elsevier Ltd";No;No;1,140;Q1;244;287;1050;20591;3620;1036;3,03;71,75;49,50;5;United Kingdom;Western Europe;"Elsevier Ltd";"1963-2026";"Behavioral Neuroscience (Q1); Experimental and Cognitive Psychology (Q1); Cognitive Neuroscience (Q2)";"Neuroscience; Psychology"
228;15453;"Journal of Cross-Cultural Psychology";journal;"00220221, 15525422";"SAGE Publications Inc.";No;No;1,134;Q1;143;42;198;2466;603;187;2,14;58,71;58,82;7;United States;Northern America;"SAGE Publications Inc.";"1970-2026";"Anthropology (Q1); Cultural Studies (Q1); Social Psychology (Q1)";"Psychology; Social Sciences"
229;19172;"Psychosomatic Medicine";journal;"00333174, 15347796";"Lippincott Williams and Wilkins";No;No;1,130;Q1;223;142;307;7087;1201;290;2,92;49,91;50,27;0;United States;Northern America;"Lippincott Williams and Wilkins";"1945-2025";"Applied Psychology (Q1); Developmental and Educational Psychology (Q1); Psychiatry and Mental Health (Q1)";"Medicine; Psychology"
230;25231;"American Journal on Addictions";journal;"10550496, 15210391";"Wiley-Blackwell";No;No;1,125;Q1;97;86;206;2315;597;187;3,18;26,92;46,84;17;United States;Northern America;"Wiley-Blackwell";"1992-2026";"Clinical Psychology (Q1); Medicine (miscellaneous) (Q1); Psychiatry and Mental Health (Q1)";"Medicine; Psychology"
231;12000154319;"Mental Health and Physical Activity";journal;"18780199, 17552966";"Elsevier Ltd";No;No;1,122;Q1;55;48;110;2632;504;107;5,45;54,83;43,17;5;United Kingdom;Western Europe;"Elsevier Ltd";"2008-2026";"Applied Psychology (Q1); Psychiatry and Mental Health (Q1)";"Medicine; Psychology"
232;12858;"Cognition and Emotion";journal;"02699931, 14640600";"Routledge";No;No;1,121;Q1;163;124;437;6391;1248;430;2,46;51,54;53,95;4;United Kingdom;Western Europe;"Routledge";"1987-2026";"Arts and Humanities (miscellaneous) (Q1); Developmental and Educational Psychology (Q1); Experimental and Cognitive Psychology (Q1)";"Arts and Humanities; Psychology"
233;19500157063;"International Journal of Social Robotics";journal;"18754805, 18754791";"Springer Verlag";No;No;1,110;Q1;94;137;189;8127;1038;175;5,17;59,32;43,21;12;Germany;Western Europe;"Springer Verlag";"2009-2026";"Computer Science (miscellaneous) (Q1); Control and Systems Engineering (Q1); Electrical and Electronic Engineering (Q1); Human-Computer Interaction (Q1); Philosophy (Q1); Social Psychology (Q1)";"Arts and Humanities; Computer Science; Engineering; Psychology"
234;15385;"Journal of Applied Developmental Psychology";journal;"01933973";"Elsevier B.V.";No;No;1,110;Q1;113;91;225;7043;672;215;2,78;77,40;73,43;13;United Kingdom;Western Europe;"Elsevier B.V.";"1980-2026";"Developmental and Educational Psychology (Q1)";"Psychology"
235;14893;"International Journal of Psychoanalysis";journal;"17458315, 00207578";"Taylor and Francis Ltd.";No;No;1,097;Q1;78;86;272;2309;222;202;0,78;26,85;38,89;0;United Kingdom;Western Europe;"Taylor and Francis Ltd.";"1945-1947, 1957-1958, 1961, 1973-1976, 1979-2025";"Clinical Psychology (Q1); Medicine (miscellaneous) (Q1); Psychiatry and Mental Health (Q1)";"Medicine; Psychology"
236;12852;"Clinical Psychology and Psychotherapy";journal;"10633995, 10990879";"John Wiley and Sons Ltd";No;No;1,096;Q1;103;127;236;8615;845;236;3,13;67,83;54,68;20;United Kingdom;Western Europe;"John Wiley and Sons Ltd";"1993-2026";"Clinical Psychology (Q1); Medicine (miscellaneous) (Q1)";"Medicine; Psychology"
237;12886;"Cognitive Systems Research";journal;"13890417, 22144366";"Elsevier B.V.";No;No;1,095;Q1;76;75;370;3823;1840;366;5,97;50,97;29,32;0;Netherlands;Western Europe;"Elsevier B.V.";"1999-2026";"Experimental and Cognitive Psychology (Q1); Software (Q1); Artificial Intelligence (Q2); Cognitive Neuroscience (Q2)";"Computer Science; Neuroscience; Psychology"
238;21101028599;"Developmental Child Welfare";journal;"25161032, 25161040";"SAGE Publications Ltd";No;No;1,091;Q1;14;20;34;1014;68;32;2,00;50,70;65,75;6;United Kingdom;Western Europe;"SAGE Publications Ltd";"2019-2025";"Developmental and Educational Psychology (Q1); Health (social science) (Q1); Pediatrics, Perinatology and Child Health (Q1)";"Medicine; Psychology; Social Sciences"
239;14852;"Intelligence";journal;"01602896";"Elsevier Ltd";No;No;1,088;Q1;119;50;195;4110;666;187;3,32;82,20;30,00;3;United Kingdom;Western Europe;"Elsevier Ltd";"1977-2026";"Arts and Humanities (miscellaneous) (Q1); Developmental and Educational Psychology (Q1); Experimental and Cognitive Psychology (Q1)";"Arts and Humanities; Psychology"
240;21101028072;"Open Mind";journal;"24702986";"MIT Press";Yes;Yes;1,084;Q1;15;11;15;631;52;15;3,71;57,36;47,06;0;United States;Northern America;"MIT Press";"2018-2026";"Developmental and Educational Psychology (Q1); Experimental and Cognitive Psychology (Q1); Linguistics and Language (Q1); Cognitive Neuroscience (Q2)";"Neuroscience; Psychology; Social Sciences"
241;14271;"Educational Psychology";journal;"14695820, 01443410";"Routledge";Yes;No;1,083;Q1;97;78;231;4064;704;199;2,79;52,10;51,60;10;United Kingdom;Western Europe;"Routledge";"1981-2026";"Developmental and Educational Psychology (Q1); Education (Q1); Experimental and Cognitive Psychology (Q1)";"Psychology; Social Sciences"
242;14761;"International Journal of Stress Management";journal;"10725245, 15733424";"American Psychological Association";No;No;1,082;Q1;81;25;118;2278;447;116;3,90;91,12;45,24;2;United States;Northern America;"American Psychological Association";"1994-2026";"Applied Psychology (Q1); Business, Management and Accounting (miscellaneous) (Q1); Education (Q1); Medicine (miscellaneous) (Q1); Psychology (miscellaneous) (Q1)";"Business, Management and Accounting; Medicine; Psychology; Social Sciences"
243;15391;"Journal of Black Psychology";journal;"15524558, 00957984";"SAGE Publications Inc.";No;No;1,082;Q1;76;25;81;1589;250;78;1,78;63,56;74,63;2;United States;Northern America;"SAGE Publications Inc.";"1978-2026";"Anthropology (Q1); Applied Psychology (Q1)";"Psychology; Social Sciences"
244;21100903415;"Journal of Professional Capital and Community";journal;"20569548, 20569556";"Emerald Group Publishing Ltd.";No;No;1,076;Q1;31;21;79;1079;291;77;4,31;51,38;58,97;0;United Kingdom;Western Europe;"Emerald Group Publishing Ltd.";"2016-2026";"Communication (Q1); Education (Q1); Social Psychology (Q1)";"Psychology; Social Sciences"
245;12111;"Behavioral Medicine";journal;"19404026, 08964289";"Routledge";No;No;1,073;Q1;62;33;106;1715;358;100;3,69;51,97;55,75;5;United States;Northern America;"Routledge";"1988-2026";"Applied Psychology (Q1); Psychiatry and Mental Health (Q1)";"Medicine; Psychology"
246;19664;"Criminal Justice and Behavior";journal;"15523594, 00938548";"SAGE Publications Inc.";No;No;1,069;Q1;121;93;276;5442;689;271;2,35;58,52;50,34;24;United States;Northern America;"SAGE Publications Inc.";"1974-2026";"Law (Q1); Pathology and Forensic Medicine (Q1); Psychology (miscellaneous) (Q1)";"Medicine; Psychology; Social Sciences"
247;30042;"Journal of Personality Assessment";journal;"15327752, 00223891";"Routledge";No;No;1,068;Q1;128;76;216;4276;803;206;3,19;56,26;43,48;3;United Kingdom;Western Europe;"Routledge";"1971-2026";"Arts and Humanities (miscellaneous) (Q1); Clinical Psychology (Q1); Health, Toxicology and Mutagenesis (Q1); Psychiatry and Mental Health (Q1)";"Arts and Humanities; Environmental Science; Medicine; Psychology"
248;16248;"Journal of Attention Disorders";journal;"10870547, 15571246";"SAGE Publications Inc.";No;No;1,066;Q1;100;194;503;9382;1702;500;3,24;48,36;54,79;60;United States;Northern America;"SAGE Publications Inc.";"1996-2026";"Clinical Psychology (Q1); Developmental and Educational Psychology (Q1)";"Psychology"
249;14872;"Child Psychiatry and Human Development";journal;"15733327, 0009398X";"Kluwer Academic/Human Sciences Press Inc.";No;No;1,065;Q1;87;106;269;6180;798;268;2,93;58,30;61,35;18;United States;Northern America;"Kluwer Academic/Human Sciences Press Inc.";"1970-2026";"Developmental and Educational Psychology (Q1); Pediatrics, Perinatology and Child Health (Q1); Psychiatry and Mental Health (Q1)";"Medicine; Psychology"
250;15503;"Journal of Family Psychology";journal;"08933200, 19391293";"American Psychological Association";No;No;1,062;Q1;154;133;326;6223;948;325;2,63;46,79;68,78;12;United States;Northern America;"American Psychological Association";"1990-2026";"Psychology (miscellaneous) (Q1)";"Psychology"
251;21100821132;"Decision";journal;"23259973, 23259965";"American Psychological Association";No;No;1,059;Q1;26;19;55;917;151;55;1,89;48,26;29,41;0;United States;Northern America;"American Psychological Association";"2014-2025";"Applied Psychology (Q1); Neuropsychology and Physiological Psychology (Q1); Social Psychology (Q1); Statistics, Probability and Uncertainty (Q2)";"Decision Sciences; Psychology"
252;29471;"American Journal of Orthopsychiatry";journal;"19390025, 00029432";"American Orthopsychiatric Association Inc.";No;No;1,058;Q1;120;76;222;4596;701;220;2,84;60,47;68,32;14;United States;Northern America;"American Orthopsychiatric Association Inc.";"1930-2025";"Arts and Humanities (miscellaneous) (Q1); Developmental and Educational Psychology (Q1); Psychiatry and Mental Health (Q1); Psychology (miscellaneous) (Q1)";"Arts and Humanities; Medicine; Psychology"
253;19700175166;"Frontiers in Behavioral Neuroscience";journal;"16625153";"Frontiers Media SA";Yes;No;1,057;Q1;115;361;878;27269;3533;851;3,52;75,54;48,04;7;Switzerland;Western Europe;"Frontiers Media SA";"2007-2026";"Behavioral Neuroscience (Q1); Neuropsychology and Physiological Psychology (Q1); Cognitive Neuroscience (Q2)";"Neuroscience; Psychology"
254;14566;"American Journal of Speech-Language Pathology";journal;"10580360, 15589110";"American Speech-Language-Hearing Association (ASHA)";No;No;1,053;Q1;98;199;402;11506;1216;389;2,65;57,82;75,60;1;United States;Northern America;"American Speech-Language-Hearing Association (ASHA)";"1993-2026";"Developmental and Educational Psychology (Q1); Linguistics and Language (Q1); Medicine (miscellaneous) (Q1); Otorhinolaryngology (Q1); Speech and Hearing (Q1)";"Health Professions; Medicine; Psychology; Social Sciences"
255;12020;"Anxiety, Stress and Coping";journal;"10615806, 14772205";"Brunner - Routledge (US)";No;No;1,052;Q1;98;53;161;2919;560;160;2,89;55,08;51,79;4;United States;Northern America;"Brunner - Routledge (US)";"1992-2026";"Arts and Humanities (miscellaneous) (Q1); Clinical Psychology (Q1); Developmental and Educational Psychology (Q1); Psychiatry and Mental Health (Q1)";"Arts and Humanities; Medicine; Psychology"
256;12710;"Motivation and Emotion";journal;"15736644, 01467239";"Springer New York";No;No;1,052;Q1;115;56;206;3790;779;205;3,63;67,68;48,92;2;United States;Northern America;"Springer New York";"1977-2026";"Experimental and Cognitive Psychology (Q1); Social Psychology (Q1)";"Psychology"
257;17467;"Neurobiology of Learning and Memory";journal;"10959564, 10747427";"Academic Press Inc.";No;No;1,052;Q1;140;138;475;10694;1457;468;2,93;77,49;46,25;3;United States;Northern America;"Academic Press Inc.";"1995-2026";"Behavioral Neuroscience (Q1); Experimental and Cognitive Psychology (Q1); Cognitive Neuroscience (Q2)";"Neuroscience; Psychology"
258;13422;"Psychoanalytic Quarterly";journal;"00332828, 21674086";"Taylor and Francis Ltd.";No;No;1,049;Q1;49;19;104;756;73;77;0,82;39,79;42,31;0;United Kingdom;Western Europe;"Taylor and Francis Ltd.";"1945-2026";"Arts and Humanities (miscellaneous) (Q1); Clinical Psychology (Q1); Developmental and Educational Psychology (Q1); Medicine (miscellaneous) (Q1); Psychiatry and Mental Health (Q1)";"Arts and Humanities; Medicine; Psychology"
259;22810;"British Journal of Criminology";journal;"00070955, 14643529";"Oxford University Press";No;No;1,048;Q1;127;92;218;6328;731;217;3,14;68,78;43,75;30;United Kingdom;Western Europe;"Oxford University Press";"1960-2026";"Arts and Humanities (miscellaneous) (Q1); Law (Q1); Pathology and Forensic Medicine (Q1); Social Psychology (Q1)";"Arts and Humanities; Medicine; Psychology; Social Sciences"
260;17562;"Social Psychology Quarterly";journal;"01902725, 19398999";"SAGE Publications Inc.";No;No;1,047;Q1;112;22;65;1146;145;62;1,79;52,09;50,00;1;United States;Northern America;"SAGE Publications Inc.";"1979-1984, 1989, 1996-2026";"Social Psychology (Q1)";"Psychology"
261;21100386521;"Language, Cognition and Neuroscience";journal;"23273801, 23273798";"Routledge";No;No;1,043;Q1;102;70;284;5094;752;265;2,59;72,77;59,38;0;United Kingdom;Western Europe;"Routledge";"2013-2026";"Experimental and Cognitive Psychology (Q1); Linguistics and Language (Q1); Cognitive Neuroscience (Q2)";"Neuroscience; Psychology; Social Sciences"
262;20300195073;"Journal of Applied Research in Memory and Cognition";journal;"22113681, 2211369X";"Society for Applied Research in Memory and Cognition";No;No;1,040;Q1;59;80;193;3467;534;127;2,75;43,34;55,42;2;United States;Northern America;"Society for Applied Research in Memory and Cognition";"2012-2025";"Applied Psychology (Q1); Clinical Psychology (Q1); Experimental and Cognitive Psychology (Q1)";"Psychology"
263;12028;"Applied Psychological Measurement";journal;"01466216, 15523497";"SAGE Publications Inc.";No;No;1,039;Q1;79;37;130;1055;217;126;1,59;28,51;27,16;1;United States;Northern America;"SAGE Publications Inc.";"1977-2026";"Psychology (miscellaneous) (Q1); Social Sciences (miscellaneous) (Q1)";"Psychology; Social Sciences"
264;21101019704;"Evolutionary Human Sciences";journal;"2513843X";"Cambridge University Press";Yes;No;1,039;Q1;23;50;62;4149;164;59;2,65;82,98;40,27;4;United States;Northern America;"Cambridge University Press";"2019-2026";"Anthropology (Q1); Applied Psychology (Q1); Cultural Studies (Q1); Ecology, Evolution, Behavior and Systematics (Q1)";"Agricultural and Biological Sciences; Psychology; Social Sciences"
265;25372;"Psychology of Addictive Behaviors";journal;"19391501, 0893164X";"Educational Publishing Foundation";No;No;1,031;Q1;132;121;256;6586;869;253;2,94;54,43;55,76;17;United States;Northern America;"Educational Publishing Foundation";"1993-2026";"Clinical Psychology (Q1); Medicine (miscellaneous) (Q1); Psychiatry and Mental Health (Q1)";"Medicine; Psychology"
266;16200;"International Psychogeriatrics";journal;"1741203X, 10416102";"Elsevier Inc.";Yes;No;1,029;Q1;134;172;628;5263;2245;444;3,45;30,60;59,05;0;United States;Northern America;"Elsevier Inc.";"1989-2026";"Clinical Psychology (Q1); Gerontology (Q1); Psychiatry and Mental Health (Q1); Geriatrics and Gerontology (Q2)";"Medicine; Nursing; Psychology"
267;21100935976;"Cognitive Research: Principles and Implications";journal;"23657464";"SpringerOpen";Yes;No;1,029;Q2;51;80;160;5465;636;159;3,36;68,31;48,65;11;United Kingdom;Western Europe;"SpringerOpen";"2016-2026";"Cognitive Neuroscience (Q2); Experimental and Cognitive Psychology (Q2)";"Neuroscience; Psychology"
268;30021;"Journal of Pediatric Psychology";journal;"01468693, 1465735X";"Oxford University Press";No;No;1,027;Q1;147;132;358;5539;1063;314;2,70;41,96;71,79;19;United Kingdom;Western Europe;"Oxford University Press";"1976-2025";"Developmental and Educational Psychology (Q1); Pediatrics, Perinatology and Child Health (Q1)";"Medicine; Psychology"
269;14172;"Feminism and Psychology";journal;"14617161, 09593535";"SAGE Publications Ltd";No;No;1,026;Q1;73;27;84;1398;266;79;2,00;51,78;84,91;2;United Kingdom;Western Europe;"SAGE Publications Ltd";"1991-2026";"Arts and Humanities (miscellaneous) (Q1); Gender Studies (Q1); Psychology (miscellaneous) (Q1)";"Arts and Humanities; Psychology; Social Sciences"
270;21100911068;"School Psychology";journal;"25784226, 25784218";"American Psychological Association";No;No;1,025;Q1;97;70;171;3640;588;170;2,58;52,00;68,29;23;United States;Northern America;"American Psychological Association";"2019-2026";"Developmental and Educational Psychology (Q1); Education (Q1)";"Psychology; Social Sciences"
271;19885;"Stress and Health";journal;"15323005, 15322998";"John Wiley &amp; Sons Inc.";No;No;1,025;Q1;95;87;191;5767;821;190;3,51;66,29;54,83;11;United States;Northern America;"John Wiley &amp; Sons Inc.";"2001-2026";"Applied Psychology (Q1); Clinical Psychology (Q1); Medicine (miscellaneous) (Q1); Psychiatry and Mental Health (Q1)";"Medicine; Psychology"
272;12145;"Biological Psychology";journal;"03010511, 18736246";"Elsevier B.V.";No;No;1,023;Q1;158;156;435;10390;1555;427;2,81;66,60;49,50;3;Netherlands;Western Europe;"Elsevier B.V.";"1973-2026";"Neuropsychology and Physiological Psychology (Q1); Neuroscience (miscellaneous) (Q2)";"Neuroscience; Psychology"
273;12834;"Journal of Research in Reading";journal;"14679817, 01410423";"Wiley-Blackwell Publishing Ltd";No;No;1,022;Q1;69;46;115;2487;336;114;2,62;54,07;63,64;5;United Kingdom;Western Europe;"Wiley-Blackwell Publishing Ltd";"1978-2026";"Developmental and Educational Psychology (Q1); Education (Q1); Psychology (miscellaneous) (Q1)";"Psychology; Social Sciences"
274;30086;"Journal of Social and Personal Relationships";journal;"14603608, 02654075";"SAGE Publications Ltd";No;No;1,022;Q1;115;185;423;9827;1207;420;2,39;53,12;63,47;14;United Kingdom;Western Europe;"SAGE Publications Ltd";"1984-2026";"Communication (Q1); Developmental and Educational Psychology (Q1); Social Psychology (Q1); Sociology and Political Science (Q1)";"Psychology; Social Sciences"
275;30045;"Journal of Personality Disorders";journal;"0885579X, 19432763";"Guilford Publications";No;No;1,019;Q1;114;78;191;4283;541;184;2,80;54,91;54,94;9;United States;Northern America;"Guilford Publications";"1987-2026";"Clinical Psychology (Q1); Psychiatry and Mental Health (Q1)";"Medicine; Psychology"
276;13378;"Psicothema";journal;"02149915, 1886144X";"Colegio Oficial de Psicologos Asturias";Yes;No;1,018;Q1;91;73;200;3406;846;200;4,00;46,66;57,07;17;Spain;Western Europe;"Colegio Oficial de Psicologos Asturias";"1996-2026";"Psychology (miscellaneous) (Q1)";"Psychology"
277;18746;"Psychopathology";journal;"02544962, 1423033X";"S. Karger AG";No;No;1,015;Q1;81;34;130;1795;383;125;3,16;52,79;43,59;1;Switzerland;Western Europe;"S. Karger AG";"1968-2026";"Clinical Psychology (Q1); Psychiatry and Mental Health (Q1)";"Medicine; Psychology"
278;5800179627;"Self and Identity";journal;"15298868, 15298876";"Taylor and Francis Ltd.";No;No;1,014;Q1;68;56;134;2853;406;132;2,31;50,95;62,58;6;United Kingdom;Western Europe;"Taylor and Francis Ltd.";"2005-2026";"Psychology (miscellaneous) (Q1)";"Psychology"
279;66374;"Journal of Educational Measurement";journal;"17453984, 00220655";"John Wiley and Sons Inc";No;No;1,013;Q1;63;27;98;979;133;92;1,22;36,26;35,09;1;United States;Northern America;"John Wiley and Sons Inc";"1964-2026";"Applied Psychology (Q1); Developmental and Educational Psychology (Q1); Education (Q1); Psychology (miscellaneous) (Q1)";"Psychology; Social Sciences"
280;20537;"Journal of Behavioral Decision Making";journal;"08943257, 10990771";"John Wiley and Sons Ltd";No;No;1,013;Q2;99;51;143;3049;407;142;3,02;59,78;38,82;2;United Kingdom;Western Europe;"John Wiley and Sons Ltd";"1988-2026";"Arts and Humanities (miscellaneous) (Q1); Decision Sciences (miscellaneous) (Q1); Sociology and Political Science (Q1); Strategy and Management (Q1); Applied Psychology (Q2)";"Arts and Humanities; Business, Management and Accounting; Decision Sciences; Psychology; Social Sciences"
281;12070;"Attachment and Human Development";journal;"14616734, 14692988";"Routledge";No;No;1,011;Q1;92;57;128;3226;424;120;2,89;56,60;66,49;5;United States;Northern America;"Routledge";"1999-2026";"Developmental and Educational Psychology (Q1); Medicine (miscellaneous) (Q1); Psychiatry and Mental Health (Q1)";"Medicine; Psychology"
282;19700169951;"International Journal of Testing";journal;"15305058, 15327574";"Routledge";No;No;1,011;Q1;31;8;46;533;228;45;2,50;66,63;39,13;1;United Kingdom;Western Europe;"Routledge";"2010-2026";"Education (Q1); Modeling and Simulation (Q1); Social Psychology (Q1)";"Mathematics; Psychology; Social Sciences"
283;21100244224;"Religion, Brain and Behavior";journal;"2153599X, 21535981";"Taylor and Francis Ltd.";No;No;1,011;Q2;37;46;133;1649;207;55;1,20;35,85;29,63;0;United Kingdom;Western Europe;"Taylor and Francis Ltd.";"2011-2025";"Religious Studies (Q1); Experimental and Cognitive Psychology (Q2)";"Arts and Humanities; Psychology"
284;17545;"Law and Human Behavior";journal;"01477307, 1573661X";"Springer New York";No;No;1,006;Q1;120;38;120;2154;424;118;3,71;56,68;59,56;14;United States;Northern America;"Springer New York";"1977-2025";"Arts and Humanities (miscellaneous) (Q1); Law (Q1); Psychiatry and Mental Health (Q1); Psychology (miscellaneous) (Q1)";"Arts and Humanities; Medicine; Psychology; Social Sciences"
285;14871;"International Journal of Behavioral Development";journal;"01650254, 14640651";"SAGE Publications Ltd";No;No;1,002;Q1;119;60;187;3017;522;185;2,67;50,28;62,02;6;United Kingdom;Western Europe;"SAGE Publications Ltd";"1978-2026";"Developmental and Educational Psychology (Q1); Education (Q1); Life-span and Life-course Studies (Q1); Social Psychology (Q1); Social Sciences (miscellaneous) (Q1); Developmental Neuroscience (Q2)";"Neuroscience; Psychology; Social Sciences"
286;15413;"Journal of Cognition and Development";journal;"15327647, 15248372";"Routledge";No;No;1,002;Q1;76;41;111;2323;273;108;2,35;56,66;73,48;2;United States;Northern America;"Routledge";"2000-2026";"Developmental and Educational Psychology (Q1); Experimental and Cognitive Psychology (Q2); Psychiatry and Mental Health (Q2)";"Medicine; Psychology"
287;21448;"Journal of Experimental Education";journal;"19400683, 00220973";"Routledge";No;No;1,000;Q1;82;39;122;2064;334;120;1,84;52,92;45,76;2;United States;Northern America;"Routledge";"1932-2026";"Developmental and Educational Psychology (Q1); Education (Q1)";"Psychology; Social Sciences"
288;29439;"Advances in Child Development and Behavior";book series;"00652407";"Academic Press Inc.";No;No;0,999;Q1;60;26;55;2453;186;8;3,05;94,35;0,00;2;United States;Northern America;"Academic Press Inc.";"1964-1965, 1967, 1969-1971, 1973-1976, 1978-1980, 1982, 1984-1985, 1987, 1989, 1991, 1993-1994, 1996, 1999, 2002-2025";"Behavioral Neuroscience (Q1); Developmental and Educational Psychology (Q1); Pediatrics, Perinatology and Child Health (Q1)";"Medicine; Neuroscience; Psychology"
289;17282;"Learning and Memory";journal;"10720502, 15495485";"Cold Spring Harbor Laboratory Press";No;No;0,994;Q1;156;55;187;2867;485;183;2,60;52,13;42,47;0;United States;Northern America;"Cold Spring Harbor Laboratory Press";"1994-2026";"Neuropsychology and Physiological Psychology (Q1); Cellular and Molecular Neuroscience (Q2); Cognitive Neuroscience (Q2)";"Neuroscience; Psychology"
290;25229;"American Journal of Drug and Alcohol Abuse";journal;"10979891, 00952990";"Taylor &amp; Francis Group LLC Philadelphia";No;No;0,990;Q1;88;84;247;3680;827;229;3,37;43,81;50,51;9;United States;Northern America;"Taylor &amp; Francis Group LLC Philadelphia";"1974-1982, 1984-2026";"Clinical Psychology (Q1); Medicine (miscellaneous) (Q1); Psychiatry and Mental Health (Q2)";"Medicine; Psychology"
291;29994;"Appetite";journal;"01956663, 10958304";"Academic Press";No;No;0,986;Q1;205;412;1140;25571;5432;1124;4,45;62,07;65,49;81;United States;Northern America;"Academic Press";"1970, 1980-2026";"Nutrition and Dietetics (Q1); Psychology (miscellaneous) (Q1)";"Nursing; Psychology"
292;5700167235;"International Journal of Consumer Studies";journal;"14706423, 14706431";"Wiley-Blackwell Publishing Ltd";No;No;0,986;Q2;121;75;182;8366;999;179;5,85;111,55;56,25;13;United Kingdom;Western Europe;"Wiley-Blackwell Publishing Ltd";"2001-2026";"Public Health, Environmental and Occupational Health (Q1); Applied Psychology (Q2); Economics and Econometrics (Q2); Marketing (Q2)";"Business, Management and Accounting; Economics, Econometrics and Finance; Medicine; Psychology"
293;22370;"Public Understanding of Science";journal;"09636625, 13616609";"SAGE Publications Ltd";No;No;0,983;Q1;109;65;194;3506;719;183;3,81;53,94;57,74;16;United Kingdom;Western Europe;"SAGE Publications Ltd";"1992-2026";"Arts and Humanities (miscellaneous) (Q1); Communication (Q1); Developmental and Educational Psychology (Q1)";"Arts and Humanities; Psychology; Social Sciences"
294;19400157006;"Judgment and Decision Making";journal;"19302975";"Society for Judgment and Decision making";Yes;No;0,983;Q2;82;61;196;3420;464;196;2,18;56,07;26,53;0;United States;Northern America;"Society for Judgment and Decision making";"2007-2026";"Decision Sciences (miscellaneous) (Q1); Applied Psychology (Q2); Economics and Econometrics (Q2)";"Decision Sciences; Economics, Econometrics and Finance; Psychology"
295;20000195043;"Nature and Science of Sleep";journal;"11791608";"Dove Medical Press Ltd";Yes;No;0,973;Q2;61;184;191;9906;920;184;3,25;53,84;44,77;0;New Zealand;Pacific Region;"Dove Medical Press Ltd";"2009-2026";"Behavioral Neuroscience (Q1); Applied Psychology (Q2)";"Neuroscience; Psychology"
296;23064;"Scandinavian Journal of Management";journal;"09565221, 18733387";"Elsevier Ltd";No;No;0,971;Q2;77;25;79;1997;227;76;2,50;79,88;48,08;0;United Kingdom;Western Europe;"Elsevier Ltd";"1988-2026";"Strategy and Management (Q1); Applied Psychology (Q2)";"Business, Management and Accounting; Psychology"
297;28874;"European Journal of Psychology of Education";journal;"18785174, 02562928";"Springer Netherlands";No;No;0,960;Q1;77;58;127;3605;390;127;3,37;62,16;61,80;8;Netherlands;Western Europe;"Springer Netherlands";"1986-2026";"Developmental and Educational Psychology (Q1); Education (Q1)";"Psychology; Social Sciences"
298;17508;"Social Development";journal;"14679507, 0961205X";"Wiley-Blackwell Publishing Ltd";No;No;0,960;Q2;120;63;197;4192;478;197;2,23;66,54;69,44;3;United Kingdom;Western Europe;"Wiley-Blackwell Publishing Ltd";"1992-2026";"Social Sciences (miscellaneous) (Q1); Sociology and Political Science (Q1); Developmental and Educational Psychology (Q2)";"Psychology; Social Sciences"
299;21100388400;"Addictive Behaviors Reports";journal;"23528532";"Elsevier Ltd";Yes;No;0,956;-;48;65;212;3187;812;207;3,84;49,03;51,84;12;United Kingdom;Western Europe;"Elsevier Ltd";"2015-2026";"Psychiatry and Mental Health (Q2)";"Medicine"
300;13460;"Learning Environments Research";journal;"15731855, 13871579";"Springer Netherlands";No;No;0,950;Q2;56;28;72;1612;247;72;3,20;57,57;60,53;7;Netherlands;Western Europe;"Springer Netherlands";"2000-2001, 2003-2026";"Communication (Q1); Education (Q1); E-learning (Q1); Developmental and Educational Psychology (Q2)";"Psychology; Social Sciences"
301;12768;"British Journal of Developmental Psychology";journal;"2044835X, 0261510X";"Wiley-Blackwell";No;No;0,949;Q2;99;39;124;2143;310;123;2,08;54,95;66,17;3;United States;Northern America;"Wiley-Blackwell";"1988, 1995-2026";"Developmental and Educational Psychology (Q2); Developmental Neuroscience (Q2)";"Neuroscience; Psychology"
302;12869;"Cognitive Development";journal;"08852014";"Elsevier Ltd";No;No;0,949;Q2;99;114;242;7334;622;237;1,81;64,33;68,55;3;United Kingdom;Western Europe;"Elsevier Ltd";"1986-2026";"Developmental and Educational Psychology (Q2); Experimental and Cognitive Psychology (Q2)";"Psychology"
303;13194;"Career Development Quarterly";journal;"21610045, 08894019";"Wiley-Blackwell";No;No;0,948;Q1;70;27;81;1133;267;80;2,33;41,96;62,20;3;United States;Northern America;"Wiley-Blackwell";"1986-2026";"Psychology (miscellaneous) (Q1); Applied Psychology (Q2); Organizational Behavior and Human Resource Management (Q2)";"Business, Management and Accounting; Psychology"
304;23940;"Journal of Mathematical Behavior";journal;"07323123, 18738028";"Elsevier Inc.";No;No;0,948;Q2;64;56;172;2339;312;167;1,57;41,77;62,70;0;United States;Northern America;"Elsevier Inc.";"1994-2026";"Applied Mathematics (Q1); Education (Q1); Applied Psychology (Q2)";"Mathematics; Psychology; Social Sciences"
305;13344;"Social Psychology of Education";journal;"15731928, 13812890";"Springer Netherlands";No;No;0,946;Q1;76;71;194;4872;566;194;2,52;68,62;60,87;7;Netherlands;Western Europe;"Springer Netherlands";"1996-2026";"Education (Q1); Social Psychology (Q1); Sociology and Political Science (Q1); Developmental and Educational Psychology (Q2)";"Psychology; Social Sciences"
306;13401;"Consciousness and Cognition";journal;"10538100, 10902376";"Academic Press Inc.";No;No;0,945;Q2;139;120;412;8800;1102;396;2,65;73,33;41,51;2;United States;Northern America;"Academic Press Inc.";"1992-2026";"Arts and Humanities (miscellaneous) (Q1); Developmental and Educational Psychology (Q2); Experimental and Cognitive Psychology (Q2)";"Arts and Humanities; Psychology"
307;13466;"Psychological Research";journal;"14302772, 03400727";"Springer Verlag";No;No;0,943;Q2;97;230;402;12734;1027;399;2,48;55,37;44,97;6;Germany;Western Europe;"Springer Verlag";"1974-2026";"Arts and Humanities (miscellaneous) (Q1); Medicine (miscellaneous) (Q1); Developmental and Educational Psychology (Q2); Experimental and Cognitive Psychology (Q2)";"Arts and Humanities; Medicine; Psychology"
308;21100887623;"Comprehensive Results in Social Psychology";journal;"23743611";"Taylor and Francis Ltd.";No;No;0,941;Q1;16;6;26;295;50;26;0,36;49,17;20,00;3;United Kingdom;Western Europe;"Taylor and Francis Ltd.";"2016-2018, 2020-2023, 2025-2026";"Social Psychology (Q1)";"Psychology"
309;20369;"Journal of Family Violence";journal;"08857482, 15732851";"Springer New York";No;No;0,940;Q1;103;96;199;5212;426;198;1,83;54,29;72,31;37;United States;Northern America;"Springer New York";"1986-2026";"Clinical Psychology (Q1); Law (Q1); Social Sciences (miscellaneous) (Q1); Sociology and Political Science (Q1)";"Psychology; Social Sciences"
310;16817;"Journal of Psychosomatic Research";journal;"18791360, 00223999";"Elsevier Inc.";No;No;0,939;Q1;190;223;589;10969;1991;525;3,36;49,19;47,78;40;United States;Northern America;"Elsevier Inc.";"1956-2026";"Clinical Psychology (Q1); Psychiatry and Mental Health (Q2)";"Medicine; Psychology"
311;18013;"Neuropsychology";journal;"08944105, 19311559";"American Psychological Association";No;No;0,937;Q2;154;74;260;4591;842;259;3,17;62,04;58,05;3;United States;Northern America;"American Psychological Association";"1989-2026";"Neuropsychology and Physiological Psychology (Q2)";"Psychology"
312;5700184957;"Methodology";journal;"16142241, 16141881";"PsychOpen";Yes;Yes;0,936;Q1;43;15;58;452;76;56;1,35;30,13;24,39;0;Germany;Western Europe;"PsychOpen";"2005-2025";"Psychology (miscellaneous) (Q1); Social Sciences (miscellaneous) (Q1)";"Psychology; Social Sciences"
313;145172;"Behavioral Sleep Medicine";journal;"15402010, 15402002";"Routledge";No;No;0,932;Q1;74;59;183;3161;675;182;3,72;53,58;62,22;12;United States;Northern America;"Routledge";"2003-2026";"Medicine (miscellaneous) (Q1); Psychology (miscellaneous) (Q1); Neurology (clinical) (Q2); Neuroscience (miscellaneous) (Q2)";"Medicine; Neuroscience; Psychology"
314;29452;"Aggressive Behavior";journal;"10982337, 0096140X";"Wiley-Liss Inc.";No;No;0,931;Q1;121;63;172;3476;532;169;2,77;55,17;52,74;13;United States;Northern America;"Wiley-Liss Inc.";"1974-2026";"Arts and Humanities (miscellaneous) (Q1); Psychology (miscellaneous) (Q1); Developmental and Educational Psychology (Q2)";"Arts and Humanities; Psychology"
315;16247;"Journal of Applied Research in Intellectual Disabilities";journal;"14683148, 13602322";"Wiley-Blackwell Publishing Ltd";No;No;0,928;Q2;84;122;408;5868;1086;406;2,10;48,10;69,58;29;United Kingdom;Western Europe;"Wiley-Blackwell Publishing Ltd";"1996-2026";"Education (Q1); Developmental and Educational Psychology (Q2)";"Psychology; Social Sciences"
316;15330;"Thinking and Reasoning";journal;"14640708, 13546783";"Taylor and Francis Ltd.";No;No;0,927;Q1;61;19;68;977;195;68;2,74;51,42;30,00;2;United Kingdom;Western Europe;"Taylor and Francis Ltd.";"1995, 2000-2026";"Philosophy (Q1); Psychology (miscellaneous) (Q1); Experimental and Cognitive Psychology (Q2)";"Arts and Humanities; Psychology"
317;12100156129;"Learning Disabilities Research and Practice";journal;"15405826, 09388982";"SAGE Publications Inc.";No;No;0,925;Q2;37;29;64;1771;125;56;1,15;61,07;62,16;4;United States;Northern America;"SAGE Publications Inc.";"1985-1987, 1989, 1991-1992, 1994-1995, 2004, 2006, 2008, 2012-2025";"Education (Q1); Health (social science) (Q1); Developmental and Educational Psychology (Q2)";"Psychology; Social Sciences"
318;12001;"Journal of the Experimental Analysis of Behavior";journal;"00225002, 19383711";"Wiley-Blackwell";No;No;0,924;Q2;76;71;211;3451;406;193;2,02;48,61;34,36;0;United States;Northern America;"Wiley-Blackwell";"1958-2026";"Behavioral Neuroscience (Q2); Experimental and Cognitive Psychology (Q2)";"Neuroscience; Psychology"
319;24469;"Child Maltreatment";journal;"10775595, 15526119";"SAGE Publications Inc.";No;No;0,923;Q2;107;48;128;2316;384;125;2,53;48,25;70,06;20;United States;Northern America;"SAGE Publications Inc.";"1996-2026";"Pediatrics, Perinatology and Child Health (Q1); Social Work (Q1); Developmental and Educational Psychology (Q2)";"Medicine; Psychology; Social Sciences"
320;13547;"Eating Disorders";journal;"1532530X, 10640266";"Routledge";No;No;0,922;Q1;67;50;111;1814;446;110;4,10;36,28;75,24;7;United States;Northern America;"Routledge";"1993-2026";"Clinical Psychology (Q1); Medicine (miscellaneous) (Q1); Psychiatry and Mental Health (Q2)";"Medicine; Psychology"
321;21100413715;"Sport, Exercise, and Performance Psychology";journal;"21573913, 21573905";"American Psychological Association";No;No;0,921;Q1;42;40;96;2345;342;88;2,47;58,63;37,50;2;United States;Northern America;"American Psychological Association";"2013-2025";"Physical Therapy, Sports Therapy and Rehabilitation (Q1); Social Psychology (Q1); Applied Psychology (Q2)";"Health Professions; Psychology"
322;25675;"Journal of Early Adolescence";journal;"15525449, 02724316";"SAGE Publications Inc.";No;No;0,917;Q2;89;56;160;3433;434;157;2,39;61,30;70,27;5;United States;Northern America;"SAGE Publications Inc.";"1981-2026";"Life-span and Life-course Studies (Q1); Social Sciences (miscellaneous) (Q1); Sociology and Political Science (Q1); Developmental and Educational Psychology (Q2)";"Psychology; Social Sciences"
323;19900192615;"Cyberpsychology";journal;"18027962";"Masaryk University";Yes;Yes;0,916;Q1;47;38;72;2753;268;69;3,26;72,45;55,65;0;Czech Republic;Eastern Europe;"Masaryk University";"2011-2026";"Communication (Q1); Psychology (miscellaneous) (Q1); Social Sciences (miscellaneous) (Q1)";"Psychology; Social Sciences"
324;16249;"Journal of Behavior Therapy and Experimental Psychiatry";journal;"18737943, 00057916";"Elsevier Ltd";No;No;0,916;Q1;99;51;226;2433;534;223;2,49;47,71;57,65;3;United Kingdom;Western Europe;"Elsevier Ltd";"1970-2026";"Arts and Humanities (miscellaneous) (Q1); Clinical Psychology (Q1); Experimental and Cognitive Psychology (Q2); Psychiatry and Mental Health (Q2)";"Arts and Humanities; Medicine; Psychology"
325;12004;"Journal of Trauma and Dissociation";journal;"15299740, 15299732";"Routledge";No;No;0,916;Q1;67;44;124;1702;357;105;2,72;38,68;69,35;2;United States;Northern America;"Routledge";"2000-2026";"Clinical Psychology (Q1); Psychiatry and Mental Health (Q2)";"Medicine; Psychology"
326;17700156745;"Psychology of Religion and Spirituality";journal;"19431562, 19411022";"American Psychological Association";No;No;0,914;Q1;58;52;139;2856;388;139;2,50;54,92;41,94;4;United States;Northern America;"American Psychological Association";"2009-2025";"Religious Studies (Q1); Social Psychology (Q1); Applied Psychology (Q2)";"Arts and Humanities; Psychology"
327;19700182730;"Asian American Journal of Psychology";journal;"19481985, 19481993";"American Psychological Association";No;No;0,912;Q1;47;38;94;2235;197;91;1,42;58,82;64,60;2;United States;Northern America;"American Psychological Association";"2010-2025";"Psychology (miscellaneous) (Q1)";"Psychology"
328;23083;"Language and Communication";journal;"02715309";"Elsevier Ltd";No;No;0,910;Q1;59;62;168;3542;423;160;2,06;57,13;60,87;2;United Kingdom;Western Europe;"Elsevier Ltd";"1981-2026";"Communication (Q1); Linguistics and Language (Q1); Social Psychology (Q1); Experimental and Cognitive Psychology (Q2)";"Psychology; Social Sciences"
329;21100972444;"Current Addiction Reports";journal;"21962952";"Springer Science and Business Media Deutschland GmbH";No;No;0,908;Q1;57;56;156;4979;586;155;4,14;88,91;57,77;17;Switzerland;Western Europe;"Springer Science and Business Media Deutschland GmbH";"2014-2026";"Clinical Psychology (Q1); Psychiatry and Mental Health (Q2)";"Medicine; Psychology"
330;20374;"Journal of Interpersonal Violence";journal;"15526518, 08862605";"SAGE Publications Inc.";No;No;0,908;Q1;139;1132;658;59486;2374;651;3,39;52,55;66,38;372;United States;Northern America;"SAGE Publications Inc.";"1986-2026";"Clinical Psychology (Q1); Applied Psychology (Q2)";"Psychology"
331;19391;"Social Indicators Research";journal;"03038300, 15730921";"Springer Netherlands";No;No;0,907;Q2;157;262;911;15944;2786;902;3,08;60,85;40,03;86;Netherlands;Western Europe;"Springer Netherlands";"1974-2026";"Arts and Humanities (miscellaneous) (Q1); Social Sciences (miscellaneous) (Q1); Sociology and Political Science (Q1); Developmental and Educational Psychology (Q2)";"Arts and Humanities; Psychology; Social Sciences"
332;30065;"Journal of Psychopathology and Behavioral Assessment";journal;"08822689, 15733505";"Springer";No;No;0,906;Q1;92;80;191;4608;478;190;1,88;57,60;57,14;4;United States;Northern America;"Springer";"1985-2026";"Clinical Psychology (Q1)";"Psychology"
333;14818;"Small Group Research";journal;"15528278, 10464964";"SAGE Publications Inc.";No;No;0,906;Q1;93;26;69;2111;230;69;3,02;81,19;56,32;0;United States;Northern America;"SAGE Publications Inc.";"1970-2026";"Social Psychology (Q1); Applied Psychology (Q2)";"Psychology"
334;14031;"Psychology of Men and Masculinity";journal;"1939151X, 15249220";"American Psychological Association";No;No;0,905;Q1;86;69;188;4374;547;186;2,45;63,39;53,60;7;United States;Northern America;"American Psychological Association";"2000-2025";"Gender Studies (Q1); Life-span and Life-course Studies (Q1); Social Psychology (Q1); Applied Psychology (Q2)";"Psychology; Social Sciences"
335;29755;"Human Factors";journal;"00187208, 15478181";"SAGE Publications Inc.";No;No;0,905;Q2;155;89;263;4682;1304;261;4,84;52,61;32,66;14;United States;Northern America;"SAGE Publications Inc.";"1958-2026";"Human Factors and Ergonomics (Q1); Applied Psychology (Q2); Behavioral Neuroscience (Q2)";"Neuroscience; Psychology; Social Sciences"
336;18654;"Applied Psycholinguistics";journal;"14691817, 01427164";"Cambridge University Press";No;No;0,904;Q1;111;58;180;4150;348;169;1,69;71,55;68,52;0;United Kingdom;Western Europe;"Cambridge University Press";"1980-2026";"Linguistics and Language (Q1); Psychology (miscellaneous) (Q1); Experimental and Cognitive Psychology (Q2)";"Psychology; Social Sciences"
337;14902;"International Journal of Psychophysiology";journal;"18727697, 01678760";"Elsevier B.V.";No;No;0,902;Q2;160;154;504;11062;1638;496;2,79;71,83;42,77;3;Netherlands;Western Europe;"Elsevier B.V.";"1983-2026";"Neuropsychology and Physiological Psychology (Q2); Neuroscience (miscellaneous) (Q2); Physiology (medical) (Q2)";"Medicine; Neuroscience; Psychology"
338;19500157064;"School Mental Health";journal;"18662625, 18662633";"Springer New York";No;No;0,899;Q2;59;62;164;3979;437;158;2,73;64,18;62,64;17;United States;Northern America;"Springer New York";"2009-2026";"Education (Q1); Developmental and Educational Psychology (Q2)";"Psychology; Social Sciences"
339;21100199546;"Translational Behavioral Medicine";journal;"16139860, 18696716";"Oxford University Press";No;No;0,899;Q2;68;257;409;10717;1289;395;3,21;41,70;67,27;63;United States;Northern America;"Oxford University Press";"2011-2026";"Applied Psychology (Q2); Behavioral Neuroscience (Q2)";"Neuroscience; Psychology"
340;4000149409;"Quarterly Journal of Experimental Psychology";journal;"17470218, 17470226";"SAGE Publications Inc.";No;No;0,898;Q1;137;161;616;8936;1307;606;1,93;55,50;43,74;2;United Kingdom;Western Europe;"SAGE Publications Inc.";"2006-2026";"Medicine (miscellaneous) (Q1); Psychology (miscellaneous) (Q1); Experimental and Cognitive Psychology (Q2); Neuropsychology and Physiological Psychology (Q2); Physiology (Q2); Physiology (medical) (Q2)";"Biochemistry, Genetics and Molecular Biology; Medicine; Psychology"
341;5700191204;"Research in Autism Spectrum Disorders";journal;"17509467, 18780237";"Elsevier Ltd";No;No;0,895;Q1;0;0;0;0;0;0;0,00;0,00;0,00;0;United Kingdom;Western Europe;"Elsevier Ltd";"2007-2025";"Clinical Psychology (Q1); Developmental and Educational Psychology (Q2); Psychiatry and Mental Health (Q2)";"Medicine; Psychology"
342;15600154711;"International Journal of Sport and Exercise Psychology";journal;"1557251X, 1612197X";"Taylor and Francis Ltd.";No;No;0,892;Q1;53;63;157;3282;658;149;3,94;52,10;37,86;0;United Kingdom;Western Europe;"Taylor and Francis Ltd.";"2008-2026";"Social Psychology (Q1); Applied Psychology (Q2); Sports Science (Q2)";"Health Professions; Psychology"
343;63777;"Personnel Review";journal;"00483486";"Emerald Group Publishing Ltd.";No;No;0,891;Q2;104;100;283;7758;974;281;3,00;77,58;45,06;0;United Kingdom;Western Europe;"Emerald Group Publishing Ltd.";"1971-2026";"Applied Psychology (Q2); Organizational Behavior and Human Resource Management (Q2)";"Business, Management and Accounting; Psychology"
344;11600153433;"Games and Culture";journal;"15554139, 15554120";"SAGE Publications Inc.";No;No;0,889;Q2;70;55;140;2968;453;140;3,24;53,96;23,00;6;United States;Northern America;"SAGE Publications Inc.";"2006-2026";"Anthropology (Q1); Arts and Humanities (miscellaneous) (Q1); Communication (Q1); Cultural Studies (Q1); Applied Psychology (Q2); Human-Computer Interaction (Q2)";"Arts and Humanities; Computer Science; Psychology; Social Sciences"
345;12164;"Brain and Language";journal;"10902155, 0093934X";"Academic Press Inc.";No;No;0,888;Q2;152;80;204;6749;611;201;3,03;84,36;54,43;0;United States;Northern America;"Academic Press Inc.";"1974-2026";"Linguistics and Language (Q1); Speech and Hearing (Q1); Cognitive Neuroscience (Q2); Experimental and Cognitive Psychology (Q2)";"Health Professions; Neuroscience; Psychology; Social Sciences"
346;15429;"Journal of Community and Applied Social Psychology";journal;"10529284, 10991298";"John Wiley and Sons Ltd";No;No;0,886;Q1;79;55;117;2773;376;116;2,87;50,42;60,61;10;United Kingdom;Western Europe;"John Wiley and Sons Ltd";"1991-2026";"Social Psychology (Q1); Sociology and Political Science (Q1)";"Psychology; Social Sciences"
347;21100228093;"Depression Research and Treatment";journal;"20901321, 2090133X";"John Wiley and Sons Ltd";Yes;No;0,884;Q1;40;17;38;895;156;38;3,65;52,65;48,91;1;United Kingdom;Western Europe;"John Wiley and Sons Ltd";"2010-2024";"Clinical Psychology (Q1); Psychiatry and Mental Health (Q2)";"Medicine; Psychology"
348;14788;"Human Performance";journal;"08959285, 15327043";"Routledge";No;No;0,884;Q1;87;19;47;1632;135;47;2,67;85,89;45,90;2;United States;Northern America;"Routledge";"1988-2026";"Psychology (miscellaneous) (Q1); Applied Psychology (Q2); Organizational Behavior and Human Resource Management (Q2)";"Business, Management and Accounting; Psychology"
349;21100378340;"Psychosocial Intervention";journal;"11320559, 21734712";"Colegio Oficial de Psicologos de Madrid";Yes;Yes;0,883;Q1;39;17;54;1008;198;54;4,06;59,29;45,45;0;Spain;Western Europe;"Colegio Oficial de Psicologos de Madrid";"2011-2026";"Social Psychology (Q1); Applied Psychology (Q2); Developmental and Educational Psychology (Q2)";"Psychology"
350;29826;"Research on Aging";journal;"01640275, 15527573";"SAGE Publications Inc.";No;No;0,883;Q1;83;38;111;1985;371;111;2,86;52,24;56,30;7;United States;Northern America;"SAGE Publications Inc.";"1979-2026";"Health (social science) (Q1); Social Psychology (Q1); Geriatrics and Gerontology (Q2)";"Medicine; Psychology; Social Sciences"
351;17639;"Alzheimer Disease and Associated Disorders";journal;"08930341, 15464156";"Lippincott Williams and Wilkins";No;No;0,880;Q1;116;65;181;1940;541;181;2,18;29,85;54,10;0;United States;Northern America;"Lippincott Williams and Wilkins";"1987-2026";"Clinical Psychology (Q1); Gerontology (Q1); Geriatrics and Gerontology (Q2); Psychiatry and Mental Health (Q2)";"Medicine; Nursing; Psychology"
352;21100934557;"Journal of Intelligence";journal;"20793200";"Multidisciplinary Digital Publishing Institute (MDPI)";Yes;No;0,877;Q2;38;58;120;4185;328;97;2,09;72,16;36,67;4;Switzerland;Western Europe;"Multidisciplinary Digital Publishing Institute (MDPI)";"2013-2026";"Education (Q1); Cognitive Neuroscience (Q2); Developmental and Educational Psychology (Q2); Experimental and Cognitive Psychology (Q2)";"Neuroscience; Psychology; Social Sciences"
353;14107;"European Journal of Psychological Assessment";journal;"21512426, 10155759";"Hogrefe Publishing";No;No;0,875;Q2;85;50;240;1945;608;236;2,53;38,90;42,38;5;United States;Northern America;"Hogrefe Publishing";"1996-2026";"Applied Psychology (Q2)";"Psychology"
354;12789;"Journal of Creative Behavior";journal;"21626057, 00220175";"John Wiley &amp; Sons Inc.";No;No;0,875;Q2;82;75;150;4984;541;145;3,37;66,45;50,45;3;United States;Northern America;"John Wiley &amp; Sons Inc.";"1967-2026";"Education (Q1); Visual Arts and Performing Arts (Q1); Developmental and Educational Psychology (Q2)";"Arts and Humanities; Psychology; Social Sciences"
355;21100855505;"Journal of Cybersecurity";journal;"20572093";"Oxford University Press";Yes;No;0,874;Q2;38;32;41;2638;224;41;4,53;82,44;28,57;18;United Kingdom;Western Europe;"Oxford University Press";"2015-2026";"Computer Science (miscellaneous) (Q1); Law (Q1); Political Science and International Relations (Q1); Safety Research (Q1); Safety, Risk, Reliability and Quality (Q1); Computer Networks and Communications (Q2); Computer Science Applications (Q2); Hardware and Architecture (Q2); Information Systems (Q2); Social Psychology (Q2); Software (Q2)";"Computer Science; Engineering; Psychology; Social Sciences"
356;21100216571;"Frontiers in Psychology";journal;"16641078";"Frontiers Media SA";Yes;No;0,873;Q1;241;6224;9365;402520;36941;8936;3,76;64,67;52,29;594;Switzerland;Western Europe;"Frontiers Media SA";"2010-2026";"Psychology (miscellaneous) (Q1)";"Psychology"
357;14045;"Psychology, Public Policy, and Law";journal;"10768971, 19391528";"American Psychological Association";No;No;0,872;Q2;84;44;108;3229;343;104;2,99;73,39;62,20;14;United States;Northern America;"American Psychological Association";"1995-2025";"Law (Q1); Sociology and Political Science (Q1); Social Psychology (Q2)";"Psychology; Social Sciences"
358;21100464683;"BMC Psychology";journal;"20507283";"BioMed Central Ltd";Yes;No;0,871;Q1;61;200;282;10782;947;282;2,83;53,91;53,68;28;United Kingdom;Western Europe;"BioMed Central Ltd";"2013-2026";"Medicine (miscellaneous) (Q1); Psychology (miscellaneous) (Q1)";"Medicine; Psychology"
359;21100873453;"Palgrave Communications";journal;"20551045";"Palgrave Macmillan";Yes;No;0,870;Q2;0;0;0;0;0;0;0,00;0,00;0,00;0;United Kingdom;Western Europe;"Palgrave Macmillan";"2015-2020";"Arts and Humanities (miscellaneous) (Q1); Economics, Econometrics and Finance (miscellaneous) (Q1); Social Sciences (miscellaneous) (Q1); Psychology (miscellaneous) (Q2)";"Arts and Humanities; Economics, Econometrics and Finance; Psychology; Social Sciences"
360;12819;"Canadian Journal of Behavioural Science";journal;"0008400X, 18792669";"Canadian Psychological Association";No;No;0,869;Q2;68;65;95;3447;307;95;3,70;53,03;60,79;9;United States;Northern America;"Canadian Psychological Association";"1973-1978, 1981, 1990, 1992-1993, 1996-2025";"Psychology (miscellaneous) (Q2)";"Psychology"
361;29520;"Animal Cognition";journal;"14359448, 14359456";"Springer Science and Business Media Deutschland GmbH";Yes;No;0,865;Q2;100;107;277;7068;846;270;3,13;66,06;56,48;2;Germany;Western Europe;"Springer Science and Business Media Deutschland GmbH";"1998-2026";"Ecology, Evolution, Behavior and Systematics (Q1); Experimental and Cognitive Psychology (Q2)";"Agricultural and Biological Sciences; Psychology"
362;5200152840;"Intellectual and Developmental Disabilities";journal;"19349491, 19349556";"American Association on Intellectual and Developmental Disabilities";No;No;0,863;Q2;80;41;136;1540;251;135;1,54;37,56;71,93;8;United States;Northern America;"American Association on Intellectual and Developmental Disabilities";"2007-2025";"Community and Home Care (Q1); Education (Q1); Pediatrics, Perinatology and Child Health (Q1); Developmental and Educational Psychology (Q2); Psychiatry and Mental Health (Q2)";"Medicine; Nursing; Psychology; Social Sciences"
363;19870;"Journal of Applied Sport Psychology";journal;"10413200, 15331571";"Taylor and Francis Ltd.";No;No;0,860;Q2;99;37;95;1843;335;88;3,33;49,81;41,82;4;United Kingdom;Western Europe;"Taylor and Francis Ltd.";"1989-2026";"Applied Psychology (Q2); Sports Science (Q2)";"Health Professions; Psychology"
364;19700175164;"Frontiers in Human Neuroscience";journal;"16625161";"Frontiers Media SA";Yes;No;0,859;Q2;180;825;1572;56815;5979;1522;3,48;68,87;41,53;38;Switzerland;Western Europe;"Frontiers Media SA";"2008-2026";"Behavioral Neuroscience (Q2); Neurology (Q2); Neuropsychology and Physiological Psychology (Q2); Psychiatry and Mental Health (Q2); Biological Psychiatry (Q3)";"Medicine; Neuroscience; Psychology"
365;13486;"Death Studies";journal;"10917683, 07481187";"Taylor and Francis Ltd.";No;No;0,858;Q1;91;84;246;3607;850;244;4,05;42,94;59,03;12;United States;Northern America;"Taylor and Francis Ltd.";"1985-2026";"Arts and Humanities (miscellaneous) (Q1); Clinical Psychology (Q1); Developmental and Educational Psychology (Q2)";"Arts and Humanities; Psychology"
366;21101045327;"AERA Open";journal;"23328584";"SAGE Publications Inc.";Yes;No;0,856;Q2;56;126;210;8290;737;202;3,32;65,79;57,10;49;United States;Northern America;"SAGE Publications Inc.";"2015-2026";"Education (Q1); Social Sciences (miscellaneous) (Q1); Developmental and Educational Psychology (Q2)";"Psychology; Social Sciences"
367;21100886228;"Policy Insights from the Behavioral and Brain Sciences";journal;"23727330, 23727322";"SAGE Publications Ltd";No;No;0,853;Q2;46;27;86;1764;263;86;2,85;65,33;79,01;8;United States;Northern America;"SAGE Publications Ltd";"2014-2026";"Public Administration (Q1); Social Psychology (Q2)";"Psychology; Social Sciences"
368;5600152890;"Body and Society";journal;"1357034X, 14603632";"SAGE Publications Ltd";No;No;0,851;Q2;82;16;60;874;164;53;2,38;54,63;68,18;0;United Kingdom;Western Europe;"SAGE Publications Ltd";"1995-2026";"Cultural Studies (Q1); Health (social science) (Q1); Social Psychology (Q2)";"Psychology; Social Sciences"
369;144801;"Journal of Psychotherapy Integration";journal;"10530479, 15733696";"American Psychological Association";No;No;0,849;Q1;50;40;125;2828;433;116;3,91;70,70;56,76;2;United States;Northern America;"American Psychological Association";"1992, 1996-2025";"Clinical Psychology (Q1); Psychiatry and Mental Health (Q2)";"Medicine; Psychology"
370;19600161825;"Revista de Psicodidactica";journal;"22544372, 11361034";"Escuela Universitaria de Magisterio";Yes;Yes;0,844;Q2;40;20;60;945;239;60;3,93;47,25;44,16;1;Spain;Western Europe;"Escuela Universitaria de Magisterio";"2005-2026";"Education (Q1); Developmental and Educational Psychology (Q2)";"Psychology; Social Sciences"
371;25175;"Infancy";journal;"15327078, 15250008";"Wiley-Blackwell";No;No;0,843;Q2;90;59;145;3391;352;144;2,18;57,47;66,40;5;United States;Northern America;"Wiley-Blackwell";"2000-2026";"Pediatrics, Perinatology and Child Health (Q1); Developmental and Educational Psychology (Q2)";"Medicine; Psychology"
372;15399;"Journal of Child and Family Studies";journal;"15732843, 10621024";"Springer New York";No;No;0,842;Q2;112;243;947;15154;2354;945;2,33;62,36;72,31;38;United States;Northern America;"Springer New York";"1992-2026";"Developmental and Educational Psychology (Q2); Life-span and Life-course Studies (Q2)";"Psychology; Social Sciences"
373;17700156733;"Journal of Consumer Behaviour";journal;"14791838, 14720817";"Wiley-Blackwell";No;No;0,841;Q2;80;120;152;9693;615;151;3,60;80,78;44,51;7;United States;Northern America;"Wiley-Blackwell";"2007, 2009-2026";"Applied Psychology (Q2); Social Psychology (Q2)";"Psychology"
374;24733;"American Behavioral Scientist";journal;"15523381, 00027642";"SAGE Publications Inc.";No;No;0,840;Q2;149;114;348;5469;1063;320;2,49;47,97;49,01;34;United States;Northern America;"SAGE Publications Inc.";"1957-2026";"Cultural Studies (Q1); Education (Q1); Social Sciences (miscellaneous) (Q1); Sociology and Political Science (Q1); Social Psychology (Q2)";"Psychology; Social Sciences"
375;17700156742;"Journal of Media Psychology";journal;"18641105, 21512388";"Hogrefe Publishing";No;No;0,839;Q2;47;24;63;1128;135;60;1,72;47,00;39,29;0;Germany;Western Europe;"Hogrefe Publishing";"2008-2026";"Communication (Q1); Applied Psychology (Q2); Social Psychology (Q2)";"Psychology; Social Sciences"
376;18001;"Neuropsychobiology";journal;"0302282X, 14230224";"S. Karger AG";No;No;0,838;Q2;97;44;141;2957;485;129;3,89;67,20;45,61;1;Switzerland;Western Europe;"S. Karger AG";"1975-1990, 1992-2026";"Neuropsychology and Physiological Psychology (Q2); Psychiatry and Mental Health (Q2); Biological Psychiatry (Q3)";"Medicine; Neuroscience; Psychology"
377;16188;"Journal of the International Neuropsychological Society";journal;"13556177, 14697661";"Cambridge University Press";No;No;0,837;Q2;155;94;307;5650;972;306;2,74;60,11;58,36;0;United Kingdom;Western Europe;"Cambridge University Press";"1995-2026";"Clinical Psychology (Q2); Neurology (clinical) (Q2); Neuroscience (miscellaneous) (Q2); Psychiatry and Mental Health (Q2)";"Medicine; Neuroscience; Psychology"
378;21321;"AIDS Care - Psychological and Socio-Medical Aspects of AIDS/HIV";journal;"13600451, 09540121";"Routledge";No;No;0,835;Q2;115;207;745;7309;1634;742;1,85;35,31;58,82;31;United Kingdom;Western Europe;"Routledge";"1989-2026";"Health (social science) (Q1); Public Health, Environmental and Occupational Health (Q1); Social Psychology (Q2)";"Medicine; Psychology; Social Sciences"
379;15407;"Visual Cognition";journal;"13506285, 14640716";"Routledge";No;No;0,835;Q2;99;67;159;2639;307;156;1,85;39,39;40,24;0;United Kingdom;Western Europe;"Routledge";"1994-2026";"Arts and Humanities (miscellaneous) (Q1); Experimental and Cognitive Psychology (Q2); Cognitive Neuroscience (Q3)";"Arts and Humanities; Neuroscience; Psychology"
380;24734;"American Journal of Evaluation";journal;"10982140, 15570878";"SAGE Publications Inc.";No;No;0,833;Q2;74;34;106;1777;222;100;1,92;52,26;70,30;13;United States;Northern America;"SAGE Publications Inc.";"1981-2026";"Business and International Management (Q1); Education (Q1); Health (social science) (Q1); Sociology and Political Science (Q1); Social Psychology (Q2); Strategy and Management (Q2)";"Business, Management and Accounting; Psychology; Social Sciences"
381;15496;"International Journal of Intercultural Relations";journal;"01471767";"Elsevier Ltd";No;No;0,833;Q2;113;141;190;9373;636;188;2,79;66,48;61,62;13;United Kingdom;Western Europe;"Elsevier Ltd";"1977-2026";"Business and International Management (Q1); Sociology and Political Science (Q1); Social Psychology (Q2)";"Business, Management and Accounting; Psychology; Social Sciences"
382;15476;"Journal of Experimental Psychology: Applied";journal;"19392192, 1076898X";"American Psychological Association";No;No;0,832;Q2;108;63;136;4499;382;135;2,36;71,41;45,33;17;United States;Northern America;"American Psychological Association";"1995-2025";"Experimental and Cognitive Psychology (Q2)";"Psychology"
383;15565;"Journal of Loss and Trauma";journal;"15325024, 15325032";"Routledge";No;No;0,832;Q2;63;64;156;1782;550;150;4,60;27,84;53,25;3;United States;Northern America;"Routledge";"1996-2026";"Social Sciences (miscellaneous) (Q1); Psychiatry and Mental Health (Q2); Social Psychology (Q2)";"Medicine; Psychology; Social Sciences"
384;17500155126;"Attention, Perception, and Psychophysics";journal;"1943393X, 19433921";"Springer New York";No;No;0,831;Q2;145;238;663;13691;1377;657;1,98;57,53;39,73;1;United States;Northern America;"Springer New York";"2009-2026";"Linguistics and Language (Q1); Experimental and Cognitive Psychology (Q2); Sensory Systems (Q2)";"Neuroscience; Psychology; Social Sciences"
385;12059;"Memory";journal;"14640686, 09658211";"Taylor and Francis Ltd.";No;No;0,828;Q2;114;106;363;5963;770;358;1,94;56,25;58,08;3;United Kingdom;Western Europe;"Taylor and Francis Ltd.";"1993-2026";"Arts and Humanities (miscellaneous) (Q1); Psychology (miscellaneous) (Q2)";"Arts and Humanities; Psychology"
386;17462;"Neuropsychoanalysis";journal;"15294145, 20443978";"Taylor and Francis Ltd.";No;No;0,827;Q2;32;12;41;270;40;18;0,88;22,50;40,00;0;United Kingdom;Western Europe;"Taylor and Francis Ltd.";"1999-2025";"Neuropsychology and Physiological Psychology (Q2); Neuroscience (miscellaneous) (Q2)";"Neuroscience; Psychology"
387;12740;"New Ideas in Psychology";journal;"0732118X";"Elsevier B.V.";No;No;0,827;Q2;60;55;111;3616;309;87;2,73;65,75;39,80;5;United Kingdom;Western Europe;"Elsevier B.V.";"1983-2026";"History and Philosophy of Science (Q1); Psychology (miscellaneous) (Q2)";"Arts and Humanities; Psychology"
388;14012;"Psychology and Health";journal;"08870446, 14768321";"Routledge";No;No;0,827;Q2;117;79;260;4242;826;253;2,77;53,70;57,32;13;United Kingdom;Western Europe;"Routledge";"1987-2026";"Applied Psychology (Q2); Public Health, Environmental and Occupational Health (Q2)";"Medicine; Psychology"
389;19700170244;"Language and Cognition";journal;"18669808, 18669859";"Cambridge University Press";Yes;No;0,826;Q2;23;22;75;1337;200;75;2,94;60,77;64,41;0;United Kingdom;Western Europe;"Cambridge University Press";"2009, 2011-2012, 2017-2026";"Linguistics and Language (Q1); Experimental and Cognitive Psychology (Q2)";"Psychology; Social Sciences"
390;30090;"Journal of Social Psychology";journal;"00224545, 19401183";"Routledge";No;No;0,824;Q2;100;53;181;2662;533;162;2,43;50,23;50,58;2;United States;Northern America;"Routledge";"1930-2026";"Social Psychology (Q2)";"Psychology"
391;21101055720;"International Journal of Bullying Prevention";journal;"25233653, 25233661";"Springer International Publishing";No;No;0,823;Q2;24;25;53;1584;179;49;3,38;63,36;65,17;7;Switzerland;Western Europe;"Springer International Publishing";"2019-2026";"Social Sciences (miscellaneous) (Q1); Developmental and Educational Psychology (Q2); Social Psychology (Q2)";"Psychology; Social Sciences"
392;15382;"Journal of Applied Behavior Analysis";journal;"19383703, 00218855";"Wiley-Blackwell";No;No;0,823;Q2;96;101;322;3964;680;314;2,07;39,25;63,28;8;United States;Northern America;"Wiley-Blackwell";"1968-2026";"Philosophy (Q1); Sociology and Political Science (Q1); Applied Psychology (Q2)";"Arts and Humanities; Psychology; Social Sciences"
393;16300154722;"Psychology of Music";journal;"17413087, 03057356";"SAGE Publications Ltd";No;No;0,823;Q2;86;111;168;5537;442;167;2,51;49,88;44,76;2;United Kingdom;Western Europe;"SAGE Publications Ltd";"1973-2026";"Music (Q1); Psychology (miscellaneous) (Q2)";"Arts and Humanities; Psychology"
394;13523;"Early Education and Development";journal;"15566935, 10409289";"Routledge";No;No;0,819;Q2;92;62;200;4326;440;193;1,77;69,77;76,00;14;United Kingdom;Western Europe;"Routledge";"1989-2026";"Education (Q1); Developmental and Educational Psychology (Q2)";"Psychology; Social Sciences"
395;24842;"International Journal of Selection and Assessment";journal;"14682389, 0965075X";"Wiley-Blackwell Publishing Ltd";No;No;0,817;Q2;79;36;91;2235;197;89;2,25;62,08;38,66;2;United Kingdom;Western Europe;"Wiley-Blackwell Publishing Ltd";"1993-2026";"Business, Management and Accounting (miscellaneous) (Q1); Applied Psychology (Q2); Management of Technology and Innovation (Q2); Psychology (miscellaneous) (Q2); Strategy and Management (Q2)";"Business, Management and Accounting; Psychology"
396;14561;"Child: Care, Health and Development";journal;"03051862, 13652214";"Wiley-Blackwell Publishing Ltd";No;No;0,816;Q2;106;89;280;3609;818;274;2,68;40,55;69,04;15;United Kingdom;Western Europe;"Wiley-Blackwell Publishing Ltd";"1975-2026";"Pediatrics, Perinatology and Child Health (Q1); Developmental and Educational Psychology (Q2); Public Health, Environmental and Occupational Health (Q2)";"Medicine; Psychology"
397;21100977385;"Chronic Stress";journal;"24705470";"SAGE Publications Inc.";Yes;No;0,816;Q2;34;29;72;1769;213;61;2,82;61,00;53,85;3;United States;Northern America;"SAGE Publications Inc.";"2017-2026";"Behavioral Neuroscience (Q2); Clinical Psychology (Q2); Psychiatry and Mental Health (Q2); Biological Psychiatry (Q3)";"Medicine; Neuroscience; Psychology"
398;21100896922;"Journal of Language Evolution";journal;"2058458X";"Oxford University Press";No;No;0,815;Q2;18;8;35;563;70;34;2,00;70,38;46,15;0;United Kingdom;Western Europe;"Oxford University Press";"2016-2026";"Linguistics and Language (Q1); Developmental and Educational Psychology (Q2); Developmental Neuroscience (Q2)";"Neuroscience; Psychology; Social Sciences"
399;24470;"Childhood";journal;"09075682, 14617013";"SAGE Publications Ltd";No;No;0,814;Q2;81;42;114;1762;289;101;1,99;41,95;71,25;8;United Kingdom;Western Europe;"SAGE Publications Ltd";"1993-1994, 1996-2026";"Developmental and Educational Psychology (Q2)";"Psychology"
400;15269;"Monographs of the Society for Research in Child Development";journal;"0037976X, 15405834";"Wiley-Blackwell Publishing Ltd";No;No;0,813;Q2;80;4;41;843;100;30;7,45;210,75;68,00;1;United Kingdom;Western Europe;"Wiley-Blackwell Publishing Ltd";"1961-1982, 1984-2025";"Developmental and Educational Psychology (Q2)";"Psychology"
401;15383;"Journal of Applied Behavioral Science";journal;"15526879, 00218863";"SAGE Publications Inc.";No;No;0,810;Q2;87;34;74;1468;233;72;2,72;43,18;42,86;3;United States;Northern America;"SAGE Publications Inc.";"1965-2026";"Applied Psychology (Q2)";"Psychology"
402;5700181569;"Journal of Gambling Studies";journal;"10505350, 15733602";"Springer International Publishing AG";No;No;0,809;Q2;97;72;249;3503;731;249;2,95;48,65;48,19;27;United States;Northern America;"Springer International Publishing AG";"1990-2026";"Sociology and Political Science (Q1); Psychology (miscellaneous) (Q2)";"Psychology; Social Sciences"
403;12053;"Archives of Suicide Research";journal;"15436136, 13811118";"Routledge";No;No;0,808;Q2;73;50;185;2614;503;184;2,49;52,28;56,75;14;United Kingdom;Western Europe;"Routledge";"1995-1999, 2002-2026";"Clinical Psychology (Q2); Psychiatry and Mental Health (Q2)";"Medicine; Psychology"
404;12163;"Brain and Cognition";journal;"10902147, 02782626";"Academic Press Inc.";No;No;0,808;Q2;147;103;265;7846;823;259;2,86;76,17;51,60;4;United States;Northern America;"Academic Press Inc.";"1982-2026";"Arts and Humanities (miscellaneous) (Q1); Developmental and Educational Psychology (Q2); Experimental and Cognitive Psychology (Q2); Neuropsychology and Physiological Psychology (Q2); Cognitive Neuroscience (Q3)";"Arts and Humanities; Neuroscience; Psychology"
405;19700175787;"Psychology Research and Behavior Management";journal;"11791578";"Dove Medical Press Ltd";Yes;No;0,807;Q2;65;193;289;10536;1106;278;3,78;54,59;47,58;0;New Zealand;Pacific Region;"Dove Medical Press Ltd";"2008-2026";"Psychiatry and Mental Health (Q2); Psychology (miscellaneous) (Q2)";"Medicine; Psychology"
406;144977;"Homicide Studies";journal;"15526720, 10887679";"SAGE Publications Inc.";No;No;0,804;Q2;60;16;57;878;128;54;2,13;54,88;30,95;3;United States;Northern America;"SAGE Publications Inc.";"1997-2026";"Law (Q1); Pathology and Forensic Medicine (Q1); Psychology (miscellaneous) (Q2)";"Medicine; Psychology; Social Sciences"
407;12769;"Journal of Behavioral Education";journal;"10530819, 15733513";"Springer New York";No;No;0,804;Q2;48;35;82;1387;174;81;2,14;39,63;61,74;4;United States;Northern America;"Springer New York";"1991-2000, 2002, 2005-2026";"Education (Q1); Developmental and Educational Psychology (Q2)";"Psychology; Social Sciences"
408;19900193855;"Revista de Psicologia del Trabajo y de las Organizaciones";journal;"15765962, 21740534";"Colegio Oficial de Psicologos de Madrid";Yes;Yes;0,804;Q2;36;19;69;1658;242;69;3,80;87,26;60,29;0;Spain;Western Europe;"Colegio Oficial de Psicologos de Madrid";"2011-2025";"Organizational Behavior and Human Resource Management (Q2); Social Psychology (Q2)";"Business, Management and Accounting; Psychology"
409;24482;"Children and Youth Services Review";journal;"01907409";"Elsevier Ltd";No;No;0,803;Q2;131;490;1931;29180;4797;1899;2,28;59,55;61,81;115;United Kingdom;Western Europe;"Elsevier Ltd";"1979-2026";"Education (Q1); Social Work (Q1); Sociology and Political Science (Q1); Developmental and Educational Psychology (Q2)";"Psychology; Social Sciences"
410;15451;"Journal of Counseling and Development";journal;"15566676, 07489633";"Wiley-Blackwell";No;No;0,801;Q2;99;42;121;2247;316;116;2,25;53,50;62,30;3;United States;Northern America;"Wiley-Blackwell";"1984-2026";"Applied Psychology (Q2)";"Psychology"
411;30072;"Journal of Reproductive and Infant Psychology";journal;"1469672X, 02646838";"Routledge";No;No;0,800;Q2;64;39;139;1560;421;125;3,07;40,00;79,22;6;United Kingdom;Western Europe;"Routledge";"1983-2026";"Pediatrics, Perinatology and Child Health (Q1); Reproductive Medicine (Q1); Obstetrics and Gynecology (Q2); Psychology (miscellaneous) (Q2)";"Medicine; Psychology"
412;18000156704;"Mathematical Thinking and Learning";journal;"15327833, 10986065";"Routledge";No;No;0,799;Q2;40;10;52;695;87;50;1,05;69,50;65,38;0;United States;Northern America;"Routledge";"2009-2026";"Education (Q1); Mathematics (miscellaneous) (Q1); Developmental and Educational Psychology (Q2)";"Mathematics; Psychology; Social Sciences"
413;14112;"Rehabilitation Psychology";journal;"00905550, 19391544";"American Psychological Association";No;No;0,799;Q2;86;60;149;3490;488;148;3,49;58,17;63,83;8;United States;Northern America;"American Psychological Association";"1982-2025";"Physical Therapy, Sports Therapy and Rehabilitation (Q1); Rehabilitation (Q1); Clinical Psychology (Q2); Psychiatry and Mental Health (Q2)";"Health Professions; Medicine; Psychology"
414;17500155125;"Emotion, Space and Society";journal;"17554586, 18780040";"Elsevier B.V.";No;No;0,798;Q2;58;58;179;3347;375;171;1,74;57,71;62,50;2;Netherlands;Western Europe;"Elsevier B.V.";"2008-2026";"Experimental and Cognitive Psychology (Q2); Social Psychology (Q2)";"Psychology"
415;14830;"Infant Behavior and Development";journal;"01636383, 19348800";"Elsevier Ltd";No;No;0,797;Q2;103;120;240;7140;651;235;2,64;59,50;78,15;11;United Kingdom;Western Europe;"Elsevier Ltd";"1978-2026";"Developmental and Educational Psychology (Q2)";"Psychology"
416;21100879731;"Journal of Experimental Psychopathology";journal;"20438087";"SAGE Publications Ltd";Yes;No;0,796;Q2;37;14;70;738;180;68;2,46;52,71;50,00;0;United Kingdom;Western Europe;"SAGE Publications Ltd";"2010-2026";"Clinical Psychology (Q2); Psychiatry and Mental Health (Q2)";"Medicine; Psychology"
417;19227;"Research in Developmental Disabilities";journal;"18733379, 08914222";"Elsevier Inc.";No;No;0,796;Q2;124;219;508;11517;1627;497;2,68;52,59;67,80;35;United States;Northern America;"Elsevier Inc.";"1987-2026";"Clinical Psychology (Q2); Developmental and Educational Psychology (Q2)";"Psychology"
418;15536;"Journal of Health Psychology";journal;"14617277, 13591053";"SAGE Publications Ltd";No;No;0,795;Q2;118;243;542;10935;1850;529;3,59;45,00;59,90;22;United Kingdom;Western Europe;"SAGE Publications Ltd";"1996-2026";"Applied Psychology (Q2)";"Psychology"
419;17500155120;"Journal of Neuropsychology";journal;"17486653, 17486645";"Wiley-Blackwell";No;No;0,795;Q2;47;35;89;2150;236;88;2,40;61,43;54,15;0;United States;Northern America;"Wiley-Blackwell";"2007-2026";"Behavioral Neuroscience (Q2); Neuropsychology and Physiological Psychology (Q2); Cognitive Neuroscience (Q3)";"Neuroscience; Psychology"
420;16221;"Irish Journal of Psychological Medicine";journal;"07909667, 20516967";"Cambridge University Press";No;No;0,793;Q2;39;62;151;1972;560;132;4,82;31,81;49,19;15;United Kingdom;Western Europe;"Cambridge University Press";"1968, 1989-2026";"History and Philosophy of Science (Q1); Applied Psychology (Q2); Psychiatry and Mental Health (Q2)";"Arts and Humanities; Medicine; Psychology"
421;19600166324;"International Journal of Early Childhood";journal;"18784658, 00207187";"Springer Netherlands";No;No;0,789;Q2;38;22;68;792;207;66;3,64;36,00;72,06;6;Netherlands;Western Europe;"Springer Netherlands";"1969-2026";"Education (Q1); Developmental and Educational Psychology (Q2)";"Psychology; Social Sciences"
422;24007;"Physiology and Behavior";journal;"1873507X, 00319384";"Elsevier Inc.";No;No;0,788;Q2;200;313;1099;19658;3850;1068;3,43;62,81;47,55;9;United States;Northern America;"Elsevier Inc.";"1966-2026";"Behavioral Neuroscience (Q2); Experimental and Cognitive Psychology (Q2)";"Neuroscience; Psychology"
423;15371;"Journal of Adolescent Research";journal;"07435584, 15526895";"SAGE Publications Inc.";No;No;0,787;Q2;101;25;85;1647;241;83;2,86;65,88;70,59;1;United States;Northern America;"SAGE Publications Inc.";"1986-2026";"Sociology and Political Science (Q1); Developmental and Educational Psychology (Q2)";"Psychology; Social Sciences"
424;15300154836;"Zeitschrift fur Psychologie / Journal of Psychology";journal;"21512604, 21908370";"Hogrefe Publishing";No;No;0,784;Q2;55;31;100;1234;213;89;1,87;39,81;46,55;1;Germany;Western Europe;"Hogrefe Publishing";"2011-2025";"Arts and Humanities (miscellaneous) (Q1); Psychology (miscellaneous) (Q2)";"Arts and Humanities; Psychology"
425;15104;"Journal of Developmental and Behavioral Pediatrics";journal;"0196206X, 15367312";"Lippincott Williams and Wilkins Ltd.";No;No;0,783;Q2;129;108;301;3136;771;274;2,34;29,04;71,81;0;United States;Northern America;"Lippincott Williams and Wilkins Ltd.";"1980-2026";"Pediatrics, Perinatology and Child Health (Q1); Developmental and Educational Psychology (Q2); Medicine (miscellaneous) (Q2); Psychiatry and Mental Health (Q2)";"Medicine; Psychology"
426;12128;"Behavioural and Cognitive Psychotherapy";journal;"14691833, 13524658";"Cambridge University Press";No;No;0,781;Q2;85;60;178;2680;419;178;2,33;44,67;56,54;0;United Kingdom;Western Europe;"Cambridge University Press";"1993-2026";"Clinical Psychology (Q2); Medicine (miscellaneous) (Q2)";"Medicine; Psychology"
427;29972;"Journal of Homosexuality";journal;"15403602, 00918369";"Routledge";No;No;0,781;Q2;101;125;297;6861;847;291;2,52;54,89;57,63;22;United States;Northern America;"Routledge";"1974, 1976-2026";"Education (Q1); Gender Studies (Q1); Medicine (miscellaneous) (Q2); Psychology (miscellaneous) (Q2); Social Psychology (Q2)";"Medicine; Psychology; Social Sciences"
428;12825;"Canadian Psychology";journal;"07085591, 18787304";"Canadian Psychological Association";No;No;0,777;Q2;77;42;104;2580;257;100;2,28;61,43;65,52;8;Canada;Northern America;"Canadian Psychological Association";"1986-1988, 1990-1991, 1993, 1996-2025";"Psychology (miscellaneous) (Q2)";"Psychology"
429;21100922747;"Journal of Developmental and Life-Course Criminology";journal;"21994641, 2199465X";"Springer International Publishing AG";No;No;0,772;Q2;26;31;79;2114;155;75;1,93;68,19;42,86;7;Switzerland;Western Europe;"Springer International Publishing AG";"2015-2026";"Law (Q1); Applied Psychology (Q2); Life-span and Life-course Studies (Q2)";"Psychology; Social Sciences"
430;21100915393;"Neuroscience of Consciousness";journal;"20572107";"Oxford University Press";Yes;No;0,771;Q2;27;44;44;4370;134;44;3,05;99,32;26,36;0;United Kingdom;Western Europe;"Oxford University Press";"2017, 2019-2026";"Clinical Psychology (Q2); Experimental and Cognitive Psychology (Q2); Neurology (Q2); Neurology (clinical) (Q2); Psychiatry and Mental Health (Q2)";"Medicine; Neuroscience; Psychology"
431;23164;"School Psychology International";journal;"14617374, 01430343";"SAGE Publications Ltd";No;No;0,771;Q2;75;33;103;1849;254;101;1,98;56,03;59,60;5;United Kingdom;Western Europe;"SAGE Publications Ltd";"1979-2026";"Education (Q1); Developmental and Educational Psychology (Q2); Psychiatry and Mental Health (Q2)";"Medicine; Psychology; Social Sciences"
432;21100900600;"Current Treatment Options in Psychiatry";journal;"21963061";"Springer International Publishing AG";No;No;0,767;Q2;34;17;100;1082;263;100;3,08;63,65;57,14;0;Switzerland;Western Europe;"Springer International Publishing AG";"2014-2026";"Clinical Psychology (Q2); Psychiatry and Mental Health (Q2)";"Medicine; Psychology"
433;21100870687;"Perspectives on Behavior Science";journal;"25208969, 25208977";"Springer International Publishing AG";No;No;0,767;Q2;49;33;127;2241;308;101;2,54;67,91;38,57;1;Switzerland;Western Europe;"Springer International Publishing AG";"2018-2026";"Clinical Psychology (Q2); Experimental and Cognitive Psychology (Q2); Social Psychology (Q2)";"Psychology"
434;25677;"Journal of Child Language";journal;"03050009, 14697602";"Cambridge University Press";No;No;0,766;Q2;93;57;185;3484;380;184;2,24;61,12;75,82;0;United Kingdom;Western Europe;"Cambridge University Press";"1974-2026";"Linguistics and Language (Q1); Developmental and Educational Psychology (Q2); Experimental and Cognitive Psychology (Q2); Psychology (miscellaneous) (Q2)";"Psychology; Social Sciences"
435;18011;"Neuropsychological Rehabilitation";journal;"14640694, 09602011";"Taylor and Francis Ltd.";No;No;0,765;Q2;92;65;286;3702;852;280;3,11;56,95;64,29;16;United Kingdom;Western Europe;"Taylor and Francis Ltd.";"1991-2026";"Arts and Humanities (miscellaneous) (Q1); Rehabilitation (Q1); Applied Psychology (Q2); Neuropsychology and Physiological Psychology (Q2); Psychology (miscellaneous) (Q2)";"Arts and Humanities; Medicine; Psychology"
436;14539;"Developmental Psychobiology";journal;"00121630, 10982302";"John Wiley &amp; Sons Inc.";No;No;0,762;Q2;112;219;283;16631;822;281;2,89;75,94;66,29;9;United States;Northern America;"John Wiley &amp; Sons Inc.";"1968-2026";"Behavioral Neuroscience (Q2); Developmental and Educational Psychology (Q2); Developmental Biology (Q2); Developmental Neuroscience (Q3)";"Biochemistry, Genetics and Molecular Biology; Neuroscience; Psychology"
437;21100872040;"Cognitive Behaviour Therapist";journal;"1754470X";"Cambridge University Press";No;No;0,760;Q2;29;37;121;2043;255;119;2,30;55,22;63,43;0;United Kingdom;Western Europe;"Cambridge University Press";"2008-2026";"Clinical Psychology (Q2); Experimental and Cognitive Psychology (Q2)";"Psychology"
438;15568;"Journal of Mathematical Psychology";journal;"10960880, 00222496";"Academic Press Inc.";No;No;0,755;Q2;88;47;175;2415;362;166;1,27;51,38;21,21;1;United States;Northern America;"Academic Press Inc.";"1964-2026";"Applied Mathematics (Q2); Psychology (miscellaneous) (Q2)";"Mathematics; Psychology"
439;13420;"Psychoanalytic Psychology";journal;"19391331, 07369735";"American Psychological Association";No;No;0,755;Q2;51;57;125;1936;202;119;1,38;33,96;45,80;0;United States;Northern America;"American Psychological Association";"1984-2025";"Clinical Psychology (Q2)";"Psychology"
440;14206;"Archives of Clinical Neuropsychology";journal;"08876177, 18735843";"Elsevier B.V.";No;No;0,752;Q2;126;144;234;6782;671;234;2,62;47,10;51,15;9;United Kingdom;Western Europe;"Elsevier B.V.";"1986-2026";"Clinical Psychology (Q2); Medicine (miscellaneous) (Q2); Neuropsychology and Physiological Psychology (Q2); Psychiatry and Mental Health (Q2)";"Medicine; Psychology"
441;12867;"Cognitive and Behavioral Practice";journal;"1878187X, 10777229";"Elsevier Inc.";No;No;0,749;Q2;81;56;135;2754;375;135;2,57;49,18;70,34;7;United States;Northern America;"Elsevier Inc.";"1994-2026";"Clinical Psychology (Q2)";"Psychology"
442;21100824896;"Journal of Latina/o Psychology";journal;"21681678, 21630070";"American Psychological Association";No;No;0,749;Q2;0;0;0;0;0;0;0,00;0,00;0,00;0;United States;Northern America;"American Psychological Association";"2012, 2016-2018";"Anthropology (Q1); Cultural Studies (Q1); Applied Psychology (Q2); Clinical Psychology (Q2); Social Psychology (Q2)";"Psychology; Social Sciences"
443;28902;"Family Relations";journal;"01976664, 17413729";"Wiley-Blackwell Publishing Ltd";No;No;0,747;Q2;109;112;160;5691;379;153;1,89;50,81;69,67;11;United Kingdom;Western Europe;"Wiley-Blackwell Publishing Ltd";"1981, 1992, 1996-2026";"Education (Q1); Social Sciences (miscellaneous) (Q1); Social Work (Q1); Developmental and Educational Psychology (Q2)";"Psychology; Social Sciences"
444;15390;"Journal of Applied Social Psychology";journal;"00219029, 15591816";"Wiley-Blackwell";No;No;0,741;Q2;146;93;185;5553;453;185;2,22;59,71;54,58;9;United States;Northern America;"Wiley-Blackwell";"1971-2026";"Social Psychology (Q2)";"Psychology"
445;16705;"Journal of Emotional and Behavioral Disorders";journal;"15384799, 10634266";"SAGE Publications Inc.";No;No;0,741;Q2;81;22;62;1121;150;62;2,24;50,95;52,27;4;United States;Northern America;"SAGE Publications Inc.";"1993-2026";"Education (Q1); Clinical Psychology (Q2); Developmental and Educational Psychology (Q2); Psychiatry and Mental Health (Q2)";"Medicine; Psychology; Social Sciences"
446;14916;"Cognitive Neuropsychology";journal;"14640627, 02643294";"Taylor and Francis Ltd.";No;No;0,740;Q2;103;32;114;2424;238;76;2,22;75,75;48,42;1;United Kingdom;Western Europe;"Taylor and Francis Ltd.";"1984-2026";"Arts and Humanities (miscellaneous) (Q1); Developmental and Educational Psychology (Q2); Experimental and Cognitive Psychology (Q2); Neuropsychology and Physiological Psychology (Q2); Cognitive Neuroscience (Q3)";"Arts and Humanities; Neuroscience; Psychology"
447;22029;"Dyslexia";journal;"10769242, 10990909";"John Wiley and Sons Ltd";No;No;0,740;Q2;68;28;80;1802;202;78;2,06;64,36;64,56;5;United Kingdom;Western Europe;"John Wiley and Sons Ltd";"1996-2026";"Education (Q1); Developmental and Educational Psychology (Q2); Experimental and Cognitive Psychology (Q2); Medicine (miscellaneous) (Q2)";"Medicine; Psychology; Social Sciences"
448;17500155127;"Sleep Medicine Clinics";journal;"1556407X, 15564088";"W.B. Saunders";No;No;0,738;Q2;69;56;173;3897;676;145;3,08;69,59;46,72;3;United States;Northern America;"W.B. Saunders";"2006-2026";"Clinical Psychology (Q2); Medicine (miscellaneous) (Q2); Neurology (clinical) (Q2); Neuropsychology and Physiological Psychology (Q2); Psychiatry and Mental Health (Q2)";"Medicine; Psychology"
449;19800188058;"Australian Journal of Learning Difficulties";journal;"19404158, 19404166";"Routledge";No;No;0,737;Q2;20;10;29;623;77;28;2,68;62,30;67,86;3;United Kingdom;Western Europe;"Routledge";"2008-2026";"Education (Q1); Developmental and Educational Psychology (Q2); Social Psychology (Q2)";"Psychology; Social Sciences"
450;29424;"Acta Psychologica";journal;"18736297, 00016918";"Elsevier B.V.";Yes;No;0,736;Q2;122;175;509;10509;1003;507;1,90;60,05;51,61;4;Netherlands;Western Europe;"Elsevier B.V.";"1936-1937, 1939, 1941, 1949-1951, 1953-2026";"Arts and Humanities (miscellaneous) (Q1); Developmental and Educational Psychology (Q2); Experimental and Cognitive Psychology (Q2); Medicine (miscellaneous) (Q2)";"Arts and Humanities; Medicine; Psychology"
451;13450;"Counselling Psychology Quarterly";journal;"09515070, 14693674";"Routledge";No;No;0,733;Q2;52;44;95;1800;234;93;2,96;40,91;60,85;5;United Kingdom;Western Europe;"Routledge";"1988-2026";"Applied Psychology (Q2); Clinical Psychology (Q2); Psychiatry and Mental Health (Q2)";"Medicine; Psychology"
452;15460;"Eating and Weight Disorders";journal;"11244909, 15901262";"Springer Science and Business Media Deutschland GmbH";Yes;No;0,733;Q2;70;297;441;12728;1691;429;3,39;42,86;62,62;24;Switzerland;Western Europe;"Springer Science and Business Media Deutschland GmbH";"1998-2026";"Clinical Psychology (Q2); Psychiatry and Mental Health (Q2)";"Medicine; Psychology"
453;5300152209;"Psychological Services";journal;"15411559, 1939148X";"American Psychological Association";No;No;0,733;Q2;66;123;219;6076;552;214;2,48;49,40;63,07;36;United States;Northern America;"American Psychological Association";"2004-2026";"Applied Psychology (Q2); Clinical Psychology (Q2)";"Psychology"
454;30085;"Journal of Social and Clinical Psychology";journal;"07367236";"Guilford Publications";No;No;0,732;Q2;121;24;111;1409;258;111;1,55;58,71;54,95;1;United States;Northern America;"Guilford Publications";"1983-1985, 1987-1988, 1990, 1996-2025";"Clinical Psychology (Q2); Social Psychology (Q2)";"Psychology"
455;21100456834;"Counseling Outcome Research and Evaluation";journal;"21501378, 21501386";"Taylor and Francis Ltd.";No;No;0,731;Q2;17;11;30;315;51;28;1,70;28,64;62,16;0;United Kingdom;Western Europe;"Taylor and Francis Ltd.";"2014-2026";"Psychology (miscellaneous) (Q2)";"Psychology"
456;14779;"School Psychology Review";journal;"02796015, 2372966X";"Routledge";No;No;0,731;Q2;110;30;109;2341;271;106;1,48;78,03;60,58;0;United States;Northern America;"Routledge";"1980-1981, 1983-1986, 1988-1989, 1991, 1996-2026";"Education (Q1); Developmental and Educational Psychology (Q2)";"Psychology; Social Sciences"
457;28652;"Clinical Gerontologist";journal;"15452301, 07317115";"Routledge";No;No;0,729;Q2;49;58;167;2510;460;135;2,67;43,28;66,96;17;United States;Northern America;"Routledge";"1982-2026";"Health (social science) (Q1); Clinical Psychology (Q2); Geriatrics and Gerontology (Q2); Gerontology (Q2); Social Psychology (Q2)";"Medicine; Nursing; Psychology; Social Sciences"
458;19560;"Stress";journal;"16078888, 10253890";"Taylor and Francis Ltd.";Yes;No;0,728;Q2;101;110;220;6196;742;212;3,00;56,33;53,47;3;United Kingdom;Western Europe;"Taylor and Francis Ltd.";"1996-2026";"Endocrine and Autonomic Systems (Q2); Neuropsychology and Physiological Psychology (Q2); Physiology (Q2); Psychiatry and Mental Health (Q2); Behavioral Neuroscience (Q3)";"Biochemistry, Genetics and Molecular Biology; Medicine; Neuroscience; Psychology"
459;14775;"Scandinavian Journal of Psychology";journal;"14679450, 00365564";"Wiley-Blackwell Publishing Ltd";No;No;0,727;Q2;95;98;240;5663;628;238;2,25;57,79;51,27;7;United Kingdom;Western Europe;"Wiley-Blackwell Publishing Ltd";"1960-2026";"Arts and Humanities (miscellaneous) (Q1); Developmental and Educational Psychology (Q2); Medicine (miscellaneous) (Q2); Psychology (miscellaneous) (Q2)";"Arts and Humanities; Medicine; Psychology"
460;19400158810;"Child Indicators Research";journal;"18748988, 1874897X";"Springer Netherlands";No;No;0,725;Q2;57;107;316;6910;679;314;2,11;64,58;64,17;35;Netherlands;Western Europe;"Springer Netherlands";"2010-2026";"Health (social science) (Q1); Sociology and Political Science (Q1); Social Psychology (Q2)";"Psychology; Social Sciences"
461;4000151904;"Palliative and Supportive Care";journal;"14789523, 14789515";"Cambridge University Press";No;No;0,724;Q2;70;116;329;3674;794;300;2,26;31,67;58,67;0;United Kingdom;Western Europe;"Cambridge University Press";"2003-2026";"Nursing (miscellaneous) (Q1); Clinical Psychology (Q2); Medicine (miscellaneous) (Q2); Psychiatry and Mental Health (Q2)";"Medicine; Nursing; Psychology"
462;27628;"Journal of Psychosomatic Obstetrics and Gynecology";journal;"0167482X, 17438942";"Taylor and Francis Ltd.";Yes;No;0,720;Q2;82;48;135;1606;423;121;3,12;33,46;59,28;0;United Kingdom;Western Europe;"Taylor and Francis Ltd.";"1982-2026";"Clinical Psychology (Q2); Obstetrics and Gynecology (Q2); Psychiatry and Mental Health (Q2); Reproductive Medicine (Q2)";"Medicine; Psychology"
463;30064;"Journal of Psychology";journal;"19401019, 00223980";"Routledge";No;No;0,719;Q2;88;38;122;2602;374;119;2,77;68,47;50,00;1;United States;Northern America;"Routledge";"1936-2026";"Business, Management and Accounting (miscellaneous) (Q1); Education (Q1); Psychology (miscellaneous) (Q2)";"Business, Management and Accounting; Psychology; Social Sciences"
464;21100983356;"Journal of Positive Psychology and Wellbeing (discontinued)";journal;"25870130";"";Yes;No;0,718;Q2;17;0;37;0;94;37;2,92;0,00;0,00;0;Turkey;Middle East;"";"2017-2020";"Education (Q1); Applied Psychology (Q2); Life-span and Life-course Studies (Q2); Social Psychology (Q2)";"Psychology; Social Sciences"
465;25493;"Cross-Cultural Research";journal;"15523578, 10693971";"SAGE Publications Inc.";No;No;0,714;Q2;56;17;64;1027;169;64;2,40;60,41;42,86;2;United States;Northern America;"SAGE Publications Inc.";"1966-1984, 1986-2026";"Anthropology (Q1); Arts and Humanities (miscellaneous) (Q1); Psychology (miscellaneous) (Q2)";"Arts and Humanities; Psychology; Social Sciences"
466;21100899309;"Research and Practice in Technology Enhanced Learning";journal;"17937078";"Asia-Pacific Society for Computers in Education";Yes;Yes;0,713;Q2;38;27;72;1290;291;72;3,49;47,78;44,00;2;Taiwan;Asiatic Region;"Asia-Pacific Society for Computers in Education";"2015-2026";"Education (Q1); Media Technology (Q1); Management of Technology and Innovation (Q2); Social Psychology (Q2)";"Business, Management and Accounting; Engineering; Psychology; Social Sciences"
467;19700167014;"Journal of Gay and Lesbian Mental Health";journal;"19359705, 19359713";"Routledge";No;No;0,711;Q2;47;27;92;1153;190;65;1,95;42,70;61,54;4;United States;Northern America;"Routledge";"2008-2025";"Clinical Psychology (Q2); Health (social science) (Q2); Psychiatry and Mental Health (Q2)";"Medicine; Psychology; Social Sciences"
468;12102;"Behavior Modification";journal;"01454455, 15524167";"SAGE Publications Inc.";No;No;0,710;Q2;98;42;123;1968;275;119;2,38;46,86;60,39;6;United States;Northern America;"SAGE Publications Inc.";"1977-2026";"Arts and Humanities (miscellaneous) (Q1); Clinical Psychology (Q2); Developmental and Educational Psychology (Q2)";"Arts and Humanities; Psychology"
469;29882;"Journal of Child Sexual Abuse: Research, Treatment, and Program Innovations for Victims, Suvivors, and Offenders";journal;"10538712, 15470679";"Routledge";No;No;0,708;Q2;61;53;168;2443;338;163;1,52;46,09;79,14;15;United States;Northern America;"Routledge";"1992-2026";"Clinical Psychology (Q2); Pathology and Forensic Medicine (Q2); Pediatrics, Perinatology and Child Health (Q2); Psychiatry and Mental Health (Q2)";"Medicine; Psychology"
470;19600157796;"ADHD Attention Deficit and Hyperactivity Disorders";journal;"18666647, 18666116";"Springer-Verlag Wien";No;No;0,707;Q2;46;0;74;0;208;70;3,18;0,00;0,00;0;Austria;Western Europe;"Springer-Verlag Wien";"2009-2019";"Clinical Psychology (Q2); Medicine (miscellaneous) (Q2); Psychiatry and Mental Health (Q2)";"Medicine; Psychology"
471;21100812569;"Journal of Social and Political Psychology";journal;"21953325";"PsychOpen";Yes;Yes;0,706;Q2;43;39;129;2260;233;122;1,60;57,95;44,63;5;Germany;Western Europe;"PsychOpen";"2013-2025";"Sociology and Political Science (Q1); Applied Psychology (Q2); Social Psychology (Q2)";"Psychology; Social Sciences"
472;15450;"Journal of Contemporary Psychotherapy";journal;"15733564, 00220116";"Springer";No;No;0,705;Q2;48;40;86;1409;221;82;2,84;35,23;59,71;6;United States;Northern America;"Springer";"1968-1982, 1984-2026";"Clinical Psychology (Q2); Psychiatry and Mental Health (Q2)";"Medicine; Psychology"
473;11700154377;"Journal of Individual Differences";journal;"21512299, 16140001";"Hogrefe Publishing GmbH";No;No;0,704;Q2;50;23;76;884;152;76;1,94;38,43;41,94;0;Germany;Western Europe;"Hogrefe Publishing GmbH";"2005-2025";"Psychology (miscellaneous) (Q2); Biological Psychiatry (Q3)";"Neuroscience; Psychology"
474;28471;"Ageing and Society";journal;"0144686X, 14691779";"Cambridge University Press";No;No;0,703;Q2;109;133;346;8686;1029;346;2,89;65,31;66,75;0;United Kingdom;Western Europe;"Cambridge University Press";"1981-2026";"Arts and Humanities (miscellaneous) (Q1); Geriatrics and Gerontology (Q2); Health (social science) (Q2); Public Health, Environmental and Occupational Health (Q2); Social Psychology (Q2)";"Arts and Humanities; Medicine; Psychology; Social Sciences"
475;14018;"Human Movement Science";journal;"01679457, 18727646";"Elsevier B.V.";No;No;0,702;Q2;114;121;473;6113;1312;469;2,44;50,52;40,85;1;Netherlands;Western Europe;"Elsevier B.V.";"1982-2026";"Biophysics (Q2); Experimental and Cognitive Psychology (Q2); Medicine (miscellaneous) (Q2); Orthopedics and Sports Medicine (Q2); Sports Science (Q3)";"Biochemistry, Genetics and Molecular Biology; Health Professions; Medicine; Psychology"
476;12125;"Behaviour and Information Technology";journal;"13623001, 0144929X";"Taylor and Francis Ltd.";No;No;0,700;Q2;111;113;269;8100;1144;263;4,01;71,68;35,07;0;United Kingdom;Western Europe;"Taylor and Francis Ltd.";"1982-2026";"Arts and Humanities (miscellaneous) (Q1); Social Sciences (miscellaneous) (Q1); Developmental and Educational Psychology (Q2); Human-Computer Interaction (Q2)";"Arts and Humanities; Computer Science; Psychology; Social Sciences"
477;30075;"Journal of Sex and Marital Therapy";journal;"0092623X, 15210715";"Routledge";No;No;0,699;Q2;98;42;209;2287;541;205;2,19;54,45;58,06;0;United States;Northern America;"Routledge";"1974-2026";"Clinical Psychology (Q2)";"Psychology"
478;12738;"Child Neuropsychology";journal;"17444136, 09297049";"Routledge";No;No;0,698;Q2;91;57;185;3048;478;185;2,33;53,47;63,74;7;United Kingdom;Western Europe;"Routledge";"1986, 1995-2026";"Developmental and Educational Psychology (Q2); Neuropsychology and Physiological Psychology (Q2); Pediatrics, Perinatology and Child Health (Q2)";"Medicine; Psychology"
479;5700152857;"Mind, Culture, and Activity";journal;"10749039, 15327884";"Taylor and Francis Ltd.";No;No;0,698;Q2;69;27;89;990;157;72;1,68;36,67;58,33;1;United Kingdom;Western Europe;"Taylor and Francis Ltd.";"1994-2024";"Anthropology (Q1); Cultural Studies (Q1); Education (Q1); Linguistics and Language (Q1); Developmental and Educational Psychology (Q2); Social Psychology (Q2); Cognitive Neuroscience (Q3)";"Neuroscience; Psychology; Social Sciences"
480;14287;"Behavioural Neurology";journal;"09534180, 18758584";"John Wiley and Sons Ltd";Yes;No;0,697;Q2;66;75;172;3365;624;169;3,07;44,87;43,53;4;United Kingdom;Western Europe;"John Wiley and Sons Ltd";"1988-1998, 2000-2001, 2003-2026";"Medicine (miscellaneous) (Q2); Neurology (clinical) (Q2); Neuropsychology and Physiological Psychology (Q2); Neurology (Q3)";"Medicine; Neuroscience; Psychology"
481;21101046176;"Clinical Psychology in Europe";journal;"26253410";"PsychOpen";Yes;Yes;0,697;Q2;21;38;58;1420;108;48;1,86;37,37;61,59;1;Germany;Western Europe;"PsychOpen";"2019-2025";"Clinical Psychology (Q2); Psychiatry and Mental Health (Q2)";"Medicine; Psychology"
482;26619;"Symbolic Interaction";journal;"15338665, 01956086";"Wiley-Blackwell";No;No;0,697;Q2;65;31;80;2101;196;77;2,58;67,77;40,38;0;United States;Northern America;"Wiley-Blackwell";"1977-2026";"Communication (Q1); Nursing (miscellaneous) (Q1); Social Sciences (miscellaneous) (Q1); Sociology and Political Science (Q1); Education (Q2); Social Psychology (Q2)";"Nursing; Psychology; Social Sciences"
483;19700188308;"Research in Human Development";journal;"15427617, 15427609";"Routledge";No;No;0,694;Q2;39;17;60;580;132;54;2,36;34,12;69,23;2;United States;Northern America;"Routledge";"2004-2005, 2008-2025";"Developmental and Educational Psychology (Q2); Social Psychology (Q2)";"Psychology"
484;22603;"Journal of Early Intervention";journal;"21543992, 10538151";"SAGE Publications Inc.";No;No;0,693;Q2;56;19;66;964;134;65;1,58;50,74;78,67;10;United States;Northern America;"SAGE Publications Inc.";"1981-2026";"Developmental and Educational Psychology (Q2); Pediatrics, Perinatology and Child Health (Q2); Psychiatry and Mental Health (Q2)";"Medicine; Psychology"
485;13545;"Eating Behaviors";journal;"18737358, 14710153";"Elsevier Ltd";No;No;0,692;Q2;95;101;213;4651;635;213;2,91;46,05;73,30;7;United Kingdom;Western Europe;"Elsevier Ltd";"2000-2026";"Clinical Psychology (Q2); Psychiatry and Mental Health (Q2)";"Medicine; Psychology"
486;6500153248;"Victims and Offenders";journal;"15564886, 15564991";"Routledge";No;No;0,692;Q2;47;61;198;3772;405;192;1,97;61,84;56,59;8;United Kingdom;Western Europe;"Routledge";"2006-2026";"Law (Q1); Applied Psychology (Q2); Health (social science) (Q2); Pathology and Forensic Medicine (Q2)";"Medicine; Psychology; Social Sciences"
487;21100217612;"Industrial and Organizational Psychology";journal;"17549426, 17549434";"Cambridge University Press";No;No;0,691;Q2;57;116;256;2473;252;126;0,68;21,32;28,57;8;United Kingdom;Western Europe;"Cambridge University Press";"2008-2026";"Applied Psychology (Q2); Social Psychology (Q2)";"Psychology"
488;12739;"New Directions for Child and Adolescent Development";book series;"15348687, 15203247";"John Wiley and Sons Inc";No;No;0,691;Q2;78;61;138;2632;270;114;1,47;43,15;65,93;14;United States;Northern America;"John Wiley and Sons Inc";"1978-1996, 1998-2026";"Developmental and Educational Psychology (Q2); Medicine (miscellaneous) (Q2); Social Psychology (Q2)";"Medicine; Psychology"
489;19700187804;"Children's Geographies";journal;"14733277, 14733285";"Carfax Publishing Ltd.";No;No;0,687;Q2;74;63;177;3145;396;166;2,22;49,92;78,62;13;United Kingdom;Western Europe;"Carfax Publishing Ltd.";"2003-2026";"Geography, Planning and Development (Q1); Sociology and Political Science (Q1); Social Psychology (Q2)";"Psychology; Social Sciences"
490;12123;"Behavioral Sciences and the Law";journal;"10990798, 07353936";"John Wiley and Sons Ltd";No;No;0,686;Q2;91;46;147;2663;344;143;2,44;57,89;54,48;8;United Kingdom;Western Europe;"John Wiley and Sons Ltd";"1983-2026";"Law (Q1); Clinical Psychology (Q2); Medicine (miscellaneous) (Q2); Psychiatry and Mental Health (Q2)";"Medicine; Psychology; Social Sciences"
491;24514;"Clinical Child Psychology and Psychiatry";journal;"13591045, 14617021";"SAGE Publications Ltd";No;No;0,685;Q2;73;101;193;4086;443;176;1,81;40,46;71,89;18;United Kingdom;Western Europe;"SAGE Publications Ltd";"1996-2026";"Clinical Psychology (Q2); Medicine (miscellaneous) (Q2); Pediatrics, Perinatology and Child Health (Q2); Psychiatry and Mental Health (Q2)";"Medicine; Psychology"
492;21100794825;"Health Psychology Open";journal;"20551029";"SAGE Publications Inc.";Yes;No;0,685;Q2;37;34;138;1803;416;136;2,20;53,03;66,24;1;United Kingdom;Western Europe;"SAGE Publications Inc.";"2014-2026";"Clinical Psychology (Q2); Psychiatry and Mental Health (Q2)";"Medicine; Psychology"
493;25019;"Human-Computer Interaction";journal;"15327051, 07370024";"Taylor and Francis Ltd.";No;No;0,685;Q2;87;18;54;1537;212;46;5,35;85,39;34,07;4;United States;Northern America;"Taylor and Francis Ltd.";"1985-1987, 1989-2026";"Applied Psychology (Q2); Human-Computer Interaction (Q2)";"Computer Science; Psychology"
494;14873;"International Journal of Behavioral Medicine";journal;"15327558, 10705503";"Routledge";No;No;0,684;Q2;84;81;207;3930;537;204;2,41;48,52;66,59;9;United States;Northern America;"Routledge";"1994-2026";"Applied Psychology (Q2)";"Psychology"
495;15506;"Journal of Fluency Disorders";journal;"0094730X, 1873801X";"Elsevier Inc.";No;No;0,682;Q2;72;37;74;2428;184;73;2,03;65,62;63,78;2;United States;Northern America;"Elsevier Inc.";"1974, 1977-2026";"Linguistics and Language (Q1); LPN and LVN (Q1); Experimental and Cognitive Psychology (Q2); Speech and Hearing (Q2); Cognitive Neuroscience (Q3)";"Health Professions; Neuroscience; Nursing; Psychology; Social Sciences"
496;5800179612;"Social Neuroscience";journal;"17470919, 17470927";"Taylor and Francis Ltd.";No;No;0,681;Q2;90;51;179;3456;411;179;2,07;67,76;50,00;2;United Kingdom;Western Europe;"Taylor and Francis Ltd.";"2006-2026";"Development (Q1); Social Psychology (Q2); Behavioral Neuroscience (Q3)";"Neuroscience; Psychology; Social Sciences"
497;5100155099;"Qualitative Research in Psychology";journal;"14780895, 14780887";"Taylor and Francis Ltd.";No;No;0,678;Q2;62;28;111;1541;284;103;2,96;55,04;61,04;6;United Kingdom;Western Europe;"Taylor and Francis Ltd.";"2004-2026";"Psychology (miscellaneous) (Q2)";"Psychology"
498;12082;"Australian Journal of Psychology";journal;"00049530, 17429536";"Routledge";Yes;No;0,674;Q2;59;55;115;2967;286;113;2,47;53,95;51,79;8;United States;Northern America;"Routledge";"1949-2026";"Psychology (miscellaneous) (Q2)";"Psychology"
499;16907;"Research on Social Work Practice";journal;"10497315, 15527581";"SAGE Publications Inc.";No;No;0,674;Q2;82;77;250;4132;520;242;1,90;53,66;62,77;19;United States;Northern America;"SAGE Publications Inc.";"1991-2026";"Social Sciences (miscellaneous) (Q1); Social Work (Q1); Sociology and Political Science (Q1); Psychology (miscellaneous) (Q2)";"Psychology; Social Sciences"
500;21100870677;"Crime Psychology Review";journal;"23744014";"Taylor and Francis Ltd.";No;No;0,672;Q2;10;0;4;0;10;4;0,00;0,00;0,00;0;United Kingdom;Western Europe;"Taylor and Francis Ltd.";"2015-2018";"Law (Q1); Applied Psychology (Q2)";"Psychology; Social Sciences"
501;11300153602;"Parenting";journal;"15295192, 15327922";"Psychology Press Ltd";No;No;0,672;Q2;64;13;65;936;137;65;1,53;72,00;72,92;2;United Kingdom;Western Europe;"Psychology Press Ltd";"2001-2026";"Developmental and Educational Psychology (Q2); Education (Q2); Social Psychology (Q2)";"Psychology; Social Sciences"
502;15430;"Journal of Community Psychology";journal;"15206629, 00904392";"Wiley-Liss Inc.";No;No;0,671;Q2;107;187;371;9966;807;360;2,09;53,29;66,72;28;United States;Northern America;"Wiley-Liss Inc.";"1973-2026";"Social Work (Q1); Social Psychology (Q2)";"Psychology; Social Sciences"
503;21100943318;"Journal of Numerical Cognition";journal;"23638761";"PsychOpen";Yes;Yes;0,669;Q2;15;28;40;1548;66;38;1,65;55,29;73,55;1;Germany;Western Europe;"PsychOpen";"2019-2025";"Applied Mathematics (Q2); Experimental and Cognitive Psychology (Q2); Numerical Analysis (Q2)";"Mathematics; Psychology"
504;5700177956;"Journal of Family Communication";journal;"15327698, 15267431";"Routledge";No;No;0,668;Q2;38;25;73;1203;143;69;1,84;48,12;85,94;1;United States;Northern America;"Routledge";"2009-2026";"Communication (Q1); Social Psychology (Q2)";"Psychology; Social Sciences"
505;21100202146;"Journal of Obsessive-Compulsive and Related Disorders";journal;"22113649, 22113657";"Elsevier B.V.";No;No;0,667;Q2;49;69;199;3431;378;196;1,79;49,72;52,76;9;Netherlands;Western Europe;"Elsevier B.V.";"2012-2026";"Clinical Psychology (Q2); Psychiatry and Mental Health (Q2)";"Medicine; Psychology"
506;14030;"Psychology in the Schools";journal;"00333085, 15206807";"Wiley-Liss Inc.";No;No;0,666;Q2;101;141;303;8610;629;301;1,92;61,06;61,05;21;United States;Northern America;"Wiley-Liss Inc.";"1964-2026";"Developmental and Educational Psychology (Q2); Education (Q2)";"Psychology; Social Sciences"
507;19900191857;"Education and Training in Autism and Developmental Disabilities";journal;"21541647";"SAGE Publications Ltd";No;No;0,655;Q2;61;32;96;1535;122;96;0,97;47,97;68,81;0;United States;Northern America;"SAGE Publications Ltd";"2010-2026";"Developmental and Educational Psychology (Q2); Education (Q2)";"Psychology; Social Sciences"
508;16750;"Journal of Neurolinguistics";journal;"18738052, 09116044";"Elsevier Ltd";No;No;0,655;Q2;70;53;165;3629;356;165;2,07;68,47;50,48;0;United Kingdom;Western Europe;"Elsevier Ltd";"1985-1986, 1988-1992, 1994-2026";"Arts and Humanities (miscellaneous) (Q1); Linguistics and Language (Q1); Experimental and Cognitive Psychology (Q2); Cognitive Neuroscience (Q3)";"Arts and Humanities; Neuroscience; Psychology; Social Sciences"
509;21100370881;"Journal of Experimental Psychology: Animal Learning and Cognition";journal;"23298464, 23298456";"American Psychological Association";No;No;0,653;Q2;82;39;102;2166;192;99;1,93;55,54;37,04;0;United States;Northern America;"American Psychological Association";"2014-2026";"Ecology, Evolution, Behavior and Systematics (Q2); Experimental and Cognitive Psychology (Q2)";"Agricultural and Biological Sciences; Psychology"
510;14823;"Social Cognition";journal;"0278016X";"Guilford Publications";No;No;0,653;Q2;95;37;96;2001;152;95;1,31;54,08;45,71;0;United States;Northern America;"Guilford Publications";"1982, 1985-1987, 1996-2025";"Developmental and Educational Psychology (Q2); Social Psychology (Q2)";"Psychology"
511;13452;"Creativity Research Journal";journal;"15326934, 10400419";"Routledge";No;No;0,652;Q2;113;36;134;2336;382;128;2,31;64,89;39,68;2;United States;Northern America;"Routledge";"1988-1999, 2001-2026";"Visual Arts and Performing Arts (Q1); Developmental and Educational Psychology (Q2); Psychology (miscellaneous) (Q2)";"Arts and Humanities; Psychology"
512;12024;"Applied Cognitive Psychology";journal;"10990720, 08884080";"John Wiley and Sons Ltd";No;No;0,651;Q2;130;147;332;7255;800;324;2,40;49,35;50,91;14;United Kingdom;Western Europe;"John Wiley and Sons Ltd";"1987-2026";"Arts and Humanities (miscellaneous) (Q1); Developmental and Educational Psychology (Q2); Experimental and Cognitive Psychology (Q2)";"Arts and Humanities; Psychology"
513;25319;"Journal of Psychoactive Drugs";journal;"02791072, 21599777";"Taylor and Francis Ltd.";No;No;0,651;Q2;80;55;165;2447;527;164;3,25;44,49;52,89;5;United Kingdom;Western Europe;"Taylor and Francis Ltd.";"1967-1972, 1974-2026";"Medicine (miscellaneous) (Q2); Psychology (miscellaneous) (Q2)";"Medicine; Psychology"
514;15567;"Journal of Marital and Family Therapy";journal;"17520606, 0194472X";"Wiley-Blackwell";No;No;0,649;Q2;84;61;161;2827;355;150;2,17;46,34;60,44;9;United States;Northern America;"Wiley-Blackwell";"1975-2026";"Social Sciences (miscellaneous) (Q1); Sociology and Political Science (Q1); Clinical Psychology (Q2); Social Psychology (Q2)";"Psychology; Social Sciences"
515;21101051829;"Psychology of Popular Media";journal;"26896575, 26896567";"American Psychological Association";No;No;0,649;Q2;37;63;148;3641;555;140;3,89;57,79;60,00;2;United States;Northern America;"American Psychological Association";"2020-2025";"Communication (Q1); Cultural Studies (Q1); Applied Psychology (Q2); Psychology (miscellaneous) (Q2)";"Psychology; Social Sciences"
516;4500151527;"Psychology of Learning and Motivation - Advances in Research and Theory";book series;"00797421";"Academic Press Inc.";Yes;No;0,647;Q2;71;15;57;2278;117;12;1,89;151,87;0,00;0;United States;Northern America;"Academic Press Inc.";"1967-1968, 1970, 1972-1986, 1988-1998, 2000, 2002-2004, 2006-2025";"Developmental and Educational Psychology (Q2); Social Psychology (Q2)";"Psychology"
517;21101020142;"International Journal of Wellbeing";journal;"11798602";"";Yes;Yes;0,646;Q2;18;17;58;1106;135;54;2,33;65,06;47,50;4;New Zealand;Pacific Region;"";"2019-2025";"Economics, Econometrics and Finance (miscellaneous) (Q1); Applied Psychology (Q2); Social Psychology (Q2)";"Economics, Econometrics and Finance; Psychology"
518;14183;"Aphasiology";journal;"14645041, 02687038";"Routledge";No;No;0,644;Q2;88;69;237;3902;469;222;1,57;56,55;70,73;8;United Kingdom;Western Europe;"Routledge";"1987-2026";"Linguistics and Language (Q1); LPN and LVN (Q1); Developmental and Educational Psychology (Q2); Neurology (clinical) (Q2); Otorhinolaryngology (Q2); Neurology (Q3)";"Medicine; Neuroscience; Nursing; Psychology; Social Sciences"
519;14896;"International Journal of Psychology";journal;"1464066X, 00207594";"Wiley-Blackwell";No;No;0,643;Q2;87;98;298;3556;601;296;2,08;36,29;55,17;14;United States;Northern America;"Wiley-Blackwell";"1966-2026";"Arts and Humanities (miscellaneous) (Q1); Medicine (miscellaneous) (Q2); Psychology (miscellaneous) (Q2)";"Arts and Humanities; Medicine; Psychology"
520;16723;"Journal of Intellectual and Developmental Disability";journal;"13668250, 14699532";"Informa Healthcare";No;No;0,643;Q2;72;38;146;1412;295;141;2,01;37,16;74,11;8;United Kingdom;Western Europe;"Informa Healthcare";"1970-1991, 1993-1994, 1996-2026";"Arts and Humanities (miscellaneous) (Q1); Education (Q2); Medicine (miscellaneous) (Q2); Psychology (miscellaneous) (Q2)";"Arts and Humanities; Medicine; Psychology; Social Sciences"
521;14820;"Infant and Child Development";journal;"15227227, 15227219";"John Wiley and Sons Ltd";No;No;0,639;Q2;75;55;136;3463;263;135;1,77;62,96;72,08;6;United Kingdom;Western Europe;"John Wiley and Sons Ltd";"1996-2026";"Developmental and Educational Psychology (Q2)";"Psychology"
522;144967;"Early Childhood Education Journal";journal;"15731707, 10823301";"Springer Netherlands";No;No;0,637;Q2;67;101;203;4895;477;203;1,93;48,47;79,65;37;Netherlands;Western Europe;"Springer Netherlands";"1995-2002, 2005-2026";"Developmental and Educational Psychology (Q2); Education (Q2)";"Psychology; Social Sciences"
523;29450;"Applied Measurement in Education";journal;"15324818, 08957347";"Routledge";No;No;0,636;Q2;57;23;85;939;156;85;1,47;40,83;49,18;3;United States;Northern America;"Routledge";"1988-2026";"Developmental and Educational Psychology (Q2); Education (Q2)";"Psychology; Social Sciences"
524;17900156741;"European Journal of Developmental Psychology";journal;"17405610, 17405629";"Taylor and Francis Ltd.";No;No;0,634;Q2;55;49;164;2147;331;156;1,57;43,82;67,98;5;United Kingdom;Western Europe;"Taylor and Francis Ltd.";"2006-2007, 2009-2026";"Developmental and Educational Psychology (Q2); Social Psychology (Q2)";"Psychology"
525;20321;"International Journal of Offender Therapy and Comparative Criminology";journal;"0306624X, 15526933";"SAGE Publications Inc.";No;No;0,634;Q2;78;85;465;5063;841;464;1,53;59,56;42,59;0;United States;Northern America;"SAGE Publications Inc.";"1966-2026";"Arts and Humanities (miscellaneous) (Q1); Applied Psychology (Q2); Pathology and Forensic Medicine (Q2)";"Arts and Humanities; Medicine; Psychology"
526;15428;"Journal of Communication Disorders";journal;"00219924, 18737994";"Elsevier Inc.";No;No;0,634;Q2;84;64;168;4084;358;157;1,58;63,81;76,85;12;United States;Northern America;"Elsevier Inc.";"1967-2026";"Linguistics and Language (Q1); LPN and LVN (Q1); Experimental and Cognitive Psychology (Q2); Speech and Hearing (Q2); Cognitive Neuroscience (Q3)";"Health Professions; Neuroscience; Nursing; Psychology; Social Sciences"
527;12824;"Philosophical Psychology";journal;"09515089, 1465394X";"Routledge";No;No;0,634;Q2;63;48;174;2766;273;160;1,59;57,63;25,00;0;United Kingdom;Western Europe;"Routledge";"1988-2026";"Philosophy (Q1); Applied Psychology (Q2)";"Arts and Humanities; Psychology"
528;17900156720;"European Early Childhood Education Research Journal";journal;"1350293X, 17521807";"Taylor and Francis Ltd.";No;No;0,631;Q2;54;66;198;2924;284;180;1,21;44,30;78,62;0;United Kingdom;Western Europe;"Taylor and Francis Ltd.";"1993-1995, 1999, 2002-2003, 2007-2026";"Developmental and Educational Psychology (Q2); Education (Q2)";"Psychology; Social Sciences"
529;28811;"Journal of Health Care Chaplaincy";journal;"15286916, 08854726";"Routledge";No;No;0,623;Q2;29;15;32;476;77;32;2,14;31,73;52,46;2;United States;Northern America;"Routledge";"1987-1994, 1997-2002, 2004, 2008, 2010-2026";"Religious Studies (Q1); Clinical Psychology (Q2); Health (social science) (Q2)";"Arts and Humanities; Psychology; Social Sciences"
530;29979;"Journal of Psychosocial Oncology";journal;"07347332, 15407586";"Routledge";No;No;0,623;Q2;56;64;161;1765;394;158;2,58;27,58;77,02;11;United States;Northern America;"Routledge";"1983-2026";"Applied Psychology (Q2); Psychiatry and Mental Health (Q2); Oncology (Q3)";"Medicine; Psychology"
531;19700187621;"Psychology and Sexuality";journal;"19419902, 19419899";"Routledge";No;No;0,622;Q2;47;27;81;1457;182;78;1,80;53,96;69,00;8;United Kingdom;Western Europe;"Routledge";"2010-2026";"Gender Studies (Q1); Applied Psychology (Q2); Health (social science) (Q2); Social Psychology (Q2)";"Psychology; Social Sciences"
532;14340;"Brain Injury";journal;"1362301X, 02699052";"Taylor and Francis Ltd.";No;No;0,621;Q2;127;191;626;8777;1498;603;2,02;45,95;46,91;22;United Kingdom;Western Europe;"Taylor and Francis Ltd.";"1987-2026";"Developmental and Educational Psychology (Q2); Neurology (clinical) (Q2); Neuroscience (miscellaneous) (Q3)";"Medicine; Neuroscience; Psychology"
533;21101017693;"Motivation Science";journal;"23338113, 23338121";"American Psychological Association";No;No;0,621;Q2;24;37;70;2428;172;69;2,46;65,62;37,67;1;United States;Northern America;"American Psychological Association";"2015, 2019-2025";"Applied Psychology (Q2); Developmental and Educational Psychology (Q2); Environmental Engineering (Q2); Health, Toxicology and Mutagenesis (Q2)";"Environmental Science; Psychology"
534;22053;"European Journal of Special Needs Education";journal;"08856257, 1469591X";"Routledge";No;No;0,619;Q2;65;51;162;2070;348;155;1,92;40,59;60,28;22;United Kingdom;Western Europe;"Routledge";"1986-2026";"Health Professions (miscellaneous) (Q1); Developmental and Educational Psychology (Q2); Education (Q2)";"Health Professions; Psychology; Social Sciences"
535;15431;"Journal of Comparative Psychology";journal;"07357036, 19392087";"American Psychological Association";No;No;0,618;Q2;95;58;145;3669;310;143;2,19;63,26;52,63;0;United States;Northern America;"American Psychological Association";"1983-2025";"Ecology, Evolution, Behavior and Systematics (Q2); Psychology (miscellaneous) (Q2)";"Agricultural and Biological Sciences; Psychology"
536;15324;"Theory and Psychology";journal;"14617447, 09593543";"SAGE Publications Ltd";No;No;0,618;Q2;73;66;163;3215;301;149;1,51;48,71;27,91;2;United Kingdom;Western Europe;"SAGE Publications Ltd";"1991-2026";"History and Philosophy of Science (Q1); Psychology (miscellaneous) (Q2)";"Arts and Humanities; Psychology"
537;4700152821;"Journal of Research in Childhood Education";journal;"02568543, 21502641";"Routledge";No;No;0,615;Q2;44;40;109;2230;226;106;1,94;55,75;73,74;3;United Kingdom;Western Europe;"Routledge";"1986-2026";"Developmental and Educational Psychology (Q2); Education (Q2)";"Psychology; Social Sciences"
538;14420;"Journal of Career Development";journal;"08948453, 15560856";"SAGE Publications Inc.";No;No;0,612;Q2;67;67;134;3705;359;132;2,60;55,30;54,89;6;United States;Northern America;"SAGE Publications Inc.";"1972-1973, 1975-2026";"Applied Psychology (Q2); Education (Q2); Organizational Behavior and Human Resource Management (Q2); Psychology (miscellaneous) (Q2)";"Business, Management and Accounting; Psychology; Social Sciences"
539;15947;"Behaviormetrika";journal;"03857417, 13496964";"Springer";Yes;No;0,609;Q2;19;26;77;701;117;66;1,38;26,96;21,74;1;Japan;Asiatic Region;"Springer";"1985-1986, 2017-2026";"Analysis (Q2); Applied Mathematics (Q2); Clinical Psychology (Q2); Experimental and Cognitive Psychology (Q2)";"Mathematics; Psychology"
540;144907;"Peabody Journal of Education";journal;"0161956X, 15327930";"Routledge";No;No;0,609;Q2;59;50;123;2333;189;111;0,74;46,66;60,19;0;United Kingdom;Western Europe;"Routledge";"1923-1991, 1993-2026";"Developmental and Educational Psychology (Q2); Education (Q2)";"Psychology; Social Sciences"
541;21101024236;"Journal of Theoretical Social Psychology";journal;"24750387";"John Wiley and Sons Inc";No;No;0,605;Q2;20;47;46;3215;104;46;1,97;68,40;41,79;3;United States;Northern America;"John Wiley and Sons Inc";"2017-2025";"Social Psychology (Q2)";"Psychology"
542;21100842323;"Journal of Trust Research";journal;"2151559X, 21515581";"Routledge";No;No;0,605;Q2;30;8;36;483;99;30;2,36;60,38;37,50;3;United States;Northern America;"Routledge";"2011-2026";"Sociology and Political Science (Q1); Applied Psychology (Q2); Business, Management and Accounting (miscellaneous) (Q2); Social Psychology (Q2)";"Business, Management and Accounting; Psychology; Social Sciences"
543;6400153136;"BioPsychoSocial Medicine";journal;"17510759";"BioMed Central Ltd";Yes;No;0,601;Q2;48;25;81;913;219;77;2,93;36,52;28,33;2;United Kingdom;Western Europe;"BioMed Central Ltd";"2007-2026";"Psychiatry and Mental Health (Q2); Psychology (miscellaneous) (Q2); Social Psychology (Q2); Biological Psychiatry (Q4)";"Medicine; Neuroscience; Psychology"
544;29163;"International Journal of Aging and Human Development";journal;"00914150, 15413535";"SAGE Publications Inc.";No;No;0,601;Q2;76;51;144;2490;305;139;1,87;48,82;58,72;5;United States;Northern America;"SAGE Publications Inc.";"1973-2026";"Developmental and Educational Psychology (Q2); Aging (Q3); Geriatrics and Gerontology (Q3)";"Biochemistry, Genetics and Molecular Biology; Medicine; Psychology"
545;5700153985;"Exceptionality";journal;"09362835, 15327035";"Routledge";No;No;0,600;Q2;31;24;64;1236;102;64;1,45;51,50;70,27;4;United States;Northern America;"Routledge";"1990-1994, 2010-2026";"Developmental and Educational Psychology (Q2); Education (Q2)";"Psychology; Social Sciences"
546;12833;"Journal of Psychoeducational Assessment";journal;"15575144, 07342829";"SAGE Publications Inc.";No;No;0,600;Q2;67;72;225;3127;377;225;1,46;43,43;50,44;10;United States;Northern America;"SAGE Publications Inc.";"1983-2026";"Clinical Psychology (Q2); Education (Q2); Psychology (miscellaneous) (Q2)";"Psychology; Social Sciences"
547;5800207751;"Metaphor and Symbol";journal;"15327868, 10926488";"Psychology Press Ltd";No;No;0,599;Q2;39;20;56;932;135;54;1,28;46,60;47,62;0;United States;Northern America;"Psychology Press Ltd";"2007-2026";"Communication (Q1); Linguistics and Language (Q1); Experimental and Cognitive Psychology (Q2)";"Psychology; Social Sciences"
548;17100154740;"Counselor Education and Supervision";journal;"00110035, 15566978";"Wiley-Blackwell";No;No;0,597;Q2;52;20;62;811;121;61;1,69;40,55;67,92;0;United States;Northern America;"Wiley-Blackwell";"1961-2026";"Clinical Psychology (Q2); Developmental and Educational Psychology (Q2); Education (Q2)";"Psychology; Social Sciences"
549;13560;"Ecological Psychology";journal;"15326969, 10407413";"Routledge";No;No;0,594;Q2;57;12;50;925;95;45;1,91;77,08;13,79;0;United States;Northern America;"Routledge";"1989-2026";"Computer Science (miscellaneous) (Q2); Ecology, Evolution, Behavior and Systematics (Q2); Social Psychology (Q2); Experimental and Cognitive Psychology (Q3)";"Agricultural and Biological Sciences; Computer Science; Psychology"
550;12797;"Journal of Educational and Psychological Consultation";journal;"10474412, 1532768X";"Routledge";No;No;0,594;Q2;42;22;66;1032;109;60;1,60;46,91;60,27;1;United States;Northern America;"Routledge";"1990-2005, 2007-2026";"Developmental and Educational Psychology (Q2); Psychology (miscellaneous) (Q2)";"Psychology"
551;12100156320;"Mind, Brain, and Education";journal;"17512271, 1751228X";"Wiley-Blackwell Publishing Ltd";No;No;0,594;Q2;53;35;93;1815;197;82;1,96;51,86;59,05;6;United Kingdom;Western Europe;"Wiley-Blackwell Publishing Ltd";"2008-2026";"Developmental and Educational Psychology (Q2); Education (Q2); Cognitive Neuroscience (Q3); Experimental and Cognitive Psychology (Q3)";"Neuroscience; Psychology; Social Sciences"
552;21101041530;"Journal of Cultural Cognitive Science";journal;"25201018";"Springer International Publishing";No;No;0,594;Q3;15;22;54;1538;84;51;1,61;69,91;43,55;1;Singapore;Asiatic Region;"Springer International Publishing";"2017-2026";"Linguistics and Language (Q1); Experimental and Cognitive Psychology (Q3)";"Psychology; Social Sciences"
553;14293;"Deviant Behavior";journal;"15210456, 01639625";"Taylor and Francis Ltd.";No;No;0,593;Q2;74;104;335;6847;632;333;1,69;65,84;39,06;13;United Kingdom;Western Europe;"Taylor and Francis Ltd.";"1979-2026";"Law (Q1); Sociology and Political Science (Q1); Clinical Psychology (Q2); Social Psychology (Q2)";"Psychology; Social Sciences"
554;15564;"Journal of Language and Social Psychology";journal;"15526526, 0261927X";"SAGE Publications Inc.";No;No;0,591;Q2;72;35;117;2170;229;116;1,88;62,00;56,38;0;United States;Northern America;"SAGE Publications Inc.";"1982-2026";"Anthropology (Q1); Linguistics and Language (Q1); Sociology and Political Science (Q1); Education (Q2); Social Psychology (Q2)";"Psychology; Social Sciences"
555;7100153131;"International Journal of Sexual Health";journal;"1931762X, 19317611";"Routledge";No;No;0,590;Q2;54;47;107;2800;214;106;1,92;59,57;59,76;12;United States;Northern America;"Routledge";"2007-2026";"Gender Studies (Q1); Dermatology (Q2); Public Health, Environmental and Occupational Health (Q2); Reproductive Medicine (Q2); Social Psychology (Q2)";"Medicine; Psychology; Social Sciences"
556;30091;"Journal of Sport and Exercise Psychology";journal;"08952779, 15432904";"Human Kinetics Publishers Inc.";No;No;0,589;Q2;129;43;109;2266;272;108;1,84;52,70;35,93;0;United States;Northern America;"Human Kinetics Publishers Inc.";"1988-1991, 1996-2026";"Applied Psychology (Q2); Sports Science (Q3)";"Health Professions; Psychology"
557;19400158521;"Review of Philosophy and Psychology";journal;"18785166, 18785158";"Springer Verlag";No;No;0,587;Q3;51;45;133;2600;245;128;1,63;57,78;25,93;1;Germany;Western Europe;"Springer Verlag";"2010-2026";"Philosophy (Q1); Experimental and Cognitive Psychology (Q3)";"Arts and Humanities; Psychology"
558;21100829991;"Psychology of Consciousness: Theory Research, and Practice";journal;"23265531, 23265523";"American Psychological Association";No;No;0,586;Q2;29;45;87;3672;195;80;2,13;81,60;38,24;0;United States;Northern America;"American Psychological Association";"2016-2025";"Clinical Psychology (Q2); Neuropsychology and Physiological Psychology (Q2); Social Psychology (Q2); Experimental and Cognitive Psychology (Q3)";"Psychology"
559;21100945900;"Health Psychology and Behavioral Medicine";journal;"21642850";"Taylor and Francis Ltd.";Yes;No;0,585;Q2;27;52;69;3312;178;68;2,00;63,69;64,56;4;United Kingdom;Western Europe;"Taylor and Francis Ltd.";"2014, 2017-2026";"Health (social science) (Q2); Psychology (miscellaneous) (Q2); Behavioral Neuroscience (Q3)";"Neuroscience; Psychology; Social Sciences"
560;15373;"Journal of Aggression, Maltreatment and Trauma";journal;"10926771, 1545083X";"Routledge";No;No;0,585;Q2;67;77;211;4202;421;208;1,84;54,57;71,55;17;United States;Northern America;"Routledge";"1997-1998, 2000-2026";"Health Professions (miscellaneous) (Q1); Clinical Psychology (Q2); Psychiatry and Mental Health (Q2)";"Health Professions; Medicine; Psychology"
561;15372;"Journal of Adult Development";journal;"10680667, 15733440";"Springer New York";No;No;0,583;Q2;59;30;82;1733;172;81;1,73;57,77;58,82;0;United States;Northern America;"Springer New York";"1994-2026";"Developmental and Educational Psychology (Q2); Life-span and Life-course Studies (Q2); Experimental and Cognitive Psychology (Q3)";"Psychology; Social Sciences"
562;21100211334;"Journal of Cognitive Engineering and Decision Making";journal;"21695032, 15553434";"SAGE Publications Inc.";No;No;0,583;Q2;47;12;65;617;175;64;2,80;51,42;36,17;5;United States;Northern America;"SAGE Publications Inc.";"2007-2026";"Applied Psychology (Q2); Computer Science Applications (Q2); Engineering (miscellaneous) (Q2); Human Factors and Ergonomics (Q2)";"Computer Science; Engineering; Psychology; Social Sciences"
563;15411;"Journal of Clinical Psychology in Medical Settings";journal;"10689583, 15733572";"Springer";No;No;0,580;Q2;63;86;174;4631;399;172;1,89;53,85;65,84;9;United States;Northern America;"Springer";"1994-2026";"Clinical Psychology (Q2)";"Psychology"
564;15031;"Infant Mental Health Journal";journal;"01639641, 10970355";"John Wiley &amp; Sons Inc.";No;No;0,579;Q2;90;59;176;3915;342;165;1,99;66,36;76,28;28;United States;Northern America;"John Wiley &amp; Sons Inc.";"1980-2026";"Developmental and Educational Psychology (Q2); Pediatrics, Perinatology and Child Health (Q2); Psychiatry and Mental Health (Q2)";"Medicine; Psychology"
565;21100862294;"Neuropsychopharmacology Reports";journal;"2574173X";"John Wiley &amp; Sons Inc.";Yes;No;0,579;Q2;27;65;129;2788;274;127;2,15;42,89;26,63;7;United States;Northern America;"John Wiley &amp; Sons Inc.";"2018-2026";"Clinical Psychology (Q2); Pharmacology (Q2); Pharmacology (medical) (Q2); Psychiatry and Mental Health (Q2)";"Medicine; Pharmacology, Toxicology and Pharmaceutics; Psychology"
566;13339;"Professional Psychology: Research and Practice";journal;"19391323, 07357028";"American Psychological Association";No;No;0,577;Q2;110;75;157;3610;313;152;1,53;48,13;56,47;7;United States;Northern America;"American Psychological Association";"1969-2025";"Psychology (miscellaneous) (Q2)";"Psychology"
567;17500155152;"American Journal on Intellectual and Developmental Disabilities";journal;"19447515, 19447558";"American Association on Mental Retardation";No;No;0,576;Q2;101;34;155;1555;237;152;1,24;45,74;67,71;4;United States;Northern America;"American Association on Mental Retardation";"2009-2025";"Arts and Humanities (miscellaneous) (Q1); Developmental and Educational Psychology (Q2); Medicine (miscellaneous) (Q2); Neuropsychology and Physiological Psychology (Q2); Pediatrics, Perinatology and Child Health (Q2); Psychiatry and Mental Health (Q2); Neurology (clinical) (Q3)";"Arts and Humanities; Medicine; Psychology"
568;19700166512;"Clinical Psychologist";journal;"13284207, 17429552";"Routledge";No;No;0,576;Q2;33;32;96;1373;181;91;1,66;42,91;68,22;5;United States;Northern America;"Routledge";"1996-2026";"Clinical Psychology (Q2)";"Psychology"
569;4700152864;"Journal of Public Child Welfare";journal;"15548732, 15548740";"Taylor and Francis Ltd.";No;No;0,575;Q2;32;32;92;1713;138;89;1,35;53,53;70,45;7;United Kingdom;Western Europe;"Taylor and Francis Ltd.";"2006-2026";"Sociology and Political Science (Q1); Developmental and Educational Psychology (Q2)";"Psychology; Social Sciences"
570;28533;"American Journal of Alzheimer's Disease and other Dementias";journal;"15333175, 19382731";"SAGE Publications Inc.";Yes;No;0,574;Q2;79;30;192;1187;532;186;2,40;39,57;54,29;5;United States;Northern America;"SAGE Publications Inc.";"1986-2026";"Clinical Psychology (Q2); Psychiatry and Mental Health (Q2); Geriatrics and Gerontology (Q3); Neuroscience (miscellaneous) (Q3)";"Medicine; Neuroscience; Psychology"
571;10900153311;"Musicae Scientiae";journal;"10298649, 20454147";"SAGE Publications Inc.";No;No;0,574;Q3;53;27;90;1573;188;83;2,03;58,26;50,00;1;United Kingdom;Western Europe;"SAGE Publications Inc.";"1997-2026";"Music (Q1); Experimental and Cognitive Psychology (Q3)";"Arts and Humanities; Psychology"
572;12055;"Asian Journal of Social Psychology";journal;"1467839X, 13672223";"Wiley-Blackwell Publishing Ltd";No;No;0,571;Q2;66;50;115;2618;222;103;2,05;52,36;44,44;2;United Kingdom;Western Europe;"Wiley-Blackwell Publishing Ltd";"1998-2026";"Social Sciences (miscellaneous) (Q1); Social Psychology (Q2)";"Psychology; Social Sciences"
573;21100901748;"Behavioral Sciences";journal;"2076328X";"Multidisciplinary Digital Publishing Institute (MDPI)";Yes;No;0,571;Q2;64;182;466;11914;1257;465;2,13;65,46;52,03;21;Switzerland;Western Europe;"Multidisciplinary Digital Publishing Institute (MDPI)";"2011-2026";"Development (Q2); Ecology, Evolution, Behavior and Systematics (Q2); Psychology (miscellaneous) (Q2); Behavioral Neuroscience (Q3); Genetics (Q3)";"Agricultural and Biological Sciences; Biochemistry, Genetics and Molecular Biology; Neuroscience; Psychology; Social Sciences"
574;21100945714;"Methods, Data, Analyses";journal;"21904936, 18646956";"GESIS - Leibniz Institute for the Social Sciences";Yes;Yes;0,569;Q2;11;9;23;439;41;23;1,78;48,78;42,86;1;Germany;Western Europe;"GESIS - Leibniz Institute for the Social Sciences";"2019-2025";"Applied Mathematics (Q2); Applied Psychology (Q2); Computer Science Applications (Q2); Modeling and Simulation (Q2); Statistics and Probability (Q2); Statistics, Probability and Uncertainty (Q2)";"Computer Science; Decision Sciences; Mathematics; Psychology"
575;12736;"Journal of Clinical and Experimental Neuropsychology";journal;"1744411X, 13803395";"Taylor and Francis Ltd.";No;No;0,568;Q2;129;78;268;5079;642;267;1,87;65,12;55,36;1;United Kingdom;Western Europe;"Taylor and Francis Ltd.";"1985-2026";"Clinical Psychology (Q2); Neurology (Q3); Neurology (clinical) (Q3); Neuropsychology and Physiological Psychology (Q3)";"Medicine; Neuroscience; Psychology"
576;20000195020;"Indian Journal of Psychological Medicine";journal;"02537176, 09751564";"SAGE Publications Ltd";Yes;Yes;0,567;Q2;50;143;411;3989;691;286;1,61;27,90;39,07;14;United Kingdom;Western Europe;"SAGE Publications Ltd";"2002-2026";"Clinical Psychology (Q2); Psychiatry and Mental Health (Q2)";"Medicine; Psychology"
577;21100801744;"Violence and Gender";journal;"23267852, 23267836";"Mary Ann Liebert Inc.";No;No;0,567;Q2;26;29;99;1133;188;88;1,28;39,07;66,67;9;United States;Northern America;"Mary Ann Liebert Inc.";"2014-2025";"Cultural Studies (Q1); Gender Studies (Q1); Health (social science) (Q2); Psychiatry and Mental Health (Q2); Social Psychology (Q2)";"Medicine; Psychology; Social Sciences"
578;14246;"Group Dynamics";journal;"10892699, 19307802";"American Psychological Association";No;No;0,566;Q2;83;36;48;2259;129;47;3,34;62,75;42,48;1;United States;Northern America;"American Psychological Association";"1997-2025";"Applied Psychology (Q2); Social Psychology (Q2)";"Psychology"
579;19700175255;"Journal of Personnel Psychology";journal;"18665888, 21905150";"Hogrefe Publishing";No;No;0,566;Q2;44;19;62;912;72;62;0,98;48,00;40,00;2;United States;Northern America;"Hogrefe Publishing";"2010-2026";"Applied Psychology (Q2); Organizational Behavior and Human Resource Management (Q2)";"Business, Management and Accounting; Psychology"
580;14958;"Criminal Behaviour and Mental Health";journal;"09579664, 14712857";"Wiley-Blackwell";No;No;0,564;Q2;67;41;118;1254;176;97;1,29;30,59;56,76;8;United States;Northern America;"Wiley-Blackwell";"1992-2026";"Medicine (miscellaneous) (Q2); Pathology and Forensic Medicine (Q2); Psychiatry and Mental Health (Q2); Psychology (miscellaneous) (Q2)";"Medicine; Psychology"
581;21100451649;"Evolutionary Behavioral Sciences";journal;"23302933, 23302925";"American Psychological Association";No;No;0,564;Q2;30;38;102;2796;173;98;1,62;73,58;31,03;0;United States;Northern America;"American Psychological Association";"2014-2025";"Social Psychology (Q2); Experimental and Cognitive Psychology (Q3)";"Psychology"
582;23842;"Journal of Classification";journal;"01764268, 14321343";"Springer New York";No;No;0,563;Q2;51;33;105;1258;152;96;1,08;38,12;33,80;1;United States;Northern America;"Springer New York";"1984-2026";"Library and Information Sciences (Q1); Mathematics (miscellaneous) (Q2); Psychology (miscellaneous) (Q2); Statistics, Probability and Uncertainty (Q2)";"Decision Sciences; Mathematics; Psychology; Social Sciences"
583;58705;"Psychology, Health and Medicine";journal;"13548506, 14653966";"Routledge";No;No;0,561;Q2;88;125;377;4155;915;377;2,01;33,24;56,43;11;United Kingdom;Western Europe;"Routledge";"1996-2026";"Applied Psychology (Q2); Clinical Psychology (Q2); Psychiatry and Mental Health (Q2)";"Medicine; Psychology"
584;26843;"International Journal for the Psychology of Religion";journal;"10508619, 15327582";"Routledge";No;No;0,558;Q2;43;23;61;1006;136;57;2,59;43,74;38,78;2;United States;Northern America;"Routledge";"1991-1995, 2007-2026";"Religious Studies (Q1); Psychology (miscellaneous) (Q2)";"Arts and Humanities; Psychology"
585;21101041408;"Evolutionary Psychological Science";journal;"21989885";"Springer Nature";No;No;0,557;Q2;26;37;125;2350;198;124;1,74;63,51;44,55;1;Switzerland;Western Europe;"Springer Nature";"2015-2026";"Social Psychology (Q2)";"Psychology"
586;5700164344;"Youth Justice";journal;"14732254, 17476283";"SAGE Publications Inc.";No;No;0,557;Q2;41;18;54;1089;92;46;1,35;60,50;53,66;5;United States;Northern America;"SAGE Publications Inc.";"2001-2026";"Law (Q1); Developmental and Educational Psychology (Q2)";"Psychology; Social Sciences"
587;21100218522;"Biologically Inspired Cognitive Architectures";journal;"2212683X";"Elsevier B.V.";No;No;0,556;Q3;0;0;0;0;0;0;0,00;0,00;0,00;0;Netherlands;Western Europe;"Elsevier B.V.";"2012-2018";"Artificial Intelligence (Q3); Cognitive Neuroscience (Q3); Experimental and Cognitive Psychology (Q3)";"Computer Science; Neuroscience; Psychology"
588;19700170190;"Journal of Men's Studies";journal;"10608265, 19330251";"SAGE Publications Inc.";No;No;0,555;Q2;27;22;53;1177;108;53;2,06;53,50;66,00;1;United Kingdom;Western Europe;"SAGE Publications Inc.";"2008, 2012-2026";"Cultural Studies (Q1); Gender Studies (Q2); Social Psychology (Q2)";"Psychology; Social Sciences"
589;22109;"Intervention in School and Clinic";journal;"10534512, 15384810";"SAGE Publications Ltd";No;No;0,554;Q2;44;49;137;1113;197;131;0,86;22,71;74,26;7;United States;Northern America;"SAGE Publications Ltd";"1965-2026";"Clinical Psychology (Q2); Developmental and Educational Psychology (Q2); Education (Q2)";"Psychology; Social Sciences"
590;15500;"Journal of Family and Economic Issues";journal;"15733475, 10580476";"Springer International Publishing AG";No;No;0,553;Q2;69;67;150;3553;399;143;2,34;53,03;61,18;17;United States;Northern America;"Springer International Publishing AG";"1992-2026";"Economics and Econometrics (Q2); Social Psychology (Q2)";"Economics, Econometrics and Finance; Psychology"
591;19200156918;"Anales de Psicologia";journal;"16952294, 02129728";"Universidad de Murcia Servicio de Publicaciones";Yes;No;0,551;Q2;50;62;187;3413;473;186;2,21;55,05;51,27;11;Spain;Western Europe;"Universidad de Murcia Servicio de Publicaciones";"2008-2026";"Psychology (miscellaneous) (Q2)";"Psychology"
592;26602;"Evaluation and Program Planning";journal;"01497189, 18737870";"Elsevier Ltd";No;No;0,550;Q2;77;73;339;3355;782;339;2,12;45,96;63,21;15;United Kingdom;Western Europe;"Elsevier Ltd";"1978-2026";"Business and International Management (Q2); Geography, Planning and Development (Q2); Public Health, Environmental and Occupational Health (Q2); Social Psychology (Q2); Strategy and Management (Q2)";"Business, Management and Accounting; Medicine; Psychology; Social Sciences"
593;13465;"Psychological Reports";journal;"00332941, 1558691X";"SAGE Publications Inc.";No;No;0,550;Q2;91;131;319;7758;655;317;1,83;59,22;49,42;6;United States;Northern America;"SAGE Publications Inc.";"1955, 1960-2026";"Psychology (miscellaneous) (Q2)";"Psychology"
594;19173;"Psychosomatics";journal;"15457206, 00333182";"American Psychiatric Publishing Inc.";No;No;0,550;Q2;0;0;0;0;0;0;0,00;0,00;0,00;0;United States;Northern America;"American Psychiatric Publishing Inc.";"1960-2021";"Arts and Humanities (miscellaneous) (Q1); Applied Psychology (Q2); Psychiatry and Mental Health (Q3)";"Arts and Humanities; Medicine; Psychology"
595;12737;"Aging, Neuropsychology, and Cognition";journal;"17444128, 13825585";"Taylor and Francis Ltd.";No;No;0,546;Q3;73;51;160;3239;364;160;2,19;63,51;60,53;1;United Kingdom;Western Europe;"Taylor and Francis Ltd.";"1994-2026";"Experimental and Cognitive Psychology (Q3); Geriatrics and Gerontology (Q3); Neuropsychology and Physiological Psychology (Q3); Psychiatry and Mental Health (Q3)";"Medicine; Psychology"
596;21100838559;"Fashion and Textiles";journal;"21980802";"Springer Singapore";Yes;No;0,545;Q2;41;42;103;2101;278;101;2,70;50,02;51,67;4;Singapore;Asiatic Region;"Springer Singapore";"2014-2026";"Cultural Studies (Q1); Marketing (Q2); Materials Science (miscellaneous) (Q2); Social Psychology (Q2); Strategy and Management (Q2)";"Business, Management and Accounting; Materials Science; Psychology; Social Sciences"
597;12100155619;"Journal of Police and Criminal Psychology";journal;"19366469, 08820783";"Springer Verlag";No;No;0,543;Q2;41;70;122;3847;258;121;1,91;54,96;48,51;22;Germany;Western Europe;"Springer Verlag";"1985-2026";"Law (Q1); Applied Psychology (Q2)";"Psychology; Social Sciences"
598;21100372152;"Journal of Behavioral and Experimental Economics";journal;"22148051, 22148043";"Elsevier Inc.";No;No;0,542;Q2;86;119;273;6351;464;270;1,71;53,37;30,94;30;United States;Northern America;"Elsevier Inc.";"2014-2026";"Applied Psychology (Q2); Economics and Econometrics (Q2); Social Sciences (miscellaneous) (Q2)";"Economics, Econometrics and Finance; Psychology; Social Sciences"
599;15965;"Personal Relationships";journal;"13504126, 14756811";"Wiley-Blackwell Publishing Ltd";No;No;0,542;Q2;105;48;112;2798;168;111;1,29;58,29;60,00;2;United Kingdom;Western Europe;"Wiley-Blackwell Publishing Ltd";"1994-2026";"Anthropology (Q1); Life-span and Life-course Studies (Q2); Social Psychology (Q2); Developmental and Educational Psychology (Q3)";"Psychology; Social Sciences"
600;21100464772;"Network Science";journal;"20501250, 20501242";"Cambridge University Press";No;No;0,541;Q2;29;32;85;1658;147;83;1,79;51,81;27,66;2;United Kingdom;Western Europe;"Cambridge University Press";"2013-2026";"Sociology and Political Science (Q1); Communication (Q2); Social Psychology (Q2)";"Psychology; Social Sciences"
601;14027;"Psychology, Crime and Law";journal;"14772744, 1068316X";"Routledge";No;No;0,541;Q2;75;48;170;2928;313;167;1,88;61,00;56,52;0;United Kingdom;Western Europe;"Routledge";"1994-2026";"Law (Q1); Pathology and Forensic Medicine (Q2); Psychology (miscellaneous) (Q2)";"Medicine; Psychology; Social Sciences"
602;27618;"American Journal of Health Behavior (discontinued)";journal;"10873244, 19457359";"PNG Publications";No;No;0,540;Q2;82;89;239;4150;467;239;1,90;46,63;59,94;0;United States;Northern America;"PNG Publications";"1996-2025";"Health (social science) (Q2); Public Health, Environmental and Occupational Health (Q2); Social Psychology (Q2)";"Medicine; Psychology; Social Sciences"
603;12084;"Australian Psychologist";journal;"00050067, 17429544";"Routledge";No;No;0,540;Q2;65;44;162;2276;314;157;1,71;51,73;64,18;9;United States;Northern America;"Routledge";"1966-2026";"Arts and Humanities (miscellaneous) (Q1); Psychology (miscellaneous) (Q2)";"Arts and Humanities; Psychology"
604;5800179597;"Training and Education in Professional Psychology";journal;"19313918, 19313926";"American Psychological Association";No;No;0,539;Q2;46;53;122;2043;216;112;1,64;38,55;67,39;5;United States;Northern America;"American Psychological Association";"2007-2025";"Education (Q2); Psychology (miscellaneous) (Q2)";"Psychology; Social Sciences"
605;21100860435;"Journal of Motor Learning and Development";journal;"23253215, 23253193";"Human Kinetics Publishers Inc.";No;No;0,539;Q3;23;33;115;1592;225;112;1,34;48,24;48,08;0;United States;Northern America;"Human Kinetics Publishers Inc.";"2017-2026";"Biophysics (Q2); Orthopedics and Sports Medicine (Q2); Cognitive Neuroscience (Q3); Experimental and Cognitive Psychology (Q3)";"Biochemistry, Genetics and Molecular Biology; Medicine; Neuroscience; Psychology"
606;15500154703;"Evolutionary Psychology";journal;"14747049";"SAGE Publications Inc.";Yes;No;0,537;Q2;55;35;110;2231;173;110;1,54;63,74;41,59;1;United Kingdom;Western Europe;"SAGE Publications Inc.";"2003-2004, 2006-2007, 2009-2026";"Medicine (miscellaneous) (Q2); Social Psychology (Q2); Behavioral Neuroscience (Q3)";"Medicine; Neuroscience; Psychology"
607;13498;"Developmental Neuropsychology";journal;"15326942, 87565641";"Routledge";No;No;0,536;Q3;114;40;120;2701;250;120;1,68;67,53;59,24;5;United Kingdom;Western Europe;"Routledge";"1985-2026";"Developmental and Educational Psychology (Q3); Neuropsychology and Physiological Psychology (Q3)";"Psychology"
608;15930;"Zeitschrift fur Padagogische Psychologie";journal;"16642910, 10100652";"Hogrefe Publishing GmbH";No;No;0,536;Q3;45;20;48;1173;69;47;1,31;58,65;71,43;5;Switzerland;Western Europe;"Hogrefe Publishing GmbH";"1996-2026";"Developmental and Educational Psychology (Q3)";"Psychology"
609;14800;"Sexual Addiction and Compulsivity";journal;"10720162, 15325318";"Routledge";No;No;0,533;Q2;0;0;0;0;0;0;0,00;0,00;0,00;0;United Kingdom;Western Europe;"Routledge";"1994-2021";"Clinical Psychology (Q2); Psychiatry and Mental Health (Q3)";"Medicine; Psychology"
610;145406;"Art Therapy";journal;"07421656";"Taylor and Francis Ltd.";No;No;0,530;Q2;49;31;97;767;128;77;1,17;24,74;77,78;1;United Kingdom;Western Europe;"Taylor and Francis Ltd.";"1983-2026";"Complementary and Manual Therapy (Q1); Clinical Psychology (Q2)";"Health Professions; Psychology"
611;12671;"Mental Health, Religion and Culture";journal;"14699737, 13674676";"Routledge";No;No;0,528;Q2;60;84;223;3991;352;212;1,53;47,51;41,46;2;United Kingdom;Western Europe;"Routledge";"2000-2026";"Clinical Psychology (Q2); Psychiatry and Mental Health (Q3)";"Medicine; Psychology"
612;21101017384;"Current Developmental Disorders Reports";journal;"21962987";"Springer International Publishing";No;No;0,527;Q3;42;23;90;1360;198;90;1,68;59,13;68,67;2;Switzerland;Western Europe;"Springer International Publishing";"2014-2026";"Developmental and Educational Psychology (Q3); Developmental Neuroscience (Q3); Psychiatry and Mental Health (Q3)";"Medicine; Neuroscience; Psychology"
613;14143;"Experimental Aging Research";journal;"10964657, 0361073X";"Taylor and Francis Ltd.";No;No;0,521;Q2;62;30;92;1537;180;91;1,66;51,23;56,67;0;United Kingdom;Western Europe;"Taylor and Francis Ltd.";"1975-2026";"Arts and Humanities (miscellaneous) (Q2); Psychology (miscellaneous) (Q2); Geriatrics and Gerontology (Q3); Aging (Q4)";"Arts and Humanities; Biochemistry, Genetics and Molecular Biology; Medicine; Psychology"
614;21100330714;"Journal of Sport Psychology in Action";journal;"21520712, 21520704";"Routledge";No;No;0,521;Q2;32;19;72;408;141;68;1,63;21,47;36,07;0;United States;Northern America;"Routledge";"2010-2026";"Human Factors and Ergonomics (Q2); Social Psychology (Q2); Applied Psychology (Q3)";"Psychology; Social Sciences"
615;21100894553;"Gifted Child Today";journal;"10762175, 2162951X";"SAGE Publications Ltd";No;No;0,521;Q3;20;27;84;613;129;71;1,03;22,70;58,14;2;United States;Northern America;"SAGE Publications Ltd";"2015-2026";"Education (Q2); Developmental and Educational Psychology (Q3)";"Psychology; Social Sciences"
616;21100897500;"Education Sciences";journal;"22277102";"Multidisciplinary Digital Publishing Institute (MDPI)";Yes;No;0,518;Q3;85;819;907;46507;2690;881;3,04;56,79;54,37;103;Switzerland;Western Europe;"Multidisciplinary Digital Publishing Institute (MDPI)";"2011-2026";"Computer Science Applications (Q2); Computer Science (miscellaneous) (Q2); Education (Q2); Physical Therapy, Sports Therapy and Rehabilitation (Q2); Public Administration (Q2); Developmental and Educational Psychology (Q3)";"Computer Science; Health Professions; Psychology; Social Sciences"
617;12042;"Legal and Criminological Psychology";journal;"13553259, 20448333";"Wiley-Blackwell";No;No;0,518;Q3;70;12;57;738;127;51;2,06;61,50;47,76;2;United States;Northern America;"Wiley-Blackwell";"1996-2026";"Pathology and Forensic Medicine (Q2); Applied Psychology (Q3)";"Medicine; Psychology"
618;15384;"Journal of Applied Biobehavioral Research";journal;"17519861, 10712089";"Wiley-Blackwell";No;No;0,517;Q2;38;0;60;0;183;59;2,41;0,00;0,00;0;United States;Northern America;"Wiley-Blackwell";"1993-1994, 1998-2019";"Cultural Studies (Q1); Clinical Psychology (Q2); Social Sciences (miscellaneous) (Q2); Experimental and Cognitive Psychology (Q3)";"Psychology; Social Sciences"
619;13479;"Current Psychology";journal;"19364733, 10461310";"Springer";No;No;0,513;Q2;83;581;535;34315;1160;529;1,93;59,06;51,92;49;United States;Northern America;"Springer";"1981-1982, 1984-2026";"Psychology (miscellaneous) (Q2)";"Psychology"
620;5800207918;"International Journal of Listening";journal;"10904018, 1932586X";"Taylor and Francis Ltd.";No;No;0,512;Q3;36;12;41;629;72;40;1,38;52,42;41,18;0;United Kingdom;Western Europe;"Taylor and Francis Ltd.";"1995-2026";"Linguistics and Language (Q1); Communication (Q2); Applied Psychology (Q3)";"Psychology; Social Sciences"
621;130178;"Cognitive Linguistics";journal;"09365907, 16133641";"De Gruyter Mouton";Yes;No;0,509;Q3;70;22;71;1444;119;71;1,63;65,64;45,83;0;Germany;Western Europe;"De Gruyter Mouton";"1990-2026";"Linguistics and Language (Q1); Developmental and Educational Psychology (Q3)";"Psychology; Social Sciences"
622;14315;"Journal of Developmental and Physical Disabilities";journal;"1056263X, 15733580";"Springer New York";No;No;0,509;Q3;58;54;161;2816;255;161;1,56;52,15;69,01;11;United States;Northern America;"Springer New York";"1991-2026";"Physical Therapy, Sports Therapy and Rehabilitation (Q2); Developmental and Educational Psychology (Q3)";"Health Professions; Psychology"
623;19900192612;"Europe's Journal of Psychology";journal;"18410413";"PsychOpen";Yes;Yes;0,508;Q2;45;36;151;1885;317;142;1,72;52,36;61,70;1;Germany;Western Europe;"PsychOpen";"2011-2025";"Psychology (miscellaneous) (Q2)";"Psychology"
624;13464;"Psychological Record";journal;"00332933, 21633452";"Springer Nature";No;No;0,508;Q2;62;51;145;1903;203;133;1,55;37,31;39,71;1;Switzerland;Western Europe;"Springer Nature";"1961-1964, 1969, 1973-1975, 1979-1981, 1984, 1986-1990, 1992, 1996-2026";"Arts and Humanities (miscellaneous) (Q2); Psychology (miscellaneous) (Q2)";"Arts and Humanities; Psychology"
625;21100267903;"International Journal of Game-Based Learning";journal;"21556857, 21556849";"IGI Global Publishing";No;No;0,508;Q3;32;17;50;910;116;50;2,10;53,53;44,90;0;United States;Northern America;"IGI Global Publishing";"2011-2025";"Education (Q2); E-learning (Q2); Developmental and Educational Psychology (Q3)";"Psychology; Social Sciences"
626;145332;"Identity";journal;"15283488, 1532706X";"Routledge";No;No;0,507;Q2;46;23;68;1258;140;67;1,49;54,70;63,86;0;United Kingdom;Western Europe;"Routledge";"2005-2026";"Anthropology (Q1); Psychology (miscellaneous) (Q2); Sociology and Political Science (Q2)";"Psychology; Social Sciences"
627;13997;"Psychologische Rundschau";journal;"00333042, 21906238";"Hogrefe Verlag GmbH &amp; Co. KG";No;No;0,507;Q2;26;28;110;520;39;47;0,42;18,57;48,72;0;Germany;Western Europe;"Hogrefe Verlag GmbH &amp; Co. KG";"1973-1975, 1980, 1996-1997, 2002-2026";"Psychology (miscellaneous) (Q2)";"Psychology"
628;12041;"Applied Psychophysiology Biofeedback";journal;"15733270, 10900586";"Springer";No;No;0,507;Q3;81;38;96;1800;273;95;2,73;47,37;39,63;1;United States;Northern America;"Springer";"1997-2026";"Applied Psychology (Q3); Neuropsychology and Physiological Psychology (Q3)";"Psychology"
629;21100777750;"International Journal of Emotional Education";journal;"20737629";"University of Malta";Yes;Yes;0,506;Q3;21;12;48;515;78;46;1,44;42,92;35,48;0;Malta;Western Europe;"University of Malta";"2016-2025";"Education (Q2); Developmental and Educational Psychology (Q3)";"Psychology; Social Sciences"
630;21100425898;"Fat Studies";journal;"2160486X, 21604851";"Taylor and Francis Ltd.";No;No;0,505;Q2;24;23;74;888;105;72;1,59;38,61;88,37;2;United Kingdom;Western Europe;"Taylor and Francis Ltd.";"2012-2026";"Anthropology (Q1); Cultural Studies (Q1); Gender Studies (Q2); Health (social science) (Q2); Social Psychology (Q2); Nutrition and Dietetics (Q3)";"Nursing; Psychology; Social Sciences"
631;5800154205;"International Journal of Comparative and Applied Criminal Justice";journal;"21576475, 01924036";"Routledge";No;No;0,505;Q2;26;29;69;1642;110;64;1,71;56,62;45,45;7;United States;Northern America;"Routledge";"1977-1995, 2009, 2014-2026";"Law (Q1); Social Psychology (Q2); Sociology and Political Science (Q2)";"Psychology; Social Sciences"
632;13541;"Dreaming";journal;"10530797, 15733351";"American Psychological Association";No;No;0,504;Q2;49;26;78;1066;154;77;2,32;41,00;51,25;0;United States;Northern America;"American Psychological Association";"1993-1994, 1996-2025";"Psychology (miscellaneous) (Q2)";"Psychology"
633;21100235822;"International Journal of Developmental Disabilities";journal;"20473877, 20473869";"Taylor and Francis Ltd.";No;No;0,504;Q3;33;44;126;2161;179;119;1,33;49,11;59,38;9;United Kingdom;Western Europe;"Taylor and Francis Ltd.";"2012-2026";"Developmental and Educational Psychology (Q3); Psychiatry and Mental Health (Q3)";"Medicine; Psychology"
634;21100805775;"International Journal of Design Creativity and Innovation";journal;"21650357, 21650349";"Taylor and Francis Ltd.";No;No;0,503;Q3;26;14;52;868;85;43;1,56;62,00;41,18;0;United Kingdom;Western Europe;"Taylor and Francis Ltd.";"2013-2026";"Architecture (Q1); Visual Arts and Performing Arts (Q1); Aerospace Engineering (Q2); Arts and Humanities (miscellaneous) (Q2); Education (Q2); Engineering (miscellaneous) (Q2); Behavioral Neuroscience (Q3); Cognitive Neuroscience (Q3); Experimental and Cognitive Psychology (Q3)";"Arts and Humanities; Engineering; Neuroscience; Psychology; Social Sciences"
635;21100223527;"Journal of Clinical Sport Psychology";journal;"19329261, 1932927X";"Human Kinetics Publishers Inc.";No;No;0,503;Q3;45;23;108;1032;234;106;1,92;44,87;50,65;0;United States;Northern America;"Human Kinetics Publishers Inc.";"2007-2025";"Applied Psychology (Q3)";"Psychology"
636;17700156748;"Journal of Turkish Science Education";journal;"13046020";"";Yes;No;0,503;Q3;30;56;123;3341;246;123;1,95;59,66;41,67;0;Turkey;Middle East;"";"2009-2025";"Education (Q2); Applied Psychology (Q3)";"Psychology; Social Sciences"
637;19700187606;"Roeper Review";journal;"1940865X, 02783193";"Taylor and Francis Ltd.";No;No;0,503;Q3;51;30;94;1386;134;56;1,63;46,20;70,45;1;United Kingdom;Western Europe;"Taylor and Francis Ltd.";"1978-2026";"Education (Q2); Developmental and Educational Psychology (Q3)";"Psychology; Social Sciences"
638;18923;"Journal of Genetic Psychology";journal;"19400896, 00221325";"Routledge";No;No;0,502;Q2;68;35;93;1864;146;93;1,38;53,26;70,59;2;United States;Northern America;"Routledge";"1946-1949, 1951, 1954-2026";"Clinical Psychology (Q2); Developmental and Educational Psychology (Q3); Life-span and Life-course Studies (Q3)";"Psychology; Social Sciences"
639;5800207405;"Journal of Early Childhood Research";journal;"1476718X, 17412927";"SAGE Publications Ltd";No;No;0,501;Q3;42;34;91;1573;113;89;1,05;46,26;71,08;0;United Kingdom;Western Europe;"SAGE Publications Ltd";"2003-2026";"Education (Q2); Health (social science) (Q2); Developmental and Educational Psychology (Q3)";"Psychology; Social Sciences"
640;12798;"Perceptual and Motor Skills";journal;"1558688X, 00315125";"SAGE Publications Inc.";No;No;0,498;Q3;86;150;193;6802;440;192;2,40;45,35;37,90;1;United States;Northern America;"SAGE Publications Inc.";"1960-2026";"Experimental and Cognitive Psychology (Q3); Sensory Systems (Q3)";"Neuroscience; Psychology"
641;145246;"Journal of Workplace Learning";journal;"13665626";"Emerald Group Publishing Ltd.";No;No;0,497;Q2;65;27;126;1203;207;125;1,55;44,56;64,52;0;United Kingdom;Western Europe;"Emerald Group Publishing Ltd.";"1997-2026";"Development (Q2); Organizational Behavior and Human Resource Management (Q2); Social Psychology (Q2)";"Business, Management and Accounting; Psychology; Social Sciences"
642;12088;"Basic and Applied Social Psychology";journal;"01973533, 15324834";"Routledge";No;No;0,495;Q2;88;24;86;1962;136;86;1,49;81,75;46,38;4;United Kingdom;Western Europe;"Routledge";"1980-2026";"Social Psychology (Q2); Applied Psychology (Q3)";"Psychology"
643;19400157156;"Journal of Pacific Rim Psychology";journal;"18344909";"SAGE Publications Ltd";Yes;Yes;0,495;Q2;31;48;85;2845;130;84;1,69;59,27;45,45;5;United Kingdom;Western Europe;"SAGE Publications Ltd";"2008-2026";"Social Psychology (Q2)";"Psychology"
644;19900191604;"International Journal of Cognitive Therapy";journal;"19371209, 19371217";"Springer Science and Business Media Deutschland GmbH";No;No;0,493;Q3;0;0;0;0;0;0;0,00;0,00;0,00;0;Germany;Western Europe;"Springer Science and Business Media Deutschland GmbH";"2008-2024";"Experimental and Cognitive Psychology (Q3)";"Psychology"
645;22328;"Organizational Dynamics";journal;"00902616";"Elsevier B.V.";No;No;0,493;Q3;86;50;115;0;190;112;1,17;0,00;42,86;7;United Kingdom;Western Europe;"Elsevier B.V.";"1972-1995, 1997-2026";"Organizational Behavior and Human Resource Management (Q2); Sociology and Political Science (Q2); Applied Psychology (Q3)";"Business, Management and Accounting; Psychology; Social Sciences"
646;16707;"Journal of Family Therapy";journal;"14676427, 01634445";"Wiley-Blackwell Publishing Ltd";No;No;0,492;Q2;55;45;102;1837;152;88;1,62;40,82;69,23;9;United Kingdom;Western Europe;"Wiley-Blackwell Publishing Ltd";"1979-2026";"Clinical Psychology (Q2); Social Psychology (Q2); Social Sciences (miscellaneous) (Q2)";"Psychology; Social Sciences"
647;12100154833;"ACM Transactions on Applied Perception";journal;"15443965, 15443558";"Association for Computing Machinery";No;No;0,491;Q3;62;22;59;1026;147;56;2,44;46,64;38,71;0;United States;Northern America;"Association for Computing Machinery";"2004-2026";"Computer Science (miscellaneous) (Q2); Experimental and Cognitive Psychology (Q3); Theoretical Computer Science (Q3)";"Computer Science; Mathematics; Psychology"
648;21100922942;"Teaching Exceptional Children";journal;"21635684, 00400599";"SAGE Publications Ltd";No;No;0,490;Q3;27;58;164;1267;155;84;0,90;21,84;74,59;3;United Kingdom;Western Europe;"SAGE Publications Ltd";"1996, 2003, 2014-2026";"Education (Q2); Developmental and Educational Psychology (Q3)";"Psychology; Social Sciences"
649;14145;"Experimental Psychology";journal;"21905142, 16183169";"Hogrefe Publishing";No;No;0,489;Q2;69;32;113;1426;148;112;1,24;44,56;43,43;0;United States;Northern America;"Hogrefe Publishing";"1998-2026";"Arts and Humanities (miscellaneous) (Q2); Psychology (miscellaneous) (Q2); Experimental and Cognitive Psychology (Q3); Medicine (miscellaneous) (Q3)";"Arts and Humanities; Medicine; Psychology"
650;5700154766;"International Journal of Early Years Education";journal;"14698463, 09669760";"Routledge";No;No;0,488;Q3;45;32;92;1460;152;80;1,15;45,63;73,61;7;United Kingdom;Western Europe;"Routledge";"1993-2026";"Education (Q2); Developmental and Educational Psychology (Q3)";"Psychology; Social Sciences"
651;26941;"Theory and Decision";journal;"15737187, 00405833";"Springer Netherlands";No;No;0,488;Q3;51;46;151;2004;171;146;0,95;43,57;20,88;3;Netherlands;Western Europe;"Springer Netherlands";"1970-2026";"Economics, Econometrics and Finance (miscellaneous) (Q1); Arts and Humanities (miscellaneous) (Q2); Decision Sciences (miscellaneous) (Q2); Social Sciences (miscellaneous) (Q2); Applied Psychology (Q3); Computer Science Applications (Q3); Developmental and Educational Psychology (Q3)";"Arts and Humanities; Computer Science; Decision Sciences; Economics, Econometrics and Finance; Psychology; Social Sciences"
652;21100305282;"Emerging Adulthood";journal;"21676984, 21676968";"SAGE Publications Ltd";No;No;0,485;Q3;54;68;140;3835;261;138;1,98;56,40;67,68;9;United Kingdom;Western Europe;"SAGE Publications Ltd";"2013-2026";"Developmental and Educational Psychology (Q3); Experimental and Cognitive Psychology (Q3); Life-span and Life-course Studies (Q3)";"Psychology; Social Sciences"
653;12062;"International Journal for the Advancement of Counselling";journal;"01650653, 15733246";"Springer New York";No;No;0,484;Q2;40;34;107;1721;157;106;1,24;50,62;57,78;0;United States;Northern America;"Springer New York";"1978-1996, 1998-2026";"Education (Q2); Psychology (miscellaneous) (Q2); Applied Psychology (Q3)";"Psychology; Social Sciences"
654;12100155715;"Assessment for Effective Intervention";journal;"19387458, 15345084";"SAGE Publications Inc.";No;No;0,484;Q3;35;31;77;1082;94;77;1,04;34,90;58,04;6;United States;Northern America;"SAGE Publications Inc.";"1988-1993, 1995, 1997, 1999-2026";"Education (Q2); Health Professions (miscellaneous) (Q2); Developmental and Educational Psychology (Q3)";"Health Professions; Psychology; Social Sciences"
655;12100156481;"International Journal of Art Therapy: Inscape";journal;"17454832, 17454840";"Routledge";No;No;0,483;Q2;29;21;65;868;97;54;1,36;41,33;65,79;1;United Kingdom;Western Europe;"Routledge";"2010-2026";"Clinical Psychology (Q2); Rehabilitation (Q2)";"Medicine; Psychology"
656;15457;"Journal of Employment Counseling";journal;"21611920, 00220787";"Wiley-Blackwell";No;No;0,482;Q2;38;9;39;634;75;39;2,00;70,44;57,69;0;United States;Northern America;"Wiley-Blackwell";"1964-2026";"Organizational Behavior and Human Resource Management (Q2); Psychology (miscellaneous) (Q2); Applied Psychology (Q3)";"Business, Management and Accounting; Psychology"
657;6500153239;"Vulnerable Children and Youth Studies";journal;"17450136, 17450128";"Routledge";No;No;0,482;Q3;32;35;105;1146;181;104;1,62;32,74;65,69;3;United Kingdom;Western Europe;"Routledge";"2006-2026";"Health (social science) (Q2); Sociology and Political Science (Q2); Developmental and Educational Psychology (Q3)";"Psychology; Social Sciences"
658;25057;"Mathematical Social Sciences";journal;"01654896";"Elsevier B.V.";No;No;0,481;Q2;46;73;178;2237;149;177;0,73;30,64;17,78;3;Netherlands;Western Europe;"Elsevier B.V.";"1980-2026";"Psychology (miscellaneous) (Q2); Social Sciences (miscellaneous) (Q2); Sociology and Political Science (Q2); Statistics, Probability and Uncertainty (Q3)";"Decision Sciences; Psychology; Social Sciences"
659;14282;"Behavioral Interventions";journal;"10720847, 1099078X";"John Wiley and Sons Ltd";No;No;0,480;Q2;44;68;132;2349;136;130;0,91;34,54;69,27;2;United Kingdom;Western Europe;"John Wiley and Sons Ltd";"1986-2026";"Arts and Humanities (miscellaneous) (Q2); Clinical Psychology (Q2); Developmental and Educational Psychology (Q3); Psychiatry and Mental Health (Q3)";"Arts and Humanities; Medicine; Psychology"
660;21100243801;"Multisensory Research";journal;"22134808, 22134794";"Brill Academic Publishers";No;No;0,480;Q3;62;31;130;1961;260;127;1,97;63,26;48,54;1;Netherlands;Western Europe;"Brill Academic Publishers";"2013-2026";"Ophthalmology (Q2); Cognitive Neuroscience (Q3); Computer Vision and Pattern Recognition (Q3); Experimental and Cognitive Psychology (Q3); Sensory Systems (Q3)";"Computer Science; Medicine; Neuroscience; Psychology"
661;21100899439;"European Journal of Behavior Analysis";journal;"2377729X";"Taylor and Francis Ltd.";No;No;0,477;Q2;23;15;55;633;52;50;0,76;42,20;47,50;0;United Kingdom;Western Europe;"Taylor and Francis Ltd.";"2000-2025";"Education (Q2); Psychology (miscellaneous) (Q2)";"Psychology; Social Sciences"
662;21100831042;"Spirituality in Clinical Practice";journal;"23264519, 23264500";"American Psychological Association";No;No;0,477;Q2;28;38;74;2213;115;71;1,44;58,24;47,15;2;United States;Northern America;"American Psychological Association";"2014-2025";"Complementary and Manual Therapy (Q1); Clinical Psychology (Q2); Complementary and Alternative Medicine (Q2); Psychiatry and Mental Health (Q3)";"Health Professions; Medicine; Psychology"
663;21100331602;"Annals of Leisure Research";journal;"11745398, 21596816";"Routledge";No;No;0,476;Q2;41;41;117;2199;279;100;2,36;53,63;56,47;4;United States;Northern America;"Routledge";"2008-2026";"Cultural Studies (Q1); Geography, Planning and Development (Q2); Social Psychology (Q2); Tourism, Leisure and Hospitality Management (Q3)";"Business, Management and Accounting; Psychology; Social Sciences"
664;4700152737;"Journal of Applied School Psychology";journal;"15377903, 15377911";"Routledge";No;No;0,476;Q3;40;17;58;931;84;57;1,53;54,76;49,09;2;United States;Northern America;"Routledge";"2002-2026";"Education (Q2); Applied Psychology (Q3); Developmental and Educational Psychology (Q3); Psychiatry and Mental Health (Q3)";"Medicine; Psychology; Social Sciences"
665;5700164241;"Young";journal;"17413222, 11033088";"SAGE Publications Inc.";Yes;No;0,476;Q3;44;37;92;1725;184;92;1,84;46,62;77,89;20;United States;Northern America;"SAGE Publications Inc.";"1993-2026";"Health (social science) (Q2); Sociology and Political Science (Q2); Developmental and Educational Psychology (Q3)";"Psychology; Social Sciences"
666;18000156703;"Counselling and Psychotherapy Research";journal;"14733145, 17461405";"Wiley-Blackwell";No;No;0,475;Q2;47;96;167;4655;298;164;1,38;48,49;61,35;11;United States;Northern America;"Wiley-Blackwell";"2001-2026";"Clinical Psychology (Q2); Applied Psychology (Q3); Psychiatry and Mental Health (Q3)";"Medicine; Psychology"
667;21100216328;"International Review of Research in Developmental Disabilities";book series;"22116095";"Academic Press Inc.";No;No;0,473;Q3;23;17;43;1421;61;27;1,29;83,59;0,00;1;United States;Northern America;"Academic Press Inc.";"2011-2025";"Developmental and Educational Psychology (Q3); Psychiatry and Mental Health (Q3)";"Medicine; Psychology"
668;30015;"Journal of Multicultural Counseling and Development";journal;"21611912, 08838534";"John Wiley and Sons Inc";No;No;0,472;Q3;54;20;58;705;103;53;0,76;35,25;58,14;0;United States;Northern America;"John Wiley and Sons Inc";"1985-2026";"Cultural Studies (Q1); Applied Psychology (Q3)";"Psychology; Social Sciences"
669;25291;"Journal of Addictive Diseases";journal;"10550887, 15450848";"Taylor and Francis Ltd.";No;No;0,471;Q2;72;32;134;1489;221;129;1,51;46,53;43,12;4;United States;Northern America;"Taylor and Francis Ltd.";"1991-2018, 2020-2026";"Clinical Psychology (Q2); Medicine (miscellaneous) (Q3); Psychiatry and Mental Health (Q3)";"Medicine; Psychology"
670;6700153284;"Social Influence";journal;"15534529, 15534510";"Taylor and Francis Ltd.";Yes;No;0,471;Q2;40;5;37;223;42;36;0,60;44,60;26,67;1;United Kingdom;Western Europe;"Taylor and Francis Ltd.";"2007-2026";"Social Psychology (Q2)";"Psychology"
671;5000153705;"Education and Treatment of Children";journal;"07488491, 19348924";"Springer Science and Business Media Deutschland GmbH";No;No;0,471;Q3;55;23;85;970;100;77;0,84;42,17;65,71;0;Germany;Western Europe;"Springer Science and Business Media Deutschland GmbH";"2005-2026";"Education (Q2); Developmental and Educational Psychology (Q3)";"Psychology; Social Sciences"
672;15367;"Journal for the Theory of Social Behaviour";journal;"14685914, 00218308";"Wiley-Blackwell Publishing Ltd";No;No;0,469;Q2;70;39;93;2370;166;77;1,42;60,77;33,33;1;United Kingdom;Western Europe;"Wiley-Blackwell Publishing Ltd";"1971-2026";"Philosophy (Q1); Psychology (miscellaneous) (Q2); Social Psychology (Q3)";"Arts and Humanities; Psychology"
673;13418;"Psychoanalytic Dialogues";journal;"19409222, 10481885";"Taylor and Francis Ltd.";No;No;0,469;Q2;62;99;256;1982;107;219;0,45;20,02;67,09;0;United Kingdom;Western Europe;"Taylor and Francis Ltd.";"1991-2025";"Clinical Psychology (Q2)";"Psychology"
674;20500195402;"Psychology Learning and Teaching";journal;"14757257";"SAGE Publications Inc.";No;No;0,469;Q2;26;18;79;1006;111;61;1,37;55,89;60,00;2;United Kingdom;Western Europe;"SAGE Publications Inc.";"2011-2026";"Education (Q2); Psychology (miscellaneous) (Q2)";"Psychology; Social Sciences"
675;21100442094;"Social Inclusion";journal;"21832803";"Cogitatio Press";Yes;No;0,469;Q3;42;137;312;6422;562;284;1,60;46,88;65,83;27;Portugal;Western Europe;"Cogitatio Press";"2013-2026";"Sociology and Political Science (Q2); Social Psychology (Q3)";"Psychology; Social Sciences"
676;12126;"Behaviour Change";journal;"20497768, 08134839";"Cambridge University Press";No;No;0,466;Q2;50;20;49;1084;87;49;1,21;54,20;62,20;3;United Kingdom;Western Europe;"Cambridge University Press";"1984-2023";"Clinical Psychology (Q2); Experimental and Cognitive Psychology (Q3)";"Psychology"
677;21101042149;"Stigma and Health";journal;"23766964, 23766972";"American Psychological Association";No;No;0,465;Q2;29;65;113;3362;278;109;2,46;51,72;61,25;10;United States;Northern America;"American Psychological Association";"2017, 2019-2025";"Clinical Psychology (Q2); Health Policy (Q3); Psychiatry and Mental Health (Q3); Public Health, Environmental and Occupational Health (Q3); Social Psychology (Q3)";"Medicine; Psychology"
678;5700165569;"Food, Culture and Society";journal;"17517443, 15528014";"Taylor and Francis Ltd.";No;No;0,465;Q3;39;46;127;2103;183;115;1,35;45,72;60,00;5;United Kingdom;Western Europe;"Taylor and Francis Ltd.";"2005, 2008-2026";"Cultural Studies (Q1); Food Science (Q2); Social Psychology (Q3)";"Agricultural and Biological Sciences; Psychology; Social Sciences"
679;21100927406;"Health Psychology Research (discontinued)";journal;"24208124";"Open Medical Publishing";Yes;No;0,464;Q2;24;32;35;1587;93;33;2,66;49,59;53,42;0;United States;Northern America;"Open Medical Publishing";"2014, 2019-2024";"Clinical Psychology (Q2); Psychiatry and Mental Health (Q3); Social Psychology (Q3)";"Medicine; Psychology"
680;22496;"Journal of Psycholinguistic Research";journal;"15736555, 00906905";"Springer New York";No;No;0,464;Q2;74;79;206;3477;274;203;1,28;44,01;54,80;0;United States;Northern America;"Springer New York";"1971-2026";"Linguistics and Language (Q1); Psychology (miscellaneous) (Q2); Experimental and Cognitive Psychology (Q3)";"Psychology; Social Sciences"
681;5000155903;"Psicologia: Reflexao e Critica";journal;"01027972, 16787153";"Springer International Publishing AG";Yes;Yes;0,464;Q2;35;33;84;1710;172;83;1,71;51,82;57,76;2;Switzerland;Western Europe;"Springer International Publishing AG";"2006-2026";"Psychology (miscellaneous) (Q2)";"Psychology"
682;21100218512;"Journal of Behavioral Finance";journal;"15427579, 15427560";"Taylor and Francis Ltd.";No;No;0,464;Q3;37;32;102;1271;218;102;2,33;39,72;19,40;6;United Kingdom;Western Europe;"Taylor and Francis Ltd.";"2007, 2011-2026";"Finance (Q2); Experimental and Cognitive Psychology (Q3)";"Economics, Econometrics and Finance; Psychology"
683;67476;"Social Anthropology";journal;"14698676, 09640282";"Berghahn Journals";Yes;Yes;0,463;Q3;58;98;262;3052;334;132;1,31;31,14;46,27;4;United Kingdom;Western Europe;"Berghahn Journals";"1982, 1992-2025";"Anthropology (Q1); Arts and Humanities (miscellaneous) (Q2); Sociology and Political Science (Q2); Developmental and Educational Psychology (Q3)";"Arts and Humanities; Psychology; Social Sciences"
684;5800207390;"Clinical Supervisor";journal;"07325223, 1545231X";"Routledge";No;No;0,462;Q2;37;17;54;820;92;52;1,86;48,24;75,00;1;United States;Northern America;"Routledge";"1983-2026";"Clinical Psychology (Q2); Education (Q2); Psychiatry and Mental Health (Q3)";"Medicine; Psychology; Social Sciences"
685;130113;"Cognitive Processing";journal;"16124782, 16124790";"Springer Science and Business Media Deutschland GmbH";No;No;0,462;Q3;61;61;154;3458;254;147;1,49;56,69;55,38;3;Germany;Western Europe;"Springer Science and Business Media Deutschland GmbH";"2005-2026";"Artificial Intelligence (Q3); Cognitive Neuroscience (Q3); Experimental and Cognitive Psychology (Q3); Medicine (miscellaneous) (Q3)";"Computer Science; Medicine; Neuroscience; Psychology"
686;21100228016;"Ecopsychology";journal;"19429347";"Mary Ann Liebert Inc.";No;No;0,462;Q3;39;30;102;1227;223;96;2,19;40,90;52,24;4;United States;Northern America;"Mary Ann Liebert Inc.";"2009-2026";"Applied Psychology (Q3); Social Psychology (Q3)";"Psychology"
687;21100837404;"Adaptive Human Behavior and Physiology";journal;"21987335";"Springer International Publishing AG";No;No;0,461;Q3;27;24;73;1457;114;69;1,35;60,71;44,12;0;Switzerland;Western Europe;"Springer International Publishing AG";"2015-2025";"Behavioral Neuroscience (Q3); Experimental and Cognitive Psychology (Q3); Physiology (Q3)";"Biochemistry, Genetics and Molecular Biology; Neuroscience; Psychology"
688;14000155911;"International Gambling Studies";journal;"14794276, 14459795";"Routledge";No;No;0,461;Q3;47;28;99;1437;228;93;2,14;51,32;50,93;11;United Kingdom;Western Europe;"Routledge";"2010-2026";"Applied Psychology (Q3)";"Psychology"
689;21100920054;"Community Psychology in Global Perspective.";journal;"24212113";"University of Salento";Yes;Yes;0,460;Q3;14;15;39;925;56;38;1,44;61,67;71,13;0;Italy;Western Europe;"University of Salento";"2019-2026";"Health (social science) (Q2); Social Psychology (Q3)";"Psychology; Social Sciences"
690;17800156703;"Journal of Empirical Research on Human Research Ethics";journal;"15562646, 15562654";"SAGE Publications Inc.";No;No;0,460;Q3;46;49;173;1987;286;143;1,42;40,55;65,33;11;United States;Northern America;"SAGE Publications Inc.";"2007, 2009-2026";"Law (Q1); Communication (Q2); Education (Q2); Medicine (miscellaneous) (Q3); Social Psychology (Q3)";"Medicine; Psychology; Social Sciences"
691;13441;"Psychologica Belgica";journal;"00332879, 2054670X";"Ubiquity Press";Yes;No;0,459;Q2;44;31;68;2061;103;65;1,57;66,48;54,29;1;United Kingdom;Western Europe;"Ubiquity Press";"1975-2025";"Psychology (miscellaneous) (Q2)";"Psychology"
692;12795;"Perception";journal;"14684233, 03010066";"SAGE Publications Inc.";No;No;0,458;Q3;109;72;248;2860;333;234;1,34;39,72;42,92;2;United Kingdom;Western Europe;"SAGE Publications Inc.";"1972-2026";"Artificial Intelligence (Q3); Experimental and Cognitive Psychology (Q3); Ophthalmology (Q3); Sensory Systems (Q4)";"Computer Science; Medicine; Neuroscience; Psychology"
693;21100409888;"PsyCh Journal";journal;"20460260, 20460252";"John Wiley and Sons Inc";No;No;0,456;Q2;32;83;164;4140;264;160;1,51;49,88;47,90;1;United Kingdom;Western Europe;"John Wiley and Sons Inc";"2012-2026";"Psychology (miscellaneous) (Q2)";"Psychology"
694;12108;"Behavioral and Brain Sciences";journal;"14691825, 0140525X";"Cambridge University Press";No;No;0,456;Q3;189;175;726;3552;785;288;1,07;20,30;33,56;0;United Kingdom;Western Europe;"Cambridge University Press";"1978-2025";"Neuropsychology and Physiological Psychology (Q3); Physiology (Q3); Behavioral Neuroscience (Q4)";"Biochemistry, Genetics and Molecular Biology; Neuroscience; Psychology"
695;100147339;"British Journal of Special Education";journal;"14678578, 09523383";"Wiley-Blackwell Publishing Ltd";No;No;0,456;Q3;48;30;90;904;88;66;0,95;30,13;72,73;9;United Kingdom;Western Europe;"Wiley-Blackwell Publishing Ltd";"1974-2026";"Education (Q2); Developmental and Educational Psychology (Q3)";"Psychology; Social Sciences"
696;12030;"Learning and Behavior";journal;"15434508, 15434494";"Springer New York";No;No;0,455;Q3;66;44;147;2021;236;136;1,27;45,93;43,43;0;United States;Northern America;"Springer New York";"2003-2026";"Experimental and Cognitive Psychology (Q3); Behavioral Neuroscience (Q4); Cognitive Neuroscience (Q4)";"Neuroscience; Psychology"
697;5800207540;"Journal of Politeness Research";journal;"16125681, 16134877";"De Gruyter Mouton";No;No;0,454;Q3;45;12;33;664;57;33;1,75;55,33;66,67;0;Germany;Western Europe;"De Gruyter Mouton";"2005-2026";"Cultural Studies (Q1); Linguistics and Language (Q1); Communication (Q2); Social Psychology (Q3)";"Psychology; Social Sciences"
698;15435;"Journal of Consciousness Studies";journal;"20512201, 13558250";"Imprint Academic";No;No;0,453;Q2;81;76;229;3301;266;213;1,01;43,43;25,00;0;United Kingdom;Western Europe;"Imprint Academic";"1996-2026";"Philosophy (Q1); Ecology, Evolution, Behavior and Systematics (Q2); Psychology (miscellaneous) (Q2); Artificial Intelligence (Q3)";"Agricultural and Biological Sciences; Arts and Humanities; Computer Science; Psychology"
699;96959;"Journal of the American Psychoanalytic Association";journal;"19412460, 00030651";"SAGE Publications Inc.";No;No;0,453;Q2;59;61;172;1505;127;129;0,72;24,67;27,27;1;United States;Northern America;"SAGE Publications Inc.";"1953-2026";"Arts and Humanities (miscellaneous) (Q2); Clinical Psychology (Q2)";"Arts and Humanities; Psychology"
700;24575;"Early Child Development and Care";journal;"14768275, 03004430";"Taylor and Francis Ltd.";No;No;0,452;Q3;65;201;531;10181;776;523;1,31;50,65;66,34;26;United Kingdom;Western Europe;"Taylor and Francis Ltd.";"1971-1974, 1976, 1978-2026";"Pediatrics (Q2); Developmental and Educational Psychology (Q3); Social Psychology (Q3)";"Nursing; Psychology"
701;21100210905;"i-Perception";journal;"20416695";"SAGE Publications Ltd";Yes;No;0,451;Q3;47;75;224;4575;296;223;1,27;61,00;37,06;4;United Kingdom;Western Europe;"SAGE Publications Ltd";"2010-2026";"Artificial Intelligence (Q3); Experimental and Cognitive Psychology (Q3); Ophthalmology (Q3); Sensory Systems (Q4)";"Computer Science; Medicine; Neuroscience; Psychology"
702;14801;"Sexual and Relationship Therapy";journal;"14681749, 14681994";"Routledge";No;No;0,450;Q2;57;30;103;1502;156;90;1,25;50,07;71,26;0;United Kingdom;Western Europe;"Routledge";"2000-2026";"Clinical Psychology (Q2); Psychiatry and Mental Health (Q3)";"Medicine; Psychology"
703;19900193647;"Genes and Environment";journal;"18807046, 18807062";"BioMed Central Ltd";Yes;No;0,449;Q3;29;56;79;3450;161;78;2,43;61,61;35,64;6;United Kingdom;Western Europe;"BioMed Central Ltd";"2006-2007, 2009-2026";"Environmental Science (miscellaneous) (Q2); Genetics (Q3); Social Psychology (Q3)";"Biochemistry, Genetics and Molecular Biology; Environmental Science; Psychology"
704;11200153508;"Memory Studies";journal;"17506999, 17506980";"SAGE Publications Ltd";No;No;0,445;Q3;51;90;166;4883;194;150;0,92;54,26;60,00;3;United Kingdom;Western Europe;"SAGE Publications Ltd";"2008-2026";"Cultural Studies (Q1); Experimental and Cognitive Psychology (Q3); Social Psychology (Q3)";"Psychology; Social Sciences"
705;14065;"Measurement and Evaluation in Counseling and Development";journal;"07481756, 19476302";"Taylor and Francis Ltd.";No;No;0,444;Q2;62;19;63;835;103;63;1,23;43,95;60,76;2;United Kingdom;Western Europe;"Taylor and Francis Ltd.";"1987, 1996-2026";"Education (Q2); Psychology (miscellaneous) (Q2); Applied Psychology (Q3); Developmental and Educational Psychology (Q3)";"Psychology; Social Sciences"
706;21100933316;"Journal for Person-Oriented Research";journal;"20030177, 20020244";"Lundh Research Foundation";Yes;Yes;0,443;Q2;10;7;19;400;20;18;1,05;57,14;56,52;0;Sweden;Western Europe;"Lundh Research Foundation";"2019-2025";"Psychology (miscellaneous) (Q2); Applied Psychology (Q3)";"Psychology"
707;26550;"International Journal of Clinical and Experimental Hypnosis";journal;"00207144, 17445183";"Routledge";No;No;0,441;Q2;57;29;87;1489;141;84;1,71;51,34;46,36;0;United Kingdom;Western Europe;"Routledge";"1959-2026";"Clinical Psychology (Q2); Complementary and Manual Therapy (Q2)";"Health Professions; Psychology"
708;21100228948;"TPM - Testing, Psychometrics, Methodology in Applied Psychology (discontinued)";journal;"19726325";"Cises srl";No;No;0,441;Q2;36;32;104;1700;119;100;1,27;53,13;63,81;0;Italy;Western Europe;"Cises srl";"2005, 2007-2025";"Psychology (miscellaneous) (Q2); Applied Psychology (Q3); Social Psychology (Q3)";"Psychology"
709;19900192026;"Journal of Cognitive Psychology";journal;"20445911, 2044592X";"";No;No;0,441;Q3;78;64;192;3824;232;189;1,10;59,75;51,00;0;United Kingdom;Western Europe;"";"2011-2026";"Experimental and Cognitive Psychology (Q3)";"Psychology"
710;12054;"Arts in Psychotherapy";journal;"01974556, 18735878";"Elsevier Ltd";No;No;0,440;Q2;57;93;190;5628;372;174;1,82;60,52;73,76;10;United Kingdom;Western Europe;"Elsevier Ltd";"1978, 1980-2026";"Clinical Psychology (Q2); Health Professions (miscellaneous) (Q2); Psychiatry and Mental Health (Q3)";"Health Professions; Medicine; Psychology"
711;14095;"Ethics and Behavior";journal;"15327019, 10508422";"Routledge";No;No;0,440;Q2;59;39;123;2253;263;109;1,79;57,77;46,21;2;United States;Northern America;"Routledge";"1991-2026";"Psychology (miscellaneous) (Q2); Social Psychology (Q3)";"Psychology"
712;21101017551;"Journal of Evidence-Based Social Work (United States)";journal;"26408074, 26408066";"Routledge";No;No;0,439;Q3;36;44;117;2005;155;112;1,46;45,57;64,17;3;United Kingdom;Western Europe;"Routledge";"2019-2026";"Health (social science) (Q2); Sociology and Political Science (Q2); Social Psychology (Q3)";"Psychology; Social Sciences"
713;14980;"Humor";journal;"16133722, 09331719";"De Gruyter Mouton";No;No;0,436;Q3;60;32;94;1660;126;90;1,23;51,88;44,26;0;Germany;Western Europe;"De Gruyter Mouton";"1988-2026";"Linguistics and Language (Q1); Sociology and Political Science (Q2); Psychology (miscellaneous) (Q3)";"Psychology; Social Sciences"
714;15540;"Journal of Humanistic Psychology";journal;"1552650X, 00221678";"SAGE Publications Inc.";No;No;0,436;Q3;53;58;164;2827;253;157;1,31;48,74;51,09;3;United States;Northern America;"SAGE Publications Inc.";"1961-2026";"Philosophy (Q1); Sociology and Political Science (Q2); Social Psychology (Q3)";"Arts and Humanities; Psychology; Social Sciences"
715;21100905833;"Beyond Behavior";journal;"21635323, 10742956";"SAGE Publications Inc.";No;No;0,435;Q2;17;20;64;607;54;55;0,58;30,35;63,16;1;United States;Northern America;"SAGE Publications Inc.";"2012-2026";"Clinical Psychology (Q2); Education (Q2); Developmental and Educational Psychology (Q3)";"Psychology; Social Sciences"
716;5800207890;"Educational Psychology in Practice";journal;"14695839, 02667363";"Routledge";No;No;0,434;Q3;40;25;80;1190;112;80;0,96;47,60;73,13;3;United Kingdom;Western Europe;"Routledge";"1985-2026";"Developmental and Educational Psychology (Q3)";"Psychology"
717;21100894554;"Multidisciplinary Journal of Educational Research";journal;"20142862";"Hipatia Editorial";Yes;No;0,433;Q3;11;12;41;543;118;41;4,54;45,25;57,50;0;Spain;Western Europe;"Hipatia Editorial";"2018-2025";"Education (Q2); Sociology and Political Science (Q2); Developmental and Educational Psychology (Q3)";"Psychology; Social Sciences"
718;22041;"Emotional and Behavioural Difficulties";journal;"17412692, 13632752";"Routledge";No;No;0,430;Q2;39;34;92;1715;107;80;1,29;50,44;76,00;9;United Kingdom;Western Europe;"Routledge";"1996-2026";"Clinical Psychology (Q2); Developmental and Educational Psychology (Q3); Psychiatry and Mental Health (Q3)";"Medicine; Psychology"
719;17666;"American Journal of Psychotherapy";journal;"25756559, 00029564";"American Psychiatric Association";No;No;0,427;Q3;61;30;68;957;94;59;1,64;31,90;56,67;1;United States;Northern America;"American Psychiatric Association";"1947-2016, 2018-2025";"Clinical Psychology (Q3); Medicine (miscellaneous) (Q3)";"Medicine; Psychology"
720;5700168544;"Adoption and Fostering";journal;"1740469X, 03085759";"SAGE Publications Ltd";No;No;0,426;Q3;37;33;108;1027;89;73;0,63;31,12;77,92;6;United Kingdom;Western Europe;"SAGE Publications Ltd";"1996-2026";"Law (Q1); Health (social science) (Q2); Sociology and Political Science (Q2); Human Factors and Ergonomics (Q3); Social Psychology (Q3)";"Psychology; Social Sciences"
721;21100840179;"Qualitative Psychology";journal;"23263601, 23263598";"American Psychological Association";No;No;0,426;Q3;31;40;87;2158;115;69;1,42;53,95;71,23;4;United States;Northern America;"American Psychological Association";"2014-2025";"Psychology (miscellaneous) (Q3)";"Psychology"
722;30070;"Journal of Rational - Emotive and Cognitive - Behavior Therapy";journal;"08949085, 15736563";"Springer";No;No;0,425;Q3;50;38;81;2289;177;81;2,16;60,24;45,80;1;United States;Northern America;"Springer";"1983-2026";"Clinical Psychology (Q3); Experimental and Cognitive Psychology (Q3)";"Psychology"
723;21100824878;"Clinical Practice in Pediatric Psychology";journal;"21694826, 21694834";"SAGE Publications Ltd";No;No;0,423;Q3;27;48;121;1584;159;113;1,33;33,00;77,69;7;United Kingdom;Western Europe;"SAGE Publications Ltd";"2013-2025";"Pediatrics, Perinatology and Child Health (Q2); Applied Psychology (Q3); Clinical Psychology (Q3); Developmental and Educational Psychology (Q3)";"Medicine; Psychology"
724;21100870584;"International Journal of School and Educational Psychology";journal;"21683603, 21683611";"Taylor and Francis Ltd.";No;No;0,423;Q3;27;42;116;2746;179;100;1,59;65,38;62,71;7;United Kingdom;Western Europe;"Taylor and Francis Ltd.";"2013-2026";"Education (Q2); Developmental and Educational Psychology (Q3)";"Psychology; Social Sciences"
725;19900192514;"Dynamics of Asymmetric Conflict: Pathways toward Terrorism and Genocide";journal;"17467594, 17467586";"Routledge";No;No;0,422;Q3;21;20;51;928;58;42;1,00;46,40;29,63;4;United Kingdom;Western Europe;"Routledge";"2010-2025";"Cultural Studies (Q1); Law (Q1); Political Science and International Relations (Q2); Sociology and Political Science (Q2); Social Psychology (Q3)";"Psychology; Social Sciences"
726;12823;"Canadian Journal of Human Sexuality";journal;"22917063, 11884517";"University of Toronto Press";No;No;0,420;Q3;47;46;80;2461;108;78;1,27;53,50;61,54;3;Canada;Northern America;"University of Toronto Press";"1994, 1996-2025";"Psychiatry and Mental Health (Q3); Psychology (miscellaneous) (Q3)";"Medicine; Psychology"
727;11400153314;"Contemporary Issues in Early Childhood";journal;"14639491";"SAGE Publications Inc.";No;No;0,420;Q3;39;10;119;262;136;107;0,89;26,20;53,85;1;United Kingdom;Western Europe;"SAGE Publications Inc.";"2008-2026";"Education (Q2); Developmental and Educational Psychology (Q3)";"Psychology; Social Sciences"
728;15320;"Teaching of Psychology";journal;"00986283, 15328023";"SAGE Publications Inc.";No;No;0,420;Q3;62;44;134;1525;164;128;0,99;34,66;62,60;2;United States;Northern America;"SAGE Publications Inc.";"1975-2026";"Education (Q2); Psychology (miscellaneous) (Q3)";"Psychology; Social Sciences"
729;21101018925;"Humanities and Social Sciences Communications";journal;"26629992";"Springer Nature";Yes;No;0,419;Q3;84;310;583;17001;2372;517;4,09;54,84;43,60;101;United Kingdom;Western Europe;"Springer Nature";"2020-2026";"Arts and Humanities (miscellaneous) (Q2); Business, Management and Accounting (miscellaneous) (Q2); Economics, Econometrics and Finance (miscellaneous) (Q2); Social Sciences (miscellaneous) (Q2); Psychology (miscellaneous) (Q3)";"Arts and Humanities; Business, Management and Accounting; Economics, Econometrics and Finance; Psychology; Social Sciences"
730;17998;"Neuropsychiatrie";journal;"09486259, 21941327";"Springer";No;No;0,419;Q3;24;36;106;988;113;64;1,35;27,44;59,77;7;Austria;Western Europe;"Springer";"1995-2026";"Clinical Psychology (Q3); Psychiatry and Mental Health (Q3)";"Medicine; Psychology"
731;21100829244;"Applied Neuropsychology: Adult";journal;"23279095, 23279109";"Routledge";No;No;0,418;Q3;61;83;190;4255;420;189;2,11;51,27;54,38;6;United States;Northern America;"Routledge";"2012-2026";"Developmental and Educational Psychology (Q3); Neuropsychology and Physiological Psychology (Q3)";"Psychology"
732;23635;"Adaptive Behavior";journal;"17412633, 10597123";"SAGE Publications Ltd";No;No;0,416;Q3;64;44;110;2563;175;85;1,56;58,25;14,14;1;United Kingdom;Western Europe;"SAGE Publications Ltd";"1992-2026";"Philosophy (Q1); Artificial Intelligence (Q3); Experimental and Cognitive Psychology (Q3); Behavioral Neuroscience (Q4)";"Arts and Humanities; Computer Science; Neuroscience; Psychology"
733;4700152785;"Journal of Intergenerational Relationships";journal;"15350770, 15350932";"Routledge";No;No;0,416;Q3;36;32;99;1131;130;96;1,26;35,34;65,15;3;United States;Northern America;"Routledge";"2003-2026";"Archeology (Q1); Social Sciences (miscellaneous) (Q2); Sociology and Political Science (Q2); Geriatrics and Gerontology (Q3); Life-span and Life-course Studies (Q3); Social Psychology (Q3)";"Medicine; Psychology; Social Sciences"
734;5700169289;"Journal of Sexual Aggression";journal;"17426545, 13552600";"Routledge";No;No;0,415;Q3;48;27;72;1558;75;69;0,98;57,70;60,00;9;United Kingdom;Western Europe;"Routledge";"1994, 1996-1997, 1999-2026";"Applied Psychology (Q3); Psychiatry and Mental Health (Q3); Psychology (miscellaneous) (Q3); Behavioral Neuroscience (Q4)";"Medicine; Neuroscience; Psychology"
735;12691;"Merrill-Palmer Quarterly";journal;"0272930X, 15350266";"Wayne State University Press";No;No;0,415;Q3;83;21;56;1427;71;56;1,03;67,95;73,58;0;United States;Northern America;"Wayne State University Press";"1973, 1982, 1985, 1991, 1994, 1996-2025";"Education (Q2); Social Sciences (miscellaneous) (Q2); Developmental and Educational Psychology (Q3)";"Psychology; Social Sciences"
736;15281;"Sport Psychologist";journal;"15432793, 08884781";"Human Kinetics Publishers Inc.";No;No;0,413;Q3;88;31;97;1686;150;96;1,37;54,39;33,33;0;United States;Northern America;"Human Kinetics Publishers Inc.";"1989, 1991-1992, 1996-2026";"Applied Psychology (Q3); Sports Science (Q3)";"Health Professions; Psychology"
737;19700188499;"Suma Psicologica";journal;"21459797, 01214381";"Konrad Lorenz Editores";Yes;Yes;0,413;Q3;20;16;48;719;82;48;1,44;44,94;43,64;1;Colombia;Latin America;"Konrad Lorenz Editores";"2010-2025";"Psychology (miscellaneous) (Q3)";"Psychology"
738;13457;"Learning and Motivation";journal;"00239690, 10959122";"Academic Press Inc.";No;No;0,412;Q3;55;46;122;2327;178;120;1,49;50,59;53,28;0;United States;Northern America;"Academic Press Inc.";"1970-2026";"Education (Q2); Developmental and Educational Psychology (Q3); Experimental and Cognitive Psychology (Q3); Health (social science) (Q3); Neuropsychology and Physiological Psychology (Q3)";"Psychology; Social Sciences"
739;17900156731;"Young Exceptional Children";journal;"2154400X, 10962506";"SAGE Publications Inc.";No;No;0,410;Q3;21;21;49;577;37;46;0,93;27,48;80,43;5;United States;Northern America;"SAGE Publications Inc.";"1998-2026";"Education (Q2); Developmental and Educational Psychology (Q3)";"Psychology; Social Sciences"
740;21100779057;"World Leisure Journal";journal;"23334509, 16078055";"Taylor and Francis Ltd.";No;No;0,409;Q3;35;33;95;1430;127;75;1,20;43,33;59,09;2;United Kingdom;Western Europe;"Taylor and Francis Ltd.";"2000-2026";"Cultural Studies (Q1); Social Psychology (Q3); Tourism, Leisure and Hospitality Management (Q3)";"Business, Management and Accounting; Psychology; Social Sciences"
741;16861;"Laterality";journal;"14640678, 1357650X";"Taylor and Francis Ltd.";No;No;0,407;Q3;57;41;122;2607;200;119;2,08;63,59;49,49;0;United Kingdom;Western Europe;"Taylor and Francis Ltd.";"1996-2026";"Arts and Humanities (miscellaneous) (Q2); Medicine (miscellaneous) (Q3); Psychology (miscellaneous) (Q3)";"Arts and Humanities; Medicine; Psychology"
742;5700167230;"Psychoanalysis, Culture and Society";journal;"10880763, 15433390";"Palgrave Macmillan Ltd.";No;No;0,407;Q3;15;39;104;1580;56;98;0,44;40,51;29,27;0;United Kingdom;Western Europe;"Palgrave Macmillan Ltd.";"2004-2005, 2013-2025";"Cultural Studies (Q1); Sociology and Political Science (Q2); Applied Psychology (Q3); Health (social science) (Q3); Social Psychology (Q3)";"Psychology; Social Sciences"
743;15508;"Journal of General Psychology";journal;"00221309, 19400888";"Taylor and Francis Ltd.";No;No;0,406;Q3;58;23;74;1254;109;74;1,58;54,52;49,32;1;United Kingdom;Western Europe;"Taylor and Francis Ltd.";"1928-1954, 1956-2026";"Arts and Humanities (miscellaneous) (Q2); Gender Studies (Q2); Experimental and Cognitive Psychology (Q3)";"Arts and Humanities; Psychology; Social Sciences"
744;21101017385;"International Journal of Latin American Religions";journal;"25099965";"Springer Nature";No;No;0,405;Q3;10;26;70;1287;65;66;1,19;49,50;40,00;2;United States;Northern America;"Springer Nature";"2017-2026";"Anthropology (Q1); History (Q1); Religious Studies (Q1); Social Psychology (Q3)";"Arts and Humanities; Psychology; Social Sciences"
745;21100200812;"Revista de Psicopatologia y Psicologia Clinica";journal;"11365420, 22546057";"Asoc. Espanola de Psicologia Clinica y Psicopatologia";Yes;No;0,405;Q3;23;28;53;1395;112;53;2,50;49,82;55,77;0;Spain;Western Europe;"Asoc. Espanola de Psicologia Clinica y Psicopatologia";"2011-2025";"Clinical Psychology (Q3); Psychiatry and Mental Health (Q3)";"Medicine; Psychology"
746;145657;"Conflict Resolution Quarterly";journal;"15365581, 15411508";"Wiley-Liss Inc.";No;No;0,404;Q3;29;28;64;1183;57;53;0,88;42,25;50,00;1;United States;Northern America;"Wiley-Liss Inc.";"2002, 2005-2026";"Law (Q1); Psychology (miscellaneous) (Q3)";"Psychology; Social Sciences"
747;15352;"Japanese Psychological Research";journal;"00215368, 14685884";"Wiley-Blackwell Publishing Ltd";No;No;0,403;Q3;40;41;80;1464;147;77;1,25;35,71;32,29;1;United Kingdom;Western Europe;"Wiley-Blackwell Publishing Ltd";"1954-1956, 1958-1990, 1992-2026";"Psychology (miscellaneous) (Q3)";"Psychology"
748;16709;"Journal of Forensic Psychiatry and Psychology";journal;"14789957, 14789949";"Routledge";No;No;0,401;Q3;58;53;173;2629;210;173;0,94;49,60;54,26;8;United Kingdom;Western Europe;"Routledge";"2003-2026";"Clinical Psychology (Q3); Psychiatry and Mental Health (Q3)";"Medicine; Psychology"
749;21100455449;"Porn Studies";journal;"23268743, 23268751";"Taylor and Francis Ltd.";No;No;0,401;Q3;28;34;132;1612;115;106;0,91;47,41;50,00;4;United Kingdom;Western Europe;"Taylor and Francis Ltd.";"2014-2026";"Cultural Studies (Q1); Gender Studies (Q2); Social Psychology (Q3)";"Psychology; Social Sciences"
750;19900195028;"SA Journal of Industrial Psychology";journal;"20710763, 02585200";"AOSIS (Pty) Ltd";Yes;No;0,401;Q3;40;43;94;2835;187;90;1,51;65,93;55,95;1;South Africa;Africa;"AOSIS (Pty) Ltd";"2011-2026";"Applied Psychology (Q3); Social Psychology (Q3)";"Psychology"
751;21100901905;"Revista de Psicologia Clinica con Ninos y Adolescentes";journal;"23408340";"Aitana Research Group";Yes;Yes;0,400;Q3;15;26;75;1112;143;74;2,13;42,77;74,12;5;Spain;Western Europe;"Aitana Research Group";"2018-2025";"Pediatrics, Perinatology and Child Health (Q2); Clinical Psychology (Q3); Developmental and Educational Psychology (Q3); Experimental and Cognitive Psychology (Q3); Psychiatry and Mental Health (Q3)";"Medicine; Psychology"
752;21100824968;"International Perspectives in Psychology: Research, Practice, Consultation";journal;"21573891, 21573883";"Hogrefe-Verlag GmbH and Co. KG";No;No;0,399;Q3;15;25;50;1142;69;42;1,16;45,68;76,25;2;Germany;Western Europe;"Hogrefe-Verlag GmbH and Co. KG";"2017-2026";"Applied Psychology (Q3); Clinical Psychology (Q3); Social Psychology (Q3)";"Psychology"
753;145569;"L1 Educational Studies in Language and Literature";journal;"15731731, 15676617";"International Association for Research in L1 Education (ARLE)";Yes;Yes;0,397;Q3;23;33;97;1630;148;96;1,41;49,39;78,46;0;Belgium;Western Europe;"International Association for Research in L1 Education (ARLE)";"2001-2025";"Linguistics and Language (Q1); Literature and Literary Theory (Q1); Education (Q2); Health Professions (miscellaneous) (Q2); Psychology (miscellaneous) (Q3)";"Arts and Humanities; Health Professions; Psychology; Social Sciences"
754;13475;"Culture and Psychology";journal;"14617056, 1354067X";"SAGE Publications Ltd";No;No;0,396;Q3;61;36;115;1541;147;108;1,21;42,81;49,25;0;United Kingdom;Western Europe;"SAGE Publications Ltd";"1995-2026";"Cultural Studies (Q1); Anthropology (Q2); Sociology and Political Science (Q2); Social Psychology (Q3)";"Psychology; Social Sciences"
755;15053;"Infants and Young Children";journal;"08963746, 15505081";"Lippincott Williams and Wilkins Ltd.";No;No;0,396;Q3;57;25;71;1021;75;61;0,92;40,84;86,76;0;United States;Northern America;"Lippincott Williams and Wilkins Ltd.";"1988-2026";"Pediatrics, Perinatology and Child Health (Q2); Developmental and Educational Psychology (Q3); Psychiatry and Mental Health (Q3)";"Medicine; Psychology"
756;21100469452;"Timing and Time Perception";journal;"2213445X, 22134468";"Brill Academic Publishers";No;No;0,394;Q3;22;31;50;1470;57;49;0,86;47,42;29,17;0;Netherlands;Western Europe;"Brill Academic Publishers";"2013-2026";"Applied Psychology (Q3); Experimental and Cognitive Psychology (Q3); Neuropsychology and Physiological Psychology (Q3); Cognitive Neuroscience (Q4)";"Neuroscience; Psychology"
757;21100899009;"International Journal of Educational Psychology";journal;"20143591";"Hipatia Editorial";Yes;No;0,393;Q3;15;13;38;693;67;38;1,48;53,31;69,44;0;Spain;Western Europe;"Hipatia Editorial";"2018-2025";"Education (Q2); Developmental and Educational Psychology (Q3)";"Psychology; Social Sciences"
758;21100843805;"Mediterranean Journal of Clinical Psychology";journal;"22821619";"University of Messina";Yes;Yes;0,393;Q3;26;78;161;5405;382;149;2,51;69,29;60,86;1;Italy;Western Europe;"University of Messina";"2017-2025";"Clinical Psychology (Q3)";"Psychology"
759;15240;"Iranian Journal of Medical Sciences";journal;"17353688, 02530716";"Shiraz University of Medical Sciences";Yes;No;0,392;Q3;44;61;225;1912;488;203;2,01;31,34;43,20;1;Iran;Middle East;"Shiraz University of Medical Sciences";"1979-1981, 1989-2026";"Pharmacology, Toxicology and Pharmaceutics (miscellaneous) (Q2); Biochemistry, Genetics and Molecular Biology (miscellaneous) (Q3); Clinical Psychology (Q3); Immunology and Microbiology (miscellaneous)  (Q3); Medicine (miscellaneous) (Q3)";"Biochemistry, Genetics and Molecular Biology; Immunology and Microbiology; Medicine; Pharmacology, Toxicology and Pharmaceutics; Psychology"
760;15272;"Spanish Journal of Psychology";journal;"19882904, 11387416";"Cambridge University Press";No;No;0,391;Q3;62;49;187;2798;249;186;1,19;57,10;54,19;0;United Kingdom;Western Europe;"Cambridge University Press";"1998-2026";"Linguistics and Language (Q1); Psychology (miscellaneous) (Q3)";"Psychology; Social Sciences"
761;21100466462;"Revista Iberoamericana de Psicologia y Salud";journal;"21712069, 19899246";"Consejo General de la Psicologia de Espana";Yes;No;0,390;Q3;20;8;31;343;70;31;2,29;42,88;75,86;1;Spain;Western Europe;"Consejo General de la Psicologia de Espana";"2015-2026";"Psychology (miscellaneous) (Q3)";"Psychology"
762;18000156705;"Soccer and Society";journal;"17439590, 14660970";"Routledge";No;No;0,388;Q3;42;65;222;2481;231;214;0,92;38,17;21,90;5;United Kingdom;Western Europe;"Routledge";"2008-2026";"Cultural Studies (Q1); Sociology and Political Science (Q2); Social Psychology (Q3)";"Psychology; Social Sciences"
763;12821;"Canadian Journal of Experimental Psychology";journal;"18787290, 11961961";"American Psychological Association";No;No;0,386;Q3;72;43;86;2026;75;82;0,81;47,12;55,74;0;United States;Northern America;"American Psychological Association";"1993-2026";"Experimental and Cognitive Psychology (Q3); Medicine (miscellaneous) (Q3)";"Medicine; Psychology"
764;14821;"Social Behavior and Personality";journal;"11796391, 03012212";"Scientific Journal Publishers";No;No;0,384;Q3;81;183;469;7313;683;468;1,13;39,96;45,66;3;New Zealand;Pacific Region;"Scientific Journal Publishers";"1982, 1992, 1996-2026";"Social Psychology (Q3)";"Psychology"
765;19700190314;"Pastoral Care in Education";journal;"14680122, 02643944";"Routledge";No;No;0,383;Q3;30;23;74;932;77;62;0,85;40,52;61,22;5;United States;Northern America;"Routledge";"1983-2026";"Education (Q2); Developmental and Educational Psychology (Q3)";"Psychology; Social Sciences"
766;22015;"Child Language Teaching and Therapy";journal;"02656590, 14770865";"SAGE Publications Ltd";No;No;0,382;Q3;46;21;47;885;62;47;0,93;42,14;88,71;5;United Kingdom;Western Europe;"SAGE Publications Ltd";"1985-2026";"Linguistics and Language (Q1); Education (Q2); Clinical Psychology (Q3); Developmental and Educational Psychology (Q3); Speech and Hearing (Q3)";"Health Professions; Psychology; Social Sciences"
767;13277;"Families, Systems and Health";journal;"10917527, 19390602";"American Psychological Association";No;No;0,382;Q3;60;89;226;2507;239;197;0,63;28,17;64,35;9;United States;Northern America;"American Psychological Association";"1996-2025";"Applied Psychology (Q3); Psychiatry and Mental Health (Q3)";"Medicine; Psychology"
768;21100215102;"Psychodynamic Psychiatry";journal;"21622590, 21622604";"Guilford Publications";No;No;0,382;Q3;35;39;77;1131;74;73;0,69;29,00;47,44;0;United States;Northern America;"Guilford Publications";"2012-2025";"Clinical Psychology (Q3); Medicine (miscellaneous) (Q3); Psychiatry and Mental Health (Q3)";"Medicine; Psychology"
769;28831;"Public Culture";journal;"15278018, 08992363";"Duke University Press";No;No;0,382;Q3;93;29;89;1060;119;81;1,45;36,55;54,55;1;United States;Northern America;"Duke University Press";"1996-2025";"Arts and Humanities (miscellaneous) (Q2); Communication (Q2); Social Psychology (Q3)";"Arts and Humanities; Psychology; Social Sciences"
770;5700165306;"Qualitative Report";journal;"10520147";"Nova Southeastern University";Yes;No;0,381;Q3;68;195;597;9068;816;597;1,05;46,50;56,29;13;United States;Northern America;"Nova Southeastern University";"2009-2026";"Cultural Studies (Q1); Education (Q2); Social Psychology (Q3)";"Psychology; Social Sciences"
771;73721;"South African Journal of Communication Disorders";journal;"03798046, 22254765";"AOSIS (Pty) Ltd";Yes;No;0,381;Q3;24;22;83;924;100;76;0,96;42,00;78,95;0;South Africa;Africa;"AOSIS (Pty) Ltd";"1977-2025";"Linguistics and Language (Q1); Communication (Q2); Experimental and Cognitive Psychology (Q3); Speech and Hearing (Q3); Cognitive Neuroscience (Q4)";"Health Professions; Neuroscience; Psychology; Social Sciences"
772;21100451188;"European Journal of Adapted Physical Activity";journal;"18033857";"European Federation of Adapted Physical Activity";Yes;Yes;0,379;Q3;13;14;35;636;62;31;1,46;45,43;39,02;0;Czech Republic;Eastern Europe;"European Federation of Adapted Physical Activity";"2015-2025";"Education (Q2); Health (social science) (Q3); Physical Therapy, Sports Therapy and Rehabilitation (Q3); Social Psychology (Q3)";"Health Professions; Psychology; Social Sciences"
773;21100400185;"Girlhood Studies";journal;"19388209, 19388322";"Berghahn Journals";No;No;0,379;Q3;16;29;87;857;65;80;0,74;29,55;88,64;0;United Kingdom;Western Europe;"Berghahn Journals";"2014-2025";"Education (Q2); Gender Studies (Q2); Sociology and Political Science (Q2); Developmental and Educational Psychology (Q3); Life-span and Life-course Studies (Q3); Social Psychology (Q3)";"Psychology; Social Sciences"
774;17320;"Bulletin of the Menninger Clinic";journal;"00259284, 19432828";"Guilford Publications";No;No;0,378;Q3;45;22;67;911;84;64;1,25;41,41;57,28;0;United States;Northern America;"Guilford Publications";"1945-2025";"Clinical Psychology (Q3); Psychiatry and Mental Health (Q3)";"Medicine; Psychology"
775;200147135;"Journal of Child and Adolescent Mental Health";journal;"17280591, 17280583";"Routledge";No;No;0,378;Q3;27;9;46;503;61;46;1,43;55,89;53,57;1;United Kingdom;Western Europe;"Routledge";"2005-2021, 2023-2026";"Clinical Psychology (Q3); Developmental and Educational Psychology (Q3); Pediatrics, Perinatology and Child Health (Q3); Psychiatry and Mental Health (Q3)";"Medicine; Psychology"
776;4700152783;"Journal of Couple and Relationship Therapy";journal;"15332683, 15332691";"Routledge";No;No;0,378;Q3;31;17;57;852;79;55;1,30;50,12;58,33;0;United States;Northern America;"Routledge";"2002-2026";"Gender Studies (Q2); Social Sciences (miscellaneous) (Q2); Applied Psychology (Q3); Social Psychology (Q3)";"Psychology; Social Sciences"
777;20100195008;"Research in Psychotherapy: Psychopathology, Process and Outcome";journal;"22398031";"Page Press Publications";Yes;No;0,378;Q3;25;32;100;1561;135;94;1,36;48,78;62,60;0;Italy;Western Europe;"Page Press Publications";"2011-2026";"Clinical Psychology (Q3); Psychiatry and Mental Health (Q3)";"Medicine; Psychology"
778;14121;"European Review of Applied Psychology";journal;"11629088";"Elsevier Masson s.r.l.";No;No;0,377;Q3;42;36;80;1939;99;79;1,02;53,86;55,91;1;France;Western Europe;"Elsevier Masson s.r.l.";"1998, 2004-2026";"Applied Psychology (Q3)";"Psychology"
779;30066;"Journal of Psychophysiology";journal;"21512124, 02698803";"Hogrefe Publishing GmbH";No;No;0,377;Q3;53;20;67;1267;92;67;1,21;63,35;33,33;0;Germany;Western Europe;"Hogrefe Publishing GmbH";"1987-2025";"Neuropsychology and Physiological Psychology (Q3); Neuroscience (miscellaneous) (Q3); Physiology (Q4)";"Biochemistry, Genetics and Molecular Biology; Neuroscience; Psychology"
780;14415;"Rehabilitation Counseling Bulletin";journal;"00343552, 15384853";"SAGE Publications Inc.";No;No;0,377;Q3;50;26;66;1177;113;66;1,30;45,27;56,16;8;United States;Northern America;"SAGE Publications Inc.";"1994-2026";"Rehabilitation (Q2); Applied Psychology (Q3); Public Health, Environmental and Occupational Health (Q3)";"Medicine; Psychology"
781;19700175790;"International Journal of Social Psychology";journal;"15793680, 02134748";"SAGE Publications Ltd";No;No;0,376;Q3;31;21;79;1011;117;77;1,75;48,14;61,29;1;United Kingdom;Western Europe;"SAGE Publications Ltd";"1986-2025";"Social Psychology (Q3)";"Psychology"
782;15726;"Kolner Zeitschrift fur Soziologie und Sozialpsychologie";journal;"00232653, 1861891X";"Forschungsinstitut fur Soziologie";No;No;0,376;Q3;44;38;132;2736;149;129;1,23;72,00;42,19;5;Germany;Western Europe;"Forschungsinstitut fur Soziologie";"1983, 1988-1989, 1992-1993, 1996-2026";"Sociology and Political Science (Q2); Social Psychology (Q3)";"Psychology; Social Sciences"
783;130153;"Sleep and Biological Rhythms";journal;"14469235, 14798425";"Springer";No;No;0,375;Q3;44;58;154;1965;202;136;1,33;33,88;40,45;2;Japan;Asiatic Region;"Springer";"2003-2026";"Neurology (Q3); Neuropsychology and Physiological Psychology (Q3); Physiology (medical) (Q3); Physiology (Q4)";"Biochemistry, Genetics and Molecular Biology; Medicine; Neuroscience; Psychology"
784;5800208235;"Spatial Cognition and Computation";journal;"13875868, 15739252";"Taylor and Francis Ltd.";No;No;0,374;Q3;46;12;40;790;55;39;1,68;65,83;47,83;0;United States;Northern America;"Taylor and Francis Ltd.";"2000, 2003-2026";"Earth-Surface Processes (Q2); Computer Graphics and Computer-Aided Design (Q3); Computer Vision and Pattern Recognition (Q3); Experimental and Cognitive Psychology (Q3); Modeling and Simulation (Q3)";"Computer Science; Earth and Planetary Sciences; Mathematics; Psychology"
785;14768;"Hispanic Journal of Behavioral Sciences";journal;"15526364, 07399863";"SAGE Publications Inc.";No;No;0,373;Q3;76;23;88;999;117;88;1,03;43,43;62,32;2;United States;Northern America;"SAGE Publications Inc.";"1979-2026";"Cultural Studies (Q1); Linguistics and Language (Q1); Anthropology (Q2); Social Psychology (Q3)";"Psychology; Social Sciences"
786;30014;"Journal of Motor Behavior";journal;"00222895, 19401027";"Routledge";No;No;0,373;Q3;85;60;209;3066;303;207;1,32;51,10;34,08;1;United States;Northern America;"Routledge";"1969-2026";"Biophysics (Q3); Experimental and Cognitive Psychology (Q3); Orthopedics and Sports Medicine (Q3); Sports Science (Q3); Cognitive Neuroscience (Q4)";"Biochemistry, Genetics and Molecular Biology; Health Professions; Medicine; Neuroscience; Psychology"
787;21100787776;"Papers on Social Representations";journal;"18193978, 10215573";"ISCTE";Yes;No;0,373;Q3;13;10;49;394;62;49;1,36;39,40;71,43;0;United Kingdom;Western Europe;"ISCTE";"2016-2025";"Social Psychology (Q3)";"Psychology"
788;12693;"Military Psychology";journal;"15327876, 08995605";"Taylor and Francis Ltd.";No;No;0,372;Q3;56;40;151;2010;182;151;0,93;50,25;54,44;5;United Kingdom;Western Europe;"Taylor and Francis Ltd.";"1990, 1996-2026";"Social Sciences (miscellaneous) (Q2); Psychology (miscellaneous) (Q3); Experimental and Cognitive Psychology (Q4)";"Psychology; Social Sciences"
789;18300156711;"Advances in Cognitive Psychology";journal;"18951171";"VIZJA University";Yes;No;0,371;Q3;40;38;76;1774;90;74;1,11;46,68;43,81;0;Poland;Eastern Europe;"VIZJA University";"2007-2025";"Applied Psychology (Q3); Clinical Psychology (Q3); Neuroscience (miscellaneous) (Q3); Psychiatry and Mental Health (Q3); Psychology (miscellaneous) (Q3); Experimental and Cognitive Psychology (Q4)";"Medicine; Neuroscience; Psychology"
790;10600153338;"Integrative Psychological and Behavioral Science";journal;"19324502, 19363567";"Springer New York";No;No;0,371;Q3;48;47;144;2098;175;142;1,21;44,64;50,00;1;United States;Northern America;"Springer New York";"1969, 1976, 2007-2026";"Cultural Studies (Q1); Philosophy (Q1); Anthropology (Q2); Applied Psychology (Q3); Neuropsychology and Physiological Psychology (Q3); Social Psychology (Q3); Behavioral Neuroscience (Q4); Experimental and Cognitive Psychology (Q4)";"Arts and Humanities; Neuroscience; Psychology; Social Sciences"
791;15418;"Women and Therapy";journal;"02703149, 15410315";"Routledge";No;No;0,371;Q3;42;17;84;1004;130;80;1,52;59,06;94,87;1;United States;Northern America;"Routledge";"1982-2026";"Gender Studies (Q2); Psychology (miscellaneous) (Q3)";"Psychology; Social Sciences"
792;21100416194;"Estudos de Psicologia (Campinas)";journal;"19820275, 0103166X";"Pontificia Universidade Catolica de Campinas";Yes;Yes;0,369;Q3;20;18;128;667;236;125;2,13;37,06;64,15;0;Brazil;Latin America;"Pontificia Universidade Catolica de Campinas";"2015-2026";"Psychology (miscellaneous) (Q3)";"Psychology"
793;22108;"International Journal of Disability, Development and Education";journal;"1465346X, 1034912X";"Routledge";No;No;0,369;Q3;55;54;131;2463;220;131;1,45;45,61;69,86;0;United Kingdom;Western Europe;"Routledge";"1989-2026";"Health Professions (miscellaneous) (Q2); Developmental and Educational Psychology (Q3); Education (Q3); Health (social science) (Q3)";"Health Professions; Psychology; Social Sciences"
794;26437;"Social Science Journal";journal;"03623319";"Taylor and Francis Ltd.";No;No;0,369;Q3;55;57;146;3325;328;144;2,42;58,33;38,64;4;United States;Northern America;"Taylor and Francis Ltd.";"1978, 1980, 1982-2026";"Sociology and Political Science (Q2); Social Psychology (Q3)";"Psychology; Social Sciences"
795;5000153107;"Central Nervous System Agents in Medicinal Chemistry";journal;"18715249, 18756166";"Bentham Science Publishers";No;No;0,367;Q3;43;20;63;1056;131;59;1,90;52,80;39,74;2;United Arab Emirates;Middle East;"Bentham Science Publishers";"2006-2026";"Neuropsychology and Physiological Psychology (Q3); Molecular Medicine (Q4); Neuroscience (miscellaneous) (Q4)";"Biochemistry, Genetics and Molecular Biology; Neuroscience; Psychology"
796;5300152520;"Papeles del Psicologo";journal;"02147823";"Colegio Oficial de Psicologos Asturias";Yes;Yes;0,366;Q3;30;27;79;1391;107;78;0,98;51,52;60,81;2;Spain;Western Europe;"Colegio Oficial de Psicologos Asturias";"2007-2026";"Psychology (miscellaneous) (Q3)";"Psychology"
797;18728;"Psychiatry, Psychology and Law";journal;"19341687, 13218719";"Routledge";No;No;0,366;Q3;45;50;177;2782;236;167;1,24;55,64;56,21;16;United Kingdom;Western Europe;"Routledge";"1994-2026";"Law (Q2); Pathology and Forensic Medicine (Q3); Psychiatry and Mental Health (Q3); Psychology (miscellaneous) (Q3)";"Medicine; Psychology; Social Sciences"
798;13504;"Diagnostica";journal;"2190622X, 00121924";"Hogrefe Verlag GmbH &amp; Co. KG";No;No;0,365;Q3;63;15;67;611;77;64;0,81;40,73;46,67;2;Germany;Western Europe;"Hogrefe Verlag GmbH &amp; Co. KG";"1996-2025";"Clinical Psychology (Q3)";"Psychology"
799;14907;"Cognitive and Behavioral Neurology";journal;"15433633, 15433641";"Lippincott Williams and Wilkins";No;No;0,364;Q3;76;33;95;1615;128;85;1,51;48,94;48,88;0;United States;Northern America;"Lippincott Williams and Wilkins";"2003-2026";"Medicine (miscellaneous) (Q3); Neuropsychology and Physiological Psychology (Q3); Psychiatry and Mental Health (Q3); Cognitive Neuroscience (Q4)";"Medicine; Neuroscience; Psychology"
800;21100211114;"Music Therapy Perspectives";journal;"07346875, 20537387";"Oxford University Press";No;No;0,364;Q3;22;25;82;1018;101;76;0,94;40,72;76,47;0;United States;Northern America;"Oxford University Press";"1983-1984, 1986-1987, 1990, 1992-1995, 2002, 2008, 2011-2026";"Music (Q1); Complementary and Alternative Medicine (Q2); Applied Psychology (Q3)";"Arts and Humanities; Medicine; Psychology"
801;19942;"Verhaltenstherapie";journal;"14230402, 10166262";"S. Karger AG";No;No;0,364;Q3;29;33;89;1359;92;75;1,00;41,18;60,00;1;Switzerland;Western Europe;"S. Karger AG";"1991-2026";"Clinical Psychology (Q3); Psychiatry and Mental Health (Q3)";"Medicine; Psychology"
802;21100446512;"Evidence-based HRM";journal;"20493983, 20493991";"Emerald Publishing";No;No;0,363;-;25;25;61;1534;105;60;1,46;61,36;34,55;0;United Kingdom;Western Europe;"Emerald Publishing";"2013-2026";"Organizational Behavior and Human Resource Management (Q3)";"Business, Management and Accounting"
803;15909;"Zeitschrift fur Arbeits- und Organisationspsychologie";journal;"09324089, 21906270";"Hogrefe Publishing";No;No;0,361;Q3;22;19;53;957;48;48;0,97;50,37;64,15;2;Germany;Western Europe;"Hogrefe Publishing";"2002-2025";"Applied Psychology (Q3); Organizational Behavior and Human Resource Management (Q3)";"Business, Management and Accounting; Psychology"
804;5300152225;"Nordic Psychology";journal;"19040016, 19012276";"Routledge";Yes;No;0,360;Q3;29;23;76;792;77;64;0,92;34,43;52,08;1;United Kingdom;Western Europe;"Routledge";"2006-2026";"Psychology (miscellaneous) (Q3)";"Psychology"
805;15682;"Giornale Italiano di Psicopatologia";journal;"15921107";"Pacini Editore Srl";No;No;0,359;Q3;19;0;1;0;2;1;0,00;0,00;0,00;0;Italy;Western Europe;"Pacini Editore Srl";"2001-2018";"Clinical Psychology (Q3); Psychiatry and Mental Health (Q3)";"Medicine; Psychology"
806;21100899297;"Middle School Journal";journal;"00940771, 23276223";"Taylor and Francis Ltd.";No;No;0,359;Q3;25;25;80;781;74;61;0,68;31,24;70,00;3;United States;Northern America;"Taylor and Francis Ltd.";"1986, 1996-2026";"Developmental and Educational Psychology (Q3); Education (Q3)";"Psychology; Social Sciences"
807;4700152905;"Journal of LGBT Issues in Counseling";journal;"15538338, 15538605";"Routledge";No;No;0,358;Q3;0;0;0;0;0;0;0,00;0,00;0,00;0;United States;Northern America;"Routledge";"2006-2021";"Gender Studies (Q2); Applied Psychology (Q3); Clinical Psychology (Q3); Psychiatry and Mental Health (Q3)";"Medicine; Psychology; Social Sciences"
808;19700200984;"Review of Cognitive Linguistics";journal;"18779751, 1877976X";"John Benjamins Publishing Company";No;No;0,357;Q3;31;20;59;1091;44;59;0,63;54,55;44,83;0;Netherlands;Western Europe;"John Benjamins Publishing Company";"2010-2026";"Linguistics and Language (Q1); Developmental and Educational Psychology (Q3)";"Psychology; Social Sciences"
809;30408;"American Indian and Alaska Native Mental Health Research";journal;"15337731, 08935394";"University Press of Colorado";No;No;0,356;Q3;33;9;48;246;53;44;1,07;27,33;80,00;1;United States;Northern America;"University Press of Colorado";"1987-1990, 1992-2026";"History (Q1); Anthropology (Q2); Education (Q3); Medicine (miscellaneous) (Q3); Psychiatry and Mental Health (Q3); Psychology (miscellaneous) (Q3)";"Arts and Humanities; Medicine; Psychology; Social Sciences"
810;21100774706;"Cogent Psychology";journal;"23311908";"Cogent OA";Yes;No;0,356;Q3;36;53;281;3235;396;281;1,22;61,04;39,56;3;United Kingdom;Western Europe;"Cogent OA";"2014-2026";"Psychology (miscellaneous) (Q3)";"Psychology"
811;5600154732;"Journal for Specialists in Group Work";journal;"01933922, 15496295";"Routledge";No;No;0,354;Q3;35;28;66;1025;65;54;0,96;36,61;73,85;2;United Kingdom;Western Europe;"Routledge";"1981-2025";"Developmental and Educational Psychology (Q3); Social Psychology (Q3)";"Psychology"
812;16800154752;"Journal of Cognition and Culture";journal;"15677095, 15685373";"Brill Academic Publishers";No;No;0,353;Q3;52;22;72;1381;76;72;0,87;62,77;39,22;0;Netherlands;Western Europe;"Brill Academic Publishers";"2001-2025";"Cultural Studies (Q1); Arts and Humanities (miscellaneous) (Q2); Social Psychology (Q3); Experimental and Cognitive Psychology (Q4)";"Arts and Humanities; Psychology; Social Sciences"
813;21101037131;"Advances in Neurodevelopmental Disorders";journal;"23667532, 23667540";"Springer Science and Business Media Deutschland GmbH";No;No;0,352;Q3;22;44;134;2004;148;125;0,98;45,55;61,45;6;Netherlands;Western Europe;"Springer Science and Business Media Deutschland GmbH";"2017-2026";"Social Sciences (miscellaneous) (Q2); Psychology (miscellaneous) (Q3)";"Psychology; Social Sciences"
814;21100375851;"Anuario de Psicologia Juridica";journal;"11330740, 21740542";"Colegio Oficial de Psicologos de Madrid";Yes;Yes;0,352;Q3;18;14;34;876;58;34;2,00;62,57;58,70;0;Spain;Western Europe;"Colegio Oficial de Psicologos de Madrid";"2013-2025";"Law (Q2); Applied Psychology (Q3); Pathology and Forensic Medicine (Q3)";"Medicine; Psychology; Social Sciences"
815;11600153424;"Canadian Journal of School Psychology";journal;"21543984, 08295735";"SAGE Publications Ltd";No;No;0,352;Q3;41;26;52;931;84;49;1,56;35,81;69,77;6;United Kingdom;Western Europe;"SAGE Publications Ltd";"1985, 1994-2003, 2005-2026";"Developmental and Educational Psychology (Q3)";"Psychology"
816;15964;"Journal of Prevention and Intervention in the Community";journal;"10852352, 15407330";"Routledge";No;No;0,352;Q3;41;31;88;900;142;84;1,40;29,03;59,68;2;United States;Northern America;"Routledge";"1996-2026";"Medicine (miscellaneous) (Q3); Social Psychology (Q3)";"Medicine; Psychology"
817;29523;"Annee Psychologique";journal;"19552580, 00035033";"Presses Universitaires de France";No;No;0,351;Q3;30;20;55;1798;54;53;1,11;89,90;58,49;0;France;Western Europe;"Presses Universitaires de France";"1952-1961, 1964-1984, 1995-2025";"Arts and Humanities (miscellaneous) (Q2); Psychology (miscellaneous) (Q3)";"Arts and Humanities; Psychology"
818;21100887421;"Journal of Counselor Leadership and Advocacy";journal;"23267178";"Taylor and Francis Ltd.";No;No;0,351;Q3;16;11;39;618;50;39;1,44;56,18;73,53;0;United States;Northern America;"Taylor and Francis Ltd.";"2014-2026";"Applied Psychology (Q3); Clinical Psychology (Q3); Education (Q3); Psychiatry and Mental Health (Q3)";"Medicine; Psychology; Social Sciences"
819;21100244818;"International Journal of Developmental Sciences";journal;"21917485, 2192001X";"SAGE Publications Ltd";No;No;0,349;Q3;29;11;38;498;70;36;0,55;45,27;64,00;0;United Kingdom;Western Europe;"SAGE Publications Ltd";"2007-2026";"Developmental and Educational Psychology (Q3); Life-span and Life-course Studies (Q3); Social Psychology (Q3); Aging (Q4); Developmental Neuroscience (Q4)";"Biochemistry, Genetics and Molecular Biology; Neuroscience; Psychology; Social Sciences"
820;21100836847;"Preventing School Failure";journal;"1045988X, 19404387";"Taylor and Francis Ltd.";No;No;0,349;Q3;25;30;109;1642;99;109;0,73;54,73;65,63;0;United Kingdom;Western Europe;"Taylor and Francis Ltd.";"1996, 2014-2026";"Developmental and Educational Psychology (Q3); Education (Q3)";"Psychology; Social Sciences"
821;21100826927;"Human Technology";journal;"17956889";"Centre of Sociological Research";Yes;Yes;0,347;Q3;23;17;51;886;92;47;1,62;52,12;45,83;0;Finland;Western Europe;"Centre of Sociological Research";"2016-2025";"Communication (Q2); Human-Computer Interaction (Q3); Social Psychology (Q3)";"Computer Science; Psychology; Social Sciences"
822;21100818750;"Journal of EMDR Practice and Research";journal;"1933320X, 19333196";"Springer Publishing Company";Yes;No;0,347;Q3;24;18;84;907;113;82;1,65;50,39;55,00;0;United States;Northern America;"Springer Publishing Company";"2010-2025";"Neuropsychology and Physiological Psychology (Q3); Psychiatry and Mental Health (Q3); Biological Psychiatry (Q4); Cognitive Neuroscience (Q4); Experimental and Cognitive Psychology (Q4)";"Medicine; Neuroscience; Psychology"
823;5800207394;"Child Care in Practice";journal;"13575279, 1476489X";"Routledge";No;No;0,346;Q3;34;31;97;1411;127;85;1,55;45,52;77,63;8;United Kingdom;Western Europe;"Routledge";"1994-2026";"Community and Home Care (Q3); Developmental and Educational Psychology (Q3); Education (Q3); Health (social science) (Q3); Pediatrics (Q3); Pediatrics, Perinatology and Child Health (Q3)";"Medicine; Nursing; Psychology; Social Sciences"
824;15270;"South African Journal of Psychology";journal;"00812463, 2078208X";"SAGE Publications Inc.";No;No;0,346;Q3;48;49;158;2136;210;127;1,07;43,59;48,57;9;United States;Northern America;"SAGE Publications Inc.";"1979-2026";"Psychology (miscellaneous) (Q3)";"Psychology"
825;21100836861;"Advances in Autism";journal;"20563876, 20563868";"Emerald Group Publishing Ltd.";No;No;0,345;Q3;20;16;94;534;101;81;0,90;33,38;52,83;0;United Kingdom;Western Europe;"Emerald Group Publishing Ltd.";"2015-2026";"Developmental and Educational Psychology (Q3); Neurology (Q3); Neurology (clinical) (Q3); Psychiatry and Mental Health (Q3); Cognitive Neuroscience (Q4)";"Medicine; Neuroscience; Psychology"
826;21100935804;"Autism and Developmental Language Impairments";journal;"23969415";"SAGE Publications Ltd";Yes;No;0,345;Q3;27;21;62;1659;148;62;1,79;79,00;82,89;5;United Kingdom;Western Europe;"SAGE Publications Ltd";"2016-2026";"Clinical Psychology (Q3); Developmental and Educational Psychology (Q3); Psychiatry and Mental Health (Q3)";"Medicine; Psychology"
827;21100378341;"Psicologia Educativa";journal;"1135755X, 21740526";"Colegio Oficial de Psicologos de Madrid";Yes;Yes;0,345;Q3;26;20;52;1326;80;52;1,53;66,30;51,32;0;Spain;Western Europe;"Colegio Oficial de Psicologos de Madrid";"2013-2026";"Developmental and Educational Psychology (Q3); Social Psychology (Q3)";"Psychology"
828;21100792737;"International Journal of Cognitive Research in Science, Engineering and Education";journal;"2334847X, 23348496";"Association for the Development of Science, Engineering and Education";Yes;No;0,345;Q4;20;32;110;1481;149;102;1,24;46,28;71,60;1;Serbia;Eastern Europe;"Association for the Development of Science, Engineering and Education";"2013-2025";"Education (Q3); Cognitive Neuroscience (Q4); Experimental and Cognitive Psychology (Q4)";"Neuroscience; Psychology; Social Sciences"
829;70451;"Consulting Psychology Journal";journal;"10659293, 19390149";"American Psychological Association";No;No;0,344;Q3;57;14;72;872;114;67;1,13;62,29;43,24;3;United States;Northern America;"American Psychological Association";"1993-2025";"Applied Psychology (Q3); Developmental and Educational Psychology (Q3); Psychology (miscellaneous) (Q3)";"Psychology"
830;12792;"Pastoral Psychology";journal;"15736679, 00312789";"Springer New York";No;No;0,344;Q3;36;40;135;1818;108;128;0,76;45,45;42,25;1;United States;Northern America;"Springer New York";"1950-1972, 1975-2002, 2005-2026";"Religious Studies (Q1); Sociology and Political Science (Q2); Applied Psychology (Q3); Social Psychology (Q3)";"Arts and Humanities; Psychology; Social Sciences"
831;18135;"PPmP Psychotherapie Psychosomatik Medizinische Psychologie";journal;"14391058, 09372032";"Georg Thieme Verlag";Yes;No;0,344;Q3;50;94;234;1834;186;169;0,74;19,51;51,22;2;Germany;Western Europe;"Georg Thieme Verlag";"1980-2026";"Applied Psychology (Q3); Clinical Psychology (Q3); Psychiatry and Mental Health (Q3)";"Medicine; Psychology"
832;145109;"Australian and New Zealand Journal of Family Therapy";journal;"14678438, 0814723X";"John Wiley and Sons Inc";No;No;0,343;Q3;30;32;106;1037;100;89;0,97;32,41;53,85;2;United Kingdom;Western Europe;"John Wiley and Sons Inc";"1979-1995, 2001-2003, 2005-2026";"Sociology and Political Science (Q2); Psychology (miscellaneous) (Q3)";"Psychology; Social Sciences"
833;14368;"British Journal of Psychotherapy";journal;"17520118, 02659883";"John Wiley and Sons Inc";No;No;0,343;Q3;25;46;146;1379;73;120;0,51;29,98;55,81;1;United States;Northern America;"John Wiley and Sons Inc";"1984-2026";"Clinical Psychology (Q3); Psychiatry and Mental Health (Q3)";"Medicine; Psychology"
834;15302;"Studia Psychologica";journal;"00393320";"Institute of Experimental Psychology, Centre of Social and Psychological Sciences, Slovak Academy of Sciences";Yes;Yes;0,343;Q3;26;25;63;1267;57;63;0,79;50,68;55,74;0;Slovakia;Eastern Europe;"Institute of Experimental Psychology, Centre of Social and Psychological Sciences, Slovak Academy of Sciences";"1996-2025";"Psychology (miscellaneous) (Q3)";"Psychology"
835;21100870589;"International Journal of Play";journal;"21594953";"Taylor and Francis Ltd.";No;No;0,342;Q3;26;36;89;1154;87;70;1,00;32,06;75,47;4;United Kingdom;Western Europe;"Taylor and Francis Ltd.";"2012-2026";"Cultural Studies (Q1); Anthropology (Q2); Developmental and Educational Psychology (Q3); Education (Q3)";"Psychology; Social Sciences"
836;17900156714;"Journal of Investigative Psychology and Offender Profiling";journal;"15444759, 15444767";"John Wiley and Sons Ltd";No;No;0,342;Q3;33;14;66;627;103;66;1,37;44,79;28,95;1;United Kingdom;Western Europe;"John Wiley and Sons Ltd";"2009-2026";"Applied Psychology (Q3); Social Psychology (Q3)";"Psychology"
837;21100896490;"ETS Research Report Series";journal;"23308516";"John Wiley &amp; Sons Inc.";No;No;0,341;Q3;29;27;120;1134;89;120;0,74;42,00;48,05;4;United States;Northern America;"John Wiley &amp; Sons Inc.";"1996-2014, 2018-2025";"Applied Psychology (Q3); Education (Q3); Social Psychology (Q3); Statistics, Probability and Uncertainty (Q3)";"Decision Sciences; Psychology; Social Sciences"
838;16054;"Reading Psychology";journal;"02702711, 15210685";"Taylor and Francis Ltd.";No;No;0,339;Q3;50;36;107;2208;95;107;0,86;61,33;59,09;7;United Kingdom;Western Europe;"Taylor and Francis Ltd.";"1979-2026";"Linguistics and Language (Q1); Developmental and Educational Psychology (Q3); Education (Q3)";"Psychology; Social Sciences"
839;16800154737;"Archive for the Psychology of Religion";journal;"00846724, 15736121";"Sage Publications";No;No;0,337;Q3;24;16;48;1225;63;41;1,34;76,56;39,13;0;Netherlands;Western Europe;"Sage Publications";"1914, 1921, 1929, 1936, 1964, 1967, 1976, 1980, 1982-1983, 1985, 1988, 1990, 1992, 1997, 2000, 2003-2026";"Philosophy (Q1); Religious Studies (Q1); Psychology (miscellaneous) (Q3)";"Arts and Humanities; Psychology"
840;21101042487;"European Journal of Investigation in Health, Psychology and Education";journal;"21748144, 22549625";"Multidisciplinary Digital Publishing Institute (MDPI)";Yes;Yes;0,337;Q3;40;115;113;6749;260;112;2,34;58,69;51,54;14;Switzerland;Western Europe;"Multidisciplinary Digital Publishing Institute (MDPI)";"2011-2026";"Applied Psychology (Q3); Clinical Psychology (Q3); Developmental and Educational Psychology (Q3)";"Psychology"
841;21100305243;"Australasian Journal of Early Childhood";journal;"18395961, 18369391";"SAGE Publications Ltd";No;No;0,332;Q3;29;31;94;1092;116;83;1,10;35,23;85,00;10;Australia;Pacific Region;"SAGE Publications Ltd";"2010, 2013-2026";"Developmental and Educational Psychology (Q3); Education (Q3)";"Psychology; Social Sciences"
842;5800207419;"Tizard Learning Disability Review";journal;"13595474";"Emerald Group Publishing Ltd.";No;No;0,332;Q3;22;28;106;591;52;85;0,42;21,11;45,24;0;United Kingdom;Western Europe;"Emerald Group Publishing Ltd.";"1996-2026";"Clinical Psychology (Q3); Developmental and Educational Psychology (Q3); Psychiatry and Mental Health (Q3); Social Psychology (Q3)";"Medicine; Psychology"
843;21100378339;"Clinica y Salud";journal;"21740550, 11305274";"Colegio Oficial de la Psicologia de Madrid";Yes;Yes;0,331;Q3;21;19;65;727;117;55;2,26;38,26;60,00;0;Spain;Western Europe;"Colegio Oficial de la Psicologia de Madrid";"2013-2025";"Clinical Psychology (Q3)";"Psychology"
844;21100860383;"Cultural-Historical Psychology";journal;"22248935, 18165435";"Moscow State University of Psychology and Education";Yes;Yes;0,331;Q3;15;48;155;1380;139;153;0,96;28,75;55,67;0;Russian Federation;Eastern Europe;"Moscow State University of Psychology and Education";"2018-2025";"Cultural Studies (Q1); Applied Psychology (Q3); Developmental and Educational Psychology (Q3); Psychology (miscellaneous) (Q3); Social Psychology (Q3)";"Psychology; Social Sciences"
845;21100915638;"Journal of Forensic Psychology Research and Practice";journal;"24732850, 24732842";"Routledge";No;No;0,331;Q3;29;22;58;1098;60;58;0,87;49,91;63,24;5;United Kingdom;Western Europe;"Routledge";"2017-2026";"Applied Psychology (Q3); Pathology and Forensic Medicine (Q3)";"Medicine; Psychology"
846;6200180185;"Infancia y Aprendizaje";journal;"15784126, 02103702";"SAGE Publications Ltd";No;No;0,330;Q3;33;29;79;1417;78;75;1,00;48,86;79,45;4;United Kingdom;Western Europe;"SAGE Publications Ltd";"1978-2025";"Developmental and Educational Psychology (Q3); Education (Q3)";"Psychology; Social Sciences"
847;21100838187;"European Journal of Humour Research";journal;"2307700X";"Cracow Tertium Society for the Promotion of Language Studies";Yes;Yes;0,328;Q3;13;51;105;2002;68;101;0,52;39,25;55,71;0;Poland;Eastern Europe;"Cracow Tertium Society for the Promotion of Language Studies";"2017-2025";"Cultural Studies (Q1); Communication (Q2); Linguistics and Language (Q2); Applied Psychology (Q3)";"Psychology; Social Sciences"
848;13972;"Psychological Studies";journal;"00332968, 09749861";"Springer International Publishing AG";No;No;0,328;Q3;26;44;139;2166;148;138;0,98;49,23;59,38;0;India;Asiatic Region;"Springer International Publishing AG";"1971, 1980, 1992, 2009, 2014-2026";"Medicine (miscellaneous) (Q3); Psychology (miscellaneous) (Q3)";"Medicine; Psychology"
849;21100197358;"Psyecology";journal;"19899386, 21711976";"SAGE Publications Inc.";No;No;0,326;Q3;19;15;50;802;59;46;1,34;53,47;47,27;0;United Kingdom;Western Europe;"SAGE Publications Inc.";"2010-2025";"Applied Psychology (Q3); Environmental Science (miscellaneous) (Q3); Experimental and Cognitive Psychology (Q4)";"Environmental Science; Psychology"
850;21100255433;"Applied Neuropsychology: Child";journal;"21622973, 21622965";"Taylor and Francis Ltd.";No;No;0,325;Q3;33;37;114;1993;187;113;1,62;53,86;51,43;4;United Kingdom;Western Europe;"Taylor and Francis Ltd.";"2012-2026";"Developmental and Educational Psychology (Q3); Neuropsychology and Physiological Psychology (Q3)";"Psychology"
851;21100845670;"Studies in American Humor";journal;"23339934, 0095280X";"Penn State University Press";No;No;0,325;Q3;7;19;47;646;65;39;1,94;34,00;36,36;0;United States;Northern America;"Penn State University Press";"2017-2025";"Cultural Studies (Q1); History (Q1); Literature and Literary Theory (Q1); Visual Arts and Performing Arts (Q1); Linguistics and Language (Q2); Psychology (miscellaneous) (Q3)";"Arts and Humanities; Psychology; Social Sciences"
852;19400156832;"Brain Impairment";journal;"18395252, 14439646";"";No;No;0,323;Q3;32;9;78;436;88;76;0,69;48,44;66,67;0;United Kingdom;Western Europe;"";"2002, 2004, 2008-2026";"Neurology (Q3); Neurology (clinical) (Q3); Neuropsychology and Physiological Psychology (Q3); Speech and Hearing (Q3); Behavioral Neuroscience (Q4); Cognitive Neuroscience (Q4)";"Health Professions; Medicine; Neuroscience; Psychology"
853;21100329892;"Journal of Infant, Child, and Adolescent Psychotherapy";journal;"19409214, 15289168";"Routledge";No;No;0,322;Q3;23;31;104;1494;83;97;1,03;48,19;70,42;3;United States;Northern America;"Routledge";"2000, 2002, 2004-2010, 2014-2026";"Clinical Psychology (Q3); Psychiatry and Mental Health (Q3)";"Medicine; Psychology"
854;19700166619;"Journal of Neuroscience, Psychology, and Economics";journal;"1937321X, 2151318X";"American Psychological Association";No;No;0,321;Q3;33;15;44;1002;66;44;1,19;66,80;31,37;0;United States;Northern America;"American Psychological Association";"2008-2025";"Economics, Econometrics and Finance (miscellaneous) (Q2); Applied Psychology (Q3); Business, Management and Accounting (miscellaneous) (Q3); Behavioral Neuroscience (Q4); Cognitive Neuroscience (Q4); Experimental and Cognitive Psychology (Q4); Neuropsychology and Physiological Psychology (Q4)";"Business, Management and Accounting; Economics, Econometrics and Finance; Neuroscience; Psychology"
855;21101057933;"Personalized Medicine in Psychiatry";journal;"24681725, 24681717";"Elsevier Inc.";No;No;0,321;Q3;13;22;42;766;55;41;1,13;34,82;52,08;2;United States;Northern America;"Elsevier Inc.";"2017-2026";"Clinical Psychology (Q3); Neurology (clinical) (Q3); Psychiatry and Mental Health (Q3)";"Medicine; Psychology"
856;21100205738;"Journal of Humanistic Counseling";journal;"21611939, 21590311";"John Wiley and Sons Ltd";No;No;0,319;Q3;23;11;46;517;33;44;0,72;47,00;37,04;0;United Kingdom;Western Europe;"John Wiley and Sons Ltd";"2011-2026";"Developmental and Educational Psychology (Q3); Education (Q3)";"Psychology; Social Sciences"
857;19900191944;"OCNOS";journal;"22549099, 1885446X";"Centro de Estudios de Promoción de la Lectura y Literatura Infantil, Universidad de Castilla-La Manc";Yes;Yes;0,319;Q3;18;28;66;1106;59;66;0,95;39,50;58,46;0;Spain;Western Europe;"Centro de Estudios de Promoción de la Lectura y Literatura Infantil, Universidad de Castilla-La Manc";"2009-2026";"Literature and Literary Theory (Q1); Education (Q3); Social Psychology (Q3)";"Arts and Humanities; Psychology; Social Sciences"
858;21100370349;"Journal of Criminal Psychology";journal;"20499388, 20093829";"Emerald Publishing";No;No;0,318;Q3;20;21;60;1192;62;58;0,56;56,76;58,18;0;United Kingdom;Western Europe;"Emerald Publishing";"2011-2026";"Law (Q2); Applied Psychology (Q3); Social Psychology (Q3)";"Psychology; Social Sciences"
859;19900191409;"Partner Abuse";journal;"19466560, 19466579";"Springer Publishing Company";No;No;0,318;Q3;16;25;71;1409;66;70;0,85;56,36;69,86;0;United States;Northern America;"Springer Publishing Company";"2011, 2017-2026";"Gender Studies (Q2); Law (Q2); Clinical Psychology (Q3); Health (social science) (Q3); Pediatrics, Perinatology and Child Health (Q3); Social Psychology (Q3)";"Medicine; Psychology; Social Sciences"
860;21100844910;"Learning and Teaching";journal;"17552281, 17552273";"Berghahn Journals";Yes;Yes;0,316;Q3;12;18;50;731;33;45;0,62;40,61;79,31;3;United Kingdom;Western Europe;"Berghahn Journals";"2017-2025";"Sociology and Political Science (Q2); Developmental and Educational Psychology (Q3); Education (Q3)";"Psychology; Social Sciences"
861;21100900514;"Obrazovanie i Nauka";journal;"19945639, 23105828";"Russian State Vocational Pedagogical University";Yes;No;0,314;Q3;17;76;228;2971;266;228;1,45;39,09;60,96;0;Russian Federation;Eastern Europe;"Russian State Vocational Pedagogical University";"2018-2026";"Developmental and Educational Psychology (Q3); Education (Q3); Physical Therapy, Sports Therapy and Rehabilitation (Q3)";"Health Professions; Psychology; Social Sciences"
862;14730;"Revista Latinoamericana de Psicologia";journal;"01200534";"Konrad Lorenz Editores";Yes;Yes;0,313;Q3;38;24;66;1206;84;66;0,98;50,25;57,47;0;Colombia;Latin America;"Konrad Lorenz Editores";"1980, 1984, 1992, 1996-2025";"Social Sciences (miscellaneous) (Q2); Psychology (miscellaneous) (Q3)";"Psychology; Social Sciences"
863;21101021571;"Intervention";journal;"15718883, 18721001";"Wolters Kluwer Medknow Publications";Yes;No;0,311;Q3;15;35;86;1104;94;79;1,03;31,54;64,34;0;United States;Northern America;"Wolters Kluwer Medknow Publications";"2015, 2018-2025";"Clinical Psychology (Q3); Psychiatry and Mental Health (Q3); Social Psychology (Q3)";"Medicine; Psychology"
864;21100831409;"Couple and Family Psychology: Research and Practice";journal;"21604096, 2160410X";"American Psychological Association";No;No;0,309;Q3;21;56;51;2945;54;51;1,06;52,59;69,87;13;United States;Northern America;"American Psychological Association";"2016-2025";"Clinical Psychology (Q3); Social Psychology (Q3)";"Psychology"
865;17700156741;"International Journal of Play Therapy";journal;"15556824, 19390629";"American Psychological Association";No;No;0,308;Q3;35;24;65;1144;85;65;1,29;47,67;81,13;0;United States;Northern America;"American Psychological Association";"1992-2025";"Clinical Psychology (Q3); Complementary and Manual Therapy (Q3)";"Health Professions; Psychology"
866;13414;"Contemporary Family Therapy";journal;"08922764, 15733335";"Kluwer Academic/Human Sciences Press Inc.";No;No;0,306;Q3;46;33;117;1656;133;114;1,15;50,18;66,67;2;United States;Northern America;"Kluwer Academic/Human Sciences Press Inc.";"1986-2026";"Cultural Studies (Q1); Social Sciences (miscellaneous) (Q2); Clinical Psychology (Q3); Social Psychology (Q3)";"Psychology; Social Sciences"
867;30019;"Journal of Organizational Behavior Management";journal;"01608061, 15408604";"Routledge";No;No;0,306;Q3;41;21;62;647;129;45;1,71;30,81;45,83;0;United States;Northern America;"Routledge";"1977-1978, 1980-1985, 1987-1991, 1993-2026";"Applied Psychology (Q3); Management of Technology and Innovation (Q3); Strategy and Management (Q3)";"Business, Management and Accounting; Psychology"
868;19700190348;"Coaching";journal;"17521890, 17521882";"Routledge";No;No;0,305;Q3;27;14;41;599;57;36;1,43;42,79;60,87;0;United States;Northern America;"Routledge";"2010-2026";"Developmental and Educational Psychology (Q3); Organizational Behavior and Human Resource Management (Q3); Social Psychology (Q3)";"Business, Management and Accounting; Psychology"
869;14769;"History of Psychology";journal;"19390610, 10934510";"American Psychological Association";No;No;0,305;Q3;32;29;92;1707;53;84;0,44;58,86;36,36;0;United States;Northern America;"American Psychological Association";"1998-2025";"History (Q1); Psychology (miscellaneous) (Q3)";"Arts and Humanities; Psychology"
870;21101041510;"Journal of Behavioral and Cognitive Therapy";journal;"25899791, 26663473";"Elsevier Masson s.r.l.";No;No;0,305;Q3;17;31;75;1592;70;65;1,24;51,35;64,00;6;France;Western Europe;"Elsevier Masson s.r.l.";"2020-2026";"Clinical Psychology (Q3); Psychiatry and Mental Health (Q3); Neuropsychology and Physiological Psychology (Q4)";"Medicine; Psychology"
871;30063;"Journal of Psychology and Theology";journal;"23281162, 00916471";"Rosemead School of Psychology";No;No;0,305;Q3;44;27;69;1251;47;67;0,69;46,33;40,58;0;United States;Northern America;"Rosemead School of Psychology";"1990, 1992, 1996-2026";"Religious Studies (Q1); Psychology (miscellaneous) (Q3)";"Arts and Humanities; Psychology"
872;21100979307;"Counseling Psychology and Psychotherapy";journal;"20753470, 23119446";"Moscow State University of Psychology and Education";Yes;Yes;0,304;Q3;13;50;125;1204;125;110;1,39;24,08;73,68;0;Russian Federation;Eastern Europe;"Moscow State University of Psychology and Education";"2016-2025";"Clinical Psychology (Q3); Developmental and Educational Psychology (Q3); Health (social science) (Q3)";"Psychology; Social Sciences"
873;21101050919;"Journal of Family Trauma, Child Custody and Child Development";journal;"26904586, 26904594";"Taylor and Francis Ltd.";No;No;0,304;Q3;28;24;66;971;84;64;1,12;40,46;72,97;1;United Kingdom;Western Europe;"Taylor and Francis Ltd.";"2020-2026";"Law (Q2); Developmental and Educational Psychology (Q3); Health (social science) (Q3); Social Psychology (Q3)";"Psychology; Social Sciences"
874;12840;"Child and Family Behavior Therapy";journal;"1545228X, 07317107";"Taylor and Francis Ltd.";No;No;0,302;Q3;38;13;37;535;48;37;1,04;41,15;73,08;0;United States;Northern America;"Taylor and Francis Ltd.";"1983-2026";"Social Sciences (miscellaneous) (Q2); Clinical Psychology (Q3)";"Psychology; Social Sciences"
875;5600155528;"International Journal of Organization Theory and Behavior";journal;"15324273, 10934537";"Emerald Publishing";No;No;0,302;Q3;17;19;64;1262;71;63;1,10;66,42;37,14;0;United Kingdom;Western Europe;"Emerald Publishing";"2012-2026";"Applied Psychology (Q3); Organizational Behavior and Human Resource Management (Q3); Public Administration (Q3)";"Business, Management and Accounting; Psychology; Social Sciences"
876;29473;"American Journal of Psychoanalysis";journal;"00029548, 15736741";"Palgrave Macmillan Ltd.";No;No;0,301;Q3;24;29;86;1192;56;83;0,65;41,10;50,00;1;United Kingdom;Western Europe;"Palgrave Macmillan Ltd.";"1942-2026";"Clinical Psychology (Q3); Psychiatry and Mental Health (Q3)";"Medicine; Psychology"
877;21100996943;"Psychological Science and Education";journal;"18142052, 23117273";"Moscow State University of Psychology and Education";Yes;Yes;0,301;Q3;17;68;157;1803;153;154;1,11;26,51;74,13;0;Russian Federation;Eastern Europe;"Moscow State University of Psychology and Education";"1999, 2004-2025";"Developmental and Educational Psychology (Q3); Education (Q3); Psychology (miscellaneous) (Q3); Social Psychology (Q3)";"Psychology; Social Sciences"
878;21100812627;"Publicaciones de la Facultad de Educacion y Humanidades del Campus de Melilla";journal;"25309269, 15774147";"Universidad de Granada";Yes;Yes;0,301;Q3;13;56;161;2250;173;150;1,09;40,18;48,09;3;Spain;Western Europe;"Universidad de Granada";"2012-2025";"Developmental and Educational Psychology (Q3); Education (Q3)";"Psychology; Social Sciences"
879;14888;"International Journal of Comparative Psychology";journal;"08893667, 21683344";"eScholarship";Yes;Yes;0,300;Q3;15;10;87;667;80;87;0,76;66,70;54,84;0;United States;Northern America;"eScholarship";"1992, 1995, 2001-2004, 2007, 2015-2025";"Psychology (miscellaneous) (Q3)";"Psychology"
880;21100925743;"Journal of Youth Development";journal;"23254009, 23254017";"Clemson University/TigerPrints";Yes;Yes;0,300;Q3;15;72;118;2654;113;118;0,96;36,86;66,42;4;United States;Northern America;"Clemson University/TigerPrints";"2006, 2008, 2011-2014, 2016-2017, 2019-2025";"Developmental and Educational Psychology (Q3); Life-span and Life-course Studies (Q4)";"Psychology; Social Sciences"
881;19900188288;"Subjectivity";journal;"17556341, 1755635X";"Palgrave Macmillan Ltd.";No;No;0,300;Q3;19;12;62;542;55;53;0,67;45,17;53,85;0;United Kingdom;Western Europe;"Palgrave Macmillan Ltd.";"2011, 2015-2025";"Applied Psychology (Q3); Social Psychology (Q3)";"Psychology"
882;145613;"American Journal of Family Therapy";journal;"01926187, 15210383";"Routledge";No;No;0,298;Q3;53;18;103;812;89;103;0,69;45,11;53,33;1;United States;Northern America;"Routledge";"1979-2026";"Clinical Psychology (Q3); Social Psychology (Q3)";"Psychology"
883;21100980646;"Current Issues in Personality Psychology";journal;"23534192, 2353561X";"Termedia Publishing House Ltd.";Yes;Yes;0,298;Q3;15;33;96;1518;86;96;0,92;46,00;58,82;1;Poland;Eastern Europe;"Termedia Publishing House Ltd.";"2016-2025";"Social Psychology (Q3)";"Psychology"
884;19700190344;"Early Years";journal;"14724421, 09575146";"Routledge";No;No;0,298;Q3;43;39;105;1601;90;90;0,79;41,05;82,76;13;United States;Northern America;"Routledge";"1980-2026";"Developmental and Educational Psychology (Q3); Education (Q3)";"Psychology; Social Sciences"
885;4700152822;"Journal of Creativity in Mental Health";journal;"15401391, 15401383";"Routledge";No;No;0,298;Q3;30;33;143;1277;127;133;0,72;38,70;71,60;1;United States;Northern America;"Routledge";"2006-2026";"Clinical Psychology (Q3); Psychiatry and Mental Health (Q3)";"Medicine; Psychology"
886;13359;"Behavioral Psychology/ Psicologia Conductual (discontinued)";journal;"11329483";"Fundacion VECA";No;No;0,297;Q3;33;39;82;2190;86;81;0,91;56,15;65,71;3;Spain;Western Europe;"Fundacion VECA";"1996-2024";"Clinical Psychology (Q3); Experimental and Cognitive Psychology (Q4)";"Psychology"
887;21100329895;"Behavioral Sciences of Terrorism and Political Aggression";journal;"19434480, 19434472";"Routledge";No;No;0,297;Q3;27;16;45;953;94;44;2,25;59,56;28,57;6;United States;Northern America;"Routledge";"2009-2026";"Political Science and International Relations (Q2); Sociology and Political Science (Q2); Social Psychology (Q3)";"Psychology; Social Sciences"
888;20600195510;"Journal of Aggression, Conflict and Peace Research";journal;"20428715, 17596599";"Emerald Group Publishing Ltd.";No;No;0,297;Q3;26;18;75;1077;96;72;0,87;59,83;39,47;0;United Kingdom;Western Europe;"Emerald Group Publishing Ltd.";"2009-2026";"Law (Q2); Sociology and Political Science (Q2); Health (social science) (Q3); Social Psychology (Q3)";"Psychology; Social Sciences"
889;21100793178;"Psicoperspectivas";journal;"07186924";"Pontificia Universidad Catolica de Valparaiso";Yes;Yes;0,296;Q3;27;42;121;1822;119;118;0,99;43,38;63,28;2;Chile;Latin America;"Pontificia Universidad Catolica de Valparaiso";"2006-2025";"Social Sciences (miscellaneous) (Q2); Psychology (miscellaneous) (Q3)";"Psychology; Social Sciences"
890;21100451148;"Bordon";journal;"02105934, 23406577";"Sociedad Espanola de Pedagogia";Yes;Yes;0,295;Q3;23;32;122;1461;115;121;0,89;45,66;69,47;0;Spain;Western Europe;"Sociedad Espanola de Pedagogia";"2011-2025";"Developmental and Educational Psychology (Q3); Education (Q3)";"Psychology; Social Sciences"
891;11200153529;"Journal of Spirituality in Mental Health";journal;"19349645, 19349637";"Routledge";No;No;0,295;Q3;23;18;53;978;58;53;1,11;54,33;52,38;0;United States;Northern America;"Routledge";"2006-2026";"Religious Studies (Q1); Social Sciences (miscellaneous) (Q2); Applied Psychology (Q3); Social Psychology (Q3)";"Arts and Humanities; Psychology; Social Sciences"
892;21100887416;"Marketing, Zeitschrift fur Forschung und Praxis";journal;"03441369";"C.H.BECK";No;No;0,295;Q3;8;20;46;1336;31;36;0,58;66,80;37,21;1;Germany;Western Europe;"C.H.BECK";"2018-2023";"Marketing (Q3); Social Psychology (Q3)";"Business, Management and Accounting; Psychology"
893;20000195050;"Paideia";journal;"0103863X, 19824327";"Universidade de Sao Paulo 1";Yes;Yes;0,295;Q3;24;42;118;1358;92;118;0,78;32,33;72,59;1;Brazil;Latin America;"Universidade de Sao Paulo 1";"2011-2026";"Education (Q3); Psychology (miscellaneous) (Q3)";"Psychology; Social Sciences"
894;25313;"Journal of Child and Adolescent Substance Abuse";journal;"15470652, 1067828X";"Taylor and Francis Ltd.";No;No;0,294;Q3;0;0;0;0;0;0;0,00;0,00;0,00;0;United States;Northern America;"Taylor and Francis Ltd.";"1994-2020, 2024";"Education (Q3); Psychology (miscellaneous) (Q3); Public Health, Environmental and Occupational Health (Q3); Social Psychology (Q3)";"Medicine; Psychology; Social Sciences"
895;4700152751;"Journal of Workplace Behavioral Health";journal;"15555259, 15555240";"Routledge";No;No;0,294;Q3;28;21;50;949;47;47;0,57;45,19;38,89;3;United States;Northern America;"Routledge";"2005-2026";"Applied Psychology (Q3); Public Health, Environmental and Occupational Health (Q3)";"Medicine; Psychology"
896;21100218515;"Journal of Gambling Issues";journal;"19107595";"";Yes;No;0,293;Q3;21;45;79;2491;99;74;1,38;55,36;42,50;9;Canada;Northern America;"";"2006, 2009, 2012-2025";"Clinical Psychology (Q3); Psychiatry and Mental Health (Q3)";"Medicine; Psychology"
897;16813;"Journal of Rehabilitation";journal;"00224154";"National Rehabilitation Association";No;No;0,293;Q3;43;33;76;1601;62;74;0,63;48,52;63,06;0;United States;Northern America;"National Rehabilitation Association";"1945-1984, 1991, 1996-2023";"Clinical Psychology (Q3); Psychiatry and Mental Health (Q3); Public Health, Environmental and Occupational Health (Q3); Rehabilitation (Q3)";"Medicine; Psychology"
898;144975;"Family Journal";journal;"10664807, 15523950";"SAGE Publications Inc.";No;No;0,292;Q3;48;70;164;2763;157;160;0,93;39,47;64,41;7;United States;Northern America;"SAGE Publications Inc.";"1993-2026";"Social Sciences (miscellaneous) (Q2); Social Psychology (Q3)";"Psychology; Social Sciences"
899;21100938864;"Health Psychology Report";journal;"23535571, 23534184";"Termedia Publishing House Ltd.";Yes;Yes;0,291;Q3;17;31;64;1724;92;64;1,44;55,61;56,38;2;Poland;Eastern Europe;"Termedia Publishing House Ltd.";"2019-2025";"Clinical Psychology (Q3); Psychiatry and Mental Health (Q3)";"Medicine; Psychology"
900;21100896854;"Eurasian Journal of Applied Linguistics (discontinued)";journal;"21491135";"Hacettepe University";Yes;No;0,290;Q3;17;39;64;1995;85;64;1,58;51,15;38,03;0;Turkey;Middle East;"Hacettepe University";"2018-2025";"Linguistics and Language (Q2); Education (Q3); Social Psychology (Q3)";"Psychology; Social Sciences"
901;18123;"Occupational Therapy in Mental Health";journal;"0164212X, 15413101";"Routledge";No;No;0,289;Q3;27;22;64;971;51;63;0,83;44,14;78,16;0;United Kingdom;Western Europe;"Routledge";"1980-1993, 1995-2026";"Applied Psychology (Q3); Psychiatry and Mental Health (Q3); Public Health, Environmental and Occupational Health (Q3)";"Medicine; Psychology"
902;29216;"Children's Health Care";journal;"15326888, 02739615";"Routledge";No;No;0,288;Q3;45;26;81;1200;85;81;0,95;46,15;69,29;1;United States;Northern America;"Routledge";"1980-2026";"Clinical Psychology (Q3); Developmental and Educational Psychology (Q3); Pediatrics, Perinatology and Child Health (Q3)";"Medicine; Psychology"
903;21100469696;"Art and Perception";journal;"22134905, 22134913";"Brill Academic Publishers";No;No;0,287;Q3;15;18;35;1322;29;35;0,79;73,44;35,00;0;Netherlands;Western Europe;"Brill Academic Publishers";"2013-2026";"History (Q1); Visual Arts and Performing Arts (Q1); Applied Psychology (Q3)";"Arts and Humanities; Psychology"
904;15405;"Journal of Child Psychotherapy";journal;"14699370, 0075417X";"Routledge";No;No;0,287;Q3;29;29;98;707;33;76;0,31;24,38;59,38;0;United Kingdom;Western Europe;"Routledge";"1963-2026";"Clinical Psychology (Q3); Pediatrics, Perinatology and Child Health (Q3); Psychiatry and Mental Health (Q3)";"Medicine; Psychology"
905;13375;"Psicologica";journal;"02112159, 15768597";"";Yes;Yes;0,287;Q3;24;7;31;343;20;31;0,71;49,00;29,17;0;Spain;Western Europe;"";"2004-2025";"Arts and Humanities (miscellaneous) (Q2); Developmental and Educational Psychology (Q3); Psychology (miscellaneous) (Q3); Statistics and Probability (Q3); Experimental and Cognitive Psychology (Q4)";"Arts and Humanities; Mathematics; Psychology"
906;21100903407;"Psychoanalysis, Self and Context";journal;"24720038, 24720046";"Taylor and Francis Ltd.";No;No;0,287;Q3;18;53;144;954;43;102;0,26;18,00;48,72;0;United Kingdom;Western Europe;"Taylor and Francis Ltd.";"2017-2026";"Clinical Psychology (Q3); Psychiatry and Mental Health (Q3)";"Medicine; Psychology"
907;13164;"British Journal of Guidance and Counselling";journal;"03069885, 14693534";"Routledge";No;No;0,286;Q3;59;62;190;3038;245;183;1,05;49,00;56,30;5;United States;Northern America;"Routledge";"1973-2026";"Applied Psychology (Q3)";"Psychology"
908;19900192340;"Cuadernos de Psicologia del Deporte";journal;"15788423, 19895879";"Universidad de Murcia Servicio de Publicaciones";Yes;No;0,286;Q3;29;60;182;2777;248;171;1,33;46,28;34,07;0;Spain;Western Europe;"Universidad de Murcia Servicio de Publicaciones";"2011-2025";"Applied Psychology (Q3)";"Psychology"
909;21100229214;"Malaysian Journal of Learning and Instruction";journal;"21802483, 16758110";"Universiti Utara Malaysia Press";Yes;No;0,286;Q3;25;22;62;1342;117;62;1,25;61,00;54,55;0;Malaysia;Asiatic Region;"Universiti Utara Malaysia Press";"2006, 2010, 2012-2025";"Cultural Studies (Q1); Developmental and Educational Psychology (Q3); Education (Q3); Psychology (miscellaneous) (Q3)";"Psychology; Social Sciences"
910;21100201309;"International Journal of Dream Research";journal;"18667953";"Universitaet Heidelberg";Yes;No;0,285;Q3;23;43;111;1533;107;108;0,91;35,65;43,94;0;Germany;Western Europe;"Universitaet Heidelberg";"2011-2025";"Psychology (miscellaneous) (Q3)";"Psychology"
911;19500157216;"Journal of Addictions and Offender Counseling";journal;"10553835, 21611874";"Wiley-Blackwell";No;No;0,285;Q3;20;9;24;309;26;24;1,13;34,33;68,97;1;United States;Northern America;"Wiley-Blackwell";"1990-2026";"Law (Q2); Clinical Psychology (Q3); Social Psychology (Q3)";"Psychology; Social Sciences"
912;5900153309;"Journal of Muslim Mental Health";journal;"15564908, 15565009";"Michigan Publishing";Yes;Yes;0,285;Q3;30;10;36;656;21;31;0,05;65,60;76,92;1;United States;Northern America;"Michigan Publishing";"2007-2025";"Religious Studies (Q1); Clinical Psychology (Q3); Health (social science) (Q3); Psychiatry and Mental Health (Q3)";"Arts and Humanities; Medicine; Psychology; Social Sciences"
913;21100945755;"Archives of Psychiatry Research";journal;"26711079, 26712008";"Dr. Mladen Stojanovic University Hospital";Yes;Yes;0,283;Q3;11;25;45;559;50;39;1,03;22,36;60,81;1;Croatia;Eastern Europe;"Dr. Mladen Stojanovic University Hospital";"2019-2025";"Clinical Psychology (Q3); Health (social science) (Q3); Medicine (miscellaneous) (Q3); Psychiatry and Mental Health (Q3)";"Medicine; Psychology; Social Sciences"
914;21100200401;"International Journal of Psychological Research";journal;"20117922, 20112084";"Universidad de San Buenaventura";Yes;Yes;0,283;Q3;23;19;54;1020;66;50;1,19;53,68;57,58;1;Colombia;Latin America;"Universidad de San Buenaventura";"2011-2025";"Psychology (miscellaneous) (Q3)";"Psychology"
915;12400154709;"Terapia Psicologica";journal;"07166184, 07184808";"Sociedad Chilena de Psicologia Clinica";Yes;Yes;0,282;Q3;33;24;66;1259;102;66;1,50;52,46;51,72;0;Chile;Latin America;"Sociedad Chilena de Psicologia Clinica";"2008-2025";"Clinical Psychology (Q3); Psychiatry and Mental Health (Q3)";"Medicine; Psychology"
916;21100898630;"Journal of Special Education Leadership";journal;"15251810";"Council of Administrators of Special Education";No;No;0,281;Q3;8;14;37;364;21;24;0,36;26,00;47,37;0;United States;Northern America;"Council of Administrators of Special Education";"2018-2025";"Developmental and Educational Psychology (Q3); Education (Q3); Public Administration (Q3)";"Psychology; Social Sciences"
917;21100894548;"Global Studies of Childhood";journal;"20436106";"SAGE Publications Ltd";No;No;0,280;Q3;23;21;102;873;91;90;1,07;41,57;70,97;2;United Kingdom;Western Europe;"SAGE Publications Ltd";"2015-2026";"Sociology and Political Science (Q2); Demography (Q3); Development (Q3); Developmental and Educational Psychology (Q3); Education (Q3)";"Psychology; Social Sciences"
918;19600157748;"Ansiedad y Estres";journal;"21740437, 11347937";"Spanish Society for the Study of Anxiety and Stress (SEAS)";No;No;0,279;Q3;20;30;70;1335;74;70;1,02;44,50;47,00;1;Spain;Western Europe;"Spanish Society for the Study of Anxiety and Stress (SEAS)";"2009-2025";"Applied Psychology (Q3); Psychiatry and Mental Health (Q3); Social Psychology (Q3)";"Medicine; Psychology"
919;13421;"Psychoanalytic Psychotherapy";journal;"02668734, 14749734";"Routledge";No;No;0,279;Q3;23;25;61;733;41;49;0,34;29,32;53,19;0;United Kingdom;Western Europe;"Routledge";"1985-1987, 1989-2026";"Clinical Psychology (Q3); Psychiatry and Mental Health (Q3)";"Medicine; Psychology"
920;19985;"Zeitschrift fur Kinder- und Jugendpsychiatrie und Psychotherapie";journal;"16642880, 14224917";"Hogrefe Publishing";No;No;0,279;Q3;30;73;204;1339;141;179;0,64;18,34;55,41;4;Switzerland;Western Europe;"Hogrefe Publishing";"1996-2026";"Clinical Psychology (Q3); Medicine (miscellaneous) (Q3); Pediatrics, Perinatology and Child Health (Q3); Psychiatry and Mental Health (Q3)";"Medicine; Psychology"
921;21100330721;"Person-Centered and Experiential Psychotherapies";journal;"17529182, 14779757";"Routledge";No;No;0,278;Q3;23;22;71;1051;38;63;0,33;47,77;34,48;0;United States;Northern America;"Routledge";"2002-2026";"Clinical Psychology (Q3); Developmental and Educational Psychology (Q3); Psychiatry and Mental Health (Q3)";"Medicine; Psychology"
922;17700156017;"Revista de Psicologia del Deporte (discontinued)";journal;"19885636, 1132239X";"Sociedad Revista de Psicologia del Deporte";Yes;No;0,276;Q3;38;98;176;3514;236;170;1,34;35,86;35,19;0;Spain;Western Europe;"Sociedad Revista de Psicologia del Deporte";"2008-2025";"Applied Psychology (Q3); Sports Science (Q4)";"Health Professions; Psychology"
923;21100937445;"Journal of Education and e-Learning Research";journal;"25180169, 24109991";"Asian Online Journal Publishing Group";Yes;No;0,274;Q3;19;51;79;1928;124;79;1,57;37,80;47,71;2;United States;Northern America;"Asian Online Journal Publishing Group";"2019-2026";"Computer Science Applications (Q3); Developmental and Educational Psychology (Q3); Education (Q3)";"Computer Science; Psychology; Social Sciences"
924;21100900143;"Journal of Social Ontology";journal;"21969663";"University of Vienna";Yes;Yes;0,274;Q3;16;19;33;827;21;33;0,44;43,53;8,70;0;Austria;Western Europe;"University of Vienna";"2015-2025";"Anthropology (Q2); Economics, Econometrics and Finance (miscellaneous) (Q2); Linguistics and Language (Q2); Philosophy (Q2); Communication (Q3); Social Psychology (Q3)";"Arts and Humanities; Economics, Econometrics and Finance; Psychology; Social Sciences"
925;18336;"Counseling and Values";journal;"01607960, 2161007X";"Brill Academic Publishers";No;No;0,273;Q3;41;14;45;834;38;44;0,93;59,57;64,86;0;United States;Northern America;"Brill Academic Publishers";"1973-2025";"Religious Studies (Q1); Clinical Psychology (Q3); Social Psychology (Q3)";"Arts and Humanities; Psychology"
926;40126;"Journal of Social Distress and the Homeless";journal;"1573658X, 10530789";"Taylor and Francis Ltd.";No;No;0,273;Q3;28;5;56;195;62;56;1,10;39,00;41,18;0;United Kingdom;Western Europe;"Taylor and Francis Ltd.";"1992-2002, 2015-2021, 2024-2025";"Social Sciences (miscellaneous) (Q2); Health Professions (miscellaneous) (Q3); Psychology (miscellaneous) (Q3)";"Health Professions; Psychology; Social Sciences"
927;18300156724;"Psychology of Language and Communication";journal;"12342238";"University of Warsaw, Faculty of Psychology";Yes;Yes;0,273;Q3;18;12;48;683;38;48;0,61;56,92;58,82;0;Poland;Eastern Europe;"University of Warsaw, Faculty of Psychology";"2008-2024";"Linguistics and Language (Q2); Communication (Q3); Developmental and Educational Psychology (Q3); Experimental and Cognitive Psychology (Q4)";"Psychology; Social Sciences"
928;21100901172;"Military Behavioral Health";journal;"21635781, 21635803";"Taylor and Francis Ltd.";No;No;0,271;Q3;20;44;135;2051;102;133;0,85;46,61;52,13;6;United Kingdom;Western Europe;"Taylor and Francis Ltd.";"2015-2024";"Social Sciences (miscellaneous) (Q2); Psychology (miscellaneous) (Q3)";"Psychology; Social Sciences"
929;19200156803;"Psihologija";journal;"14519283, 00485705";"Serbian Psychological Society";Yes;Yes;0,269;Q3;23;24;74;1185;88;74;1,21;49,38;60,49;0;Serbia;Eastern Europe;"Serbian Psychological Society";"2007-2026";"Psychology (miscellaneous) (Q3)";"Psychology"
930;14780;"Swiss Journal of Psychology";journal;"16620879, 14210185";"Hogrefe Verlag GmbH &amp; Co. KG";No;No;0,267;Q3;0;0;0;0;0;0;0,00;0,00;0,00;0;Switzerland;Western Europe;"Hogrefe Verlag GmbH &amp; Co. KG";"1996-2020";"Psychology (miscellaneous) (Q3)";"Psychology"
931;15617;"Journal of Comparative Family Studies";journal;"00472328, 19299850";"University of Toronto Press";No;No;0,267;Q4;54;32;78;1727;61;64;1,02;53,97;72,73;0;Canada;Northern America;"University of Toronto Press";"1973, 1976-2024";"Anthropology (Q2); Sociology and Political Science (Q2); Social Psychology (Q4)";"Psychology; Social Sciences"
932;23703;"Journal of Feminist Family Therapy";journal;"15404099, 08952833";"Routledge";No;No;0,266;Q3;25;23;44;907;33;41;0,56;39,43;78,00;1;United States;Northern America;"Routledge";"1989-2026";"Applied Psychology (Q3); Gender Studies (Q3)";"Psychology; Social Sciences"
933;21100897522;"i-com";journal;"21966826, 1618162X";"De Gruyter Oldenbourg";Yes;No;0,266;Q4;18;32;60;1727;81;55;1,58;53,97;28,21;3;Germany;Western Europe;"De Gruyter Oldenbourg";"2001-2026";"Business, Management and Accounting (miscellaneous) (Q3); Communication (Q3); Computer Networks and Communications (Q3); Information Systems (Q3); Human-Computer Interaction (Q4); Social Psychology (Q4)";"Business, Management and Accounting; Computer Science; Psychology; Social Sciences"
934;21100200415;"Revista Colombiana de Psicologia";journal;"23448644, 01215469";"Universidad Nacional de Colombia";Yes;Yes;0,265;Q3;16;16;55;768;54;55;0,81;48,00;59,09;0;Colombia;Latin America;"Universidad Nacional de Colombia";"2011-2025";"Social Sciences (miscellaneous) (Q2); Psychology (miscellaneous) (Q3)";"Psychology; Social Sciences"
935;21100217020;"Revista Iberoamericana de Diagnostico y Evaluacion Psicologica";journal;"21836051, 11353848";"AIDEP";No;No;0,265;Q3;22;57;172;2827;199;169;1,21;49,60;51,03;0;Spain;Western Europe;"AIDEP";"2008-2025";"Psychology (miscellaneous) (Q3)";"Psychology"
936;19700188266;"Humanistic Psychologist";journal;"15473333, 08873267";"American Psychological Association";No;No;0,265;Q4;35;56;96;2403;66;90;0,72;42,91;53,92;0;United States;Northern America;"American Psychological Association";"1985-2025";"Applied Psychology (Q4); Social Psychology (Q4)";"Psychology"
937;21100244625;"Revista Espanola de Orientacion y Psicopedagogia";journal;"11397853, 19897448";"Universidad Nacional de Educacion a Distancia (UNED)";Yes;Yes;0,265;Q4;20;27;78;1261;87;71;1,08;46,70;60,34;0;Spain;Western Europe;"Universidad Nacional de Educacion a Distancia (UNED)";"2010-2025";"Education (Q3); Applied Psychology (Q4)";"Psychology; Social Sciences"
938;4700152788;"Journal of College Student Psychotherapy";journal;"87568225, 15404730";"Routledge";No;No;0,262;Q3;0;0;0;0;0;0;0,00;0,00;0,00;0;United States;Northern America;"Routledge";"1987-2023";"Clinical Psychology (Q3); Psychiatry and Mental Health (Q3)";"Medicine; Psychology"
939;21100935905;"Boyhood Studies";journal;"23759240, 23759267";"Berghahn Journals";No;No;0,262;Q4;8;17;38;578;27;36;0,82;34,00;57,14;0;United Kingdom;Western Europe;"Berghahn Journals";"2007, 2018-2025";"Cultural Studies (Q1); Education (Q3); Gender Studies (Q3); Developmental and Educational Psychology (Q4); Life-span and Life-course Studies (Q4); Social Psychology (Q4)";"Psychology; Social Sciences"
940;21100793123;"Journal of College Reading and Learning";journal;"10790195, 23327413";"Taylor and Francis Ltd.";No;No;0,262;Q4;25;19;54;632;39;41;0,54;33,26;50,00;0;United Kingdom;Western Europe;"Taylor and Francis Ltd.";"1983-2013, 2015-2026";"Linguistics and Language (Q2); Education (Q3); Developmental and Educational Psychology (Q4)";"Psychology; Social Sciences"
941;19900191902;"Journal of Occupational Therapy, Schools, and Early Intervention";journal;"19411243, 19411251";"Routledge";No;No;0,262;Q4;20;29;100;1294;74;98;0,71;44,62;82,22;1;United Kingdom;Western Europe;"Routledge";"2008-2026";"Education (Q3); Occupational Therapy (Q3); Social Psychology (Q4)";"Health Professions; Psychology; Social Sciences"
942;21100775661;"Physical Culture and Sport, Studies and Research";journal;"20812221, 18994849";"De Gruyter Open Ltd";Yes;No;0,262;Q4;16;31;78;1472;77;78;1,02;47,48;31,43;1;Poland;Eastern Europe;"De Gruyter Open Ltd";"2016-2026";"Cultural Studies (Q1); Education (Q3); Applied Psychology (Q4); Tourism, Leisure and Hospitality Management (Q4)";"Business, Management and Accounting; Psychology; Social Sciences"
943;15913;"Zeitschrift fur Entwicklungspsychologie und Padagogische Psychologie";journal;"00498637, 21906262";"Hogrefe Publishing";No;No;0,262;Q4;30;9;47;576;26;44;0,71;64,00;92,00;0;Germany;Western Europe;"Hogrefe Publishing";"1982, 1996-2025";"Education (Q3); Developmental and Educational Psychology (Q4)";"Psychology; Social Sciences"
944;21100202714;"Drugs and Alcohol Today";journal;"17459265";"Emerald Group Publishing Ltd.";No;No;0,261;Q3;0;0;0;0;0;0;0,00;0,00;0,00;0;United Kingdom;Western Europe;"Emerald Group Publishing Ltd.";"2001-2022";"Clinical Psychology (Q3); Medicine (miscellaneous) (Q3); Psychiatry and Mental Health (Q3)";"Medicine; Psychology"
945;21100834354;"International Journal of Human Rights in Healthcare";journal;"20564902, 20564910";"Emerald Group Publishing Ltd.";No;No;0,261;Q4;24;29;118;1137;136;105;0,96;39,21;44,19;0;United Kingdom;Western Europe;"Emerald Group Publishing Ltd.";"2015-2026";"Sociology and Political Science (Q2); Health Policy (Q3); Health (social science) (Q3); Public Administration (Q3); Social Psychology (Q4)";"Medicine; Psychology; Social Sciences"
946;15505;"Journal of Family Psychotherapy";journal;"08975353, 15404080";"Routledge";No;No;0,260;Q3;0;0;0;0;0;0;0,00;0,00;0,00;0;United States;Northern America;"Routledge";"1990-2020";"Clinical Psychology (Q3); Psychiatry and Mental Health (Q3)";"Medicine; Psychology"
947;21100818942;"Journal of Psychologists and Counsellors in Schools";journal;"20556365, 20556373";"SAGE Publications Ltd";No;No;0,259;Q4;34;22;60;1188;52;51;0,88;54,00;59,57;4;United Kingdom;Western Europe;"SAGE Publications Ltd";"2015-2025";"Education (Q3); Developmental and Educational Psychology (Q4); Social Psychology (Q4)";"Psychology; Social Sciences"
948;21100896926;"Creativity";journal;"23540036";"Sciendo";Yes;No;0,258;Q4;12;27;51;1458;33;51;0,35;54,00;44,93;3;Poland;Eastern Europe;"Sciendo";"2018-2026";"Visual Arts and Performing Arts (Q1); Arts and Humanities (miscellaneous) (Q2); Education (Q3); Social Psychology (Q4); Statistics, Probability and Uncertainty (Q4)";"Arts and Humanities; Decision Sciences; Psychology; Social Sciences"
949;21100898825;"Aloma";journal;"23399694, 11383194";"Facultat de Psicologia, Ciencies de l'Educacio i de l'Esport Blanquerna";Yes;No;0,256;Q3;12;16;49;846;62;46;1,16;52,88;51,22;0;Spain;Western Europe;"Facultat de Psicologia, Ciencies de l'Educacio i de l'Esport Blanquerna";"2018-2025";"Computer Networks and Communications (Q3); Education (Q3); Physical Therapy, Sports Therapy and Rehabilitation (Q3); Psychology (miscellaneous) (Q3)";"Computer Science; Health Professions; Psychology; Social Sciences"
950;21101039082;"Scandinavian Journal of Work and Organizational Psychology";journal;"20022867";"Stockholm University Press";Yes;No;0,256;Q3;12;11;20;591;37;20;1,85;53,73;57,78;0;Sweden;Western Europe;"Stockholm University Press";"2019-2025";"Psychology (miscellaneous) (Q3)";"Psychology"
951;21100972436;"Gifted and Talented International";journal;"15332276, 24709565";"Routledge";No;No;0,255;Q4;18;10;28;479;21;25;0,81;47,90;72,73;0;United States;Northern America;"Routledge";"1996-2026";"Education (Q3); Developmental and Educational Psychology (Q4)";"Psychology; Social Sciences"
952;19900191617;"International Journal of Culture and Mental Health";journal;"17542863, 17542871";"Routledge";No;No;0,255;Q4;24;0;75;0;66;69;0,00;0,00;0,00;0;United Kingdom;Western Europe;"Routledge";"2008, 2010-2018";"Cultural Studies (Q1); Psychiatry and Mental Health (Q3); Social Psychology (Q4)";"Medicine; Psychology; Social Sciences"
953;19700173116;"Journal of Children's Services";journal;"17466660";"Emerald Group Publishing Ltd.";No;No;0,255;Q4;30;26;63;1306;63;60;1,06;50,23;76,54;0;United Kingdom;Western Europe;"Emerald Group Publishing Ltd.";"2006-2026";"Law (Q2); Education (Q3); Health (social science) (Q3); Sociology and Political Science (Q3); Developmental and Educational Psychology (Q4)";"Psychology; Social Sciences"
954;29521;"Annales Medico-Psychologiques";journal;"00034487, 17696631";"Elsevier Masson s.r.l.";No;No;0,252;Q4;28;145;467;4260;229;444;0,54;29,38;42,35;6;France;Western Europe;"Elsevier Masson s.r.l.";"1946-1947, 1949-2026";"Arts and Humanities (miscellaneous) (Q2); Psychiatry and Mental Health (Q3); Applied Psychology (Q4)";"Arts and Humanities; Medicine; Psychology"
955;14009;"Psychology and Developing Societies";journal;"09730761, 09713336";"Sage Publications India Pvt. Ltd";No;No;0,252;Q4;28;14;36;606;31;35;0,96;43,29;57,69;0;India;Asiatic Region;"Sage Publications India Pvt. Ltd";"1989-2026";"Social Psychology (Q4)";"Psychology"
956;5800173397;"Body, Movement and Dance in Psychotherapy";journal;"17432987, 17432979";"Taylor and Francis Ltd.";No;No;0,249;Q3;20;26;63;686;41;48;0,70;26,38;78,57;0;United Kingdom;Western Europe;"Taylor and Francis Ltd.";"2006-2026";"Clinical Psychology (Q3); Psychiatry and Mental Health (Q3)";"Medicine; Psychology"
957;21100396438;"Psicologia Sociale";journal;"26122006, 18272517";"Societa Editrice Il Mulino";No;No;0,249;Q4;15;18;60;1222;43;59;0,88;67,89;55,56;0;Italy;Western Europe;"Societa Editrice Il Mulino";"2006-2025";"Social Psychology (Q4)";"Psychology"
958;18741;"Psychodynamic Practice";journal;"14753634, 14753626";"Routledge";No;No;0,248;Q3;23;34;80;691;35;65;0,36;20,32;54,05;0;United Kingdom;Western Europe;"Routledge";"2002-2026";"Clinical Psychology (Q3)";"Psychology"
959;13415;"Contemporary Psychoanalysis";journal;"00107530, 23309091";"Taylor and Francis Ltd.";No;No;0,247;Q3;37;25;87;1181;44;84;0,38;47,24;56,00;0;United Kingdom;Western Europe;"Taylor and Francis Ltd.";"1964-2024";"Clinical Psychology (Q3); Psychiatry and Mental Health (Q4)";"Medicine; Psychology"
960;5600155041;"Zeitschrift fur Sexualforschung";journal;"09328114, 14389460";"Georg Thieme Verlag";No;No;0,247;Q3;17;32;88;725;50;80;0,49;22,66;57,75;2;Germany;Western Europe;"Georg Thieme Verlag";"2008-2025";"Psychology (miscellaneous) (Q3); Reproductive Medicine (Q3)";"Medicine; Psychology"
961;5700153771;"Family Matters";journal;"18328318, 10302646";"Australian Institute of Family Studies";No;No;0,247;Q4;24;0;8;0;6;7;0,00;0,00;0,00;0;Australia;Pacific Region;"Australian Institute of Family Studies";"1988-1990, 1998, 2008-2018";"Sociology and Political Science (Q3); Social Psychology (Q4)";"Psychology; Social Sciences"
962;21100834525;"Gruppe. Interaktion. Organisation. Zeitschrift fur Angewandte Organisationspsychologie";journal;"23666145, 23666218";"Springer Fachmedien Wiesbaden GmbH";No;No;0,246;Q4;20;57;133;2729;91;118;0,82;47,88;61,80;0;Germany;Western Europe;"Springer Fachmedien Wiesbaden GmbH";"2016-2026";"Education (Q3); Applied Psychology (Q4); Developmental and Educational Psychology (Q4); Organizational Behavior and Human Resource Management (Q4); Social Psychology (Q4)";"Business, Management and Accounting; Psychology; Social Sciences"
963;21100935803;"Transactions on Transport Sciences";journal;"18029876";"Palacky University in Olomouc";Yes;Yes;0,246;Q4;10;28;44;1079;33;37;0,83;38,54;46,03;3;Czech Republic;Eastern Europe;"Palacky University in Olomouc";"2017-2025";"Automotive Engineering (Q3); Civil and Structural Engineering (Q3); Management, Monitoring, Policy and Law (Q3); Transportation (Q3); Applied Psychology (Q4)";"Engineering; Environmental Science; Psychology; Social Sciences"
964;21101023217;"Gifted Education International";journal;"20479077, 02614294";"SAGE Publications Ltd";No;No;0,245;Q4;23;18;54;799;41;46;0,45;44,39;57,89;3;United Kingdom;Western Europe;"SAGE Publications Ltd";"1982-2026";"Education (Q3); Developmental and Educational Psychology (Q4)";"Psychology; Social Sciences"
965;21100911837;"Participatory Educational Research";journal;"21486123";"Ozgen Korkmaz";Yes;No;0,245;Q4;19;106;78;6384;69;78;0,88;60,23;46,80;6;Turkey;Middle East;"Ozgen Korkmaz";"2019-2026";"Education (Q3); Developmental and Educational Psychology (Q4)";"Psychology; Social Sciences"
966;21100391100;"Psychoanalytic Study of the Child";journal;"00797308";"Taylor and Francis Ltd.";No;No;0,245;Q4;25;28;70;682;27;69;0,31;24,36;51,85;1;United Kingdom;Western Europe;"Taylor and Francis Ltd.";"1945-1946, 1958, 1960-1961, 1963, 1965-1972, 1974-2009, 2011-2015, 2017-2026";"Medicine (miscellaneous) (Q3); Pediatrics, Perinatology and Child Health (Q3); Developmental and Educational Psychology (Q4); Psychiatry and Mental Health (Q4)";"Medicine; Psychology"
967;21100827186;"Socialni Prace";journal;"1805885X, 12136204";"Association of Educators in Social Work";No;No;0,245;Q4;8;60;159;2363;53;136;0,34;39,38;69,23;0;Czech Republic;Eastern Europe;"Association of Educators in Social Work";"2017-2025";"Health (social science) (Q3); Social Sciences (miscellaneous) (Q3); Sociology and Political Science (Q3); Applied Psychology (Q4)";"Psychology; Social Sciences"
968;15427;"Journal of Cognitive Psychotherapy";journal;"08898391, 1938887X";"Springer Publishing Company";No;No;0,244;Q3;60;25;88;977;61;80;0,68;39,08;63,27;0;United States;Northern America;"Springer Publishing Company";"1987-2025";"Clinical Psychology (Q3); Experimental and Cognitive Psychology (Q4); Psychiatry and Mental Health (Q4)";"Medicine; Psychology"
969;5300152723;"Journal of Psychology in Africa";journal;"14330237, 18155626";"Taylor and Francis Ltd.";No;No;0,244;Q3;33;97;275;4275;301;274;0,96;44,07;48,84;0;United Kingdom;Western Europe;"Taylor and Francis Ltd.";"2006-2013, 2015-2025";"Psychology (miscellaneous) (Q3)";"Psychology"
970;19500157012;"Journal of Theoretical and Philosophical Psychology";journal;"21513341, 10688471";"American Psychological Association";No;No;0,244;Q3;32;23;67;1125;84;52;1,37;48,91;24,39;2;United States;Northern America;"American Psychological Association";"1986-2025";"Philosophy (Q2); Psychology (miscellaneous) (Q3)";"Arts and Humanities; Psychology"
971;35102;"Psikhologicheskii Zhurnal";journal;"02059592";"Russian Academy of Sciences";No;No;0,244;Q3;18;76;209;2021;110;208;0,63;26,59;69,18;0;Russian Federation;Eastern Europe;"Russian Academy of Sciences";"1984, 1996-2025";"Psychology (miscellaneous) (Q3)";"Psychology"
972;75220;"Therapeutic Communities";journal;"09641866";"Emerald Group Publishing Ltd.";No;No;0,243;Q3;21;11;48;301;26;44;0,34;27,36;47,06;0;United Kingdom;Western Europe;"Emerald Group Publishing Ltd.";"1992-2025";"Clinical Psychology (Q3); Health Professions (miscellaneous) (Q3); Psychiatry and Mental Health (Q4)";"Health Professions; Medicine; Psychology"
973;15436;"Journal of Constructivist Psychology";journal;"15210650, 10720537";"Taylor and Francis Ltd.";No;No;0,243;Q4;40;30;84;1358;64;81;0,78;45,27;51,95;0;United Kingdom;Western Europe;"Taylor and Francis Ltd.";"1994-2026";"Linguistics and Language (Q2); Developmental and Educational Psychology (Q4); Social Psychology (Q4)";"Psychology; Social Sciences"
974;18083;"Sociological Focus";journal;"00380237, 21621128";"Taylor and Francis Inc.";No;No;0,242;Q3;36;22;71;1315;69;70;1,14;59,77;63,16;1;United States;Northern America;"Taylor and Francis Inc.";"1970-1984, 1987-2013, 2015-2026";"Psychology (miscellaneous) (Q3); Social Sciences (miscellaneous) (Q3)";"Psychology; Social Sciences"
975;19987;"Zeitschrift fur Psychosomatische Medizin und Psychotherapie";journal;"14383608";"Vandenhoeck and Ruprecht GmbH and Co. KG";No;No;0,241;Q3;32;34;82;813;58;71;0,67;23,91;40,74;0;Germany;Western Europe;"Vandenhoeck and Ruprecht GmbH and Co. KG";"1996-2026";"Clinical Psychology (Q3); Applied Psychology (Q4); Medicine (miscellaneous) (Q4); Psychiatry and Mental Health (Q4)";"Medicine; Psychology"
976;21100860444;"Dog Behavior";journal;"24210684, 24215678";"Edizioni ETS";No;No;0,241;Q4;12;15;44;591;40;43;0,72;39,40;62,22;0;Italy;Western Europe;"Edizioni ETS";"2015-2026";"Animal Science and Zoology (Q3); Small Animals (Q3); Applied Psychology (Q4)";"Agricultural and Biological Sciences; Psychology; Veterinary"
977;19700181331;"International Journal of Children's Spirituality";journal;"14698455, 1364436X";"Routledge";No;No;0,240;Q4;27;13;83;723;54;72;0,71;55,62;66,67;0;United Kingdom;Western Europe;"Routledge";"1996-2026";"Religious Studies (Q1); Philosophy (Q2); Education (Q3); Developmental and Educational Psychology (Q4)";"Arts and Humanities; Psychology; Social Sciences"
978;21100924303;"Indo-European Linguistics";journal;"22125892, 22125884";"Brill Academic Publishers";Yes;Yes;0,239;Q4;9;8;23;722;22;23;0,69;90,25;15,38;0;Netherlands;Western Europe;"Brill Academic Publishers";"2015-2025";"Cultural Studies (Q1); History (Q1); Linguistics and Language (Q2); Communication (Q3); Experimental and Cognitive Psychology (Q4)";"Arts and Humanities; Psychology; Social Sciences"
979;17500155123;"Journal of Imagery Research in Sport and Physical Activity";journal;"19320191";"Walter de Gruyter GmbH";No;No;0,239;Q4;17;3;16;162;8;16;0,43;54,00;0,00;0;Germany;Western Europe;"Walter de Gruyter GmbH";"2009-2025";"Physical Therapy, Sports Therapy and Rehabilitation (Q3); Applied Psychology (Q4); Sports Science (Q4)";"Health Professions; Psychology"
980;21100899302;"Qualitative Research in Education";journal;"20146418";"Hipatia Editorial";Yes;No;0,239;Q4;12;12;37;650;40;37;1,16;54,17;55,88;1;Spain;Western Europe;"Hipatia Editorial";"2014-2015, 2018-2025";"Arts and Humanities (miscellaneous) (Q2); Education (Q3); Developmental and Educational Psychology (Q4)";"Arts and Humanities; Psychology; Social Sciences"
981;21100256950;"Movement and Sports Sciences - Science et Motricite";journal;"21185735, 21185743";"EDP Sciences";No;No;0,238;Q3;19;29;82;1343;53;76;0,54;46,31;19,48;0;France;Western Europe;"EDP Sciences";"2010-2025";"Multidisciplinary (Q2); Orthopedics and Sports Medicine (Q3); Physical Therapy, Sports Therapy and Rehabilitation (Q3); Psychology (miscellaneous) (Q3); Social Sciences (miscellaneous) (Q3); Neuropsychology and Physiological Psychology (Q4); Physiology (Q4); Physiology (medical) (Q4)";"Biochemistry, Genetics and Molecular Biology; Health Professions; Medicine; Multidisciplinary; Psychology; Social Sciences"
982;17600155139;"Adultspan Journal";journal;"21610029, 15246817";"American Counseling Association";No;No;0,238;Q4;16;9;31;376;22;25;0,76;41,78;59,26;0;United States;Northern America;"American Counseling Association";"1999, 2009-2025";"Developmental and Educational Psychology (Q4)";"Psychology"
983;19846;"International Journal of Sport Psychology";journal;"00470767";"Edizioni Luigi Pozzi S.r.l.";No;No;0,238;Q4;60;31;48;1504;38;47;0,68;48,52;46,49;0;Italy;Western Europe;"Edizioni Luigi Pozzi S.r.l.";"1973-1974, 1996-2021, 2023, 2025";"Applied Psychology (Q4)";"Psychology"
984;19200157024;"Revista Latinoamericana de Psicopatologia Fundamental";journal;"19840381, 14154714";"Associacao Universitaria de Pesquisa em Psicopatologia Fundamental";Yes;Yes;0,237;Q3;11;44;131;1170;26;107;0,21;26,59;53,33;0;Brazil;Latin America;"Associacao Universitaria de Pesquisa em Psicopatologia Fundamental";"2008-2025";"Clinical Psychology (Q3); Psychiatry and Mental Health (Q4)";"Medicine; Psychology"
985;14564;"American Annals of the Deaf";journal;"15430375, 0002726X";"Gallaudet University Press";No;No;0,237;Q4;52;42;89;1423;79;73;0,72;33,88;70,49;1;United States;Northern America;"Gallaudet University Press";"1946-1951, 1961, 1965-2025";"Education (Q3); Speech and Hearing (Q3); Developmental and Educational Psychology (Q4)";"Health Professions; Psychology; Social Sciences"
986;21100828655;"Journal of Financial Therapy";journal;"19449771, 19457774";"Revista Civilistica";Yes;Yes;0,237;Q4;13;21;32;575;18;28;0,22;27,38;66,67;0;United States;Northern America;"Revista Civilistica";"2017-2025";"Finance (Q3); Health (social science) (Q3); Applied Psychology (Q4); Social Psychology (Q4)";"Economics, Econometrics and Finance; Psychology; Social Sciences"
987;21100793836;"Journal of Relationships Research";journal;"18380956";"Cambridge University Press";No;No;0,237;Q4;21;1;57;60;37;57;0,63;60,00;0,00;0;United Kingdom;Western Europe;"Cambridge University Press";"2010-2021";"Applied Psychology (Q4); Social Psychology (Q4)";"Psychology"
988;21100790339;"Integration of Education";journal;"19919468, 23081058";"National Research Ogarev Mordovia State University";Yes;Yes;0,237;-;14;38;121;1338;107;121;0,88;35,21;72,73;0;Russian Federation;Eastern Europe;"National Research Ogarev Mordovia State University";"2016-2025";"Education (Q3)";"Social Sciences"
989;21100223575;"Educational and Child Psychology";book series;"02671611, 23968702";"British Psychological Society";No;No;0,235;Q4;36;34;97;1506;76;84;0,94;44,29;81,16;1;United Kingdom;Western Europe;"British Psychological Society";"1997-2025";"Developmental and Educational Psychology (Q4)";"Psychology"
990;21100204113;"Revista Iberoamericana de Psicologia del Ejercicio y el Deporte (discontinued)";journal;"23407700, 18868576";"Asociacion Canaria de Psicologia del Deporte";Yes;No;0,234;Q4;23;36;92;804;69;88;0,45;22,33;19,79;0;Spain;Western Europe;"Asociacion Canaria de Psicologia del Deporte";"2012-2024";"Applied Psychology (Q4); Social Psychology (Q4); Sports Science (Q4)";"Health Professions; Psychology"
991;19900193614;"Open Psychology Journal";journal;"18743501";"Bentham Science Publishers";Yes;No;0,232;Q3;20;39;95;1915;93;92;0,87;49,10;46,96;1;United Arab Emirates;Middle East;"Bentham Science Publishers";"2011-2025";"Psychology (miscellaneous) (Q3)";"Psychology"
992;21100897202;"FWU Journal of Social Sciences";journal;"19951272";"Shaheed Benazir Bhutto Women University";No;No;0,231;Q3;11;46;110;1957;57;109;0,53;42,54;47,52;0;Pakistan;Asiatic Region;"Shaheed Benazir Bhutto Women University";"2018-2025";"History (Q1); Education (Q3); Psychology (miscellaneous) (Q3); Social Sciences (miscellaneous) (Q3); Sociology and Political Science (Q3)";"Arts and Humanities; Psychology; Social Sciences"
993;21100228035;"Psychology in Russia: State of the Art";journal;"20746857";"Russian Psychological Society";Yes;Yes;0,231;Q3;19;45;153;2016;147;152;0,89;44,80;70,99;0;Russian Federation;Eastern Europe;"Russian Psychological Society";"2012-2025";"Education (Q3); Psychology (miscellaneous) (Q3)";"Psychology; Social Sciences"
994;300147009;"Acta Neuropsychologica";journal;"17307503";"MEDSPORTPRESS Publishing House";No;No;0,231;Q4;16;34;89;1399;71;89;0,95;41,15;47,75;0;Poland;Eastern Europe;"MEDSPORTPRESS Publishing House";"2005-2025";"Applied Psychology (Q4); Neuropsychology and Physiological Psychology (Q4)";"Psychology"
995;5800207716;"Gesture";journal;"15699773, 15681475";"John Benjamins Publishing Company";No;No;0,231;Q4;50;14;43;944;40;41;0,69;67,43;65,71;0;Netherlands;Western Europe;"John Benjamins Publishing Company";"2001-2014, 2016-2026";"Cultural Studies (Q2); Linguistics and Language (Q2); Communication (Q3); Experimental and Cognitive Psychology (Q4)";"Psychology; Social Sciences"
996;5800207425;"Journal of Poetry Therapy";journal;"08893675, 15672344";"Taylor and Francis Ltd.";No;No;0,230;Q3;20;22;68;562;62;60;0,85;25,55;50,00;0;United Kingdom;Western Europe;"Taylor and Francis Ltd.";"1990-1993, 1996, 1999-2000, 2003-2026";"Clinical Psychology (Q3); Rehabilitation (Q3)";"Medicine; Psychology"
997;7200153135;"Forensische Psychiatrie, Psychologie, Kriminologie";journal;"18627072, 18627080";"";No;No;0,230;Q4;18;43;154;1316;90;121;0,71;30,60;44,00;2;Germany;Western Europe;"";"2007-2026";"Law (Q2); Applied Psychology (Q4); Psychiatry and Mental Health (Q4)";"Medicine; Psychology; Social Sciences"
998;30046;"Journal of Phenomenological Psychology";journal;"15691624, 00472662";"Brill Academic Publishers";No;No;0,229;Q3;29;8;24;627;17;24;0,88;78,38;25,00;0;Netherlands;Western Europe;"Brill Academic Publishers";"1970-2025";"Psychology (miscellaneous) (Q3)";"Psychology"
999;21100388418;"BPA Applied Psychology Bulletin";journal;"00066761";"Giunti Psychometrics";No;No;0,227;Q4;14;14;39;655;25;39;0,40;46,79;57,69;0;Italy;Western Europe;"Giunti Psychometrics";"2014-2025";"Applied Psychology (Q4)";"Psychology"
1000;21101039079;"Central European Management Journal";journal;"26580845, 26582430";"Emerald Publishing";Yes;Yes;0,227;Q4;18;28;68;1864;67;68;0,80;66,57;43,06;0;Poland;Eastern Europe;"Emerald Publishing";"2020-2026";"Business, Management and Accounting (miscellaneous) (Q3); Political Science and International Relations (Q3); Sociology and Political Science (Q3); Social Psychology (Q4)";"Business, Management and Accounting; Psychology; Social Sciences"
1001;4600151402;"Volta Review";journal;"00428639, 21625158";"Alexander Graham Bell Association";No;No;0,227;Q4;33;3;14;52;8;11;0,50;17,33;83,33;0;United States;Northern America;"Alexander Graham Bell Association";"1946-1948, 1973, 1988, 1996-2001, 2004-2015, 2017-2025";"Arts and Humanities (miscellaneous) (Q2); Cultural Studies (Q2); Developmental and Educational Psychology (Q4)";"Arts and Humanities; Psychology; Social Sciences"
1002;4700152252;"Sexologies";journal;"18781829, 11581360";"Elsevier Masson s.r.l.";No;No;0,226;Q3;25;41;126;1450;87;121;0,41;35,37;50,00;2;France;Western Europe;"Elsevier Masson s.r.l.";"2006-2022";"Obstetrics and Gynecology (Q3); Psychology (miscellaneous) (Q3)";"Medicine; Psychology"
1003;29474;"American Journal of Psychology";journal;"19398298, 00029556";"University of Illinois Press";No;No;0,226;Q4;55;39;116;1946;92;113;0,81;49,90;51,22;0;United States;Northern America;"University of Illinois Press";"1945-2025";"Arts and Humanities (miscellaneous) (Q2); Developmental and Educational Psychology (Q4); Experimental and Cognitive Psychology (Q4)";"Arts and Humanities; Psychology"
1004;21101043799;"Emotions and Society";journal;"26316900, 26316897";"Policy Press";No;No;0,226;Q4;14;16;28;833;58;24;2,07;52,06;86,96;0;United Kingdom;Western Europe;"Policy Press";"2019-2025";"Cultural Studies (Q2); Social Sciences (miscellaneous) (Q3); Sociology and Political Science (Q3); Social Psychology (Q4)";"Psychology; Social Sciences"
1005;21100902869;"South African Journal of Childhood Education";journal;"22237674, 22237682";"AOSIS (Pty) Ltd";Yes;No;0,226;Q4;14;34;110;1699;92;107;0,84;49,97;72,46;8;South Africa;Africa;"AOSIS (Pty) Ltd";"2019-2026";"Education (Q3); Developmental and Educational Psychology (Q4)";"Psychology; Social Sciences"
1006;21100860733;"Trends in Psychology";journal;"23581883";"Springer Science and Business Media Deutschland GmbH";Yes;No;0,224;Q3;21;45;191;1991;121;190;0,54;44,24;64,94;3;Germany;Western Europe;"Springer Science and Business Media Deutschland GmbH";"2018-2026";"Psychology (miscellaneous) (Q3)";"Psychology"
1007;21100903064;"Language Acquisition and Language Disorders";book series;"09250123";"John Benjamins Publishing Company";No;No;0,222;Q4;6;27;41;1197;14;17;0,28;44,33;0,00;0;Netherlands;Western Europe;"John Benjamins Publishing Company";"2001, 2018-2024";"Linguistics and Language (Q2); Developmental and Educational Psychology (Q4); Speech and Hearing (Q4)";"Health Professions; Psychology; Social Sciences"
1008;145694;"Ethical Human Psychology and Psychiatry";journal;"15594343, 19389000";"Springer Publishing Company";No;No;0,221;Q3;18;15;39;627;27;25;0,95;41,80;21,74;0;United States;Northern America;"Springer Publishing Company";"2004-2025";"Clinical Psychology (Q3); Psychiatry and Mental Health (Q4)";"Medicine; Psychology"
1009;19700175587;"Interdisciplinaria";journal;"03258203, 16687027";"Centro Interamericano de Investigaciones Psicologicas y Ciencias Afines";Yes;Yes;0,221;Q3;18;42;102;2057;79;102;0,65;48,98;56,49;1;Argentina;Latin America;"Centro Interamericano de Investigaciones Psicologicas y Ciencias Afines";"2009-2025";"Psychology (miscellaneous) (Q3)";"Psychology"
1010;4700152636;"Mind and Society";journal;"15937879, 18601839";"Springer Science and Business Media Deutschland GmbH";No;No;0,220;Q4;25;31;45;486;36;42;0,81;15,68;39,13;3;Germany;Western Europe;"Springer Science and Business Media Deutschland GmbH";"2005-2025";"History (Q1); Cultural Studies (Q2); Philosophy (Q2); Economics, Econometrics and Finance (miscellaneous) (Q3); Social Sciences (miscellaneous) (Q3); Sociology and Political Science (Q3); Experimental and Cognitive Psychology (Q4); Social Psychology (Q4)";"Arts and Humanities; Economics, Econometrics and Finance; Psychology; Social Sciences"
1011;19700175607;"Estudios de Psicologia";journal;"02109395, 15793699";"SAGE Publications Inc.";No;No;0,219;Q3;24;26;76;1129;54;74;0,69;43,42;57,53;1;United Kingdom;Western Europe;"SAGE Publications Inc.";"1980-2025";"Psychology (miscellaneous) (Q3)";"Psychology"
1012;15374;"Journal of Analytical Psychology";journal;"14685922, 00218774";"Wiley-Blackwell Publishing Ltd";No;No;0,219;Q3;33;74;169;1654;55;146;0,39;22,35;47,37;1;United Kingdom;Western Europe;"Wiley-Blackwell Publishing Ltd";"1955-2026";"Clinical Psychology (Q3)";"Psychology"
1013;19332;"Salud Mental";journal;"01853325";"Instituto Nacional de Psiquiatria Ramon de la Fuente";Yes;No;0,219;Q3;33;39;118;1359;82;107;0,59;34,85;56,55;0;Mexico;Latin America;"Instituto Nacional de Psiquiatria Ramon de la Fuente";"1995-2025";"Clinical Psychology (Q3); Psychiatry and Mental Health (Q4)";"Medicine; Psychology"
1014;21100217604;"Siglo Cero";journal;"02101696, 25300350";"University of Salamanca";Yes;Yes;0,219;Q3;15;37;70;1673;63;65;0,83;45,22;67,72;9;Spain;Western Europe;"University of Salamanca";"2012, 2015-2025";"Education (Q3); Psychology (miscellaneous) (Q3); Psychiatry and Mental Health (Q4); Social Psychology (Q4); Social Work (Q4)";"Medicine; Psychology; Social Sciences"
1015;21100896938;"Revista Fuentes";journal;"21727775";"Facultad de Ciencias de la Educacion";Yes;Yes;0,217;Q4;10;30;50;1413;47;49;0,97;47,10;48,10;0;Spain;Western Europe;"Facultad de Ciencias de la Educacion";"2018-2025";"Education (Q3); Sociology and Political Science (Q3); Developmental and Educational Psychology (Q4)";"Psychology; Social Sciences"
1016;21101032633;"Social Psychology and Society";journal;"22211527, 23117052";"Moscow State University of Psychology and Education";Yes;Yes;0,215;Q4;11;63;142;2088;109;139;0,68;33,14;74,56;0;Russian Federation;Eastern Europe;"Moscow State University of Psychology and Education";"2016-2025";"Social Sciences (miscellaneous) (Q3); Applied Psychology (Q4); Social Psychology (Q4)";"Psychology; Social Sciences"
1017;130028;"Clinical Case Studies";journal;"15346501, 15523802";"SAGE Publications Inc.";No;No;0,214;Q3;29;30;93;1361;64;93;0,75;45,37;56,25;1;United States;Northern America;"SAGE Publications Inc.";"2002-2026";"Clinical Psychology (Q3); Psychiatry and Mental Health (Q4)";"Medicine; Psychology"
1018;21100381293;"Children Australia";journal;"10350772, 20497776";"Cambridge University Press";No;No;0,214;Q4;18;0;116;0;55;103;0,33;0,00;0,00;0;United Kingdom;Western Europe;"Cambridge University Press";"2008, 2010-2012, 2014-2020";"Sociology and Political Science (Q3); Developmental and Educational Psychology (Q4); Health (social science) (Q4)";"Psychology; Social Sciences"
1019;21100809808;"Educational and Developmental Psychologist";journal;"20590784, 20590776";"Routledge";No;No;0,214;Q4;27;22;39;1291;35;34;0,88;58,68;61,54;5;United Kingdom;Western Europe;"Routledge";"2016-2026";"Education (Q3); Developmental and Educational Psychology (Q4)";"Psychology; Social Sciences"
1020;12100156089;"Ljetopis Socijalnog Rada";journal;"18465412";"University of Zagreb";Yes;Yes;0,214;Q4;12;32;63;1393;31;54;0,39;43,53;75,81;1;Croatia;Eastern Europe;"University of Zagreb";"2008-2024";"Education (Q3); Sociology and Political Science (Q3); Developmental and Educational Psychology (Q4); Social Work (Q4)";"Psychology; Social Sciences"
1021;21100900142;"Theory and Practice of Second Language Acquisition";journal;"24505455, 24512125";"Wydawnictwo Uniwersytetu Slaskiego";Yes;Yes;0,213;Q4;8;21;34;974;28;30;0,29;46,38;52,00;0;Poland;Eastern Europe;"Wydawnictwo Uniwersytetu Slaskiego";"2018-2025";"Linguistics and Language (Q2); Education (Q3); Developmental and Educational Psychology (Q4)";"Psychology; Social Sciences"
1022;21100886411;"International Journal of Education and Practice";journal;"23116897, 23103868";"Conscientia Beam";No;No;0,212;Q4;17;48;126;2248;122;126;0,92;46,83;48,80;2;United States;Northern America;"Conscientia Beam";"2017-2026";"Education (Q3); Developmental and Educational Psychology (Q4)";"Psychology; Social Sciences"
1023;19905;"Medicina Paliativa";journal;"1134248X";"Sociedad Espanola de Cuidados Paliativos";No;No;0,212;-;16;46;134;898;62;102;0,33;19,52;62,02;0;Spain;Western Europe;"Sociedad Espanola de Cuidados Paliativos";"2000-2025";"Anesthesiology and Pain Medicine (Q3); Nursing (miscellaneous) (Q3); Medicine (miscellaneous) (Q4)";"Medicine; Nursing"
1024;21100899503;"Transactional Analysis Journal";journal;"23295244, 03621537";"Taylor and Francis Ltd.";No;No;0,211;Q3;11;27;87;1085;41;69;0,38;40,19;53,85;0;United Kingdom;Western Europe;"Taylor and Francis Ltd.";"2018-2026";"Clinical Psychology (Q3); Education (Q3); Decision Sciences (miscellaneous) (Q4); Developmental and Educational Psychology (Q4); Psychiatry and Mental Health (Q4)";"Decision Sciences; Medicine; Psychology; Social Sciences"
1025;21100860773;"Journal of Sport and Health Research";journal;"19896239";"Didactic Asociation Andalucia";Yes;No;0,211;Q4;15;50;158;2173;127;158;0,77;43,46;32,50;0;Spain;Western Europe;"Didactic Asociation Andalucia";"2018-2026";"Education (Q3); Physical Therapy, Sports Therapy and Rehabilitation (Q3); Developmental and Educational Psychology (Q4); Orthopedics and Sports Medicine (Q4); Public Health, Environmental and Occupational Health (Q4)";"Health Professions; Medicine; Psychology; Social Sciences"
1026;21100854898;"NeuroRegulation";journal;"23730587";"International Society for Neurofeedback and Research";Yes;Yes;0,211;Q4;15;20;55;1073;46;47;0,55;53,65;40,28;0;United States;Northern America;"International Society for Neurofeedback and Research";"2014-2025";"Applied Psychology (Q4); Behavioral Neuroscience (Q4); Biological Psychiatry (Q4); Experimental and Cognitive Psychology (Q4); Neurology (clinical) (Q4); Neuropsychology and Physiological Psychology (Q4); Physiology (medical) (Q4); Psychiatry and Mental Health (Q4)";"Medicine; Neuroscience; Psychology"
1027;5700164134;"Interamerican Journal of Psychology";journal;"00349690";"Sociedad Interamericana de Psicologia";Yes;Yes;0,209;Q3;28;30;110;1889;78;104;0,82;62,97;50,00;1;United States;Northern America;"Sociedad Interamericana de Psicologia";"2000-2025";"Psychology (miscellaneous) (Q3)";"Psychology"
1028;21100453516;"Psychology, Society and Education";journal;"1989709X, 21712085";"UCOPress. Editorial Universidad de Cordoba";Yes;Yes;0,209;Q3;17;59;80;2455;66;80;0,84;41,61;53,99;6;Spain;Western Europe;"UCOPress. Editorial Universidad de Cordoba";"2012, 2015-2026";"Clinical Psychology (Q3); Education (Q3); Sociology and Political Science (Q3); Social Psychology (Q4)";"Psychology; Social Sciences"
1029;21100870922;"Journal of Behavioral Science";journal;"19064675";"Srinakharinwirot University-Behavioral Science Research Institute";No;No;0,209;Q4;13;28;49;1514;50;49;0,97;54,07;55,56;0;Thailand;Asiatic Region;"Srinakharinwirot University-Behavioral Science Research Institute";"2018-2025";"Applied Psychology (Q4); Social Psychology (Q4)";"Psychology"
1030;12002;"Journal of the History of the Behavioral Sciences";journal;"00225061, 15206696";"John Wiley &amp; Sons Inc.";No;No;0,209;Q4;35;28;48;1485;28;43;0,45;53,04;57,14;0;United States;Northern America;"John Wiley &amp; Sons Inc.";"1967, 1969-2026";"History (Q1); Psychology (miscellaneous) (Q4)";"Arts and Humanities; Psychology"
1031;130167;"Psicoterapia Cognitiva e Comportamentale";journal;"11261072";"Edizioni Centro Studi Erickson";No;No;0,208;Q4;17;18;57;647;21;41;0,49;35,94;71,70;0;Italy;Western Europe;"Edizioni Centro Studi Erickson";"2004-2025";"Clinical Psychology (Q4)";"Psychology"
1032;19175;"Psychotherapeut";journal;"14322080, 09356185";"Springer Medizin";No;No;0,208;Q4;0;0;0;0;0;0;0,00;0,00;0,00;0;Germany;Western Europe;"Springer Medizin";"1994-2022";"Clinical Psychology (Q4)";"Psychology"
1033;15914;"Zeitschrift fur Klinische Psychologie und Psychotherapie";journal;"21906297, 16163443";"Hogrefe-Verlag GmbH and Co. KG";No;No;0,208;Q4;37;16;61;668;32;59;0,45;41,75;62,50;1;Germany;Western Europe;"Hogrefe-Verlag GmbH and Co. KG";"1974-1983, 1996-1998, 2000-2026";"Clinical Psychology (Q4)";"Psychology"
1034;21100829905;"Bulletin of Educational Psychology";journal;"10115714";"National Taiwan Normal University";No;No;0,207;Q4;9;40;94;2293;44;94;0,44;57,33;55,41;0;Taiwan;Asiatic Region;"National Taiwan Normal University";"2015-2025";"Education (Q3); Developmental and Educational Psychology (Q4)";"Psychology; Social Sciences"
1035;21100469612;"Child Development Research";journal;"20903995, 20903987";"Hindawi Publishing Corporation";Yes;No;0,207;Q4;11;0;8;0;14;8;3,00;0,00;0,00;0;United States;Northern America;"Hindawi Publishing Corporation";"2015-2019";"Linguistics and Language (Q2); Education (Q3); Behavioral Neuroscience (Q4); Developmental and Educational Psychology (Q4)";"Neuroscience; Psychology; Social Sciences"
1036;21100987402;"European Journal of Health Psychology";journal;"25128442, 25128450";"Hogrefe-Verlag GmbH and Co. KG";No;No;0,207;Q4;22;17;20;922;16;18;0,63;54,24;44,62;0;Germany;Western Europe;"Hogrefe-Verlag GmbH and Co. KG";"2020-2025";"Clinical Psychology (Q4); Psychiatry and Mental Health (Q4)";"Medicine; Psychology"
1037;21100942847;"European Journal of Pragmatism and American Philosophy";journal;"20364091";"Associazione Culturale Pragma";Yes;Yes;0,207;Q4;8;54;52;1708;17;48;0,33;31,63;27,45;0;Italy;Western Europe;"Associazione Culturale Pragma";"2018-2025";"Philosophy (Q2); Sociology and Political Science (Q3); Applied Psychology (Q4)";"Arts and Humanities; Psychology; Social Sciences"
1038;4700152865;"Psicologia e Sociedade";journal;"18070310, 01027182";"Associacao Brasileira de Psicologia Social";Yes;Yes;0,207;Q4;24;48;168;1372;58;167;0,24;28,58;64,41;0;Brazil;Latin America;"Associacao Brasileira de Psicologia Social";"2006-2025";"Social Psychology (Q4)";"Psychology"
1039;21100940999;"Revista Latinoamericana de Ciencias Sociales, Ninez y Juventud";journal;"20277679, 1692715X";"Revista Latinoamericana de Ciencias Sociales";Yes;Yes;0,207;Q4;11;49;76;2241;43;74;0,57;45,73;57,41;0;Colombia;Latin America;"Revista Latinoamericana de Ciencias Sociales";"2019-2025";"Social Sciences (miscellaneous) (Q3); Developmental and Educational Psychology (Q4)";"Psychology; Social Sciences"
1040;14732;"Revista Mexicana de Psicologia";journal;"01856073";"Sociedad Mexicana de Psicologia";No;No;0,207;Q4;21;8;36;448;32;36;0,50;56,00;50,00;0;Mexico;Latin America;"Sociedad Mexicana de Psicologia";"1996-2022";"Psychology (miscellaneous) (Q4)";"Psychology"
1041;21100205744;"Health and Addictions / Salud y Drogas";journal;"15785319, 1988205X";"Instituto de Investigacion de Drogodependencias";Yes;No;0,206;Q4;17;34;98;1498;71;98;0,46;44,06;59,20;1;Spain;Western Europe;"Instituto de Investigacion de Drogodependencias";"2009-2025";"Developmental and Educational Psychology (Q4); Health (social science) (Q4); Neuropsychology and Physiological Psychology (Q4); Psychiatry and Mental Health (Q4)";"Medicine; Psychology; Social Sciences"
1042;12748;"New Zealand Journal of Psychology";journal;"0112109X";"New Zealand Psychological Society";No;No;0,206;Q4;41;14;53;620;39;53;0,65;44,29;42,22;0;New Zealand;Pacific Region;"New Zealand Psychological Society";"1996-2025";"Psychology (miscellaneous) (Q4)";"Psychology"
1043;21100396634;"Journal of Educational, Cultural and Psychological Studies";journal;"20377924, 20377932";"LED Edizioni Universitarie";Yes;Yes;0,205;Q4;14;25;91;865;63;81;0,63;34,60;57,78;0;Italy;Western Europe;"LED Edizioni Universitarie";"2014-2026";"Developmental and Educational Psychology (Q4); Education (Q4); Social Psychology (Q4)";"Psychology; Social Sciences"
1044;19700180913;"Psicologia USP";journal;"01036564, 16785177";"Instituto de Psicologia da Universidade de Sao Paulo";Yes;Yes;0,205;Q4;14;46;124;1650;49;124;0,36;35,87;65,38;0;Brazil;Latin America;"Instituto de Psicologia da Universidade de Sao Paulo";"2006-2025";"Psychology (miscellaneous) (Q4)";"Psychology"
1045;13423;"Psychoanalytic Review";journal;"19433301, 00332836";"Guilford Publications";No;No;0,205;Q4;24;25;86;792;25;82;0,21;31,68;39,29;0;United States;Northern America;"Guilford Publications";"1945-1957, 1963-2025";"Clinical Psychology (Q4)";"Psychology"
1046;19832;"Sleep and Hypnosis";journal;"13021192";"Kure Iletisim Grubu A.S.";No;No;0,204;Q4;25;0;73;0;61;72;0,51;0,00;0,00;0;Turkey;Middle East;"Kure Iletisim Grubu A.S.";"2000-2013, 2015-2020";"Complementary and Alternative Medicine (Q3); Clinical Psychology (Q4)";"Medicine; Psychology"
1047;14211;"Archives of Psychiatry and Psychotherapy";journal;"2083828X, 15092046";"Polish Psychiatric Association";Yes;No;0,202;Q4;19;40;110;1096;75;100;0,68;27,40;56,00;0;Poland;Eastern Europe;"Polish Psychiatric Association";"2001-2025";"Clinical Psychology (Q4); Psychiatry and Mental Health (Q4)";"Medicine; Psychology"
1048;21100244949;"Psicologia della Salute";journal;"17210321, 19725167";"FrancoAngeli Edizioni";No;No;0,202;Q4;17;31;76;1075;44;74;0,60;34,68;73,17;0;Italy;Western Europe;"FrancoAngeli Edizioni";"2000-2025";"Applied Psychology (Q4); Health (social science) (Q4)";"Psychology; Social Sciences"
1049;21100860442;"Asia-Pacific Journal of Research in Early Childhood Education";journal;"19761961, 22335234";"Pacific Early Childhood Education Research Association";No;No;0,201;Q4;8;28;63;1064;22;62;0,35;38,00;61,67;0;China;Asiatic Region;"Pacific Early Childhood Education Research Association";"2018-2026";"Developmental and Educational Psychology (Q4); Education (Q4)";"Psychology; Social Sciences"
1050;18621;"Praxis der Kinderpsychologie und Kinderpsychiatrie";journal;"21968225, 00327034";"Vandenhoeck and Ruprecht GmbH and Co. KG";No;No;0,201;Q4;23;44;138;1237;60;120;0,41;28,11;64,96;3;Germany;Western Europe;"Vandenhoeck and Ruprecht GmbH and Co. KG";"1961-2026";"Developmental and Educational Psychology (Q4); Psychiatry and Mental Health (Q4)";"Medicine; Psychology"
1051;7000153258;"International Journal of Psychology and Psychological Therapy";journal;"15777057";"Asociación de Análisis del Comportamiento";No;No;0,200;Q4;42;25;68;1382;37;68;0,45;55,28;49,35;0;Spain;Western Europe;"Asociación de Análisis del Comportamiento";"2001-2025";"Clinical Psychology (Q4); Developmental and Educational Psychology (Q4); Experimental and Cognitive Psychology (Q4)";"Psychology"
1052;19700187812;"Psychologist-Manager Journal";journal;"15503461, 10887156";"American Psychological Association";No;No;0,200;Q4;0;0;0;0;0;0;0,00;0,00;0,00;0;United States;Northern America;"American Psychological Association";"2000, 2010-2021";"Business, Management and Accounting (miscellaneous) (Q3); Applied Psychology (Q4); Social Psychology (Q4)";"Business, Management and Accounting; Psychology"
1053;21100228079;"Analise Psicologica";journal;"16466020, 08708231";"Instituto Superior de Psicologia Aplicada";Yes;No;0,199;Q4;16;20;94;939;45;94;0,47;46,95;73,24;0;Portugal;Western Europe;"Instituto Superior de Psicologia Aplicada";"2010-2026";"Education (Q4); Psychology (miscellaneous) (Q4)";"Psychology; Social Sciences"
1054;13419;"Psychoanalytic Inquiry";journal;"19409133, 07351690";"Taylor and Francis Ltd.";No;No;0,199;Q4;43;70;234;1512;59;166;0,21;21,60;51,16;0;United Kingdom;Western Europe;"Taylor and Francis Ltd.";"1981-2026";"Clinical Psychology (Q4)";"Psychology"
1055;19800188011;"Geriatrie et Psychologie Neuropsychiatrie du Vieillissement";journal;"21158789, 21157863";"John Libbey";No;No;0,198;Q4;23;53;175;1350;118;158;0,59;25,47;50,95;0;France;Western Europe;"John Libbey";"2011-2025";"Biological Psychiatry (Q4); Geriatrics and Gerontology (Q4); Medicine (miscellaneous) (Q4); Neurology (clinical) (Q4); Neuropsychology and Physiological Psychology (Q4)";"Medicine; Neuroscience; Psychology"
1056;21101037151;"Human Arenas";journal;"25225804";"Springer Science and Business Media Deutschland GmbH";No;No;0,198;Q4;18;49;101;2319;63;98;0,53;47,33;46,97;3;Netherlands;Western Europe;"Springer Science and Business Media Deutschland GmbH";"2018-2026";"Arts and Humanities (miscellaneous) (Q3); Social Sciences (miscellaneous) (Q3); Psychology (miscellaneous) (Q4)";"Arts and Humanities; Psychology; Social Sciences"
1057;21100258757;"Journal of Classroom Interaction";journal;"07494025";"University of Houston";No;No;0,197;Q4;14;0;23;0;8;20;0,07;0,00;0,00;0;United States;Northern America;"University of Houston";"2009, 2014-2020, 2023";"Developmental and Educational Psychology (Q4); Education (Q4)";"Psychology; Social Sciences"
1058;14736;"Revue Francaise de Psychanalyse";journal;"00352942";"Presses Universitaires de France";No;No;0,197;Q4;18;91;453;1139;38;425;0,06;12,52;54,22;0;France;Western Europe;"Presses Universitaires de France";"1951-1979, 2001-2024";"Clinical Psychology (Q4); Psychiatry and Mental Health (Q4)";"Medicine; Psychology"
1059;17658;"American Imago";journal;"10857931, 0065860X";"Johns Hopkins University Press";No;No;0,196;Q4;20;36;85;913;49;67;0,74;25,36;48,28;0;United States;Northern America;"Johns Hopkins University Press";"1946-1953, 1964-1980, 1996-2025";"Literature and Literary Theory (Q1); Music (Q2); Anthropology (Q3); Arts and Humanities (miscellaneous) (Q3); Experimental and Cognitive Psychology (Q4)";"Arts and Humanities; Psychology; Social Sciences"
1060;21100976770;"Medico-Biological and Socio-Psychological Issues of Safety in Emergency Situations";journal;"25417487, 19954441";"Nikiforov Russian Center of Emergency and Radiation Medicine, EMERCOM of Russia";Yes;No;0,196;Q4;7;50;93;908;41;93;0,44;18,16;30,15;0;Russian Federation;Eastern Europe;"Nikiforov Russian Center of Emergency and Radiation Medicine, EMERCOM of Russia";"2019-2025";"Emergency Medical Services (Q3); Emergency Medicine (Q3); Clinical Psychology (Q4); Psychiatry and Mental Health (Q4); Public Health, Environmental and Occupational Health (Q4)";"Health Professions; Medicine; Psychology"
1061;19700175781;"Psychology and Neuroscience";journal;"19843054, 19833288";"Casa do Psicologo";Yes;Yes;0,196;Q4;27;32;103;2279;83;102;1,00;71,22;54,69;1;Brazil;Latin America;"Casa do Psicologo";"2010-2025";"Neuropsychology and Physiological Psychology (Q4); Neuroscience (miscellaneous) (Q4)";"Neuroscience; Psychology"
1062;21100400192;"Annals of Psychology";journal;"24514306";"";Yes;No;0,195;Q4;12;32;51;1515;26;50;0,35;47,34;40,63;0;Poland;Eastern Europe;"";"2014-2025";"Psychology (miscellaneous) (Q4)";"Psychology"
1063;21100847481;"Health and Social Care Chaplaincy";journal;"20515553, 20515561";"Equinox Publishing Ltd";No;No;0,195;Q4;12;17;50;540;38;44;1,06;31,76;64,86;0;United Kingdom;Western Europe;"Equinox Publishing Ltd";"2017-2025";"Religious Studies (Q1); Health (social science) (Q4); Social Psychology (Q4)";"Arts and Humanities; Psychology; Social Sciences"
1064;21100255350;"Journal of Forensic Practice";journal;"20508808, 20508794";"Emerald Publishing";No;No;0,195;Q4;25;29;72;1375;51;72;0,45;47,41;64,77;0;United Kingdom;Western Europe;"Emerald Publishing";"2013-2026";"Law (Q3); Applied Psychology (Q4); Pathology and Forensic Medicine (Q4); Psychiatry and Mental Health (Q4)";"Medicine; Psychology; Social Sciences"
1065;12700154743;"Psykhe";journal;"07182228, 07170297";"Pontificia Universidad Catolica de Chile";Yes;Yes;0,195;Q4;27;23;72;1384;51;69;0,56;60,17;65,82;2;Chile;Latin America;"Pontificia Universidad Catolica de Chile";"2007-2025";"Psychology (miscellaneous) (Q4)";"Psychology"
1066;21100926538;"Sibirskiy Psikhologicheskiy Zhurnal";journal;"17267080, 24110809";"Tomsk State University";Yes;No;0,195;Q4;7;46;69;1686;32;69;0,46;36,65;66,67;1;Russian Federation;Eastern Europe;"Tomsk State University";"2019-2025";"Psychology (miscellaneous) (Q4)";"Psychology"
1067;21100943507;"Acta Psychologica Sinica";journal;"0439755X";"Science Press";No;No;0,194;Q4;22;95;219;5863;137;218;0,63;61,72;45,50;0;China;Asiatic Region;"Science Press";"2001-2003, 2009, 2013, 2019-2025";"Psychology (miscellaneous) (Q4)";"Psychology"
1068;13990;"Psychologie Francaise";journal;"00332984";"Elsevier Masson s.r.l.";No;No;0,194;Q4;20;27;75;1773;50;74;0,48;65,67;67,16;0;France;Western Europe;"Elsevier Masson s.r.l.";"2004-2026";"Psychology (miscellaneous) (Q4)";"Psychology"
1069;21100905324;"Journal of Brand Strategy";journal;"2045855X, 20458568";"Henry Stewart Publications";No;No;0,193;Q4;11;26;97;825;41;86;0,27;31,73;38,24;0;United Kingdom;Western Europe;"Henry Stewart Publications";"2018-2025";"Communication (Q3); Management of Technology and Innovation (Q4); Marketing (Q4); Social Psychology (Q4); Strategy and Management (Q4)";"Business, Management and Accounting; Psychology; Social Sciences"
1070;15600;"Neuropsychiatrie de l'Enfance et de l'Adolescence";journal;"02229617, 17696615";"Elsevier Masson s.r.l.";No;No;0,193;Q4;22;60;168;2176;63;156;0,25;36,27;65,36;6;France;Western Europe;"Elsevier Masson s.r.l.";"1979-2026";"Pediatrics, Perinatology and Child Health (Q3); Developmental and Educational Psychology (Q4); Psychiatry and Mental Health (Q4)";"Medicine; Psychology"
1071;5700169412;"Acta Comportamentalia";journal;"01888145";"Universidad Nacional Autonoma de Mexico";No;No;0,192;Q4;6;48;84;1868;26;84;0,37;38,92;57,76;0;Mexico;Latin America;"Universidad Nacional Autonoma de Mexico";"2017-2025";"Linguistics and Language (Q2); Applied Psychology (Q4); Developmental and Educational Psychology (Q4); Education (Q4)";"Psychology; Social Sciences"
1072;21100858350;"Fashion, Style and Popular Culture";journal;"20500734, 20500726";"Intellect Ltd.";No;No;0,192;Q4;10;24;79;656;28;66;0,35;27,33;69,23;0;United Kingdom;Western Europe;"Intellect Ltd.";"2015-2026";"Cultural Studies (Q2); Marketing (Q4); Materials Science (miscellaneous) (Q4); Social Psychology (Q4); Strategy and Management (Q4)";"Business, Management and Accounting; Materials Science; Psychology; Social Sciences"
1073;21100896229;"Phenomenology and Mind";journal;"22807853, 22394028";"Rosenberg and Sellier";Yes;Yes;0,192;Q4;10;18;94;497;31;91;0,25;27,61;42,86;0;Italy;Western Europe;"Rosenberg and Sellier";"2018-2024";"Philosophy (Q2); Cognitive Neuroscience (Q4); Psychology (miscellaneous) (Q4)";"Arts and Humanities; Neuroscience; Psychology"
1074;4700152863;"Psicologia em Estudo";journal;"18070329, 14137372";"Universidade Estadual de Maringa";Yes;Yes;0,192;Q4;20;34;134;880;48;133;0,38;25,88;76,92;0;Brazil;Latin America;"Universidade Estadual de Maringa";"2006-2025";"Psychology (miscellaneous) (Q4)";"Psychology"
1075;17900156713;"International Journal of Applied Psychoanalytic Studies";journal;"17423341, 15569187";"Wiley-Blackwell";No;No;0,191;Q4;20;39;90;1306;43;62;0,53;33,49;67,31;1;United States;Northern America;"Wiley-Blackwell";"2009-2026";"Psychology (miscellaneous) (Q4)";"Psychology"
1076;22931;"Russian Linguistics";journal;"15728714, 03043487";"Springer Netherlands";No;No;0,191;Q4;18;15;47;722;20;47;0,43;48,13;61,90;0;Netherlands;Western Europe;"Springer Netherlands";"1974-1976, 1978-2003, 2005-2026";"Linguistics and Language (Q2); Developmental and Educational Psychology (Q4)";"Psychology; Social Sciences"
1077;21100900129;"Childhood and Philosophy";journal;"25255061, 19845987";"State Univ of Rio de Janeiro - Center of Childhood and Philosophy Studies";Yes;Yes;0,190;Q4;8;44;110;1398;18;107;0,18;31,77;45,33;0;Brazil;Latin America;"State Univ of Rio de Janeiro - Center of Childhood and Philosophy Studies";"2018-2026";"Philosophy (Q2); Developmental and Educational Psychology (Q4); Education (Q4)";"Arts and Humanities; Psychology; Social Sciences"
1078;21101043232;"Journal of Psychedelic Studies";journal;"25599283";"Akademiai Kiado";Yes;Yes;0,190;Q4;19;27;21;1256;75;21;3,57;46,52;42,86;4;Hungary;Eastern Europe;"Akademiai Kiado";"2019-2026";"Anthropology (Q3); Biological Psychiatry (Q4); Clinical Psychology (Q4); Health (social science) (Q4); Pharmacology (medical) (Q4); Psychiatry and Mental Health (Q4); Social Psychology (Q4)";"Medicine; Neuroscience; Psychology; Social Sciences"
1079;21100888810;"Studies in Business and Economics";journal;"23445416, 18424120";"De Gruyter Open Ltd.";Yes;Yes;0,190;Q4;18;60;163;1924;125;163;0,75;32,07;41,73;1;Poland;Eastern Europe;"De Gruyter Open Ltd.";"2018-2025";"Business, Management and Accounting (miscellaneous) (Q3); Economics, Econometrics and Finance (miscellaneous) (Q3); Social Psychology (Q4)";"Business, Management and Accounting; Economics, Econometrics and Finance; Psychology"
1080;21100790313;"Interpersona";journal;"19816472";"Study Group on Assessment, Therapy and Emotions";Yes;Yes;0,189;Q4;13;16;49;823;36;49;0,52;51,44;81,13;1;Germany;Western Europe;"Study Group on Assessment, Therapy and Emotions";"2016-2025";"Cultural Studies (Q2); Anthropology (Q3); Gender Studies (Q3); Developmental and Educational Psychology (Q4); Social Psychology (Q4)";"Psychology; Social Sciences"
1081;21100198212;"Psicologia Clinica dello Sviluppo";journal;"26121999, 1824078X";"Societa Editrice Il Mulino";No;No;0,189;Q4;15;45;97;1415;66;78;0,88;31,44;77,88;0;Italy;Western Europe;"Societa Editrice Il Mulino";"1998-2025";"Clinical Psychology (Q4); Developmental and Educational Psychology (Q4)";"Psychology"
1082;7500153128;"Universitas Psychologica";journal;"16579267, 20112777";"Pontificia Universidad Javeriana";Yes;No;0,189;Q4;37;30;217;1407;138;216;0,53;46,90;54,55;0;Colombia;Latin America;"Pontificia Universidad Javeriana";"2007-2026";"Psychology (miscellaneous) (Q4); Social Psychology (Q4)";"Psychology"
1083;14173;"Forum der Psychoanalyse";journal;"14370751, 01787667";"Springer Verlag";No;No;0,188;Q4;13;35;109;1064;13;78;0,13;30,40;42,86;0;Germany;Western Europe;"Springer Verlag";"1987-2026";"Clinical Psychology (Q4); Psychiatry and Mental Health (Q4)";"Medicine; Psychology"
1084;21100239646;"Journal of Problem Solving";journal;"19326246";"Purdue University Press";Yes;No;0,188;Q4;14;0;2;0;0;2;0,00;0,00;0,00;0;United States;Northern America;"Purdue University Press";"2013-2018";"Applied Psychology (Q4)";"Psychology"
1085;21100469663;"Revista de Psicologia (Peru)";journal;"02549247, 22233733";"Pontificia Universidad Catolica del Peru";Yes;Yes;0,188;Q4;13;37;75;1811;57;73;0,74;48,95;55,36;0;Peru;Latin America;"Pontificia Universidad Catolica del Peru";"2016-2026";"Psychology (miscellaneous) (Q4)";"Psychology"
1086;21100896480;"Education et Didactique";journal;"21114838, 19563485";"Presses Universitaires de Rennes";No;No;0,187;Q4;5;30;75;1206;16;56;0,21;40,20;59,09;1;France;Western Europe;"Presses Universitaires de Rennes";"2018-2024";"Social Sciences (miscellaneous) (Q3); Developmental and Educational Psychology (Q4); Education (Q4)";"Psychology; Social Sciences"
1087;14891;"International Journal of Group Psychotherapy";journal;"00207284, 19432836";"Taylor and Francis Ltd.";No;No;0,187;Q4;33;25;100;1220;42;83;0,52;48,80;62,50;1;United Kingdom;Western Europe;"Taylor and Francis Ltd.";"1957, 1959, 1961-2026";"Clinical Psychology (Q4)";"Psychology"
1088;10600153356;"Acta Colombiana de Psicologia";journal;"19099711, 01239155";"Universidad Catolica de Colombia";Yes;Yes;0,186;Q4;19;29;88;1349;70;82;0,72;46,52;44,94;0;Colombia;Latin America;"Universidad Catolica de Colombia";"2007-2025";"Psychiatry and Mental Health (Q4); Psychology (miscellaneous) (Q4)";"Medicine; Psychology"
1089;21100204509;"Exceptionality Education International";journal;"19185227";"Scholarship at Western";No;No;0,186;Q4;17;6;64;385;25;62;0,30;64,17;71,43;0;Canada;Northern America;"Scholarship at Western";"2012-2026";"Developmental and Educational Psychology (Q4); Education (Q4)";"Psychology; Social Sciences"
1090;21100792504;"Journal of Cognitive Science";journal;"15982327, 19766939";"Seoul National University, Institute for Cognitive Science";Yes;No;0,186;Q4;9;21;67;942;34;63;0,47;44,86;43,59;0;South Korea;Asiatic Region;"Seoul National University, Institute for Cognitive Science";"2016-2025";"Linguistics and Language (Q2); Artificial Intelligence (Q4); Cognitive Neuroscience (Q4); Experimental and Cognitive Psychology (Q4)";"Computer Science; Neuroscience; Psychology; Social Sciences"
1091;5800208171;"Psico-USF";journal;"21753563";"Universidade Sao Francisco";Yes;Yes;0,186;Q4;13;72;174;2799;93;170;0,45;38,88;68,75;2;Brazil;Latin America;"Universidade Sao Francisco";"2017-2026";"Psychology (miscellaneous) (Q4)";"Psychology"
1092;21101030143;"Psychology Hub";journal;"2723973X, 27242943";"Sapienza Universita Editrice";No;No;0,186;Q4;12;20;60;972;35;59;0,62;48,60;67,69;0;Italy;Western Europe;"Sapienza Universita Editrice";"2020-2025";"Behavioral Neuroscience (Q4); Psychiatry and Mental Health (Q4); Psychology (miscellaneous) (Q4)";"Medicine; Neuroscience; Psychology"
1093;74728;"Psihoterapija";journal;"03503186";"Medicinska Naklada Zagreb";No;No;0,185;Q4;5;10;48;258;15;44;0,33;25,80;66,67;0;Croatia;Eastern Europe;"Medicinska Naklada Zagreb";"1973, 1999, 2016-2024, 2026";"Clinical Psychology (Q4); Psychiatry and Mental Health (Q4)";"Medicine; Psychology"
1094;21100877822;"Revista Argentina de Ciencias del Comportamiento";journal;"18524206";"Universidad Nacional de Cordoba - Facultad de Psicologia";Yes;Yes;0,185;Q4;10;23;51;1180;41;51;0,72;51,30;45,71;0;Argentina;Latin America;"Universidad Nacional de Cordoba - Facultad de Psicologia";"2018-2025";"Linguistics and Language (Q2); Behavioral Neuroscience (Q4); Developmental and Educational Psychology (Q4); Experimental and Cognitive Psychology (Q4)";"Neuroscience; Psychology; Social Sciences"
1095;21100860060;"Cognition, Brain, Behavior. An Interdisciplinary Journal";journal;"2601226X, 22479228";"ASCR Press";No;No;0,184;Q4;10;18;53;1177;31;53;0,46;65,39;60,78;1;Romania;Eastern Europe;"ASCR Press";"2017-2025";"Experimental and Cognitive Psychology (Q4)";"Psychology"
1096;19700200986;"International Review of Pragmatics";journal;"18773109, 18773095";"Brill Academic Publishers";No;No;0,184;Q4;16;13;32;498;35;31;1,06;38,31;50,00;0;Netherlands;Western Europe;"Brill Academic Publishers";"2009, 2013-2026";"Linguistics and Language (Q2); Communication (Q3); Psychology (miscellaneous) (Q4)";"Psychology; Social Sciences"
1097;18200156706;"Rorschachiana";journal;"2151206X, 11925604";"Hogrefe Publishing";No;No;0,184;Q4;11;19;32;744;16;29;0,50;39,16;51,16;0;United States;Northern America;"Hogrefe Publishing";"2004, 2008-2026";"Clinical Psychology (Q4); Psychiatry and Mental Health (Q4)";"Medicine; Psychology"
1098;21100899523;"International Journal of Aerospace Psychology";journal;"24721832, 24721840";"Taylor and Francis Ltd.";No;No;0,183;Q4;55;23;36;1075;41;35;0,63;46,74;34,33;4;United Kingdom;Western Europe;"Taylor and Francis Ltd.";"2017-2025";"Aerospace Engineering (Q4); Applied Psychology (Q4); Computer Science Applications (Q4); Education (Q4)";"Computer Science; Engineering; Psychology; Social Sciences"
1099;21100211372;"Life Span and Disability";journal;"20355963";"Oasi Editrice";Yes;Yes;0,183;Q4;19;12;44;590;37;44;0,62;49,17;59,52;0;Italy;Western Europe;"Oasi Editrice";"2005, 2009-2025";"Developmental and Educational Psychology (Q4); Health (social science) (Q4); Life-span and Life-course Studies (Q4)";"Psychology; Social Sciences"
1100;21100200647;"Polish Psychological Bulletin";journal;"16417844, 00792993";"Polish Academy of Sciences, Committee for Psychological Science";Yes;No;0,183;Q4;23;34;103;1978;64;103;0,57;58,18;63,10;0;Poland;Eastern Europe;"Polish Academy of Sciences, Committee for Psychological Science";"2008-2025";"Psychology (miscellaneous) (Q4)";"Psychology"
1101;21100211304;"Psicologia Escolar e Educacional";journal;"14138557, 21753539";"Associacao Brasileira de Psicologia Escolar e Educacional";Yes;Yes;0,183;Q4;17;48;182;1271;73;177;0,31;26,48;72,00;0;Brazil;Latin America;"Associacao Brasileira de Psicologia Escolar e Educacional";"2012-2025";"Developmental and Educational Psychology (Q4); Social Psychology (Q4)";"Psychology"
1102;15990;"Psychologie in Erziehung und Unterricht";journal;"0342183X";"Ernst Reinhardt Verlag";No;No;0,183;Q4;23;28;60;867;25;54;0,31;30,96;55,56;1;Germany;Western Europe;"Ernst Reinhardt Verlag";"1996-2025";"Developmental and Educational Psychology (Q4)";"Psychology"
1103;5200152705;"Avances en Psicologia Latinoamericana";journal;"17944724, 21454515";"Fundacion para el Avance de la Psicologia";Yes;Yes;0,182;Q4;19;30;130;1308;83;119;0,54;43,60;65,48;0;Colombia;Latin America;"Fundacion para el Avance de la Psicologia";"1983, 2006-2025";"Clinical Psychology (Q4)";"Psychology"
1104;21100930168;"Evolution, Mind and Behaviour";journal;"25600982";"Akademiai Kiado";Yes;No;0,182;Q4;0;0;0;0;0;0;0,00;0,00;0,00;0;Hungary;Eastern Europe;"Akademiai Kiado";"2015-2020";"Anthropology (Q3); Ecology, Evolution, Behavior and Systematics (Q4); Experimental and Cognitive Psychology (Q4); Social Psychology (Q4)";"Agricultural and Biological Sciences; Psychology; Social Sciences"
1105;11700154711;"Psicooncologia";journal;"19888287, 16967240";"Universidad Complutense Madrid";Yes;Yes;0,181;Q4;15;21;76;757;36;70;0,43;36,05;63,64;0;Spain;Western Europe;"Universidad Complutense Madrid";"2008-2025";"Clinical Psychology (Q4); Oncology (Q4)";"Medicine; Psychology"
1106;11600153828;"Psihologijske Teme";journal;"13320742";"University of Rijeka";Yes;Yes;0,181;Q4;27;32;103;1800;50;98;0,54;56,25;58,44;0;Croatia;Eastern Europe;"University of Rijeka";"2009-2025";"Applied Psychology (Q4); Clinical Psychology (Q4); Social Psychology (Q4)";"Psychology"
1107;18800156721;"Electronic Journal of Research in Educational Psychology";journal;"16962095, 16995880";"Universidad de Almeria";Yes;Yes;0,180;Q4;38;30;91;1519;64;90;0,67;50,63;60,00;0;Spain;Western Europe;"Universidad de Almeria";"2003-2025";"Developmental and Educational Psychology (Q4); Education (Q4)";"Psychology; Social Sciences"
1108;21100269616;"Journal of Intellectual Disabilities and Offending Behaviour";journal;"20508824";"Emerald Group Publishing Ltd.";No;No;0,180;Q4;17;10;44;373;26;41;0,74;37,30;53,57;0;United Kingdom;Western Europe;"Emerald Group Publishing Ltd.";"2013-2024";"Clinical Psychology (Q4); Pathology and Forensic Medicine (Q4); Psychiatry and Mental Health (Q4)";"Medicine; Psychology"
1109;19700174949;"Postepy Psychiatrii i Neurologii";journal;"12302813";"Termedia Publishing House Ltd.";Yes;Yes;0,180;Q4;12;40;75;1706;35;68;0,39;42,65;56,25;1;Poland;Eastern Europe;"Termedia Publishing House Ltd.";"2007-2025";"Clinical Psychology (Q4); Neurology (Q4); Neurology (clinical) (Q4); Psychiatry and Mental Health (Q4)";"Medicine; Neuroscience; Psychology"
1110;21100403825;"Avaliacao Psicologica";journal;"21753431, 16770471";"Instituto Brasileiro de Avaliacao Psicologica";Yes;No;0,179;Q4;13;67;187;2492;89;178;0,41;37,19;67,91;0;Brazil;Latin America;"Instituto Brasileiro de Avaliacao Psicologica";"2015-2025";"Psychology (miscellaneous) (Q4)";"Psychology"
1111;19700174668;"Annual Review of CyberTherapy and Telemedicine";journal;"15548716";"Virtual Reality Medical Institute";Yes;No;0,178;Q4;24;22;104;275;71;99;0,47;12,50;64,52;0;Belgium;Western Europe;"Virtual Reality Medical Institute";"2009-2025";"Computer Science (miscellaneous) (Q4); Neuroscience (miscellaneous) (Q4); Psychology (miscellaneous) (Q4); Rehabilitation (Q4)";"Computer Science; Medicine; Neuroscience; Psychology"
1112;14068;"Psychotherapies";journal;"0251737X";"Editions Medecine et Hygiene";Yes;No;0,178;Q4;11;19;91;524;17;73;0,21;27,58;31,82;0;Switzerland;Western Europe;"Editions Medecine et Hygiene";"1990-2023";"Clinical Psychology (Q4); Psychiatry and Mental Health (Q4)";"Medicine; Psychology"
1113;19800188059;"Bereavement Care";journal;"02682621, 19448279";"Routledge";No;No;0,177;Q4;0;0;0;0;0;0;0,00;0,00;0,00;0;United Kingdom;Western Europe;"Routledge";"1982-2020";"Advanced and Specialized Nursing (Q3); Gerontology (Q4); Health (social science) (Q4); Social Psychology (Q4)";"Nursing; Psychology; Social Sciences"
1114;21100899527;"Australian Feminist Law Journal";journal;"22040064, 13200968";"Routledge";No;No;0,176;Q4;10;15;53;0;44;46;0,43;0,00;84,21;0;Australia;Pacific Region;"Routledge";"2018-2026";"Literature and Literary Theory (Q1); Gender Studies (Q3); Law (Q3); Sociology and Political Science (Q3); Psychology (miscellaneous) (Q4)";"Arts and Humanities; Psychology; Social Sciences"
1115;18300156721;"Zeitschrift fur Sportpsychologie";journal;"21906300, 16125010";"Hogrefe Publishing";No;No;0,176;Q4;14;27;80;782;24;35;0,26;28,96;36,84;0;Germany;Western Europe;"Hogrefe Publishing";"2008-2023";"Applied Psychology (Q4); Physical Therapy, Sports Therapy and Rehabilitation (Q4); Social Psychology (Q4)";"Health Professions; Psychology"
1116;21100330713;"Psychoanalytic Perspectives";journal;"1551806X, 21636958";"Routledge";No;No;0,175;Q4;15;40;123;668;26;112;0,18;16,70;73,81;0;United States;Northern America;"Routledge";"2003-2026";"Psychology (miscellaneous) (Q4)";"Psychology"
1117;4100151502;"Psychologie du Travail et des Organisations";journal;"14202530";"Elsevier Masson s.r.l.";No;No;0,175;Q4;13;22;76;1146;35;71;0,31;52,09;55,88;2;France;Western Europe;"Elsevier Masson s.r.l.";"2005-2006, 2008-2025";"Human Factors and Ergonomics (Q4); Social Psychology (Q4)";"Psychology; Social Sciences"
1118;21100204931;"Sistemi Intelligenti";journal;"11209550, 19738226";"Societa Editrice Il Mulino";No;No;0,175;Q4;10;42;92;1860;29;85;0,45;44,29;36,92;0;Italy;Western Europe;"Societa Editrice Il Mulino";"1997-2025";"Linguistics and Language (Q2); Artificial Intelligence (Q4); Cognitive Neuroscience (Q4); Experimental and Cognitive Psychology (Q4)";"Computer Science; Neuroscience; Psychology; Social Sciences"
1119;21100229177;"Journal of Psychological and Educational Research";journal;"22471537";"Universitatea din Oradea";No;No;0,174;Q4;12;16;46;1011;24;46;0,50;63,19;66,27;0;Romania;Eastern Europe;"Universitatea din Oradea";"2011-2025";"Applied Psychology (Q4); Developmental and Educational Psychology (Q4); Education (Q4)";"Psychology; Social Sciences"
1120;17515;"ANAE - Approche Neuropsychologique des Apprentissages chez l'Enfant";journal;"0999792X";"A.N.A.E";No;No;0,173;Q4;12;65;225;2769;42;195;0,22;42,60;63,00;0;France;Western Europe;"A.N.A.E";"1996-2025";"Developmental and Educational Psychology (Q4); Neuropsychology and Physiological Psychology (Q4)";"Psychology"
1121;15233;"Australasian Journal of Disaster and Trauma Studies";journal;"11744707";"Massey University";Yes;No;0,173;Q4;24;9;26;303;30;25;1,15;33,67;53,13;0;New Zealand;Pacific Region;"Massey University";"1997, 2004-2008, 2010-2024";"Applied Psychology (Q4)";"Psychology"
1122;19700175063;"European Journal of Mental Health";journal;"17887119, 17884934";"Semmelweis University Institute of Mental Health";Yes;Yes;0,173;Q4;14;22;35;1018;16;34;0,29;46,27;55,56;0;Hungary;Eastern Europe;"Semmelweis University Institute of Mental Health";"2008-2026";"Health (social science) (Q4); Psychiatry and Mental Health (Q4); Psychology (miscellaneous) (Q4); Public Health, Environmental and Occupational Health (Q4)";"Medicine; Psychology; Social Sciences"
1123;19700177331;"Zeitschrift fur Neuropsychologie";journal;"1016264X";"Hogrefe Publishing GmbH &amp; Co. KG";No;No;0,173;Q4;15;24;70;948;34;58;0,42;39,50;57,41;0;Switzerland;Western Europe;"Hogrefe Publishing GmbH &amp; Co. KG";"1999-2003, 2010-2025";"Cognitive Neuroscience (Q4); Neuropsychology and Physiological Psychology (Q4); Psychiatry and Mental Health (Q4)";"Medicine; Neuroscience; Psychology"
1124;21101055930;"Open Education Studies";journal;"25447831";"Walter de Gruyter GmbH";Yes;No;0,172;Q4;13;20;48;893;50;47;1,04;44,65;39,34;0;Poland;Eastern Europe;"Walter de Gruyter GmbH";"2019-2026";"Social Sciences (miscellaneous) (Q3); Developmental and Educational Psychology (Q4); Education (Q4)";"Psychology; Social Sciences"
1125;5700154120;"Giornale Italiano di Psicologia";journal;"26122413, 03905349";"Societa Editrice Il Mulino";No;No;0,171;Q4;20;80;289;2237;53;279;0,19;27,96;64,43;0;Italy;Western Europe;"Societa Editrice Il Mulino";"2001-2002, 2011-2025";"Psychology (miscellaneous) (Q4)";"Psychology"
1126;19900191978;"European Journal of Psychotherapy and Counselling";journal;"14695901, 13642537";"Routledge";No;No;0,170;Q4;20;30;66;1178;27;56;0,21;39,27;53,33;1;United Kingdom;Western Europe;"Routledge";"2010-2026";"Clinical Psychology (Q4); Psychiatry and Mental Health (Q4)";"Medicine; Psychology"
1127;21101047144;"Islamic Guidance and Counseling Journal";journal;"26855909, 26141566";"Institut Agama Islam Ma'arif NU (IAIMNU) Metro Lampung";Yes;No;0,170;Q4;8;18;36;808;11;36;0,35;44,89;40,63;1;Indonesia;Asiatic Region;"Institut Agama Islam Ma'arif NU (IAIMNU) Metro Lampung";"2018-2026";"Religious Studies (Q2); Psychology (miscellaneous) (Q4)";"Arts and Humanities; Psychology"
1128;21100396385;"Journal of Evidence-Based Psychotherapies";journal;"23600853";"Cluj University Press";No;No;0,170;Q4;24;17;55;1009;31;55;0,43;59,35;52,27;1;Romania;Eastern Europe;"Cluj University Press";"2014-2025";"Clinical Psychology (Q4); Experimental and Cognitive Psychology (Q4)";"Psychology"
1129;4700152269;"Journal of Japanese Studies";journal;"00956848, 15494721";"Society for Japanese Studies";No;No;0,170;Q4;24;10;27;150;8;25;0,17;15,00;50,00;0;United States;Northern America;"Society for Japanese Studies";"1988, 1998-2002, 2005-2026";"Cultural Studies (Q2); Linguistics and Language (Q2); Anthropology (Q3); Social Psychology (Q4)";"Psychology; Social Sciences"
1130;3900148501;"North American Journal of Psychology";journal;"15277143";"North American Journal of Psychology";No;No;0,170;Q4;35;51;125;2044;60;123;0,36;40,08;56,12;0;United States;Northern America;"North American Journal of Psychology";"2005-2025";"Sociology and Political Science (Q3); Developmental and Educational Psychology (Q4); Education (Q4); Psychology (miscellaneous) (Q4)";"Psychology; Social Sciences"
1131;21100211343;"Hellenic Journal of Psychology";journal;"17901391, 27327027";"Psychological Society of Northern Greece";No;No;0,169;Q4;15;16;47;1063;29;47;0,60;66,44;60,78;0;Greece;Western Europe;"Psychological Society of Northern Greece";"2011-2025";"Education (Q4); Psychology (miscellaneous) (Q4)";"Psychology; Social Sciences"
1132;21100886538;"Quadernos de Psicologia";journal;"02113481, 20144520";"Universitat Autonoma de Barcelona";Yes;Yes;0,169;Q4;8;38;89;1673;27;89;0,33;44,03;64,44;2;Spain;Western Europe;"Universitat Autonoma de Barcelona";"2018-2025";"Psychology (miscellaneous) (Q4)";"Psychology"
1133;19900193932;"Informacios Tarsadalom";journal;"15878694";"Infonia";No;No;0,169;-;8;26;80;997;14;80;0,23;38,35;28,57;0;Hungary;Eastern Europe;"Infonia";"2008-2025";"Communication (Q3)";"Social Sciences"
1134;12831;"Ceskoslovenska Psychologie";journal;"18046436, 0009062X";"Academy of Sciences of the Czech Republic";No;No;0,167;Q4;18;51;120;2197;56;118;0,28;43,08;53,68;5;Czech Republic;Eastern Europe;"Academy of Sciences of the Czech Republic";"1960-1962, 1996-2025";"Arts and Humanities (miscellaneous) (Q3); Psychology (miscellaneous) (Q4)";"Arts and Humanities; Psychology"
1135;5700153385;"Journal of Human Values";journal;"09730737, 09716858";"Sage Publications India Pvt. Ltd";No;No;0,167;Q4;23;18;58;750;23;50;0,26;41,67;34,38;1;India;Asiatic Region;"Sage Publications India Pvt. Ltd";"1995-2026";"Cultural Studies (Q2); Philosophy (Q2); Sociology and Political Science (Q3); Organizational Behavior and Human Resource Management (Q4); Social Psychology (Q4)";"Arts and Humanities; Business, Management and Accounting; Psychology; Social Sciences"
1136;25369;"Revista Critica de Ciencias Sociais";journal;"02541106, 21827435";"Centro de Estudos Sociais da Universidade de Coimbra";Yes;Yes;0,167;Q4;11;36;77;1287;34;73;0,56;35,75;48,15;0;Portugal;Western Europe;"Centro de Estudos Sociais da Universidade de Coimbra";"2001, 2015-2025";"Social Sciences (miscellaneous) (Q3); Psychology (miscellaneous) (Q4)";"Psychology; Social Sciences"
1137;15355;"Travail Humain";journal;"00411868";"";No;No;0,167;Q4;27;7;42;417;31;42;0,90;59,57;20,83;0;France;Western Europe;"";"1947-1949, 1972-1993, 1996-2024";"Industrial Relations (Q3); Applied Psychology (Q4); Human Factors and Ergonomics (Q4); Psychology (miscellaneous) (Q4)";"Business, Management and Accounting; Psychology; Social Sciences"
1138;21101030208;"Biolinguistics";journal;"14503417";"PsychOpen";Yes;Yes;0,166;Q4;5;2;9;61;6;8;0,67;30,50;16,67;0;Cyprus;Western Europe;"PsychOpen";"2008, 2010, 2013, 2015, 2017, 2019-2025";"Linguistics and Language (Q2); Experimental and Cognitive Psychology (Q4)";"Psychology; Social Sciences"
1139;21100900132;"Interacao em Psicologia";journal;"19818076, 19818068";"Universidade Federal do Parana - Departamento de Psicologia";Yes;Yes;0,166;Q4;6;54;91;1929;23;86;0,17;35,72;73,76;0;Brazil;Latin America;"Universidade Federal do Parana - Departamento de Psicologia";"2018-2025";"Psychology (miscellaneous) (Q4)";"Psychology"
1140;21100903472;"Iranian Journal of Psychiatry and Clinical Psychology";journal;"22287515, 17354315";"Iran University of Medical Sciences";No;No;0,166;Q4;12;40;71;1539;39;67;0,56;38,48;39,86;0;Iran;Middle East;"Iran University of Medical Sciences";"2018-2025";"Clinical Psychology (Q4); Psychiatry and Mental Health (Q4)";"Medicine; Psychology"
1141;21100786920;"Pakistan Journal of Psychological Research";journal;"10160604";"National Institute of Psychology";Yes;No;0,166;Q4;14;35;126;1651;64;126;0,49;47,17;76,54;0;Pakistan;Asiatic Region;"National Institute of Psychology";"2016-2026";"Psychology (miscellaneous) (Q4)";"Psychology"
1142;21100898040;"Childhood Education";journal;"00094056, 21620725";"Taylor and Francis Ltd.";No;No;0,165;Q4;33;62;186;11;115;151;0,37;0,18;60,00;5;United Kingdom;Western Europe;"Taylor and Francis Ltd.";"1955-1956, 1979, 1984-1992, 1994-2026";"Developmental and Educational Psychology (Q4); Education (Q4); Management of Technology and Innovation (Q4)";"Business, Management and Accounting; Psychology; Social Sciences"
1143;19700177314;"Revista de Cercetare si Interventie Sociala";journal;"15833410, 15845397";"Expert Projects";Yes;No;0,164;Q4;19;65;267;1967;152;267;0,58;30,26;49,44;2;Romania;Eastern Europe;"Expert Projects";"2008-2025";"Sociology and Political Science (Q3); Health (social science) (Q4); Social Psychology (Q4)";"Psychology; Social Sciences"
1144;110337;"Zhurnal Nevrologii i Psihiatrii imeni S.S. Korsakova";journal;"23094729, 19977298";"Media Sphera Publishing Group";No;No;0,164;-;26;379;1126;6535;657;1110;0,57;17,24;61,81;4;Russian Federation;Eastern Europe;"Media Sphera Publishing Group";"1952-2026";"Neurology (clinical) (Q4); Psychiatry and Mental Health (Q4)";"Medicine"
1145;21100967510;"East European Journal of Psycholinguistics";journal;"23123265, 23132116";"Lesya Ukrainka Volyn National University";Yes;No;0,163;Q4;8;30;48;1037;16;48;0,33;34,57;68,33;1;Ukraine;Eastern Europe;"Lesya Ukrainka Volyn National University";"2019-2025";"Linguistics and Language (Q2); Experimental and Cognitive Psychology (Q4)";"Psychology; Social Sciences"
1146;21100792099;"International Sports Studies";journal;"14430770";"International Society for Comparative Physical Education and Sport (ISCPES)";No;No;0,163;Q4;7;11;38;431;35;32;1,17;39,18;36,00;0;Spain;Western Europe;"International Society for Comparative Physical Education and Sport (ISCPES)";"2015-2025";"Applied Psychology (Q4); Education (Q4)";"Psychology; Social Sciences"
1147;5600155562;"Sciences de l'Education pour l'Ere Nouvelle";journal;"22593764, 07559593";"Centre d'Etudes et de Recherche en Sciences de l'Education (CERSE)";No;No;0,163;Q4;6;27;54;725;13;45;0,21;26,85;57,89;1;France;Western Europe;"Centre d'Etudes et de Recherche en Sciences de l'Education (CERSE)";"2011, 2013-2022, 2024";"Developmental and Educational Psychology (Q4); Education (Q4)";"Psychology; Social Sciences"
1148;21100788963;"International Journal of High Risk Behaviors and Addiction";journal;"2251872X, 22518711";"Brieflands";Yes;No;0,162;Q4;21;32;99;981;45;96;0,44;30,66;45,30;0;Netherlands;Western Europe;"Brieflands";"2012, 2014-2026";"Clinical Psychology (Q4); Medicine (miscellaneous) (Q4); Psychiatry and Mental Health (Q4)";"Medicine; Psychology"
1149;21100784273;"Journal of Intellectual Disability - Diagnosis and Treatment";journal;"22922598";"Lifescience Global";No;No;0,162;Q4;12;70;163;2759;64;161;0,39;39,41;66,96;4;Canada;Northern America;"Lifescience Global";"2013-2025";"Applied Psychology (Q4); Developmental and Educational Psychology (Q4); Health (social science) (Q4); Neurology (Q4); Neurology (clinical) (Q4); Psychiatry and Mental Health (Q4)";"Medicine; Neuroscience; Psychology; Social Sciences"
1150;21100904920;"Journal of Measurement and Evaluation in Education and Psychology";journal;"13096575";"Association of Measurement and Evaluation in Education and Psychology (EPODDER)";Yes;No;0,162;Q4;9;24;75;1116;23;75;0,35;46,50;40,00;1;Turkey;Middle East;"Association of Measurement and Evaluation in Education and Psychology (EPODDER)";"2018-2025";"Developmental and Educational Psychology (Q4); Education (Q4)";"Psychology; Social Sciences"
1151;21100842866;"Primenjena Psihologija";journal;"23347287, 18210147";"Faculty of Philosophy, University of Novi Sad, Serbia";Yes;Yes;0,162;Q4;9;23;69;1183;27;68;0,35;51,43;63,16;0;Serbia;Eastern Europe;"Faculty of Philosophy, University of Novi Sad, Serbia";"2017-2025";"Applied Psychology (Q4)";"Psychology"
1152;21100838563;"Annals of Applied Sport Science (discontinued)";journal;"24764981, 23224479";"";Yes;No;0,161;Q4;15;44;132;1642;62;131;0,43;37,32;39,47;0;Iran;Middle East;"";"2017-2025";"Social Sciences (miscellaneous) (Q3); Applied Psychology (Q4); Orthopedics and Sports Medicine (Q4); Physical Therapy, Sports Therapy and Rehabilitation (Q4); Tourism, Leisure and Hospitality Management (Q4)";"Business, Management and Accounting; Health Professions; Medicine; Psychology; Social Sciences"
1153;19700201401;"International Journal of Jungian Studies";journal;"19409060, 19409052";"Brill Academic Publishers";No;No;0,161;Q4;8;9;46;528;12;42;0,30;58,67;33,33;0;United Kingdom;Western Europe;"Brill Academic Publishers";"2010-2026";"Applied Psychology (Q4)";"Psychology"
1154;21100858550;"Psychological Thought";journal;"21937281";"South-West University "Neofit Rilski"";Yes;No;0,161;Q4;11;27;63;1267;30;59;0,43;46,93;61,54;1;Bulgaria;Eastern Europe;"South-West University "Neofit Rilski"";"2017-2025";"Psychology (miscellaneous) (Q4)";"Psychology"
1155;21101018933;"Habitat Sustentable";journal;"07190700";"Universidad del Bio Bio";Yes;Yes;0,160;Q4;7;14;32;402;13;27;0,41;28,71;66,67;1;Chile;Latin America;"Universidad del Bio Bio";"2019-2025";"Architecture (Q3); Urban Studies (Q3); Building and Construction (Q4); Experimental and Cognitive Psychology (Q4); Geography, Planning and Development (Q4); Materials Science (miscellaneous) (Q4); Renewable Energy, Sustainability and the Environment (Q4)";"Energy; Engineering; Materials Science; Psychology; Social Sciences"
1156;21100855411;"Journal for Social Action in Counseling and Psychology";journal;"21598142";"Ball State University Center for Peace and Conflict Studies";Yes;Yes;0,160;Q4;9;3;22;128;19;21;1,27;42,67;60,00;0;United States;Northern America;"Ball State University Center for Peace and Conflict Studies";"2017-2025";"Sociology and Political Science (Q3); Clinical Psychology (Q4); Education (Q4); Social Psychology (Q4)";"Psychology; Social Sciences"
1157;21100881506;"Przestrzen Spoleczna (discontinued)";journal;"20841558, 20847696";"";Yes;No;0,160;Q4;8;10;49;299;28;39;0,82;29,90;53,85;0;Poland;Eastern Europe;"";"2018-2022";"Cultural Studies (Q2); Social Sciences (miscellaneous) (Q3); Sociology and Political Science (Q3); Urban Studies (Q3); Demography (Q4); Economics, Econometrics and Finance (miscellaneous) (Q4); Geography, Planning and Development (Q4); Social Psychology (Q4)";"Economics, Econometrics and Finance; Psychology; Social Sciences"
1158;15300154805;"Clinical Psychology Forum";journal;"17475732";"British Psychological Society";No;No;0,159;Q4;19;155;462;1969;64;272;0,14;12,70;77,45;0;United Kingdom;Western Europe;"British Psychological Society";"2005-2025";"Clinical Psychology (Q4)";"Psychology"
1159;21100830426;"Journal of Criminological Research, Policy and Practice";journal;"2056385X, 20563841";"Emerald Group Publishing Ltd.";No;No;0,159;Q4;17;18;80;682;40;75;0,36;37,89;48,48;0;United Kingdom;Western Europe;"Emerald Group Publishing Ltd.";"2015-2025";"Law (Q3); Sociology and Political Science (Q3); Health (social science) (Q4); Public Administration (Q4); Social Psychology (Q4)";"Psychology; Social Sciences"
1160;21100781873;"Journal of Drug and Alcohol Research";journal;"20908342, 20908334";"Ashdin Publishing";No;No;0,159;Q4;13;56;56;1781;27;55;0,48;31,80;40,00;0;Egypt;Africa/Middle East;"Ashdin Publishing";"2012, 2015-2025";"Clinical Psychology (Q4); Psychiatry and Mental Health (Q4)";"Medicine; Psychology"
1161;21101023175;"Journal of Water and Environmental Nanotechnology";journal;"24766615, 24767204";"Iranian Environmental Mutagen Society";Yes;Yes;0,159;Q4;16;32;64;1466;79;64;1,23;45,81;31,40;0;Iran;Middle East;"Iranian Environmental Mutagen Society";"2019-2025";"Experimental and Cognitive Psychology (Q4); Materials Science (miscellaneous) (Q4); Social Psychology (Q4); Water Science and Technology (Q4)";"Environmental Science; Materials Science; Psychology"
1162;21101034433;"Musical Art and Education";journal;"23091428";"Moscow Pedagogical State University";Yes;No;0,159;Q4;5;45;67;1007;8;67;0,12;22,38;80,77;0;Russian Federation;Eastern Europe;"Moscow Pedagogical State University";"2019-2025";"Music (Q2); Developmental and Educational Psychology (Q4); Education (Q4)";"Arts and Humanities; Psychology; Social Sciences"
1163;21100780996;"Psychology, Journal of the Higher School of Economics";journal;"18138918";"National Research University Higher School of Economics (HSE University)";No;No;0,159;Q4;12;53;148;1961;71;141;0,45;37,00;65,19;0;Russian Federation;Eastern Europe;"National Research University Higher School of Economics (HSE University)";"2016-2025";"Cultural Studies (Q2); Education (Q4); Psychology (miscellaneous) (Q4)";"Psychology; Social Sciences"
1164;4700152605;"Psicologia: Teoria e Pesquisa";journal;"01023772, 18063446";"Universidade de Brasilia";Yes;Yes;0,158;Q4;27;68;209;3043;80;209;0,33;44,75;69,46;1;Brazil;Latin America;"Universidade de Brasilia";"2000-2001, 2006-2025";"Psychology (miscellaneous) (Q4)";"Psychology"
1165;4700152401;"Psychoanalytic Social Work";journal;"15229033, 15228878";"Routledge";No;No;0,158;Q4;15;5;36;156;11;34;0,36;31,20;50,00;0;United States;Northern America;"Routledge";"1999-2025";"Social Sciences (miscellaneous) (Q3); Social Psychology (Q4); Social Work (Q4)";"Psychology; Social Sciences"
1166;10900153310;"Psicologia Clinica";journal;"01035665";"Pontificia Universidade Catolica do Rio de Janeiro";Yes;No;0,157;Q4;11;30;91;858;20;82;0,23;28,60;60,00;0;Brazil;Latin America;"Pontificia Universidade Catolica do Rio de Janeiro";"2007-2021";"Clinical Psychology (Q4); Psychiatry and Mental Health (Q4)";"Medicine; Psychology"
1167;21100841704;"Journal of Cognitive Education and Psychology";journal;"18107621, 19458959";"Springer Publishing Company";No;No;0,156;Q4;10;13;44;536;21;41;0,35;41,23;77,78;0;United States;Northern America;"Springer Publishing Company";"2008, 2017-2022";"Developmental and Educational Psychology (Q4); Education (Q4); Experimental and Cognitive Psychology (Q4)";"Psychology; Social Sciences"
1168;12014;"Anuario de Psicologia";journal;"00665126, 19885253";"Universitat de Barcelona";Yes;Yes;0,155;Q4;20;22;44;964;22;44;0,33;43,82;48,05;0;Spain;Western Europe;"Universitat de Barcelona";"2002-2009, 2011-2025";"Psychiatry and Mental Health (Q4); Psychology (miscellaneous) (Q4)";"Medicine; Psychology"
1169;21100901169;"Revista CES Psicologia";journal;"20113080";"Universidad CES";Yes;Yes;0,155;Q4;10;30;91;1420;46;89;0,48;47,33;49,45;0;Colombia;Latin America;"Universidad CES";"2018-2025";"Psychology (miscellaneous) (Q4)";"Psychology"
1170;19700188207;"Revista Mexicana de Analisis de la Conducta";journal;"20070802, 01854534";"Sociedad Mexicana de Analisis de la Conducta";No;No;0,155;Q4;13;16;73;534;14;68;0,21;33,38;40,54;0;Mexico;Latin America;"Sociedad Mexicana de Analisis de la Conducta";"1975, 2010-2025";"Applied Psychology (Q4); Experimental and Cognitive Psychology (Q4)";"Psychology"
1171;21100889413;"Language and Psychoanalysis";journal;"2049324X";"University of Edinburgh";Yes;Yes;0,154;Q4;4;11;19;357;9;19;0,60;32,45;47,62;0;United Kingdom;Western Europe;"University of Edinburgh";"2018-2022";"Linguistics and Language (Q3); Clinical Psychology (Q4); Psychiatry and Mental Health (Q4)";"Medicine; Psychology; Social Sciences"
1172;21100253384;"International Journal of Cyber Behavior, Psychology and Learning";journal;"21557136, 21557144";"IGI Global Publishing";No;No;0,153;Q4;23;16;45;951;27;45;0,77;59,44;47,06;0;United States;Northern America;"IGI Global Publishing";"2011-2025";"Developmental and Educational Psychology (Q4); Education (Q4); Experimental and Cognitive Psychology (Q4)";"Psychology; Social Sciences"
1173;13329;"Pratiques Psychologiques";journal;"1878092X, 12691763";"Elsevier Masson s.r.l.";No;No;0,153;Q4;17;19;74;1080;36;71;0,40;56,84;47,50;2;France;Western Europe;"Elsevier Masson s.r.l.";"2004-2026";"Psychology (miscellaneous) (Q4)";"Psychology"
1174;5100155040;"Psychiatria i Psychologia Kliniczna";journal;"16446313, 24510645";"Medical Communications";Yes;Yes;0,153;Q4;13;36;127;1305;46;121;0,30;36,25;68,13;0;Poland;Eastern Europe;"Medical Communications";"2006-2025";"Clinical Psychology (Q4); Psychiatry and Mental Health (Q4)";"Medicine; Psychology"
1175;21100910239;"Journal of Elementary Education";journal;"23504803, 18554431";"University of Maribor Press";Yes;Yes;0,152;Q4;9;34;77;1216;26;77;0,36;35,76;64,06;0;Slovenia;Eastern Europe;"University of Maribor Press";"2015-2025";"Developmental and Educational Psychology (Q4); Education (Q4)";"Psychology; Social Sciences"
1176;21100888252;"Perspektivy Nauki i Obrazovania";journal;"23072334";"LLC Ecological Help";No;No;0,151;-;12;223;701;6721;190;701;0,40;30,14;75,99;0;Russian Federation;Eastern Europe;"LLC Ecological Help";"2018-2025";"Philosophy (Q2); Education (Q4)";"Arts and Humanities; Social Sciences"
1177;21100805728;"Nevrologiya, Neiropsikhiatriya, Psikhosomatika";journal;"20742711, 23101342";"Ima-Press Publishing House";Yes;Yes;0,150;Q4;17;158;316;5525;255;316;0,80;34,97;61,86;2;Russian Federation;Eastern Europe;"Ima-Press Publishing House";"2016-2025";"Clinical Psychology (Q4); Neurology (clinical) (Q4); Psychiatry and Mental Health (Q4)";"Medicine; Psychology"
1178;17700155818;"Topique";journal;"00409375";"Esprit";No;No;0,150;Q4;7;27;119;386;13;110;0,09;14,30;39,13;0;France;Western Europe;"Esprit";"2001-2023";"Clinical Psychology (Q4); Psychiatry and Mental Health (Q4)";"Medicine; Psychology"
1179;4500151531;"Zeitschrift fur Psychiatrie, Psychologie und Psychotherapie";journal;"16642929, 16614747";"Hogrefe Publishing";No;No;0,150;Q4;22;0;77;0;28;74;0,31;0,00;0,00;0;Switzerland;Western Europe;"Hogrefe Publishing";"2006-2020";"Clinical Psychology (Q4); Psychiatry and Mental Health (Q4)";"Medicine; Psychology"
1180;21100213000;"Dialogue";journal;"02428962";"Korean Neurological Association";No;No;0,149;Q4;11;46;133;1291;9;124;0,05;28,07;51,47;0;South Korea;Asiatic Region;"Korean Neurological Association";"2001-2024";"Philosophy (Q2); Development (Q4); Health (social science) (Q4); Social Psychology (Q4)";"Arts and Humanities; Psychology; Social Sciences"
1181;21100942914;"Organizatsionnaya Psikhologiya";journal;"23125942";"National Research University Higher School of Economics (HSE University)";Yes;No;0,148;Q4;8;38;65;2148;29;65;0,45;56,53;53,33;0;Russian Federation;Eastern Europe;"National Research University Higher School of Economics (HSE University)";"2019-2025";"Applied Psychology (Q4); Organizational Behavior and Human Resource Management (Q4); Social Psychology (Q4)";"Business, Management and Accounting; Psychology"
1182;21100202508;"Revista Brasileira de Orientacao Profissional";journal;"16793390, 19847270";"Associacao Brasileira de Orientadores Profissionais";Yes;Yes;0,148;Q4;13;19;69;850;33;65;0,23;44,74;60,53;0;Brazil;Latin America;"Associacao Brasileira de Orientadores Profissionais";"2011-2024";"Applied Psychology (Q4); Education (Q4); Organizational Behavior and Human Resource Management (Q4)";"Business, Management and Accounting; Psychology; Social Sciences"
1183;145096;"Neuropsychopharmacologia Hungarica";journal;"20642512, 14198711";"Hungarian Association of Psychopharmacology";Yes;No;0,147;Q4;21;23;62;1019;27;50;0,63;44,30;50,00;0;Hungary;Eastern Europe;"Hungarian Association of Psychopharmacology";"2004-2025";"Pharmacology, Toxicology and Pharmaceutics (miscellaneous) (Q3); Neurology (clinical) (Q4); Neuropsychology and Physiological Psychology (Q4); Neuroscience (miscellaneous) (Q4)";"Medicine; Neuroscience; Pharmacology, Toxicology and Pharmaceutics; Psychology"
1184;1000147119;"Zeitschrift fur Germanistische Linguistik";journal;"16130626, 03013294";"Walter de Gruyter GmbH";No;No;0,147;Q4;19;23;73;1196;15;71;0,23;52,00;60,00;0;Germany;Western Europe;"Walter de Gruyter GmbH";"1973-2025";"Linguistics and Language (Q3); Developmental and Educational Psychology (Q4)";"Psychology; Social Sciences"
1185;12700154701;"Journal for Geometry and Graphics";journal;"14338157";"Heldermann Verlag";No;No;0,146;Q4;21;13;58;170;20;58;0,24;13,08;9,09;0;Germany;Western Europe;"Heldermann Verlag";"1997-2025";"Applied Mathematics (Q4); Applied Psychology (Q4); Geometry and Topology (Q4)";"Mathematics; Psychology"
1186;21100456125;"Psiholoska Obzorja";journal;"13181874, 23505141";"Slovenian Psychologists' Association";Yes;Yes;0,146;Q4;14;17;32;838;14;32;0,25;49,29;85,71;0;Slovenia;Eastern Europe;"Slovenian Psychologists' Association";"2000-2025";"Psychology (miscellaneous) (Q4)";"Psychology"
1187;17600155045;"Staps";journal;"17821568, 0247106X";"De Boeck Supérieur";No;No;0,146;-;13;21;97;1032;14;84;0,20;49,14;34,15;0;Belgium;Western Europe;"De Boeck Supérieur";"2001-2022, 2024-2025";"Orthopedics and Sports Medicine (Q4); Physical Therapy, Sports Therapy and Rehabilitation (Q4); Social Sciences (miscellaneous) (Q4)";"Health Professions; Medicine; Social Sciences"
1188;19900193866;"Gedrag en Organisatie";journal;"09215077, 18757235";"Amsterdam University Press";No;No;0,145;Q4;15;17;53;780;9;49;0,16;45,88;50,00;0;Netherlands;Western Europe;"Amsterdam University Press";"2008-2025";"Organizational Behavior and Human Resource Management (Q4); Social Psychology (Q4); Strategy and Management (Q4)";"Business, Management and Accounting; Psychology"
1189;21100877342;"Problemi";journal;"05552419";"Society for Theoretical Psychoanalysis";No;No;0,145;Q4;5;32;116;613;19;101;0,17;19,16;8,70;0;Slovenia;Eastern Europe;"Society for Theoretical Psychoanalysis";"2017-2025";"Literature and Literary Theory (Q1); Linguistics and Language (Q3); Philosophy (Q3); Applied Psychology (Q4)";"Arts and Humanities; Psychology; Social Sciences"
1190;21100843526;"Ricerche di Psicologia";journal;"03916081, 19725620";"FrancoAngeli";No;No;0,145;Q4;14;63;116;2981;27;113;0,26;47,32;60,12;0;Italy;Western Europe;"FrancoAngeli";"2000, 2002-2025";"Psychology (miscellaneous) (Q4)";"Psychology"
1191;21100923615;"Rivista Internazionale di Filosofia e Psicologia";journal;"20394667, 22392629";"MIMESIS EDIZIONI";Yes;Yes;0,145;Q4;6;21;51;1298;10;45;0,20;61,81;32,26;0;Italy;Western Europe;"MIMESIS EDIZIONI";"2019-2025";"Philosophy (Q3); Experimental and Cognitive Psychology (Q4); Social Psychology (Q4)";"Arts and Humanities; Psychology"
1192;21101045709;"Forensic Science International: Mind and Law";journal;"26663538";"Elsevier B.V.";Yes;No;0,144;Q4;14;26;35;1279;42;25;1,20;49,19;44,44;2;Netherlands;Western Europe;"Elsevier B.V.";"2020-2024";"Law (Q3); Psychiatry and Mental Health (Q4); Psychology (miscellaneous) (Q4)";"Medicine; Psychology; Social Sciences"
1193;21100200606;"International Journal of Transpersonal Studies";journal;"13210122, 19423241";"International Transpersonal Association";Yes;No;0,144;Q4;16;19;62;1266;22;54;0,45;66,63;29,63;0;United States;Northern America;"International Transpersonal Association";"2011-2025";"Religious Studies (Q2); Philosophy (Q3); Applied Psychology (Q4)";"Arts and Humanities; Psychology"
1194;15925;"Journal of Parapsychology";journal;"00223387";"Rhine Research Center";No;No;0,142;Q4;24;8;51;202;21;33;0,54;25,25;15,38;0;United States;Northern America;"Rhine Research Center";"1946-1949, 1973-1977, 1996-2024";"Psychology (miscellaneous) (Q4)";"Psychology"
1195;21100925826;"Specijalna Edukacija i Rehabilitacija";journal;"14527367, 24061328";"University of Belgrade - Faculty of Special Education and Rehabilitation";Yes;Yes;0,141;Q4;4;17;56;715;12;56;0,23;42,06;76,36;0;Serbia;Eastern Europe;"University of Belgrade - Faculty of Special Education and Rehabilitation";"2018-2025";"Developmental and Educational Psychology (Q4); Education (Q4)";"Psychology; Social Sciences"
1196;14806;"Shinrigaku Kenkyu";journal;"00215236";"Japanese Psychological Association";No;No;0,140;Q4;23;61;139;1853;30;139;0,14;30,38;40,37;0;Japan;Asiatic Region;"Japanese Psychological Association";"1926-1938, 1941-1943, 1948-2026";"Psychology (miscellaneous) (Q4)";"Psychology"
1197;21101017897;"European Yearbook of the History of Psychology";journal;"22955267, 25070304";"Brepols Publishers";No;No;0,139;Q4;5;13;23;360;9;18;0,75;27,69;42,86;0;Belgium;Western Europe;"Brepols Publishers";"2015-2024";"History (Q2); Psychology (miscellaneous) (Q4)";"Arts and Humanities; Psychology"
1198;21100967057;"Psycholinguistics";journal;"23091797, 24153397";"Pereiaslav-Khmelnytskyi Hryhorii Skovoroda State Pedagogical University";Yes;No;0,139;Q4;10;35;130;1217;32;130;0,25;34,77;70,73;0;Ukraine;Eastern Europe;"Pereiaslav-Khmelnytskyi Hryhorii Skovoroda State Pedagogical University";"2019-2025";"Linguistics and Language (Q3); Experimental and Cognitive Psychology (Q4)";"Psychology; Social Sciences"
1199;26274;"Metiers de la Petite Enfance";journal;"1258780X";"Elsevier Masson s.r.l.";No;No;0,138;Q4;4;147;389;423;10;325;0,02;2,88;91,23;5;France;Western Europe;"Elsevier Masson s.r.l.";"2002-2026";"Pharmacology (nursing) (Q3); Developmental and Educational Psychology (Q4)";"Nursing; Psychology"
1200;14869;"International Forum of Psychoanalysis";journal;"16512324, 0803706X";"Routledge";No;No;0,137;Q4;21;32;102;804;11;89;0,03;25,13;41,18;0;United Kingdom;Western Europe;"Routledge";"1992-2026";"Clinical Psychology (Q4); Psychiatry and Mental Health (Q4)";"Medicine; Psychology"
1201;5800169793;"Connexions";journal;"17762804, 03373126";"Editions Eres";No;No;0,136;Q4;11;33;100;518;11;91;0,06;15,70;50,00;0;France;Western Europe;"Editions Eres";"2001-2024";"Clinical Psychology (Q4); Social Psychology (Q4)";"Psychology"
1202;21100239659;"Maltrattamento e Abuso all'Infanzia";journal;"15914267, 19725140";"FrancoAngeli";No;No;0,136;Q4;13;19;66;814;23;66;0,34;42,84;84,62;0;Italy;Western Europe;"FrancoAngeli";"2000-2005, 2013-2025";"Developmental and Educational Psychology (Q4); Health (social science) (Q4); Social Psychology (Q4)";"Psychology; Social Sciences"
1203;13437;"Psychologia";journal;"00332852, 13475916";"Psychologia Society";No;No;0,136;Q4;31;15;37;721;14;35;0,33;48,07;33,33;0;Japan;Asiatic Region;"Psychologia Society";"1996-2025";"Psychology (miscellaneous) (Q4)";"Psychology"
1204;21100921057;"Ricerche di Pedagogia e Didattica";journal;"19702221";"University of Bologna";Yes;Yes;0,135;Q4;7;38;52;1641;17;50;0,33;43,18;77,97;0;Italy;Western Europe;"University of Bologna";"2019-2025";"Developmental and Educational Psychology (Q4); Education (Q4)";"Psychology; Social Sciences"
1205;21101034432;"Archives of Mental Health";journal;"2589918X, 25899171";"Wolters Kluwer Medknow Publications";Yes;Yes;0,134;Q4;7;31;75;725;27;61;0,22;23,39;43,02;0;India;Asiatic Region;"Wolters Kluwer Medknow Publications";"2018-2025";"Clinical Psychology (Q4); Psychiatry and Mental Health (Q4)";"Medicine; Psychology"
1206;17600155117;"Devenir";journal;"10158154";"Editions Medecine et Hygiene";No;No;0,134;Q4;15;11;52;417;11;46;0,31;37,91;76,92;2;Switzerland;Western Europe;"Editions Medecine et Hygiene";"2001-2024";"Developmental and Educational Psychology (Q4); Developmental Neuroscience (Q4); Life-span and Life-course Studies (Q4); Pediatrics (Q4); Pediatrics, Perinatology and Child Health (Q4)";"Medicine; Neuroscience; Nursing; Psychology; Social Sciences"
1207;21100981168;"International Journal of Body, Mind and Culture";journal;"23455802";"Behi Academy Publications";Yes;Yes;0,134;Q4;8;30;61;739;12;55;0,20;24,63;54,12;0;Iran;Middle East;"Behi Academy Publications";"2019-2026";"Applied Psychology (Q4); Psychiatry and Mental Health (Q4)";"Medicine; Psychology"
1208;19500157813;"Suchttherapie";journal;"1439989X, 14399903";"Georg Thieme Verlag";No;No;0,134;Q4;12;38;98;530;20;69;0,22;13,95;38,89;7;Germany;Western Europe;"Georg Thieme Verlag";"2000-2026";"Applied Psychology (Q4); Psychiatry and Mental Health (Q4)";"Medicine; Psychology"
1209;21101034437;"Journal for ReAttach Therapy and Developmental Diversities (discontinued)";journal;"25897799";"ReAttach Therapy International Foundation";Yes;No;0,133;Q4;11;10;14;400;5;12;0,36;40,00;63,16;0;Netherlands;Western Europe;"ReAttach Therapy International Foundation";"2020-2023";"Clinical Psychology (Q4); Developmental and Educational Psychology (Q4); Neuropsychology and Physiological Psychology (Q4); Rehabilitation (Q4)";"Medicine; Psychology"
1210;5800207553;"Linguistics in the Netherlands";journal;"09297332, 15699919";"John Benjamins Publishing Company";No;No;0,133;Q4;19;11;46;252;15;45;0,27;22,91;45,83;0;Netherlands;Western Europe;"John Benjamins Publishing Company";"1996-2023";"Linguistics and Language (Q3); Health Professions (miscellaneous) (Q4); Multidisciplinary (Q4); Psychology (miscellaneous) (Q4); Social Sciences (miscellaneous) (Q4)";"Health Professions; Multidisciplinary; Psychology; Social Sciences"
1211;5700157895;"Enfance";journal;"19696981, 00137545";"Presses Universitaires de France";Yes;No;0,132;Q4;17;36;98;1687;27;90;0,25;46,86;61,25;4;France;Western Europe;"Presses Universitaires de France";"1949-1953, 2002-2025";"Arts and Humanities (miscellaneous) (Q3); Developmental and Educational Psychology (Q4); Education (Q4); Health (social science) (Q4); Pediatrics, Perinatology and Child Health (Q4)";"Arts and Humanities; Medicine; Psychology; Social Sciences"
1212;21100822743;"PSICOLOGIA";journal;"08742049, 21832471";"Associacao Portuguesa de Psicologia";Yes;No;0,131;Q4;9;34;42;1421;12;40;0,26;41,79;75,00;2;Portugal;Western Europe;"Associacao Portuguesa de Psicologia";"2016-2025";"Psychology (miscellaneous) (Q4)";"Psychology"
1213;21100227422;"Revista da Abordagem Gestaltica";journal;"19843542, 18096867";"Instituto de Treinamento e Pesquisa em Gestalt-terapia de Goiania";No;No;0,131;Q4;7;30;123;1004;14;114;0,09;33,47;52,24;0;Brazil;Latin America;"Instituto de Treinamento e Pesquisa em Gestalt-terapia de Goiania";"2012-2022";"Social Psychology (Q4); Sociology and Political Science (Q4)";"Psychology; Social Sciences"
1214;5000157601;"Advances in Special Education";book series;"02704013";"Emerald Group Publishing Ltd.";No;No;0,130;Q4;12;0;36;0;12;10;0,39;0,00;0,00;0;United Kingdom;Western Europe;"Emerald Group Publishing Ltd.";"2001, 2003-2004, 2006, 2008-2016, 2018-2019, 2024-2026";"Clinical Psychology (Q4); Education (Q4)";"Psychology; Social Sciences"
1215;21100932759;"Cogent Medicine";journal;"2331205X";"Cogent OA";Yes;No;0,130;Q4;0;0;0;0;0;0;0,00;0,00;0,00;0;United Kingdom;Western Europe;"Cogent OA";"2017, 2019-2021";"Applied Psychology (Q4); Biochemistry, Genetics and Molecular Biology (miscellaneous) (Q4)";"Biochemistry, Genetics and Molecular Biology; Psychology"
1216;21100902943;"Discourse Approaches to Politics, Society and Culture";book series;"15699463";"John Benjamins Publishing Company";No;No;0,130;Q4;9;27;94;2118;35;1;0,15;78,44;0,00;0;Netherlands;Western Europe;"John Benjamins Publishing Company";"2018-2023, 2025";"Linguistics and Language (Q3); Communication (Q4); Gender Studies (Q4); Social Psychology (Q4); Sociology and Political Science (Q4)";"Psychology; Social Sciences"
1217;21100945163;"Romanian Journal of Applied Psychology";journal;"2392845X, 23928441";"Sciendo";Yes;Yes;0,130;Q4;4;7;17;331;5;16;0,29;47,29;66,67;0;Romania;Eastern Europe;"Sciendo";"2019-2026";"Applied Psychology (Q4)";"Psychology"
1218;21100873477;"Studies in Writing";book series;"15726304";"Brill Academic Publishers";No;No;0,130;Q4;25;0;73;0;86;1;0,90;0,00;0,00;0;United Kingdom;Western Europe;"Brill Academic Publishers";"2003, 2006-2007, 2011-2012, 2014-2016, 2018-2019, 2024";"Linguistics and Language (Q3); Developmental and Educational Psychology (Q4); Education (Q4); Experimental and Cognitive Psychology (Q4)";"Psychology; Social Sciences"
1219;17900156712;"Jung Journal: Culture and Psyche";journal;"19342039, 19342047";"Taylor and Francis Ltd.";No;No;0,129;Q4;8;38;141;585;9;100;0,06;15,39;56,25;0;United Kingdom;Western Europe;"Taylor and Francis Ltd.";"2007-2025";"Literature and Literary Theory (Q2); Visual Arts and Performing Arts (Q2); Cultural Studies (Q3); Applied Psychology (Q4)";"Arts and Humanities; Psychology; Social Sciences"
1220;19400158242;"Rivista di Psicoanalisi";journal;"19744722, 00356492";"Raffaello Cortina Editore";No;No;0,129;Q4;7;74;202;1319;15;122;0,08;17,82;48,68;0;Italy;Western Europe;"Raffaello Cortina Editore";"1960, 2010-2025";"Clinical Psychology (Q4); Psychiatry and Mental Health (Q4)";"Medicine; Psychology"
1221;59860;"Arquivos Brasileiros de Psicologia";journal;"18095267, 01008692";"Universidade Federal do Rio de Janeiro";Yes;Yes;0,128;Q4;13;28;165;1081;44;157;0,16;38,61;47,06;1;Brazil;Latin America;"Universidade Federal do Rio de Janeiro";"1982, 2009-2021";"Psychology (miscellaneous) (Q4)";"Psychology"
1222;17600154904;"Cliniques Mediterraneennes";journal;"07627491, 17762790";"ERES";No;No;0,128;Q4;10;41;131;810;12;123;0,06;19,76;62,00;0;France;Western Europe;"ERES";"2001-2024";"Clinical Psychology (Q4); Psychiatry and Mental Health (Q4)";"Medicine; Psychology"
1223;21100866386;"Organisational and Social Dynamics";journal;"14742780, 20443765";"Phoenix Publishing House";No;No;0,128;Q4;5;18;52;540;9;52;0,11;30,00;48,48;0;United Kingdom;Western Europe;"Phoenix Publishing House";"2017-2025";"Social Psychology (Q4)";"Psychology"
1224;23263;"Sprache Stimme Gehor";journal;"03420477, 14391260";"Georg Thieme Verlag";No;No;0,128;Q4;12;69;178;656;10;99;0,04;9,51;75,38;1;Germany;Western Europe;"Georg Thieme Verlag";"1980-2026";"Applied Psychology (Q4); Psychiatry and Mental Health (Q4); Speech and Hearing (Q4)";"Health Professions; Medicine; Psychology"
1225;21100198239;"Enfances, Familles, Generations";journal;"17086310";"Centre - Urbanisation Culture Societe de l'INRS";Yes;Yes;0,127;Q4;10;22;108;1471;19;108;0,19;66,86;88,57;0;Canada;Northern America;"Centre - Urbanisation Culture Societe de l'INRS";"2011-2024";"Anthropology (Q4); Social Psychology (Q4); Social Sciences (miscellaneous) (Q4)";"Psychology; Social Sciences"
1226;21100468984;"Medical Science Technology";journal;"23290072";"International Scientific Information, Inc.";Yes;No;0,127;Q4;5;0;4;0;0;3;0,00;0,00;0,00;0;United States;Northern America;"International Scientific Information, Inc.";"2013, 2015-2018";"Bioengineering (Q4); Biomedical Engineering (Q4); Medicine (miscellaneous) (Q4); Psychology (miscellaneous) (Q4)";"Chemical Engineering; Engineering; Medicine; Psychology"
1227;6800153105;"Mentalhigiene es Pszichoszomatika";journal;"17863759, 14198126";"Akademiai Kiado";No;No;0,127;Q4;17;14;54;985;14;52;0,34;70,36;71,43;0;Hungary;Eastern Europe;"Akademiai Kiado";"2007-2025";"Neuropsychology and Physiological Psychology (Q4); Psychiatry and Mental Health (Q4)";"Medicine; Psychology"
1228;18000156708;"Neuropsychiatria i Neuropsychologia";journal;"20849885, 18966764";"Termedia Publishing House Ltd.";No;No;0,127;Q4;11;35;39;1269;14;39;0,40;36,26;56,57;0;Poland;Eastern Europe;"Termedia Publishing House Ltd.";"2009-2025";"Behavioral Neuroscience (Q4); Neuropsychology and Physiological Psychology (Q4); Psychiatry and Mental Health (Q4)";"Medicine; Neuroscience; Psychology"
1229;89489;"Voprosy Psikhologii";journal;"00428841";"Akademiia pedagogicheskikh nauk RSFSR";No;No;0,127;Q4;12;76;230;2428;65;230;0,31;31,95;60,00;0;Russian Federation;Eastern Europe;"Akademiia pedagogicheskikh nauk RSFSR";"1960-1962, 1973-1975, 1996-2025";"Psychology (miscellaneous) (Q4)";"Psychology"
1230;21100812388;"Revista Criminalidad";journal;"17943108, 22565531";"Policia Nacional de Colombia";Yes;Yes;0,126;Q4;9;36;90;1812;17;85;0,20;50,33;48,89;0;Colombia;Latin America;"Policia Nacional de Colombia";"2015-2025";"Arts and Humanities (miscellaneous) (Q3); Law (Q4); Social Psychology (Q4); Social Sciences (miscellaneous) (Q4); Sociology and Political Science (Q4)";"Arts and Humanities; Psychology; Social Sciences"
1231;7200153128;"Zeitschrift fur Evaluation";journal;"16195515";"Waxmann Verlag GmbH";No;No;0,126;Q4;8;25;56;602;11;38;0,19;24,08;60,47;1;Germany;Western Europe;"Waxmann Verlag GmbH";"2006-2013, 2015-2025";"Applied Psychology (Q4); Communication (Q4); Education (Q4); Social Sciences (miscellaneous) (Q4); Statistics and Probability (Q4); Strategy and Management (Q4)";"Business, Management and Accounting; Mathematics; Psychology; Social Sciences"
1232;21100206246;"Orientation Scolaire et Professionnelle";journal;"02496739, 21043795";"Inetop-Cnam";No;No;0,125;Q4;8;32;78;1085;9;72;0,15;33,91;72,58;0;France;Western Europe;"Inetop-Cnam";"2011-2025";"Developmental and Educational Psychology (Q4); Education (Q4); Social Psychology (Q4)";"Psychology; Social Sciences"
1233;14774;"Sante Mentale au Quebec";journal;"17083923, 03836320";"";No;No;0,125;Q4;15;31;62;1792;16;54;0,16;57,81;53,06;1;Canada;Northern America;"";"1990-1998, 2004-2025";"Clinical Psychology (Q4); Medicine (miscellaneous) (Q4); Psychiatry and Mental Health (Q4)";"Medicine; Psychology"
1234;19700200805;"Psychological Perspectives";journal;"00332925, 15563030";"Taylor and Francis Ltd.";No;No;0,124;Q4;8;57;174;960;7;121;0,05;16,84;47,37;0;United Kingdom;Western Europe;"Taylor and Francis Ltd.";"1970-2025";"Psychology (miscellaneous) (Q4)";"Psychology"
1235;21101034439;"Studia Sportiva";journal;"25708783, 18027679";"Masaryk University";No;No;0,124;Q4;5;14;16;552;4;16;0,25;39,43;32,43;0;Czech Republic;Eastern Europe;"Masaryk University";"2019-2026";"Applied Psychology (Q4); Education (Q4); Health (social science) (Q4); Orthopedics and Sports Medicine (Q4); Physical Therapy, Sports Therapy and Rehabilitation (Q4); Tourism, Leisure and Hospitality Management (Q4)";"Business, Management and Accounting; Health Professions; Medicine; Psychology; Social Sciences"
1236;21101054407;"Cyprus Turkish Journal of Psychiatry and Psychology";journal;"13027840, 26678225";"Cyprus Mental Health Institute";No;No;0,123;Q4;7;35;27;1496;9;26;0,33;42,74;71,43;0;Turkey;Middle East;"Cyprus Mental Health Institute";"2020-2025";"Applied Psychology (Q4); Clinical Psychology (Q4); Psychiatry and Mental Health (Q4)";"Medicine; Psychology"
1237;21100901563;"Korean Journal of Physical, Multiple and Health Disabilities";journal;"22883843";"";No;No;0,123;Q4;10;33;105;1297;67;105;0,71;39,30;67,16;0;South Korea;Asiatic Region;"";"2018-2025";"Developmental and Educational Psychology (Q4); Education (Q4); Physical Therapy, Sports Therapy and Rehabilitation (Q4)";"Health Professions; Psychology; Social Sciences"
1238;21100899925;"Nomadas";journal;"25394762, 01217550";"Universidad Central";Yes;Yes;0,123;Q4;8;37;99;1105;20;93;0,16;29,86;55,36;1;Colombia;Latin America;"Universidad Central";"2018-2024";"Cultural Studies (Q3); Philosophy (Q3); Anthropology (Q4); Education (Q4); Psychology (miscellaneous) (Q4); Social Sciences (miscellaneous) (Q4)";"Arts and Humanities; Psychology; Social Sciences"
1239;21100929891;"Changing Societies and Personalities";journal;"25876104, 25878964";"Ural Federal University";Yes;Yes;0,122;Q4;8;33;74;1422;26;64;0,23;43,09;52,24;0;Russian Federation;Eastern Europe;"Ural Federal University";"2017-2025";"Cultural Studies (Q3); Social Psychology (Q4); Sociology and Political Science (Q4)";"Psychology; Social Sciences"
1240;5700167184;"Home Cultures";journal;"17517427, 17406315";"Taylor and Francis Ltd.";No;No;0,122;Q4;24;6;30;497;15;28;0,38;82,83;50,00;0;United Kingdom;Western Europe;"Taylor and Francis Ltd.";"2008-2025";"Visual Arts and Performing Arts (Q2); Cultural Studies (Q3); Social Psychology (Q4)";"Arts and Humanities; Psychology; Social Sciences"
1241;30013;"Journal of Mind and Behavior";journal;"29949602, 02710137";"Institute of Mind and Behavior Inc.";No;No;0,122;Q4;21;16;45;1096;16;42;0,44;68,50;29,41;0;United States;Northern America;"Institute of Mind and Behavior Inc.";"1996-2025";"Arts and Humanities (miscellaneous) (Q3); Experimental and Cognitive Psychology (Q4)";"Arts and Humanities; Psychology"
1242;21100852103;"Psihologia Resurselor Umane";journal;"23928077, 15837327";"Association of Industrial and Organizational Psychology (APIO)";Yes;No;0,122;Q4;7;10;33;441;13;29;0,29;44,10;50,00;0;Romania;Eastern Europe;"Association of Industrial and Organizational Psychology (APIO)";"2017-2025";"Clinical Psychology (Q4); Organizational Behavior and Human Resource Management (Q4)";"Business, Management and Accounting; Psychology"
1243;19400157157;"Research in Social Psychology";journal;"09161503";"Japanese Society of Social Psychology";No;No;0,121;Q4;9;10;35;201;9;35;0,24;20,10;41,67;0;Japan;Asiatic Region;"Japanese Society of Social Psychology";"2007-2025";"Social Psychology (Q4)";"Psychology"
1244;21100912973;"Swiss Archives of Neurology, Psychiatry and Psychotherapy";journal;"22976981, 22977007";"EMH Schweizerischer Arzteverlag AG";Yes;Yes;0,121;Q4;16;39;140;514;20;91;0,18;13,18;28,07;2;Switzerland;Western Europe;"EMH Schweizerischer Arzteverlag AG";"2016-2024";"Clinical Psychology (Q4); Neurology (clinical) (Q4); Psychiatry and Mental Health (Q4)";"Medicine; Psychology"
1245;4100151531;"Research in Ethical Issues in Organizations";book series;"15292096";"Emerald Group Publishing Ltd.";No;No;0,119;Q4;12;0;61;0;11;24;0,20;0,00;0,00;0;United Kingdom;Western Europe;"Emerald Group Publishing Ltd.";"2000-2003, 2005-2006, 2012-2020, 2022-2023, 2025-2026";"Cultural Studies (Q3); Organizational Behavior and Human Resource Management (Q4); Social Psychology (Q4); Sociology and Political Science (Q4)";"Business, Management and Accounting; Psychology; Social Sciences"
1246;145561;"Groupwork";journal;"17466091, 0951824X";"Whiting and Birch";No;No;0,118;Q4;12;6;20;232;1;18;0,10;38,67;55,56;0;United Kingdom;Western Europe;"Whiting and Birch";"2005-2014, 2017-2018, 2020-2025";"Applied Psychology (Q4); Public Health, Environmental and Occupational Health (Q4)";"Medicine; Psychology"
1247;21100208021;"Infant Observation";journal;"17458943, 13698036";"Taylor and Francis Ltd.";No;No;0,118;Q4;8;10;52;132;10;43;0,04;13,20;93,75;0;United Kingdom;Western Europe;"Taylor and Francis Ltd.";"2012-2026";"Applied Psychology (Q4); Clinical Psychology (Q4); Developmental and Educational Psychology (Q4); Social Psychology (Q4)";"Psychology"
1248;21100223584;"Specialusis Ugdymas";journal;"24243299, 13925369";"Vilnius University Press";Yes;Yes;0,118;Q4;7;10;23;556;4;23;0,00;55,60;100,00;0;Lithuania;Eastern Europe;"Vilnius University Press";"2016-2025";"Developmental and Educational Psychology (Q4); Education (Q4)";"Psychology; Social Sciences"
1249;19700202300;"Turk Psikoloji Dergisi";journal;"13004433";"Turkish Psychological Association";No;No;0,118;Q4;19;0;17;0;5;17;0,17;0,00;0,00;0;Turkey;Middle East;"Turkish Psychological Association";"1996-1997, 2002-2015, 2017-2019";"Psychology (miscellaneous) (Q4)";"Psychology"
1250;21100372604;"Journal of Applied Research on Children";journal;"21555834";"Texas Medical Center Library";Yes;Yes;0,117;Q4;17;20;50;947;13;47;0,22;47,35;65,06;2;United States;Northern America;"Texas Medical Center Library";"2010, 2014-2023";"Developmental and Educational Psychology (Q4); Education (Q4); Sociology and Political Science (Q4)";"Psychology; Social Sciences"
1251;19700188212;"Journal of Special Education and Rehabilitation";journal;"14096099, 1857663X";"Faculty of Philosophy in Skopje";Yes;Yes;0,117;Q4;9;0;27;0;9;25;0,00;0,00;0,00;0;Macedonia;Eastern Europe;"Faculty of Philosophy in Skopje";"2010-2019";"Developmental and Educational Psychology (Q4); Education (Q4); Psychiatry and Mental Health (Q4)";"Medicine; Psychology; Social Sciences"
1252;5700175216;"Magyar Pszichologiai Szemle";journal;"00250279, 15882799";"Akademiai Kiado";No;No;0,117;Q4;11;47;93;2401;26;88;0,16;51,09;59,72;0;Hungary;Eastern Europe;"Akademiai Kiado";"2007-2025";"Psychology (miscellaneous) (Q4)";"Psychology"
1253;21101037305;"Russian Psychological Journal";journal;"18121853, 24115789";"Russian Psychological Society";Yes;No;0,117;Q4;6;31;52;1119;12;52;0,23;36,10;72,53;0;Russian Federation;Eastern Europe;"Russian Psychological Society";"2019-2025";"Education (Q4); Psychology (miscellaneous) (Q4)";"Psychology; Social Sciences"
1254;21101023107;"Reti Saperi Linguaggi";journal;"22797777, 18268889";"Societa Editrice Il Mulino";No;No;0,116;Q4;6;17;43;774;15;40;0,35;45,53;44,44;0;Italy;Western Europe;"Societa Editrice Il Mulino";"2019-2025";"Linguistics and Language (Q3); Behavioral Neuroscience (Q4); Communication (Q4); Developmental Biology (Q4); Experimental and Cognitive Psychology (Q4)";"Biochemistry, Genetics and Molecular Biology; Neuroscience; Psychology; Social Sciences"
1255;21100392550;"Revista Mexicana de Trastornos Alimentarios";journal;"20071523";"Elsevier B.V.";Yes;Yes;0,116;Q4;14;19;59;922;16;57;0,19;48,53;74,00;2;Netherlands;Western Europe;"Elsevier B.V.";"2011, 2014-2025";"Clinical Psychology (Q4); Psychiatry and Mental Health (Q4)";"Medicine; Psychology"
1256;21100433805;"Youth Voice Journal";journal;"20562969, 20492073";"RJ4All Publications";No;No;0,116;Q4;8;56;45;1917;6;42;0,14;34,23;63,71;0;United Kingdom;Western Europe;"RJ4All Publications";"2015-2025";"Social Psychology (Q4); Sociology and Political Science (Q4)";"Psychology; Social Sciences"
1257;21100868885;"Children's Literature, Culture, and Cognition";book series;"22129006";"John Benjamins Publishing Company";No;No;0,115;Q4;3;1;2;503;0;2;0,00;503,00;100,00;0;Netherlands;Western Europe;"John Benjamins Publishing Company";"2018, 2021-2023";"Literature and Literary Theory (Q2); Cultural Studies (Q3); Linguistics and Language (Q3); Experimental and Cognitive Psychology (Q4)";"Arts and Humanities; Psychology; Social Sciences"
1258;21100898990;"Dynamic Relationships Management Journal";journal;"2350367X, 22325867";"Slovenian Academy of Management";Yes;Yes;0,115;Q4;5;11;31;735;15;29;0,55;66,82;42,86;0;Slovenia;Eastern Europe;"Slovenian Academy of Management";"2018-2025";"Economics, Econometrics and Finance (miscellaneous) (Q4); Organizational Behavior and Human Resource Management (Q4); Social Psychology (Q4); Strategy and Management (Q4)";"Business, Management and Accounting; Economics, Econometrics and Finance; Psychology"
1259;19174;"Psychoterapia";journal;"23915862, 02394170";"Komitet Redakcyjno Wydawniczy Polskiego Towarzystwa Psychiatrycznego";Yes;No;0,115;Q4;8;28;76;714;6;62;0,07;25,50;74,07;0;Poland;Eastern Europe;"Komitet Redakcyjno Wydawniczy Polskiego Towarzystwa Psychiatrycznego";"2001-2025";"Clinical Psychology (Q4); Psychiatry and Mental Health (Q4)";"Medicine; Psychology"
1260;5400152702;"Estudos de Psicologia (Natal)";journal;"16784669, 1413294X";"Universidade Federal do Rio Grande do Norte";Yes;No;0,114;Q4;18;48;107;1744;21;105;0,15;36,33;57,26;0;Brazil;Latin America;"Universidade Federal do Rio Grande do Norte";"2006-2024";"Psychology (miscellaneous) (Q4)";"Psychology"
1261;21634;"Revija za Kriminalistiko in Kriminologijo";journal;"0034690X";"Ministrstvo za notranje zadeve Republike Slovenije Policija";No;No;0,114;Q4;10;6;25;400;16;21;1,30;66,67;61,54;0;Slovenia;Eastern Europe;"Ministrstvo za notranje zadeve Republike Slovenije Policija";"1981, 2011-2025";"Law (Q4); Pathology and Forensic Medicine (Q4); Social Psychology (Q4)";"Medicine; Psychology; Social Sciences"
1262;21100199715;"Tempo Psicanalitico";journal;"23166576, 01014838";"Sociedade de Psicanalise Iracy Doyle";Yes;Yes;0,114;Q4;5;25;88;820;6;84;0,06;32,80;66,67;0;Brazil;Latin America;"Sociedade de Psicanalise Iracy Doyle";"2010-2025";"Clinical Psychology (Q4); Psychiatry and Mental Health (Q4)";"Medicine; Psychology"
1263;17600155046;"Travailler";journal;"21025150, 16205340";"Martin Media";No;No;0,114;Q4;15;8;75;113;7;70;0,10;14,13;57,14;0;France;Western Europe;"Martin Media";"2001-2023";"Clinical Psychology (Q4); Health (social science) (Q4); Social Psychology (Q4)";"Psychology; Social Sciences"
1264;17600155223;"Revue de Psychotherapie Psychanalytique de Groupe";journal;"17762863, 02971194";"ERES";No;No;0,113;Q4;12;16;108;292;8;101;0,10;18,25;68,97;0;France;Western Europe;"ERES";"2001-2024";"Clinical Psychology (Q4); Psychiatry and Mental Health (Q4)";"Medicine; Psychology"
1265;700147004;"Psicoterapia e Scienze Umane";journal;"03942864, 19725043";"FrancoAngeli";No;No;0,112;Q4;12;51;133;1706;8;114;0,06;33,45;37,50;0;Italy;Western Europe;"FrancoAngeli";"2005-2025";"Clinical Psychology (Q4)";"Psychology"
1266;14006;"Psychologist";journal;"09528229, 23981598";"British Psychological Society";No;No;0,112;Q4;40;124;522;136;55;225;0,10;1,10;58,43;0;United Kingdom;Western Europe;"British Psychological Society";"1990, 1996-2026";"Psychology (miscellaneous) (Q4)";"Psychology"
1267;21100211112;"Activitas Nervosa Superior Rediviva";journal;"1337933X, 13384015";"Slovak Academy of Sciences";No;No;0,112;-;13;17;46;1013;10;45;0,19;59,59;52,24;0;Slovakia;Eastern Europe;"Slovak Academy of Sciences";"2009-2026";"Neuroscience (miscellaneous) (Q4)";"Neuroscience"
1268;29469;"American Journal of Forensic Psychology";journal;"07331290";"American College of Forensic Psychology";No;No;0,111;Q4;21;2;38;26;5;31;0,15;13,00;0,00;0;United States;Northern America;"American College of Forensic Psychology";"1991, 1996-2022";"Applied Psychology (Q4); Pathology and Forensic Medicine (Q4)";"Medicine; Psychology"
1269;21100932468;"Counselling Psychology Review";journal;"17572142, 23968672";"The British Psychological Society";No;No;0,111;Q4;4;14;34;336;4;22;0,12;24,00;64,71;0;United Kingdom;Western Europe;"The British Psychological Society";"2019-2024";"Applied Psychology (Q4); Clinical Psychology (Q4); Psychiatry and Mental Health (Q4)";"Medicine; Psychology"
1270;21100942816;"Shagi/ Steps";journal;"27821765, 24129410";"Russian Presidential Academy of National Economy and Public Administration";Yes;Yes;0,111;Q4;4;76;108;2169;6;107;0,06;28,54;61,45;1;Russian Federation;Eastern Europe;"Russian Presidential Academy of National Economy and Public Administration";"2019-2025";"Arts and Humanities (miscellaneous) (Q4); Psychology (miscellaneous) (Q4); Social Sciences (miscellaneous) (Q4)";"Arts and Humanities; Psychology; Social Sciences"
1271;21101020019;"Chinese Journal of Neuromedicine";journal;"16718925";"Chinese Medical Journals Publishing House Co.Ltd";No;No;0,110;Q4;6;226;249;5822;49;249;0,20;25,76;37,91;0;China;Asiatic Region;"Chinese Medical Journals Publishing House Co.Ltd";"2020-2026";"Neurology (Q4); Neurology (clinical) (Q4); Neuropsychology and Physiological Psychology (Q4); Psychiatry and Mental Health (Q4)";"Medicine; Neuroscience; Psychology"
1272;21100258632;"International Journal of Pedagogy and Curriculum";journal;"23277963, 23279133";"Common Ground Research Networks";No;No;0,110;Q4;7;19;32;801;6;32;0,18;42,16;57,89;0;United States;Northern America;"Common Ground Research Networks";"2013-2025";"Developmental and Educational Psychology (Q4); Education (Q4)";"Psychology; Social Sciences"
1273;21100902624;"Journal of Consumer Satisfaction, Dissatisfaction and Complaining Behavior";journal;"08998620";"University of Nevada";No;No;0,110;Q4;11;14;15;1033;11;15;1,00;73,79;33,33;0;United States;Northern America;"University of Nevada";"2018-2025";"Applied Psychology (Q4); Business and International Management (Q4); Marketing (Q4); Social Psychology (Q4)";"Business, Management and Accounting; Psychology"
1274;21100792739;"Psychiatry, Psychotherapy and Clinical Psychology";journal;"24142212, 22201122";"Professionalnye Izdaniya";No;No;0,110;Q4;6;62;187;1614;21;187;0,15;26,03;53,70;0;Belarus;Eastern Europe;"Professionalnye Izdaniya";"2016-2025";"Clinical Psychology (Q4); Psychiatry and Mental Health (Q4)";"Medicine; Psychology"
1275;17600155215;"Spirale";journal;"12784699";"Editions Eres";No;No;0,110;Q4;7;111;291;619;9;269;0,03;5,58;80,72;0;France;Western Europe;"Editions Eres";"2001-2024";"Developmental and Educational Psychology (Q4); Education (Q4); Health (social science) (Q4)";"Psychology; Social Sciences"
1276;144836;"Scandinavian Psychoanalytic Review";journal;"01062301, 16000803";"Routledge";No;No;0,108;Q4;13;8;45;423;3;41;0,08;52,88;44,44;0;United Kingdom;Western Europe;"Routledge";"1978-2026";"Clinical Psychology (Q4); Psychiatry and Mental Health (Q4)";"Medicine; Psychology"
1277;12000154490;"Agora";journal;"15161498, 18094414";"Instituto de Psicologia da Universidade Federal do Rio de Janeiro - UFRJ";Yes;Yes;0,107;Q4;5;34;116;822;9;116;0,08;24,18;51,85;0;Brazil;Latin America;"Instituto de Psicologia da Universidade Federal do Rio de Janeiro - UFRJ";"2008-2025";"Psychiatry and Mental Health (Q4); Psychology (miscellaneous) (Q4)";"Medicine; Psychology"
1278;26097;"Australian Journal of Clinical Hypnotherapy and Hypnosis";journal;"08100713";"Australian Society of Clinical Hypnotherapists";No;No;0,107;Q4;6;0;10;0;0;8;0,00;0,00;0,00;0;Australia;Pacific Region;"Australian Society of Clinical Hypnotherapists";"1982-2015, 2017-2018, 2020";"Clinical Psychology (Q4); Complementary and Manual Therapy (Q4)";"Health Professions; Psychology"
1279;21100203701;"Stem-, Spraak- en Taalpathologie";journal;"09247025";"Secretariaat cluster Nederlands - Rijksuniversiteit Groningen";Yes;Yes;0,107;Q4;4;7;14;325;0;12;0,00;46,43;58,82;0;Netherlands;Western Europe;"Secretariaat cluster Nederlands - Rijksuniversiteit Groningen";"2011-2025";"Developmental and Educational Psychology (Q4); Linguistics and Language (Q4); Otorhinolaryngology (Q4); Speech and Hearing (Q4)";"Health Professions; Medicine; Psychology; Social Sciences"
1280;13480;"Current Research in Social Psychology";journal;"10887423";"University of Iowa";Yes;No;0,106;Q4;27;0;5;0;0;5;0,00;0,00;0,00;0;United States;Northern America;"University of Iowa";"1996-2018, 2022-2025";"Social Psychology (Q4)";"Psychology"
1281;21100877821;"Minnesota Symposia on Child Psychology Series";book series;"00769266";"John Wiley and Sons Ltd";No;No;0,106;Q4;3;0;6;0;0;5;0,00;0,00;0,00;0;United Kingdom;Western Europe;"John Wiley and Sons Ltd";"2010-2012, 2018";"Developmental and Educational Psychology (Q4)";"Psychology"
1282;17600155214;"Empan";journal;"11523336";"Editions Eres";No;No;0,105;Q4;8;45;286;340;6;238;0,03;7,56;52,83;0;France;Western Europe;"Editions Eres";"2002-2024";"Health (social science) (Q4); Social Psychology (Q4); Sociology and Political Science (Q4)";"Psychology; Social Sciences"
1283;21100258631;"International Journal of Early Childhood Learning";journal;"23278722, 23277939";"Common Ground Research Networks";No;No;0,105;Q4;5;10;21;431;2;21;0,08;43,10;80,00;0;United States;Northern America;"Common Ground Research Networks";"2012-2025";"Developmental and Educational Psychology (Q4); Education (Q4)";"Psychology; Social Sciences"
1284;10300153303;"Psycho-Oncologie (discontinued)";journal;"17783798, 1778381X";"";No;No;0,105;Q4;10;29;111;442;10;102;0,02;15,24;73,91;0;United States;Northern America;"";"2007-2024";"Clinical Psychology (Q4); Oncology (Q4); Oncology (nursing) (Q4); Psychiatry and Mental Health (Q4)";"Medicine; Nursing; Psychology"
1285;21100829241;"Scandinavian Psychologist";journal;"18945570";"Psykologisk.no AS";Yes;No;0,104;Q4;14;0;26;0;8;26;0,15;0,00;0,00;0;Norway;Western Europe;"Psykologisk.no AS";"2014-2019";"Psychology (miscellaneous) (Q4)";"Psychology"
1286;5700181944;"Deutsche Sprache";journal;"03409341, 1868775X";"Erich Schmidt Verlag GmbH and Co Berlin";No;No;0,103;Q4;11;21;53;747;15;52;0,29;35,57;40,00;0;Germany;Western Europe;"Erich Schmidt Verlag GmbH and Co Berlin";"2002-2011, 2017-2025";"Linguistics and Language (Q4); Psychology (miscellaneous) (Q4); Social Sciences (miscellaneous) (Q4)";"Psychology; Social Sciences"
1287;17600155137;"Etudes sur la Mort";journal;"11570466";"Esprit";No;No;0,103;Q4;7;0;11;0;0;10;0,00;0,00;0,00;0;France;Western Europe;"Esprit";"2001-2017, 2019";"Clinical Psychology (Q4)";"Psychology"
1288;21100844825;"European Judaism";journal;"00143006, 17522323";"Berghahn Journals";No;No;0,103;Q4;5;28;106;487;9;92;0,04;17,39;45,83;0;United States;Northern America;"Berghahn Journals";"2012, 2017-2025";"Applied Psychology (Q4); Cultural Studies (Q4); History (Q4); Philosophy (Q4); Religious Studies (Q4)";"Arts and Humanities; Psychology; Social Sciences"
1289;5700184173;"Histoire Epistemologie Langage";journal;"07508069, 16381580";"Society for the History and Epistemology of Language Sciences";Yes;Yes;0,103;Q4;7;14;69;824;7;66;0,13;58,86;38,46;0;France;Western Europe;"Society for the History and Epistemology of Language Sciences";"2011-2013, 2015-2026";"Linguistics and Language (Q4); Philosophy (Q4); Psychology (miscellaneous) (Q4)";"Arts and Humanities; Psychology; Social Sciences"
1290;21100871683;"Revista de Psicologia de la Salud";journal;"02146118, 23862300";"Universidad Miguel Hernandez";No;No;0,103;Q4;5;10;64;390;7;62;0,19;39,00;51,16;0;Spain;Western Europe;"Universidad Miguel Hernandez";"2018-2025";"Clinical Psychology (Q4); Public Health, Environmental and Occupational Health (Q4)";"Medicine; Psychology"
1291;20000195024;"Verhaltenstherapie und Verhaltensmedizin";journal;"10131973";"Pabst Science Publishers";No;No;0,103;Q4;4;10;53;288;2;50;0,05;28,80;50,00;0;Germany;Western Europe;"Pabst Science Publishers";"2011-2025";"Clinical Psychology (Q4); Psychiatry and Mental Health (Q4)";"Medicine; Psychology"
1292;21100967053;"Versus";journal;"26120909, 03938255";"Societa Editrice Il Mulino";No;No;0,103;Q4;4;22;40;532;7;40;0,18;24,18;15,38;0;Italy;Western Europe;"Societa Editrice Il Mulino";"2019-2025";"Applied Psychology (Q4); Linguistics and Language (Q4); Philosophy (Q4)";"Arts and Humanities; Psychology; Social Sciences"
1293;17700156011;"Enfances et Psy";journal;"12865559, 17762820";"ERES";No;No;0,102;Q4;10;58;205;513;12;186;0,05;8,84;72,29;1;France;Western Europe;"ERES";"2000-2024";"Developmental and Educational Psychology (Q4); Education (Q4); Sociology and Political Science (Q4)";"Psychology; Social Sciences"
1294;21101039065;"Ethics in Progress";journal;"20849257";"Adam Mickiewicz University, Faculty of Philosophy";Yes;Yes;0,102;Q4;7;19;62;552;12;62;0,19;29,05;63,16;0;Poland;Eastern Europe;"Adam Mickiewicz University, Faculty of Philosophy";"2010-2025";"Developmental and Educational Psychology (Q4); Education (Q4); Philosophy (Q4); Psychology (miscellaneous) (Q4)";"Arts and Humanities; Psychology; Social Sciences"
1295;36252;"Neurologia, Neurocirugia y Psiquiatria";journal;"00283851";"Sociedad Mexicana de Neurologia y Psiquiatria";No;No;0,102;Q4;3;13;28;267;3;22;0,08;20,54;51,85;0;Mexico;Latin America;"Sociedad Mexicana de Neurologia y Psiquiatria";"1969-1979, 2008-2011, 2017-2023";"Clinical Psychology (Q4); Neurology (Q4); Neurology (clinical) (Q4); Psychiatry and Mental Health (Q4)";"Medicine; Neuroscience; Psychology"
1296;21101021436;"Per Linguam";journal;"22240012, 02592312";"Department of General Linguistics, Stellenbosch University";Yes;No;0,102;Q4;5;9;18;322;0;17;0,00;35,78;78,57;0;South Africa;Africa;"Department of General Linguistics, Stellenbosch University";"2020-2025";"Developmental and Educational Psychology (Q4); Education (Q4); Linguistics and Language (Q4)";"Psychology; Social Sciences"
1297;19259;"Revista Brasileira de Neurologia e Psiquiatria";journal;"14140365";"Editora Cientifica Nacional Ltda";No;No;0,102;Q4;4;30;76;496;5;68;0,04;16,53;47,76;0;Brazil;Latin America;"Editora Cientifica Nacional Ltda";"1999-2000, 2008-2010, 2013-2024";"Neurology (Q4); Neurology (clinical) (Q4); Neuropsychology and Physiological Psychology (Q4); Psychiatry and Mental Health (Q4)";"Medicine; Neuroscience; Psychology"
1298;17700155037;"Cahiers Critiques de Therapie Familiale et de Pratiques de Reseaux";journal;"17821398, 13728202";"De Boeck Supérieur";No;No;0,101;Q4;9;35;84;388;9;79;0,13;11,09;41,18;0;Belgium;Western Europe;"De Boeck Supérieur";"2001-2024";"Clinical Psychology (Q4); Social Psychology (Q4)";"Psychology"
1299;17700156012;"Cahiers de Psychologie Clinique";journal;"1370074X, 17821401";"De Boeck Supérieur";No;No;0,101;Q4;10;36;95;643;6;85;0,06;17,86;67,27;0;Belgium;Western Europe;"De Boeck Supérieur";"2001-2024";"Clinical Psychology (Q4); Psychiatry and Mental Health (Q4)";"Medicine; Psychology"
1300;21100820884;"Existenzanalyse";journal;"10247033, 24097306";"Gesellschaft fur Logotherapie und Existenzanalyse";No;No;0,101;Q4;5;33;97;516;15;91;0,20;15,64;65,63;0;Austria;Western Europe;"Gesellschaft fur Logotherapie und Existenzanalyse";"2016-2024";"Applied Psychology (Q4); Clinical Psychology (Q4); Psychiatry and Mental Health (Q4); Social Psychology (Q4)";"Medicine; Psychology"
1301;17600154905;"Gestalt";journal;"11545232";"Societe Francaise de Gestalt";No;No;0,101;Q4;3;13;63;95;0;49;0,00;7,31;72,73;0;France;Western Europe;"Societe Francaise de Gestalt";"2002-2024";"Clinical Psychology (Q4)";"Psychology"
1302;12027;"Japanese Journal of Educational Psychology";journal;"00215015, 21863075";"Japanese Association of Educational Psychology";No;No;0,101;Q4;20;28;78;929;5;78;0,02;33,18;37,29;0;Japan;Asiatic Region;"Japanese Association of Educational Psychology";"1961-2025";"Developmental and Educational Psychology (Q4); Education (Q4)";"Psychology; Social Sciences"
1303;3900148508;"Ortho Magazine";journal;"12624586";"Elsevier Masson s.r.l.";No;No;0,101;Q4;1;72;268;214;1;245;0,01;2,97;70,69;0;France;Western Europe;"Elsevier Masson s.r.l.";"2006-2026";"Developmental and Educational Psychology (Q4); Pediatrics, Perinatology and Child Health (Q4)";"Medicine; Psychology"
1304;21101027243;"Psychologie Clinique et Projective";journal;"21184496, 12655449";"ERES";No;No;0,101;Q4;2;0;33;0;2;30;0,06;0,00;0,00;0;France;Western Europe;"ERES";"2019-2020, 2022-2023";"Clinical Psychology (Q4); Psychiatry and Mental Health (Q4)";"Medicine; Psychology"
1305;21100929577;"Psychoterapie";journal;"26950200, 18023983";"Masaryk University";No;No;0,101;Q4;3;23;42;567;4;36;0,10;24,65;36,67;0;Czech Republic;Eastern Europe;"Masaryk University";"2019-2024";"Clinical Psychology (Q4); Psychiatry and Mental Health (Q4)";"Medicine; Psychology"
1306;17600155216;"Savoirs et Clinique";journal;"16343298, 17762871";"ERES";No;No;0,101;Q4;4;15;59;220;3;55;0,03;14,67;75,00;0;France;Western Europe;"ERES";"2002-2010, 2012-2022";"Clinical Psychology (Q4); Psychiatry and Mental Health (Q4)";"Medicine; Psychology"
1307;5800208032;"Suvremena Psihologija";journal;"13319264";"Naklada Slap d.o.o";No;No;0,101;Q4;10;13;34;486;0;31;0,00;37,38;60,00;0;Croatia;Eastern Europe;"Naklada Slap d.o.o";"2008-2025";"Psychology (miscellaneous) (Q4)";"Psychology"
1308;17700156013;"Figures de la Psychanalyse";journal;"17762847, 16233883";"ERES";No;No;0,100;Q4;6;25;140;182;3;133;0,03;7,28;65,22;0;France;Western Europe;"ERES";"2001-2007, 2009-2022, 2024";"Clinical Psychology (Q4); Psychiatry and Mental Health (Q4)";"Medicine; Psychology"
1309;17600155116;"Imaginaire et Inconscient";journal;"16289676";"Esprit";No;No;0,100;Q4;4;0;73;0;2;67;0,02;0,00;0,00;0;France;Western Europe;"Esprit";"2001-2020, 2022";"Clinical Psychology (Q4)";"Psychology"
1310;21100856790;"Kairos";journal;"25361597, 18549373";"Slovenian Umbrella Association for Psychotherapy";Yes;No;0,100;Q4;5;0;100;0;2;80;0,03;0,00;0,00;0;Slovenia;Eastern Europe;"Slovenian Umbrella Association for Psychotherapy";"2017-2020, 2022-2024";"Clinical Psychology (Q4); Psychiatry and Mental Health (Q4)";"Medicine; Psychology"
1311;21101046136;"Actes (IFSTTAR)";conference and proceedings;"2115418X";"Driving Simulation Association";No;No;;-;4;46;67;619;4;65;0,06;13,46;15,82;0;France;Western Europe;"Driving Simulation Association";"2020-2021";"Automotive Engineering; Experimental and Cognitive Psychology; Human-Computer Interaction";"Computer Science; Engineering; Psychology"
1312;21101152855;"Addicta: the Turkish Journal on Addictions";journal;"21491305, 21487286";"AVES";Yes;Yes;;-;13;33;101;1057;56;99;0,55;32,03;48,86;0;Turkey;Middle East;"AVES";"2019-2025";"Biological Psychiatry; Psychiatry and Mental Health; Psychology (miscellaneous)";"Medicine; Neuroscience; Psychology"
1313;21101185523;"Adolescents";journal;"26737051";"Multidisciplinary Digital Publishing Institute (MDPI)";Yes;No;;-;11;38;0;1811;0;0;0,00;47,66;57,14;4;Switzerland;Western Europe;"Multidisciplinary Digital Publishing Institute (MDPI)";"2021-2025";"Health Professions (miscellaneous); Psychology (miscellaneous); Social Sciences (miscellaneous)";"Health Professions; Psychology; Social Sciences"
1314;11600153426;"Advances in Consumer Research";journal;"00989258";"Association for Consumer Research";No;No;;-;32;33;50;908;4;48;0,08;27,52;69,84;0;United States;Northern America;"Association for Consumer Research";"1993-1994, 2006-2012, 2016-2017, 2019-2023";"Applied Psychology; Economics and Econometrics; Marketing";"Business, Management and Accounting; Economics, Econometrics and Finance; Psychology"
1315;21100902940;"Advances in Historical Sociolinguistics";book series;"22141057";"John Benjamins Publishing Company";No;No;;-;4;9;28;594;10;0;0,09;66,00;33,33;0;Netherlands;Western Europe;"John Benjamins Publishing Company";"2018, 2020-2022, 2024";"Communication; History; Linguistics and Language; Social Psychology; Sociology and Political Science";"Arts and Humanities; Psychology; Social Sciences"
1316;21101167206;"Advances in Simulation";journal;"20590628";"BioMed Central Ltd";Yes;No;;-;37;39;84;1409;273;74;3,45;36,13;48,60;4;United Kingdom;Western Europe;"BioMed Central Ltd";"2016-2026";"Cognitive Neuroscience; Developmental Neuroscience; Ecology, Evolution, Behavior and Systematics; Psychiatry and Mental Health; Psychology (miscellaneous); Social Sciences (miscellaneous)";"Agricultural and Biological Sciences; Medicine; Neuroscience; Psychology; Social Sciences"
1317;21101151822;"Adversity and Resilience Science";journal;"26622416, 26622424";"Springer Nature";No;No;;-;20;25;24;1679;101;23;4,21;67,16;70,45;6;Switzerland;Western Europe;"Springer Nature";"2020-2026";"Clinical Psychology; Developmental and Educational Psychology; Psychiatry and Mental Health; Psychology (miscellaneous)";"Medicine; Psychology"
1318;21101150129;"Affective Science";journal;"2662205X, 26622041";"Springer Nature";No;No;;-;27;41;19;2334;39;18;2,05;56,93;58,44;1;Switzerland;Western Europe;"Springer Nature";"2020-2026";"Behavioral Neuroscience; Clinical Psychology; Neuropsychology and Physiological Psychology; Social Psychology";"Neuroscience; Psychology"
1319;21101308797;"African Journal of Psychological Assessment";journal;"26172798, 27071618";"AOSIS (Pty) Ltd";Yes;No;;-;7;16;0;675;0;0;0,00;42,19;45,45;0;South Africa;Africa;"AOSIS (Pty) Ltd";"2021-2025";"Applied Psychology; Developmental and Educational Psychology; Psychology (miscellaneous); Social Psychology";"Psychology"
1320;21101059716;"Al-Ihkam: Jurnal Hukum dan Pranata Sosial";journal;"24423084, 1907591X";"Faculty of Shariah Institut Agama Islam Negeri Madura";Yes;No;;-;15;24;47;917;18;47;0,38;38,21;10,91;0;Indonesia;Asiatic Region;"Faculty of Shariah Institut Agama Islam Negeri Madura";"2018-2026";"Arts and Humanities (miscellaneous); Law; Philosophy; Religious Studies; Social Psychology; Social Sciences (miscellaneous); Sociology and Political Science";"Arts and Humanities; Psychology; Social Sciences"
1321;21101052816;"Arteterapia";journal;"19888309, 18866190";"Universidad Complutense Madrid";Yes;Yes;;-;5;81;39;565;2;39;0,05;6,98;75,00;0;Spain;Western Europe;"Universidad Complutense Madrid";"2019-2025";"Applied Psychology; Arts and Humanities (miscellaneous); Clinical Psychology; Education; Rehabilitation";"Arts and Humanities; Medicine; Psychology; Social Sciences"
1322;21101055964;"Asian Journal of Social Health and Behavior";journal;"27724204";"Wolters Kluwer Medknow Publications";Yes;No;;-;22;29;0;837;0;0;0,00;28,86;45,36;2;India;Asiatic Region;"Wolters Kluwer Medknow Publications";"2021-2026";"Health (social science); Medicine (miscellaneous); Public Health, Environmental and Occupational Health; Social Psychology";"Medicine; Psychology; Social Sciences"
1323;21101093327;"Asian Journal of Sport and Exercise Psychology";journal;"26672391";"KeAi Communications Co.";Yes;Yes;;-;13;22;0;844;0;0;0,00;38,36;38,30;0;China;Asiatic Region;"KeAi Communications Co.";"2021-2025";"Applied Psychology; Cognitive Neuroscience; Social Sciences (miscellaneous)";"Neuroscience; Psychology; Social Sciences"
1324;21101060182;"Autism in Adulthood";journal;"25739581, 2573959X";"Mary Ann Liebert Inc.";No;No;;-;32;37;2;1844;4;2;2,00;49,84;65,60;9;United States;Northern America;"Mary Ann Liebert Inc.";"2020-2026";"Cognitive Neuroscience; Developmental and Educational Psychology; Neurology; Neurology (clinical); Psychiatry and Mental Health";"Medicine; Neuroscience; Psychology"
1325;21101185424;"Aviation Psychology and Applied Human Factors";journal;"21920923, 21920931";"Hogrefe Publishing GmbH";No;No;;-;8;12;31;453;14;28;0,45;37,75;37,04;0;Germany;Western Europe;"Hogrefe Publishing GmbH";"2019-2025";"Aerospace Engineering; Applied Psychology";"Engineering; Psychology"
1326;21101095132;"Behavioural Public Policy";journal;"23980648, 2398063X";"Cambridge University Press";No;No;;-;29;35;58;1382;247;55;5,47;39,49;29,58;17;United Kingdom;Western Europe;"Cambridge University Press";"2017-2026";"Applied Psychology; Political Science and International Relations; Social Psychology; Social Sciences (miscellaneous); Sociology and Political Science";"Psychology; Social Sciences"
1327;21101168053;"Bilingual Processing and Acquisition";book series;"23520531";"John Benjamins Publishing Company";No;No;;-;8;11;15;1014;2;2;0,13;92,18;0,00;0;Netherlands;Western Europe;"John Benjamins Publishing Company";"2019-2024";"Developmental and Educational Psychology; Education; Linguistics and Language";"Psychology; Social Sciences"
1328;20008;"Chinese Journal of Psychiatry";journal;"10067884";"Chinese Medical Journals Publishing House Co.Ltd";No;No;;-;10;76;30;2568;20;30;0,67;33,79;36,84;0;China;Asiatic Region;"Chinese Medical Journals Publishing House Co.Ltd";"1998-1999, 2019-2026";"Biological Psychiatry; Clinical Psychology; Cognitive Neuroscience; Psychiatry and Mental Health";"Medicine; Neuroscience; Psychology"
1329;21101065161;"Ciencias Psicologicas";journal;"16884221, 16884094";"Universidad Catolica del Uruguay";Yes;Yes;;-;9;44;73;1849;21;70;0,29;42,02;57,14;1;Uruguay;Latin America;"Universidad Catolica del Uruguay";"2019-2025";"Education; Health (social science); Neuroscience (miscellaneous); Psychology (miscellaneous)";"Neuroscience; Psychology; Social Sciences"
1330;21101152624;"Clinical Psychology Today";journal;"25655698";"University of Galway";Yes;Yes;;-;2;11;24;359;0;20;0,00;32,64;73,08;0;Ireland;Western Europe;"University of Galway";"2019-2025";"Clinical Psychology";"Psychology"
1331;21101077110;"Cognitive Computation and Systems";journal;"25177567";"John Wiley and Sons Inc";Yes;No;;-;17;33;39;1372;60;37;1,54;41,58;27,00;0;United Kingdom;Western Europe;"John Wiley and Sons Inc";"2019-2025";"Artificial Intelligence; Cognitive Neuroscience; Computer Science Applications; Computer Vision and Pattern Recognition; Experimental and Cognitive Psychology";"Computer Science; Neuroscience; Psychology"
1332;21101161915;"Complex Psychiatry";journal;"26733005, 2673298X";"S. Karger AG";No;No;;-;10;14;5;790;8;3;1,60;56,43;43,92;1;Switzerland;Western Europe;"S. Karger AG";"2015, 2019-2026";"Psychology (miscellaneous)";"Psychology"
1333;21101107951;"Comprehensive Psychoneuroendocrinology";journal;"26664976";"Elsevier Ltd";Yes;No;;-;19;67;16;3601;13;15;0,81;53,75;58,12;4;United Kingdom;Western Europe;"Elsevier Ltd";"2020-2026";"Biological Psychiatry; Endocrine and Autonomic Systems; Endocrinology, Diabetes and Metabolism; Immunology; Neurology (clinical); Psychiatry and Mental Health; Psychology (miscellaneous)";"Immunology and Microbiology; Medicine; Neuroscience; Psychology"
1334;21101184722;"Computational Psychiatry";journal;"23796227";"Ubiquity Press";Yes;No;;-;13;10;8;447;24;8;3,00;44,70;36,11;0;United Kingdom;Western Europe;"Ubiquity Press";"2019-2026";"Psychology (miscellaneous)";"Psychology"
1335;21101078838;"Computers in Human Behavior Reports";journal;"24519588";"Elsevier B.V.";Yes;No;;-;43;100;32;6668;105;31;3,28;66,68;48,38;9;United Kingdom;Western Europe;"Elsevier B.V.";"2020-2026";"Applied Psychology; Artificial Intelligence; Cognitive Neuroscience; Computer Science Applications; Human-Computer Interaction; Neuroscience (miscellaneous)";"Computer Science; Neuroscience; Psychology"
1336;21101145558;"Consortium Psychiatricum";journal;"27132919, 27127672";"Eco-Vector LLC";Yes;Yes;;-;11;34;18;1054;14;15;0,78;31,00;52,63;0;Russian Federation;Eastern Europe;"Eco-Vector LLC";"2020-2025";"Clinical Psychology; Psychiatry and Mental Health; Public Health, Environmental and Occupational Health";"Medicine; Psychology"
1337;21100239231;"Contemporary Hypnosis and Integrative Therapy";journal;"20492154, 20492146";"Crown House Publishing";No;No;;-;9;5;0;214;0;0;0,00;42,80;50,00;0;United Kingdom;Western Europe;"Crown House Publishing";"2011-2017, 2021-2022";"Clinical Psychology; Complementary and Manual Therapy";"Health Professions; Psychology"
1338;21101077107;"Continuity in Education";journal;"26319179";"Ubiquity Press";Yes;Yes;;-;10;7;11;364;29;11;2,64;52,00;80,00;0;United Kingdom;Western Europe;"Ubiquity Press";"2020-2026";"Developmental and Educational Psychology; Education; Physiology (medical); Social Psychology";"Medicine; Psychology; Social Sciences"
1339;21101176726;"Creative Arts in Education and Therapy";journal;"24682306, 2451876X";"Inspirees Publishing";Yes;Yes;;-;5;19;0;334;0;0;0,00;17,58;62,07;0;Netherlands;Western Europe;"Inspirees Publishing";"2021-2025";"Applied Psychology; Arts and Humanities (miscellaneous); Psychology (miscellaneous); Visual Arts and Performing Arts";"Arts and Humanities; Psychology"
1340;21101081716;"Current Research in Behavioral Sciences";journal;"26665182";"Elsevier B.V.";Yes;No;;-;22;53;7;2245;14;7;2,00;42,36;39,10;4;Netherlands;Western Europe;"Elsevier B.V.";"2020-2026";"Behavioral Neuroscience; Psychology (miscellaneous)";"Neuroscience; Psychology"
1341;21101136809;"Current Research in Ecological and Social Psychology";journal;"26666227";"Elsevier B.V.";Yes;No;;-;17;17;3;1097;6;2;2,00;64,53;35,48;1;Netherlands;Western Europe;"Elsevier B.V.";"2020-2026";"Geography, Planning and Development; Human Factors and Ergonomics; Psychology (miscellaneous); Social Psychology";"Psychology; Social Sciences"
1342;21101172014;"Designs for Learning";journal;"20017480";"Stockholm University Press";Yes;No;;-;8;6;22;298;20;21;0,91;49,67;69,23;0;Sweden;Western Europe;"Stockholm University Press";"2019-2023, 2025";"Communication; Cultural Studies; Developmental and Educational Psychology; Ecology; Education; Human-Computer Interaction; Linguistics and Language";"Computer Science; Environmental Science; Psychology; Social Sciences"
1343;21101224879;"Discover Psychology";journal;"27314537";"Discover";Yes;No;;-;13;11;0;415;0;0;0,00;37,73;33,33;1;Switzerland;Western Europe;"Discover";"2021-2026";"Behavioral Neuroscience; Neuroscience (miscellaneous); Psychiatry and Mental Health; Psychology (miscellaneous)";"Medicine; Neuroscience; Psychology"
1344;21101126440;"Drugs, Habits and Social Policy";journal;"27526739, 27526747";"Emerald Publishing";No;No;;-;25;26;100;957;102;93;1,23;36,81;39,13;0;United Kingdom;Western Europe;"Emerald Publishing";"2022-2025";"Clinical Psychology; Health Policy; Health (social science); Psychiatry and Mental Health; Public Health, Environmental and Occupational Health";"Medicine; Psychology; Social Sciences"
1345;21101196713;"Emerging Trends in Drugs, Addictions, and Health";journal;"26671182";"Elsevier Ltd";Yes;No;;-;10;24;0;1212;0;0;0,00;50,50;43,36;4;United Kingdom;Western Europe;"Elsevier Ltd";"2021-2026";"Clinical Psychology; Drug Discovery; Medicine (miscellaneous); Pharmacology; Psychiatry and Mental Health";"Medicine; Pharmacology, Toxicology and Pharmaceutics; Psychology"
1346;21101117183;"Environment and Social Psychology";journal;"24248975, 24247979";"Arts and Science Press Pte. Ltd.";No;No;;-;16;15;16;571;2;16;0,13;38,07;54,35;0;Singapore;Asiatic Region;"Arts and Science Press Pte. Ltd.";"2019-2026";"Developmental and Educational Psychology; Health (social science); Neuropsychology and Physiological Psychology; Social Psychology";"Psychology; Social Sciences"
1347;21101111533;"Ethiopian Renaissance Journal of Social Sciences and Humanities";journal;"24096377, 24096385";"University of Gondar";No;No;;-;5;20;28;758;1;26;0,04;37,90;17,39;0;Ethiopia;Africa;"University of Gondar";"2019-2026";"Anthropology; Arts and Humanities (miscellaneous); Demography; Developmental and Educational Psychology; Gender Studies";"Arts and Humanities; Psychology; Social Sciences"
1348;21101091713;"European Journal for Qualitative Research in Psychotherapy";journal;"17567599";"Liverpool John Moores University";No;No;;-;7;13;29;618;14;24;0,62;47,54;77,27;0;Ireland;Western Europe;"Liverpool John Moores University";"2018-2024";"Applied Psychology; Clinical Psychology; Psychology (miscellaneous); Social Psychology";"Psychology"
1349;21101058102;"European Journal of Education and Psychology";journal;"18888992, 19892209";"Universidad Autonoma de Chile";No;No;;-;12;14;27;622;48;27;1,78;44,43;51,06;0;Chile;Latin America;"Universidad Autonoma de Chile";"2019-2025";"Education; Psychology (miscellaneous)";"Psychology; Social Sciences"
1350;21101060896;"European Journal of Psychology Open";journal;"26738627";"Hogrefe-Verlag GmbH and Co. KG";Yes;No;;-;42;17;39;903;34;37;0,67;53,12;56,82;2;Germany;Western Europe;"Hogrefe-Verlag GmbH and Co. KG";"2021-2026";"Psychology (miscellaneous)";"Psychology"
1351;21101024227;"European Journal of Trauma and Dissociation";journal;"24687499";"Elsevier Masson s.r.l.";No;No;;-;15;38;6;1936;2;4;0,33;50,95;60,23;2;France;Western Europe;"Elsevier Masson s.r.l.";"2017-2026";"Clinical Psychology; Psychiatry and Mental Health";"Medicine; Psychology"
1352;21101155948;"Experimental Psychology (Russia)";journal;"20727593, 23117036";"Moscow State University of Psychology and Education";Yes;Yes;;-;9;57;111;1817;66;111;0,59;31,88;57,35;0;Russian Federation;Eastern Europe;"Moscow State University of Psychology and Education";"2019-2025";"Experimental and Cognitive Psychology; Neuropsychology and Physiological Psychology; Psychology (miscellaneous)";"Psychology"
1353;21101260625;"Gedragstherapie: Tijdschrift voor Gedragstherapie en Cognitieve Therapie";journal;"2468953X, 01677454";"Boom Uitgevers";No;No;;-;2;21;17;698;1;13;0,06;33,24;57,14;0;Netherlands;Western Europe;"Boom Uitgevers";"2020-2025";"Clinical Psychology; Developmental and Educational Psychology; Experimental and Cognitive Psychology; Psychology (miscellaneous)";"Psychology"
1354;21101140334;"Heart and Mind";journal;"24686476, 24686484";"Wolters Kluwer Medknow Publications";Yes;Yes;;-;12;31;69;595;39;62;0,53;19,19;40,57;0;India;Asiatic Region;"Wolters Kluwer Medknow Publications";"2017-2026";"Cardiology and Cardiovascular Medicine; Clinical Psychology; Neurology (clinical); Psychiatry and Mental Health";"Medicine; Psychology"
1355;21101047721;"Human Research in Rehabilitation";journal;"22329935, 2232996X";"Institute for Human Rehabilitation";Yes;Yes;;-;6;19;38;465;5;38;0,13;24,47;67,31;1;Bosnia and Herzegovina;Eastern Europe;"Institute for Human Rehabilitation";"2019-2025";"Education; Rehabilitation; Social Psychology";"Medicine; Psychology; Social Sciences"
1356;21101183485;"Imagination, Cognition and Personality";journal;"15414477, 02762366";"SAGE Publications Ltd";No;No;;-;39;25;73;1516;85;61;0,92;60,64;43,24;0;United Kingdom;Western Europe;"SAGE Publications Ltd";"1982-2026";"Cognitive Neuroscience; Experimental and Cognitive Psychology; Psychology (miscellaneous)";"Neuroscience; Psychology"
1357;21101184419;"Indonesian Journal of Occupational Safety and Health";journal;"23018046, 25407872";"Airlangga University Faculty of Public Health";Yes;Yes;;-;7;48;78;1312;21;78;0,27;27,33;50,72;1;Indonesia;Asiatic Region;"Airlangga University Faculty of Public Health";"2019-2025";"Applied Psychology; Health, Toxicology and Mutagenesis; Public Health, Environmental and Occupational Health";"Environmental Science; Medicine; Psychology"
1358;21101160593;"Insight (discontinued)";journal;"26646005, 2663970X";"Faculty of Psychology, History and Sociology, Kherson State University";Yes;Yes;;-;14;18;52;310;27;50;0,52;17,22;91,67;0;Ukraine;Eastern Europe;"Faculty of Psychology, History and Sociology, Kherson State University";"2019-2025";"Developmental and Educational Psychology; Experimental and Cognitive Psychology; Psychology (miscellaneous); Social Psychology";"Psychology"
1359;21101190210;"International Journal for Research in Learning Disabilities";journal;"2325565X, 23293764";"International Academy for Research in Learning Disabilities (IARLD)";No;No;;-;4;4;9;237;5;9;0,56;59,25;53,85;0;United States;Northern America;"International Academy for Research in Learning Disabilities (IARLD)";"2019-2026";"Education; Medicine (miscellaneous); Neuroscience (miscellaneous); Psychology (miscellaneous)";"Medicine; Neuroscience; Psychology; Social Sciences"
1360;21101142419;"International Journal of Applied Positive Psychology";journal;"23645040, 23645059";"Springer Nature";No;No;;-;20;15;27;1231;78;27;3,13;82,07;46,55;3;Netherlands;Western Europe;"Springer Nature";"2016, 2018-2026";"Applied Psychology; Social Sciences (miscellaneous)";"Psychology; Social Sciences"
1361;21101288489;"International Journal of Cognitive Behavioral Therapy";journal;"30593042";"Springer Science and Business Media Deutschland GmbH";No;No;;-;43;41;76;2801;91;74;1,04;68,32;57,50;3;Germany;Western Europe;"Springer Science and Business Media Deutschland GmbH";"2025-2026";"Experimental and Cognitive Psychology";"Psychology"
1362;21101173090;"International Journal of Community Well-Being";journal;"25245309, 25245295";"Springer Nature";No;No;;-;20;38;68;1743;128;57;1,80;45,87;54,43;8;Switzerland;Western Europe;"Springer Nature";"2018-2026";"Geography, Planning and Development; Psychology (miscellaneous); Social Sciences (miscellaneous)";"Psychology; Social Sciences"
1363;21100201518;"International Journal of Early Childhood Special Education (discontinued)";journal;"13085581";"Anadolu Universitesi";Yes;No;;-;17;179;103;4729;85;103;0,79;26,42;47,85;0;Turkey;Middle East;"Anadolu Universitesi";"2009-2021";"Developmental and Educational Psychology; Education";"Psychology; Social Sciences"
1364;21101375575;"International Journal of Narrative Therapy and Community Work";journal;"29818818";"Dulwich Centre Foundation";Yes;No;;-;3;26;0;406;0;0;0,00;15,62;52,63;0;Australia;Pacific Region;"Dulwich Centre Foundation";"2023-2025";"Health Professions (miscellaneous); Psychology (miscellaneous); Social Sciences (miscellaneous)";"Health Professions; Psychology; Social Sciences"
1365;21101102055;"International Journal of Sport and Society";journal;"21527865, 21527857";"Common Ground Research Networks";No;No;;-;5;25;29;1494;8;29;0,28;59,76;47,37;0;United States;Northern America;"Common Ground Research Networks";"2019-2025";"Education; Health Professions (miscellaneous); Medicine (miscellaneous); Psychology (miscellaneous); Social Sciences (miscellaneous); Urology";"Health Professions; Medicine; Psychology; Social Sciences"
1366;21101133341;"International Journal of Systemic Therapy";journal;"2692398X, 26923998";"Routledge";No;No;;-;24;13;44;595;55;43;0,83;45,77;55,88;1;United States;Northern America;"Routledge";"2021-2026";"Clinical Psychology; Psychiatry and Mental Health";"Medicine; Psychology"
1367;21101163444;"International Journal on Child Maltreatment: Research, Policy and Practice";journal;"25245236, 25245244";"Springer Nature";No;No;;-;15;35;56;1957;75;50;1,33;55,91;66,22;10;Switzerland;Western Europe;"Springer Nature";"2018-2026";"Developmental and Educational Psychology; Health (social science); Law; Pediatrics, Perinatology and Child Health";"Medicine; Psychology; Social Sciences"
1368;21101229222;"JCPP Advances";journal;"26929384";"John Wiley and Sons Ltd";Yes;No;;-;24;51;0;1919;0;0;0,00;37,63;58,57;10;United Kingdom;Western Europe;"John Wiley and Sons Ltd";"2021-2026";"Developmental and Educational Psychology; Psychiatry and Mental Health; Psychology (miscellaneous)";"Medicine; Psychology"
1369;21101163244;"Journal for the Cognitive Science of Religion";journal;"20497563, 20497555";"Equinox Publishing Ltd";No;No;;-;8;18;20;1069;10;15;0,50;59,39;24,14;0;United Kingdom;Western Europe;"Equinox Publishing Ltd";"2019-2022, 2024-2025";"Cognitive Neuroscience; Experimental and Cognitive Psychology; Neuropsychology and Physiological Psychology; Religious Studies";"Arts and Humanities; Neuroscience; Psychology"
1370;21101141431;"Journal for the Measurement of Physical Behaviour";journal;"25756605, 25756613";"Human Kinetics Publishers Inc.";No;No;;-;19;39;71;1438;144;71;2,03;36,87;46,04;2;United States;Northern America;"Human Kinetics Publishers Inc.";"2019-2026";"Computer Science (miscellaneous); Engineering (miscellaneous); Psychology (miscellaneous); Public Health, Environmental and Occupational Health; Statistics, Probability and Uncertainty";"Computer Science; Decision Sciences; Engineering; Medicine; Psychology"
1371;21101076715;"Journal of Affective Disorders Reports";journal;"26669153";"Elsevier B.V.";Yes;No;;-;39;226;198;10821;330;188;1,77;47,88;48,36;30;Netherlands;Western Europe;"Elsevier B.V.";"2020-2026";"Clinical Psychology; Psychiatry and Mental Health";"Medicine; Psychology"
1372;21101039875;"Journal of Alzheimer's Disease Reports";journal;"25424823";"SAGE Publications Ltd";Yes;No;;-;32;71;90;3749;292;90;3,17;52,80;40,52;0;United Kingdom;Western Europe;"SAGE Publications Ltd";"2017-2025";"Clinical Psychology; Geriatrics and Gerontology; Neuroscience (miscellaneous); Psychiatry and Mental Health";"Medicine; Neuroscience; Psychology"
1373;21101048554;"Journal of Applied Arts and Health";journal;"20402465, 20402457";"Intellect Ltd.";No;No;;-;8;30;59;624;28;42;0,47;20,80;67,92;0;United Kingdom;Western Europe;"Intellect Ltd.";"2019-2026";"Arts and Humanities (miscellaneous); Clinical Psychology; Cultural Studies; Music; Philosophy; Visual Arts and Performing Arts";"Arts and Humanities; Psychology; Social Sciences"
1374;21101239978;"Journal of Applied Psychological Research";journal;"22518126, 26764504";"University of Tehran";Yes;No;;-;4;80;44;3075;4;44;0,09;38,44;45,58;0;Iran;Middle East;"University of Tehran";"2020-2025";"Applied Psychology; Developmental and Educational Psychology; Experimental and Cognitive Psychology; Psychology (miscellaneous)";"Psychology"
1375;21101040700;"Journal of Applied Rehabilitation Counseling";journal;"00472220, 26397641";"Springer Publishing Company";No;No;;-;7;22;43;856;17;41;0,40;38,91;64,62;0;United States;Northern America;"Springer Publishing Company";"1970, 2019-2025";"Analysis; Applied Psychology; Chiropractics; Occupational Therapy; Physical Therapy, Sports Therapy and Rehabilitation; Public Health, Environmental and Occupational Health; Rehabilitation";"Health Professions; Mathematics; Medicine; Psychology"
1376;21101090588;"Journal of Army Medical University";journal;"20970927";"Editorial Office of Journal of Third Military Medical University";Yes;No;;-;6;199;0;4630;0;0;0,00;23,27;47,02;0;China;Asiatic Region;"Editorial Office of Journal of Third Military Medical University";"2022-2025";"Clinical Psychology; Medicine (miscellaneous); Neuroscience (miscellaneous)";"Medicine; Neuroscience; Psychology"
1377;21101085514;"Journal of Childhood, Education and Society";journal;"2717638X";"Istanbul Kultur University";Yes;Yes;;-;9;25;14;1361;6;14;0,43;54,44;76,27;0;Turkey;Middle East;"Istanbul Kultur University";"2020-2026";"Developmental and Educational Psychology; Education";"Psychology; Social Sciences"
1378;21101295546;"Journal of Clinical Psychology Research";journal;"26024438";"Association for Clinical Psychology Research";Yes;No;;-;5;24;0;1335;0;0;0,00;55,63;76,00;0;Turkey;Middle East;"Association for Clinical Psychology Research";"2021-2026";"Applied Psychology; Clinical Psychology; Developmental and Educational Psychology";"Psychology"
1379;21101173089;"Journal of Cognitive Enhancement";journal;"25093304, 25093290";"Springer Nature";No;No;;-;35;39;122;2658;273;117;2,21;68,15;59,73;2;United States;Northern America;"Springer Nature";"2017-2026";"Behavioral Neuroscience; Cognitive Neuroscience; Experimental and Cognitive Psychology; Neuropsychology and Physiological Psychology";"Neuroscience; Psychology"
1380;21101309512;"Journal of College Student Mental Health";journal;"28367138, 28367146";"Routledge";No;No;;-;36;25;74;1105;77;67;1,16;44,20;59,68;2;United Kingdom;Western Europe;"Routledge";"2024-2026";"Clinical Psychology; Psychiatry and Mental Health";"Medicine; Psychology"
1381;21101175729;"Journal of Creativity";journal;"27133745";"Elsevier Ltd";Yes;No;;-;16;10;0;343;0;0;0,00;34,30;55,56;2;United Kingdom;Western Europe;"Elsevier Ltd";"2021-2026";"Experimental and Cognitive Psychology";"Psychology"
1382;21101138521;"Journal of Education Culture and Society";journal;"20811640";"Pro Scientia Publica Foundation";Yes;No;;-;17;80;105;2484;43;105;0,41;31,05;67,65;1;Poland;Eastern Europe;"Pro Scientia Publica Foundation";"2019-2025";"Education; History; History and Philosophy of Science; Psychology (miscellaneous); Sociology and Political Science";"Arts and Humanities; Psychology; Social Sciences"
1383;21101052704;"Journal of Health and Social Sciences (discontinued)";journal;"24995886, 24992240";"SIPISS- Edizioni FS Publishers";Yes;No;;-;19;47;79;1963;65;71;0,82;41,77;55,00;2;Italy;Western Europe;"SIPISS- Edizioni FS Publishers";"2019-2024";"Health Policy; Health (social science); Psychology (miscellaneous); Public Health, Environmental and Occupational Health";"Medicine; Psychology; Social Sciences"
1384;21101079124;"Journal of Integrated Disaster Risk Management";journal;"21858322";"IDRiM Society";No;No;;-;7;14;11;627;7;11;0,64;44,79;45,95;0;Japan;Asiatic Region;"IDRiM Society";"2019-2026";"Business, Management and Accounting (miscellaneous); Emergency Medicine; Global and Planetary Change; Management, Monitoring, Policy and Law; Safety Research; Safety, Risk, Reliability and Quality";"Business, Management and Accounting; Engineering; Environmental Science; Medicine; Social Sciences"
1385;21101259362;"Journal of Korean Biological Nursing Science";journal;"23836423, 23836415";"";No;No;;-;5;35;32;1196;5;32;0,16;34,17;66,67;0;South Korea;Asiatic Region;"";"2020-2025";"Embryology; Psychology (miscellaneous)";"Medicine; Psychology"
1386;21101274835;"Journal of Latinx Psychology";journal;"25788094, 25788086";"American Psychological Association";No;No;;-;21;21;46;1519;113;46;2,23;72,33;66,23;2;United States;Northern America;"American Psychological Association";"2020-2025";"Psychology (miscellaneous)";"Psychology"
1387;21101177511;"Journal of LGBTQ Issues in Counseling";journal;"26924951, 2692496X";"Routledge";No;No;;-;39;28;63;1044;67;52;1,15;37,29;73,02;1;United Kingdom;Western Europe;"Routledge";"2021-2026";"Applied Psychology; Clinical Psychology; Gender Studies; Psychiatry and Mental Health";"Medicine; Psychology; Social Sciences"
1388;21101196737;"Journal of Management World (discontinued)";journal;"29943191";"";No;No;;-;6;41;0;2695;0;0;0,00;65,73;27,03;0;United States;Northern America;"";"2021-2024";"Business and International Management; Business, Management and Accounting (miscellaneous); Information Systems and Management; Management Information Systems; Psychology (miscellaneous); Strategy and Management";"Business, Management and Accounting; Decision Sciences; Psychology"
1389;21101184725;"Journal of Open Psychology Data";journal;"20509863";"Ubiquity Press";Yes;No;;-;6;4;3;50;1;1;0,33;12,50;42,86;0;United Kingdom;Western Europe;"Ubiquity Press";"2019-2025";"Psychology (miscellaneous)";"Psychology"
1390;21101347015;"Journal of Pedagogical Sociology and Psychology";journal;"26873788";"Duzce University, Faculty of Education";Yes;No;;-;7;11;0;457;0;0;0,00;41,55;35,00;0;Turkey;Middle East;"Duzce University, Faculty of Education";"2021-2025";"Developmental and Educational Psychology; Education; Social Psychology; Social Sciences (miscellaneous)";"Psychology; Social Sciences"
1391;21101210861;"Journal of Postsecondary Student Success";journal;"27694887, 27694879";"Center for Postsecondary Success, Florida State University";Yes;Yes;;-;8;14;0;624;0;0;0,00;44,57;61,54;3;United States;Northern America;"Center for Postsecondary Success, Florida State University";"2021-2026";"Developmental and Educational Psychology; Education";"Psychology; Social Sciences"
1392;21101339540;"Journal of Psychological Science";journal;"16716981";"Chinese Psycholocial Society";No;No;;-;10;181;0;6566;0;0;0,00;36,28;46,13;0;China;Asiatic Region;"Chinese Psycholocial Society";"2021-2026";"Applied Psychology; Clinical Psychology; Developmental and Educational Psychology; Experimental and Cognitive Psychology";"Psychology"
1393;21101370217;"Journal of Psychopathology";journal;"24996904, 22840249";"Pacini Editore Srl";No;No;;-;19;34;110;1079;114;99;1,09;31,74;56,05;0;Italy;Western Europe;"Pacini Editore Srl";"2014-2015, 2017-2026";"Clinical Psychology; Psychiatry and Mental Health";"Medicine; Psychology"
1394;21101293007;"Journal of Psychosexual Health";journal;"26318318, 26318326";"SAGE Publications Ltd";Yes;No;;-;11;55;0;1349;0;0;0,00;24,53;54,10;2;United Kingdom;Western Europe;"SAGE Publications Ltd";"2021-2026";"Clinical Psychology; Obstetrics and Gynecology; Reproductive Medicine; Urology";"Medicine; Psychology"
1395;21101188485;"Journal of Psychosocial Oncology Research and Practice";journal;"26375974";"Lippincott Williams and Wilkins";Yes;No;;-;6;10;0;398;0;0;0,00;39,80;75,00;0;United States;Northern America;"Lippincott Williams and Wilkins";"2021-2025";"Clinical Psychology";"Psychology"
1396;21101030478;"Journal of Psychosocial Rehabilitation and Mental Health";journal;"2198963X, 21989834";"Springer";No;No;;-;17;35;89;1152;82;72;1,00;32,91;61,48;3;India;Asiatic Region;"Springer";"2014-2026";"Clinical Psychology; Psychiatry and Mental Health; Rehabilitation";"Medicine; Psychology"
1397;21101053580;"Journal of Psychosocial Studies";journal;"14786737";"Policy Press";No;No;;-;8;19;44;772;28;38;0,64;40,63;56,52;0;United Kingdom;Western Europe;"Policy Press";"2019-2025";"Cultural Studies; Social Psychology; Social Sciences (miscellaneous); Sociology and Political Science";"Psychology; Social Sciences"
1398;21101182140;"Journal of Sexual and Mental Health";journal;"29565677";"Via Medica";No;No;;-;8;12;29;381;2;29;0,00;31,75;57,50;0;Poland;Eastern Europe;"Via Medica";"2022-2025";"Endocrinology, Diabetes and Metabolism; Psychiatry and Mental Health; Psychology (miscellaneous); Reproductive Medicine";"Medicine; Psychology"
1399;21101113246;"Journal of Technology in Behavioral Science";journal;"23665963";"Springer";No;No;;-;28;63;114;3295;274;111;2,40;52,30;58,09;8;United States;Northern America;"Springer";"2016-2026";"Applied Psychology; Computer Science Applications; Health (social science); Human-Computer Interaction";"Computer Science; Psychology; Social Sciences"
1400;21101039273;"Journal of the Academy of Consultation-Liaison Psychiatry";journal;"26672979, 26672960";"Elsevier B.V.";No;No;;-;119;106;327;2677;862;267;2,49;25,25;50,71;6;Netherlands;Western Europe;"Elsevier B.V.";"2021-2026";"Clinical Psychology; Psychiatry and Mental Health";"Medicine; Psychology"
1401;21101199387;"Journal of the Association for Music and Imagery";journal;"10988009";"Association for Music and Imagery";No;No;;-;2;5;6;186;4;6;0,67;37,20;28,57;0;United States;Northern America;"Association for Music and Imagery";"2020-2025";"Clinical Psychology; Music; Psychology (miscellaneous)";"Arts and Humanities; Psychology"
1402;21101363390;"Journal of the European Second Language Association";journal;"23999101";"White Rose University Press";Yes;No;;-;6;9;0;396;0;0;0,00;44,00;64,71;0;United Kingdom;Western Europe;"White Rose University Press";"2021-2026";"Developmental and Educational Psychology; Education; Linguistics and Language";"Psychology; Social Sciences"
1403;21101142416;"Journal of Underrepresented and Minority Progress";journal;"25743465, 25743481";"STAR Scholars Network";No;No;;-;6;18;31;768;7;28;0,23;42,67;63,16;0;United States;Northern America;"STAR Scholars Network";"2019-2025";"Cultural Studies; Education; Philosophy; Psychology (miscellaneous); Sociology and Political Science";"Arts and Humanities; Psychology; Social Sciences"
1404;21101146415;"Jurnal Pengukuran Psikologi dan Pendidikan Indonesia";journal;"20896247, 26545713";"Syarif Hidayatullah State Islamic University (UIN) Jakarta";Yes;Yes;;-;4;15;29;560;3;29;0,10;37,33;43,33;0;Indonesia;Asiatic Region;"Syarif Hidayatullah State Islamic University (UIN) Jakarta";"2019-2025";"Applied Psychology; Developmental and Educational Psychology; Education; Psychology (miscellaneous)";"Psychology; Social Sciences"
1405;144793;"Kindheit und Entwicklung (discontinued)";journal;"09425403, 21906246";"Hogrefe Verlag GmbH &amp; Co. KG";No;No;;-;35;6;78;230;25;78;0,26;38,33;100,00;0;Germany;Western Europe;"Hogrefe Verlag GmbH &amp; Co. KG";"2004-2021";"Developmental and Educational Psychology; Pediatrics, Perinatology and Child Health; Psychiatry and Mental Health";"Medicine; Psychology"
1406;21101073718;"Learning Disabilities";journal;"19376928, 19376936";"Learning Disabilities Worldwide (LDW)";No;No;;-;13;11;43;501;45;38;0,86;45,55;66,67;0;United States;Northern America;"Learning Disabilities Worldwide (LDW)";"2018-2025";"Developmental and Educational Psychology; Education; Health (social science)";"Psychology; Social Sciences"
1407;21101197368;"Limite (Chile)";journal;"07185065";"Universidad de Tarapaca";No;No;;-;3;18;43;756;3;43;0,07;42,00;37,50;0;Chile;Latin America;"Universidad de Tarapaca";"2019-2026";"Philosophy; Psychology (miscellaneous)";"Arts and Humanities; Psychology"
1408;21101066327;"MedUNAB";journal;"01237047, 23824603";"Universidad Autonoma de Bucaramanga";Yes;Yes;;-;6;23;44;603;3;39;0,07;26,22;67,92;0;Colombia;Latin America;"Universidad Autonoma de Bucaramanga";"2019-2025";"Medicine (miscellaneous); Nursing (miscellaneous)";"Medicine; Nursing"
1409;21101048847;"Mental Health Clinician";journal;"21689709";"Allen Press Inc.";Yes;No;;-;29;46;146;1120;258;143;1,37;24,35;66,06;0;United States;Northern America;"Allen Press Inc.";"2011-2025";"Neurology (clinical); Neuropsychology and Physiological Psychology; Pharmacology (medical); Pharmacology, Toxicology and Pharmaceutics (miscellaneous)";"Medicine; Pharmacology, Toxicology and Pharmaceutics; Psychology"
1410;21101081717;"Methods in Psychology";journal;"25902601";"Elsevier B.V.";Yes;No;;-;20;37;17;1869;44;16;2,59;50,51;51,02;1;Netherlands;Western Europe;"Elsevier B.V.";"2019-2026";"Psychology (miscellaneous)";"Psychology"
1411;21101062034;"Music and Science";journal;"20592043";"SAGE Publications Ltd";Yes;No;;-;21;35;77;2369;184;75;1,92;67,69;44,34;1;United Kingdom;Western Europe;"SAGE Publications Ltd";"2018-2026";"History and Philosophy of Science; Music; Psychology (miscellaneous)";"Arts and Humanities; Psychology"
1412;21101268226;"National Psychological Journal";journal;"20796617, 23099828";"Lomonosov Moscow State University";Yes;Yes;;-;6;37;42;1534;15;42;0,36;41,46;75,00;0;Russian Federation;Eastern Europe;"Lomonosov Moscow State University";"2020-2026";"Applied Psychology; Education; Experimental and Cognitive Psychology; Psychology (miscellaneous)";"Psychology; Social Sciences"
1413;19900193879;"Neuropsychological Trends";journal;"19703201, 1970321X";"LED Edizioni Universitarie";Yes;Yes;;-;13;9;34;520;28;34;0,61;57,78;58,06;0;Italy;Western Europe;"LED Edizioni Universitarie";"2011-2025";"Cellular and Molecular Neuroscience; Neuropsychology and Physiological Psychology";"Neuroscience; Psychology"
1414;21101272840;"Obesities";journal;"26734168";"Multidisciplinary Digital Publishing Institute (MDPI)";Yes;No;;-;10;19;0;727;0;0;0,00;38,26;48,15;0;Switzerland;Western Europe;"Multidisciplinary Digital Publishing Institute (MDPI)";"2021-2025";"Endocrinology, Diabetes and Metabolism; Epidemiology; Psychology (miscellaneous)";"Medicine; Psychology"
1415;21101210854;"Obozrenie Psihiatrii i Medicinskoj Psihologii Imeni V.M. Bekhtereva";journal;"2713055X, 23137053";"FSBI V M Bekhterev National Research Medical Center for Psychiatry and Neurology of of the Russian Federation Ministry of Health";Yes;Yes;;-;8;44;46;1366;35;43;0,76;31,05;60,36;0;Russian Federation;Eastern Europe;"FSBI V M Bekhterev National Research Medical Center for Psychiatry and Neurology of of the Russian Federation Ministry of Health";"2020-2025";"Clinical Psychology; Physiology (medical); Psychiatry and Mental Health";"Medicine; Psychology"
1416;21101270277;"Philosophy and the Mind Sciences";journal;"26990369";"Ruhr-University of Bochum";Yes;Yes;;-;18;10;19;776;64;17;3,37;77,60;25,00;0;Germany;Western Europe;"Ruhr-University of Bochum";"2020-2025";"Cognitive Neuroscience; Philosophy; Psychology (miscellaneous)";"Arts and Humanities; Neuroscience; Psychology"
1417;21101194210;"Proceedings of the International Group for the Psychology of Mathematics Education";conference and proceedings;"0771100X, 27903648";"Psychology of Mathematics Education (PME)";No;No;;-;9;278;346;2625;60;341;0,17;9,44;54,13;0;Germany;Western Europe;"Psychology of Mathematics Education (PME)";"2019, 2021-2025";"Developmental and Educational Psychology; Education; Experimental and Cognitive Psychology; Mathematics (miscellaneous)";"Mathematics; Psychology; Social Sciences"
1418;21101197373;"Process Studies";journal;"03606503, 21543682";"University of Illinois Press";No;No;;-;4;14;31;431;2;27;0,06;30,79;30,77;0;United States;Northern America;"University of Illinois Press";"1971, 2019-2025";"Developmental and Educational Psychology; Religious Studies; Social Psychology";"Arts and Humanities; Psychology"
1419;21101144405;"Psicogente";journal;"2027212X, 01240137";"Simon Bolivar University (Barranquilla)";Yes;Yes;;-;8;18;50;972;15;47;0,30;54,00;59,57;0;Colombia;Latin America;"Simon Bolivar University (Barranquilla)";"2019-2025";"Applied Psychology; Experimental and Cognitive Psychology";"Psychology"
1420;21101090010;"Psikohumaniora";journal;"25029363, 25277456";"State Islamic University Walisongo Semarang Faculty of Psychology and Health";Yes;No;;-;8;16;32;806;10;32;0,31;50,38;70,00;0;Indonesia;Asiatic Region;"State Islamic University Walisongo Semarang Faculty of Psychology and Health";"2019-2025";"Applied Psychology; Clinical Psychology; Experimental and Cognitive Psychology";"Psychology"
1421;21101248362;"Psiquemag";journal;"23070846";"Cesar Vallejo University";Yes;Yes;;-;4;19;19;615;0;19;0,00;32,37;64,71;0;Peru;Latin America;"Cesar Vallejo University";"2020-2025";"Applied Psychology; Clinical Psychology; Developmental and Educational Psychology; Psychiatry and Mental Health";"Medicine; Psychology"
1422;13398;"Psyche (discontinued)";journal;"00332623";"Verlag Klett-Cotta";No;No;;-;20;2;0;0;0;0;0,00;0,00;100,00;0;Germany;Western Europe;"Verlag Klett-Cotta";"1951-2017, 2021";"Clinical Psychology; Psychiatry and Mental Health";"Medicine; Psychology"
1423;21101070989;"Psychiatry (Moscow)";journal;"26186667, 16838319";"Medicinskoe Informacionnoe agentstvo";No;No;;-;7;45;85;1613;26;83;0,31;35,84;63,64;0;Russian Federation;Eastern Europe;"Medicinskoe Informacionnoe agentstvo";"2019-2025";"Biological Psychiatry; Clinical Psychology; Psychiatry and Mental Health";"Medicine; Neuroscience; Psychology"
1424;21101289971;"Psychiatry, Neurology and Medical Psychology";journal;"23125675, 2411166X";"V N Karazin Kharkiv National University";Yes;No;;-;3;22;0;366;0;0;0,00;16,64;69,23;0;Ukraine;Eastern Europe;"V N Karazin Kharkiv National University";"2021-2025";"Clinical Psychology; Education; Medicine (miscellaneous); Psychiatry and Mental Health";"Medicine; Psychology; Social Sciences"
1425;21101152882;"Psychological Test Adaptation and Development";journal;"26981866";"Hogrefe Publishing GmbH";Yes;No;;-;10;14;4;726;5;2;1,25;51,86;43,18;0;Germany;Western Europe;"Hogrefe Publishing GmbH";"2020-2025";"Applied Psychology; Psychology (miscellaneous)";"Psychology"
1426;21101121506;"Psychology";journal;"11065737, 27326640";"National Documentation Centre";Yes;Yes;;-;6;56;39;3136;2;38;0,05;56,00;66,06;0;Greece;Western Europe;"National Documentation Centre";"2010, 2012-2013, 2016, 2018-2026";"Psychology (miscellaneous)";"Psychology"
1427;21101292924;"Psychology of Leaders and Leadership";journal;"27696863, 27696898";"American Psychological Association";No;No;;-;22;10;40;494;30;39;0,52;49,40;33,33;1;United States;Northern America;"American Psychological Association";"2022-2025";"Applied Psychology; Business, Management and Accounting (miscellaneous); Social Psychology";"Business, Management and Accounting; Psychology"
1428;21101170600;"Psychoradiology";journal;"26344416";"Oxford University Press";Yes;Yes;;-;15;19;0;1632;0;0;0,00;85,89;50,55;0;United Kingdom;Western Europe;"Oxford University Press";"2021-2026";"Artificial Intelligence; Clinical Psychology; Neurology (clinical); Neuroscience (miscellaneous); Psychiatry and Mental Health; Psychology (miscellaneous); Radiology, Nuclear Medicine and Imaging";"Computer Science; Medicine; Neuroscience; Psychology"
1429;21101141440;"Psychotherapie";journal;"27317161, 2731717X";"Springer Medizin";No;No;;-;26;69;193;2052;97;172;0,46;29,74;56,42;5;Germany;Western Europe;"Springer Medizin";"2022-2026";"Clinical Psychology";"Psychology"
1430;64325;"Psychotropes (Belgium) (discontinued)";journal;"17821487, 12452092";"De Boeck Supérieur";No;No;;-;9;1;0;8;0;0;0,00;8,00;100,00;0;Belgium;Western Europe;"De Boeck Supérieur";"1983-1993, 2001-2017, 2020-2021";"Clinical Psychology; Psychiatry and Mental Health";"Medicine; Psychology"
1431;21101333431;"Research in Autism";journal;"30506565";"Elsevier Ltd";No;No;;-;108;117;323;6389;964;319;2,74;54,61;63,97;16;United Kingdom;Western Europe;"Elsevier Ltd";"2025-2026";"Clinical Psychology; Developmental and Educational Psychology; Psychiatry and Mental Health";"Medicine; Psychology"
1432;21101162635;"Review of Behavioral Economics";journal;"23266201, 23266198";"Now Publishers Inc";No;No;;-;7;17;33;771;38;33;1,15;45,35;30,43;2;United States;Northern America;"Now Publishers Inc";"2019-2025";"Economics, Econometrics and Finance (miscellaneous); Social Psychology; Social Sciences (miscellaneous)";"Economics, Econometrics and Finance; Psychology; Social Sciences"
1433;21101292644;"Review of Disability Studies An International Journal";journal;"15529215, 15533697";"University of Hawai'i at Manoa Center on Disability Studies";No;No;;-;4;30;0;436;0;0;0,00;14,53;82,22;0;United States;Northern America;"University of Hawai'i at Manoa Center on Disability Studies";"2021-2025";"Cultural Studies; Developmental and Educational Psychology; Education; Political Science and International Relations";"Psychology; Social Sciences"
1434;21101164613;"Review of Science, Mathematics and ICT Education";journal;"1791261X, 17923999";"Department of Educational Sciences and Early Childhood Education, University of Patras";No;No;;-;6;9;24;382;10;23;0,42;42,44;31,25;0;Greece;Western Europe;"Department of Educational Sciences and Early Childhood Education, University of Patras";"2019-2025";"Developmental and Educational Psychology; Education; Mathematical Physics; Mathematics (miscellaneous)";"Mathematics; Psychology; Social Sciences"
1435;21101192675;"Revista de Estudios e Investigacion en Psicologia y Educacion";journal;"23867418";"Publications Service of the University of A Coruna - Elvina Campus";Yes;Yes;;-;7;17;32;671;14;32;0,44;39,47;62,22;5;Spain;Western Europe;"Publications Service of the University of A Coruna - Elvina Campus";"2019-2025";"Education; Psychology (miscellaneous)";"Psychology; Social Sciences"
1436;21101156976;"Revista de Psicologia Aplicada al Deporte y al Ejercicio Fisico";journal;"25303910";"Colegio Oficial de la Psicologia de Madrid";Yes;Yes;;-;8;15;32;484;33;27;1,03;32,27;52,17;0;Spain;Western Europe;"Colegio Oficial de la Psicologia de Madrid";"2019-2025";"Psychology (miscellaneous)";"Psychology"
1437;21101290843;"Revista de Psicoterapia";journal;"23397950, 11305142";"Grupo Editorial Psicofundacion";No;No;;-;5;48;0;1677;0;0;0,00;34,94;50,00;2;Spain;Western Europe;"Grupo Editorial Psicofundacion";"2021-2025";"Clinical Psychology";"Psychology"
1438;21101271735;"Revista Digital de Investigacion en Docencia Universitaria";journal;"22232516";"Universidad Peruana de Ciencias Aplicadas";Yes;Yes;;-;11;16;23;803;17;21;0,74;50,19;50,00;0;Peru;Latin America;"Universidad Peruana de Ciencias Aplicadas";"2020-2026";"Cultural Studies; Developmental and Educational Psychology; Education";"Psychology; Social Sciences"
1439;21101141651;"Revista Guillermo de Ockham";journal;"1794192X, 22563202";"University of San Buenaventura - Cali";Yes;Yes;;-;6;24;38;850;6;34;0,16;35,42;40,00;2;Colombia;Latin America;"University of San Buenaventura - Cali";"2019-2025";"Arts and Humanities (miscellaneous); Psychology (miscellaneous); Social Sciences (miscellaneous)";"Arts and Humanities; Psychology; Social Sciences"
1440;21101060914;"Rivista di Psicolinguistica Applicata";journal;"17240646, 15921328";"Fabrizio Serra Editore Srl";No;No;;-;3;9;26;401;2;25;0,08;44,56;71,43;0;Italy;Western Europe;"Fabrizio Serra Editore Srl";"2019-2025";"Developmental and Educational Psychology; Linguistics and Language; Social Psychology";"Psychology; Social Sciences"
1441;21101083977;"Rossijskij Psihiatriceskij Zurnal";journal;"1560957X";"V. Serbsky National Medical Research Centre for Psychiatry and Narcology";No;No;;-;7;58;124;2068;33;119;0,27;35,66;64,74;0;Russian Federation;Eastern Europe;"V. Serbsky National Medical Research Centre for Psychiatry and Narcology";"2019-2025";"Applied Psychology; Public Health, Environmental and Occupational Health";"Medicine; Psychology"
1442;21101077288;"Scholarship of Teaching and Learning in Psychology";journal;"23322101, 2332211X";"American Psychological Association";No;No;;-;16;35;25;1338;19;24;0,76;38,23;66,09;3;United States;Northern America;"American Psychological Association";"2015, 2019-2025";"Education; Psychology (miscellaneous)";"Psychology; Social Sciences"
1443;21101113286;"Sexual Abuse";journal;"1573286X, 10790632";"SAGE Publications Inc.";No;No;;-;93;41;137;2525;470;132;3,40;61,59;48,03;17;United States;Northern America;"SAGE Publications Inc.";"1988-1993, 1995-2026";"Psychiatry and Mental Health; Psychology (miscellaneous)";"Medicine; Psychology"
1444;21101089135;"Sexual Health and Compulsivity";journal;"26929996";"Routledge";No;No;;-;53;15;56;940;81;54;1,06;62,67;55,81;0;United Kingdom;Western Europe;"Routledge";"2021-2026";"Clinical Psychology; Psychiatry and Mental Health";"Medicine; Psychology"
1445;21101209161;"Sexual Offending: Theory, Research, and Prevention";journal;"26998440";"PsychOpen";Yes;Yes;;-;8;15;11;696;2;10;0,18;46,40;41,38;2;Germany;Western Europe;"PsychOpen";"2020-2026";"Applied Psychology; Clinical Psychology; Law; Psychiatry and Mental Health";"Medicine; Psychology; Social Sciences"
1446;21101245328;"Sichuan Jingshen Weisheng";journal;"10073256";"";Yes;No;;-;5;117;123;2442;20;123;0,16;20,87;47,75;0;China;Asiatic Region;"";"2020-2025";"Psychiatry and Mental Health; Psychology (miscellaneous)";"Medicine; Psychology"
1447;21101182141;"SLEEP Advances";journal;"26325012";"Oxford University Press";Yes;No;;-;16;15;8;659;16;6;2,00;43,93;49,04;2;United Kingdom;Western Europe;"Oxford University Press";"2020-2026";"Behavioral Neuroscience; Clinical Psychology; Neurology (clinical); Neuropsychology and Physiological Psychology; Physiology (medical)";"Medicine; Neuroscience; Psychology"
1448;21101185818;"Social and Legal Studios (discontinued)";journal;"26174170, 26174162";"Lviv State University of Internal Affairs";Yes;No;;-;12;99;163;1369;6;163;0,04;13,83;62,32;0;Ukraine;Eastern Europe;"Lviv State University of Internal Affairs";"2019-2025";"Economics, Econometrics and Finance (miscellaneous); Law; Social Psychology";"Economics, Econometrics and Finance; Psychology; Social Sciences"
1449;21101100209;"Social Psychological Bulletin";journal;"2569653X, 18961800";"PsychOpen";Yes;Yes;;-;18;15;92;733;141;86;1,45;48,87;63,46;1;Germany;Western Europe;"PsychOpen";"2018-2026";"Applied Psychology; Social Psychology";"Psychology"
1450;21101142603;"Social Sciences and Humanities Open";journal;"25902911";"Elsevier Ltd";Yes;No;;-;45;134;90;6969;289;90;3,21;52,01;39,70;32;United Kingdom;Western Europe;"Elsevier Ltd";"2019-2026";"Decision Sciences (miscellaneous); Psychology (miscellaneous); Social Sciences (miscellaneous)";"Decision Sciences; Psychology; Social Sciences"
1451;21101134736;"SSM - Mental Health";journal;"26665603";"Elsevier Ltd";Yes;No;;-;23;39;0;2292;0;0;0,00;58,77;58,15;11;United Kingdom;Western Europe;"Elsevier Ltd";"2021-2026";"Psychology (miscellaneous); Social Sciences (miscellaneous)";"Psychology; Social Sciences"
1452;21101134692;"Studia Warminskie";journal;"01376624";"University of Warmia and Mazury";Yes;Yes;;-;7;32;57;804;9;57;0,16;25,13;47,37;0;Poland;Eastern Europe;"University of Warmia and Mazury";"2019-2025";"Developmental and Educational Psychology; History; Law; Philosophy; Religious Studies; Social Psychology; Social Sciences (miscellaneous)";"Arts and Humanities; Psychology; Social Sciences"
1453;21100902937;"Studies in Bilingualism";book series;"09281533";"John Benjamins Publishing Company";No;No;;-;14;23;75;1161;102;0;1,07;50,48;95,24;0;Netherlands;Western Europe;"John Benjamins Publishing Company";"2008, 2017-2024";"Developmental and Educational Psychology; Education; Linguistics and Language";"Psychology; Social Sciences"
1454;21101185419;"Technology, Mind, and Behavior";journal;"26890208";"American Psychological Association";Yes;No;;-;22;30;12;1890;29;11;2,42;63,00;49,43;8;United States;Northern America;"American Psychological Association";"2020-2025";"Communication; Experimental and Cognitive Psychology; Human-Computer Interaction; Social Psychology";"Computer Science; Psychology; Social Sciences"
1455;5200152834;"Torture";journal;"10188185, 19973322";"International Rehabilitation Council for Torture Victims";Yes;Yes;;-;28;34;91;1021;56;61;0,48;30,03;70,59;2;Denmark;Western Europe;"International Rehabilitation Council for Torture Victims";"1991-2025";"Medicine (miscellaneous)";"Medicine"
1456;21101089656;"Translational Issues in Psychological Science";journal;"23322136, 23322179";"American Psychological Association";No;No;;-;21;39;76;2172;113;68;1,49;55,69;66,43;1;United States;Northern America;"American Psychological Association";"2015, 2019-2025";"Applied Psychology; Psychology (miscellaneous)";"Psychology"
1457;21100902938;"Trends in Language Acquisition Research";book series;"15690644";"John Benjamins Publishing Company";No;No;;-;11;23;94;1830;71;14;0,32;79,57;90,91;0;Netherlands;Western Europe;"John Benjamins Publishing Company";"2011, 2018, 2020-2023";"Communication; Cultural Studies; Developmental and Educational Psychology; Education; Linguistics and Language";"Psychology; Social Sciences"
1458;21101201501;"Turkish Journal of Child and Adolescent Mental Health";journal;"26873532";"Galenos Publishing House";No;No;;-;4;40;33;1281;7;28;0,21;32,03;60,48;1;Turkey;Middle East;"Galenos Publishing House";"2020-2025";"Epidemiology; Experimental and Cognitive Psychology; Genetics (clinical); Neuropsychology and Physiological Psychology; Psychiatry and Mental Health; Psychology (miscellaneous)";"Medicine; Psychology"
1459;21101053110;"Turkish Psychological Counseling and Guidance Journal";journal;"13021370";"Turkish Psychological Counseling and Guidance Association";No;No;;-;8;30;73;1751;22;73;0,30;58,37;39,13;0;Turkey;Middle East;"Turkish Psychological Counseling and Guidance Association";"2019-2025";"Applied Psychology; Education; Psychology (miscellaneous)";"Psychology; Social Sciences"
