Rank;Sourceid;Title;Type;Issn;Publisher;Open Access;Open Access Diamond;SJR;SJR Best Quartile;H index;Total Docs. (2023);Total Docs. (3years);Total Refs.;Total Citations (3years);Citable Docs. (3years);Citations / Doc. (2years);Ref. / Doc.;%Female;Overton;Country;Region;Publisher;Coverage;Categories;Areas
1;13969;"Psychological Science in the Public Interest";journal;"21600031, 15291006";"SAGE Publications Inc.";No;No;9,887;Q1;67;9;21;1002;435;12;10,64;111,33;66,67;2;United States;Northern America;"SAGE Publications Inc.";"2000-2025";"Psychology (miscellaneous) (Q1)";"Psychology"
2;12010;"Annual Review of Psychology";journal;"00664308, 15452085";"Annual Reviews Inc.";No;No;9,438;Q1;315;23;84;3671;2206;81;25,69;159,61;47,06;6;United States;Northern America;"Annual Reviews Inc.";"1950-1958, 1960-1963, 1965-2026";"Psychology (miscellaneous) (Q1)";"Psychology"
3;13443;"Psychological Bulletin";journal;"00332909, 19391455";"American Psychological Association";No;No;8,412;Q1;396;29;108;6012;2531;107;16,67;207,31;62,16;9;United States;Northern America;"American Psychological Association";"1904-2025";"History and Philosophy of Science (Q1); Psychology (miscellaneous) (Q1)";"Arts and Humanities; Psychology"
4;21100863710;"Annual Review of Organizational Psychology and Organizational Behavior";journal;"23270608";"Annual Reviews Inc.";No;No;7,706;Q1;98;21;52;2494;817;49;14,19;118,76;44,23;10;United States;Northern America;"Annual Reviews Inc.";"2014-2025";"Applied Psychology (Q1); Organizational Behavior and Human Resource Management (Q1); Social Psychology (Q1)";"Business, Management and Accounting; Psychology"
5;4600151524;"Annual Review of Clinical Psychology";book series;"15485951, 15485943";"Annual Reviews Inc.";No;No;7,348;Q1;166;20;63;2622;1351;63;17,93;131,10;53,70;8;United States;Northern America;"Annual Reviews Inc.";"2005-2025";"Clinical Psychology (Q1); Medicine (miscellaneous) (Q1); Psychiatry and Mental Health (Q1)";"Medicine; Psychology"
6;15388;"Journal of Applied Psychology";journal;"19391854, 00219010";"American Psychological Association";No;No;6,453;Q1;371;88;377;10559;3970;373;8,67;119,99;47,29;6;United States;Northern America;"American Psychological Association";"1917-2026";"Applied Psychology (Q1)";"Psychology"
7;21101046404;"Advances in Methods and Practices in Psychological Science";journal;"25152459, 25152467";"SAGE Publications Inc.";Yes;No;6,269;Q1;58;37;89;2208;1309;85;15,08;59,68;50,00;5;United States;Northern America;"SAGE Publications Inc.";"2018-2026";"Psychology (miscellaneous) (Q1)";"Psychology"
8;21100838541;"Nature Human Behaviour";journal;"23973374";"Nature Publishing Group";No;No;6,097;Q1;132;255;622;13279;9123;447;12,64;52,07;34,93;67;United Kingdom;Western Europe;"Nature Publishing Group";"2017-2026";"Behavioral Neuroscience (Q1); Experimental and Cognitive Psychology (Q1); Social Psychology (Q1)";"Neuroscience; Psychology"
9;12854;"Clinical Psychology Review";journal;"18737811, 02727358";"Elsevier Inc.";No;No;5,653;Q1;284;65;230;6664;3517;227;15,06;102,52;60,46;13;United States;Northern America;"Elsevier Inc.";"1981-2026";"Clinical Psychology (Q1); Psychiatry and Mental Health (Q1)";"Medicine; Psychology"
10;19700182323;"Perspectives on Psychological Science";journal;"17456916, 17456924";"SAGE Publications Ltd";No;No;5,597;Q1;213;100;291;10893;4003;286;12,56;108,93;47,35;17;United States;Northern America;"SAGE Publications Ltd";"2006-2026";"Psychology (miscellaneous) (Q1)";"Psychology"
11;21101159371;"Nature Reviews Psychology";journal;"27310574";"Nature Publishing Group";No;No;5,549;Q1;46;127;125;9660;815;48;6,52;76,06;53,47;9;United States;Northern America;"Nature Publishing Group";"2022-2026";"Clinical Psychology (Q1); Developmental and Educational Psychology (Q1); Psychology (miscellaneous) (Q1)";"Psychology"
12;19181;"Psychotherapy and Psychosomatics";journal;"00333190, 14230348";"S. Karger AG";No;No;5,104;Q1;128;46;176;1992;1681;104;10,26;43,30;44,44;4;Switzerland;Western Europe;"S. Karger AG";"1953-2026";"Applied Psychology (Q1); Clinical Psychology (Q1); Medicine (miscellaneous) (Q1); Psychiatry and Mental Health (Q1)";"Medicine; Psychology"
13;12812;"Personality and Social Psychology Review";journal;"10888683, 15327957";"SAGE Publications Inc.";No;No;4,795;Q1;204;16;39;2858;459;38;8,58;178,63;32,20;3;United States;Northern America;"SAGE Publications Inc.";"1997-2026";"Social Psychology (Q1)";"Psychology"
14;15359;"Trends in Cognitive Sciences";journal;"1879307X, 13646613";"Elsevier Ltd";No;No;4,758;Q1;390;131;382;9448;4513;327;10,01;72,12;39,67;10;United Kingdom;Western Europe;"Elsevier Ltd";"1997-2026";"Cognitive Neuroscience (Q1); Experimental and Cognitive Psychology (Q1); Neuropsychology and Physiological Psychology (Q1)";"Neuroscience; Psychology"
15;13564;"Educational Psychologist";journal;"15326985, 00461520";"Routledge";No;No;4,709;Q1;175;19;69;1922;831;61;13,50;101,16;61,11;0;United States;Northern America;"Routledge";"1963-2026";"Developmental and Educational Psychology (Q1)";"Psychology"
16;5100155099;"Qualitative Research in Psychology";journal;"14780895, 14780887";"Taylor and Francis Ltd.";No;No;4,387;Q1;62;30;115;1613;1524;112;18,12;53,77;63,79;2;United Kingdom;Western Europe;"Taylor and Francis Ltd.";"2004-2026";"Psychology (miscellaneous) (Q1)";"Psychology"
17;21149;"Leadership Quarterly";journal;"10489843";"Elsevier Inc.";No;No;4,375;Q1;214;47;144;6018;1424;136;9,59;128,04;36,17;11;United States;Northern America;"Elsevier Inc.";"1990-2026";"Applied Psychology (Q1); Business and International Management (Q1); Organizational Behavior and Human Resource Management (Q1); Sociology and Political Science (Q1)";"Business, Management and Accounting; Psychology; Social Sciences"
18;14278;"Educational Psychology Review";journal;"1040726X, 1573336X";"Springer New York";No;No;4,321;Q1;172;117;207;11573;2663;196;11,37;98,91;53,22;21;United States;Northern America;"Springer New York";"1989-2026";"Developmental and Educational Psychology (Q1); Education (Q1)";"Psychology; Social Sciences"
19;17643;"Journal of the American Academy of Child and Adolescent Psychiatry";journal;"08908567, 15275418";"Elsevier Inc.";No;No;4,320;Q1;289;175;623;5598;3300;265;4,14;31,99;55,98;18;United States;Northern America;"Elsevier Inc.";"1962, 1982, 1987-2026";"Developmental and Educational Psychology (Q1); Psychiatry and Mental Health (Q1)";"Medicine; Psychology"
20;13461;"Psychological Methods";journal;"1082989X, 19391463";"American Psychological Association";No;No;4,235;Q1;204;77;246;6088;1784;245;6,64;79,06;33,48;3;United States;Northern America;"American Psychological Association";"1996-2026";"History and Philosophy of Science (Q1); Psychology (miscellaneous) (Q1)";"Arts and Humanities; Psychology"
21;21100834316;"The Lancet Child and Adolescent Health";journal;"23524642";"Elsevier B.V.";No;No;4,229;Q1;91;187;603;3903;4631;261;6,14;20,87;60,54;0;Netherlands;Western Europe;"Elsevier B.V.";"2017-2026";"Developmental and Educational Psychology (Q1); Pediatrics, Perinatology and Child Health (Q1)";"Medicine; Psychology"
22;12882;"Contemporary Educational Psychology";journal;"0361476X, 10902384";"Academic Press Inc.";No;No;3,863;Q1;148;84;216;7477;2475;214;4,54;89,01;55,81;4;United States;Northern America;"Academic Press Inc.";"1976-2026";"Developmental and Educational Psychology (Q1); Education (Q1)";"Psychology; Social Sciences"
23;12817;"Personnel Psychology";journal;"00315826, 17446570";"Wiley-Blackwell";No;No;3,763;Q1;183;37;80;4833;545;79;5,96;130,62;40,54;8;United States;Northern America;"Wiley-Blackwell";"1948-2026";"Applied Psychology (Q1); Organizational Behavior and Human Resource Management (Q1)";"Business, Management and Accounting; Psychology"
24;30039;"Journal of Personality and Social Psychology";journal;"00223514, 19391315";"American Psychological Association";No;No;3,610;Q1;468;101;441;9907;3072;439;5,85;98,09;46,79;12;United States;Northern America;"American Psychological Association";"1965-2026";"Social Psychology (Q1); Sociology and Political Science (Q1)";"Psychology; Social Sciences"
25;28181;"Journal of Consumer Psychology";journal;"15327663, 10577408";"John Wiley and Sons Inc";No;No;3,531;Q1;158;53;164;3851;908;157;5,50;72,66;44,94;1;United States;Northern America;"John Wiley and Sons Inc";"1992-2026";"Applied Psychology (Q1); Marketing (Q1)";"Business, Management and Accounting; Psychology"
26;19400158464;"Health Psychology Review";journal;"17437202, 17437199";"Routledge";No;No;3,509;Q1;88;33;78;3399;866;70;12,96;103,00;58,82;5;United Kingdom;Western Europe;"Routledge";"2007, 2009-2026";"Clinical Psychology (Q1); Psychiatry and Mental Health (Q1)";"Medicine; Psychology"
27;21100244230;"Alcohol Research: Current Reviews";journal;"21694796, 21683492";"National Institute on Alcohol Abuse and Alcoholism (NIAAA)";No;No;3,402;Q1;124;6;47;620;537;44;6,29;103,33;76,92;0;United States;Northern America;"National Institute on Alcohol Abuse and Alcoholism (NIAAA)";"2012-2026";"Clinical Psychology (Q1); Medicine (miscellaneous) (Q1); Psychiatry and Mental Health (Q1)";"Medicine; Psychology"
28;29492;"American Psychologist";journal;"0003066X, 1935990X";"American Psychological Association";No;No;3,357;Q1;294;108;471;6561;4623;461;8,52;60,75;54,47;8;United States;Northern America;"American Psychological Association";"1946-1954, 1965-2026";"Medicine (miscellaneous) (Q1); Psychology (miscellaneous) (Q1)";"Medicine; Psychology"
29;24719;"Human Resource Management Review";journal;"10534822";"Elsevier Ltd";No;No;3,302;Q1;141;51;126;6754;1493;124;9,03;132,43;46,90;18;United Kingdom;Western Europe;"Elsevier Ltd";"1991-2026";"Applied Psychology (Q1); Organizational Behavior and Human Resource Management (Q1)";"Business, Management and Accounting; Psychology"
30;18300156710;"European Review of Social Psychology";journal;"10463283, 1479277X";"Taylor and Francis Ltd.";No;No;3,286;Q1;85;11;31;1457;311;31;12,55;132,45;36,73;1;United Kingdom;Western Europe;"Taylor and Francis Ltd.";"1990-2000, 2002-2026";"Social Psychology (Q1)";"Psychology"
31;15269;"Monographs of the Society for Research in Child Development";journal;"0037976X, 15405834";"Wiley-Blackwell Publishing Ltd";No;No;3,260;Q1;80;3;9;680;80;9;6,80;226,67;61,29;0;United Kingdom;Western Europe;"Wiley-Blackwell Publishing Ltd";"1961-1982, 1984-2025";"Developmental and Educational Psychology (Q1)";"Psychology"
32;30020;"Journal of Organizational Behavior";journal;"10991379, 08943796";"John Wiley and Sons Ltd";No;No;3,187;Q1;242;78;206;8518;1453;198;6,15;109,21;44,49;11;United Kingdom;Western Europe;"John Wiley and Sons Ltd";"1981-1982, 1984-2026";"Applied Psychology (Q1); Organizational Behavior and Human Resource Management (Q1); Psychology (miscellaneous) (Q1); Sociology and Political Science (Q1)";"Business, Management and Accounting; Psychology; Social Sciences"
33;15402;"Journal of Child Psychology and Psychiatry and Allied Disciplines";journal;"00219630, 14697610";"Wiley-Blackwell Publishing Ltd";No;No;3,133;Q1;265;184;486;8523;3490;378;6,31;46,32;60,95;31;United Kingdom;Western Europe;"Wiley-Blackwell Publishing Ltd";"1960-2026";"Developmental and Educational Psychology (Q1); Pediatrics, Perinatology and Child Health (Q1); Psychiatry and Mental Health (Q1)";"Medicine; Psychology"
34;22326;"Organizational Behavior and Human Decision Processes";journal;"07495978, 10959920";"Academic Press Inc.";No;No;3,119;Q1;195;34;226;3540;1146;220;3,40;104,12;33,81;2;United States;Northern America;"Academic Press Inc.";"1985-2026";"Applied Psychology (Q1); Organizational Behavior and Human Resource Management (Q1)";"Business, Management and Accounting; Psychology"
35;14704;"Technological Forecasting and Social Change";journal;"00401625";"Elsevier Inc.";No;No;3,118;Q1;241;704;1964;64897;28730;1937;14,11;92,18;36,19;79;United States;Northern America;"Elsevier Inc.";"1970-2026";"Applied Psychology (Q1); Business and International Management (Q1); Management of Technology and Innovation (Q1)";"Business, Management and Accounting; Psychology"
36;21101060182;"Autism in Adulthood";journal;"25739581, 2573959X";"Mary Ann Liebert Inc.";No;No;3,045;Q1;32;39;79;2116;680;70;8,70;54,26;67,92;8;United States;Northern America;"Mary Ann Liebert Inc.";"2020-2026";"Cognitive Neuroscience (Q1); Developmental and Educational Psychology (Q1); Neurology (Q1); Neurology (clinical) (Q1); Psychiatry and Mental Health (Q1)";"Medicine; Neuroscience; Psychology"
37;21100405117;"Organizational Psychology Review";journal;"20413866, 20413874";"SAGE Publications Inc.";No;No;2,978;Q1;51;22;40;2340;283;38;6,39;106,36;57,14;5;United Kingdom;Western Europe;"SAGE Publications Inc.";"2011-2026";"Applied Psychology (Q1); Organizational Behavior and Human Resource Management (Q1); Social Psychology (Q1)";"Business, Management and Accounting; Psychology"
38;12006;"Journal of Vocational Behavior";journal;"10959084, 00018791";"Academic Press Inc.";No;No;2,966;Q1;209;62;267;5579;2748;251;5,31;89,98;54,17;9;United States;Northern America;"Academic Press Inc.";"1971-2026";"Applied Psychology (Q1); Education (Q1); Life-span and Life-course Studies (Q1); Organizational Behavior and Human Resource Management (Q1)";"Business, Management and Accounting; Psychology; Social Sciences"
39;13477;"Current Directions in Psychological Science";journal;"14678721, 09637214";"SAGE Publications Inc.";No;No;2,905;Q1;238;65;223;2480;1725;223;6,99;38,15;49,03;5;United States;Northern America;"SAGE Publications Inc.";"1992-2026";"Developmental and Educational Psychology (Q1); Psychology (miscellaneous) (Q1)";"Psychology"
40;18045;"Neuroscience and Biobehavioral Reviews";journal;"18737528, 01497634";"Elsevier Ltd";No;No;2,810;Q1;319;416;1325;63514;11075;1255;7,76;152,68;47,68;15;United Kingdom;Western Europe;"Elsevier Ltd";"1978-2026";"Behavioral Neuroscience (Q1); Cognitive Neuroscience (Q1); Neuropsychology and Physiological Psychology (Q1)";"Neuroscience; Psychology"
41;13502;"Developmental Review";journal;"02732297, 10902406";"Elsevier Inc.";No;No;2,808;Q1;130;20;74;3639;568;74;6,69;181,95;61,19;1;United States;Northern America;"Elsevier Inc.";"1981-2026";"Developmental and Educational Psychology (Q1); Education (Q1); Experimental and Cognitive Psychology (Q1); Pediatrics, Perinatology and Child Health (Q1); Psychiatry and Mental Health (Q1)";"Medicine; Psychology; Social Sciences"
42;13467;"Psychological Review";journal;"19391471, 0033295X";"American Psychological Association";No;No;2,785;Q1;259;47;204;6795;1237;195;5,28;144,57;20,27;0;United States;Northern America;"American Psychological Association";"1894-2026";"History and Philosophy of Science (Q1); Psychology (miscellaneous) (Q1)";"Arts and Humanities; Psychology"
43;13124;"Trauma, Violence, and Abuse";journal;"15248380, 15528324";"SAGE Publications Ltd";No;No;2,778;Q1;131;224;270;17386;2596;269;8,72;77,62;76,65;94;United Kingdom;Western Europe;"SAGE Publications Ltd";"2000-2026";"Applied Psychology (Q1); Health (social science) (Q1); Public Health, Environmental and Occupational Health (Q1); Social Work (Q1)";"Medicine; Psychology; Social Sciences"
44;12808;"Journal of Educational Psychology";journal;"19392176, 00220663";"American Psychological Association";No;No;2,774;Q1;274;59;328;5873;2183;327;5,79;99,54;57,75;8;United States;Northern America;"American Psychological Association";"1910-2025";"Developmental and Educational Psychology (Q1); Education (Q1)";"Psychology; Social Sciences"
45;15422;"Work and Stress";journal;"02678373, 14645335";"Taylor and Francis Ltd.";No;No;2,773;Q1;127;23;63;1719;483;57;7,05;74,74;58,90;6;United Kingdom;Western Europe;"Taylor and Francis Ltd.";"1987-2026";"Applied Psychology (Q1)";"Psychology"
46;18742;"Psychological Medicine";journal;"14698978, 00332917";"Cambridge University Press";No;No;2,768;Q1;262;832;998;44310;6899;930;6,63;53,26;49,46;0;United Kingdom;Western Europe;"Cambridge University Press";"1970-2026";"Applied Psychology (Q1); Psychiatry and Mental Health (Q1)";"Medicine; Psychology"
47;15391;"Journal of Black Psychology";journal;"15524558, 00957984";"SAGE Publications Inc.";No;No;2,765;Q1;76;31;76;2192;554;73;2,60;70,71;75,00;1;United States;Northern America;"SAGE Publications Inc.";"1978-2026";"Anthropology (Q1); Applied Psychology (Q1)";"Psychology; Social Sciences"
48;12841;"Clinical Child and Family Psychology Review";journal;"15732827, 10964037";"Kluwer Academic Publishers";No;No;2,761;Q1;131;51;104;5425;795;103;5,75;106,37;68,33;17;United States;Northern America;"Kluwer Academic Publishers";"1998-2026";"Clinical Psychology (Q1); Developmental and Educational Psychology (Q1); Education (Q1); Pediatrics, Perinatology and Child Health (Q1); Psychiatry and Mental Health (Q1)";"Medicine; Psychology; Social Sciences"
49;14014;"Psychology and Marketing";journal;"07426046, 15206793";"Wiley-Liss Inc.";No;No;2,760;Q1;166;160;421;13451;3819;412;9,77;84,07;40,63;11;United States;Northern America;"Wiley-Liss Inc.";"1984-2026";"Applied Psychology (Q1); Marketing (Q1)";"Business, Management and Accounting; Psychology"
50;13468;"Psychological Science";journal;"09567976, 14679280";"SAGE Publications Inc.";No;No;2,735;Q1;345;97;463;4230;2974;437;4,64;43,61;48,12;9;United States;Northern America;"SAGE Publications Inc.";"1990-2026";"Psychology (miscellaneous) (Q1)";"Psychology"
51;13900154713;"Child Development Perspectives";journal;"17508606, 17508592";"Wiley-Blackwell Publishing Ltd";No;No;2,709;Q1;112;21;107;1021;786;107;5,64;48,62;65,31;1;United Kingdom;Western Europe;"Wiley-Blackwell Publishing Ltd";"2007-2025";"Developmental and Educational Psychology (Q1); Life-span and Life-course Studies (Q1); Pediatrics, Perinatology and Child Health (Q1)";"Medicine; Psychology; Social Sciences"
52;12029;"Applied Psychology";journal;"0269994X, 14640597";"Wiley-Blackwell Publishing Ltd";No;No;2,664;Q1;123;73;193;5635;1648;179;9,02;77,19;48,86;6;United Kingdom;Western Europe;"Wiley-Blackwell Publishing Ltd";"1955, 1961-1993, 1996-2026";"Applied Psychology (Q1); Arts and Humanities (miscellaneous) (Q1); Developmental and Educational Psychology (Q1)";"Arts and Humanities; Psychology"
53;19419;"Computers in Human Behavior";journal;"07475632";"Elsevier Ltd";No;No;2,641;Q1;302;425;1110;34735;13473;1091;11,48;81,73;45,48;43;United Kingdom;Western Europe;"Elsevier Ltd";"1985-2026";"Arts and Humanities (miscellaneous) (Q1); Human-Computer Interaction (Q1); Psychology (miscellaneous) (Q1)";"Arts and Humanities; Computer Science; Psychology"
54;15645;"Journal of Health and Social Behavior";journal;"00221465, 21506000";"American Sociological Association";No;No;2,634;Q1;157;39;111;2735;695;103;6,04;70,13;59,77;3;United States;Northern America;"American Sociological Association";"1967-2026";"Public Health, Environmental and Occupational Health (Q1); Social Psychology (Q1)";"Medicine; Psychology"
55;19400158483;"Social Issues and Policy Review";journal;"17512409, 17512395";"Wiley-Blackwell Publishing Ltd";No;No;2,605;Q1;58;6;27;877;309;27;8,06;146,17;69,23;2;United Kingdom;Western Europe;"Wiley-Blackwell Publishing Ltd";"2008-2025";"Applied Psychology (Q1); Social Psychology (Q1); Social Sciences (miscellaneous) (Q1); Sociology and Political Science (Q1)";"Psychology; Social Sciences"
56;15375;"Journal of Anxiety Disorders";journal;"08876185, 18737897";"Elsevier Ltd";No;No;2,588;Q1;157;86;297;5449;2595;287;4,96;63,36;59,79;1;United Kingdom;Western Europe;"Elsevier Ltd";"1987-2026";"Clinical Psychology (Q1); Psychiatry and Mental Health (Q1)";"Medicine; Psychology"
57;14105;"European Journal of Personality";journal;"08902070, 10990984";"SAGE Publications Ltd";No;No;2,587;Q1;115;44;155;4105;886;148;4,26;93,30;48,72;4;United Kingdom;Western Europe;"SAGE Publications Ltd";"1987-2026";"Social Psychology (Q1)";"Psychology"
58;13487;"Depression and Anxiety";journal;"10914269, 15206394";"John Wiley and Sons Inc";No;No;2,549;Q1;180;37;308;2351;2080;298;5,39;63,54;46,41;1;United States;Northern America;"John Wiley and Sons Inc";"1993, 1996-2026";"Clinical Psychology (Q1); Psychiatry and Mental Health (Q1)";"Medicine; Psychology"
59;30017;"Journal of Occupational and Organizational Psychology";journal;"20448325, 09631798";"Wiley-Blackwell";No;No;2,529;Q1;152;44;104;4134;706;103;6,36;93,95;50,99;4;United States;Northern America;"Wiley-Blackwell";"1992-2026";"Applied Psychology (Q1); Organizational Behavior and Human Resource Management (Q1)";"Business, Management and Accounting; Psychology"
60;19900193555;"Social Psychological and Personality Science";journal;"19485514, 19485506";"Sage Periodicals Press";No;No;2,489;Q1;107;82;377;3934;2315;376;5,28;47,98;51,09;6;United States;Northern America;"Sage Periodicals Press";"2010-2026";"Clinical Psychology (Q1); Social Psychology (Q1)";"Psychology"
61;21100372442;"Current Opinion in Psychology";journal;"2352250X";"Elsevier B.V.";No;No;2,412;Q1;127;153;620;7516;4669;601;6,74;49,12;61,02;20;Netherlands;Western Europe;"Elsevier B.V.";"2015-2026";"Psychology (miscellaneous) (Q1)";"Psychology"
62;146223;"Behavior Research Methods";journal;"15543528, 1554351X";"Springer Nature";No;No;2,396;Q1;191;234;524;15338;3408;522;5,73;65,55;39,28;7;United States;Northern America;"Springer Nature";"1968-1983, 2004-2026";"Arts and Humanities (miscellaneous) (Q1); Developmental and Educational Psychology (Q1); Experimental and Cognitive Psychology (Q1); Psychology (miscellaneous) (Q1)";"Arts and Humanities; Psychology"
63;15439;"Journal of Consulting and Clinical Psychology";journal;"0022006X, 19392117";"American Psychological Association";No;No;2,386;Q1;285;78;253;4413;1509;250;4,26;56,58;53,53;7;United States;Northern America;"American Psychological Association";"1968-2026";"Clinical Psychology (Q1); Psychiatry and Mental Health (Q1)";"Medicine; Psychology"
64;14061;"Psychometrika";journal;"00333123, 18600980";"Cambridge University Press";No;No;2,376;Q1;94;61;151;3173;470;147;2,77;52,02;28,67;2;United Kingdom;Western Europe;"Cambridge University Press";"1936-2026";"Applied Mathematics (Q1); Psychology (miscellaneous) (Q1)";"Mathematics; Psychology"
65;13455;"Learning and Instruction";journal;"09594752";"Elsevier B.V.";No;No;2,357;Q1;162;80;243;4949;1650;236;5,53;61,86;47,27;8;United Kingdom;Western Europe;"Elsevier B.V.";"1991-2026";"Developmental and Educational Psychology (Q1); Education (Q1)";"Psychology; Social Sciences"
66;12711;"Multivariate Behavioral Research";journal;"00273171, 15327906";"Routledge";No;No;2,351;Q1;110;68;186;3395;810;184;4,50;49,93;35,20;0;United States;Northern America;"Routledge";"1966-2026";"Arts and Humanities (miscellaneous) (Q1); Experimental and Cognitive Psychology (Q1); Medicine (miscellaneous) (Q1); Statistics and Probability (Q1)";"Arts and Humanities; Mathematics; Medicine; Psychology"
67;24718;"Human Resource Management";journal;"00904848, 1099050X";"Wiley-Liss Inc.";No;No;2,344;Q1;133;52;122;5577;877;121;6,20;107,25;43,59;5;United States;Northern America;"Wiley-Liss Inc.";"1961-2026";"Applied Psychology (Q1); Management of Technology and Innovation (Q1); Organizational Behavior and Human Resource Management (Q1); Strategy and Management (Q1)";"Business, Management and Accounting; Psychology"
68;12811;"Personality and Social Psychology Bulletin";journal;"01461672, 15527433";"SAGE Publications Inc.";No;No;2,325;Q1;250;111;330;6968;1706;330;4,72;62,77;44,38;6;United States;Northern America;"SAGE Publications Inc.";"1976, 1982-1983, 1985-1989, 1991-1992, 1995-2026";"Social Psychology (Q1)";"Psychology"
69;29561;"Journals of Gerontology - Series B Psychological Sciences and Social Sciences";journal;"10795014, 17585368";"Gerontological Society of America";No;No;2,305;Q1;193;213;797;10495;4461;779;5,38;49,27;57,68;24;United States;Northern America;"Gerontological Society of America";"1995-2026";"Clinical Psychology (Q1); Geriatrics and Gerontology (Q1); Gerontology (Q1); Health (social science) (Q1); Life-span and Life-course Studies (Q1); Medicine (miscellaneous) (Q1); Social Psychology (Q1); Sociology and Political Science (Q1)";"Medicine; Nursing; Psychology; Social Sciences"
70;21100274406;"Clinical Psychological Science";journal;"21677034, 21677026";"SAGE Publications Inc.";No;No;2,269;Q1;86;77;227;5810;1258;221;5,64;75,45;51,05;9;United States;Northern America;"SAGE Publications Inc.";"2013-2026";"Clinical Psychology (Q1)";"Psychology"
71;22340;"Research on Language and Social Interaction";journal;"08351813, 15327973";"Routledge";No;No;2,258;Q1;82;15;62;969;310;62;4,23;64,60;59,38;0;United States;Northern America;"Routledge";"1987-1991, 1993-2025";"Communication (Q1); Linguistics and Language (Q1); Social Psychology (Q1)";"Psychology; Social Sciences"
72;21100899528;"Adolescent Research Review";journal;"23638354, 23638346";"Springer International Publishing AG";No;No;2,229;Q1;46;24;75;1834;498;74;5,31;76,42;66,04;7;Switzerland;Western Europe;"Springer International Publishing AG";"2016-2026";"Developmental and Educational Psychology (Q1); Pediatrics, Perinatology and Child Health (Q1); Psychiatry and Mental Health (Q1); Social Sciences (miscellaneous) (Q1)";"Medicine; Psychology; Social Sciences"
73;14946;"Group Processes and Intergroup Relations";journal;"14617188, 13684302";"SAGE Publications Ltd";No;No;2,225;Q1;102;91;260;6339;1277;254;5,29;69,66;51,52;7;United Kingdom;Western Europe;"SAGE Publications Ltd";"1998-2026";"Arts and Humanities (miscellaneous) (Q1); Communication (Q1); Cultural Studies (Q1); Social Psychology (Q1); Sociology and Political Science (Q1)";"Arts and Humanities; Psychology; Social Sciences"
74;30022;"Journal of Personality";journal;"00223506, 14676494";"Wiley-Blackwell Publishing Ltd";No;No;2,223;Q1;180;90;224;6373;1262;223;4,81;70,81;45,16;6;United Kingdom;Western Europe;"Wiley-Blackwell Publishing Ltd";"1932-2026";"Social Psychology (Q1)";"Psychology"
75;19900192137;"Social and Personality Psychology Compass";journal;"17519004";"John Wiley and Sons Inc";No;No;2,218;Q1;100;157;154;6540;886;151;5,19;41,66;58,22;5;United States;Northern America;"John Wiley and Sons Inc";"2007-2026";"Social Psychology (Q1)";"Psychology"
76;21933;"Decision Support Systems";journal;"01679236";"Elsevier B.V.";No;No;2,211;Q1;203;92;339;5936;3050;336;7,71;64,52;29,65;2;Netherlands;Western Europe;"Elsevier B.V.";"1985-2026";"Arts and Humanities (miscellaneous) (Q1); Developmental and Educational Psychology (Q1); Information Systems (Q1); Information Systems and Management (Q1); Management Information Systems (Q1)";"Arts and Humanities; Business, Management and Accounting; Computer Science; Decision Sciences; Psychology"
77;14254;"Autism";journal;"14617005, 13623613";"SAGE Publications Ltd";No;No;2,210;Q1;144;200;555;11595;3448;529;5,45;57,98;68,23;46;United Kingdom;Western Europe;"SAGE Publications Ltd";"1997-2026";"Developmental and Educational Psychology (Q1)";"Psychology"
78;28094;"Accounting, Organizations and Society";journal;"03613682";"Elsevier Ltd";No;No;2,208;Q1;170;34;111;2918;552;108;3,64;85,82;41,67;5;United Kingdom;Western Europe;"Elsevier Ltd";"1976-2026";"Accounting (Q1); Applied Psychology (Q1); Information Systems and Management (Q1); Organizational Behavior and Human Resource Management (Q1); Sociology and Political Science (Q1)";"Business, Management and Accounting; Decision Sciences; Psychology; Social Sciences"
79;16055;"Reading Research Quarterly";journal;"00340553";"Wiley-Blackwell";No;No;2,198;Q1;118;41;188;3382;1045;172;4,53;82,49;68,50;6;United States;Northern America;"Wiley-Blackwell";"1990, 1996-2026";"Developmental and Educational Psychology (Q1); Education (Q1)";"Psychology; Social Sciences"
80;12776;"British Journal of Social Psychology";journal;"01446665, 20448309";"Wiley-Blackwell";No;No;2,190;Q1;126;111;201;7713;1079;196;4,18;69,49;50,00;9;United States;Northern America;"Wiley-Blackwell";"1981-2026";"Social Psychology (Q1)";"Psychology"
81;21100373947;"Journal of Behavioral Addictions";journal;"20625871, 20635303";"Akademiai Kiado";Yes;No;2,188;Q1;95;82;284;4845;1930;283;6,00;59,09;48,43;21;Hungary;Eastern Europe;"Akademiai Kiado";"2012-2026";"Clinical Psychology (Q1); Medicine (miscellaneous) (Q1); Psychiatry and Mental Health (Q1)";"Medicine; Psychology"
82;15548;"European Child and Adolescent Psychiatry";journal;"10188827, 1435165X";"Springer Science and Business Media Deutschland GmbH";No;No;2,175;Q1;132;229;510;11202;3124;442;6,32;48,92;61,99;55;Germany;Western Europe;"Springer Science and Business Media Deutschland GmbH";"1992-2026";"Developmental and Educational Psychology (Q1); Medicine (miscellaneous) (Q1); Pediatrics, Perinatology and Child Health (Q1); Philosophy (Q1); Psychiatry and Mental Health (Q1)";"Arts and Humanities; Medicine; Psychology"
83;29282;"Journal of Occupational Health Psychology";journal;"19391307, 10768998";"Educational Publishing Foundation";No;No;2,169;Q1;161;28;112;2470;664;111;5,30;88,21;61,80;3;United States;Northern America;"Educational Publishing Foundation";"1996-2026";"Applied Psychology (Q1); Public Health, Environmental and Occupational Health (Q1)";"Medicine; Psychology"
84;29412;"Group and Organization Management";journal;"15523993, 10596011";"SAGE Publications Inc.";No;No;2,165;Q1;113;47;103;4492;594;92;5,78;95,57;55,00;3;United States;Northern America;"SAGE Publications Inc.";"1976-2026";"Applied Psychology (Q1); Arts and Humanities (miscellaneous) (Q1); Organizational Behavior and Human Resource Management (Q1)";"Arts and Humanities; Business, Management and Accounting; Psychology"
85;22861;"Political Psychology";journal;"0162895X, 14679221";"Wiley-Blackwell Publishing Ltd";No;No;2,161;Q1;136;65;197;4143;1030;194;5,11;63,74;56,59;10;United Kingdom;Western Europe;"Wiley-Blackwell Publishing Ltd";"1996-2026";"Clinical Psychology (Q1); Experimental and Cognitive Psychology (Q1); Philosophy (Q1); Political Science and International Relations (Q1); Social Psychology (Q1); Sociology and Political Science (Q1)";"Arts and Humanities; Psychology; Social Sciences"
86;15370;"Journal of Abnormal Psychology";journal;"0021843X";"American Psychological Association";No;No;2,119;Q1;233;0;165;0;935;161;4,77;0,00;0,00;0;United States;Northern America;"American Psychological Association";"1946, 1949, 1953-1955, 1957-1958, 1965-2021, 2025";"Biological Psychiatry (Q1); Clinical Psychology (Q1); Developmental and Educational Psychology (Q1); Psychiatry and Mental Health (Q1)";"Medicine; Neuroscience; Psychology"
87;13357;"Journal of the Learning Sciences";journal;"10508406, 15327809";"Routledge";No;No;2,105;Q1;121;23;71;1314;460;66;4,43;57,13;54,90;1;United States;Northern America;"Routledge";"1991-1992, 1994-2025";"Developmental and Educational Psychology (Q1); Education (Q1)";"Psychology; Social Sciences"
88;24456;"Child Development";journal;"14678624, 00093920";"Wiley-Blackwell Publishing Ltd";No;No;2,082;Q1;309;135;621;8835;3044;614;4,25;65,44;61,05;14;United States;Northern America;"Wiley-Blackwell Publishing Ltd";"1945-1948, 1950-2025";"Developmental and Educational Psychology (Q1); Education (Q1); Pediatrics, Perinatology and Child Health (Q1); Social Work (Q1)";"Medicine; Psychology; Social Sciences"
89;16245;"Journal of Affective Disorders";journal;"01650327, 15732517";"Elsevier B.V.";No;No;2,082;Q1;260;1358;4019;76341;24028;3886;5,34;56,22;50,32;101;Netherlands;Western Europe;"Elsevier B.V.";"1979-2026";"Clinical Psychology (Q1); Psychiatry and Mental Health (Q1)";"Medicine; Psychology"
90;17900156719;"International Review of Sport and Exercise Psychology";journal;"1750984X, 17509858";"Routledge";No;No;2,066;Q1;68;13;53;1168;429;52;7,31;89,85;26,09;0;United Kingdom;Western Europe;"Routledge";"2009-2026";"Applied Psychology (Q1); Sports Science (Q1)";"Health Professions; Psychology"
91;15470;"Journal of Environmental Psychology";journal;"02724944, 15229610";"Academic Press";No;No;2,060;Q1;210;203;407;15007;3233;392;6,62;73,93;52,10;27;United States;Northern America;"Academic Press";"1981-2026";"Applied Psychology (Q1); Social Psychology (Q1)";"Psychology"
92;15392;"Journal of Business and Psychology";journal;"1573353X, 08893268";"Kluwer Academic/Human Sciences Press Inc.";No;No;2,041;Q1;115;70;182;6605;964;180;4,55;94,36;49,59;13;United States;Northern America;"Kluwer Academic/Human Sciences Press Inc.";"1986-2026";"Applied Psychology (Q1); Business and International Management (Q1); Business, Management and Accounting (miscellaneous) (Q1); Psychology (miscellaneous) (Q1)";"Business, Management and Accounting; Psychology"
93;14772;"Human Communication Research";journal;"03603989, 14682958";"Wiley-Blackwell";No;No;2,034;Q1;119;41;67;2097;349;66;4,28;51,15;53,64;2;United States;Northern America;"Wiley-Blackwell";"1974-2026";"Anthropology (Q1); Communication (Q1); Developmental and Educational Psychology (Q1); Linguistics and Language (Q1)";"Psychology; Social Sciences"
94;21100199724;"Qualitative Research in Sport, Exercise and Health";journal;"21596778, 2159676X";"Taylor and Francis Ltd.";No;No;2,022;Q1;57;49;178;3037;1085;177;7,23;61,98;60,23;0;United Kingdom;Western Europe;"Taylor and Francis Ltd.";"2011-2026";"Health (social science) (Q1); Physical Therapy, Sports Therapy and Rehabilitation (Q1); Social Psychology (Q1); Sports Science (Q1)";"Health Professions; Psychology; Social Sciences"
95;5700167235;"International Journal of Consumer Studies";journal;"14706423, 14706431";"Wiley-Blackwell Publishing Ltd";No;No;2,019;Q1;121;140;261;17167;2918;260;12,08;122,62;38,64;10;United Kingdom;Western Europe;"Wiley-Blackwell Publishing Ltd";"2001-2026";"Applied Psychology (Q1); Economics and Econometrics (Q1); Marketing (Q1); Public Health, Environmental and Occupational Health (Q1)";"Business, Management and Accounting; Economics, Econometrics and Finance; Medicine; Psychology"
96;12772;"British Journal of Health Psychology";journal;"1359107X, 20448287";"Wiley-Blackwell";No;No;1,992;Q1;113;70;197;3892;1316;191;4,96;55,60;62,50;4;United States;Northern America;"Wiley-Blackwell";"1996-2026";"Applied Psychology (Q1); Medicine (miscellaneous) (Q1)";"Medicine; Psychology"
97;25680;"Journal of Youth and Adolescence";journal;"15736601, 00472891";"Springer New York";No;No;1,954;Q1;165;175;494;10646;2568;489;4,88;60,83;61,29;22;United States;Northern America;"Springer New York";"1972-2026";"Developmental and Educational Psychology (Q1); Education (Q1); Social Psychology (Q1); Social Sciences (miscellaneous) (Q1)";"Psychology; Social Sciences"
98;22478;"Journal of Memory and Language";journal;"10960821, 0749596X";"Academic Press Inc.";Yes;No;1,942;Q1;185;38;171;2877;748;168;3,01;75,71;49,53;0;United States;Northern America;"Academic Press Inc.";"1985-2026";"Artificial Intelligence (Q1); Experimental and Cognitive Psychology (Q1); Linguistics and Language (Q1); Neuropsychology and Physiological Psychology (Q1)";"Computer Science; Psychology; Social Sciences"
99;21100840179;"Qualitative Psychology";journal;"23263601, 23263598";"American Psychological Association";No;No;1,939;Q1;31;36;82;1765;608;76;9,98;49,03;63,16;1;United States;Northern America;"American Psychological Association";"2014-2025";"Psychology (miscellaneous) (Q1)";"Psychology"
100;12859;"Cognition and Instruction";journal;"1532690X, 07370008";"Routledge";No;No;1,933;Q1;102;15;58;1421;282;58;4,32;94,73;67,39;1;United Kingdom;Western Europe;"Routledge";"1984-2026";"Applied Psychology (Q1); Developmental and Educational Psychology (Q1); Education (Q1); Experimental and Cognitive Psychology (Q1); Psychology (miscellaneous) (Q1)";"Psychology; Social Sciences"
101;21100201725;"European Journal of Psychology Applied to Legal Context";journal;"19894007, 18891861";"Colegio Oficial de la Psicologia de Madrid";Yes;Yes;1,924;Q1;39;10;30;619;236;30;7,55;61,90;56,41;1;Spain;Western Europe;"Colegio Oficial de la Psicologia de Madrid";"2009-2026";"Applied Psychology (Q1); Law (Q1)";"Psychology; Social Sciences"
102;18014;"Neuropsychology Review";journal;"15736660, 10407308";"Springer New York";No;No;1,908;Q1;123;42;104;3564;689;102;6,74;84,86;62,15;6;United States;Northern America;"Springer New York";"1990-1992, 1994-2026";"Neuropsychology and Physiological Psychology (Q1)";"Psychology"
103;21100222556;"Journal of Contextual Behavioral Science";journal;"22121447";"Elsevier Inc.";No;No;1,902;Q1;58;94;276;5754;1402;257;3,51;61,21;56,01;2;United States;Northern America;"Elsevier Inc.";"2012-2026";"Applied Psychology (Q1); Behavioral Neuroscience (Q1); Ecology, Evolution, Behavior and Systematics (Q1); Health (social science) (Q1); Organizational Behavior and Human Resource Management (Q1)";"Agricultural and Biological Sciences; Business, Management and Accounting; Neuroscience; Psychology; Social Sciences"
104;14075;"Emotion";journal;"19311516, 15283542";"American Psychological Association";No;No;1,887;Q1;190;119;566;8616;2573;566;3,32;72,40;54,78;2;United States;Northern America;"American Psychological Association";"2001-2026";"Medicine (miscellaneous) (Q1); Psychology (miscellaneous) (Q1)";"Medicine; Psychology"
105;3900148209;"International Journal of Clinical and Health Psychology";journal;"16972600";"Elsevier B.V.";Yes;No;1,887;Q1;65;81;97;5373;695;96;7,45;66,33;48,93;5;Spain;Western Europe;"Elsevier B.V.";"2005-2026";"Clinical Psychology (Q1)";"Psychology"
106;5800207373;"Journal of Positive Psychology";journal;"17439760, 17439779";"Routledge";No;No;1,878;Q1;120;85;235;4880;1370;231;6,01;57,41;42,62;4;United Kingdom;Western Europe;"Routledge";"2006-2026";"Psychology (miscellaneous) (Q1)";"Psychology"
107;15478;"Journal of Experimental Psychology: General";journal;"00963445, 19392222";"American Psychological Association";No;No;1,868;Q1;204;190;572;13540;2387;572;3,57;71,26;45,67;6;United States;Northern America;"American Psychological Association";"1975-2026";"Developmental Neuroscience (Q1); Experimental and Cognitive Psychology (Q1); Medicine (miscellaneous) (Q1); Psychology (miscellaneous) (Q1)";"Medicine; Neuroscience; Psychology"
108;13563;"Educational and Psychological Measurement";journal;"00131644, 15523888";"SAGE Publications Inc.";No;No;1,866;Q1;126;49;150;2469;529;150;2,94;50,39;40,77;1;United States;Northern America;"SAGE Publications Inc.";"1941-2026";"Applied Mathematics (Q1); Applied Psychology (Q1); Developmental and Educational Psychology (Q1); Education (Q1); Psychology (miscellaneous) (Q1)";"Mathematics; Psychology; Social Sciences"
109;15499;"Journal of Experimental Social Psychology";journal;"00221031, 10960465";"Academic Press Inc.";No;No;1,841;Q1;190;75;355;4880;1293;349;3,24;65,07;50,22;7;United States;Northern America;"Academic Press Inc.";"1965-2026";"Social Psychology (Q1); Sociology and Political Science (Q1)";"Psychology; Social Sciences"
110;30074;"Journal of School Psychology";journal;"00224405, 18733506";"Elsevier Ltd";No;No;1,840;Q1;125;55;151;5498;747;149;3,74;99,96;65,33;8;United Kingdom;Western Europe;"Elsevier Ltd";"1963-1968, 1970-2026";"Developmental and Educational Psychology (Q1); Education (Q1)";"Psychology; Social Sciences"
111;14921;"Comprehensive Psychiatry";journal;"0010440X, 15328384";"W.B. Saunders";Yes;No;1,831;Q1;134;72;204;5060;1237;203;4,34;70,28;46,83;7;United States;Northern America;"W.B. Saunders";"1960-2026";"Clinical Psychology (Q1); Psychiatry and Mental Health (Q1)";"Medicine; Psychology"
112;4700152304;"European Journal of Work and Organizational Psychology";journal;"1359432X, 14640643";"Routledge";No;No;1,799;Q1;107;58;194;5165;1009;193;4,49;89,05;48,19;0;United Kingdom;Western Europe;"Routledge";"2005-2026";"Applied Psychology (Q1); Organizational Behavior and Human Resource Management (Q1)";"Business, Management and Accounting; Psychology"
113;21101019738;"Human Behavior and Emerging Technologies";journal;"25781863";"John Wiley and Sons Inc";Yes;No;1,797;Q1;49;69;207;4970;1964;205;5,93;72,03;43,20;4;United States;Northern America;"John Wiley and Sons Inc";"2019-2026";"Human-Computer Interaction (Q1); Social Psychology (Q1); Social Sciences (miscellaneous) (Q1)";"Computer Science; Psychology; Social Sciences"
114;15452;"Journal of Counseling Psychology";journal;"19392168, 00220167";"American Psychological Association";No;No;1,794;Q1;181;72;190;3634;926;190;4,43;50,47;52,88;3;United States;Northern America;"American Psychological Association";"1954-2025";"Clinical Psychology (Q1); Medicine (miscellaneous) (Q1); Psychiatry and Mental Health (Q1); Social Psychology (Q1)";"Medicine; Psychology"
115;12058;"Assessment";journal;"10731911, 15523489";"SAGE Publications Inc.";No;No;1,785;Q1;116;168;402;10970;1866;402;4,46;65,30;51,44;13;United States;Northern America;"SAGE Publications Inc.";"1994-2026";"Applied Psychology (Q1); Clinical Psychology (Q1)";"Psychology"
116;13456;"Psychological Inquiry";journal;"15327965, 1047840X";"Routledge";No;No;1,782;Q1;110;40;123;2085;354;39;1,08;52,13;25,00;0;United States;Northern America;"Routledge";"1990-1996, 1998-2025";"Psychology (miscellaneous) (Q1)";"Psychology"
117;21100200437;"Applied Psychology: Health and Well-Being";journal;"17580854, 17580846";"Wiley-Blackwell";No;No;1,780;Q1;59;92;190;5427;1183;187;4,86;58,99;53,37;13;United States;Northern America;"Wiley-Blackwell";"2010-2026";"Applied Psychology (Q1)";"Psychology"
118;19841;"Social Psychiatry and Psychiatric Epidemiology";journal;"14339285, 09337954";"D. Steinkopff-Verlag";No;No;1,780;Q1;160;151;548;7600;2554;534;4,20;50,33;54,17;37;Germany;Western Europe;"D. Steinkopff-Verlag";"1988-2026";"Epidemiology (Q1); Health (social science) (Q1); Psychiatry and Mental Health (Q1); Social Psychology (Q1)";"Medicine; Psychology; Social Sciences"
119;12868;"Cognitive Behaviour Therapy";journal;"16512316, 16506073";"Taylor and Francis A.S.";No;No;1,767;Q1;83;36;101;1891;484;98;4,82;52,53;53,33;1;Sweden;Western Europe;"Taylor and Francis A.S.";"2002-2026";"Clinical Psychology (Q1)";"Psychology"
120;12127;"Behaviour Research and Therapy";journal;"00057967, 1873622X";"Elsevier Ltd";No;No;1,761;Q1;232;123;420;8355;1922;412;4,23;67,93;56,36;5;United Kingdom;Western Europe;"Elsevier Ltd";"1963-2026";"Clinical Psychology (Q1); Developmental and Educational Psychology (Q1); Experimental and Cognitive Psychology (Q1); Psychiatry and Mental Health (Q1)";"Medicine; Psychology"
121;14062;"Psychonomic Bulletin and Review";journal;"10699384, 15315320";"Springer";Yes;No;1,753;Q1;193;178;470;11677;2063;467;4,22;65,60;41,11;3;United States;Northern America;"Springer";"1994-2026";"Arts and Humanities (miscellaneous) (Q1); Developmental and Educational Psychology (Q1); Experimental and Cognitive Psychology (Q1)";"Arts and Humanities; Psychology"
122;13268;"Scientific Studies of Reading";journal;"1532799X, 10888438";"Routledge";No;No;1,744;Q1;87;32;105;2095;427;103;3,24;65,47;64,52;1;United States;Northern America;"Routledge";"2004-2026";"Education (Q1); Psychology (miscellaneous) (Q1)";"Psychology; Social Sciences"
123;12159;"Body Image";journal;"17401445, 18736807";"Elsevier Ltd";No;No;1,738;Q1;125;133;415;9162;2451;412;5,27;68,89;65,05;8;United Kingdom;Western Europe;"Elsevier Ltd";"2004-2026";"Applied Psychology (Q1); Psychology (miscellaneous) (Q1); Social Psychology (Q1)";"Psychology"
124;12770;"British Journal of Educational Psychology";journal;"00070998, 20448279";"Wiley-Blackwell";No;No;1,738;Q1;126;94;231;6053;1178;230;4,13;64,39;58,75;14;United States;Northern America;"Wiley-Blackwell";"1931-1951, 1956-1958, 1960, 1962-2026";"Developmental and Educational Psychology (Q1); Education (Q1)";"Psychology; Social Sciences"
125;12773;"British Journal of Mathematical and Statistical Psychology";journal;"00071102, 20448317";"Wiley-Blackwell";No;No;1,735;Q1;69;30;97;1232;273;97;1,89;41,07;38,57;0;United States;Northern America;"Wiley-Blackwell";"1965-2026";"Arts and Humanities (miscellaneous) (Q1); Medicine (miscellaneous) (Q1); Psychology (miscellaneous) (Q1); Statistics and Probability (Q1)";"Arts and Humanities; Mathematics; Medicine; Psychology"
126;12767;"British Journal of Clinical Psychology";journal;"01446657, 20448260";"Wiley-Blackwell";No;No;1,730;Q1;109;50;138;2751;639;134;4,85;55,02;57,76;5;United States;Northern America;"Wiley-Blackwell";"1962-1966, 1968, 1970, 1981-2026";"Clinical Psychology (Q1); Medicine (miscellaneous) (Q1)";"Medicine; Psychology"
127;25678;"Journal of Research on Adolescence";journal;"10508392, 15327795";"Wiley-Blackwell Publishing Ltd";No;No;1,729;Q1;127;98;292;6457;1254;284;4,68;65,89;64,41;8;United Kingdom;Western Europe;"Wiley-Blackwell Publishing Ltd";"1993, 1996-2026";"Behavioral Neuroscience (Q1); Cultural Studies (Q1); Developmental and Educational Psychology (Q1); Social Sciences (miscellaneous) (Q1)";"Neuroscience; Psychology; Social Sciences"
128;19830;"Sleep";journal;"01618105, 15509109";"Oxford University Press";No;No;1,717;-;257;333;917;14108;4733;797;4,79;42,37;46,49;13;United States;Northern America;"Oxford University Press";"1978-2026";"Neurology (clinical) (Q1); Physiology (medical) (Q1)";"Medicine"
129;13503;"Developmental Science";journal;"14677687, 1363755X";"Wiley-Blackwell Publishing Ltd";No;No;1,686;Q1;162;127;378;8958;1445;367;3,49;70,54;62,45;6;United Kingdom;Western Europe;"Wiley-Blackwell Publishing Ltd";"1998-2026";"Cognitive Neuroscience (Q1); Developmental and Educational Psychology (Q1)";"Neuroscience; Psychology"
130;24451;"Child Abuse and Neglect";journal;"01452134, 18737757";"Elsevier Ltd";No;No;1,685;Q1;192;356;1107;20905;4967;1051;3,53;58,72;65,31;49;United Kingdom;Western Europe;"Elsevier Ltd";"1977-2026";"Developmental and Educational Psychology (Q1); Pediatrics, Perinatology and Child Health (Q1); Psychiatry and Mental Health (Q1); Social Work (Q1)";"Medicine; Psychology; Social Sciences"
131;13453;"Learning and Individual Differences";journal;"18733425, 10416080";"Elsevier B.V.";No;No;1,640;Q1;123;86;244;6663;1150;244;4,17;77,48;54,36;7;United Kingdom;Western Europe;"Elsevier B.V.";"1989-2000, 2002-2026";"Developmental and Educational Psychology (Q1); Education (Q1); Social Psychology (Q1)";"Psychology; Social Sciences"
132;15406;"Journal of Clinical Child and Adolescent Psychology";journal;"15374424, 15374416";"Routledge";No;No;1,635;Q1;172;57;212;4334;1080;209;4,64;76,04;67,03;11;United States;Northern America;"Routledge";"1999-2026";"Clinical Psychology (Q1); Developmental and Educational Psychology (Q1)";"Psychology"
133;7000153204;"Social Cognitive and Affective Neuroscience";journal;"17495024, 17495016";"Oxford University Press";Yes;No;1,635;Q1;140;108;335;8079;1528;333;4,39;74,81;51,51;1;United Kingdom;Western Europe;"Oxford University Press";"2006-2026";"Cognitive Neuroscience (Q1); Experimental and Cognitive Psychology (Q1); Medicine (miscellaneous) (Q1)";"Medicine; Neuroscience; Psychology"
134;13500;"Developmental Psychology";journal;"19390599, 00121649";"American Psychological Association";No;No;1,631;Q1;265;153;591;10798;2347;585;3,05;70,58;63,78;8;United States;Northern America;"American Psychological Association";"1969-2026";"Demography (Q1); Developmental and Educational Psychology (Q1); Life-span and Life-course Studies (Q1)";"Psychology; Social Sciences"
135;14117;"European Journal of Social Psychology";journal;"10990992, 00462772";"John Wiley and Sons Ltd";No;No;1,630;Q1;146;99;246;7351;943;241;3,21;74,25;49,01;1;United Kingdom;Western Europe;"John Wiley and Sons Ltd";"1971-2026";"Social Psychology (Q1)";"Psychology"
136;21100977385;"Chronic Stress";journal;"24705470";"SAGE Publications Inc.";Yes;No;1,600;Q1;34;18;71;1127;356;64;4,77;62,61;54,87;1;United States;Northern America;"SAGE Publications Inc.";"2017-2026";"Behavioral Neuroscience (Q1); Biological Psychiatry (Q1); Clinical Psychology (Q1); Psychiatry and Mental Health (Q1)";"Medicine; Neuroscience; Psychology"
137;21100854140;"Schizophrenia";journal;"2334265X";"Nature Publishing Group";Yes;No;1,594;Q1;49;90;213;5651;940;203;3,69;62,79;39,44;2;United Kingdom;Western Europe;"Nature Publishing Group";"2015-2026";"Biological Psychiatry (Q1); Clinical Psychology (Q1); Psychiatry and Mental Health (Q1)";"Medicine; Neuroscience; Psychology"
138;12857;"Cognition";journal;"18737838, 00100277";"Elsevier B.V.";No;No;1,590;Q1;242;278;907;19470;3309;894;3,25;70,04;44,37;1;Netherlands;Western Europe;"Elsevier B.V.";"1972-1974, 1976-2026";"Cognitive Neuroscience (Q1); Developmental and Educational Psychology (Q1); Experimental and Cognitive Psychology (Q1); Linguistics and Language (Q1)";"Neuroscience; Psychology; Social Sciences"
139;21101045327;"AERA Open";journal;"23328584";"SAGE Publications Inc.";Yes;No;1,584;Q1;56;54;270;3731;1022;261;3,58;69,09;57,69;12;United States;Northern America;"SAGE Publications Inc.";"2015-2026";"Developmental and Educational Psychology (Q1); Education (Q1); Social Sciences (miscellaneous) (Q1)";"Psychology; Social Sciences"
140;21100903415;"Journal of Professional Capital and Community";journal;"20569548, 20569556";"Emerald Group Publishing Ltd.";No;No;1,576;Q1;31;19;86;1127;413;81;1,68;59,32;56,60;0;United Kingdom;Western Europe;"Emerald Group Publishing Ltd.";"2016-2026";"Communication (Q1); Education (Q1); Social Psychology (Q1)";"Psychology; Social Sciences"
141;77191;"Early Childhood Research Quarterly";journal;"08852006";"Elsevier Ltd";No;No;1,569;Q1;135;142;360;10325;1541;351;3,72;72,71;72,43;23;United Kingdom;Western Europe;"Elsevier Ltd";"1986-2026";"Developmental and Educational Psychology (Q1); Education (Q1); Sociology and Political Science (Q1)";"Psychology; Social Sciences"
142;21503;"Evolution and Human Behavior";journal;"10905138";"Elsevier Inc.";No;No;1,562;Q1;140;68;179;5190;764;157;3,11;76,32;33,76;1;United States;Northern America;"Elsevier Inc.";"1997-2026";"Arts and Humanities (miscellaneous) (Q1); Ecology, Evolution, Behavior and Systematics (Q1); Experimental and Cognitive Psychology (Q1)";"Agricultural and Biological Sciences; Arts and Humanities; Psychology"
143;24763;"Addictive Behaviors";journal;"03064603, 18736327";"Elsevier Ltd";No;No;1,561;Q1;166;282;1041;14308;4668;1021;4,05;50,74;53,30;36;United Kingdom;Western Europe;"Elsevier Ltd";"1975-2026";"Clinical Psychology (Q1); Medicine (miscellaneous) (Q1); Psychiatry and Mental Health (Q1); Toxicology (Q1)";"Medicine; Pharmacology, Toxicology and Pharmaceutics; Psychology"
144;19900191715;"Wiley Interdisciplinary Reviews: Cognitive Science";journal;"19395086, 19395078";"John Wiley &amp; Sons Inc.";No;No;1,561;Q1;83;42;80;4352;396;78;4,10;103,62;48,51;1;United States;Northern America;"John Wiley &amp; Sons Inc.";"2010-2026";"Medicine (miscellaneous) (Q1); Neuroscience (miscellaneous) (Q1); Psychology (miscellaneous) (Q1)";"Medicine; Neuroscience; Psychology"
145;14871;"International Journal of Behavioral Development";journal;"01650254, 14640651";"SAGE Publications Ltd";No;No;1,558;Q1;119;49;175;2844;739;174;3,09;58,04;62,24;2;United Kingdom;Western Europe;"SAGE Publications Ltd";"1978-2026";"Developmental and Educational Psychology (Q1); Developmental Neuroscience (Q1); Education (Q1); Life-span and Life-course Studies (Q1); Social Psychology (Q1); Social Sciences (miscellaneous) (Q1)";"Neuroscience; Psychology; Social Sciences"
146;18200156707;"Psychological Trauma: Theory, Research, Practice, and Policy";journal;"1942969X, 19429681";"American Psychological Association";No;No;1,552;Q1;91;205;728;10200;3228;721;2,67;49,76;61,54;4;United States;Northern America;"American Psychological Association";"2009-2026";"Clinical Psychology (Q1); Social Psychology (Q1)";"Psychology"
147;12107;"Behavior Therapy";journal;"00057894, 18781888";"Elsevier Inc.";No;No;1,535;Q1;141;75;291;4349;1249;290;3,47;57,99;54,50;6;United States;Northern America;"Elsevier Inc.";"1970-2026";"Clinical Psychology (Q1)";"Psychology"
148;21101095132;"Behavioural Public Policy";journal;"23980648, 2398063X";"Cambridge University Press";No;No;1,532;Q1;29;66;92;2880;378;86;4,03;43,64;35,77;23;United Kingdom;Western Europe;"Cambridge University Press";"2017-2026";"Applied Psychology (Q1); Political Science and International Relations (Q1); Social Psychology (Q1); Social Sciences (miscellaneous) (Q1); Sociology and Political Science (Q1)";"Psychology; Social Sciences"
149;145597;"ELT Journal";journal;"14774526, 09510893";"Oxford University Press";No;No;1,523;Q1;87;51;166;685;484;148;2,61;13,43;48,68;0;United Kingdom;Western Europe;"Oxford University Press";"1946-2025";"Developmental and Educational Psychology (Q1); Education (Q1); Linguistics and Language (Q1)";"Psychology; Social Sciences"
150;25334;"Journal of Substance Abuse Treatment";journal;"18736483, 07405472";"Elsevier Inc.";No;No;1,523;Q1;0;0;0;0;0;0;0,00;0,00;0,00;0;United States;Northern America;"Elsevier Inc.";"1984-2023";"Clinical Psychology (Q1); Medicine (miscellaneous) (Q1); Psychiatry and Mental Health (Q1)";"Medicine; Psychology"
151;14120;"European Psychologist";journal;"1878531X, 10169040";"Hogrefe Publishing";No;No;1,520;Q1;81;23;88;1775;411;84;4,40;77,17;64,29;4;United States;Northern America;"Hogrefe Publishing";"2003-2026";"Arts and Humanities (miscellaneous) (Q1); Psychology (miscellaneous) (Q1)";"Arts and Humanities; Psychology"
152;14152;"Family Process";journal;"15455300, 00147370";"Wiley-Blackwell Publishing Ltd";No;No;1,497;Q1;104;103;337;5684;1459;326;3,79;55,18;56,70;10;United Kingdom;Western Europe;"Wiley-Blackwell Publishing Ltd";"1962-2026";"Clinical Psychology (Q1); Social Psychology (Q1); Social Sciences (miscellaneous) (Q1)";"Psychology; Social Sciences"
153;12775;"British Journal of Psychology";journal;"20448295, 00071269";"John Wiley and Sons Ltd";No;No;1,490;Q1;115;77;150;4914;606;143;3,43;63,82;49,59;2;United Kingdom;Western Europe;"John Wiley and Sons Ltd";"1953, 1955-2026";"Psychology (miscellaneous) (Q1)";"Psychology"
154;12844;"Clinical Psychology: Science and Practice";journal;"14682850, 09695893";"American Psychological Association";No;No;1,487;Q1;131;72;170;3224;545;131;2,54;44,78;60,29;3;United States;Northern America;"American Psychological Association";"1994-2025";"Clinical Psychology (Q1)";"Psychology"
155;15383;"Journal of Applied Behavioral Science";journal;"15526879, 00218863";"SAGE Publications Inc.";No;No;1,478;Q1;87;37;103;1848;538;98;4,34;49,95;40,21;0;United States;Northern America;"SAGE Publications Inc.";"1965-2026";"Applied Psychology (Q1)";"Psychology"
156;14080;"Psychotherapy Research";journal;"10503307, 14684381";"Routledge";No;No;1,477;Q1;100;84;248;4895;969;241;3,20;58,27;49,70;3;United States;Northern America;"Routledge";"1975, 1988, 1991-2026";"Clinical Psychology (Q1)";"Psychology"
157;14698;"Review of General Psychology";journal;"10892680, 19391552";"American Psychological Association";No;No;1,477;Q1;133;26;84;2983;416;83;4,44;114,73;34,62;1;United States;Northern America;"American Psychological Association";"1997-2026";"Psychology (miscellaneous) (Q1)";"Psychology"
158;21101151822;"Adversity and Resilience Science";journal;"26622416, 26622424";"Springer Nature";No;No;1,476;Q1;20;28;76;1923;342;73;3,67;68,68;71,53;2;Switzerland;Western Europe;"Springer Nature";"2020-2026";"Clinical Psychology (Q1); Developmental and Educational Psychology (Q1); Psychiatry and Mental Health (Q1); Psychology (miscellaneous) (Q1)";"Medicine; Psychology"
159;12852;"Clinical Psychology and Psychotherapy";journal;"10633995, 10990879";"John Wiley and Sons Ltd";No;No;1,473;Q1;103;119;351;7352;1490;350;4,09;61,78;56,00;2;United Kingdom;Western Europe;"John Wiley and Sons Ltd";"1993-2026";"Clinical Psychology (Q1); Medicine (miscellaneous) (Q1)";"Medicine; Psychology"
160;30042;"Journal of Personality Assessment";journal;"15327752, 00223891";"Routledge";No;No;1,465;Q1;128;74;233;4546;890;226;3,33;61,43;45,10;0;United Kingdom;Western Europe;"Routledge";"1971-2026";"Arts and Humanities (miscellaneous) (Q1); Clinical Psychology (Q1); Health, Toxicology and Mutagenesis (Q1); Psychiatry and Mental Health (Q1)";"Arts and Humanities; Environmental Science; Medicine; Psychology"
161;12807;"Personality and Individual Differences";journal;"01918869";"Elsevier B.V.";No;No;1,463;Q1;228;381;1776;17220;7709;1759;4,20;45,20;51,64;6;United Kingdom;Western Europe;"Elsevier B.V.";"1980-2026";"Psychology (miscellaneous) (Q1)";"Psychology"
162;20385;"Journal of Research in Crime and Delinquency";journal;"1552731X, 00224278";"SAGE Publications Inc.";No;No;1,456;Q1;116;25;60;2051;208;60;3,03;82,04;40,82;4;United States;Northern America;"SAGE Publications Inc.";"1964-2026";"Social Psychology (Q1)";"Psychology"
163;21100972444;"Current Addiction Reports";journal;"21962952";"Springer Science and Business Media Deutschland GmbH";No;No;1,446;Q1;57;68;164;5623;790;163;4,10;82,69;58,90;6;Switzerland;Western Europe;"Springer Science and Business Media Deutschland GmbH";"2014-2026";"Clinical Psychology (Q1); Psychiatry and Mental Health (Q1)";"Medicine; Psychology"
164;21101081717;"Methods in Psychology";journal;"25902601";"Elsevier B.V.";Yes;No;1,442;Q1;20;16;63;939;247;60;3,13;58,69;59,52;1;Netherlands;Western Europe;"Elsevier B.V.";"2019-2026";"Psychology (miscellaneous) (Q1)";"Psychology"
165;20153;"AIDS and Behavior";journal;"10907165, 15733254";"Springer New York";No;No;1,440;Q1;139;356;1112;18248;4363;1058;3,51;51,26;57,66;35;United States;Northern America;"Springer New York";"1997-2026";"Infectious Diseases (Q1); Public Health, Environmental and Occupational Health (Q1); Social Psychology (Q1)";"Medicine; Psychology"
166;14031;"Psychology of Men and Masculinity";journal;"1939151X, 15249220";"American Psychological Association";No;No;1,438;Q1;86;35;186;2366;577;185;2,59;67,60;55,00;2;United States;Northern America;"American Psychological Association";"2000-2025";"Applied Psychology (Q1); Gender Studies (Q1); Life-span and Life-course Studies (Q1); Social Psychology (Q1)";"Psychology; Social Sciences"
167;25019;"Human-Computer Interaction";journal;"15327051, 07370024";"Taylor and Francis Ltd.";No;No;1,437;Q1;87;17;64;1827;369;53;5,34;107,47;53,57;0;United States;Northern America;"Taylor and Francis Ltd.";"1985-1987, 1989-2026";"Applied Psychology (Q1); Human-Computer Interaction (Q1)";"Computer Science; Psychology"
168;19700176047;"Cyberpsychology, Behavior, and Social Networking";journal;"21522715, 21522723";"Mary Ann Liebert Inc.";No;No;1,436;Q1;198;129;409;5095;2344;365;5,09;39,50;50,13;8;United States;Northern America;"Mary Ann Liebert Inc.";"2010-2026";"Applied Psychology (Q1); Communication (Q1); Computer Science Applications (Q1); Human-Computer Interaction (Q1); Medicine (miscellaneous) (Q1); Social Psychology (Q1)";"Computer Science; Medicine; Psychology; Social Sciences"
169;29802;"Psychology and Aging";journal;"08827974, 19391498";"American Psychological Association";No;No;1,433;Q1;186;69;243;5438;916;242;3,55;78,81;58,56;3;United States;Northern America;"American Psychological Association";"1986-2026";"Geriatrics and Gerontology (Q1); Social Psychology (Q1); Aging (Q2)";"Biochemistry, Genetics and Molecular Biology; Medicine; Psychology"
170;27473;"Annals of Behavioral Medicine";journal;"15324796, 08836612";"Oxford University Press";No;No;1,432;Q1;161;96;285;5520;1168;280;3,94;57,50;65,72;10;United States;Northern America;"Oxford University Press";"1985, 1987-2026";"Medicine (miscellaneous) (Q1); Psychiatry and Mental Health (Q1); Psychology (miscellaneous) (Q1)";"Medicine; Psychology"
171;13491;"Development and Psychopathology";journal;"09545794, 14692198";"Cambridge University Press";No;No;1,430;Q1;207;196;400;17482;1548;398;3,55;89,19;67,23;0;United Kingdom;Western Europe;"Cambridge University Press";"1989-2026";"Developmental and Educational Psychology (Q1); Psychiatry and Mental Health (Q1)";"Medicine; Psychology"
172;25655;"Journal of Adolescence";journal;"10959254, 01401971";"John Wiley and Sons Inc";No;No;1,425;Q1;153;124;345;8119;1452;342;3,28;65,48;62,64;10;United States;Northern America;"John Wiley and Sons Inc";"1978-2026";"Developmental and Educational Psychology (Q1); Pediatrics, Perinatology and Child Health (Q1); Psychiatry and Mental Health (Q1); Social Psychology (Q1)";"Medicine; Psychology"
173;12872;"Cognitive Psychology";journal;"10955623, 00100285";"Academic Press Inc.";No;No;1,419;Q1;141;33;83;2784;263;82;3,08;84,36;37,80;0;United States;Northern America;"Academic Press Inc.";"1970-2026";"Artificial Intelligence (Q1); Developmental and Educational Psychology (Q1); Experimental and Cognitive Psychology (Q1); Linguistics and Language (Q1); Neuropsychology and Physiological Psychology (Q1)";"Computer Science; Psychology; Social Sciences"
174;22915;"Journal of Economic Psychology";journal;"01674870";"Elsevier B.V.";No;No;1,404;Q1;131;62;183;3800;527;178;2,52;61,29;27,88;13;Netherlands;Western Europe;"Elsevier B.V.";"1981-2026";"Applied Psychology (Q1); Economics and Econometrics (Q1); Sociology and Political Science (Q1)";"Economics, Econometrics and Finance; Psychology; Social Sciences"
175;24469;"Child Maltreatment";journal;"10775595, 15526119";"SAGE Publications Inc.";No;No;1,399;Q1;107;65;157;3335;644;151;4,23;51,31;73,44;14;United States;Northern America;"SAGE Publications Inc.";"1996-2026";"Developmental and Educational Psychology (Q1); Pediatrics, Perinatology and Child Health (Q1); Social Work (Q1)";"Medicine; Psychology; Social Sciences"
176;130087;"Annual Review of Applied Linguistics";book series;"14716356, 02671905";"Cambridge University Press";Yes;No;1,386;Q1;74;11;37;544;157;36;2,89;49,45;58,82;0;United Kingdom;Western Europe;"Cambridge University Press";"2005-2025";"Linguistics and Language (Q1); Psychology (miscellaneous) (Q1)";"Psychology; Social Sciences"
177;29755;"Human Factors";journal;"00187208, 15478181";"SAGE Publications Inc.";No;No;1,385;Q1;155;114;267;5763;1578;257;5,50;50,55;39,91;11;United States;Northern America;"SAGE Publications Inc.";"1958-2026";"Applied Psychology (Q1); Behavioral Neuroscience (Q1); Human Factors and Ergonomics (Q1)";"Neuroscience; Psychology; Social Sciences"
178;14230;"Cultural Diversity and Ethnic Minority Psychology";journal;"10999809, 19390106";"American Psychological Association";No;No;1,384;Q1;113;56;247;3712;930;247;3,23;66,29;65,42;2;United States;Northern America;"American Psychological Association";"1999-2026";"Social Psychology (Q1); Sociology and Political Science (Q1)";"Psychology; Social Sciences"
179;21101150129;"Affective Science";journal;"2662205X, 26622041";"Springer Nature";No;No;1,377;Q1;27;73;126;4193;429;117;3,51;57,44;59,02;4;Switzerland;Western Europe;"Springer Nature";"2020-2026";"Behavioral Neuroscience (Q1); Clinical Psychology (Q1); Neuropsychology and Physiological Psychology (Q1); Social Psychology (Q1)";"Neuroscience; Psychology"
180;21100854907;"Borderline Personality Disorder and Emotion Dysregulation";journal;"20516673";"BioMed Central Ltd";Yes;No;1,373;Q1;40;35;88;2264;374;86;3,98;64,69;57,67;1;United Kingdom;Western Europe;"BioMed Central Ltd";"2014-2026";"Clinical Psychology (Q1); Psychiatry and Mental Health (Q1); Biological Psychiatry (Q2)";"Medicine; Neuroscience; Psychology"
181;22055;"Exceptional Children";journal;"00144029, 21635560";"SAGE Publications Inc.";No;No;1,369;Q1;112;29;84;1457;271;71;2,65;50,24;66,67;5;United States;Northern America;"SAGE Publications Inc.";"1936-1937, 1958, 1960-2026";"Developmental and Educational Psychology (Q1); Education (Q1)";"Psychology; Social Sciences"
182;21101078838;"Computers in Human Behavior Reports";journal;"24519588";"Elsevier B.V.";Yes;No;1,365;Q1;43;81;209;5971;1349;207;6,01;73,72;45,26;5;United Kingdom;Western Europe;"Elsevier B.V.";"2020-2026";"Applied Psychology (Q1); Artificial Intelligence (Q1); Cognitive Neuroscience (Q1); Computer Science Applications (Q1); Human-Computer Interaction (Q1); Neuroscience (miscellaneous) (Q1)";"Computer Science; Neuroscience; Psychology"
183;13442;"Psychological Assessment";journal;"1939134X, 10403590";"American Psychological Association";No;No;1,362;Q1;189;88;336;5192;1216;335;3,04;59,00;53,73;2;United States;Northern America;"American Psychological Association";"1989-2026";"Clinical Psychology (Q1); Psychiatry and Mental Health (Q1)";"Medicine; Psychology"
184;15398;"Journal of Career Assessment";journal;"10690727, 15524590";"SAGE Publications Inc.";No;No;1,361;Q1;87;41;115;2745;486;115;3,84;66,95;44,53;3;United States;Northern America;"SAGE Publications Inc.";"1993-2026";"Applied Psychology (Q1); Education (Q1); Organizational Behavior and Human Resource Management (Q1); Psychology (miscellaneous) (Q1)";"Business, Management and Accounting; Psychology; Social Sciences"
185;22111;"Journal of Autism and Developmental Disorders";journal;"15733432, 01623257";"Springer";No;No;1,344;Q1;234;406;1221;22292;5044;1156;3,70;54,91;66,97;41;United States;Northern America;"Springer";"1979-2026";"Developmental and Educational Psychology (Q1)";"Psychology"
186;12020;"Anxiety, Stress and Coping";journal;"10615806, 14772205";"Brunner - Routledge (US)";No;No;1,343;Q1;98;53;157;3089;683;157;4,63;58,28;56,40;3;United States;Northern America;"Brunner - Routledge (US)";"1992-2026";"Arts and Humanities (miscellaneous) (Q1); Clinical Psychology (Q1); Developmental and Educational Psychology (Q1); Psychiatry and Mental Health (Q1)";"Arts and Humanities; Medicine; Psychology"
187;30073;"Journal of Research in Personality";journal;"00926566, 10957251";"Academic Press Inc.";No;No;1,342;Q1;154;75;285;4924;899;282;2,42;65,65;48,76;4;United States;Northern America;"Academic Press Inc.";"1973-2026";"Psychology (miscellaneous) (Q1); Social Psychology (Q1)";"Psychology"
188;21100777183;"Journal of Family Theory and Review";journal;"17562589, 17562570";"Wiley-Blackwell Publishing Ltd";No;No;1,338;Q1;50;43;92;4025;399;90;3,23;93,60;69,89;4;United Kingdom;Western Europe;"Wiley-Blackwell Publishing Ltd";"2009, 2013, 2016-2026";"Health (social science) (Q1); Social Psychology (Q1); Social Sciences (miscellaneous) (Q1)";"Psychology; Social Sciences"
189;20654;"Journal of Managerial Psychology";journal;"02683946";"Emerald Group Publishing Ltd.";No;No;1,337;Q1;110;44;134;2404;510;127;2,99;54,64;46,27;0;United Kingdom;Western Europe;"Emerald Group Publishing Ltd.";"1986-2026";"Applied Psychology (Q1); Management Science and Operations Research (Q1); Organizational Behavior and Human Resource Management (Q1); Social Psychology (Q1)";"Business, Management and Accounting; Decision Sciences; Psychology"
190;15385;"Journal of Applied Developmental Psychology";journal;"01933973";"Elsevier B.V.";No;No;1,335;Q1;113;76;253;5418;839;247;2,47;71,29;69,61;4;United Kingdom;Western Europe;"Elsevier B.V.";"1980-2026";"Developmental and Educational Psychology (Q1)";"Psychology"
191;12300154709;"Asian Journal of Psychiatry";journal;"18762018, 18762026";"Elsevier B.V.";No;No;1,334;Q1;78;395;1233;10648;4840;624;2,54;26,96;45,71;14;Netherlands;Western Europe;"Elsevier B.V.";"2008-2026";"Medicine (miscellaneous) (Q1); Psychiatry and Mental Health (Q1); Psychology (miscellaneous) (Q1)";"Medicine; Psychology"
192;14271;"Educational Psychology";journal;"14695820, 01443410";"Routledge";Yes;No;1,333;Q1;97;65;232;3702;757;200;3,08;56,95;50,90;4;United Kingdom;Western Europe;"Routledge";"1981-2026";"Developmental and Educational Psychology (Q1); Education (Q1); Experimental and Cognitive Psychology (Q1)";"Psychology; Social Sciences"
193;25733;"Journal of Criminal Justice";journal;"00472352";"Elsevier B.V.";Yes;No;1,332;Q1;110;79;221;6468;912;221;3,66;81,87;38,33;10;United Kingdom;Western Europe;"Elsevier B.V.";"1973-2026";"Applied Psychology (Q1); Law (Q1); Social Psychology (Q1); Sociology and Political Science (Q1)";"Psychology; Social Sciences"
194;14945;"Cortex";journal;"19738102, 00109452";"Masson SpA";No;No;1,330;Q1;155;194;856;14314;2950;778;3,09;73,78;52,84;3;Italy;Western Europe;"Masson SpA";"1964-1965, 1968-2026";"Cognitive Neuroscience (Q1); Developmental and Educational Psychology (Q1); Experimental and Cognitive Psychology (Q1); Neurology (Q1); Neurology (clinical) (Q1); Neuropsychology and Physiological Psychology (Q1)";"Medicine; Neuroscience; Psychology"
195;5700164300;"Youth Violence and Juvenile Justice";journal;"15569330, 15412040";"SAGE Publications Inc.";No;No;1,327;Q1;63;15;58;1099;237;57;3,55;73,27;54,35;2;United States;Northern America;"SAGE Publications Inc.";"2003-2026";"Developmental and Educational Psychology (Q1); Health (social science) (Q1); Law (Q1)";"Psychology; Social Sciences"
196;21101030210;"Research on Child and Adolescent Psychopathology";journal;"27307166, 27307174";"Springer New York";No;No;1,323;Q1;177;131;358;9104;1248;356;3,14;69,50;64,50;12;United States;Northern America;"Springer New York";"2021-2026";"Developmental and Educational Psychology (Q1); Psychiatry and Mental Health (Q1)";"Medicine; Psychology"
197;22370;"Public Understanding of Science";journal;"09636625, 13616609";"SAGE Publications Ltd";No;No;1,322;Q1;109;63;199;3551;856;188;3,76;56,37;50,00;16;United Kingdom;Western Europe;"SAGE Publications Ltd";"1992-2026";"Arts and Humanities (miscellaneous) (Q1); Communication (Q1); Developmental and Educational Psychology (Q1)";"Arts and Humanities; Psychology; Social Sciences"
198;19600166326;"Mindfulness";journal;"18688535, 18688527";"Springer Verlag";No;No;1,319;Q1;110;227;747;15021;2619;699;3,30;66,17;55,23;9;Germany;Western Europe;"Springer Verlag";"2010-2026";"Applied Psychology (Q1); Developmental and Educational Psychology (Q1); Experimental and Cognitive Psychology (Q1); Health (social science) (Q1); Social Psychology (Q1)";"Psychology; Social Sciences"
199;12005;"Journal of Traumatic Stress";journal;"15736598, 08949867";"Wiley-Blackwell";No;No;1,317;Q1;165;102;382;4548;1257;361;2,55;44,59;62,79;13;United States;Northern America;"Wiley-Blackwell";"1988-2026";"Clinical Psychology (Q1); Psychiatry and Mental Health (Q1)";"Medicine; Psychology"
200;14107;"European Journal of Psychological Assessment";journal;"21512426, 10155759";"Hogrefe Publishing";No;No;1,312;Q1;85;50;195;2068;664;192;3,75;41,36;41,03;4;United States;Northern America;"Hogrefe Publishing";"1996-2026";"Applied Psychology (Q1)";"Psychology"
201;70201;"Clinical Neuropsychologist";journal;"13854046, 17444144";"Taylor and Francis Ltd.";No;No;1,310;Q1;106;86;292;5146;1167;288;3,52;59,84;56,70;2;United Kingdom;Western Europe;"Taylor and Francis Ltd.";"1987-2026";"Arts and Humanities (miscellaneous) (Q1); Clinical Psychology (Q1); Developmental and Educational Psychology (Q1); Medicine (miscellaneous) (Q1); Neuropsychology and Physiological Psychology (Q1); Psychiatry and Mental Health (Q1)";"Arts and Humanities; Medicine; Psychology"
202;12000154320;"Addiction Science and Clinical Practice";journal;"19400632, 19400640";"BioMed Central Ltd";Yes;No;1,307;Q1;54;71;173;3627;573;163;3,16;51,08;60,76;18;United Kingdom;Western Europe;"BioMed Central Ltd";"2007-2026";"Clinical Psychology (Q1); Psychiatry and Mental Health (Q1)";"Medicine; Psychology"
203;21101021052;"Journal of the Association for Consumer Research";journal;"23781823, 23781815";"University of Chicago Press";No;No;1,306;Q1;36;42;142;1710;343;134;1,98;40,71;49,59;3;United States;Northern America;"University of Chicago Press";"2016-2026";"Applied Psychology (Q1); Economics and Econometrics (Q1); Marketing (Q1)";"Business, Management and Accounting; Economics, Econometrics and Finance; Psychology"
204;16817;"Journal of Psychosomatic Research";journal;"18791360, 00223999";"Elsevier Inc.";No;No;1,304;Q1;190;262;644;13005;2491;589;3,63;49,64;52,59;19;United States;Northern America;"Elsevier Inc.";"1956-2026";"Clinical Psychology (Q1); Psychiatry and Mental Health (Q1)";"Medicine; Psychology"
205;18747;"Psychophysiology";journal;"00485772, 14698986";"John Wiley and Sons Inc";No;No;1,303;Q1;191;259;618;19848;2320;612;3,27;76,63;44,43;1;United States;Northern America;"John Wiley and Sons Inc";"1964-2026";"Cognitive Neuroscience (Q1); Developmental and Educational Psychology (Q1); Developmental Neuroscience (Q1); Endocrine and Autonomic Systems (Q1); Experimental and Cognitive Psychology (Q1); Neurology (Q1); Neuropsychology and Physiological Psychology (Q1); Neuroscience (miscellaneous) (Q1); Physiology (Q1); Physiology (medical) (Q1); Biological Psychiatry (Q2)";"Biochemistry, Genetics and Molecular Biology; Medicine; Neuroscience; Psychology"
206;19885;"Stress and Health";journal;"15323005, 15322998";"John Wiley &amp; Sons Inc.";No;No;1,303;Q1;95;100;243;6143;1034;239;3,69;61,43;61,31;3;United States;Northern America;"John Wiley &amp; Sons Inc.";"2001-2026";"Applied Psychology (Q1); Clinical Psychology (Q1); Medicine (miscellaneous) (Q1); Psychiatry and Mental Health (Q1)";"Medicine; Psychology"
207;29471;"American Journal of Orthopsychiatry";journal;"19390025, 00029432";"American Orthopsychiatric Association Inc.";No;No;1,299;Q1;120;54;225;4046;790;224;2,36;74,93;61,67;4;United States;Northern America;"American Orthopsychiatric Association Inc.";"1930-2025";"Arts and Humanities (miscellaneous) (Q1); Developmental and Educational Psychology (Q1); Psychiatry and Mental Health (Q1); Psychology (miscellaneous) (Q1)";"Arts and Humanities; Medicine; Psychology"
208;16248;"Journal of Attention Disorders";journal;"10870547, 15571246";"SAGE Publications Inc.";No;No;1,297;Q1;100;141;537;7915;1880;531;3,29;56,13;54,05;27;United States;Northern America;"SAGE Publications Inc.";"1996-2026";"Clinical Psychology (Q1); Developmental and Educational Psychology (Q1)";"Psychology"
209;14761;"International Journal of Stress Management";journal;"10725245, 15733424";"American Psychological Association";No;No;1,292;Q1;81;38;109;2746;390;108;2,18;72,26;53,99;3;United States;Northern America;"American Psychological Association";"1994-2026";"Applied Psychology (Q1); Business, Management and Accounting (miscellaneous) (Q1); Education (Q1); Medicine (miscellaneous) (Q1); Psychology (miscellaneous) (Q1)";"Business, Management and Accounting; Medicine; Psychology; Social Sciences"
210;21100911068;"School Psychology";journal;"25784226, 25784218";"American Psychological Association";No;No;1,290;Q1;97;68;156;3718;601;153;4,26;54,68;64,53;5;United States;Northern America;"American Psychological Association";"2019-2026";"Developmental and Educational Psychology (Q1); Education (Q1)";"Psychology; Social Sciences"
211;16925;"American Journal of Community Psychology";journal;"00910562, 15732770";"John Wiley and Sons Inc";No;No;1,287;Q1;143;75;222;4524;896;215;3,66;60,32;70,08;6;United States;Northern America;"John Wiley and Sons Inc";"1973-2026";"Applied Psychology (Q1); Health (social science) (Q1); Public Health, Environmental and Occupational Health (Q1); Social Work (Q1)";"Medicine; Psychology; Social Sciences"
212;21100935976;"Cognitive Research: Principles and Implications";journal;"23657464";"SpringerOpen";Yes;No;1,269;Q1;51;65;244;4269;1084;242;3,38;65,68;46,61;2;United Kingdom;Western Europe;"SpringerOpen";"2016-2026";"Cognitive Neuroscience (Q1); Experimental and Cognitive Psychology (Q1)";"Neuroscience; Psychology"
213;29994;"Appetite";journal;"01956663, 10958304";"Academic Press";No;No;1,265;Q1;205;361;1182;23626;6145;1171;5,14;65,45;66,87;20;United States;Northern America;"Academic Press";"1970, 1980-2026";"Nutrition and Dietetics (Q1); Psychology (miscellaneous) (Q1)";"Nursing; Psychology"
214;13438;"Counseling Psychologist";journal;"15523861, 00110000";"SAGE Publications Inc.";No;No;1,263;Q1;101;42;130;2328;464;128;1,99;55,43;69,72;0;United States;Northern America;"SAGE Publications Inc.";"1969-2026";"Applied Psychology (Q1)";"Psychology"
215;14016;"Psychology and Psychotherapy: Theory, Research and Practice";journal;"20448341, 14760835";"Wiley-Blackwell";No;No;1,263;Q1;83;60;191;3625;696;188;3,59;60,42;60,00;3;United States;Northern America;"Wiley-Blackwell";"1920-1939, 1996-2000, 2002-2026";"Arts and Humanities (miscellaneous) (Q1); Clinical Psychology (Q1); Developmental and Educational Psychology (Q1); Medicine (miscellaneous) (Q1); Psychiatry and Mental Health (Q1)";"Arts and Humanities; Medicine; Psychology"
216;20897;"Transportation Research Part F: Traffic Psychology and Behaviour";journal;"13698478";"Elsevier Ltd";No;No;1,262;Q1;135;222;690;13195;3336;687;4,09;59,44;40,30;16;United Kingdom;Western Europe;"Elsevier Ltd";"1998-2026";"Applied Psychology (Q1); Automotive Engineering (Q1); Civil and Structural Engineering (Q1); Transportation (Q1)";"Engineering; Psychology; Social Sciences"
217;21100386467;"Sleep Health";journal;"23527218";"Elsevier Inc.";No;No;1,261;Q1;58;129;323;5626;1222;291;3,45;43,61;57,25;14;United States;Northern America;"Elsevier Inc.";"2015-2026";"Behavioral Neuroscience (Q1); Health (social science) (Q1); Neuropsychology and Physiological Psychology (Q1); Social Sciences (miscellaneous) (Q1)";"Neuroscience; Psychology; Social Sciences"
218;5700155900;"Applied Developmental Science";journal;"1532480X, 10888691";"Psychology Press Ltd";No;No;1,259;Q1;89;24;111;1721;549;99;2,16;71,71;70,41;3;United States;Northern America;"Psychology Press Ltd";"1997-2026";"Applied Psychology (Q1); Developmental and Educational Psychology (Q1); Life-span and Life-course Studies (Q1)";"Psychology; Social Sciences"
219;14097;"European Eating Disorders Review";journal;"10990968, 10724133";"John Wiley and Sons Ltd";No;No;1,256;Q1;94;67;214;3825;1050;204;4,58;57,09;65,98;7;United Kingdom;Western Europe;"John Wiley and Sons Ltd";"1993-2026";"Clinical Psychology (Q1); Psychiatry and Mental Health (Q1)";"Medicine; Psychology"
220;12057;"Media Psychology";journal;"1532785X, 15213269";"Routledge";No;No;1,255;Q1;104;33;111;1860;529;110;4,64;56,36;59,09;3;United States;Northern America;"Routledge";"1999-2026";"Applied Psychology (Q1); Communication (Q1); Social Psychology (Q1)";"Psychology; Social Sciences"
221;13523;"Early Education and Development";journal;"15566935, 10409289";"Routledge";No;No;1,252;Q1;92;102;217;7236;867;209;3,54;70,94;79,51;14;United Kingdom;Western Europe;"Routledge";"1989-2026";"Developmental and Educational Psychology (Q1); Education (Q1)";"Psychology; Social Sciences"
222;20369;"Journal of Family Violence";journal;"08857482, 15732851";"Springer New York";No;No;1,247;Q1;103;127;283;7364;1191;279;4,53;57,98;76,07;31;United States;Northern America;"Springer New York";"1986-2026";"Clinical Psychology (Q1); Law (Q1); Social Sciences (miscellaneous) (Q1); Sociology and Political Science (Q1)";"Psychology; Social Sciences"
223;15564;"Journal of Language and Social Psychology";journal;"15526526, 0261927X";"SAGE Publications Inc.";No;No;1,246;Q1;72;34;111;1729;370;109;3,74;50,85;54,79;0;United States;Northern America;"SAGE Publications Inc.";"1982-2026";"Anthropology (Q1); Education (Q1); Linguistics and Language (Q1); Social Psychology (Q1); Sociology and Political Science (Q1)";"Psychology; Social Sciences"
224;12825;"Canadian Psychology";journal;"07085591, 18787304";"Canadian Psychological Association";No;No;1,240;Q1;77;24;142;1310;467;138;3,03;54,58;68,54;0;Canada;Northern America;"Canadian Psychological Association";"1986-1988, 1990-1991, 1993, 1996-2025";"Psychology (miscellaneous) (Q1)";"Psychology"
225;17700156733;"Journal of Consumer Behaviour";journal;"14791838, 14720817";"Wiley-Blackwell";No;No;1,235;Q1;80;105;278;8267;1444;274;4,80;78,73;42,55;3;United States;Northern America;"Wiley-Blackwell";"2007, 2009-2026";"Applied Psychology (Q1); Social Psychology (Q1)";"Psychology"
226;63777;"Personnel Review";journal;"00483486";"Emerald Group Publishing Ltd.";No;No;1,228;Q1;104;127;339;9072;1568;334;4,37;71,43;47,62;0;United Kingdom;Western Europe;"Emerald Group Publishing Ltd.";"1971-2026";"Applied Psychology (Q1); Industrial Relations (Q1); Organizational Behavior and Human Resource Management (Q1)";"Business, Management and Accounting; Psychology"
227;12739;"New Directions for Child and Adolescent Development";book series;"15348687, 15203247";"John Wiley and Sons Inc";No;No;1,226;Q1;78;6;145;366;452;116;2,79;61,00;78,57;0;United States;Northern America;"John Wiley and Sons Inc";"1978-1996, 1998-2026";"Developmental and Educational Psychology (Q1); Medicine (miscellaneous) (Q1); Social Psychology (Q1)";"Medicine; Psychology"
228;21100378340;"Psychosocial Intervention";journal;"11320559, 21734712";"Colegio Oficial de Psicologos de Madrid";Yes;Yes;1,225;Q1;39;17;50;1378;221;49;3,50;81,06;53,95;5;Spain;Western Europe;"Colegio Oficial de Psicologos de Madrid";"2011-2026";"Applied Psychology (Q1); Developmental and Educational Psychology (Q1); Social Psychology (Q1)";"Psychology"
229;21101028072;"Open Mind";journal;"24702986";"MIT Press";Yes;Yes;1,224;Q1;15;44;40;2985;103;40;2,45;67,84;45,90;1;United States;Northern America;"MIT Press";"2018-2026";"Cognitive Neuroscience (Q1); Developmental and Educational Psychology (Q1); Experimental and Cognitive Psychology (Q1); Linguistics and Language (Q1)";"Neuroscience; Psychology; Social Sciences"
230;15382;"Journal of Applied Behavior Analysis";journal;"19383703, 00218855";"Wiley-Blackwell";No;No;1,218;Q1;96;63;343;3266;998;331;2,91;51,84;62,81;3;United States;Northern America;"Wiley-Blackwell";"1968-2026";"Applied Psychology (Q1); Philosophy (Q1); Sociology and Political Science (Q1)";"Arts and Humanities; Psychology; Social Sciences"
231;21100199546;"Translational Behavioral Medicine";journal;"16139860, 18696716";"Oxford University Press";No;No;1,217;Q1;68;101;502;3990;1733;478;3,20;39,50;68,91;10;United States;Northern America;"Oxford University Press";"2011-2026";"Applied Psychology (Q1); Behavioral Neuroscience (Q1)";"Neuroscience; Psychology"
232;14798;"Sex Roles";journal;"03600025, 15732762";"Springer New York";No;No;1,216;Q1;159;86;293;6176;1244;292;3,51;71,81;68,23;9;United States;Northern America;"Springer New York";"1975-2026";"Developmental and Educational Psychology (Q1); Gender Studies (Q1); Social Psychology (Q1)";"Psychology; Social Sciences"
233;21368;"Instructional Science";journal;"00204277, 15731952";"Springer Netherlands";No;No;1,198;Q1;100;38;97;2748;331;97;2,80;72,32;63,41;0;Netherlands;Western Europe;"Springer Netherlands";"1972-1992, 1994-2026";"Developmental and Educational Psychology (Q1); Education (Q1)";"Psychology; Social Sciences"
234;14035;"Psychology of Women Quarterly";journal;"14716402, 03616843";"SAGE Publications Ltd";No;No;1,192;Q1;127;32;100;2521;405;93;2,86;78,78;80,51;1;United Kingdom;Western Europe;"SAGE Publications Ltd";"1976-2026";"Arts and Humanities (miscellaneous) (Q1); Developmental and Educational Psychology (Q1); Gender Studies (Q1); Psychology (miscellaneous) (Q1)";"Arts and Humanities; Psychology; Social Sciences"
235;21100915393;"Neuroscience of Consciousness";journal;"20572107";"Oxford University Press";Yes;No;1,183;Q1;27;26;90;2293;375;90;4,35;88,19;25,86;0;United Kingdom;Western Europe;"Oxford University Press";"2017, 2019-2026";"Clinical Psychology (Q1); Experimental and Cognitive Psychology (Q1); Neurology (Q1); Neurology (clinical) (Q1); Psychiatry and Mental Health (Q1)";"Medicine; Neuroscience; Psychology"
236;21100857520;"Collabra: Psychology";journal;"24747394";"University of California Press";Yes;No;1,182;Q1;35;110;190;7137;613;190;3,08;64,88;48,21;6;United States;Northern America;"University of California Press";"2017-2026";"Psychology (miscellaneous) (Q1)";"Psychology"
237;30047;"Journal of Positive Behavior Interventions";journal;"10983007, 15384772";"SAGE Publications Inc.";No;No;1,181;Q1;78;20;71;780;197;68;2,31;39,00;56,63;1;United States;Northern America;"SAGE Publications Inc.";"1999-2026";"Applied Psychology (Q1); Developmental and Educational Psychology (Q1); Pediatrics, Perinatology and Child Health (Q1)";"Medicine; Psychology"
238;14779;"School Psychology Review";journal;"02796015, 2372966X";"Routledge";No;No;1,180;Q1;110;50;136;3958;553;125;4,94;79,16;66,33;0;United States;Northern America;"Routledge";"1980-1981, 1983-1986, 1988-1989, 1991, 1996-2026";"Developmental and Educational Psychology (Q1); Education (Q1)";"Psychology; Social Sciences"
239;12070;"Attachment and Human Development";journal;"14616734, 14692988";"Routledge";No;No;1,172;Q1;92;36;149;2435;488;140;3,04;67,64;70,14;2;United States;Northern America;"Routledge";"1999-2026";"Developmental and Educational Psychology (Q1); Medicine (miscellaneous) (Q1); Psychiatry and Mental Health (Q1)";"Medicine; Psychology"
240;16246;"Journal of Alzheimer's Disease";journal;"13872877, 18758908";"SAGE Publications Ltd";No;No;1,172;Q1;198;772;2443;45538;9301;2435;3,40;58,99;48,04;0;United Kingdom;Western Europe;"SAGE Publications Ltd";"1998-2026";"Clinical Psychology (Q1); Geriatrics and Gerontology (Q1); Medicine (miscellaneous) (Q1); Psychiatry and Mental Health (Q1); Neuroscience (miscellaneous) (Q2)";"Medicine; Neuroscience; Psychology"
241;15482;"Journal of Experimental Psychology: Learning Memory and Cognition";journal;"19391285, 02787393";"American Psychological Association";No;No;1,169;Q1;187;99;427;6916;1119;426;2,16;69,86;46,98;0;United States;Northern America;"American Psychological Association";"1975, 1982-2025";"Experimental and Cognitive Psychology (Q1); Linguistics and Language (Q1)";"Psychology; Social Sciences"
242;20374;"Journal of Interpersonal Violence";journal;"15526518, 08862605";"SAGE Publications Inc.";No;No;1,169;Q1;139;497;2491;27724;7710;2486;3,02;55,78;67,75;86;United States;Northern America;"SAGE Publications Inc.";"1986-2026";"Applied Psychology (Q1); Clinical Psychology (Q1)";"Psychology"
243;12887;"Cognitive Therapy and Research";journal;"01475916, 15732819";"Springer";No;No;1,162;Q1;126;79;286;5071;838;283;2,70;64,19;57,35;3;United States;Northern America;"Springer";"1977-2026";"Clinical Psychology (Q1); Experimental and Cognitive Psychology (Q1)";"Psychology"
244;28874;"European Journal of Psychology of Education";journal;"18785174, 02562928";"Springer Netherlands";No;No;1,161;Q1;77;85;163;5411;586;162;3,51;63,66;59,06;8;Netherlands;Western Europe;"Springer Netherlands";"1986-2026";"Developmental and Educational Psychology (Q1); Education (Q1)";"Psychology; Social Sciences"
245;19500157063;"International Journal of Social Robotics";journal;"18754805, 18754791";"Springer Verlag";No;No;1,159;Q1;94;123;355;8663;2034;343;5,24;70,43;46,19;7;Germany;Western Europe;"Springer Verlag";"2009-2026";"Computer Science (miscellaneous) (Q1); Control and Systems Engineering (Q1); Electrical and Electronic Engineering (Q1); Human-Computer Interaction (Q1); Philosophy (Q1); Social Psychology (Q1)";"Arts and Humanities; Computer Science; Engineering; Psychology"
246;21100790809;"International Review of Social Psychology";journal;"23978570";"Ubiquity Press";Yes;Yes;1,159;Q1;32;17;64;924;182;64;2,00;54,35;46,67;0;United Kingdom;Western Europe;"Ubiquity Press";"2016-2025";"Social Psychology (Q1)";"Psychology"
247;12000154319;"Mental Health and Physical Activity";journal;"18780199, 17552966";"Elsevier Ltd";No;No;1,158;Q2;55;60;131;3491;502;127;2,39;58,18;48,92;3;United Kingdom;Western Europe;"Elsevier Ltd";"2008-2026";"Psychiatry and Mental Health (Q1); Applied Psychology (Q2)";"Medicine; Psychology"
248;25987;"Social Networks";journal;"03788733";"Elsevier B.V.";No;No;1,157;Q1;123;67;217;4610;644;216;2,61;68,81;40,31;6;Netherlands;Western Europe;"Elsevier B.V.";"1978-2026";"Anthropology (Q1); Psychology (miscellaneous) (Q1); Social Sciences (miscellaneous) (Q1); Sociology and Political Science (Q1)";"Psychology; Social Sciences"
249;24842;"International Journal of Selection and Assessment";journal;"14682389, 0965075X";"Wiley-Blackwell Publishing Ltd";No;No;1,152;Q1;79;38;118;2520;326;117;2,48;66,32;43,62;5;United Kingdom;Western Europe;"Wiley-Blackwell Publishing Ltd";"1993-2026";"Business, Management and Accounting (miscellaneous) (Q1); Management of Technology and Innovation (Q1); Psychology (miscellaneous) (Q1); Strategy and Management (Q1); Applied Psychology (Q2)";"Business, Management and Accounting; Psychology"
250;18746;"Psychopathology";journal;"02544962, 1423033X";"S. Karger AG";No;No;1,152;Q1;81;61;118;3677;371;114;2,17;60,28;51,16;1;Switzerland;Western Europe;"S. Karger AG";"1968-2026";"Clinical Psychology (Q1); Psychiatry and Mental Health (Q1)";"Medicine; Psychology"
251;25372;"Psychology of Addictive Behaviors";journal;"19391501, 0893164X";"Educational Publishing Foundation";No;No;1,151;Q1;132;69;331;3967;983;330;2,71;57,49;60,34;7;United States;Northern America;"Educational Publishing Foundation";"1993-2026";"Clinical Psychology (Q1); Medicine (miscellaneous) (Q1); Psychiatry and Mental Health (Q1)";"Medicine; Psychology"
252;14277;"Health Psychology";journal;"19307810, 02786133";"American Psychological Association";No;No;1,150;Q2;201;90;331;5361;1231;326;3,03;59,57;58,48;4;United States;Northern America;"American Psychological Association";"1982, 1984-2026";"Medicine (miscellaneous) (Q1); Psychiatry and Mental Health (Q1); Applied Psychology (Q2)";"Medicine; Psychology"
253;14033;"Psychology of Sport and Exercise";journal;"14690292";"Elsevier B.V.";No;No;1,150;Q2;133;155;517;8979;1946;504;3,46;57,93;42,90;2;Netherlands;Western Europe;"Elsevier B.V.";"2000-2026";"Sports Science (Q1); Applied Psychology (Q2)";"Health Professions; Psychology"
254;14872;"Child Psychiatry and Human Development";journal;"15733327, 0009398X";"Kluwer Academic/Human Sciences Press Inc.";No;No;1,148;Q1;87;148;306;9219;1122;304;3,04;62,29;65,53;19;United States;Northern America;"Kluwer Academic/Human Sciences Press Inc.";"1970-2026";"Developmental and Educational Psychology (Q1); Pediatrics, Perinatology and Child Health (Q1); Psychiatry and Mental Health (Q1)";"Medicine; Psychology"
255;14077;"Psychotherapy";journal;"19391536, 00333204";"American Psychological Association";No;No;1,145;Q1;103;45;185;2235;522;185;2,58;49,67;48,24;0;United States;Northern America;"American Psychological Association";"1973-2025";"Clinical Psychology (Q1); Psychiatry and Mental Health (Q1)";"Medicine; Psychology"
256;30021;"Journal of Pediatric Psychology";journal;"01468693, 1465735X";"Oxford University Press";No;No;1,143;Q1;147;106;360;5004;1120;335;2,89;47,21;73,33;4;United Kingdom;Western Europe;"Oxford University Press";"1976-2025";"Developmental and Educational Psychology (Q1); Pediatrics, Perinatology and Child Health (Q1)";"Medicine; Psychology"
257;12004;"Journal of Trauma and Dissociation";journal;"15299740, 15299732";"Routledge";No;No;1,141;Q1;67;45;126;1986;425;106;2,70;44,13;60,76;2;United States;Northern America;"Routledge";"2000-2026";"Clinical Psychology (Q1); Psychiatry and Mental Health (Q1)";"Medicine; Psychology"
258;21100830172;"Psychology of Sexual Orientation and Gender Diversity";journal;"23290382, 23290390";"American Psychological Association";No;No;1,140;Q1;61;62;227;3793;825;226;3,21;61,18;52,31;4;United States;Northern America;"American Psychological Association";"2014-2025";"Gender Studies (Q1); Psychology (miscellaneous) (Q1)";"Psychology; Social Sciences"
259;22281;"Reading and Writing";journal;"09224777, 15730905";"Springer Netherlands";No;No;1,138;Q1;101;107;312;6943;976;306;2,60;64,89;65,17;9;Netherlands;Western Europe;"Springer Netherlands";"1989-2026";"Education (Q1); Linguistics and Language (Q1); Neuropsychology and Physiological Psychology (Q1); Speech and Hearing (Q1)";"Health Professions; Psychology; Social Sciences"
260;30084;"Journal of Sex Research";journal;"00224499, 15598519";"Taylor and Francis Ltd.";No;No;1,137;Q1;145;113;306;7647;1189;299;3,54;67,67;64,49;6;United Kingdom;Western Europe;"Taylor and Francis Ltd.";"1965-2026";"Gender Studies (Q1); History and Philosophy of Science (Q1); Psychology (miscellaneous) (Q1); Sociology and Political Science (Q1)";"Arts and Humanities; Psychology; Social Sciences"
261;15330;"Thinking and Reasoning";journal;"14640708, 13546783";"Taylor and Francis Ltd.";No;No;1,137;Q1;61;28;69;1871;272;69;3,52;66,82;43,84;0;United Kingdom;Western Europe;"Taylor and Francis Ltd.";"1995, 2000-2026";"Experimental and Cognitive Psychology (Q1); Philosophy (Q1); Psychology (miscellaneous) (Q1)";"Arts and Humanities; Psychology"
262;21448;"Journal of Experimental Education";journal;"19400683, 00220973";"Routledge";No;No;1,136;Q1;82;29;140;1954;445;140;3,11;67,38;54,78;2;United States;Northern America;"Routledge";"1932-2026";"Developmental and Educational Psychology (Q1); Education (Q1)";"Psychology; Social Sciences"
263;13069;"Psycho-Oncology";journal;"10579249, 10991611";"John Wiley and Sons Ltd";No;No;1,136;Q1;172;186;735;7996;2555;703;3,11;42,99;64,35;12;United Kingdom;Western Europe;"John Wiley and Sons Ltd";"1992-2026";"Experimental and Cognitive Psychology (Q1); Oncology (Q2); Psychiatry and Mental Health (Q2)";"Medicine; Psychology"
264;15410;"Journal of Clinical Psychology";journal;"00219762, 10974679";"John Wiley &amp; Sons Inc.";No;No;1,133;Q1;157;176;506;9633;1660;495;2,90;54,73;55,62;6;United States;Northern America;"John Wiley &amp; Sons Inc.";"1945-2026";"Arts and Humanities (miscellaneous) (Q1); Clinical Psychology (Q1)";"Arts and Humanities; Psychology"
265;12834;"Journal of Research in Reading";journal;"14679817, 01410423";"Wiley-Blackwell Publishing Ltd";No;No;1,133;Q1;69;22;107;1169;300;106;2,82;53,14;56,25;1;United Kingdom;Western Europe;"Wiley-Blackwell Publishing Ltd";"1978-2026";"Developmental and Educational Psychology (Q1); Education (Q1); Psychology (miscellaneous) (Q1)";"Psychology; Social Sciences"
266;21100228093;"Depression Research and Treatment";journal;"20901321, 2090133X";"John Wiley and Sons Ltd";Yes;No;1,132;Q1;40;10;47;664;210;47;2,68;66,40;63,16;0;United Kingdom;Western Europe;"John Wiley and Sons Ltd";"2010-2024";"Clinical Psychology (Q1); Psychiatry and Mental Health (Q2)";"Medicine; Psychology"
267;13344;"Social Psychology of Education";journal;"15731928, 13812890";"Springer Netherlands";No;No;1,131;Q1;76;70;206;5135;792;206;3,42;73,36;54,05;3;Netherlands;Western Europe;"Springer Netherlands";"1996-2026";"Developmental and Educational Psychology (Q1); Education (Q1); Social Psychology (Q1); Sociology and Political Science (Q1)";"Psychology; Social Sciences"
268;21100886228;"Policy Insights from the Behavioral and Brain Sciences";journal;"23727330, 23727322";"SAGE Publications Ltd";No;No;1,130;Q1;46;39;77;2341;328;77;3,40;60,03;49,41;2;United States;Northern America;"SAGE Publications Ltd";"2014-2026";"Public Administration (Q1); Social Psychology (Q1)";"Psychology; Social Sciences"
269;16200;"International Psychogeriatrics";journal;"1741203X, 10416102";"Elsevier Inc.";Yes;No;1,121;Q1;134;110;539;3230;1540;275;2,06;29,36;52,53;0;United States;Northern America;"Elsevier Inc.";"1989-2026";"Clinical Psychology (Q1); Geriatrics and Gerontology (Q1); Gerontology (Q1); Psychiatry and Mental Health (Q2)";"Medicine; Nursing; Psychology"
270;12858;"Cognition and Emotion";journal;"02699931, 14640600";"Routledge";No;No;1,110;Q1;163;102;386;5623;1032;374;2,67;55,13;54,28;0;United Kingdom;Western Europe;"Routledge";"1987-2026";"Arts and Humanities (miscellaneous) (Q1); Developmental and Educational Psychology (Q1); Experimental and Cognitive Psychology (Q1)";"Arts and Humanities; Psychology"
271;25231;"American Journal on Addictions";journal;"10550496, 15210391";"Wiley-Blackwell";No;No;1,100;Q1;97;62;202;1757;556;189;2,47;28,34;51,31;6;United States;Northern America;"Wiley-Blackwell";"1992-2026";"Clinical Psychology (Q1); Medicine (miscellaneous) (Q1); Psychiatry and Mental Health (Q2)";"Medicine; Psychology"
272;21101055723;"Computational Brain and Behavior";journal;"2522087X";"Springer Nature";No;No;1,100;Q1;25;35;86;2290;201;86;2,12;65,43;25,45;0;Switzerland;Western Europe;"Springer Nature";"2018-2026";"Developmental and Educational Psychology (Q1); Neuropsychology and Physiological Psychology (Q1)";"Psychology"
273;12082;"Australian Journal of Psychology";journal;"00049530, 17429536";"Routledge";Yes;No;1,096;Q1;59;23;111;1249;402;110;3,79;54,30;62,50;2;United States;Northern America;"Routledge";"1949-2026";"Psychology (miscellaneous) (Q1)";"Psychology"
274;21101170600;"Psychoradiology";journal;"26344416";"Oxford University Press";Yes;Yes;1,093;Q1;15;31;43;2402;143;41;3,33;77,48;49,73;0;United Kingdom;Western Europe;"Oxford University Press";"2021-2026";"Clinical Psychology (Q1); Neurology (clinical) (Q1); Psychology (miscellaneous) (Q1); Radiology, Nuclear Medicine and Imaging (Q1); Artificial Intelligence (Q2); Neuroscience (miscellaneous) (Q2); Psychiatry and Mental Health (Q2)";"Computer Science; Medicine; Neuroscience; Psychology"
275;14012;"Psychology and Health";journal;"08870446, 14768321";"Routledge";No;No;1,092;Q2;117;88;260;5443;955;258;3,54;61,85;62,37;3;United Kingdom;Western Europe;"Routledge";"1987-2026";"Public Health, Environmental and Occupational Health (Q1); Applied Psychology (Q2)";"Medicine; Psychology"
276;5700161512;"Journal of Consumer Culture";journal;"14695405, 17412900";"SAGE Publications Ltd";No;No;1,089;Q1;75;49;136;3032;485;134;3,41;61,88;45,00;2;United Kingdom;Western Europe;"SAGE Publications Ltd";"2001-2026";"Arts and Humanities (miscellaneous) (Q1); Business and International Management (Q1); Economics and Econometrics (Q1); Social Psychology (Q1); Sociology and Political Science (Q1); Marketing (Q2)";"Arts and Humanities; Business, Management and Accounting; Economics, Econometrics and Finance; Psychology; Social Sciences"
277;12874;"Cognitive Science";journal;"03640213, 15516709";"Wiley-Blackwell";No;No;1,082;Q1;146;160;370;10442;1033;353;2,61;65,26;37,64;3;United States;Northern America;"Wiley-Blackwell";"1977-2026";"Experimental and Cognitive Psychology (Q1); Artificial Intelligence (Q2); Cognitive Neuroscience (Q2)";"Computer Science; Neuroscience; Psychology"
278;13547;"Eating Disorders";journal;"1532530X, 10640266";"Routledge";No;No;1,082;Q1;67;42;125;1725;470;124;3,53;41,07;71,36;7;United States;Northern America;"Routledge";"1993-2026";"Clinical Psychology (Q1); Medicine (miscellaneous) (Q1); Psychiatry and Mental Health (Q2)";"Medicine; Psychology"
279;15472;"Journal of Experimental Child Psychology";journal;"00220965, 10960457";"Academic Press Inc.";No;No;1,082;Q1;146;145;541;8535;1329;539;2,22;58,86;66,09;0;United States;Northern America;"Academic Press Inc.";"1964-2026";"Developmental and Educational Psychology (Q1); Experimental and Cognitive Psychology (Q1)";"Psychology"
280;19172;"Psychosomatic Medicine";journal;"00333174, 15347796";"Lippincott Williams and Wilkins";No;No;1,081;Q1;223;104;380;5447;1056;356;2,61;52,38;53,19;0;United States;Northern America;"Lippincott Williams and Wilkins";"1945-2025";"Developmental and Educational Psychology (Q1); Applied Psychology (Q2); Psychiatry and Mental Health (Q2)";"Medicine; Psychology"
281;21100388400;"Addictive Behaviors Reports";journal;"23528532";"Elsevier Ltd";Yes;No;1,075;Q1;48;43;214;1937;788;208;3,34;45,05;54,79;4;United Kingdom;Western Europe;"Elsevier Ltd";"2015-2026";"Clinical Psychology (Q1); Psychiatry and Mental Health (Q2)";"Medicine; Psychology"
282;21101017693;"Motivation Science";journal;"23338113, 23338121";"American Psychological Association";No;No;1,074;Q1;24;32;116;1794;403;114;3,22;56,06;40,86;2;United States;Northern America;"American Psychological Association";"2015, 2019-2025";"Developmental and Educational Psychology (Q1); Environmental Engineering (Q1); Health, Toxicology and Mutagenesis (Q1); Applied Psychology (Q2)";"Environmental Science; Psychology"
283;27562;"Archives of Sexual Behavior";journal;"15732800, 00040002";"Springer New York";No;No;1,070;Q1;148;262;866;15164;2810;724;2,54;57,88;54,58;21;United States;Northern America;"Springer New York";"1971-2026";"Arts and Humanities (miscellaneous) (Q1); Psychology (miscellaneous) (Q1)";"Arts and Humanities; Psychology"
284;13378;"Psicothema";journal;"02149915, 1886144X";"Colegio Oficial de Psicologos Asturias";Yes;No;1,070;Q1;91;40;214;2355;730;214;3,23;58,88;53,46;4;Spain;Western Europe;"Colegio Oficial de Psicologos Asturias";"1996-2026";"Psychology (miscellaneous) (Q1)";"Psychology"
285;5800179627;"Self and Identity";journal;"15298868, 15298876";"Taylor and Francis Ltd.";No;No;1,070;Q1;68;47;149;3245;386;147;2,25;69,04;61,75;0;United Kingdom;Western Europe;"Taylor and Francis Ltd.";"2005-2026";"Psychology (miscellaneous) (Q1)";"Psychology"
286;14420;"Journal of Career Development";journal;"08948453, 15560856";"SAGE Publications Inc.";No;No;1,069;Q1;67;73;203;3979;772;203;3,59;54,51;56,96;8;United States;Northern America;"SAGE Publications Inc.";"1972-1973, 1975-2026";"Education (Q1); Psychology (miscellaneous) (Q1); Applied Psychology (Q2); Organizational Behavior and Human Resource Management (Q2)";"Business, Management and Accounting; Psychology; Social Sciences"
287;12710;"Motivation and Emotion";journal;"15736644, 01467239";"Springer New York";No;No;1,069;Q1;115;71;178;4974;801;177;1,99;70,06;53,79;3;United States;Northern America;"Springer New York";"1977-2026";"Experimental and Cognitive Psychology (Q1); Social Psychology (Q1)";"Psychology"
288;13486;"Death Studies";journal;"10917683, 07481187";"Taylor and Francis Ltd.";No;No;1,068;Q1;91;113;438;4798;1677;435;3,49;42,46;62,56;8;United States;Northern America;"Taylor and Francis Ltd.";"1985-2026";"Arts and Humanities (miscellaneous) (Q1); Clinical Psychology (Q1); Developmental and Educational Psychology (Q1)";"Arts and Humanities; Psychology"
289;19900191735;"Topics in Cognitive Science";journal;"17568765, 17568757";"Wiley-Blackwell";No;No;1,068;Q1;84;54;178;4079;507;150;2,51;75,54;43,00;2;United States;Northern America;"Wiley-Blackwell";"2009-2026";"Experimental and Cognitive Psychology (Q1); Linguistics and Language (Q1); Artificial Intelligence (Q2); Cognitive Neuroscience (Q2); Human-Computer Interaction (Q2)";"Computer Science; Neuroscience; Psychology; Social Sciences"
290;14896;"International Journal of Psychology";journal;"1464066X, 00207594";"Wiley-Blackwell";No;No;1,066;Q1;87;66;300;2296;983;297;3,77;34,79;62,88;2;United States;Northern America;"Wiley-Blackwell";"1966-2026";"Arts and Humanities (miscellaneous) (Q1); Medicine (miscellaneous) (Q1); Psychology (miscellaneous) (Q1)";"Arts and Humanities; Medicine; Psychology"
291;21100305282;"Emerging Adulthood";journal;"21676984, 21676968";"SAGE Publications Ltd";No;No;1,065;Q1;54;114;246;7063;819;243;2,95;61,96;70,03;2;United Kingdom;Western Europe;"SAGE Publications Ltd";"2013-2026";"Developmental and Educational Psychology (Q1); Experimental and Cognitive Psychology (Q1); Life-span and Life-course Studies (Q1)";"Psychology; Social Sciences"
292;24482;"Children and Youth Services Review";journal;"01907409";"Elsevier Ltd";No;No;1,064;Q2;131;480;1777;29753;6184;1758;2,77;61,99;68,25;70;United Kingdom;Western Europe;"Elsevier Ltd";"1979-2026";"Education (Q1); Social Work (Q1); Sociology and Political Science (Q1); Developmental and Educational Psychology (Q2)";"Psychology; Social Sciences"
293;19400157006;"Judgment and Decision Making";journal;"19302975";"Society for Judgment and Decision making";Yes;No;1,062;Q2;82;34;193;1752;478;190;1,85;51,53;27,18;2;United States;Northern America;"Society for Judgment and Decision making";"2007-2026";"Decision Sciences (miscellaneous) (Q1); Economics and Econometrics (Q1); Applied Psychology (Q2)";"Decision Sciences; Economics, Econometrics and Finance; Psychology"
294;12028;"Applied Psychological Measurement";journal;"01466216, 15523497";"SAGE Publications Inc.";No;No;1,061;Q1;79;33;124;1046;192;121;1,29;31,70;38,82;0;United States;Northern America;"SAGE Publications Inc.";"1977-2026";"Psychology (miscellaneous) (Q1); Social Sciences (miscellaneous) (Q1)";"Psychology; Social Sciences"
295;19870;"Journal of Applied Sport Psychology";journal;"10413200, 15331571";"Taylor and Francis Ltd.";No;No;1,059;Q2;99;51;137;2960;525;125;3,68;58,04;45,06;0;United Kingdom;Western Europe;"Taylor and Francis Ltd.";"1989-2026";"Applied Psychology (Q2); Sports Science (Q2)";"Health Professions; Psychology"
296;21100900600;"Current Treatment Options in Psychiatry";journal;"21963061";"Springer International Publishing AG";No;No;1,054;Q1;34;28;81;1894;269;81;2,00;67,64;53,85;6;Switzerland;Western Europe;"Springer International Publishing AG";"2014-2026";"Clinical Psychology (Q1); Psychiatry and Mental Health (Q2)";"Medicine; Psychology"
297;21101055964;"Asian Journal of Social Health and Behavior";journal;"27724204";"Wolters Kluwer Medknow Publications";Yes;No;1,052;Q1;22;25;57;1008;273;50;4,79;40,32;55,17;0;India;Asiatic Region;"Wolters Kluwer Medknow Publications";"2021-2026";"Health (social science) (Q1); Medicine (miscellaneous) (Q1); Public Health, Environmental and Occupational Health (Q1); Social Psychology (Q1)";"Medicine; Psychology; Social Sciences"
298;19700186336;"Psychology of Violence";journal;"21520828, 2152081X";"American Psychological Association";No;No;1,049;Q1;69;31;185;1743;544;185;2,21;56,23;63,16;1;United States;Northern America;"American Psychological Association";"2010-2025";"Health (social science) (Q1); Social Psychology (Q1); Applied Psychology (Q2)";"Psychology; Social Sciences"
299;17562;"Social Psychology Quarterly";journal;"01902725, 19398999";"SAGE Publications Inc.";No;No;1,049;Q1;112;28;68;1669;170;65;2,32;59,61;61,67;4;United States;Northern America;"SAGE Publications Inc.";"1979-1984, 1989, 1996-2026";"Social Psychology (Q1)";"Psychology"
300;22053;"European Journal of Special Needs Education";journal;"08856257, 1469591X";"Routledge";No;No;1,048;Q2;65;63;188;2686;667;181;3,64;42,63;68,62;7;United Kingdom;Western Europe;"Routledge";"1986-2026";"Education (Q1); Health Professions (miscellaneous) (Q1); Developmental and Educational Psychology (Q2)";"Health Professions; Psychology; Social Sciences"
301;12001;"Journal of the Experimental Analysis of Behavior";journal;"00225002, 19383711";"Wiley-Blackwell";No;No;1,047;Q1;76;71;203;3636;421;201;1,57;51,21;32,52;0;United States;Northern America;"Wiley-Blackwell";"1958-2026";"Behavioral Neuroscience (Q1); Experimental and Cognitive Psychology (Q1)";"Neuroscience; Psychology"
302;14818;"Small Group Research";journal;"15528278, 10464964";"SAGE Publications Inc.";No;No;1,047;Q1;93;26;76;2186;318;75;3,87;84,08;64,77;0;United States;Northern America;"SAGE Publications Inc.";"1970-2026";"Social Psychology (Q1); Applied Psychology (Q2)";"Psychology"
303;14130;"Research in Organizational Behavior";journal;"01913085";"Emerald Publishing";No;No;1,046;Q1;87;8;27;1116;43;23;1,36;139,50;37,50;0;United Kingdom;Western Europe;"Emerald Publishing";"2000-2004, 2006, 2008-2025";"Experimental and Cognitive Psychology (Q1); Social Psychology (Q1); Organizational Behavior and Human Resource Management (Q2)";"Business, Management and Accounting; Psychology"
304;13460;"Learning Environments Research";journal;"15731855, 13871579";"Springer Netherlands";No;No;1,046;Q2;56;47;100;2492;454;99;3,78;53,02;60,12;5;Netherlands;Western Europe;"Springer Netherlands";"2000-2001, 2003-2026";"Communication (Q1); Education (Q1); E-learning (Q1); Developmental and Educational Psychology (Q2)";"Psychology; Social Sciences"
305;22810;"British Journal of Criminology";journal;"00070955, 14643529";"Oxford University Press";No;No;1,045;Q1;127;87;252;5819;852;250;3,38;66,89;48,00;23;United Kingdom;Western Europe;"Oxford University Press";"1960-2026";"Arts and Humanities (miscellaneous) (Q1); Law (Q1); Pathology and Forensic Medicine (Q1); Social Psychology (Q1)";"Arts and Humanities; Medicine; Psychology; Social Sciences"
306;16664;"Journal of Behavioral Medicine";journal;"15733521, 01607715";"Springer New York";No;No;1,044;Q1;118;90;269;4823;828;264;2,73;53,59;58,50;6;United States;Northern America;"Springer New York";"1978-2026";"Psychology (miscellaneous) (Q1); Psychiatry and Mental Health (Q2)";"Medicine; Psychology"
307;20537;"Journal of Behavioral Decision Making";journal;"08943257, 10990771";"John Wiley and Sons Ltd";No;No;1,040;Q2;99;56;134;3387;403;134;2,49;60,48;40,25;0;United Kingdom;Western Europe;"John Wiley and Sons Ltd";"1988-2026";"Arts and Humanities (miscellaneous) (Q1); Sociology and Political Science (Q1); Strategy and Management (Q1); Applied Psychology (Q2); Decision Sciences (miscellaneous) (Q2)";"Arts and Humanities; Business, Management and Accounting; Decision Sciences; Psychology; Social Sciences"
308;16221;"Irish Journal of Psychological Medicine";journal;"07909667, 20516967";"Cambridge University Press";No;No;1,035;Q2;39;94;180;2639;603;155;1,88;28,07;49,74;12;United Kingdom;Western Europe;"Cambridge University Press";"1968, 1989-2026";"History and Philosophy of Science (Q1); Applied Psychology (Q2); Psychiatry and Mental Health (Q2)";"Arts and Humanities; Medicine; Psychology"
309;12867;"Cognitive and Behavioral Practice";journal;"1878187X, 10777229";"Elsevier Inc.";No;No;1,034;Q1;81;54;177;2905;490;174;2,74;53,80;70,40;5;United States;Northern America;"Elsevier Inc.";"1994-2026";"Clinical Psychology (Q1)";"Psychology"
310;15481;"Journal of Experimental Psychology: Human Perception and Performance";journal;"00961523, 19391277";"American Psychological Association";No;No;1,034;Q1;175;85;316;5500;742;316;2,12;64,71;39,43;0;United States;Northern America;"American Psychological Association";"1975-2026";"Arts and Humanities (miscellaneous) (Q1); Behavioral Neuroscience (Q1); Experimental and Cognitive Psychology (Q1); Medicine (miscellaneous) (Q1)";"Arts and Humanities; Medicine; Neuroscience; Psychology"
311;12061;"Memory and Cognition";journal;"0090502X, 15325946";"Springer New York";No;No;1,034;Q1;152;117;325;6925;875;324;2,57;59,19;48,34;3;United States;Northern America;"Springer New York";"1973-2026";"Arts and Humanities (miscellaneous) (Q1); Experimental and Cognitive Psychology (Q1); Medicine (miscellaneous) (Q1); Neuropsychology and Physiological Psychology (Q1)";"Arts and Humanities; Medicine; Psychology"
312;17467;"Neurobiology of Learning and Memory";journal;"10959564, 10747427";"Academic Press Inc.";No;No;1,033;Q1;140;84;363;5785;901;358;2,32;68,87;46,99;0;United States;Northern America;"Academic Press Inc.";"1995-2026";"Behavioral Neuroscience (Q1); Experimental and Cognitive Psychology (Q1); Cognitive Neuroscience (Q2)";"Neuroscience; Psychology"
313;12111;"Behavioral Medicine";journal;"19404026, 08964289";"Routledge";No;No;1,033;Q2;62;40;102;1956;319;98;2,63;48,90;61,06;5;United States;Northern America;"Routledge";"1988-2026";"Applied Psychology (Q2); Psychiatry and Mental Health (Q2)";"Medicine; Psychology"
314;17500155105;"Emotion Review";journal;"17540747, 17540739";"SAGE Publications Ltd";No;No;1,032;Q1;109;38;98;2686;306;78;3,42;70,68;43,28;2;United Kingdom;Western Europe;"SAGE Publications Ltd";"2009-2026";"Arts and Humanities (miscellaneous) (Q1); Experimental and Cognitive Psychology (Q1); Social Psychology (Q1)";"Arts and Humanities; Psychology"
315;16188;"Journal of the International Neuropsychological Society";journal;"13556177, 14697661";"Cambridge University Press";No;No;1,028;Q1;155;100;280;5433;831;278;2,87;54,33;54,38;0;United Kingdom;Western Europe;"Cambridge University Press";"1995-2026";"Clinical Psychology (Q1); Neurology (clinical) (Q1); Neuroscience (miscellaneous) (Q2); Psychiatry and Mental Health (Q2)";"Medicine; Neuroscience; Psychology"
316;28471;"Ageing and Society";journal;"0144686X, 14691779";"Cambridge University Press";No;No;1,026;Q1;109;146;397;8824;1303;397;3,04;60,44;67,09;0;United Kingdom;Western Europe;"Cambridge University Press";"1981-2026";"Arts and Humanities (miscellaneous) (Q1); Health (social science) (Q1); Public Health, Environmental and Occupational Health (Q1); Social Psychology (Q1); Geriatrics and Gerontology (Q2)";"Arts and Humanities; Medicine; Psychology; Social Sciences"
317;21101020142;"International Journal of Wellbeing";journal;"11798602";"";Yes;Yes;1,026;Q1;18;19;76;1690;269;73;2,61;88,95;45,61;2;New Zealand;Pacific Region;"";"2019-2025";"Economics, Econometrics and Finance (miscellaneous) (Q1); Social Psychology (Q1); Applied Psychology (Q2)";"Economics, Econometrics and Finance; Psychology"
318;145172;"Behavioral Sleep Medicine";journal;"15402010, 15402002";"Routledge";No;No;1,025;Q1;74;57;183;2892;655;182;3,08;50,74;65,44;1;United States;Northern America;"Routledge";"2003-2026";"Medicine (miscellaneous) (Q1); Neurology (clinical) (Q1); Psychology (miscellaneous) (Q1); Neuroscience (miscellaneous) (Q2)";"Medicine; Neuroscience; Psychology"
319;30086;"Journal of Social and Personal Relationships";journal;"14603608, 02654075";"SAGE Publications Ltd";No;No;1,022;Q1;115;179;520;11081;1475;520;2,85;61,91;66,55;4;United Kingdom;Western Europe;"SAGE Publications Ltd";"1984-2026";"Communication (Q1); Social Psychology (Q1); Sociology and Political Science (Q1); Developmental and Educational Psychology (Q2)";"Psychology; Social Sciences"
320;15536;"Journal of Health Psychology";journal;"14617277, 13591053";"SAGE Publications Ltd";No;No;1,022;Q2;118;95;689;4553;2306;678;3,13;47,93;64,42;2;United Kingdom;Western Europe;"SAGE Publications Ltd";"1996-2026";"Applied Psychology (Q2)";"Psychology"
321;29452;"Aggressive Behavior";journal;"10982337, 0096140X";"Wiley-Liss Inc.";No;No;1,021;Q1;121;57;162;3738;525;158;3,28;65,58;54,31;2;United States;Northern America;"Wiley-Liss Inc.";"1974-2026";"Arts and Humanities (miscellaneous) (Q1); Psychology (miscellaneous) (Q1); Developmental and Educational Psychology (Q2)";"Arts and Humanities; Psychology"
322;19400158810;"Child Indicators Research";journal;"18748988, 1874897X";"Springer Netherlands";No;No;1,021;Q1;57;107;322;7671;1031;322;2,97;71,69;56,27;15;Netherlands;Western Europe;"Springer Netherlands";"2010-2026";"Health (social science) (Q1); Social Psychology (Q1); Sociology and Political Science (Q1)";"Psychology; Social Sciences"
323;21101044921;"Journal of Cognition";journal;"25144820";"Ubiquity Press";Yes;No;1,019;Q1;27;62;148;5003;413;143;1,93;80,69;50,50;0;United Kingdom;Western Europe;"Ubiquity Press";"2018-2026";"Experimental and Cognitive Psychology (Q1)";"Psychology"
324;14873;"International Journal of Behavioral Medicine";journal;"15327558, 10705503";"Routledge";No;No;1,013;Q2;84;96;226;4894;705;223;2,62;50,98;61,15;3;United States;Northern America;"Routledge";"1994-2026";"Applied Psychology (Q2)";"Psychology"
325;24733;"American Behavioral Scientist";journal;"15523381, 00027642";"SAGE Publications Inc.";No;No;1,012;Q1;149;112;344;4832;1268;329;3,55;43,14;48,79;7;United States;Northern America;"SAGE Publications Inc.";"1957-2026";"Cultural Studies (Q1); Education (Q1); Social Psychology (Q1); Social Sciences (miscellaneous) (Q1); Sociology and Political Science (Q1)";"Psychology; Social Sciences"
326;13450;"Counselling Psychology Quarterly";journal;"09515070, 14693674";"Routledge";No;No;1,012;Q1;52;36;128;2248;391;125;2,66;62,44;55,74;2;United Kingdom;Western Europe;"Routledge";"1988-2026";"Clinical Psychology (Q1); Applied Psychology (Q2); Psychiatry and Mental Health (Q2)";"Medicine; Psychology"
327;15476;"Journal of Experimental Psychology: Applied";journal;"19392192, 1076898X";"American Psychological Association";No;No;1,010;Q1;108;43;186;3033;531;186;2,76;70,53;42,96;4;United States;Northern America;"American Psychological Association";"1995-2025";"Experimental and Cognitive Psychology (Q1)";"Psychology"
328;18000156703;"Counselling and Psychotherapy Research";journal;"14733145, 17461405";"Wiley-Blackwell";No;No;1,009;Q1;47;101;270;5067;852;269;3,46;50,17;61,67;6;United States;Northern America;"Wiley-Blackwell";"2001-2026";"Clinical Psychology (Q1); Applied Psychology (Q2); Psychiatry and Mental Health (Q2)";"Medicine; Psychology"
329;19664;"Criminal Justice and Behavior";journal;"15523594, 00938548";"SAGE Publications Inc.";No;No;1,006;Q1;121;95;272;5913;749;270;2,53;62,24;57,63;17;United States;Northern America;"SAGE Publications Inc.";"1974-2026";"Law (Q1); Pathology and Forensic Medicine (Q1); Psychology (miscellaneous) (Q1)";"Medicine; Psychology; Social Sciences"
330;14788;"Human Performance";journal;"08959285, 15327043";"Routledge";No;No;1,006;Q1;87;12;57;1117;157;57;2,86;93,08;45,45;1;United States;Northern America;"Routledge";"1988-2026";"Psychology (miscellaneous) (Q1); Applied Psychology (Q2); Organizational Behavior and Human Resource Management (Q2)";"Business, Management and Accounting; Psychology"
331;12125;"Behaviour and Information Technology";journal;"13623001, 0144929X";"Taylor and Francis Ltd.";No;No;1,006;Q2;111;172;402;14382;2065;395;4,96;83,62;42,18;0;United Kingdom;Western Europe;"Taylor and Francis Ltd.";"1982-2026";"Arts and Humanities (miscellaneous) (Q1); Social Sciences (miscellaneous) (Q1); Developmental and Educational Psychology (Q2); Human-Computer Interaction (Q2)";"Arts and Humanities; Computer Science; Psychology; Social Sciences"
332;21100386521;"Language, Cognition and Neuroscience";journal;"23273801, 23273798";"Routledge";No;No;1,006;Q2;102;93;255;7260;666;239;1,94;78,06;55,32;0;United Kingdom;Western Europe;"Routledge";"2013-2026";"Linguistics and Language (Q1); Cognitive Neuroscience (Q2); Experimental and Cognitive Psychology (Q2)";"Neuroscience; Psychology; Social Sciences"
333;15565;"Journal of Loss and Trauma";journal;"15325024, 15325032";"Routledge";No;No;1,004;Q1;63;70;195;1883;678;153;2,23;26,90;62,00;4;United States;Northern America;"Routledge";"1996-2026";"Social Psychology (Q1); Social Sciences (miscellaneous) (Q1); Psychiatry and Mental Health (Q2)";"Medicine; Psychology; Social Sciences"
334;19500157064;"School Mental Health";journal;"18662625, 18662633";"Springer New York";No;No;1,004;Q2;59;82;200;5490;580;199;2,73;66,95;69,85;20;United States;Northern America;"Springer New York";"2009-2026";"Education (Q1); Developmental and Educational Psychology (Q2)";"Psychology; Social Sciences"
335;96959;"Journal of the American Psychoanalytic Association";journal;"19412460, 00030651";"SAGE Publications Inc.";No;No;1,003;Q1;59;60;192;1678;177;122;0,86;27,97;37,21;0;United States;Northern America;"SAGE Publications Inc.";"1953-2026";"Arts and Humanities (miscellaneous) (Q1); Clinical Psychology (Q1)";"Arts and Humanities; Psychology"
336;15407;"Visual Cognition";journal;"13506285, 14640716";"Routledge";No;No;1,003;Q2;99;51;161;2457;385;159;2,21;48,18;46,75;0;United Kingdom;Western Europe;"Routledge";"1994-2026";"Arts and Humanities (miscellaneous) (Q1); Cognitive Neuroscience (Q2); Experimental and Cognitive Psychology (Q2)";"Arts and Humanities; Neuroscience; Psychology"
337;29451;"Aggression and Violent Behavior";journal;"18736335, 13591789";"Elsevier Ltd";No;No;1,002;Q1;147;45;244;4452;1004;236;3,01;98,93;72,29;9;United Kingdom;Western Europe;"Elsevier Ltd";"1996-2026";"Clinical Psychology (Q1); Pathology and Forensic Medicine (Q1); Psychiatry and Mental Health (Q2)";"Medicine; Psychology"
338;13479;"Current Psychology";journal;"19364733, 10461310";"Springer";No;No;1,001;Q1;83;2637;1621;167858;5849;1616;3,62;63,65;53,26;96;United States;Northern America;"Springer";"1981-1982, 1984-2026";"Psychology (miscellaneous) (Q1)";"Psychology"
339;19700182728;"Personality Disorders: Theory, Research, and Treatment";journal;"19492723, 19492715";"American Psychological Association";No;No;0,998;Q1;76;49;204;2796;603;201;2,56;57,06;52,21;2;United States;Northern America;"American Psychological Association";"2005, 2010-2026";"Clinical Psychology (Q1); Medicine (miscellaneous) (Q1); Psychiatry and Mental Health (Q2)";"Medicine; Psychology"
340;11600153433;"Games and Culture";journal;"15554139, 15554120";"SAGE Publications Inc.";No;No;0,997;Q2;70;53;159;2369;616;158;3,52;44,70;31,82;2;United States;Northern America;"SAGE Publications Inc.";"2006-2026";"Anthropology (Q1); Arts and Humanities (miscellaneous) (Q1); Communication (Q1); Cultural Studies (Q1); Applied Psychology (Q2); Human-Computer Interaction (Q2)";"Arts and Humanities; Computer Science; Psychology; Social Sciences"
341;15413;"Journal of Cognition and Development";journal;"15327647, 15248372";"Routledge";No;No;0,996;Q2;76;40;120;2618;266;119;1,79;65,45;68,14;1;United States;Northern America;"Routledge";"2000-2026";"Developmental and Educational Psychology (Q2); Experimental and Cognitive Psychology (Q2); Psychiatry and Mental Health (Q2)";"Medicine; Psychology"
342;200147135;"Journal of Child and Adolescent Mental Health";journal;"17280591, 17280583";"Routledge";No;No;0,992;Q1;27;10;21;550;27;20;0,22;55,00;61,90;0;United Kingdom;Western Europe;"Routledge";"2005-2021, 2023-2026";"Clinical Psychology (Q1); Pediatrics, Perinatology and Child Health (Q1); Developmental and Educational Psychology (Q2); Psychiatry and Mental Health (Q2)";"Medicine; Psychology"
343;15453;"Journal of Cross-Cultural Psychology";journal;"00220221, 15525422";"SAGE Publications Inc.";No;No;0,992;Q1;143;47;149;2991;406;146;2,55;63,64;61,32;3;United States;Northern America;"SAGE Publications Inc.";"1970-2026";"Anthropology (Q1); Cultural Studies (Q1); Social Psychology (Q1)";"Psychology; Social Sciences"
344;25677;"Journal of Child Language";journal;"03050009, 14697602";"Cambridge University Press";No;No;0,990;Q1;93;91;180;4597;474;178;2,06;50,52;74,67;0;United Kingdom;Western Europe;"Cambridge University Press";"1974-2026";"Linguistics and Language (Q1); Psychology (miscellaneous) (Q1); Developmental and Educational Psychology (Q2); Experimental and Cognitive Psychology (Q2)";"Psychology; Social Sciences"
345;11300153602;"Parenting";journal;"15295192, 15327922";"Psychology Press Ltd";No;No;0,979;Q1;64;10;45;627;146;45;1,62;62,70;70,97;0;United Kingdom;Western Europe;"Psychology Press Ltd";"2001-2026";"Education (Q1); Social Psychology (Q1); Developmental and Educational Psychology (Q2)";"Psychology; Social Sciences"
346;25175;"Infancy";journal;"15327078, 15250008";"Wiley-Blackwell";No;No;0,973;Q2;90;56;166;3492;371;166;2,02;62,36;69,76;6;United States;Northern America;"Wiley-Blackwell";"2000-2026";"Pediatrics, Perinatology and Child Health (Q1); Developmental and Educational Psychology (Q2)";"Medicine; Psychology"
347;15429;"Journal of Community and Applied Social Psychology";journal;"10529284, 10991298";"John Wiley and Sons Ltd";No;No;0,970;Q1;79;96;178;5636;558;173;3,23;58,71;68,22;9;United Kingdom;Western Europe;"John Wiley and Sons Ltd";"1991-2026";"Social Psychology (Q1); Sociology and Political Science (Q1)";"Psychology; Social Sciences"
348;15503;"Journal of Family Psychology";journal;"08933200, 19391293";"American Psychological Association";No;No;0,967;Q1;154;122;393;6561;1063;391;2,24;53,78;71,60;1;United States;Northern America;"American Psychological Association";"1990-2026";"Psychology (miscellaneous) (Q1)";"Psychology"
349;24734;"American Journal of Evaluation";journal;"10982140, 15570878";"SAGE Publications Inc.";No;No;0,965;Q1;74;42;110;1555;276;100;2,16;37,02;63,27;3;United States;Northern America;"SAGE Publications Inc.";"1981-2026";"Business and International Management (Q1); Education (Q1); Health (social science) (Q1); Social Psychology (Q1); Sociology and Political Science (Q1); Strategy and Management (Q2)";"Business, Management and Accounting; Psychology; Social Sciences"
350;19391;"Social Indicators Research";journal;"03038300, 15730921";"Springer Netherlands";No;No;0,965;Q2;157;216;825;14083;3089;818;3,02;65,20;40,81;41;Netherlands;Western Europe;"Springer Netherlands";"1974-2026";"Arts and Humanities (miscellaneous) (Q1); Social Sciences (miscellaneous) (Q1); Sociology and Political Science (Q1); Developmental and Educational Psychology (Q2)";"Arts and Humanities; Psychology; Social Sciences"
351;144967;"Early Childhood Education Journal";journal;"15731707, 10823301";"Springer Netherlands";No;No;0,964;Q2;67;125;290;6604;1007;289;3,37;52,83;86,44;14;Netherlands;Western Europe;"Springer Netherlands";"1995-2002, 2005-2026";"Education (Q1); Developmental and Educational Psychology (Q2)";"Psychology; Social Sciences"
352;29972;"Journal of Homosexuality";journal;"15403602, 00918369";"Routledge";No;No;0,963;Q1;101;156;356;8903;1168;348;3,17;57,07;54,39;13;United States;Northern America;"Routledge";"1974, 1976-2026";"Education (Q1); Gender Studies (Q1); Medicine (miscellaneous) (Q1); Psychology (miscellaneous) (Q1); Social Psychology (Q1)";"Medicine; Psychology; Social Sciences"
353;15390;"Journal of Applied Social Psychology";journal;"00219029, 15591816";"Wiley-Blackwell";No;No;0,962;Q2;146;84;236;5910;624;232;2,53;70,36;59,25;8;United States;Northern America;"Wiley-Blackwell";"1971-2026";"Social Psychology (Q2)";"Psychology"
354;12886;"Cognitive Systems Research";journal;"13890417, 22144366";"Elsevier B.V.";No;No;0,957;Q2;76;68;175;4029;835;172;3,22;59,25;31,62;2;Netherlands;Western Europe;"Elsevier B.V.";"1999-2026";"Artificial Intelligence (Q2); Cognitive Neuroscience (Q2); Experimental and Cognitive Psychology (Q2); Software (Q2)";"Computer Science; Neuroscience; Psychology"
355;20000195043;"Nature and Science of Sleep";journal;"11791608";"Dove Medical Press Ltd";Yes;No;0,956;Q2;61;91;473;4718;1686;464;3,28;51,85;45,60;0;New Zealand;Pacific Region;"Dove Medical Press Ltd";"2009-2026";"Applied Psychology (Q2); Behavioral Neuroscience (Q2)";"Neuroscience; Psychology"
356;18009;"Neuropsychologia";journal;"18733514, 00283932";"Elsevier Ltd";No;No;0,956;Q2;244;193;852;15596;2229;840;2,18;80,81;49,88;1;United Kingdom;Western Europe;"Elsevier Ltd";"1963-2026";"Behavioral Neuroscience (Q2); Cognitive Neuroscience (Q2); Experimental and Cognitive Psychology (Q2)";"Neuroscience; Psychology"
357;21100464683;"BMC Psychology";journal;"20507283";"BioMed Central Ltd";Yes;No;0,954;Q1;61;430;647;26072;2203;647;2,95;60,63;53,27;18;United Kingdom;Western Europe;"BioMed Central Ltd";"2013-2026";"Medicine (miscellaneous) (Q1); Psychology (miscellaneous) (Q1)";"Medicine; Psychology"
358;14112;"Rehabilitation Psychology";journal;"00905550, 19391544";"American Psychological Association";No;No;0,954;Q1;86;48;158;2807;455;158;2,07;58,48;65,22;3;United States;Northern America;"American Psychological Association";"1982-2025";"Clinical Psychology (Q1); Physical Therapy, Sports Therapy and Rehabilitation (Q1); Rehabilitation (Q1); Psychiatry and Mental Health (Q2)";"Health Professions; Medicine; Psychology"
359;15031;"Infant Mental Health Journal";journal;"01639641, 10970355";"John Wiley &amp; Sons Inc.";No;No;0,950;Q2;90;59;182;3416;478;181;2,34;57,90;77,69;37;United States;Northern America;"John Wiley &amp; Sons Inc.";"1980-2026";"Pediatrics, Perinatology and Child Health (Q1); Developmental and Educational Psychology (Q2); Psychiatry and Mental Health (Q2)";"Medicine; Psychology"
360;19700175166;"Frontiers in Behavioral Neuroscience";journal;"16625153";"Frontiers Media SA";Yes;No;0,949;Q1;115;317;1173;21345;3168;1101;2,45;67,33;51,89;6;Switzerland;Western Europe;"Frontiers Media SA";"2007-2026";"Neuropsychology and Physiological Psychology (Q1); Behavioral Neuroscience (Q2); Cognitive Neuroscience (Q2)";"Neuroscience; Psychology"
361;21100896922;"Journal of Language Evolution";journal;"2058458X";"Oxford University Press";No;No;0,949;Q2;18;12;34;745;86;33;1,91;62,08;39,39;0;United Kingdom;Western Europe;"Oxford University Press";"2016-2026";"Linguistics and Language (Q1); Developmental and Educational Psychology (Q2); Developmental Neuroscience (Q2)";"Neuroscience; Psychology; Social Sciences"
362;29826;"Research on Aging";journal;"01640275, 15527573";"SAGE Publications Inc.";No;No;0,949;Q2;83;52;130;2898;363;130;2,69;55,73;56,71;6;United States;Northern America;"SAGE Publications Inc.";"1979-2026";"Health (social science) (Q1); Geriatrics and Gerontology (Q2); Social Psychology (Q2)";"Medicine; Psychology; Social Sciences"
363;30045;"Journal of Personality Disorders";journal;"0885579X, 19432763";"Guilford Publications";No;No;0,948;Q1;114;41;197;2358;529;193;2,08;57,51;54,88;2;United States;Northern America;"Guilford Publications";"1987-2026";"Clinical Psychology (Q1); Psychiatry and Mental Health (Q2)";"Medicine; Psychology"
364;12789;"Journal of Creative Behavior";journal;"21626057, 00220175";"John Wiley &amp; Sons Inc.";No;No;0,946;Q2;82;56;192;3892;884;184;3,76;69,50;54,55;2;United States;Northern America;"John Wiley &amp; Sons Inc.";"1967-2026";"Education (Q1); Visual Arts and Performing Arts (Q1); Developmental and Educational Psychology (Q2)";"Arts and Humanities; Psychology; Social Sciences"
365;21100217612;"Industrial and Organizational Psychology";journal;"17549426, 17549434";"Cambridge University Press";No;No;0,940;Q2;57;89;318;2000;345;87;1,10;22,47;55,93;5;United Kingdom;Western Europe;"Cambridge University Press";"2008-2026";"Applied Psychology (Q2); Social Psychology (Q2)";"Psychology"
366;15600154711;"International Journal of Sport and Exercise Psychology";journal;"1557251X, 1612197X";"Taylor and Francis Ltd.";No;No;0,940;Q2;53;68;233;3766;826;227;3,27;55,38;36,69;0;United Kingdom;Western Europe;"Taylor and Francis Ltd.";"2008-2026";"Applied Psychology (Q2); Social Psychology (Q2); Sports Science (Q2)";"Health Professions; Psychology"
367;21101100209;"Social Psychological Bulletin";journal;"2569653X, 18961800";"PsychOpen";Yes;Yes;0,940;Q2;18;17;49;868;122;45;1,54;51,06;35,42;0;Germany;Western Europe;"PsychOpen";"2018-2026";"Applied Psychology (Q2); Social Psychology (Q2)";"Psychology"
368;5700181569;"Journal of Gambling Studies";journal;"10505350, 15733602";"Springer International Publishing AG";No;No;0,939;Q1;97;101;239;5708;666;239;2,66;56,51;47,31;32;United States;Northern America;"Springer International Publishing AG";"1990-2026";"Psychology (miscellaneous) (Q1); Sociology and Political Science (Q1)";"Psychology; Social Sciences"
369;15568;"Journal of Mathematical Psychology";journal;"10960880, 00222496";"Academic Press Inc.";No;No;0,938;Q1;88;47;154;1968;314;150;2,28;41,87;16,05;0;United States;Northern America;"Academic Press Inc.";"1964-2026";"Applied Mathematics (Q1); Psychology (miscellaneous) (Q1)";"Mathematics; Psychology"
370;144801;"Journal of Psychotherapy Integration";journal;"10530479, 15733696";"American Psychological Association";No;No;0,938;Q2;50;23;118;1548;384;109;1,88;67,30;59,72;0;United States;Northern America;"American Psychological Association";"1992, 1996-2025";"Clinical Psychology (Q2); Psychiatry and Mental Health (Q2)";"Medicine; Psychology"
371;58705;"Psychology, Health and Medicine";journal;"13548506, 14653966";"Routledge";No;No;0,938;Q2;88;269;480;9994;1725;479;3,91;37,15;55,11;10;United Kingdom;Western Europe;"Routledge";"1996-2026";"Applied Psychology (Q2); Clinical Psychology (Q2); Psychiatry and Mental Health (Q2)";"Medicine; Psychology"
372;19600161825;"Revista de Psicodidactica";journal;"22544372, 11361034";"Escuela Universitaria de Magisterio";Yes;Yes;0,938;Q2;40;20;60;1334;240;60;3,80;66,70;58,44;2;Spain;Western Europe;"Escuela Universitaria de Magisterio";"2005-2026";"Education (Q1); Developmental and Educational Psychology (Q2)";"Psychology; Social Sciences"
373;21100794825;"Health Psychology Open";journal;"20551029";"SAGE Publications Inc.";Yes;No;0,937;Q2;37;17;98;1275;338;97;1,91;75,00;68,12;0;United Kingdom;Western Europe;"SAGE Publications Inc.";"2014-2026";"Clinical Psychology (Q2); Psychiatry and Mental Health (Q2)";"Medicine; Psychology"
374;28652;"Clinical Gerontologist";journal;"15452301, 07317115";"Routledge";No;No;0,932;Q2;49;74;228;3616;653;204;2,99;48,86;63,45;4;United States;Northern America;"Routledge";"1982-2026";"Health (social science) (Q1); Clinical Psychology (Q2); Geriatrics and Gerontology (Q2); Gerontology (Q2); Social Psychology (Q2)";"Medicine; Nursing; Psychology; Social Sciences"
375;19500156812;"Psychology of Aesthetics, Creativity, and the Arts";journal;"1931390X, 19313896";"American Psychological Association";No;No;0,928;Q2;93;80;278;6281;960;271;2,91;78,51;47,71;1;United States;Northern America;"American Psychological Association";"2007-2025";"Visual Arts and Performing Arts (Q1); Applied Psychology (Q2); Developmental and Educational Psychology (Q2)";"Arts and Humanities; Psychology"
376;21101042149;"Stigma and Health";journal;"23766964, 23766972";"American Psychological Association";No;No;0,928;Q2;29;70;206;4186;612;204;2,68;59,80;60,53;6;United States;Northern America;"American Psychological Association";"2017, 2019-2025";"Health Policy (Q1); Public Health, Environmental and Occupational Health (Q1); Clinical Psychology (Q2); Psychiatry and Mental Health (Q2); Social Psychology (Q2)";"Medicine; Psychology"
377;21101161915;"Complex Psychiatry";journal;"26733005, 2673298X";"S. Karger AG";No;No;0,927;Q1;10;13;30;1473;57;20;1,68;113,31;51,28;1;Switzerland;Western Europe;"S. Karger AG";"2015, 2019-2026";"Psychology (miscellaneous) (Q1)";"Psychology"
378;5300152209;"Psychological Services";journal;"15411559, 1939148X";"American Psychological Association";No;No;0,926;Q2;66;91;384;3922;861;381;2,01;43,10;64,09;12;United States;Northern America;"American Psychological Association";"2004-2026";"Applied Psychology (Q2); Clinical Psychology (Q2)";"Psychology"
379;17500155127;"Sleep Medicine Clinics";journal;"1556407X, 15564088";"W.B. Saunders";No;No;0,923;Q1;69;57;175;3879;667;151;3,32;68,05;62,32;0;United States;Northern America;"W.B. Saunders";"2006-2026";"Medicine (miscellaneous) (Q1); Neuropsychology and Physiological Psychology (Q1); Clinical Psychology (Q2); Neurology (clinical) (Q2); Psychiatry and Mental Health (Q2)";"Medicine; Psychology"
380;14566;"American Journal of Speech-Language Pathology";journal;"10580360, 15589110";"American Speech-Language-Hearing Association (ASHA)";No;No;0,923;Q2;98;194;541;11222;1483;523;2,14;57,85;77,54;0;United States;Northern America;"American Speech-Language-Hearing Association (ASHA)";"1993-2026";"Linguistics and Language (Q1); Medicine (miscellaneous) (Q1); Otorhinolaryngology (Q1); Speech and Hearing (Q1); Developmental and Educational Psychology (Q2)";"Health Professions; Medicine; Psychology; Social Sciences"
381;19400158521;"Review of Philosophy and Psychology";journal;"18785166, 18785158";"Springer Verlag";No;No;0,922;Q2;51;63;147;4278;363;140;2,26;67,90;22,64;1;Germany;Western Europe;"Springer Verlag";"2010-2026";"Philosophy (Q1); Experimental and Cognitive Psychology (Q2)";"Arts and Humanities; Psychology"
382;21100899309;"Research and Practice in Technology Enhanced Learning";journal;"17937078";"Asia-Pacific Society for Computers in Education";Yes;Yes;0,919;Q2;38;40;78;2344;396;78;4,42;58,60;35,34;0;Taiwan;Asiatic Region;"Asia-Pacific Society for Computers in Education";"2015-2026";"Education (Q1); Media Technology (Q1); Management of Technology and Innovation (Q2); Social Psychology (Q2)";"Business, Management and Accounting; Engineering; Psychology; Social Sciences"
383;19700187621;"Psychology and Sexuality";journal;"19419902, 19419899";"Routledge";No;No;0,918;Q2;47;44;148;2906;458;144;2,99;66,05;57,75;5;United Kingdom;Western Europe;"Routledge";"2010-2026";"Gender Studies (Q1); Health (social science) (Q1); Applied Psychology (Q2); Social Psychology (Q2)";"Psychology; Social Sciences"
384;14000155911;"International Gambling Studies";journal;"14794276, 14459795";"Routledge";No;No;0,916;Q2;47;30;95;1616;274;90;2,84;53,87;45,54;10;United Kingdom;Western Europe;"Routledge";"2010-2026";"Applied Psychology (Q2)";"Psychology"
385;5800207540;"Journal of Politeness Research";journal;"16125681, 16134877";"De Gruyter Mouton";No;No;0,916;Q2;45;18;38;1006;81;38;1,83;55,89;63,64;0;Germany;Western Europe;"De Gruyter Mouton";"2005-2026";"Communication (Q1); Cultural Studies (Q1); Linguistics and Language (Q1); Social Psychology (Q2)";"Psychology; Social Sciences"
386;19700170244;"Language and Cognition";journal;"18669808, 18669859";"Cambridge University Press";Yes;No;0,915;Q2;23;41;78;2603;178;78;1,29;63,49;56,48;0;United Kingdom;Western Europe;"Cambridge University Press";"2009, 2011-2012, 2017-2026";"Linguistics and Language (Q1); Experimental and Cognitive Psychology (Q2)";"Psychology; Social Sciences"
387;15451;"Journal of Counseling and Development";journal;"15566676, 07489633";"Wiley-Blackwell";No;No;0,912;Q2;99;39;122;2268;437;122;3,07;58,15;66,43;2;United States;Northern America;"Wiley-Blackwell";"1984-2026";"Applied Psychology (Q2)";"Psychology"
388;21100943318;"Journal of Numerical Cognition";journal;"23638761";"PsychOpen";Yes;Yes;0,910;Q2;15;26;70;1464;146;66;2,02;56,31;56,52;3;Germany;Western Europe;"PsychOpen";"2019-2025";"Applied Mathematics (Q1); Numerical Analysis (Q1); Experimental and Cognitive Psychology (Q2)";"Mathematics; Psychology"
389;16247;"Journal of Applied Research in Intellectual Disabilities";journal;"14683148, 13602322";"Wiley-Blackwell Publishing Ltd";No;No;0,909;Q2;84;116;372;5864;1070;371;2,54;50,55;61,62;12;United Kingdom;Western Europe;"Wiley-Blackwell Publishing Ltd";"1996-2026";"Education (Q1); Developmental and Educational Psychology (Q2)";"Psychology; Social Sciences"
390;14823;"Social Cognition";journal;"0278016X";"Guilford Publications";No;No;0,909;Q2;95;24;102;1413;158;102;1,27;58,88;40,91;0;United States;Northern America;"Guilford Publications";"1982, 1985-1987, 1996-2025";"Developmental and Educational Psychology (Q2); Social Psychology (Q2)";"Psychology"
391;11600153424;"Canadian Journal of School Psychology";journal;"21543984, 08295735";"SAGE Publications Ltd";No;No;0,908;Q2;41;22;67;1005;190;64;3,24;45,68;74,70;0;United Kingdom;Western Europe;"SAGE Publications Ltd";"1985, 1994-2003, 2005-2026";"Developmental and Educational Psychology (Q2)";"Psychology"
392;14017;"Human Development";journal;"14230054, 0018716X";"S. Karger AG";No;No;0,901;Q2;81;20;88;1747;236;65;2,85;87,35;65,12;0;Switzerland;Western Europe;"S. Karger AG";"1958-2026";"Developmental and Educational Psychology (Q2)";"Psychology"
393;21101019704;"Evolutionary Human Sciences";journal;"2513843X";"Cambridge University Press";Yes;No;0,897;Q2;23;31;156;2350;393;150;2,31;75,81;43,07;1;United States;Northern America;"Cambridge University Press";"2019-2026";"Anthropology (Q1); Cultural Studies (Q1); Ecology, Evolution, Behavior and Systematics (Q1); Applied Psychology (Q2)";"Agricultural and Biological Sciences; Psychology; Social Sciences"
394;13466;"Psychological Research";journal;"14302772, 03400727";"Springer Verlag";No;No;0,894;Q2;97;179;580;11965;1398;579;2,39;66,84;45,92;2;Germany;Western Europe;"Springer Verlag";"1974-2026";"Arts and Humanities (miscellaneous) (Q1); Medicine (miscellaneous) (Q1); Developmental and Educational Psychology (Q2); Experimental and Cognitive Psychology (Q2)";"Arts and Humanities; Medicine; Psychology"
395;18001;"Neuropsychobiology";journal;"0302282X, 14230224";"S. Karger AG";No;No;0,893;Q1;97;33;137;1940;432;131;2,33;58,79;40,54;1;Switzerland;Western Europe;"S. Karger AG";"1975-1990, 1992-2026";"Neuropsychology and Physiological Psychology (Q1); Psychiatry and Mental Health (Q2); Biological Psychiatry (Q3)";"Medicine; Neuroscience; Psychology"
396;14852;"Intelligence";journal;"01602896";"Elsevier Ltd";No;No;0,891;Q2;119;47;158;3551;573;151;3,44;75,55;36,67;6;United Kingdom;Western Europe;"Elsevier Ltd";"1977-2026";"Arts and Humanities (miscellaneous) (Q1); Developmental and Educational Psychology (Q2); Experimental and Cognitive Psychology (Q2)";"Arts and Humanities; Psychology"
397;19227;"Research in Developmental Disabilities";journal;"18733379, 08914222";"Elsevier Inc.";No;No;0,889;Q2;124;155;578;8011;1831;566;2,94;51,68;64,14;8;United States;Northern America;"Elsevier Inc.";"1987-2026";"Clinical Psychology (Q2); Developmental and Educational Psychology (Q2)";"Psychology"
398;12100156481;"International Journal of Art Therapy: Inscape";journal;"17454832, 17454840";"Routledge";No;No;0,885;Q2;29;24;68;972;171;57;1,93;40,50;74,07;0;United Kingdom;Western Europe;"Routledge";"2010-2026";"Rehabilitation (Q1); Clinical Psychology (Q2)";"Medicine; Psychology"
399;12145;"Biological Psychology";journal;"03010511, 18736246";"Elsevier B.V.";No;No;0,881;Q1;158;182;418;13213;1187;404;2,81;72,60;52,96;3;Netherlands;Western Europe;"Elsevier B.V.";"1973-2026";"Neuropsychology and Physiological Psychology (Q1); Neuroscience (miscellaneous) (Q2)";"Neuroscience; Psychology"
400;12164;"Brain and Language";journal;"10902155, 0093934X";"Academic Press Inc.";No;No;0,881;Q2;152;66;217;5177;561;213;2,55;78,44;56,57;1;United States;Northern America;"Academic Press Inc.";"1974-2026";"Linguistics and Language (Q1); Speech and Hearing (Q1); Cognitive Neuroscience (Q2); Experimental and Cognitive Psychology (Q2)";"Health Professions; Neuroscience; Psychology; Social Sciences"
401;15430;"Journal of Community Psychology";journal;"15206629, 00904392";"Wiley-Liss Inc.";No;No;0,878;Q2;107;188;577;11237;1460;558;2,44;59,77;65,09;18;United States;Northern America;"Wiley-Liss Inc.";"1973-2026";"Social Work (Q1); Social Psychology (Q2)";"Psychology; Social Sciences"
402;18654;"Applied Psycholinguistics";journal;"14691817, 01427164";"Cambridge University Press";No;No;0,875;Q1;111;51;167;3589;398;164;2,24;70,37;56,07;0;United Kingdom;Western Europe;"Cambridge University Press";"1980-2026";"Linguistics and Language (Q1); Psychology (miscellaneous) (Q1); Experimental and Cognitive Psychology (Q2)";"Psychology; Social Sciences"
403;21100945714;"Methods, Data, Analyses";journal;"21904936, 18646956";"GESIS - Leibniz Institute for the Social Sciences";Yes;Yes;0,873;Q2;11;12;29;639;55;28;1,76;53,25;25,81;1;Germany;Western Europe;"GESIS - Leibniz Institute for the Social Sciences";"2019-2025";"Applied Mathematics (Q1); Modeling and Simulation (Q1); Applied Psychology (Q2); Computer Science Applications (Q2); Statistics and Probability (Q2); Statistics, Probability and Uncertainty (Q2)";"Computer Science; Decision Sciences; Mathematics; Psychology"
404;21101018925;"Humanities and Social Sciences Communications";journal;"26629992";"Springer Nature";Yes;No;0,871;Q1;84;939;1032;61727;4427;987;4,00;65,74;41,77;82;United Kingdom;Western Europe;"Springer Nature";"2020-2026";"Arts and Humanities (miscellaneous) (Q1); Business, Management and Accounting (miscellaneous) (Q1); Economics, Econometrics and Finance (miscellaneous) (Q1); Psychology (miscellaneous) (Q1); Social Sciences (miscellaneous) (Q1)";"Arts and Humanities; Business, Management and Accounting; Economics, Econometrics and Finance; Psychology; Social Sciences"
405;25675;"Journal of Early Adolescence";journal;"15525449, 02724316";"SAGE Publications Inc.";No;No;0,867;Q2;89;44;153;2968;395;151;2,49;67,45;62,42;3;United States;Northern America;"SAGE Publications Inc.";"1981-2026";"Social Sciences (miscellaneous) (Q1); Sociology and Political Science (Q1); Developmental and Educational Psychology (Q2); Life-span and Life-course Studies (Q2)";"Psychology; Social Sciences"
406;25493;"Cross-Cultural Research";journal;"15523578, 10693971";"SAGE Publications Inc.";No;No;0,866;Q1;56;15;54;1009;156;54;3,15;67,27;62,50;0;United States;Northern America;"SAGE Publications Inc.";"1966-1984, 1986-2026";"Anthropology (Q1); Arts and Humanities (miscellaneous) (Q1); Psychology (miscellaneous) (Q1)";"Arts and Humanities; Psychology; Social Sciences"
407;12768;"British Journal of Developmental Psychology";journal;"2044835X, 0261510X";"Wiley-Blackwell";No;No;0,864;Q2;99;26;113;1572;281;110;2,48;60,46;60,00;2;United States;Northern America;"Wiley-Blackwell";"1988, 1995-2026";"Developmental and Educational Psychology (Q2); Developmental Neuroscience (Q2)";"Neuroscience; Psychology"
408;21100872040;"Cognitive Behaviour Therapist";journal;"1754470X";"Cambridge University Press";No;No;0,864;Q2;29;37;152;2193;357;152;1,45;59,27;59,65;0;United Kingdom;Western Europe;"Cambridge University Press";"2008-2026";"Clinical Psychology (Q2); Experimental and Cognitive Psychology (Q2)";"Psychology"
409;15496;"International Journal of Intercultural Relations";journal;"01471767";"Elsevier Ltd";No;No;0,864;Q2;113;123;334;7973;951;328;2,62;64,82;58,22;8;United Kingdom;Western Europe;"Elsevier Ltd";"1977-2026";"Business and International Management (Q1); Sociology and Political Science (Q1); Social Psychology (Q2)";"Business, Management and Accounting; Psychology; Social Sciences"
410;18013;"Neuropsychology";journal;"08944105, 19311559";"American Psychological Association";No;No;0,858;Q1;154;46;252;2854;631;250;2,21;62,04;59,23;1;United States;Northern America;"American Psychological Association";"1989-2026";"Neuropsychology and Physiological Psychology (Q1)";"Psychology"
411;18011;"Neuropsychological Rehabilitation";journal;"14640694, 09602011";"Taylor and Francis Ltd.";No;No;0,857;Q1;92;78;286;4404;781;281;2,26;56,46;61,97;9;United Kingdom;Western Europe;"Taylor and Francis Ltd.";"1991-2026";"Arts and Humanities (miscellaneous) (Q1); Psychology (miscellaneous) (Q1); Rehabilitation (Q1); Applied Psychology (Q2); Neuropsychology and Physiological Psychology (Q2)";"Arts and Humanities; Medicine; Psychology"
412;20300195073;"Journal of Applied Research in Memory and Cognition";journal;"22113681, 2211369X";"Society for Applied Research in Memory and Cognition";No;No;0,854;Q2;59;58;238;2804;589;187;2,10;48,34;57,96;0;United States;Northern America;"Society for Applied Research in Memory and Cognition";"2012-2025";"Applied Psychology (Q2); Clinical Psychology (Q2); Experimental and Cognitive Psychology (Q2)";"Psychology"
413;16705;"Journal of Emotional and Behavioral Disorders";journal;"15384799, 10634266";"SAGE Publications Inc.";No;No;0,851;Q2;81;24;66;1419;186;66;2,70;59,13;61,73;1;United States;Northern America;"SAGE Publications Inc.";"1993-2026";"Education (Q1); Clinical Psychology (Q2); Developmental and Educational Psychology (Q2); Psychiatry and Mental Health (Q2)";"Medicine; Psychology; Social Sciences"
414;21101076715;"Journal of Affective Disorders Reports";journal;"26669153";"Elsevier B.V.";Yes;No;0,848;Q2;39;159;486;8722;1292;468;2,69;54,86;53,49;9;Netherlands;Western Europe;"Elsevier B.V.";"2020-2026";"Clinical Psychology (Q2); Psychiatry and Mental Health (Q2)";"Medicine; Psychology"
415;28902;"Family Relations";journal;"01976664, 17413729";"Wiley-Blackwell Publishing Ltd";No;No;0,847;Q2;109;176;306;10028;764;303;2,41;56,98;69,95;12;United Kingdom;Western Europe;"Wiley-Blackwell Publishing Ltd";"1981, 1992, 1996-2026";"Education (Q1); Social Sciences (miscellaneous) (Q1); Social Work (Q1); Developmental and Educational Psychology (Q2)";"Psychology; Social Sciences"
416;19700187804;"Children's Geographies";journal;"14733277, 14733285";"Carfax Publishing Ltd.";No;No;0,845;Q2;74;89;204;5100;640;197;2,72;57,30;69,75;8;United Kingdom;Western Europe;"Carfax Publishing Ltd.";"2003-2026";"Geography, Planning and Development (Q1); Sociology and Political Science (Q1); Social Psychology (Q2)";"Psychology; Social Sciences"
417;145332;"Identity";journal;"15283488, 1532706X";"Routledge";No;No;0,845;Q2;46;24;67;1641;170;64;2,78;68,38;58,54;0;United Kingdom;Western Europe;"Routledge";"2005-2026";"Anthropology (Q1); Sociology and Political Science (Q1); Psychology (miscellaneous) (Q2)";"Psychology; Social Sciences"
418;12819;"Canadian Journal of Behavioural Science";journal;"0008400X, 18792669";"Canadian Psychological Association";No;No;0,843;Q2;68;30;181;1422;404;181;1,43;47,40;60,64;2;United States;Northern America;"Canadian Psychological Association";"1973-1978, 1981, 1990, 1992-1993, 1996-2025";"Psychology (miscellaneous) (Q2)";"Psychology"
419;15371;"Journal of Adolescent Research";journal;"07435584, 15526895";"SAGE Publications Inc.";No;No;0,843;Q2;101;35;79;2248;276;74;3,48;64,23;80,45;7;United States;Northern America;"SAGE Publications Inc.";"1986-2026";"Sociology and Political Science (Q1); Developmental and Educational Psychology (Q2)";"Psychology; Social Sciences"
420;19400157156;"Journal of Pacific Rim Psychology";journal;"18344909";"SAGE Publications Ltd";Yes;Yes;0,843;Q2;31;39;94;2684;271;88;2,91;68,82;49,11;1;United Kingdom;Western Europe;"SAGE Publications Ltd";"2008-2026";"Social Sciences (miscellaneous) (Q1); Psychology (miscellaneous) (Q2)";"Psychology; Social Sciences"
421;19900193855;"Revista de Psicologia del Trabajo y de las Organizaciones";journal;"15765962, 21740534";"Colegio Oficial de Psicologos de Madrid";Yes;Yes;0,842;Q2;36;17;63;1181;176;63;2,44;69,47;37,50;2;Spain;Western Europe;"Colegio Oficial de Psicologos de Madrid";"2011-2025";"Organizational Behavior and Human Resource Management (Q2); Social Psychology (Q2)";"Business, Management and Accounting; Psychology"
422;22076;"Gifted Child Quarterly";journal;"00169862, 19349041";"SAGE Publications Inc.";No;No;0,841;Q2;73;20;83;1740;261;53;2,33;87,00;53,33;2;United States;Northern America;"SAGE Publications Inc.";"1957-2026";"Education (Q1); Developmental and Educational Psychology (Q2)";"Psychology; Social Sciences"
423;12769;"Journal of Behavioral Education";journal;"10530819, 15733513";"Springer New York";No;No;0,839;Q2;48;40;108;1721;273;107;1,46;43,03;59,48;1;United States;Northern America;"Springer New York";"1991-2000, 2002, 2005-2026";"Education (Q1); Developmental and Educational Psychology (Q2)";"Psychology; Social Sciences"
424;21100873453;"Palgrave Communications";journal;"20551045";"Palgrave Macmillan";Yes;No;0,839;Q2;0;0;0;0;0;0;0,00;0,00;0,00;0;United Kingdom;Western Europe;"Palgrave Macmillan";"2015-2020";"Arts and Humanities (miscellaneous) (Q1); Economics, Econometrics and Finance (miscellaneous) (Q1); Social Sciences (miscellaneous) (Q1); Psychology (miscellaneous) (Q2)";"Arts and Humanities; Economics, Econometrics and Finance; Psychology; Social Sciences"
425;12869;"Cognitive Development";journal;"08852014";"Elsevier Ltd";No;No;0,838;Q2;99;87;324;5809;625;320;1,86;66,77;69,31;3;United Kingdom;Western Europe;"Elsevier Ltd";"1986-2026";"Developmental and Educational Psychology (Q2); Experimental and Cognitive Psychology (Q2)";"Psychology"
426;17500155126;"Attention, Perception, and Psychophysics";journal;"1943393X, 19433921";"Springer New York";No;No;0,833;Q2;145;197;717;11319;1323;713;1,83;57,46;39,07;1;United States;Northern America;"Springer New York";"2009-2026";"Linguistics and Language (Q1); Experimental and Cognitive Psychology (Q2); Sensory Systems (Q2)";"Neuroscience; Psychology; Social Sciences"
427;21996;"Behavioral Disorders";journal;"01987429, 21635307";"SAGE Publications Ltd";No;No;0,833;Q2;53;20;63;1139;133;62;1,63;56,95;64,38;2;United States;Northern America;"SAGE Publications Ltd";"1977, 1989, 1995-2026";"Education (Q1); Clinical Psychology (Q2); Developmental and Educational Psychology (Q2)";"Psychology; Social Sciences"
428;21101081716;"Current Research in Behavioral Sciences";journal;"26665182";"Elsevier B.V.";Yes;No;0,833;Q2;22;48;81;3430;448;81;5,82;71,46;50,27;3;Netherlands;Western Europe;"Elsevier B.V.";"2020-2026";"Behavioral Neuroscience (Q2); Psychology (miscellaneous) (Q2)";"Neuroscience; Psychology"
429;21100855505;"Journal of Cybersecurity";journal;"20572093";"Oxford University Press";Yes;No;0,833;Q2;38;24;67;1411;311;67;4,48;58,79;32,91;6;United Kingdom;Western Europe;"Oxford University Press";"2015-2026";"Computer Science (miscellaneous) (Q1); Law (Q1); Political Science and International Relations (Q1); Safety Research (Q1); Safety, Risk, Reliability and Quality (Q1); Computer Networks and Communications (Q2); Computer Science Applications (Q2); Hardware and Architecture (Q2); Information Systems (Q2); Social Psychology (Q2); Software (Q2)";"Computer Science; Engineering; Psychology; Social Sciences"
430;17282;"Learning and Memory";journal;"10720502, 15495485";"Cold Spring Harbor Laboratory Press";No;No;0,832;Q2;156;41;164;2074;317;159;1,70;50,59;47,68;0;United States;Northern America;"Cold Spring Harbor Laboratory Press";"1994-2026";"Cognitive Neuroscience (Q2); Neuropsychology and Physiological Psychology (Q2); Cellular and Molecular Neuroscience (Q3)";"Neuroscience; Psychology"
431;5700191204;"Research in Autism Spectrum Disorders";journal;"17509467, 18780237";"Elsevier Ltd";No;No;0,832;Q2;0;0;0;0;0;0;0,00;0,00;0,00;0;United Kingdom;Western Europe;"Elsevier Ltd";"2007-2025";"Clinical Psychology (Q2); Developmental and Educational Psychology (Q2); Psychiatry and Mental Health (Q2)";"Medicine; Psychology"
432;20500195402;"Psychology Learning and Teaching";journal;"14757257";"SAGE Publications Inc.";No;No;0,830;Q2;26;25;66;742;138;57;2,18;29,68;48,15;0;United Kingdom;Western Europe;"SAGE Publications Inc.";"2011-2026";"Education (Q1); Psychology (miscellaneous) (Q2)";"Psychology; Social Sciences"
433;14183;"Aphasiology";journal;"14645041, 02687038";"Routledge";No;No;0,829;Q2;88;88;220;5483;550;214;2,50;62,31;77,33;7;United Kingdom;Western Europe;"Routledge";"1987-2026";"Linguistics and Language (Q1); LPN and LVN (Q1); Otorhinolaryngology (Q1); Developmental and Educational Psychology (Q2); Neurology (Q2); Neurology (clinical) (Q2)";"Medicine; Neuroscience; Nursing; Psychology; Social Sciences"
434;13401;"Consciousness and Cognition";journal;"10538100, 10902376";"Academic Press Inc.";No;No;0,827;Q2;139;96;355;6398;851;351;2,27;66,65;41,64;1;United States;Northern America;"Academic Press Inc.";"1992-2026";"Arts and Humanities (miscellaneous) (Q1); Developmental and Educational Psychology (Q2); Experimental and Cognitive Psychology (Q2)";"Arts and Humanities; Psychology"
435;12163;"Brain and Cognition";journal;"10902147, 02782626";"Academic Press Inc.";No;No;0,823;Q2;147;63;219;4077;564;216;2,26;64,71;49,65;0;United States;Northern America;"Academic Press Inc.";"1982-2026";"Arts and Humanities (miscellaneous) (Q1); Cognitive Neuroscience (Q2); Developmental and Educational Psychology (Q2); Experimental and Cognitive Psychology (Q2); Neuropsychology and Physiological Psychology (Q2)";"Arts and Humanities; Neuroscience; Psychology"
436;29163;"International Journal of Aging and Human Development";journal;"00914150, 15413535";"SAGE Publications Inc.";No;No;0,821;Q2;76;54;161;2317;385;159;2,22;42,91;65,64;2;United States;Northern America;"SAGE Publications Inc.";"1973-2026";"Developmental and Educational Psychology (Q2); Geriatrics and Gerontology (Q2); Aging (Q3)";"Biochemistry, Genetics and Molecular Biology; Medicine; Psychology"
437;14902;"International Journal of Psychophysiology";journal;"18727697, 01678760";"Elsevier B.V.";No;No;0,819;Q2;160;105;493;7624;1378;484;2,55;72,61;55,07;1;Netherlands;Western Europe;"Elsevier B.V.";"1983-2026";"Neuropsychology and Physiological Psychology (Q2); Neuroscience (miscellaneous) (Q2); Physiology (medical) (Q2)";"Medicine; Neuroscience; Psychology"
438;13422;"Psychoanalytic Quarterly";journal;"00332828, 21674086";"Taylor and Francis Ltd.";No;No;0,818;Q2;49;30;89;922;75;70;0,66;30,73;19,05;1;United Kingdom;Western Europe;"Taylor and Francis Ltd.";"1945-2026";"Arts and Humanities (miscellaneous) (Q1); Clinical Psychology (Q2); Developmental and Educational Psychology (Q2); Medicine (miscellaneous) (Q2); Psychiatry and Mental Health (Q2)";"Arts and Humanities; Medicine; Psychology"
439;30072;"Journal of Reproductive and Infant Psychology";journal;"1469672X, 02646838";"Routledge";No;No;0,817;Q2;64;48;142;1895;443;127;2,71;39,48;78,65;3;United Kingdom;Western Europe;"Routledge";"1983-2026";"Pediatrics, Perinatology and Child Health (Q1); Obstetrics and Gynecology (Q2); Psychology (miscellaneous) (Q2); Reproductive Medicine (Q2)";"Medicine; Psychology"
440;10900153311;"Musicae Scientiae";journal;"10298649, 20454147";"SAGE Publications Inc.";No;No;0,815;Q2;53;46;94;3080;256;92;2,86;66,96;46,58;0;United Kingdom;Western Europe;"SAGE Publications Inc.";"1997-2026";"Music (Q1); Experimental and Cognitive Psychology (Q2)";"Arts and Humanities; Psychology"
441;130178;"Cognitive Linguistics";journal;"09365907, 16133641";"De Gruyter Mouton";Yes;No;0,814;Q2;70;17;67;1269;125;66;1,71;74,65;50,00;0;Germany;Western Europe;"De Gruyter Mouton";"1990-2026";"Linguistics and Language (Q1); Developmental and Educational Psychology (Q2)";"Psychology; Social Sciences"
442;21100945900;"Health Psychology and Behavioral Medicine";journal;"21642850";"Taylor and Francis Ltd.";Yes;No;0,814;Q2;27;61;151;3040;400;150;2,41;49,84;59,42;5;United Kingdom;Western Europe;"Taylor and Francis Ltd.";"2014, 2017-2026";"Health (social science) (Q1); Behavioral Neuroscience (Q2); Psychology (miscellaneous) (Q2)";"Neuroscience; Psychology; Social Sciences"
443;17508;"Social Development";journal;"14679507, 0961205X";"Wiley-Blackwell Publishing Ltd";No;No;0,814;Q2;120;80;205;5014;479;205;1,82;62,68;74,91;3;United Kingdom;Western Europe;"Wiley-Blackwell Publishing Ltd";"1992-2026";"Social Sciences (miscellaneous) (Q1); Sociology and Political Science (Q1); Developmental and Educational Psychology (Q2)";"Psychology; Social Sciences"
444;19700175787;"Psychology Research and Behavior Management";journal;"11791578";"Dove Medical Press Ltd";Yes;No;0,812;Q2;65;390;603;24560;2153;594;3,07;62,97;49,45;0;New Zealand;Pacific Region;"Dove Medical Press Ltd";"2008-2026";"Psychiatry and Mental Health (Q2); Psychology (miscellaneous) (Q2)";"Medicine; Psychology"
445;5700164241;"Young";journal;"17413222, 11033088";"SAGE Publications Inc.";Yes;No;0,812;Q2;44;28;94;1403;241;93;2,52;50,11;65,75;4;United States;Northern America;"SAGE Publications Inc.";"1993-2026";"Health (social science) (Q1); Sociology and Political Science (Q1); Developmental and Educational Psychology (Q2)";"Psychology; Social Sciences"
446;14830;"Infant Behavior and Development";journal;"01636383, 19348800";"Elsevier Ltd";No;No;0,811;Q2;103;81;290;5960;704;283;2,04;73,58;70,19;2;United Kingdom;Western Europe;"Elsevier Ltd";"1978-2026";"Developmental and Educational Psychology (Q2)";"Psychology"
447;17545;"Law and Human Behavior";journal;"01477307, 1573661X";"Springer New York";No;No;0,811;Q2;120;44;107;3557;321;106;2,34;80,84;60,27;5;United States;Northern America;"Springer New York";"1977-2025";"Arts and Humanities (miscellaneous) (Q1); Law (Q1); Psychiatry and Mental Health (Q2); Psychology (miscellaneous) (Q2)";"Arts and Humanities; Medicine; Psychology; Social Sciences"
448;21101134736;"SSM - Mental Health";journal;"26665603";"Elsevier Ltd";Yes;No;0,810;Q2;23;96;165;6053;387;158;2,35;63,05;63,05;6;United Kingdom;Western Europe;"Elsevier Ltd";"2021-2026";"Social Sciences (miscellaneous) (Q1); Psychology (miscellaneous) (Q2)";"Psychology; Social Sciences"
449;14246;"Group Dynamics";journal;"10892699, 19307802";"American Psychological Association";No;No;0,809;Q2;83;12;75;782;263;74;2,41;65,17;54,84;0;United States;Northern America;"American Psychological Association";"1997-2025";"Applied Psychology (Q2); Social Psychology (Q2)";"Psychology"
450;24514;"Clinical Child Psychology and Psychiatry";journal;"13591045, 14617021";"SAGE Publications Ltd";No;No;0,808;Q2;73;111;280;4567;650;265;2,29;41,14;66,07;12;United Kingdom;Western Europe;"SAGE Publications Ltd";"1996-2026";"Pediatrics, Perinatology and Child Health (Q1); Clinical Psychology (Q2); Medicine (miscellaneous) (Q2); Psychiatry and Mental Health (Q2)";"Medicine; Psychology"
451;23164;"School Psychology International";journal;"14617374, 01430343";"SAGE Publications Ltd";No;No;0,807;Q2;75;32;98;2116;264;92;2,56;66,13;62,38;5;United Kingdom;Western Europe;"SAGE Publications Ltd";"1979-2026";"Education (Q1); Developmental and Educational Psychology (Q2); Psychiatry and Mental Health (Q2)";"Medicine; Psychology; Social Sciences"
452;15399;"Journal of Child and Family Studies";journal;"15732843, 10621024";"Springer New York";No;No;0,806;Q2;112;293;811;18736;1872;810;1,80;63,95;70,57;16;United States;Northern America;"Springer New York";"1992-2026";"Developmental and Educational Psychology (Q2); Life-span and Life-course Studies (Q2)";"Psychology; Social Sciences"
453;15508;"Journal of General Psychology";journal;"00221309, 19400888";"Taylor and Francis Ltd.";No;No;0,806;Q2;58;30;71;1620;214;70;3,04;54,00;50,00;1;United Kingdom;Western Europe;"Taylor and Francis Ltd.";"1928-1954, 1956-2026";"Arts and Humanities (miscellaneous) (Q1); Gender Studies (Q1); Experimental and Cognitive Psychology (Q2)";"Arts and Humanities; Psychology; Social Sciences"
454;13441;"Psychologica Belgica";journal;"00332879, 2054670X";"Ubiquity Press";Yes;No;0,805;Q2;44;9;76;625;185;74;2,49;69,44;50,98;0;United Kingdom;Western Europe;"Ubiquity Press";"1975-2025";"Psychology (miscellaneous) (Q2)";"Psychology"
455;21100216571;"Frontiers in Psychology";journal;"16641078";"Frontiers Media SA";Yes;No;0,800;Q2;241;5209;18299;329478;59830;17693;2,72;63,25;53,06;187;Switzerland;Western Europe;"Frontiers Media SA";"2010-2026";"Psychology (miscellaneous) (Q2)";"Psychology"
456;28533;"American Journal of Alzheimer's Disease and other Dementias";journal;"15333175, 19382731";"SAGE Publications Inc.";Yes;No;0,799;Q2;79;33;121;1723;387;118;2,63;52,21;51,20;1;United States;Northern America;"SAGE Publications Inc.";"1986-2026";"Clinical Psychology (Q2); Geriatrics and Gerontology (Q2); Neuroscience (miscellaneous) (Q2); Psychiatry and Mental Health (Q2)";"Medicine; Neuroscience; Psychology"
457;14065;"Measurement and Evaluation in Counseling and Development";journal;"07481756, 19476302";"Taylor and Francis Ltd.";No;No;0,796;Q2;62;23;57;1175;110;57;2,38;51,09;68,27;0;United Kingdom;Western Europe;"Taylor and Francis Ltd.";"1987, 1996-2026";"Education (Q1); Applied Psychology (Q2); Developmental and Educational Psychology (Q2); Psychology (miscellaneous) (Q2)";"Psychology; Social Sciences"
458;4000149409;"Quarterly Journal of Experimental Psychology";journal;"17470218, 17470226";"SAGE Publications Inc.";No;No;0,796;Q2;137;191;488;11851;958;487;1,77;62,05;45,41;2;United Kingdom;Western Europe;"SAGE Publications Inc.";"2006-2026";"Experimental and Cognitive Psychology (Q2); Medicine (miscellaneous) (Q2); Neuropsychology and Physiological Psychology (Q2); Physiology (Q2); Physiology (medical) (Q2); Psychology (miscellaneous) (Q2)";"Biochemistry, Genetics and Molecular Biology; Medicine; Psychology"
459;25229;"American Journal of Drug and Alcohol Abuse";journal;"10979891, 00952990";"Taylor &amp; Francis Group LLC Philadelphia";No;No;0,794;Q2;88;78;253;3935;602;235;2,37;50,45;49,51;9;United States;Northern America;"Taylor &amp; Francis Group LLC Philadelphia";"1974-1982, 1984-2026";"Clinical Psychology (Q2); Medicine (miscellaneous) (Q2); Psychiatry and Mental Health (Q2)";"Medicine; Psychology"
460;12740;"New Ideas in Psychology";journal;"0732118X";"Elsevier B.V.";No;No;0,794;Q2;60;52;137;4382;440;111;2,79;84,27;34,65;4;United Kingdom;Western Europe;"Elsevier B.V.";"1983-2026";"History and Philosophy of Science (Q1); Psychology (miscellaneous) (Q2)";"Arts and Humanities; Psychology"
461;14775;"Scandinavian Journal of Psychology";journal;"14679450, 00365564";"Wiley-Blackwell Publishing Ltd";No;No;0,794;Q2;95;85;267;5072;665;264;2,12;59,67;55,21;8;United Kingdom;Western Europe;"Wiley-Blackwell Publishing Ltd";"1960-2026";"Arts and Humanities (miscellaneous) (Q1); Developmental and Educational Psychology (Q2); Medicine (miscellaneous) (Q2); Psychology (miscellaneous) (Q2)";"Arts and Humanities; Medicine; Psychology"
462;19700169951;"International Journal of Testing";journal;"15305058, 15327574";"Routledge";No;No;0,792;Q2;31;15;36;690;70;35;1,00;46,00;42,86;2;United Kingdom;Western Europe;"Routledge";"2010-2026";"Education (Q1); Modeling and Simulation (Q1); Social Psychology (Q2)";"Mathematics; Psychology; Social Sciences"
463;30075;"Journal of Sex and Marital Therapy";journal;"0092623X, 15210715";"Routledge";No;No;0,792;Q2;98;70;175;4144;503;168;2,25;59,20;65,75;0;United States;Northern America;"Routledge";"1974-2026";"Clinical Psychology (Q2)";"Psychology"
464;30064;"Journal of Psychology";journal;"19401019, 00223980";"Routledge";No;No;0,791;Q2;88;22;111;1676;274;110;1,93;76,18;55,17;2;United States;Northern America;"Routledge";"1936-2026";"Business, Management and Accounting (miscellaneous) (Q1); Education (Q1); Psychology (miscellaneous) (Q2)";"Business, Management and Accounting; Psychology; Social Sciences"
465;12059;"Memory";journal;"14640686, 09658211";"Taylor and Francis Ltd.";No;No;0,791;Q2;114;104;321;6473;696;315;2,20;62,24;53,74;0;United Kingdom;Western Europe;"Taylor and Francis Ltd.";"1993-2026";"Arts and Humanities (miscellaneous) (Q1); Psychology (miscellaneous) (Q2)";"Arts and Humanities; Psychology"
466;21100870687;"Perspectives on Behavior Science";journal;"25208969, 25208977";"Springer International Publishing AG";No;No;0,788;Q2;49;32;113;1913;237;105;2,01;59,78;50,88;3;Switzerland;Western Europe;"Springer International Publishing AG";"2018-2026";"Clinical Psychology (Q2); Experimental and Cognitive Psychology (Q2); Social Psychology (Q2)";"Psychology"
467;14539;"Developmental Psychobiology";journal;"00121630, 10982302";"John Wiley &amp; Sons Inc.";No;No;0,787;Q2;112;90;427;6514;936;421;2,14;72,38;63,36;2;United States;Northern America;"John Wiley &amp; Sons Inc.";"1968-2026";"Behavioral Neuroscience (Q2); Developmental and Educational Psychology (Q2); Developmental Biology (Q2); Developmental Neuroscience (Q2)";"Biochemistry, Genetics and Molecular Biology; Neuroscience; Psychology"
468;19700175164;"Frontiers in Human Neuroscience";journal;"16625161";"Frontiers Media SA";Yes;No;0,787;Q2;180;679;2324;39872;6553;2234;2,51;58,72;43,85;15;Switzerland;Western Europe;"Frontiers Media SA";"2008-2026";"Behavioral Neuroscience (Q2); Neurology (Q2); Neuropsychology and Physiological Psychology (Q2); Psychiatry and Mental Health (Q2); Biological Psychiatry (Q3)";"Medicine; Neuroscience; Psychology"
469;23940;"Journal of Mathematical Behavior";journal;"07323123, 18738028";"Elsevier Inc.";No;No;0,787;Q2;64;52;174;2853;281;173;1,15;54,87;59,70;1;United States;Northern America;"Elsevier Inc.";"1994-2026";"Education (Q1); Applied Mathematics (Q2); Applied Psychology (Q2)";"Mathematics; Psychology; Social Sciences"
470;27628;"Journal of Psychosomatic Obstetrics and Gynecology";journal;"0167482X, 17438942";"Taylor and Francis Ltd.";Yes;No;0,787;Q2;82;37;173;1357;487;158;2,46;36,68;65,45;0;United Kingdom;Western Europe;"Taylor and Francis Ltd.";"1982-2026";"Clinical Psychology (Q2); Obstetrics and Gynecology (Q2); Psychiatry and Mental Health (Q2); Reproductive Medicine (Q2)";"Medicine; Psychology"
471;18000156704;"Mathematical Thinking and Learning";journal;"15327833, 10986065";"Routledge";No;No;0,786;Q2;40;23;51;1132;106;50;2,26;49,22;69,09;2;United States;Northern America;"Routledge";"2009-2026";"Education (Q1); Mathematics (miscellaneous) (Q1); Developmental and Educational Psychology (Q2)";"Mathematics; Psychology; Social Sciences"
472;24007;"Physiology and Behavior";journal;"1873507X, 00319384";"Elsevier Inc.";No;No;0,783;Q2;200;261;926;16386;2754;903;2,68;62,78;46,47;2;United States;Northern America;"Elsevier Inc.";"1966-2026";"Behavioral Neuroscience (Q2); Experimental and Cognitive Psychology (Q2)";"Neuroscience; Psychology"
473;15272;"Spanish Journal of Psychology";journal;"19882904, 11387416";"Cambridge University Press";No;No;0,783;Q2;62;27;136;1916;333;135;3,10;70,96;52,81;0;United Kingdom;Western Europe;"Cambridge University Press";"1998-2026";"Linguistics and Language (Q1); Psychology (miscellaneous) (Q2)";"Psychology; Social Sciences"
474;26843;"International Journal for the Psychology of Religion";journal;"10508619, 15327582";"Routledge";No;No;0,782;Q2;43;24;64;1566;168;60;3,02;65,25;32,84;1;United States;Northern America;"Routledge";"1991-1995, 2007-2026";"Religious Studies (Q1); Psychology (miscellaneous) (Q2)";"Arts and Humanities; Psychology"
475;5700177956;"Journal of Family Communication";journal;"15327698, 15267431";"Routledge";No;No;0,782;Q2;38;27;75;1259;181;72;2,20;46,63;83,13;0;United States;Northern America;"Routledge";"2009-2026";"Communication (Q1); Social Psychology (Q2)";"Psychology; Social Sciences"
476;21101046176;"Clinical Psychology in Europe";journal;"26253410";"PsychOpen";Yes;Yes;0,780;Q2;21;28;102;1575;167;90;1,51;56,25;42,97;0;Germany;Western Europe;"PsychOpen";"2019-2025";"Clinical Psychology (Q2); Psychiatry and Mental Health (Q2)";"Medicine; Psychology"
477;13545;"Eating Behaviors";journal;"18737358, 14710153";"Elsevier Ltd";No;No;0,777;Q2;95;110;245;5561;699;244;2,60;50,55;76,45;4;United Kingdom;Western Europe;"Elsevier Ltd";"2000-2026";"Clinical Psychology (Q2); Psychiatry and Mental Health (Q2)";"Medicine; Psychology"
478;14172;"Feminism and Psychology";journal;"14617161, 09593535";"SAGE Publications Ltd";No;No;0,777;Q2;73;35;82;1857;208;78;2,42;53,06;85,06;1;United Kingdom;Western Europe;"SAGE Publications Ltd";"1991-2026";"Arts and Humanities (miscellaneous) (Q1); Gender Studies (Q1); Psychology (miscellaneous) (Q2)";"Arts and Humanities; Psychology; Social Sciences"
479;19700190346;"Consumption Markets and Culture";journal;"10253866, 1477223X";"Routledge";No;No;0,776;Q2;47;29;105;1863;252;104;2,24;64,24;42,37;1;United States;Northern America;"Routledge";"2003, 2007, 2010-2026";"Anthropology (Q1); Economics and Econometrics (Q2); Marketing (Q2); Social Psychology (Q2)";"Business, Management and Accounting; Economics, Econometrics and Finance; Psychology; Social Sciences"
480;15460;"Eating and Weight Disorders";journal;"11244909, 15901262";"Springer Science and Business Media Deutschland GmbH";Yes;No;0,775;Q2;70;99;857;5021;2427;826;2,91;50,72;60,66;4;Switzerland;Western Europe;"Springer Science and Business Media Deutschland GmbH";"1998-2026";"Clinical Psychology (Q2); Psychiatry and Mental Health (Q2)";"Medicine; Psychology"
481;20000195020;"Indian Journal of Psychological Medicine";journal;"02537176, 09751564";"SAGE Publications Ltd";Yes;Yes;0,773;Q2;50;140;435;3452;917;298;1,53;24,66;42,19;1;United Kingdom;Western Europe;"SAGE Publications Ltd";"2002-2026";"Clinical Psychology (Q2); Psychiatry and Mental Health (Q2)";"Medicine; Psychology"
482;23064;"Scandinavian Journal of Management";journal;"09565221, 18733387";"Elsevier Ltd";No;No;0,772;Q2;77;27;77;2024;200;68;2,37;74,96;33,33;0;United Kingdom;Western Europe;"Elsevier Ltd";"1988-2026";"Applied Psychology (Q2); Strategy and Management (Q2)";"Business, Management and Accounting; Psychology"
483;21101077288;"Scholarship of Teaching and Learning in Psychology";journal;"23322101, 2332211X";"American Psychological Association";No;No;0,772;Q2;16;64;107;2836;265;105;2,59;44,31;67,76;1;United States;Northern America;"American Psychological Association";"2015, 2019-2025";"Education (Q1); Psychology (miscellaneous) (Q2)";"Psychology; Social Sciences"
484;19700182730;"Asian American Journal of Psychology";journal;"19481985, 19481993";"American Psychological Association";No;No;0,771;Q2;47;21;116;1316;284;114;2,33;62,67;65,85;0;United States;Northern America;"American Psychological Association";"2010-2025";"Psychology (miscellaneous) (Q2)";"Psychology"
485;17900156720;"European Early Childhood Education Research Journal";journal;"1350293X, 17521807";"Taylor and Francis Ltd.";No;No;0,771;Q2;54;67;197;3391;480;179;2,34;50,61;74,23;0;United Kingdom;Western Europe;"Taylor and Francis Ltd.";"1993-1995, 1999, 2002-2003, 2007-2026";"Education (Q1); Developmental and Educational Psychology (Q2)";"Psychology; Social Sciences"
486;19700175255;"Journal of Personnel Psychology";journal;"18665888, 21905150";"Hogrefe Publishing";No;No;0,771;Q2;44;20;61;989;116;61;1,92;49,45;50,00;1;United States;Northern America;"Hogrefe Publishing";"2010-2026";"Applied Psychology (Q2); Organizational Behavior and Human Resource Management (Q2)";"Business, Management and Accounting; Psychology"
487;78905;"Research and Practice for Persons with Severe Disabilities";journal;"15407969, 21692408";"SAGE Publications Inc.";No;No;0,770;Q2;65;12;63;485;144;58;1,87;40,42;73,17;1;United Kingdom;Western Europe;"SAGE Publications Inc.";"1975-1980, 1986, 1988, 1990, 1992-2026";"Health Professions (miscellaneous) (Q1); Public Health, Environmental and Occupational Health (Q2); Social Psychology (Q2)";"Health Professions; Medicine; Psychology"
488;25319;"Journal of Psychoactive Drugs";journal;"02791072, 21599777";"Taylor and Francis Ltd.";No;No;0,766;Q2;80;66;165;3271;478;165;2,53;49,56;44,01;9;United Kingdom;Western Europe;"Taylor and Francis Ltd.";"1967-1972, 1974-2026";"Medicine (miscellaneous) (Q2); Psychology (miscellaneous) (Q2)";"Medicine; Psychology"
489;12100156129;"Learning Disabilities Research and Practice";journal;"15405826, 09388982";"SAGE Publications Inc.";No;No;0,765;Q2;37;26;75;1319;127;65;1,58;50,73;77,17;3;United States;Northern America;"SAGE Publications Inc.";"1985-1987, 1989, 1991-1992, 1994-1995, 2004, 2006, 2008, 2012-2025";"Education (Q1); Health (social science) (Q1); Developmental and Educational Psychology (Q2)";"Psychology; Social Sciences"
490;14916;"Cognitive Neuropsychology";journal;"14640627, 02643294";"Taylor and Francis Ltd.";No;No;0,764;Q2;103;20;110;1559;230;80;1,43;77,95;50,00;0;United Kingdom;Western Europe;"Taylor and Francis Ltd.";"1984-2026";"Arts and Humanities (miscellaneous) (Q1); Cognitive Neuroscience (Q2); Developmental and Educational Psychology (Q2); Experimental and Cognitive Psychology (Q2); Neuropsychology and Physiological Psychology (Q2)";"Arts and Humanities; Neuroscience; Psychology"
491;21100244224;"Religion, Brain and Behavior";journal;"2153599X, 21535981";"Taylor and Francis Ltd.";No;No;0,764;Q2;37;61;134;1716;155;67;0,95;28,13;33,44;0;United Kingdom;Western Europe;"Taylor and Francis Ltd.";"2011-2025";"Religious Studies (Q1); Experimental and Cognitive Psychology (Q2)";"Arts and Humanities; Psychology"
492;19900191604;"International Journal of Cognitive Therapy";journal;"19371209, 19371217";"Springer Science and Business Media Deutschland GmbH";No;No;0,762;Q2;0;0;0;0;0;0;0,00;0,00;0,00;0;Germany;Western Europe;"Springer Science and Business Media Deutschland GmbH";"2008-2024";"Experimental and Cognitive Psychology (Q2)";"Psychology"
493;14045;"Psychology, Public Policy, and Law";journal;"10768971, 19391528";"American Psychological Association";No;No;0,762;Q2;84;32;134;2656;353;130;2,34;83,00;56,25;3;United States;Northern America;"American Psychological Association";"1995-2025";"Law (Q1); Sociology and Political Science (Q1); Social Psychology (Q2)";"Psychology; Social Sciences"
494;12024;"Applied Cognitive Psychology";journal;"10990720, 08884080";"John Wiley and Sons Ltd";No;No;0,761;Q2;130;115;389;6002;881;378;2,23;52,19;48,52;4;United Kingdom;Western Europe;"John Wiley and Sons Ltd";"1987-2026";"Arts and Humanities (miscellaneous) (Q1); Developmental and Educational Psychology (Q2); Experimental and Cognitive Psychology (Q2)";"Arts and Humanities; Psychology"
495;21101167206;"Advances in Simulation";journal;"20590628";"BioMed Central Ltd";Yes;No;0,759;Q2;37;29;113;1433;358;107;2,91;49,41;59,59;1;United Kingdom;Western Europe;"BioMed Central Ltd";"2016-2026";"Ecology, Evolution, Behavior and Systematics (Q1); Social Sciences (miscellaneous) (Q1); Psychiatry and Mental Health (Q2); Psychology (miscellaneous) (Q2); Cognitive Neuroscience (Q3); Developmental Neuroscience (Q3)";"Agricultural and Biological Sciences; Medicine; Neuroscience; Psychology; Social Sciences"
496;5700152857;"Mind, Culture, and Activity";journal;"10749039, 15327884";"Taylor and Francis Ltd.";No;No;0,759;Q2;69;19;84;961;190;70;2,48;50,58;54,84;1;United Kingdom;Western Europe;"Taylor and Francis Ltd.";"1994-2024";"Anthropology (Q1); Cultural Studies (Q1); Education (Q1); Linguistics and Language (Q1); Developmental and Educational Psychology (Q2); Social Psychology (Q2); Cognitive Neuroscience (Q3)";"Neuroscience; Psychology; Social Sciences"
497;12055;"Asian Journal of Social Psychology";journal;"1467839X, 13672223";"Wiley-Blackwell Publishing Ltd";No;No;0,758;Q2;66;35;150;2634;372;142;2,31;75,26;46,23;2;United Kingdom;Western Europe;"Wiley-Blackwell Publishing Ltd";"1998-2026";"Social Sciences (miscellaneous) (Q1); Social Psychology (Q2)";"Psychology; Social Sciences"
498;15506;"Journal of Fluency Disorders";journal;"0094730X, 1873801X";"Elsevier Inc.";No;No;0,758;Q2;72;32;68;2246;171;68;2,13;70,19;64,58;0;United States;Northern America;"Elsevier Inc.";"1974, 1977-2026";"Linguistics and Language (Q1); LPN and LVN (Q1); Speech and Hearing (Q1); Experimental and Cognitive Psychology (Q2); Cognitive Neuroscience (Q3)";"Health Professions; Neuroscience; Nursing; Psychology; Social Sciences"
499;19700187606;"Roeper Review";journal;"1940865X, 02783193";"Taylor and Francis Ltd.";No;No;0,758;Q2;51;35;90;1423;145;53;1,17;40,66;51,22;0;United Kingdom;Western Europe;"Taylor and Francis Ltd.";"1978-2026";"Education (Q1); Developmental and Educational Psychology (Q2)";"Psychology; Social Sciences"
500;19600166324;"International Journal of Early Childhood";journal;"18784658, 00207187";"Springer Netherlands";No;No;0,756;Q2;38;24;66;1072;230;64;1,43;44,67;69,70;0;Netherlands;Western Europe;"Springer Netherlands";"1969-2026";"Education (Q1); Developmental and Educational Psychology (Q2)";"Psychology; Social Sciences"
501;14030;"Psychology in the Schools";journal;"00333085, 15206807";"Wiley-Liss Inc.";No;No;0,756;Q2;101;294;397;19022;985;393;2,14;64,70;61,74;15;United States;Northern America;"Wiley-Liss Inc.";"1964-2026";"Education (Q1); Developmental and Educational Psychology (Q2)";"Psychology; Social Sciences"
502;14206;"Archives of Clinical Neuropsychology";journal;"08876177, 18735843";"Elsevier B.V.";No;No;0,755;Q2;126;102;306;5580;773;305;2,02;54,71;50,41;2;United Kingdom;Western Europe;"Elsevier B.V.";"1986-2026";"Clinical Psychology (Q2); Medicine (miscellaneous) (Q2); Neuropsychology and Physiological Psychology (Q2); Psychiatry and Mental Health (Q2)";"Medicine; Psychology"
503;14820;"Infant and Child Development";journal;"15227227, 15227219";"John Wiley and Sons Ltd";No;No;0,755;Q2;75;78;183;5061;365;137;1,90;64,88;71,10;4;United Kingdom;Western Europe;"John Wiley and Sons Ltd";"1996-2026";"Developmental and Educational Psychology (Q2)";"Psychology"
504;66374;"Journal of Educational Measurement";journal;"17453984, 00220655";"John Wiley and Sons Inc";No;No;0,755;Q2;63;28;86;1088;90;72;1,18;38,86;37,70;1;United States;Northern America;"John Wiley and Sons Inc";"1964-2026";"Education (Q1); Applied Psychology (Q2); Developmental and Educational Psychology (Q2); Psychology (miscellaneous) (Q2)";"Psychology; Social Sciences"
505;21101039273;"Journal of the Academy of Consultation-Liaison Psychiatry";journal;"26672979, 26672960";"Elsevier B.V.";No;No;0,755;Q2;119;84;338;2178;700;240;1,69;25,93;51,86;5;Netherlands;Western Europe;"Elsevier B.V.";"2021-2026";"Clinical Psychology (Q2); Psychiatry and Mental Health (Q2)";"Medicine; Psychology"
506;21101028599;"Developmental Child Welfare";journal;"25161032, 25161040";"SAGE Publications Ltd";No;No;0,754;Q2;14;13;48;714;128;47;1,38;54,92;66,67;1;United Kingdom;Western Europe;"SAGE Publications Ltd";"2019-2025";"Health (social science) (Q1); Pediatrics, Perinatology and Child Health (Q1); Developmental and Educational Psychology (Q2)";"Medicine; Psychology; Social Sciences"
507;14287;"Behavioural Neurology";journal;"09534180, 18758584";"John Wiley and Sons Ltd";Yes;No;0,753;Q2;66;33;183;1637;535;180;2,53;49,61;41,25;0;United Kingdom;Western Europe;"John Wiley and Sons Ltd";"1988-1998, 2000-2001, 2003-2026";"Medicine (miscellaneous) (Q2); Neurology (Q2); Neurology (clinical) (Q2); Neuropsychology and Physiological Psychology (Q2)";"Medicine; Neuroscience; Psychology"
508;21100922747;"Journal of Developmental and Life-Course Criminology";journal;"21994641, 2199465X";"Springer International Publishing AG";No;No;0,750;Q2;26;29;85;2020;159;79;1,58;69,66;43,21;3;Switzerland;Western Europe;"Springer International Publishing AG";"2015-2026";"Law (Q1); Applied Psychology (Q2); Life-span and Life-course Studies (Q2)";"Psychology; Social Sciences"
509;30090;"Journal of Social Psychology";journal;"00224545, 19401183";"Routledge";No;No;0,750;Q2;100;56;163;3816;432;159;2,49;68,14;61,17;3;United States;Northern America;"Routledge";"1930-2026";"Social Psychology (Q2)";"Psychology"
510;147229;"Discourse Studies";journal;"14614456, 14617080";"SAGE Publications Ltd";No;No;0,748;Q2;79;42;102;1971;224;101;1,70;46,93;57,35;3;United Kingdom;Western Europe;"SAGE Publications Ltd";"1999-2026";"Anthropology (Q1); Communication (Q1); Linguistics and Language (Q1); Social Psychology (Q2)";"Psychology; Social Sciences"
511;21100202146;"Journal of Obsessive-Compulsive and Related Disorders";journal;"22113649, 22113657";"Elsevier B.V.";No;No;0,748;Q2;49;57;186;3357;429;185;2,28;58,89;59,59;1;Netherlands;Western Europe;"Elsevier B.V.";"2012-2026";"Clinical Psychology (Q2); Psychiatry and Mental Health (Q2)";"Medicine; Psychology"
512;21101136809;"Current Research in Ecological and Social Psychology";journal;"26666227";"Elsevier B.V.";Yes;No;0,747;Q2;17;90;69;6415;160;68;2,39;71,28;50,34;5;Netherlands;Western Europe;"Elsevier B.V.";"2020-2026";"Geography, Planning and Development (Q1); Human Factors and Ergonomics (Q2); Psychology (miscellaneous) (Q2); Social Psychology (Q2)";"Psychology; Social Sciences"
513;21100812569;"Journal of Social and Political Psychology";journal;"21953325";"PsychOpen";Yes;Yes;0,741;Q2;43;43;125;2620;241;118;1,65;60,93;46,98;1;Germany;Western Europe;"PsychOpen";"2013-2025";"Sociology and Political Science (Q1); Applied Psychology (Q2); Social Psychology (Q2)";"Psychology; Social Sciences"
514;15567;"Journal of Marital and Family Therapy";journal;"17520606, 0194472X";"Wiley-Blackwell";No;No;0,739;Q2;84;51;174;2410;383;170;2,13;47,25;57,76;3;United States;Northern America;"Wiley-Blackwell";"1975-2026";"Social Sciences (miscellaneous) (Q1); Sociology and Political Science (Q1); Clinical Psychology (Q2); Social Psychology (Q2)";"Psychology; Social Sciences"
515;5700184957;"Methodology";journal;"16142241, 16141881";"PsychOpen";Yes;Yes;0,738;Q2;43;17;51;598;98;50;1,58;35,18;28,81;1;Germany;Western Europe;"PsychOpen";"2005-2025";"Social Sciences (miscellaneous) (Q1); Psychology (miscellaneous) (Q2)";"Psychology; Social Sciences"
516;6400153136;"BioPsychoSocial Medicine";journal;"17510759";"BioMed Central Ltd";Yes;No;0,737;Q2;48;39;80;1420;215;79;2,60;36,41;41,18;1;United Kingdom;Western Europe;"BioMed Central Ltd";"2007-2026";"Psychiatry and Mental Health (Q2); Psychology (miscellaneous) (Q2); Social Psychology (Q2); Biological Psychiatry (Q3)";"Medicine; Neuroscience; Psychology"
517;16300154722;"Psychology of Music";journal;"17413087, 03057356";"SAGE Publications Ltd";No;No;0,736;Q2;86;99;289;5465;665;289;2,18;55,20;47,28;1;United Kingdom;Western Europe;"SAGE Publications Ltd";"1973-2026";"Music (Q1); Psychology (miscellaneous) (Q2)";"Arts and Humanities; Psychology"
518;12128;"Behavioural and Cognitive Psychotherapy";journal;"14691833, 13524658";"Cambridge University Press";No;No;0,733;Q2;85;53;180;2476;360;179;2,04;46,72;60,94;0;United Kingdom;Western Europe;"Cambridge University Press";"1993-2026";"Clinical Psychology (Q2); Medicine (miscellaneous) (Q2)";"Medicine; Psychology"
519;19560;"Stress";journal;"16078888, 10253890";"Taylor and Francis Ltd.";Yes;No;0,731;Q2;101;35;224;2276;575;221;2,43;65,03;50,27;0;United Kingdom;Western Europe;"Taylor and Francis Ltd.";"1996-2026";"Endocrine and Autonomic Systems (Q2); Neuropsychology and Physiological Psychology (Q2); Physiology (Q2); Psychiatry and Mental Health (Q2); Behavioral Neuroscience (Q3)";"Biochemistry, Genetics and Molecular Biology; Medicine; Neuroscience; Psychology"
520;15450;"Journal of Contemporary Psychotherapy";journal;"15733564, 00220116";"Springer";No;No;0,730;Q2;48;39;109;1436;244;105;1,64;36,82;64,00;3;United States;Northern America;"Springer";"1968-1982, 1984-2026";"Clinical Psychology (Q2); Psychiatry and Mental Health (Q2)";"Medicine; Psychology"
521;12042;"Legal and Criminological Psychology";journal;"13553259, 20448333";"Wiley-Blackwell";No;No;0,727;Q2;70;20;51;950;107;44;2,24;47,50;61,70;3;United States;Northern America;"Wiley-Blackwell";"1996-2026";"Pathology and Forensic Medicine (Q1); Applied Psychology (Q2)";"Medicine; Psychology"
522;14561;"Child: Care, Health and Development";journal;"03051862, 13652214";"Wiley-Blackwell Publishing Ltd";No;No;0,725;Q2;106;104;282;4310;618;275;2,14;41,44;72,97;14;United Kingdom;Western Europe;"Wiley-Blackwell Publishing Ltd";"1975-2026";"Pediatrics, Perinatology and Child Health (Q1); Developmental and Educational Psychology (Q2); Public Health, Environmental and Occupational Health (Q2)";"Medicine; Psychology"
523;17900156741;"European Journal of Developmental Psychology";journal;"17405610, 17405629";"Taylor and Francis Ltd.";No;No;0,722;Q2;55;58;160;2935;367;153;2,33;50,60;71,17;3;United Kingdom;Western Europe;"Taylor and Francis Ltd.";"2006-2007, 2009-2026";"Developmental and Educational Psychology (Q2); Social Psychology (Q2)";"Psychology"
524;15500;"Journal of Family and Economic Issues";journal;"15733475, 10580476";"Springer International Publishing AG";No;No;0,722;Q2;69;65;175;4142;595;167;3,24;63,72;54,50;17;United States;Northern America;"Springer International Publishing AG";"1992-2026";"Economics and Econometrics (Q2); Social Psychology (Q2)";"Economics, Econometrics and Finance; Psychology"
525;15411;"Journal of Clinical Psychology in Medical Settings";journal;"10689583, 15733572";"Springer";No;No;0,713;Q2;63;82;255;4086;563;255;2,05;49,83;64,08;5;United States;Northern America;"Springer";"1994-2026";"Clinical Psychology (Q2)";"Psychology"
526;17500155125;"Emotion, Space and Society";journal;"17554586, 18780040";"Elsevier B.V.";No;No;0,711;Q2;58;29;147;1865;344;143;2,01;64,31;73,44;1;Netherlands;Western Europe;"Elsevier B.V.";"2008-2026";"Experimental and Cognitive Psychology (Q2); Social Psychology (Q2)";"Psychology"
527;29882;"Journal of Child Sexual Abuse: Research, Treatment, and Program Innovations for Victims, Suvivors, and Offenders";journal;"10538712, 15470679";"Routledge";No;No;0,711;Q2;61;58;161;2590;358;156;1,79;44,66;71,70;2;United States;Northern America;"Routledge";"1992-2026";"Clinical Psychology (Q2); Pathology and Forensic Medicine (Q2); Pediatrics, Perinatology and Child Health (Q2); Psychiatry and Mental Health (Q2)";"Medicine; Psychology"
528;15313;"Suicide and Life-Threatening Behavior";journal;"03630234, 1943278X";"Wiley-Blackwell";No;No;0,711;Q2;118;86;324;4539;1074;321;2,68;52,78;51,74;5;United States;Northern America;"Wiley-Blackwell";"1971-2026";"Clinical Psychology (Q2); Medicine (miscellaneous) (Q2); Psychiatry and Mental Health (Q2); Public Health, Environmental and Occupational Health (Q2)";"Medicine; Psychology"
529;12088;"Basic and Applied Social Psychology";journal;"01973533, 15324834";"Routledge";No;No;0,709;Q2;88;14;61;739;188;60;2,88;52,79;48,65;0;United Kingdom;Western Europe;"Routledge";"1980-2026";"Applied Psychology (Q2); Social Psychology (Q2)";"Psychology"
530;14893;"International Journal of Psychoanalysis";journal;"17458315, 00207578";"Taylor and Francis Ltd.";No;No;0,709;Q2;78;87;249;2380;158;200;0,56;27,36;48,24;0;United Kingdom;Western Europe;"Taylor and Francis Ltd.";"1945-1947, 1957-1958, 1961, 1973-1976, 1979-2025";"Clinical Psychology (Q2); Medicine (miscellaneous) (Q2); Psychiatry and Mental Health (Q2)";"Medicine; Psychology"
531;29450;"Applied Measurement in Education";journal;"15324818, 08957347";"Routledge";No;No;0,705;Q2;57;22;74;1108;118;74;1,44;50,36;50,91;2;United States;Northern America;"Routledge";"1988-2026";"Education (Q1); Developmental and Educational Psychology (Q2)";"Psychology; Social Sciences"
532;21100372152;"Journal of Behavioral and Experimental Economics";journal;"22148051, 22148043";"Elsevier Inc.";No;No;0,704;Q2;86;130;320;7334;597;317;1,63;56,42;30,95;12;United States;Northern America;"Elsevier Inc.";"2014-2026";"Social Sciences (miscellaneous) (Q1); Applied Psychology (Q2); Economics and Econometrics (Q2)";"Economics, Econometrics and Finance; Psychology; Social Sciences"
533;21100413715;"Sport, Exercise, and Performance Psychology";journal;"21573913, 21573905";"American Psychological Association";No;No;0,704;Q2;42;18;117;1053;318;115;2,51;58,50;39,06;0;United States;Northern America;"American Psychological Association";"2013-2025";"Applied Psychology (Q2); Physical Therapy, Sports Therapy and Rehabilitation (Q2); Social Psychology (Q2)";"Health Professions; Psychology"
534;21101042487;"European Journal of Investigation in Health, Psychology and Education";journal;"21748144, 22549625";"Multidisciplinary Digital Publishing Institute (MDPI)";Yes;Yes;0,703;Q2;40;199;328;11738;1117;319;3,51;58,98;46,18;9;Switzerland;Western Europe;"Multidisciplinary Digital Publishing Institute (MDPI)";"2011-2026";"Applied Psychology (Q2); Clinical Psychology (Q2); Developmental and Educational Psychology (Q2)";"Psychology"
535;21100870584;"International Journal of School and Educational Psychology";journal;"21683603, 21683611";"Taylor and Francis Ltd.";No;No;0,703;Q2;27;29;125;1731;252;117;1,99;59,69;58,89;3;United Kingdom;Western Europe;"Taylor and Francis Ltd.";"2013-2026";"Developmental and Educational Psychology (Q2); Education (Q2)";"Psychology; Social Sciences"
536;17500155120;"Journal of Neuropsychology";journal;"17486653, 17486645";"Wiley-Blackwell";No;No;0,703;Q2;47;33;95;2086;211;93;2,26;63,21;53,69;0;United States;Northern America;"Wiley-Blackwell";"2007-2026";"Neuropsychology and Physiological Psychology (Q2); Behavioral Neuroscience (Q3); Cognitive Neuroscience (Q3)";"Neuroscience; Psychology"
537;13465;"Psychological Reports";journal;"00332941, 1558691X";"SAGE Publications Inc.";No;No;0,703;Q2;91;149;412;9301;1162;411;2,88;62,42;54,83;7;United States;Northern America;"SAGE Publications Inc.";"1955, 1960-2026";"Psychology (miscellaneous) (Q2)";"Psychology"
538;21100831409;"Couple and Family Psychology: Research and Practice";journal;"21604096, 2160410X";"American Psychological Association";No;No;0,702;Q2;21;11;102;690;203;100;1,96;62,73;82,61;0;United States;Northern America;"American Psychological Association";"2016-2025";"Clinical Psychology (Q2); Social Psychology (Q2)";"Psychology"
539;21101055720;"International Journal of Bullying Prevention";journal;"25233653, 25233661";"Springer International Publishing";No;No;0,702;Q2;24;29;76;1893;232;74;2,86;65,28;71,03;7;Switzerland;Western Europe;"Springer International Publishing";"2019-2026";"Social Sciences (miscellaneous) (Q1); Developmental and Educational Psychology (Q2); Social Psychology (Q2)";"Psychology; Social Sciences"
540;5800207918;"International Journal of Listening";journal;"10904018, 1932586X";"Taylor and Francis Ltd.";No;No;0,702;Q2;36;17;46;796;123;44;1,79;46,82;63,89;0;United Kingdom;Western Europe;"Taylor and Francis Ltd.";"1995-2026";"Communication (Q1); Linguistics and Language (Q1); Applied Psychology (Q2)";"Psychology; Social Sciences"
541;13452;"Creativity Research Journal";journal;"15326934, 10400419";"Routledge";No;No;0,701;Q2;113;49;109;4206;422;106;3,84;85,84;39,39;1;United States;Northern America;"Routledge";"1988-1999, 2001-2026";"Visual Arts and Performing Arts (Q1); Developmental and Educational Psychology (Q2); Psychology (miscellaneous) (Q2)";"Arts and Humanities; Psychology"
542;29424;"Acta Psychologica";journal;"18736297, 00016918";"Elsevier B.V.";Yes;No;0,700;Q2;122;231;595;15231;1299;592;2,23;65,94;46,57;11;Netherlands;Western Europe;"Elsevier B.V.";"1936-1937, 1939, 1941, 1949-1951, 1953-2026";"Arts and Humanities (miscellaneous) (Q1); Developmental and Educational Psychology (Q2); Experimental and Cognitive Psychology (Q2); Medicine (miscellaneous) (Q2)";"Arts and Humanities; Medicine; Psychology"
543;21321;"AIDS Care - Psychological and Socio-Medical Aspects of AIDS/HIV";journal;"13600451, 09540121";"Routledge";No;No;0,696;Q2;115;243;681;8658;1257;680;1,75;35,63;55,65;16;United Kingdom;Western Europe;"Routledge";"1989-2026";"Health (social science) (Q2); Public Health, Environmental and Occupational Health (Q2); Social Psychology (Q2)";"Medicine; Psychology; Social Sciences"
544;15373;"Journal of Aggression, Maltreatment and Trauma";journal;"10926771, 1545083X";"Routledge";No;No;0,695;Q2;67;105;228;5107;475;224;1,99;48,64;70,00;7;United States;Northern America;"Routledge";"1997-1998, 2000-2026";"Health Professions (miscellaneous) (Q1); Clinical Psychology (Q2); Psychiatry and Mental Health (Q2)";"Health Professions; Medicine; Psychology"
545;13464;"Psychological Record";journal;"00332933, 21633452";"Springer Nature";No;No;0,694;Q2;62;47;159;2305;213;157;1,13;49,04;43,84;0;Switzerland;Western Europe;"Springer Nature";"1961-1964, 1969, 1973-1975, 1979-1981, 1984, 1986-1990, 1992, 1996-2026";"Arts and Humanities (miscellaneous) (Q1); Psychology (miscellaneous) (Q2)";"Arts and Humanities; Psychology"
546;12738;"Child Neuropsychology";journal;"17444136, 09297049";"Routledge";No;No;0,693;Q2;91;65;173;4597;403;172;2,04;70,72;70,03;5;United Kingdom;Western Europe;"Routledge";"1986, 1995-2026";"Developmental and Educational Psychology (Q2); Neuropsychology and Physiological Psychology (Q2); Pediatrics, Perinatology and Child Health (Q2)";"Medicine; Psychology"
547;25291;"Journal of Addictive Diseases";journal;"10550887, 15450848";"Taylor and Francis Ltd.";No;No;0,691;Q2;72;41;202;1361;383;188;1,80;33,20;42,37;2;United States;Northern America;"Taylor and Francis Ltd.";"1991-2018, 2020-2026";"Clinical Psychology (Q2); Medicine (miscellaneous) (Q2); Psychiatry and Mental Health (Q2)";"Medicine; Psychology"
548;21101142603;"Social Sciences and Humanities Open";journal;"25902911";"Elsevier Ltd";Yes;No;0,691;Q2;45;374;351;21297;1405;348;3,78;56,94;48,60;19;United Kingdom;Western Europe;"Elsevier Ltd";"2019-2026";"Social Sciences (miscellaneous) (Q1); Decision Sciences (miscellaneous) (Q2); Psychology (miscellaneous) (Q2)";"Decision Sciences; Psychology; Social Sciences"
549;30065;"Journal of Psychopathology and Behavioral Assessment";journal;"08822689, 15733505";"Springer";No;No;0,690;Q2;92;90;237;5412;406;237;1,44;60,13;56,08;2;United States;Northern America;"Springer";"1985-2026";"Clinical Psychology (Q2)";"Psychology"
550;21101024227;"European Journal of Trauma and Dissociation";journal;"24687499";"Elsevier Masson s.r.l.";No;No;0,689;Q2;15;46;94;2717;165;72;1,81;59,07;53,96;1;France;Western Europe;"Elsevier Masson s.r.l.";"2017-2026";"Clinical Psychology (Q2); Psychiatry and Mental Health (Q2)";"Medicine; Psychology"
551;14143;"Experimental Aging Research";journal;"10964657, 0361073X";"Taylor and Francis Ltd.";No;No;0,688;Q2;62;35;91;1800;204;90;1,84;51,43;62,42;0;United Kingdom;Western Europe;"Taylor and Francis Ltd.";"1975-2026";"Arts and Humanities (miscellaneous) (Q1); Geriatrics and Gerontology (Q2); Psychology (miscellaneous) (Q2); Aging (Q3)";"Arts and Humanities; Biochemistry, Genetics and Molecular Biology; Medicine; Psychology"
552;12833;"Journal of Psychoeducational Assessment";journal;"15575144, 07342829";"SAGE Publications Inc.";No;No;0,688;Q2;67;62;209;2912;445;209;2,01;46,97;49,76;2;United States;Northern America;"SAGE Publications Inc.";"1983-2026";"Clinical Psychology (Q2); Education (Q2); Psychology (miscellaneous) (Q2)";"Psychology; Social Sciences"
553;21101142419;"International Journal of Applied Positive Psychology";journal;"23645040, 23645059";"Springer Nature";No;No;0,687;Q2;20;40;47;2829;137;47;2,51;70,73;59,20;0;Netherlands;Western Europe;"Springer Nature";"2016, 2018-2026";"Social Sciences (miscellaneous) (Q1); Applied Psychology (Q2)";"Psychology; Social Sciences"
554;19700167014;"Journal of Gay and Lesbian Mental Health";journal;"19359705, 19359713";"Routledge";No;No;0,686;Q2;47;32;85;1406;151;58;1,62;43,94;58,67;3;United States;Northern America;"Routledge";"2008-2025";"Clinical Psychology (Q2); Health (social science) (Q2); Psychiatry and Mental Health (Q2)";"Medicine; Psychology; Social Sciences"
555;19900192615;"Cyberpsychology";journal;"18027962";"Masaryk University";Yes;Yes;0,685;Q2;47;40;115;3285;318;115;2,51;82,13;54,86;0;Czech Republic;Eastern Europe;"Masaryk University";"2011-2026";"Communication (Q1); Social Sciences (miscellaneous) (Q1); Psychology (miscellaneous) (Q2)";"Psychology; Social Sciences"
556;21100901905;"Revista de Psicologia Clinica con Ninos y Adolescentes";journal;"23408340";"Aitana Research Group";Yes;Yes;0,685;Q2;15;27;85;1201;221;84;0,80;44,48;72,97;7;Spain;Western Europe;"Aitana Research Group";"2018-2025";"Clinical Psychology (Q2); Developmental and Educational Psychology (Q2); Experimental and Cognitive Psychology (Q2); Pediatrics, Perinatology and Child Health (Q2); Psychiatry and Mental Health (Q2)";"Medicine; Psychology"
557;30085;"Journal of Social and Clinical Psychology";journal;"07367236";"Guilford Publications";No;No;0,684;Q2;121;24;81;1359;138;81;1,11;56,63;58,43;0;United States;Northern America;"Guilford Publications";"1983-1985, 1987-1988, 1990, 1996-2025";"Clinical Psychology (Q2); Social Psychology (Q2)";"Psychology"
558;21101052704;"Journal of Health and Social Sciences (discontinued)";journal;"24995886, 24992240";"SIPISS- Edizioni FS Publishers";Yes;No;0,681;Q2;19;29;128;1405;351;116;3,96;48,45;44,17;0;Italy;Western Europe;"SIPISS- Edizioni FS Publishers";"2019-2024";"Health Policy (Q2); Health (social science) (Q2); Psychology (miscellaneous) (Q2); Public Health, Environmental and Occupational Health (Q2)";"Medicine; Psychology; Social Sciences"
559;15104;"Journal of Developmental and Behavioral Pediatrics";journal;"0196206X, 15367312";"Lippincott Williams and Wilkins Ltd.";No;No;0,680;Q2;129;89;361;2471;678;337;1,61;27,76;75,50;0;United States;Northern America;"Lippincott Williams and Wilkins Ltd.";"1980-2026";"Developmental and Educational Psychology (Q2); Medicine (miscellaneous) (Q2); Pediatrics, Perinatology and Child Health (Q2); Psychiatry and Mental Health (Q2)";"Medicine; Psychology"
560;30091;"Journal of Sport and Exercise Psychology";journal;"08952779, 15432904";"Human Kinetics Publishers Inc.";No;No;0,680;Q2;129;26;126;1428;300;126;2,14;54,92;42,20;0;United States;Northern America;"Human Kinetics Publishers Inc.";"1988-1991, 1996-2026";"Applied Psychology (Q2); Sports Science (Q3)";"Health Professions; Psychology"
561;17700156745;"Psychology of Religion and Spirituality";journal;"19431562, 19411022";"American Psychological Association";No;No;0,680;Q2;58;70;174;3787;464;173;2,32;54,10;48,90;0;United States;Northern America;"American Psychological Association";"2009-2025";"Religious Studies (Q1); Applied Psychology (Q2); Social Psychology (Q2)";"Arts and Humanities; Psychology"
562;26619;"Symbolic Interaction";journal;"15338665, 01956086";"Wiley-Blackwell";No;No;0,678;Q2;65;19;83;1344;204;80;2,31;70,74;50,00;0;United States;Northern America;"Wiley-Blackwell";"1977-2026";"Communication (Q1); Nursing (miscellaneous) (Q1); Social Sciences (miscellaneous) (Q1); Sociology and Political Science (Q1); Education (Q2); Social Psychology (Q2)";"Nursing; Psychology; Social Sciences"
563;19900192612;"Europe's Journal of Psychology";journal;"18410413";"PsychOpen";Yes;Yes;0,677;Q2;45;29;113;1679;387;107;1,93;57,90;63,41;0;Germany;Western Europe;"PsychOpen";"2011-2025";"Psychology (miscellaneous) (Q2)";"Psychology"
564;22328;"Organizational Dynamics";journal;"00902616";"Elsevier B.V.";No;No;0,675;Q2;86;33;144;17;440;141;3,80;0,52;54,65;3;United Kingdom;Western Europe;"Elsevier B.V.";"1972-1995, 1997-2026";"Sociology and Political Science (Q1); Applied Psychology (Q2); Organizational Behavior and Human Resource Management (Q2)";"Business, Management and Accounting; Psychology; Social Sciences"
565;16249;"Journal of Behavior Therapy and Experimental Psychiatry";journal;"18737943, 00057916";"Elsevier Ltd";No;No;0,674;Q2;99;82;186;4676;372;184;1,69;57,02;52,90;5;United Kingdom;Western Europe;"Elsevier Ltd";"1970-2026";"Arts and Humanities (miscellaneous) (Q1); Clinical Psychology (Q2); Experimental and Cognitive Psychology (Q2); Psychiatry and Mental Health (Q2)";"Arts and Humanities; Medicine; Psychology"
566;13418;"Psychoanalytic Dialogues";journal;"19409222, 10481885";"Taylor and Francis Ltd.";No;No;0,674;Q2;62;96;280;2085;164;179;0,47;21,72;70,59;0;United Kingdom;Western Europe;"Taylor and Francis Ltd.";"1991-2025";"Clinical Psychology (Q2)";"Psychology"
567;12126;"Behaviour Change";journal;"20497768, 08134839";"Cambridge University Press";No;No;0,673;Q2;50;26;55;1248;99;54;1,56;48,00;68,63;3;United Kingdom;Western Europe;"Cambridge University Press";"1984-2023";"Clinical Psychology (Q2); Experimental and Cognitive Psychology (Q2)";"Psychology"
568;14282;"Behavioral Interventions";journal;"10720847, 1099078X";"John Wiley and Sons Ltd";No;No;0,672;Q2;44;66;194;2490;214;192;1,05;37,73;67,69;1;United Kingdom;Western Europe;"John Wiley and Sons Ltd";"1986-2026";"Arts and Humanities (miscellaneous) (Q1); Clinical Psychology (Q2); Developmental and Educational Psychology (Q2); Psychiatry and Mental Health (Q2)";"Arts and Humanities; Medicine; Psychology"
569;22029;"Dyslexia";journal;"10769242, 10990909";"John Wiley and Sons Ltd";No;No;0,670;Q2;68;25;83;1772;167;81;1,79;70,88;61,96;4;United Kingdom;Western Europe;"John Wiley and Sons Ltd";"1996-2026";"Developmental and Educational Psychology (Q2); Education (Q2); Experimental and Cognitive Psychology (Q2); Medicine (miscellaneous) (Q2)";"Medicine; Psychology; Social Sciences"
570;21100897500;"Education Sciences";journal;"22277102";"Multidisciplinary Digital Publishing Institute (MDPI)";Yes;No;0,669;Q2;85;1250;2144;71321;7971;2099;3,47;57,06;57,73;64;Switzerland;Western Europe;"Multidisciplinary Digital Publishing Institute (MDPI)";"2011-2026";"Computer Science Applications (Q2); Computer Science (miscellaneous) (Q2); Developmental and Educational Psychology (Q2); Education (Q2); Physical Therapy, Sports Therapy and Rehabilitation (Q2); Public Administration (Q2)";"Computer Science; Health Professions; Psychology; Social Sciences"
571;19700188900;"Social Psychology";journal;"18649335, 21512590";"Hogrefe Publishing GmbH";No;No;0,668;Q2;56;34;100;1788;163;99;0,98;52,59;60,78;1;Germany;Western Europe;"Hogrefe Publishing GmbH";"2006, 2008-2026";"Arts and Humanities (miscellaneous) (Q1); Sociology and Political Science (Q1); Psychology (miscellaneous) (Q2); Social Psychology (Q2)";"Arts and Humanities; Psychology; Social Sciences"
572;23083;"Language and Communication";journal;"02715309";"Elsevier Ltd";No;No;0,667;Q2;59;54;178;3800;364;173;1,75;70,37;60,92;0;United Kingdom;Western Europe;"Elsevier Ltd";"1981-2026";"Communication (Q1); Linguistics and Language (Q1); Experimental and Cognitive Psychology (Q2); Social Psychology (Q2)";"Psychology; Social Sciences"
573;12084;"Australian Psychologist";journal;"00050067, 17429544";"Routledge";No;No;0,666;Q2;65;42;140;2053;295;134;2,00;48,88;56,94;2;United States;Northern America;"Routledge";"1966-2026";"Arts and Humanities (miscellaneous) (Q1); Psychology (miscellaneous) (Q2)";"Arts and Humanities; Psychology"
574;16907;"Research on Social Work Practice";journal;"10497315, 15527581";"SAGE Publications Inc.";No;No;0,665;Q2;82;71;237;4219;444;220;1,86;59,42;64,03;7;United States;Northern America;"SAGE Publications Inc.";"1991-2026";"Social Sciences (miscellaneous) (Q1); Sociology and Political Science (Q1); Psychology (miscellaneous) (Q2); Social Work (Q2)";"Psychology; Social Sciences"
575;21100887623;"Comprehensive Results in Social Psychology";journal;"23743611";"Taylor and Francis Ltd.";No;No;0,664;Q2;16;5;25;369;53;24;3,55;73,80;33,33;0;United Kingdom;Western Europe;"Taylor and Francis Ltd.";"2016-2018, 2020-2023, 2025-2026";"Social Psychology (Q2)";"Psychology"
576;21100370881;"Journal of Experimental Psychology: Animal Learning and Cognition";journal;"23298464, 23298456";"American Psychological Association";No;No;0,662;Q2;82;21;109;983;149;105;1,37;46,81;35,85;0;United States;Northern America;"American Psychological Association";"2014-2026";"Ecology, Evolution, Behavior and Systematics (Q2); Experimental and Cognitive Psychology (Q2)";"Agricultural and Biological Sciences; Psychology"
577;21100862294;"Neuropsychopharmacology Reports";journal;"2574173X";"John Wiley &amp; Sons Inc.";Yes;No;0,660;Q2;27;77;201;2903;478;199;2,38;37,70;26,81;5;United States;Northern America;"John Wiley &amp; Sons Inc.";"2018-2026";"Clinical Psychology (Q2); Pharmacology (Q2); Pharmacology (medical) (Q2); Psychiatry and Mental Health (Q2)";"Medicine; Pharmacology, Toxicology and Pharmaceutics; Psychology"
578;21101051829;"Psychology of Popular Media";journal;"26896575, 26896567";"American Psychological Association";No;No;0,660;Q2;37;59;207;3138;582;201;2,23;53,19;64,67;2;United States;Northern America;"American Psychological Association";"2020-2025";"Communication (Q1); Cultural Studies (Q1); Applied Psychology (Q2); Psychology (miscellaneous) (Q2)";"Psychology; Social Sciences"
579;21101173089;"Journal of Cognitive Enhancement";journal;"25093304, 25093290";"Springer Nature";No;No;0,658;Q2;35;20;119;1269;250;116;1,77;63,45;47,50;0;United States;Northern America;"Springer Nature";"2017-2026";"Experimental and Cognitive Psychology (Q2); Neuropsychology and Physiological Psychology (Q2); Behavioral Neuroscience (Q3); Cognitive Neuroscience (Q3)";"Neuroscience; Psychology"
580;15947;"Behaviormetrika";journal;"03857417, 13496964";"Springer";Yes;No;0,654;Q2;19;32;67;1301;145;58;1,51;40,66;16,42;0;Japan;Asiatic Region;"Springer";"1985-1986, 2017-2026";"Analysis (Q2); Applied Mathematics (Q2); Clinical Psychology (Q2); Experimental and Cognitive Psychology (Q2)";"Mathematics; Psychology"
581;12041;"Applied Psychophysiology Biofeedback";journal;"15733270, 10900586";"Springer";No;No;0,652;Q2;81;37;103;1767;252;96;2,19;47,76;41,49;3;United States;Northern America;"Springer";"1997-2026";"Applied Psychology (Q2); Neuropsychology and Physiological Psychology (Q2)";"Psychology"
582;5200152840;"Intellectual and Developmental Disabilities";journal;"19349491, 19349556";"American Association on Intellectual and Developmental Disabilities";No;No;0,652;Q2;80;35;130;1341;213;129;1,40;38,31;66,07;5;United States;Northern America;"American Association on Intellectual and Developmental Disabilities";"2007-2025";"Community and Home Care (Q1); Developmental and Educational Psychology (Q2); Education (Q2); Pediatrics, Perinatology and Child Health (Q2); Psychiatry and Mental Health (Q2)";"Medicine; Nursing; Psychology; Social Sciences"
583;21101113286;"Sexual Abuse";journal;"1573286X, 10790632";"SAGE Publications Inc.";No;No;0,651;Q2;93;39;122;2514;278;119;2,18;64,46;52,00;5;United States;Northern America;"SAGE Publications Inc.";"1988-1993, 1995-2026";"Psychiatry and Mental Health (Q2); Psychology (miscellaneous) (Q2)";"Medicine; Psychology"
584;29520;"Animal Cognition";journal;"14359448, 14359456";"Springer Science and Business Media Deutschland GmbH";Yes;No;0,648;Q2;100;155;348;11544;888;341;2,36;74,48;53,23;0;Germany;Western Europe;"Springer Science and Business Media Deutschland GmbH";"1998-2026";"Ecology, Evolution, Behavior and Systematics (Q2); Experimental and Cognitive Psychology (Q2)";"Agricultural and Biological Sciences; Psychology"
585;14340;"Brain Injury";journal;"1362301X, 02699052";"Taylor and Francis Ltd.";No;No;0,645;Q2;127;116;548;5185;1067;538;1,50;44,70;56,05;9;United Kingdom;Western Europe;"Taylor and Francis Ltd.";"1987-2026";"Developmental and Educational Psychology (Q2); Neurology (clinical) (Q2); Neuroscience (miscellaneous) (Q3)";"Medicine; Neuroscience; Psychology"
586;21100211334;"Journal of Cognitive Engineering and Decision Making";journal;"21695032, 15553434";"SAGE Publications Inc.";No;No;0,643;Q2;47;18;43;1129;126;42;2,90;62,72;41,33;2;United States;Northern America;"SAGE Publications Inc.";"2007-2026";"Engineering (miscellaneous) (Q1); Applied Psychology (Q2); Computer Science Applications (Q2); Human Factors and Ergonomics (Q2)";"Computer Science; Engineering; Psychology; Social Sciences"
587;5800179597;"Training and Education in Professional Psychology";journal;"19313918, 19313926";"American Psychological Association";No;No;0,643;Q2;46;36;147;1474;331;146;2,29;40,94;68,34;1;United States;Northern America;"American Psychological Association";"2007-2025";"Education (Q2); Psychology (miscellaneous) (Q2)";"Psychology; Social Sciences"
588;12053;"Archives of Suicide Research";journal;"15436136, 13811118";"Routledge";No;No;0,638;Q2;73;94;261;4427;960;261;3,55;47,10;51,04;12;United Kingdom;Western Europe;"Routledge";"1995-1999, 2002-2026";"Clinical Psychology (Q2); Psychiatry and Mental Health (Q2)";"Medicine; Psychology"
589;5600152890;"Body and Society";journal;"1357034X, 14603632";"SAGE Publications Ltd";No;No;0,638;Q2;82;17;51;1118;125;50;1,39;65,76;65,52;0;United Kingdom;Western Europe;"SAGE Publications Ltd";"1995-2026";"Cultural Studies (Q1); Health (social science) (Q2); Social Psychology (Q2)";"Psychology; Social Sciences"
590;21100821132;"Decision";journal;"23259973, 23259965";"American Psychological Association";No;No;0,638;Q2;26;19;72;1164;78;71;0,78;61,26;41,67;1;United States;Northern America;"American Psychological Association";"2014-2025";"Applied Psychology (Q2); Neuropsychology and Physiological Psychology (Q2); Social Psychology (Q2); Statistics, Probability and Uncertainty (Q2)";"Decision Sciences; Psychology"
591;21101113246;"Journal of Technology in Behavioral Science";journal;"23665963";"Springer";No;No;0,638;Q2;28;48;159;2041;469;151;2,78;42,52;65,67;4;United States;Northern America;"Springer";"2016-2026";"Applied Psychology (Q2); Computer Science Applications (Q2); Health (social science) (Q2); Human-Computer Interaction (Q2)";"Computer Science; Psychology; Social Sciences"
592;12737;"Aging, Neuropsychology, and Cognition";journal;"17444128, 13825585";"Taylor and Francis Ltd.";No;No;0,637;Q2;73;52;164;3094;318;163;1,75;59,50;61,92;1;United Kingdom;Western Europe;"Taylor and Francis Ltd.";"1994-2026";"Experimental and Cognitive Psychology (Q2); Neuropsychology and Physiological Psychology (Q2); Psychiatry and Mental Health (Q2); Geriatrics and Gerontology (Q3)";"Medicine; Psychology"
593;13339;"Professional Psychology: Research and Practice";journal;"19391323, 07357028";"American Psychological Association";No;No;0,637;Q2;110;45;214;1910;432;211;1,72;42,44;66,98;3;United States;Northern America;"American Psychological Association";"1969-2025";"Psychology (miscellaneous) (Q2)";"Psychology"
594;21101107951;"Comprehensive Psychoneuroendocrinology";journal;"26664976";"Elsevier Ltd";Yes;No;0,636;Q2;19;40;138;2257;273;132;2,02;56,43;62,05;1;United Kingdom;Western Europe;"Elsevier Ltd";"2020-2026";"Psychiatry and Mental Health (Q2); Psychology (miscellaneous) (Q2); Biological Psychiatry (Q3); Endocrine and Autonomic Systems (Q3); Endocrinology, Diabetes and Metabolism (Q3); Immunology (Q3); Neurology (clinical) (Q3)";"Immunology and Microbiology; Medicine; Neuroscience; Psychology"
595;21101039875;"Journal of Alzheimer's Disease Reports";journal;"25424823";"SAGE Publications Ltd";Yes;No;0,635;Q2;32;98;178;6945;530;178;2,56;70,87;47,86;0;United Kingdom;Western Europe;"SAGE Publications Ltd";"2017-2025";"Clinical Psychology (Q2); Psychiatry and Mental Health (Q2); Geriatrics and Gerontology (Q3); Neuroscience (miscellaneous) (Q3)";"Medicine; Neuroscience; Psychology"
596;5800207405;"Journal of Early Childhood Research";journal;"1476718X, 17412927";"SAGE Publications Ltd";No;No;0,632;Q2;42;36;107;1624;193;107;1,93;45,11;86,41;0;United Kingdom;Western Europe;"SAGE Publications Ltd";"2003-2026";"Developmental and Educational Psychology (Q2); Education (Q2); Health (social science) (Q2)";"Psychology; Social Sciences"
597;28811;"Journal of Health Care Chaplaincy";journal;"15286916, 08854726";"Routledge";No;No;0,632;Q2;29;29;76;1088;130;75;1,68;37,52;59,14;0;United States;Northern America;"Routledge";"1987-1994, 1997-2002, 2004, 2008, 2010-2026";"Religious Studies (Q1); Clinical Psychology (Q2); Health (social science) (Q2)";"Arts and Humanities; Psychology; Social Sciences"
598;21101024236;"Journal of Theoretical Social Psychology";journal;"24750387";"John Wiley and Sons Inc";No;No;0,630;Q2;20;3;64;204;128;64;2,34;68,00;44,44;0;United States;Northern America;"John Wiley and Sons Inc";"2017-2025";"Social Psychology (Q2)";"Psychology"
599;15270;"South African Journal of Psychology";journal;"00812463, 2078208X";"SAGE Publications Inc.";No;No;0,630;Q2;48;49;150;2023;332;131;2,57;41,29;58,65;2;United States;Northern America;"SAGE Publications Inc.";"1979-2026";"Psychology (miscellaneous) (Q2)";"Psychology"
600;21100210905;"i-Perception";journal;"20416695";"SAGE Publications Ltd";Yes;No;0,629;Q3;47;53;193;1953;403;192;2,22;36,85;32,31;0;United Kingdom;Western Europe;"SAGE Publications Ltd";"2010-2026";"Ophthalmology (Q2); Artificial Intelligence (Q3); Experimental and Cognitive Psychology (Q3); Sensory Systems (Q3)";"Computer Science; Medicine; Neuroscience; Psychology"
601;16723;"Journal of Intellectual and Developmental Disability";journal;"13668250, 14699532";"Informa Healthcare";No;No;0,628;Q2;72;45;122;1818;248;117;1,88;40,40;68,29;1;United Kingdom;Western Europe;"Informa Healthcare";"1970-1991, 1993-1994, 1996-2026";"Arts and Humanities (miscellaneous) (Q1); Education (Q2); Medicine (miscellaneous) (Q2); Psychology (miscellaneous) (Q2)";"Arts and Humanities; Medicine; Psychology; Social Sciences"
602;12100156320;"Mind, Brain, and Education";journal;"17512271, 1751228X";"Wiley-Blackwell Publishing Ltd";No;No;0,628;Q2;53;41;105;2276;265;93;2,24;55,51;65,79;2;United Kingdom;Western Europe;"Wiley-Blackwell Publishing Ltd";"2008-2026";"Developmental and Educational Psychology (Q2); Education (Q2); Cognitive Neuroscience (Q3); Experimental and Cognitive Psychology (Q3)";"Neuroscience; Psychology; Social Sciences"
603;19700188308;"Research in Human Development";journal;"15427617, 15427609";"Routledge";No;No;0,628;Q2;39;14;44;825;90;41;1,15;58,93;80,43;0;United States;Northern America;"Routledge";"2004-2005, 2008-2025";"Developmental and Educational Psychology (Q2); Social Psychology (Q2)";"Psychology"
604;14018;"Human Movement Science";journal;"01679457, 18727646";"Elsevier B.V.";No;No;0,628;Q3;114;95;311;4298;652;308;1,77;45,24;35,58;0;Netherlands;Western Europe;"Elsevier B.V.";"1982-2026";"Biophysics (Q2); Medicine (miscellaneous) (Q2); Orthopedics and Sports Medicine (Q2); Experimental and Cognitive Psychology (Q3); Sports Science (Q3)";"Biochemistry, Genetics and Molecular Biology; Health Professions; Medicine; Psychology"
605;16750;"Journal of Neurolinguistics";journal;"18738052, 09116044";"Elsevier Ltd";No;No;0,625;Q3;70;35;143;2777;337;141;1,71;79,34;61,29;0;United Kingdom;Western Europe;"Elsevier Ltd";"1985-1986, 1988-1992, 1994-2026";"Arts and Humanities (miscellaneous) (Q1); Linguistics and Language (Q1); Cognitive Neuroscience (Q3); Experimental and Cognitive Psychology (Q3)";"Arts and Humanities; Neuroscience; Psychology; Social Sciences"
606;21101021571;"Intervention";journal;"15718883, 18721001";"Wolters Kluwer Medknow Publications";Yes;No;0,624;Q2;15;22;84;610;111;77;1,37;27,73;62,50;3;United States;Northern America;"Wolters Kluwer Medknow Publications";"2015, 2018-2025";"Clinical Psychology (Q2); Psychiatry and Mental Health (Q2); Social Psychology (Q2)";"Medicine; Psychology"
607;21101041408;"Evolutionary Psychological Science";journal;"21989885";"Springer Nature";No;No;0,622;Q2;26;39;111;2380;149;111;1,46;61,03;38,83;0;Switzerland;Western Europe;"Springer Nature";"2015-2026";"Social Psychology (Q2)";"Psychology"
608;12100155619;"Journal of Police and Criminal Psychology";journal;"19366469, 08820783";"Springer Verlag";No;No;0,622;Q2;41;85;194;4716;395;192;2,09;55,48;57,25;10;Germany;Western Europe;"Springer Verlag";"1985-2026";"Law (Q1); Applied Psychology (Q2)";"Psychology; Social Sciences"
609;21100935804;"Autism and Developmental Language Impairments";journal;"23969415";"SAGE Publications Ltd";Yes;No;0,619;Q2;27;17;75;936;179;75;2,34;55,06;71,43;1;United Kingdom;Western Europe;"SAGE Publications Ltd";"2016-2026";"Clinical Psychology (Q2); Developmental and Educational Psychology (Q2); Psychiatry and Mental Health (Q3)";"Medicine; Psychology"
610;12102;"Behavior Modification";journal;"01454455, 15524167";"SAGE Publications Inc.";No;No;0,619;Q2;98;57;138;2931;331;137;2,19;51,42;66,33;4;United States;Northern America;"SAGE Publications Inc.";"1977-2026";"Arts and Humanities (miscellaneous) (Q1); Clinical Psychology (Q2); Developmental and Educational Psychology (Q2)";"Arts and Humanities; Psychology"
611;15372;"Journal of Adult Development";journal;"10680667, 15733440";"Springer New York";No;No;0,619;Q2;59;33;84;1975;178;83;1,84;59,85;56,25;0;United States;Northern America;"Springer New York";"1994-2026";"Developmental and Educational Psychology (Q2); Life-span and Life-course Studies (Q2); Experimental and Cognitive Psychology (Q3)";"Psychology; Social Sciences"
612;15540;"Journal of Humanistic Psychology";journal;"1552650X, 00221678";"SAGE Publications Inc.";No;No;0,618;Q2;53;80;201;3662;459;192;2,26;45,78;51,00;2;United States;Northern America;"SAGE Publications Inc.";"1961-2026";"Philosophy (Q1); Sociology and Political Science (Q1); Social Psychology (Q2)";"Arts and Humanities; Psychology; Social Sciences"
613;6500153248;"Victims and Offenders";journal;"15564886, 15564991";"Routledge";No;No;0,618;Q2;47;78;201;5655;481;195;2,03;72,50;67,00;7;United Kingdom;Western Europe;"Routledge";"2006-2026";"Law (Q1); Applied Psychology (Q2); Health (social science) (Q2); Pathology and Forensic Medicine (Q2)";"Medicine; Psychology; Social Sciences"
614;21100901748;"Behavioral Sciences";journal;"2076328X";"Multidisciplinary Digital Publishing Institute (MDPI)";Yes;No;0,616;Q2;64;1017;888;65048;2497;881;2,85;63,96;50,83;26;Switzerland;Western Europe;"Multidisciplinary Digital Publishing Institute (MDPI)";"2011-2026";"Development (Q2); Ecology, Evolution, Behavior and Systematics (Q2); Psychology (miscellaneous) (Q2); Behavioral Neuroscience (Q3); Genetics (Q3)";"Agricultural and Biological Sciences; Biochemistry, Genetics and Molecular Biology; Neuroscience; Psychology; Social Sciences"
615;13194;"Career Development Quarterly";journal;"21610045, 08894019";"Wiley-Blackwell";No;No;0,616;Q2;70;23;79;1395;205;78;2,13;60,65;63,77;0;United States;Northern America;"Wiley-Blackwell";"1986-2026";"Applied Psychology (Q2); Organizational Behavior and Human Resource Management (Q2); Psychology (miscellaneous) (Q2)";"Business, Management and Accounting; Psychology"
616;29979;"Journal of Psychosocial Oncology";journal;"07347332, 15407586";"Routledge";No;No;0,615;Q2;56;53;176;1784;383;172;1,79;33,66;73,05;1;United States;Northern America;"Routledge";"1983-2026";"Applied Psychology (Q2); Oncology (Q3); Psychiatry and Mental Health (Q3)";"Medicine; Psychology"
617;21100223527;"Journal of Clinical Sport Psychology";journal;"19329261, 1932927X";"Human Kinetics Publishers Inc.";No;No;0,613;Q2;45;29;73;1512;140;69;1,72;52,14;51,02;0;United States;Northern America;"Human Kinetics Publishers Inc.";"2007-2025";"Applied Psychology (Q2)";"Psychology"
618;4700152821;"Journal of Research in Childhood Education";journal;"02568543, 21502641";"Routledge";No;No;0,613;Q2;44;36;119;2130;219;116;1,50;59,17;72,17;0;United Kingdom;Western Europe;"Routledge";"1986-2026";"Developmental and Educational Psychology (Q2); Education (Q2)";"Psychology; Social Sciences"
619;18923;"Journal of Genetic Psychology";journal;"19400896, 00221325";"Routledge";No;No;0,612;Q2;68;31;116;2251;213;115;1,87;72,61;59,79;0;United States;Northern America;"Routledge";"1946-1949, 1951, 1954-2026";"Clinical Psychology (Q2); Developmental and Educational Psychology (Q2); Life-span and Life-course Studies (Q2)";"Psychology; Social Sciences"
620;4000151904;"Palliative and Supportive Care";journal;"14789523, 14789515";"Cambridge University Press";No;No;0,612;Q2;70;181;370;5896;730;312;1,69;32,57;66,62;0;United Kingdom;Western Europe;"Cambridge University Press";"2003-2026";"Clinical Psychology (Q2); Medicine (miscellaneous) (Q2); Nursing (miscellaneous) (Q2); Psychiatry and Mental Health (Q3)";"Medicine; Nursing; Psychology"
621;20321;"International Journal of Offender Therapy and Comparative Criminology";journal;"0306624X, 15526933";"SAGE Publications Inc.";No;No;0,612;Q3;78;88;262;5015;510;257;1,93;56,99;52,73;0;United States;Northern America;"SAGE Publications Inc.";"1966-2026";"Arts and Humanities (miscellaneous) (Q1); Pathology and Forensic Medicine (Q2); Applied Psychology (Q3)";"Arts and Humanities; Medicine; Psychology"
622;15435;"Journal of Consciousness Studies";journal;"20512201, 13558250";"Imprint Academic";No;No;0,610;Q2;81;76;215;2959;281;192;1,35;38,93;37,93;0;United Kingdom;Western Europe;"Imprint Academic";"1996-2026";"Philosophy (Q1); Ecology, Evolution, Behavior and Systematics (Q2); Psychology (miscellaneous) (Q2); Artificial Intelligence (Q3)";"Agricultural and Biological Sciences; Arts and Humanities; Computer Science; Psychology"
623;17639;"Alzheimer Disease and Associated Disorders";journal;"08930341, 15464156";"Lippincott Williams and Wilkins";No;No;0,609;Q2;116;64;191;1832;338;185;1,60;28,63;52,94;0;United States;Northern America;"Lippincott Williams and Wilkins";"1987-2026";"Clinical Psychology (Q2); Gerontology (Q2); Geriatrics and Gerontology (Q3); Psychiatry and Mental Health (Q3)";"Medicine; Nursing; Psychology"
624;20100195008;"Research in Psychotherapy: Psychopathology, Process and Outcome";journal;"22398031";"Page Press Publications";Yes;No;0,609;Q2;25;32;97;1875;177;92;1,81;58,59;60,71;1;Italy;Western Europe;"Page Press Publications";"2011-2026";"Clinical Psychology (Q2); Psychiatry and Mental Health (Q3)";"Medicine; Psychology"
625;5800207751;"Metaphor and Symbol";journal;"15327868, 10926488";"Psychology Press Ltd";No;No;0,608;Q3;39;21;61;1242;138;57;2,48;59,14;48,98;0;United States;Northern America;"Psychology Press Ltd";"2007-2026";"Communication (Q1); Linguistics and Language (Q1); Experimental and Cognitive Psychology (Q3)";"Psychology; Social Sciences"
626;12797;"Journal of Educational and Psychological Consultation";journal;"10474412, 1532768X";"Routledge";No;No;0,606;Q2;42;18;67;1048;157;64;1,62;58,22;68,35;0;United States;Northern America;"Routledge";"1990-2005, 2007-2026";"Developmental and Educational Psychology (Q2); Psychology (miscellaneous) (Q2)";"Psychology"
627;21100375851;"Anuario de Psicologia Juridica";journal;"11330740, 21740542";"Colegio Oficial de Psicologos de Madrid";Yes;Yes;0,599;Q3;18;15;39;859;92;39;2,56;57,27;60,00;2;Spain;Western Europe;"Colegio Oficial de Psicologos de Madrid";"2013-2025";"Law (Q1); Pathology and Forensic Medicine (Q2); Applied Psychology (Q3)";"Medicine; Psychology; Social Sciences"
628;13560;"Ecological Psychology";journal;"15326969, 10407413";"Routledge";No;No;0,598;Q2;57;7;33;567;62;32;1,80;81,00;26,32;0;United States;Northern America;"Routledge";"1989-2026";"Computer Science (miscellaneous) (Q2); Ecology, Evolution, Behavior and Systematics (Q2); Social Psychology (Q2); Experimental and Cognitive Psychology (Q3)";"Agricultural and Biological Sciences; Computer Science; Psychology"
629;5700153985;"Exceptionality";journal;"09362835, 15327035";"Routledge";No;No;0,597;Q2;31;24;75;1403;147;75;1,59;58,46;71,88;1;United States;Northern America;"Routledge";"1990-1994, 2010-2026";"Developmental and Educational Psychology (Q2); Education (Q2)";"Psychology; Social Sciences"
630;21100894554;"Multidisciplinary Journal of Educational Research";journal;"20142862";"Hipatia Editorial";Yes;No;0,597;Q3;11;13;37;728;119;37;0,92;56,00;70,00;2;Spain;Western Europe;"Hipatia Editorial";"2018-2025";"Sociology and Political Science (Q1); Education (Q2); Developmental and Educational Psychology (Q3)";"Psychology; Social Sciences"
631;15300154836;"Zeitschrift fur Psychologie / Journal of Psychology";journal;"21512604, 21908370";"Hogrefe Publishing";No;No;0,594;Q2;55;28;101;1254;190;94;1,94;44,79;52,08;5;Germany;Western Europe;"Hogrefe Publishing";"2011-2025";"Arts and Humanities (miscellaneous) (Q1); Psychology (miscellaneous) (Q2)";"Arts and Humanities; Psychology"
632;19900193647;"Genes and Environment";journal;"18807046, 18807062";"BioMed Central Ltd";Yes;No;0,593;Q2;29;37;112;1796;297;109;2,73;48,54;29,59;0;United Kingdom;Western Europe;"BioMed Central Ltd";"2006-2007, 2009-2026";"Environmental Science (miscellaneous) (Q2); Social Psychology (Q2); Genetics (Q3)";"Biochemistry, Genetics and Molecular Biology; Environmental Science; Psychology"
633;15428;"Journal of Communication Disorders";journal;"00219924, 18737994";"Elsevier Inc.";No;No;0,588;Q3;84;57;197;3433;381;188;1,78;60,23;71,50;1;United States;Northern America;"Elsevier Inc.";"1967-2026";"Linguistics and Language (Q1); LPN and LVN (Q1); Speech and Hearing (Q2); Cognitive Neuroscience (Q3); Experimental and Cognitive Psychology (Q3)";"Health Professions; Neuroscience; Nursing; Psychology; Social Sciences"
634;21101041510;"Journal of Behavioral and Cognitive Therapy";journal;"25899791, 26663473";"Elsevier Masson s.r.l.";No;No;0,587;Q2;17;20;89;983;164;85;1,63;49,15;58,26;1;France;Western Europe;"Elsevier Masson s.r.l.";"2020-2026";"Clinical Psychology (Q2); Neuropsychology and Physiological Psychology (Q2); Psychiatry and Mental Health (Q3)";"Medicine; Psychology"
635;12795;"Perception";journal;"14684233, 03010066";"SAGE Publications Inc.";No;No;0,584;Q3;109;53;223;2442;347;211;1,50;46,08;37,66;0;United Kingdom;Western Europe;"SAGE Publications Inc.";"1972-2026";"Ophthalmology (Q2); Artificial Intelligence (Q3); Experimental and Cognitive Psychology (Q3); Sensory Systems (Q3)";"Computer Science; Medicine; Neuroscience; Psychology"
636;17666;"American Journal of Psychotherapy";journal;"25756559, 00029564";"American Psychiatric Association";No;No;0,583;Q2;61;32;98;731;177;80;1,63;22,84;58,89;1;United States;Northern America;"American Psychiatric Association";"1947-2016, 2018-2025";"Clinical Psychology (Q2); Medicine (miscellaneous) (Q2)";"Medicine; Psychology"
637;15418;"Women and Therapy";journal;"02703149, 15410315";"Routledge";No;No;0,579;Q2;42;23;69;1207;168;67;1,00;52,48;78,43;0;United States;Northern America;"Routledge";"1982-2026";"Gender Studies (Q1); Psychology (miscellaneous) (Q2)";"Psychology; Social Sciences"
638;21101017384;"Current Developmental Disorders Reports";journal;"21962987";"Springer International Publishing";No;No;0,578;Q3;42;22;80;1425;175;80;2,17;64,77;75,00;1;Switzerland;Western Europe;"Springer International Publishing";"2014-2026";"Developmental and Educational Psychology (Q3); Developmental Neuroscience (Q3); Psychiatry and Mental Health (Q3)";"Medicine; Neuroscience; Psychology"
639;30016;"Journal of Nonverbal Behavior";journal;"01915886, 15733653";"Kluwer Academic/Human Sciences Press Inc.";No;No;0,574;Q2;83;23;86;1258;188;81;1,41;54,70;56,18;0;United States;Northern America;"Kluwer Academic/Human Sciences Press Inc.";"1979-2026";"Social Psychology (Q2)";"Psychology"
640;21100987402;"European Journal of Health Psychology";journal;"25128442, 25128450";"Hogrefe-Verlag GmbH and Co. KG";No;No;0,572;Q2;22;16;53;820;88;51;1,43;51,25;56,36;0;Germany;Western Europe;"Hogrefe-Verlag GmbH and Co. KG";"2020-2025";"Clinical Psychology (Q2); Psychiatry and Mental Health (Q3)";"Medicine; Psychology"
641;17700156742;"Journal of Media Psychology";journal;"18641105, 21512388";"Hogrefe Publishing";No;No;0,571;Q2;47;38;80;1759;150;74;1,57;46,29;53,98;0;Germany;Western Europe;"Hogrefe Publishing";"2008-2026";"Communication (Q2); Social Psychology (Q2); Applied Psychology (Q3)";"Psychology; Social Sciences"
642;145246;"Journal of Workplace Learning";journal;"13665626";"Emerald Group Publishing Ltd.";No;No;0,569;Q2;65;61;131;3531;360;129;2,51;57,89;58,33;0;United Kingdom;Western Europe;"Emerald Group Publishing Ltd.";"1997-2026";"Development (Q2); Organizational Behavior and Human Resource Management (Q2); Social Psychology (Q2)";"Business, Management and Accounting; Psychology; Social Sciences"
643;21100933316;"Journal for Person-Oriented Research";journal;"20030177, 20020244";"Lundh Research Foundation";Yes;Yes;0,568;Q2;10;7;22;472;36;21;0,86;67,43;8,70;0;Sweden;Western Europe;"Lundh Research Foundation";"2019-2025";"Psychology (miscellaneous) (Q2); Applied Psychology (Q3)";"Psychology"
644;4700152864;"Journal of Public Child Welfare";journal;"15548732, 15548740";"Taylor and Francis Ltd.";No;No;0,568;Q3;32;48;100;2769;196;97;1,40;57,69;67,48;5;United Kingdom;Western Europe;"Taylor and Francis Ltd.";"2006-2026";"Sociology and Political Science (Q1); Developmental and Educational Psychology (Q3)";"Psychology; Social Sciences"
645;14980;"Humor";journal;"16133722, 09331719";"De Gruyter Mouton";No;No;0,567;Q2;60;29;90;1509;157;85;1,46;52,03;51,95;0;Germany;Western Europe;"De Gruyter Mouton";"1988-2026";"Linguistics and Language (Q1); Sociology and Political Science (Q1); Psychology (miscellaneous) (Q2)";"Psychology; Social Sciences"
646;21101062034;"Music and Science";journal;"20592043";"SAGE Publications Ltd";Yes;No;0,567;Q2;21;62;90;3110;181;89;1,82;50,16;48,34;3;United Kingdom;Western Europe;"SAGE Publications Ltd";"2018-2026";"History and Philosophy of Science (Q1); Music (Q1); Psychology (miscellaneous) (Q2)";"Arts and Humanities; Psychology"
647;21100899439;"European Journal of Behavior Analysis";journal;"2377729X";"Taylor and Francis Ltd.";No;No;0,566;Q2;23;11;49;471;60;44;0,74;42,82;65,38;0;United Kingdom;Western Europe;"Taylor and Francis Ltd.";"2000-2025";"Education (Q2); Psychology (miscellaneous) (Q2)";"Psychology; Social Sciences"
648;14293;"Deviant Behavior";journal;"15210456, 01639625";"Taylor and Francis Ltd.";No;No;0,564;Q2;74;107;308;7951;637;307;2,17;74,31;43,80;6;United Kingdom;Western Europe;"Taylor and Francis Ltd.";"1979-2026";"Law (Q1); Sociology and Political Science (Q1); Clinical Psychology (Q2); Social Psychology (Q2)";"Psychology; Social Sciences"
649;17500155152;"American Journal on Intellectual and Developmental Disabilities";journal;"19447515, 19447558";"American Association on Mental Retardation";No;No;0,562;Q2;101;39;127;1612;243;122;1,97;41,33;69,57;1;United States;Northern America;"American Association on Mental Retardation";"2009-2025";"Arts and Humanities (miscellaneous) (Q1); Medicine (miscellaneous) (Q2); Neuropsychology and Physiological Psychology (Q2); Pediatrics, Perinatology and Child Health (Q2); Developmental and Educational Psychology (Q3); Neurology (clinical) (Q3); Psychiatry and Mental Health (Q3)";"Arts and Humanities; Medicine; Psychology"
650;21100927406;"Health Psychology Research (discontinued)";journal;"24208124";"Open Medical Publishing";Yes;No;0,562;Q2;24;38;134;1330;279;133;1,87;35,00;44,76;0;United States;Northern America;"Open Medical Publishing";"2014, 2019-2024";"Clinical Psychology (Q2); Social Psychology (Q2); Psychiatry and Mental Health (Q3)";"Medicine; Psychology"
651;23635;"Adaptive Behavior";journal;"17412633, 10597123";"SAGE Publications Ltd";No;No;0,562;Q3;64;43;149;2728;267;118;1,77;63,44;26,61;0;United Kingdom;Western Europe;"SAGE Publications Ltd";"1992-2026";"Philosophy (Q1); Artificial Intelligence (Q3); Behavioral Neuroscience (Q3); Experimental and Cognitive Psychology (Q3)";"Arts and Humanities; Computer Science; Neuroscience; Psychology"
652;14415;"Rehabilitation Counseling Bulletin";journal;"00343552, 15384853";"SAGE Publications Inc.";No;No;0,562;Q3;50;28;76;1258;132;75;1,94;44,93;59,52;1;United States;Northern America;"SAGE Publications Inc.";"1994-2026";"Public Health, Environmental and Occupational Health (Q2); Rehabilitation (Q2); Applied Psychology (Q3)";"Medicine; Psychology"
653;5700169289;"Journal of Sexual Aggression";journal;"17426545, 13552600";"Routledge";No;No;0,561;Q2;48;27;83;1905;139;81;1,41;70,56;66,20;5;United Kingdom;Western Europe;"Routledge";"1994, 1996-1997, 1999-2026";"Psychology (miscellaneous) (Q2); Applied Psychology (Q3); Behavioral Neuroscience (Q3); Psychiatry and Mental Health (Q3)";"Medicine; Neuroscience; Psychology"
654;19700181331;"International Journal of Children's Spirituality";journal;"14698455, 1364436X";"Routledge";No;No;0,557;Q3;27;9;42;549;66;36;1,63;61,00;52,38;0;United Kingdom;Western Europe;"Routledge";"1996-2026";"Philosophy (Q1); Religious Studies (Q1); Education (Q2); Developmental and Educational Psychology (Q3)";"Arts and Humanities; Psychology; Social Sciences"
655;12798;"Perceptual and Motor Skills";journal;"1558688X, 00315125";"SAGE Publications Inc.";No;No;0,557;Q3;86;138;309;6980;598;305;1,78;50,58;38,27;3;United States;Northern America;"SAGE Publications Inc.";"1960-2026";"Experimental and Cognitive Psychology (Q3); Sensory Systems (Q3)";"Neuroscience; Psychology"
656;21100378341;"Psicologia Educativa";journal;"1135755X, 21740526";"Colegio Oficial de Psicologos de Madrid";Yes;Yes;0,556;Q2;26;22;63;1234;137;63;1,98;56,09;70,00;0;Spain;Western Europe;"Colegio Oficial de Psicologos de Madrid";"2013-2026";"Social Psychology (Q2); Developmental and Educational Psychology (Q3)";"Psychology"
657;21100235822;"International Journal of Developmental Disabilities";journal;"20473877, 20473869";"Taylor and Francis Ltd.";No;No;0,556;Q3;33;92;187;4617;435;184;2,48;50,18;56,49;8;United Kingdom;Western Europe;"Taylor and Francis Ltd.";"2012-2026";"Developmental and Educational Psychology (Q3); Psychiatry and Mental Health (Q3)";"Medicine; Psychology"
658;22603;"Journal of Early Intervention";journal;"21543992, 10538151";"SAGE Publications Inc.";No;No;0,556;Q3;56;26;63;1326;116;61;1,93;51,00;81,48;10;United States;Northern America;"SAGE Publications Inc.";"1981-2026";"Pediatrics, Perinatology and Child Health (Q2); Developmental and Educational Psychology (Q3); Psychiatry and Mental Health (Q3)";"Medicine; Psychology"
659;21100329895;"Behavioral Sciences of Terrorism and Political Aggression";journal;"19434480, 19434472";"Routledge";No;No;0,555;Q2;27;23;50;1818;104;50;1,59;79,04;36,96;5;United States;Northern America;"Routledge";"2009-2026";"Political Science and International Relations (Q1); Social Psychology (Q2); Sociology and Political Science (Q2)";"Psychology; Social Sciences"
660;21100409888;"PsyCh Journal";journal;"20460260, 20460252";"John Wiley and Sons Inc";No;No;0,555;Q2;32;92;272;4439;469;267;1,43;48,25;52,69;0;United Kingdom;Western Europe;"John Wiley and Sons Inc";"2012-2026";"Psychology (miscellaneous) (Q2)";"Psychology"
661;12824;"Philosophical Psychology";journal;"09515089, 1465394X";"Routledge";No;No;0,554;Q3;63;75;160;3897;209;152;1,08;51,96;36,00;1;United Kingdom;Western Europe;"Routledge";"1988-2026";"Philosophy (Q1); Applied Psychology (Q3)";"Arts and Humanities; Psychology"
662;6700153284;"Social Influence";journal;"15534529, 15534510";"Taylor and Francis Ltd.";Yes;No;0,553;Q2;40;17;16;926;27;15;1,56;54,47;63,64;0;United Kingdom;Western Europe;"Taylor and Francis Ltd.";"2007-2026";"Social Psychology (Q2)";"Psychology"
663;15930;"Zeitschrift fur Padagogische Psychologie";journal;"16642910, 10100652";"Hogrefe Publishing GmbH";No;No;0,553;Q3;45;23;54;1501;116;54;2,31;65,26;57,14;2;Switzerland;Western Europe;"Hogrefe Publishing GmbH";"1996-2026";"Developmental and Educational Psychology (Q3)";"Psychology"
664;21100331602;"Annals of Leisure Research";journal;"11745398, 21596816";"Routledge";No;No;0,552;Q2;41;45;114;2858;245;98;2,11;63,51;51,06;2;United States;Northern America;"Routledge";"2008-2026";"Cultural Studies (Q1); Geography, Planning and Development (Q2); Social Psychology (Q2); Tourism, Leisure and Hospitality Management (Q2)";"Business, Management and Accounting; Psychology; Social Sciences"
665;15367;"Journal for the Theory of Social Behaviour";journal;"14685914, 00218308";"Wiley-Blackwell Publishing Ltd";No;No;0,551;Q2;70;38;105;2418;220;95;1,86;63,63;17,02;1;United Kingdom;Western Europe;"Wiley-Blackwell Publishing Ltd";"1971-2026";"Philosophy (Q1); Psychology (miscellaneous) (Q2); Social Psychology (Q2)";"Arts and Humanities; Psychology"
666;14315;"Journal of Developmental and Physical Disabilities";journal;"1056263X, 15733580";"Springer New York";No;No;0,551;Q3;58;53;162;2708;341;162;2,14;51,09;64,80;4;United States;Northern America;"Springer New York";"1991-2026";"Physical Therapy, Sports Therapy and Rehabilitation (Q2); Developmental and Educational Psychology (Q3)";"Health Professions; Psychology"
667;14145;"Experimental Psychology";journal;"21905142, 16183169";"Hogrefe Publishing";No;No;0,549;Q2;69;31;98;1426;137;96;1,08;46,00;43,30;0;United States;Northern America;"Hogrefe Publishing";"1998-2026";"Arts and Humanities (miscellaneous) (Q1); Medicine (miscellaneous) (Q2); Psychology (miscellaneous) (Q2); Experimental and Cognitive Psychology (Q3)";"Arts and Humanities; Medicine; Psychology"
668;26437;"Social Science Journal";journal;"03623319";"Taylor and Francis Ltd.";No;No;0,548;Q2;55;64;150;3797;271;150;1,40;59,33;39,07;5;United States;Northern America;"Taylor and Francis Ltd.";"1978, 1980, 1982-2026";"Social Psychology (Q2); Sociology and Political Science (Q2)";"Psychology; Social Sciences"
669;7100153131;"International Journal of Sexual Health";journal;"1931762X, 19317611";"Routledge";No;No;0,547;Q2;54;43;137;2776;306;137;2,34;64,56;63,82;2;United States;Northern America;"Routledge";"2007-2026";"Gender Studies (Q1); Dermatology (Q2); Public Health, Environmental and Occupational Health (Q2); Reproductive Medicine (Q2); Social Psychology (Q2)";"Medicine; Psychology; Social Sciences"
670;22496;"Journal of Psycholinguistic Research";journal;"15736555, 00906905";"Springer New York";No;No;0,547;Q2;74;132;209;7286;409;205;1,89;55,20;54,15;1;United States;Northern America;"Springer New York";"1971-2026";"Linguistics and Language (Q1); Psychology (miscellaneous) (Q2); Experimental and Cognitive Psychology (Q3)";"Psychology; Social Sciences"
671;21101089656;"Translational Issues in Psychological Science";journal;"23322136, 23322179";"American Psychological Association";No;No;0,545;Q2;21;35;126;1787;261;118;1,80;51,06;83,21;1;United States;Northern America;"American Psychological Association";"2015, 2019-2025";"Psychology (miscellaneous) (Q2); Applied Psychology (Q3)";"Psychology"
672;21100305243;"Australasian Journal of Early Childhood";journal;"18395961, 18369391";"SAGE Publications Ltd";No;No;0,544;Q3;29;25;87;904;166;73;1,59;36,16;83,53;2;Australia;Pacific Region;"SAGE Publications Ltd";"2010, 2013-2026";"Education (Q2); Developmental and Educational Psychology (Q3)";"Psychology; Social Sciences"
673;5800179612;"Social Neuroscience";journal;"17470919, 17470927";"Taylor and Francis Ltd.";No;No;0,541;Q2;90;31;150;2281;265;148;1,66;73,58;52,63;0;United Kingdom;Western Europe;"Taylor and Francis Ltd.";"2006-2026";"Development (Q2); Social Psychology (Q2); Behavioral Neuroscience (Q3)";"Neuroscience; Psychology; Social Sciences"
674;14095;"Ethics and Behavior";journal;"15327019, 10508422";"Routledge";No;No;0,540;Q2;59;41;127;2671;297;122;2,24;65,15;46,77;1;United States;Northern America;"Routledge";"1991-2026";"Psychology (miscellaneous) (Q2); Social Psychology (Q2)";"Psychology"
675;21100838559;"Fashion and Textiles";journal;"21980802";"Springer Singapore";Yes;No;0,539;Q2;41;44;124;2170;365;124;3,01;49,32;52,59;1;Singapore;Asiatic Region;"Springer Singapore";"2014-2026";"Cultural Studies (Q1); Marketing (Q2); Materials Science (miscellaneous) (Q2); Social Psychology (Q2); Strategy and Management (Q2)";"Business, Management and Accounting; Materials Science; Psychology; Social Sciences"
676;21100455449;"Porn Studies";journal;"23268743, 23268751";"Taylor and Francis Ltd.";No;No;0,538;Q2;28;35;109;1488;158;90;1,34;42,51;47,62;2;United Kingdom;Western Europe;"Taylor and Francis Ltd.";"2014-2026";"Cultural Studies (Q1); Gender Studies (Q1); Social Psychology (Q2)";"Psychology; Social Sciences"
677;12108;"Behavioral and Brain Sciences";journal;"14691825, 0140525X";"Cambridge University Press";No;No;0,534;Q3;189;415;683;9756;692;516;1,14;23,51;31,12;0;United Kingdom;Western Europe;"Cambridge University Press";"1978-2025";"Behavioral Neuroscience (Q3); Neuropsychology and Physiological Psychology (Q3); Physiology (Q3)";"Biochemistry, Genetics and Molecular Biology; Neuroscience; Psychology"
678;130113;"Cognitive Processing";journal;"16124782, 16124790";"Springer Science and Business Media Deutschland GmbH";No;No;0,534;Q3;61;46;164;3078;281;161;1,63;66,91;50,32;1;Germany;Western Europe;"Springer Science and Business Media Deutschland GmbH";"2005-2026";"Medicine (miscellaneous) (Q2); Artificial Intelligence (Q3); Cognitive Neuroscience (Q3); Experimental and Cognitive Psychology (Q3)";"Computer Science; Medicine; Neuroscience; Psychology"
679;5800208235;"Spatial Cognition and Computation";journal;"13875868, 15739252";"Taylor and Francis Ltd.";No;No;0,534;Q3;46;12;36;569;87;36;1,88;47,42;52,50;0;United States;Northern America;"Taylor and Francis Ltd.";"2000, 2003-2026";"Computer Graphics and Computer-Aided Design (Q2); Computer Vision and Pattern Recognition (Q2); Earth-Surface Processes (Q2); Modeling and Simulation (Q2); Experimental and Cognitive Psychology (Q3)";"Computer Science; Earth and Planetary Sciences; Mathematics; Psychology"
680;15281;"Sport Psychologist";journal;"15432793, 08884781";"Human Kinetics Publishers Inc.";No;No;0,534;Q3;88;27;91;1369;166;91;1,67;50,70;52,33;0;United States;Northern America;"Human Kinetics Publishers Inc.";"1989, 1991-1992, 1996-2026";"Applied Psychology (Q3); Sports Science (Q3)";"Health Professions; Psychology"
681;21100829991;"Psychology of Consciousness: Theory Research, and Practice";journal;"23265531, 23265523";"American Psychological Association";No;No;0,532;Q2;29;45;116;3182;201;113;1,51;70,71;43,51;0;United States;Northern America;"American Psychological Association";"2016-2025";"Clinical Psychology (Q2); Social Psychology (Q2); Experimental and Cognitive Psychology (Q3); Neuropsychology and Physiological Psychology (Q3)";"Psychology"
682;15965;"Personal Relationships";journal;"13504126, 14756811";"Wiley-Blackwell Publishing Ltd";No;No;0,531;Q2;105;65;136;4408;231;135;1,61;67,82;62,56;1;United Kingdom;Western Europe;"Wiley-Blackwell Publishing Ltd";"1994-2026";"Anthropology (Q1); Social Psychology (Q2); Developmental and Educational Psychology (Q3); Life-span and Life-course Studies (Q3)";"Psychology; Social Sciences"
683;27618;"American Journal of Health Behavior (discontinued)";journal;"10873244, 19457359";"PNG Publications";No;No;0,529;Q2;82;121;234;4653;513;234;2,03;38,45;56,69;0;United States;Northern America;"PNG Publications";"1996-2025";"Health (social science) (Q2); Public Health, Environmental and Occupational Health (Q2); Social Psychology (Q2)";"Medicine; Psychology; Social Sciences"
684;21101160593;"Insight (discontinued)";journal;"26646005, 2663970X";"Faculty of Psychology, History and Sociology, Kherson State University";Yes;Yes;0,529;Q2;14;30;55;862;120;49;3,03;28,73;62,07;0;Ukraine;Eastern Europe;"Faculty of Psychology, History and Sociology, Kherson State University";"2019-2025";"Psychology (miscellaneous) (Q2); Social Psychology (Q2); Developmental and Educational Psychology (Q3); Experimental and Cognitive Psychology (Q3)";"Psychology"
685;19700170190;"Journal of Men's Studies";journal;"10608265, 19330251";"SAGE Publications Inc.";No;No;0,529;Q2;27;24;64;1363;133;60;1,89;56,79;45,76;3;United Kingdom;Western Europe;"SAGE Publications Inc.";"2008, 2012-2026";"Cultural Studies (Q1); Gender Studies (Q2); Social Psychology (Q2)";"Psychology; Social Sciences"
686;24575;"Early Child Development and Care";journal;"14768275, 03004430";"Taylor and Francis Ltd.";No;No;0,528;Q2;65;116;602;6397;961;598;1,48;55,15;72,98;8;United Kingdom;Western Europe;"Taylor and Francis Ltd.";"1971-1974, 1976, 1978-2026";"Pediatrics (Q2); Social Psychology (Q2); Developmental and Educational Psychology (Q3)";"Nursing; Psychology"
687;15436;"Journal of Constructivist Psychology";journal;"15210650, 10720537";"Taylor and Francis Ltd.";No;No;0,528;Q3;40;29;131;1452;165;129;1,42;50,07;64,47;2;United Kingdom;Western Europe;"Taylor and Francis Ltd.";"1994-2026";"Linguistics and Language (Q1); Developmental and Educational Psychology (Q3); Social Psychology (Q3)";"Psychology; Social Sciences"
688;21101041530;"Journal of Cultural Cognitive Science";journal;"25201018";"Springer International Publishing";No;No;0,527;Q3;15;19;67;1284;110;62;1,14;67,58;52,54;0;Singapore;Asiatic Region;"Springer International Publishing";"2017-2026";"Linguistics and Language (Q1); Experimental and Cognitive Psychology (Q3)";"Psychology; Social Sciences"
689;12062;"International Journal for the Advancement of Counselling";journal;"01650653, 15733246";"Springer New York";No;No;0,526;Q2;40;40;104;2412;206;103;1,40;60,30;61,54;0;United States;Northern America;"Springer New York";"1978-1996, 1998-2026";"Education (Q2); Psychology (miscellaneous) (Q2); Applied Psychology (Q3)";"Psychology; Social Sciences"
690;30070;"Journal of Rational - Emotive and Cognitive - Behavior Therapy";journal;"08949085, 15736563";"Springer";No;No;0,525;Q2;50;52;118;3153;269;118;2,05;60,63;50,27;0;United States;Northern America;"Springer";"1983-2026";"Clinical Psychology (Q2); Experimental and Cognitive Psychology (Q3)";"Psychology"
691;13541;"Dreaming";journal;"10530797, 15733351";"American Psychological Association";No;No;0,524;Q2;49;20;101;899;151;100;1,05;44,95;46,15;0;United States;Northern America;"American Psychological Association";"1993-1994, 1996-2025";"Psychology (miscellaneous) (Q2)";"Psychology"
692;21100243801;"Multisensory Research";journal;"22134808, 22134794";"Brill Academic Publishers";No;No;0,521;Q3;62;28;108;2212;205;105;1,69;79,00;50,98;1;Netherlands;Western Europe;"Brill Academic Publishers";"2013-2026";"Computer Vision and Pattern Recognition (Q2); Ophthalmology (Q2); Cognitive Neuroscience (Q3); Experimental and Cognitive Psychology (Q3); Sensory Systems (Q3)";"Computer Science; Medicine; Neuroscience; Psychology"
693;17998;"Neuropsychiatrie";journal;"09486259, 21941327";"Springer";No;No;0,516;Q2;24;38;104;876;128;60;1,39;23,05;50,00;1;Austria;Western Europe;"Springer";"1995-2026";"Clinical Psychology (Q2); Psychiatry and Mental Health (Q3)";"Medicine; Psychology"
694;17800156703;"Journal of Empirical Research on Human Research Ethics";journal;"15562646, 15562654";"SAGE Publications Inc.";No;No;0,516;Q3;46;33;144;1207;285;137;1,85;36,58;58,78;0;United States;Northern America;"SAGE Publications Inc.";"2007, 2009-2026";"Law (Q1); Communication (Q2); Education (Q2); Medicine (miscellaneous) (Q3); Social Psychology (Q3)";"Medicine; Psychology; Social Sciences"
695;12100155715;"Assessment for Effective Intervention";journal;"19387458, 15345084";"SAGE Publications Inc.";No;No;0,515;Q3;35;21;81;845;119;81;1,28;40,24;64,94;0;United States;Northern America;"SAGE Publications Inc.";"1988-1993, 1995, 1997, 1999-2026";"Education (Q2); Health Professions (miscellaneous) (Q2); Developmental and Educational Psychology (Q3)";"Health Professions; Psychology; Social Sciences"
696;21101175729;"Journal of Creativity";journal;"27133745";"Elsevier Ltd";Yes;No;0,515;Q3;16;31;26;1876;72;26;2,77;60,52;43,42;2;United Kingdom;Western Europe;"Elsevier Ltd";"2021-2026";"Experimental and Cognitive Psychology (Q3)";"Psychology"
697;144975;"Family Journal";journal;"10664807, 15523950";"SAGE Publications Inc.";No;No;0,512;Q3;48;89;225;4230;338;223;1,32;47,53;78,26;4;United States;Northern America;"SAGE Publications Inc.";"1993-2026";"Social Sciences (miscellaneous) (Q2); Social Psychology (Q3)";"Psychology; Social Sciences"
698;12821;"Canadian Journal of Experimental Psychology";journal;"18787290, 11961961";"American Psychological Association";No;No;0,511;Q3;72;19;112;1370;142;111;1,45;72,11;47,37;0;United States;Northern America;"American Psychological Association";"1993-2026";"Experimental and Cognitive Psychology (Q3); Medicine (miscellaneous) (Q3)";"Medicine; Psychology"
699;21100330714;"Journal of Sport Psychology in Action";journal;"21520712, 21520704";"Routledge";No;No;0,511;Q3;32;22;67;467;129;63;1,60;21,23;20,41;0;United States;Northern America;"Routledge";"2010-2026";"Applied Psychology (Q3); Human Factors and Ergonomics (Q3); Social Psychology (Q3)";"Psychology; Social Sciences"
700;144907;"Peabody Journal of Education";journal;"0161956X, 15327930";"Routledge";No;No;0,509;Q3;59;39;138;2101;196;124;1,45;53,87;65,00;0;United Kingdom;Western Europe;"Routledge";"1923-1991, 1993-2026";"Education (Q2); Developmental and Educational Psychology (Q3)";"Psychology; Social Sciences"
701;12054;"Arts in Psychotherapy";journal;"01974556, 18735878";"Elsevier Ltd";No;No;0,507;Q2;57;77;224;5011;438;218;1,72;65,08;78,41;0;United Kingdom;Western Europe;"Elsevier Ltd";"1978, 1980-2026";"Clinical Psychology (Q2); Health Professions (miscellaneous) (Q2); Psychiatry and Mental Health (Q3)";"Health Professions; Medicine; Psychology"
702;17100154740;"Counselor Education and Supervision";journal;"00110035, 15566978";"Wiley-Blackwell";No;No;0,507;Q2;52;31;70;1285;137;69;2,06;41,45;58,82;0;United States;Northern America;"Wiley-Blackwell";"1961-2026";"Clinical Psychology (Q2); Education (Q2); Developmental and Educational Psychology (Q3)";"Psychology; Social Sciences"
703;19900192026;"Journal of Cognitive Psychology";journal;"20445911, 2044592X";"";No;No;0,507;Q3;78;54;197;3813;304;195;1,57;70,61;45,86;0;United Kingdom;Western Europe;"";"2011-2026";"Experimental and Cognitive Psychology (Q3)";"Psychology"
704;21100416194;"Estudos de Psicologia (Campinas)";journal;"19820275, 0103166X";"Pontificia Universidade Catolica de Campinas";Yes;Yes;0,506;Q2;20;47;102;1658;181;99;0,52;35,28;69,09;0;Brazil;Latin America;"Pontificia Universidade Catolica de Campinas";"2015-2026";"Psychology (miscellaneous) (Q2)";"Psychology"
705;21100801744;"Violence and Gender";journal;"23267852, 23267836";"Mary Ann Liebert Inc.";No;No;0,506;Q3;26;29;85;1403;140;82;1,91;48,38;65,93;0;United States;Northern America;"Mary Ann Liebert Inc.";"2014-2025";"Cultural Studies (Q1); Gender Studies (Q2); Health (social science) (Q2); Psychiatry and Mental Health (Q3); Social Psychology (Q3)";"Medicine; Psychology; Social Sciences"
706;12736;"Journal of Clinical and Experimental Neuropsychology";journal;"1744411X, 13803395";"Taylor and Francis Ltd.";No;No;0,505;Q2;129;71;225;4699;410;224;1,73;66,18;51,93;0;United Kingdom;Western Europe;"Taylor and Francis Ltd.";"1985-2026";"Clinical Psychology (Q2); Neurology (Q3); Neurology (clinical) (Q3); Neuropsychology and Physiological Psychology (Q3)";"Medicine; Neuroscience; Psychology"
707;21100774706;"Cogent Psychology";journal;"23311908";"Cogent OA";Yes;No;0,504;Q2;36;68;218;3752;417;217;1,74;55,18;52,31;3;United Kingdom;Western Europe;"Cogent OA";"2014-2026";"Psychology (miscellaneous) (Q2)";"Psychology"
708;21100378339;"Clinica y Salud";journal;"21740550, 11305274";"Colegio Oficial de la Psicologia de Madrid";Yes;Yes;0,503;Q2;21;18;58;1006;143;50;2,14;55,89;68,97;0;Spain;Western Europe;"Colegio Oficial de la Psicologia de Madrid";"2013-2025";"Clinical Psychology (Q2)";"Psychology"
709;21100887421;"Journal of Counselor Leadership and Advocacy";journal;"23267178";"Taylor and Francis Ltd.";No;No;0,503;Q2;16;14;36;716;73;35;2,00;51,14;65,85;0;United States;Northern America;"Taylor and Francis Ltd.";"2014-2026";"Clinical Psychology (Q2); Education (Q2); Applied Psychology (Q3); Psychiatry and Mental Health (Q3)";"Medicine; Psychology; Social Sciences"
710;21101043232;"Journal of Psychedelic Studies";journal;"25599283";"Akademiai Kiado";Yes;Yes;0,503;Q2;19;37;43;1858;110;43;2,54;50,22;35,92;1;Hungary;Eastern Europe;"Akademiai Kiado";"2019-2026";"Anthropology (Q1); Clinical Psychology (Q2); Health (social science) (Q2); Biological Psychiatry (Q3); Pharmacology (medical) (Q3); Psychiatry and Mental Health (Q3); Social Psychology (Q3)";"Medicine; Neuroscience; Psychology; Social Sciences"
711;14801;"Sexual and Relationship Therapy";journal;"14681749, 14681994";"Routledge";No;No;0,502;Q2;57;52;104;2489;166;92;1,40;47,87;64,52;3;United Kingdom;Western Europe;"Routledge";"2000-2026";"Clinical Psychology (Q2); Psychiatry and Mental Health (Q3)";"Medicine; Psychology"
712;19700190348;"Coaching";journal;"17521890, 17521882";"Routledge";No;No;0,502;Q3;27;16;49;676;94;43;1,52;42,25;66,67;0;United States;Northern America;"Routledge";"2010-2026";"Organizational Behavior and Human Resource Management (Q2); Developmental and Educational Psychology (Q3); Social Psychology (Q3)";"Business, Management and Accounting; Psychology"
713;16707;"Journal of Family Therapy";journal;"14676427, 01634445";"Wiley-Blackwell Publishing Ltd";No;No;0,499;Q3;55;30;117;1241;155;104;1,18;41,37;75,25;5;United Kingdom;Western Europe;"Wiley-Blackwell Publishing Ltd";"1979-2026";"Social Sciences (miscellaneous) (Q2); Clinical Psychology (Q3); Social Psychology (Q3)";"Psychology; Social Sciences"
714;17700156748;"Journal of Turkish Science Education";journal;"13046020";"";Yes;No;0,499;Q3;30;42;174;2587;331;174;1,66;61,60;55,79;1;Turkey;Middle East;"";"2009-2025";"Education (Q2); Applied Psychology (Q3)";"Psychology; Social Sciences"
715;26941;"Theory and Decision";journal;"15737187, 00405833";"Springer Netherlands";No;No;0,499;Q3;51;58;156;2125;158;151;1,14;36,64;19,09;2;Netherlands;Western Europe;"Springer Netherlands";"1970-2026";"Arts and Humanities (miscellaneous) (Q1); Decision Sciences (miscellaneous) (Q2); Economics, Econometrics and Finance (miscellaneous) (Q2); Social Sciences (miscellaneous) (Q2); Applied Psychology (Q3); Computer Science Applications (Q3); Developmental and Educational Psychology (Q3)";"Arts and Humanities; Computer Science; Decision Sciences; Economics, Econometrics and Finance; Psychology; Social Sciences"
716;21100843805;"Mediterranean Journal of Clinical Psychology";journal;"22821619";"University of Messina";Yes;Yes;0,498;Q3;26;54;218;3769;447;208;1,91;69,80;66,12;0;Italy;Western Europe;"University of Messina";"2017-2025";"Clinical Psychology (Q3)";"Psychology"
717;21100836861;"Advances in Autism";journal;"20563876, 20563868";"Emerald Group Publishing Ltd.";No;No;0,497;Q3;20;30;88;1455;123;79;1,46;48,50;63,72;0;United Kingdom;Western Europe;"Emerald Group Publishing Ltd.";"2015-2026";"Cognitive Neuroscience (Q3); Developmental and Educational Psychology (Q3); Neurology (Q3); Neurology (clinical) (Q3); Psychiatry and Mental Health (Q3)";"Medicine; Neuroscience; Psychology"
718;21101141431;"Journal for the Measurement of Physical Behaviour";journal;"25756605, 25756613";"Human Kinetics Publishers Inc.";No;No;0,496;Q2;19;31;110;1211;179;107;1,46;39,06;38,30;1;United States;Northern America;"Human Kinetics Publishers Inc.";"2019-2026";"Computer Science (miscellaneous) (Q2); Engineering (miscellaneous) (Q2); Psychology (miscellaneous) (Q2); Public Health, Environmental and Occupational Health (Q3); Statistics, Probability and Uncertainty (Q3)";"Computer Science; Decision Sciences; Engineering; Medicine; Psychology"
719;30046;"Journal of Phenomenological Psychology";journal;"15691624, 00472662";"Brill Academic Publishers";No;No;0,496;Q2;29;11;24;365;39;24;1,63;33,18;0,00;0;Netherlands;Western Europe;"Brill Academic Publishers";"1970-2025";"Psychology (miscellaneous) (Q2)";"Psychology"
720;21100200812;"Revista de Psicopatologia y Psicologia Clinica";journal;"11365420, 22546057";"Asoc. Espanola de Psicologia Clinica y Psicopatologia";Yes;No;0,496;Q3;23;20;61;1164;109;60;0,87;58,20;68,97;0;Spain;Western Europe;"Asoc. Espanola de Psicologia Clinica y Psicopatologia";"2011-2025";"Clinical Psychology (Q3); Psychiatry and Mental Health (Q3)";"Medicine; Psychology"
721;5700165306;"Qualitative Report";journal;"10520147";"Nova Southeastern University";Yes;No;0,495;Q3;68;172;598;9247;1121;598;1,78;53,76;58,45;4;United States;Northern America;"Nova Southeastern University";"2009-2026";"Cultural Studies (Q1); Education (Q2); Social Psychology (Q3)";"Psychology; Social Sciences"
722;16054;"Reading Psychology";journal;"02702711, 15210685";"Taylor and Francis Ltd.";No;No;0,495;Q3;50;40;105;2410;162;105;1,68;60,25;68,47;1;United Kingdom;Western Europe;"Taylor and Francis Ltd.";"1979-2026";"Linguistics and Language (Q1); Education (Q2); Developmental and Educational Psychology (Q3)";"Psychology; Social Sciences"
723;5000155903;"Psicologia: Reflexao e Critica";journal;"01027972, 16787153";"Springer International Publishing AG";Yes;Yes;0,494;Q2;35;35;97;1899;190;97;1,75;54,26;43,75;3;Switzerland;Western Europe;"Springer International Publishing AG";"2006-2026";"Psychology (miscellaneous) (Q2)";"Psychology"
724;24470;"Childhood";journal;"09075682, 14617013";"SAGE Publications Ltd";No;No;0,492;Q3;81;31;120;1384;278;109;1,66;44,65;76,47;2;United Kingdom;Western Europe;"SAGE Publications Ltd";"1993-1994, 1996-2026";"Anthropology (Q1); Cultural Studies (Q1); Sociology and Political Science (Q2); Developmental and Educational Psychology (Q3); Life-span and Life-course Studies (Q3)";"Psychology; Social Sciences"
725;21100934557;"Journal of Intelligence";journal;"20793200";"Multidisciplinary Digital Publishing Institute (MDPI)";Yes;No;0,490;Q3;38;222;227;17034;669;212;3,00;76,73;50,52;9;Switzerland;Western Europe;"Multidisciplinary Digital Publishing Institute (MDPI)";"2013-2026";"Education (Q2); Cognitive Neuroscience (Q3); Developmental and Educational Psychology (Q3); Experimental and Cognitive Psychology (Q3)";"Neuroscience; Psychology; Social Sciences"
726;23842;"Journal of Classification";journal;"01764268, 14321343";"Springer New York";No;No;0,488;Q2;51;27;105;1065;204;96;2,18;39,44;37,50;0;United States;Northern America;"Springer New York";"1984-2026";"Library and Information Sciences (Q2); Mathematics (miscellaneous) (Q2); Psychology (miscellaneous) (Q2); Statistics, Probability and Uncertainty (Q3)";"Decision Sciences; Mathematics; Psychology; Social Sciences"
727;5700164344;"Youth Justice";journal;"14732254, 17476283";"SAGE Publications Inc.";No;No;0,485;Q3;41;22;57;1191;155;52;2,17;54,14;61,54;6;United States;Northern America;"SAGE Publications Inc.";"2001-2026";"Law (Q1); Developmental and Educational Psychology (Q3)";"Psychology; Social Sciences"
728;26550;"International Journal of Clinical and Experimental Hypnosis";journal;"00207144, 17445183";"Routledge";No;No;0,484;Q3;57;23;96;1098;146;88;1,70;47,74;46,97;0;United Kingdom;Western Europe;"Routledge";"1959-2026";"Complementary and Manual Therapy (Q1); Clinical Psychology (Q3)";"Health Professions; Psychology"
729;21100920054;"Community Psychology in Global Perspective.";journal;"24212113";"University of Salento";Yes;Yes;0,483;Q3;14;13;51;848;73;51;1,62;65,23;75,68;0;Italy;Western Europe;"University of Salento";"2019-2026";"Health (social science) (Q2); Social Psychology (Q3)";"Psychology; Social Sciences"
730;21100391100;"Psychoanalytic Study of the Child";journal;"00797308";"Taylor and Francis Ltd.";No;No;0,483;Q3;25;28;82;630;31;74;0,42;22,50;54,55;0;United Kingdom;Western Europe;"Taylor and Francis Ltd.";"1945-1946, 1958, 1960-1961, 1963, 1965-1972, 1974-2009, 2011-2015, 2017-2026";"Pediatrics, Perinatology and Child Health (Q2); Developmental and Educational Psychology (Q3); Medicine (miscellaneous) (Q3); Psychiatry and Mental Health (Q3)";"Medicine; Psychology"
731;13420;"Psychoanalytic Psychology";journal;"19391331, 07369735";"American Psychological Association";No;No;0,481;Q3;51;46;130;1335;140;127;1,02;29,02;57,89;0;United States;Northern America;"American Psychological Association";"1984-2025";"Clinical Psychology (Q3)";"Psychology"
732;14907;"Cognitive and Behavioral Neurology";journal;"15433633, 15433641";"Lippincott Williams and Wilkins";No;No;0,479;Q3;76;35;95;1679;159;94;1,36;47,97;48,51;0;United States;Northern America;"Lippincott Williams and Wilkins";"2003-2026";"Cognitive Neuroscience (Q3); Medicine (miscellaneous) (Q3); Neuropsychology and Physiological Psychology (Q3); Psychiatry and Mental Health (Q3)";"Medicine; Neuroscience; Psychology"
733;11200153508;"Memory Studies";journal;"17506999, 17506980";"SAGE Publications Ltd";No;No;0,477;Q3;51;110;268;5557;437;252;1,57;50,52;56,69;4;United Kingdom;Western Europe;"SAGE Publications Ltd";"2008-2026";"Cultural Studies (Q1); Experimental and Cognitive Psychology (Q3); Social Psychology (Q3)";"Psychology; Social Sciences"
734;21100837404;"Adaptive Human Behavior and Physiology";journal;"21987335";"Springer International Publishing AG";No;No;0,474;Q3;27;24;77;1602;109;75;1,10;66,75;44,78;1;Switzerland;Western Europe;"Springer International Publishing AG";"2015-2025";"Experimental and Cognitive Psychology (Q3); Physiology (Q3); Behavioral Neuroscience (Q4)";"Biochemistry, Genetics and Molecular Biology; Neuroscience; Psychology"
735;21101059716;"Al-Ihkam: Jurnal Hukum dan Pranata Sosial";journal;"24423084, 1907591X";"Faculty of Shariah Institut Agama Islam Negeri Madura";Yes;No;0,474;Q3;15;24;64;1102;151;64;2,53;45,92;22,41;0;Indonesia;Asiatic Region;"Faculty of Shariah Institut Agama Islam Negeri Madura";"2018-2026";"Arts and Humanities (miscellaneous) (Q1); Law (Q1); Philosophy (Q1); Religious Studies (Q1); Social Sciences (miscellaneous) (Q2); Sociology and Political Science (Q2); Social Psychology (Q3)";"Arts and Humanities; Psychology; Social Sciences"
736;12030;"Learning and Behavior";journal;"15434508, 15434494";"Springer New York";No;No;0,474;Q3;66;49;148;2109;207;126;1,25;43,04;41,46;0;United States;Northern America;"Springer New York";"2003-2026";"Cognitive Neuroscience (Q3); Experimental and Cognitive Psychology (Q3); Behavioral Neuroscience (Q4)";"Neuroscience; Psychology"
737;21101017551;"Journal of Evidence-Based Social Work (United States)";journal;"26408074, 26408066";"Routledge";No;No;0,473;Q3;36;53;135;2998;181;130;1,01;56,57;64,67;3;United Kingdom;Western Europe;"Routledge";"2019-2026";"Health (social science) (Q2); Sociology and Political Science (Q2); Social Psychology (Q3)";"Psychology; Social Sciences"
738;21100370349;"Journal of Criminal Psychology";journal;"20499388, 20093829";"Emerald Publishing";No;No;0,469;Q3;20;30;50;1864;89;50;1,46;62,13;56,72;0;United Kingdom;Western Europe;"Emerald Publishing";"2011-2026";"Law (Q1); Applied Psychology (Q3); Social Psychology (Q3)";"Psychology; Social Sciences"
739;13457;"Learning and Motivation";journal;"00239690, 10959122";"Academic Press Inc.";No;No;0,469;Q3;55;54;153;2647;298;153;1,80;49,02;44,38;1;United States;Northern America;"Academic Press Inc.";"1970-2026";"Education (Q2); Health (social science) (Q2); Developmental and Educational Psychology (Q3); Experimental and Cognitive Psychology (Q3); Neuropsychology and Physiological Psychology (Q3)";"Psychology; Social Sciences"
740;12123;"Behavioral Sciences and the Law";journal;"10990798, 07353936";"John Wiley and Sons Ltd";No;No;0,468;Q3;91;31;135;1906;226;131;1,28;61,48;51,00;0;United Kingdom;Western Europe;"John Wiley and Sons Ltd";"1983-2026";"Law (Q1); Clinical Psychology (Q3); Medicine (miscellaneous) (Q3); Psychiatry and Mental Health (Q3)";"Medicine; Psychology; Social Sciences"
741;15240;"Iranian Journal of Medical Sciences";journal;"17353688, 02530716";"Shiraz University of Medical Sciences";Yes;No;0,468;Q3;44;79;202;2276;333;166;1,49;28,81;46,89;1;Iran;Middle East;"Shiraz University of Medical Sciences";"1979-1981, 1989-2026";"Biochemistry, Genetics and Molecular Biology (miscellaneous) (Q2); Pharmacology, Toxicology and Pharmaceutics (miscellaneous) (Q2); Clinical Psychology (Q3); Immunology and Microbiology (miscellaneous)  (Q3); Medicine (miscellaneous) (Q3)";"Biochemistry, Genetics and Molecular Biology; Immunology and Microbiology; Medicine; Pharmacology, Toxicology and Pharmaceutics; Psychology"
742;21101155811;"Memory, Mind and Media";journal;"26350238";"Cambridge University Press";Yes;No;0,467;Q3;9;8;19;420;47;18;2,47;52,50;36,36;0;United Kingdom;Western Europe;"Cambridge University Press";"2022-2026";"History (Q1); Philosophy (Q1); Communication (Q2); Social Psychology (Q3)";"Arts and Humanities; Psychology; Social Sciences"
743;15617;"Journal of Comparative Family Studies";journal;"00472328, 19299850";"University of Toronto Press";No;No;0,466;Q3;54;16;88;724;109;74;0,49;45,25;87,50;0;Canada;Northern America;"University of Toronto Press";"1973, 1976-2024";"Anthropology (Q1); Sociology and Political Science (Q2); Social Psychology (Q3)";"Psychology; Social Sciences"
744;21100466462;"Revista Iberoamericana de Psicologia y Salud";journal;"21712069, 19899246";"Consejo General de la Psicologia de Espana";Yes;No;0,465;Q2;20;10;28;523;72;28;2,50;52,30;60,61;2;Spain;Western Europe;"Consejo General de la Psicologia de Espana";"2015-2026";"Psychology (miscellaneous) (Q2)";"Psychology"
745;145613;"American Journal of Family Therapy";journal;"01926187, 15210383";"Routledge";No;No;0,465;Q3;53;40;96;1919;162;96;1,67;47,98;70,00;2;United States;Northern America;"Routledge";"1979-2026";"Clinical Psychology (Q3); Social Psychology (Q3)";"Psychology"
746;14768;"Hispanic Journal of Behavioral Sciences";journal;"15526364, 07399863";"SAGE Publications Inc.";No;No;0,465;Q3;76;10;65;593;94;64;0,81;59,30;78,95;0;United States;Northern America;"SAGE Publications Inc.";"1979-2026";"Anthropology (Q1); Cultural Studies (Q1); Linguistics and Language (Q1); Social Psychology (Q3)";"Psychology; Social Sciences"
747;21100218512;"Journal of Behavioral Finance";journal;"15427579, 15427560";"Taylor and Francis Ltd.";No;No;0,465;Q3;37;33;97;1898;216;96;1,87;57,52;17,72;2;United Kingdom;Western Europe;"Taylor and Francis Ltd.";"2007, 2011-2026";"Finance (Q2); Experimental and Cognitive Psychology (Q3)";"Economics, Econometrics and Finance; Psychology"
748;21101039082;"Scandinavian Journal of Work and Organizational Psychology";journal;"20022867";"Stockholm University Press";Yes;No;0,463;Q3;12;14;36;964;59;36;1,25;68,86;55,26;2;Sweden;Western Europe;"Stockholm University Press";"2019-2025";"Applied Psychology (Q3); Organizational Behavior and Human Resource Management (Q3); Psychology (miscellaneous) (Q3)";"Business, Management and Accounting; Psychology"
749;19700166512;"Clinical Psychologist";journal;"13284207, 17429552";"Routledge";No;No;0,462;Q3;33;32;98;1916;145;91;0,85;59,88;60,47;3;United States;Northern America;"Routledge";"1996-2026";"Clinical Psychology (Q3)";"Psychology"
750;21101023217;"Gifted Education International";journal;"20479077, 02614294";"SAGE Publications Ltd";No;No;0,461;Q3;23;27;65;1335;95;57;1,62;49,44;58,14;0;United Kingdom;Western Europe;"SAGE Publications Ltd";"1982-2026";"Education (Q2); Developmental and Educational Psychology (Q3)";"Psychology; Social Sciences"
751;15431;"Journal of Comparative Psychology";journal;"07357036, 19392087";"American Psychological Association";No;No;0,460;Q3;95;31;128;1619;179;128;1,13;52,23;60,00;0;United States;Northern America;"American Psychological Association";"1983-2025";"Ecology, Evolution, Behavior and Systematics (Q2); Psychology (miscellaneous) (Q3)";"Agricultural and Biological Sciences; Psychology"
752;21100255433;"Applied Neuropsychology: Child";journal;"21622973, 21622965";"Taylor and Francis Ltd.";No;No;0,458;Q3;33;39;166;2163;352;165;2,01;55,46;60,26;5;United Kingdom;Western Europe;"Taylor and Francis Ltd.";"2012-2026";"Developmental and Educational Psychology (Q3); Neuropsychology and Physiological Psychology (Q3)";"Psychology"
753;19700173116;"Journal of Children's Services";journal;"17466660";"Emerald Group Publishing Ltd.";No;No;0,458;Q3;30;15;71;918;109;68;1,19;61,20;58,70;0;United Kingdom;Western Europe;"Emerald Group Publishing Ltd.";"2006-2026";"Law (Q1); Education (Q2); Health (social science) (Q2); Sociology and Political Science (Q2); Developmental and Educational Psychology (Q3)";"Psychology; Social Sciences"
754;19200156918;"Anales de Psicologia";journal;"16952294, 02129728";"Universidad de Murcia Servicio de Publicaciones";Yes;No;0,457;Q3;50;52;179;3137;315;175;1,54;60,33;57,26;6;Spain;Western Europe;"Universidad de Murcia Servicio de Publicaciones";"2008-2026";"Psychology (miscellaneous) (Q3)";"Psychology"
755;26602;"Evaluation and Program Planning";journal;"01497189, 18737870";"Elsevier Ltd";No;No;0,457;Q3;77;146;297;7062;609;297;2,03;48,37;62,23;19;United Kingdom;Western Europe;"Elsevier Ltd";"1978-2026";"Business and International Management (Q2); Geography, Planning and Development (Q2); Strategy and Management (Q2); Public Health, Environmental and Occupational Health (Q3); Social Psychology (Q3)";"Business, Management and Accounting; Medicine; Psychology; Social Sciences"
756;21100831042;"Spirituality in Clinical Practice";journal;"23264519, 23264500";"American Psychological Association";No;No;0,457;Q3;28;22;94;1132;145;93;1,36;51,45;50,60;1;United States;Northern America;"American Psychological Association";"2014-2025";"Complementary and Alternative Medicine (Q2); Complementary and Manual Therapy (Q2); Clinical Psychology (Q3); Psychiatry and Mental Health (Q3)";"Health Professions; Medicine; Psychology"
757;29523;"Annee Psychologique";journal;"19552580, 00035033";"Presses Universitaires de France";No;No;0,456;Q3;30;39;62;1458;98;60;0,45;37,38;47,50;0;France;Western Europe;"Presses Universitaires de France";"1952-1961, 1964-1984, 1995-2025";"Arts and Humanities (miscellaneous) (Q1); Psychology (miscellaneous) (Q3)";"Arts and Humanities; Psychology"
758;21100943507;"Acta Psychologica Sinica";journal;"0439755X";"Science Press";No;No;0,454;Q3;22;142;309;8963;448;307;1,32;63,12;48,92;0;China;Asiatic Region;"Science Press";"2001-2003, 2009, 2013, 2019-2025";"Psychology (miscellaneous) (Q3)";"Psychology"
759;4700152751;"Journal of Workplace Behavioral Health";journal;"15555259, 15555240";"Routledge";No;No;0,454;Q3;28;21;57;1262;92;52;1,74;60,10;59,46;2;United States;Northern America;"Routledge";"2005-2026";"Applied Psychology (Q3); Public Health, Environmental and Occupational Health (Q3)";"Medicine; Psychology"
760;21100829244;"Applied Neuropsychology: Adult";journal;"23279095, 23279109";"Routledge";No;No;0,453;Q3;61;88;317;4670;670;316;2,04;53,07;53,80;3;United States;Northern America;"Routledge";"2012-2026";"Developmental and Educational Psychology (Q3); Neuropsychology and Physiological Psychology (Q3)";"Psychology"
761;21101091713;"European Journal for Qualitative Research in Psychotherapy";journal;"17567599";"Liverpool John Moores University";No;No;0,453;Q3;7;9;34;504;53;31;1,61;56,00;55,56;0;Ireland;Western Europe;"Liverpool John Moores University";"2018-2024";"Applied Psychology (Q3); Clinical Psychology (Q3); Psychology (miscellaneous) (Q3); Social Psychology (Q3)";"Psychology"
762;18000156705;"Soccer and Society";journal;"17439590, 14660970";"Routledge";No;No;0,453;Q3;42;78;222;3526;326;211;1,37;45,21;20,59;1;United Kingdom;Western Europe;"Routledge";"2008-2026";"Cultural Studies (Q1); Sociology and Political Science (Q2); Social Psychology (Q3)";"Psychology; Social Sciences"
763;19700190344;"Early Years";journal;"14724421, 09575146";"Routledge";No;No;0,452;Q3;43;75;121;3051;200;113;1,72;40,68;79,57;12;United States;Northern America;"Routledge";"1980-2026";"Education (Q2); Developmental and Educational Psychology (Q3)";"Psychology; Social Sciences"
764;21100228016;"Ecopsychology";journal;"19429347";"Mary Ann Liebert Inc.";No;No;0,452;Q3;39;35;96;1860;164;92;1,91;53,14;68,04;1;United States;Northern America;"Mary Ann Liebert Inc.";"2009-2026";"Applied Psychology (Q3); Social Psychology (Q3)";"Psychology"
765;21100805775;"International Journal of Design Creativity and Innovation";journal;"21650357, 21650349";"Taylor and Francis Ltd.";No;No;0,452;Q3;26;15;46;1069;108;38;2,74;71,27;33,33;0;United Kingdom;Western Europe;"Taylor and Francis Ltd.";"2013-2026";"Architecture (Q1); Visual Arts and Performing Arts (Q1); Aerospace Engineering (Q2); Arts and Humanities (miscellaneous) (Q2); Education (Q2); Engineering (miscellaneous) (Q2); Cognitive Neuroscience (Q3); Experimental and Cognitive Psychology (Q3); Behavioral Neuroscience (Q4)";"Arts and Humanities; Engineering; Neuroscience; Psychology; Social Sciences"
766;12823;"Canadian Journal of Human Sexuality";journal;"22917063, 11884517";"University of Toronto Press";No;No;0,451;Q3;47;32;106;1780;150;103;1,25;55,63;74,14;0;Canada;Northern America;"University of Toronto Press";"1994, 1996-2025";"Psychiatry and Mental Health (Q3); Psychology (miscellaneous) (Q3)";"Medicine; Psychology"
767;15320;"Teaching of Psychology";journal;"00986283, 15328023";"SAGE Publications Inc.";No;No;0,450;Q3;62;52;128;2046;208;123;1,92;39,35;67,20;2;United States;Northern America;"SAGE Publications Inc.";"1975-2026";"Education (Q2); Psychology (miscellaneous) (Q3)";"Psychology; Social Sciences"
768;21100899302;"Qualitative Research in Education";journal;"20146418";"Hipatia Editorial";Yes;No;0,448;Q3;12;10;35;517;78;35;1,48;51,70;64,52;0;Spain;Western Europe;"Hipatia Editorial";"2014-2015, 2018-2025";"Arts and Humanities (miscellaneous) (Q2); Education (Q2); Developmental and Educational Psychology (Q3)";"Arts and Humanities; Psychology; Social Sciences"
769;19700190314;"Pastoral Care in Education";journal;"14680122, 02643944";"Routledge";No;No;0,447;Q3;30;28;81;1345;118;69;1,46;48,04;72,41;2;United States;Northern America;"Routledge";"1983-2026";"Education (Q2); Developmental and Educational Psychology (Q3)";"Psychology; Social Sciences"
770;21100779057;"World Leisure Journal";journal;"23334509, 16078055";"Taylor and Francis Ltd.";No;No;0,447;Q3;35;35;109;2295;174;92;1,19;65,57;40,28;4;United Kingdom;Western Europe;"Taylor and Francis Ltd.";"2000-2026";"Cultural Studies (Q1); Social Psychology (Q3); Tourism, Leisure and Hospitality Management (Q3)";"Business, Management and Accounting; Psychology; Social Sciences"
771;11400153314;"Contemporary Issues in Early Childhood";journal;"14639491";"SAGE Publications Inc.";No;No;0,446;Q3;39;37;85;1712;127;73;1,15;46,27;82,89;6;United Kingdom;Western Europe;"SAGE Publications Inc.";"2008-2026";"Education (Q2); Developmental and Educational Psychology (Q3)";"Psychology; Social Sciences"
772;17900156731;"Young Exceptional Children";journal;"2154400X, 10962506";"SAGE Publications Inc.";No;No;0,446;Q3;21;23;54;481;48;51;0,80;20,91;91,11;7;United States;Northern America;"SAGE Publications Inc.";"1998-2026";"Education (Q2); Developmental and Educational Psychology (Q3)";"Psychology; Social Sciences"
773;145406;"Art Therapy";journal;"07421656";"Taylor and Francis Ltd.";No;No;0,444;Q3;49;34;97;760;138;73;1,15;22,35;78,33;0;United Kingdom;Western Europe;"Taylor and Francis Ltd.";"1983-2026";"Complementary and Manual Therapy (Q2); Clinical Psychology (Q3)";"Health Professions; Psychology"
774;13498;"Developmental Neuropsychology";journal;"15326942, 87565641";"Routledge";No;No;0,444;Q3;114;23;101;1418;188;101;1,95;61,65;62,14;0;United Kingdom;Western Europe;"Routledge";"1985-2026";"Developmental and Educational Psychology (Q3); Neuropsychology and Physiological Psychology (Q3)";"Psychology"
775;14027;"Psychology, Crime and Law";journal;"14772744, 1068316X";"Routledge";No;No;0,444;Q3;75;52;150;3580;250;149;1,60;68,85;57,86;0;United Kingdom;Western Europe;"Routledge";"1994-2026";"Law (Q1); Pathology and Forensic Medicine (Q2); Psychology (miscellaneous) (Q3)";"Medicine; Psychology; Social Sciences"
776;19700175790;"International Journal of Social Psychology";journal;"15793680, 02134748";"SAGE Publications Ltd";No;No;0,443;Q3;31;21;75;1073;103;73;0,98;51,10;59,68;0;United Kingdom;Western Europe;"SAGE Publications Ltd";"1986-2025";"Social Psychology (Q3)";"Psychology"
777;21100218515;"Journal of Gambling Issues";journal;"19107595";"";Yes;No;0,443;Q3;21;12;87;538;116;84;1,44;44,83;57,58;0;Canada;Northern America;"";"2006, 2009, 2012-2025";"Clinical Psychology (Q3); Psychiatry and Mental Health (Q3)";"Medicine; Psychology"
778;13414;"Contemporary Family Therapy";journal;"08922764, 15733335";"Kluwer Academic/Human Sciences Press Inc.";No;No;0,442;Q3;46;38;114;2005;165;109;1,27;52,76;57,41;1;United States;Northern America;"Kluwer Academic/Human Sciences Press Inc.";"1986-2026";"Cultural Studies (Q1); Social Sciences (miscellaneous) (Q2); Clinical Psychology (Q3); Social Psychology (Q3)";"Psychology; Social Sciences"
779;22108;"International Journal of Disability, Development and Education";journal;"1465346X, 1034912X";"Routledge";No;No;0,442;Q3;55;91;234;4426;399;234;1,38;48,64;68,82;0;United Kingdom;Western Europe;"Routledge";"1989-2026";"Education (Q2); Health Professions (miscellaneous) (Q2); Health (social science) (Q2); Developmental and Educational Psychology (Q3)";"Health Professions; Psychology; Social Sciences"
780;5800154205;"International Journal of Comparative and Applied Criminal Justice";journal;"21576475, 01924036";"Routledge";No;No;0,441;Q3;26;25;78;1586;107;73;0,98;63,44;42,59;3;United States;Northern America;"Routledge";"1977-1995, 2009, 2014-2026";"Law (Q1); Sociology and Political Science (Q2); Social Psychology (Q3)";"Psychology; Social Sciences"
781;30014;"Journal of Motor Behavior";journal;"00222895, 19401027";"Routledge";No;No;0,441;Q3;85;53;203;2908;282;203;1,25;54,87;42,56;0;United States;Northern America;"Routledge";"1969-2026";"Biophysics (Q3); Cognitive Neuroscience (Q3); Experimental and Cognitive Psychology (Q3); Orthopedics and Sports Medicine (Q3); Sports Science (Q3)";"Biochemistry, Genetics and Molecular Biology; Health Professions; Medicine; Neuroscience; Psychology"
782;18728;"Psychiatry, Psychology and Law";journal;"19341687, 13218719";"Routledge";No;No;0,441;Q3;45;53;161;2967;262;156;1,54;55,98;54,17;3;United Kingdom;Western Europe;"Routledge";"1994-2026";"Law (Q1); Pathology and Forensic Medicine (Q2); Psychiatry and Mental Health (Q3); Psychology (miscellaneous) (Q3)";"Medicine; Psychology; Social Sciences"
783;12691;"Merrill-Palmer Quarterly";journal;"0272930X, 15350266";"Wayne State University Press";No;No;0,439;Q3;83;16;53;885;56;53;1,08;55,31;83,33;0;United States;Northern America;"Wayne State University Press";"1973, 1982, 1985, 1991, 1994, 1996-2025";"Education (Q2); Social Sciences (miscellaneous) (Q2); Developmental and Educational Psychology (Q3)";"Psychology; Social Sciences"
784;28831;"Public Culture";journal;"15278018, 08992363";"Duke University Press";No;No;0,437;Q3;93;31;93;1225;91;75;0,69;39,52;52,78;0;United States;Northern America;"Duke University Press";"1996-2025";"Arts and Humanities (miscellaneous) (Q2); Communication (Q2); Social Psychology (Q3)";"Arts and Humanities; Psychology; Social Sciences"
785;21100809808;"Educational and Developmental Psychologist";journal;"20590784, 20590776";"Routledge";No;No;0,436;Q3;27;29;60;1417;111;55;2,00;48,86;64,44;4;United Kingdom;Western Europe;"Routledge";"2016-2026";"Education (Q2); Developmental and Educational Psychology (Q3)";"Psychology; Social Sciences"
786;15324;"Theory and Psychology";journal;"14617447, 09593543";"SAGE Publications Ltd";No;No;0,436;Q3;73;52;189;2922;270;177;1,26;56,19;34,67;2;United Kingdom;Western Europe;"SAGE Publications Ltd";"1991-2026";"History and Philosophy of Science (Q1); Psychology (miscellaneous) (Q3)";"Arts and Humanities; Psychology"
787;19800188058;"Australian Journal of Learning Difficulties";journal;"19404158, 19404166";"Routledge";No;No;0,434;Q3;20;10;30;550;29;30;0,85;55,00;71,43;1;United Kingdom;Western Europe;"Routledge";"2008-2026";"Education (Q2); Developmental and Educational Psychology (Q3); Social Psychology (Q3)";"Psychology; Social Sciences"
788;21100879731;"Journal of Experimental Psychopathology";journal;"20438087";"SAGE Publications Ltd";Yes;No;0,434;Q3;37;18;51;1077;79;51;1,10;59,83;48,72;0;United Kingdom;Western Europe;"SAGE Publications Ltd";"2010-2026";"Clinical Psychology (Q3); Psychiatry and Mental Health (Q3)";"Medicine; Psychology"
789;17320;"Bulletin of the Menninger Clinic";journal;"00259284, 19432828";"Guilford Publications";No;No;0,433;Q3;45;26;69;1454;77;67;0,85;55,92;71,08;0;United States;Northern America;"Guilford Publications";"1945-2025";"Clinical Psychology (Q3); Psychiatry and Mental Health (Q3)";"Medicine; Psychology"
790;21101163444;"International Journal on Child Maltreatment: Research, Policy and Practice";journal;"25245236, 25245244";"Springer Nature";No;No;0,433;Q3;15;36;90;1233;115;81;1,28;34,25;64,54;3;Switzerland;Western Europe;"Springer Nature";"2018-2026";"Law (Q1); Health (social science) (Q2); Pediatrics, Perinatology and Child Health (Q2); Developmental and Educational Psychology (Q3)";"Medicine; Psychology; Social Sciences"
791;21100818942;"Journal of Psychologists and Counsellors in Schools";journal;"20556365, 20556373";"SAGE Publications Ltd";No;No;0,432;Q3;34;23;70;1099;79;63;1,19;47,78;51,02;0;United Kingdom;Western Europe;"SAGE Publications Ltd";"2015-2025";"Education (Q2); Developmental and Educational Psychology (Q3); Social Psychology (Q3)";"Psychology; Social Sciences"
792;12693;"Military Psychology";journal;"15327876, 08995605";"Taylor and Francis Ltd.";No;No;0,432;Q3;56;53;157;2739;222;154;1,33;51,68;53,00;7;United Kingdom;Western Europe;"Taylor and Francis Ltd.";"1990, 1996-2026";"Social Sciences (miscellaneous) (Q2); Experimental and Cognitive Psychology (Q3); Psychology (miscellaneous) (Q3)";"Psychology; Social Sciences"
793;21101077107;"Continuity in Education";journal;"26319179";"Ubiquity Press";Yes;Yes;0,430;Q3;10;9;27;426;36;27;0,81;47,33;65,63;0;United Kingdom;Western Europe;"Ubiquity Press";"2020-2026";"Education (Q2); Developmental and Educational Psychology (Q3); Physiology (medical) (Q3); Social Psychology (Q3)";"Medicine; Psychology; Social Sciences"
794;21100826927;"Human Technology";journal;"17956889";"Centre of Sociological Research";Yes;Yes;0,430;Q3;23;25;50;1309;142;47;2,91;52,36;47,62;0;Finland;Western Europe;"Centre of Sociological Research";"2016-2025";"Communication (Q2); Human-Computer Interaction (Q3); Social Psychology (Q3)";"Computer Science; Psychology; Social Sciences"
795;12671;"Mental Health, Religion and Culture";journal;"14699737, 13674676";"Routledge";No;No;0,430;Q3;60;78;225;3780;369;211;1,31;48,46;43,22;0;United Kingdom;Western Europe;"Routledge";"2000-2026";"Clinical Psychology (Q3); Psychiatry and Mental Health (Q3)";"Medicine; Psychology"
796;13972;"Psychological Studies";journal;"00332968, 09749861";"Springer International Publishing AG";No;No;0,430;Q3;26;52;150;2935;214;148;1,38;56,44;64,41;0;India;Asiatic Region;"Springer International Publishing AG";"1971, 1980, 1992, 2009, 2014-2026";"Medicine (miscellaneous) (Q3); Psychology (miscellaneous) (Q3)";"Medicine; Psychology"
797;12100154833;"ACM Transactions on Applied Perception";journal;"15443965, 15443558";"Association for Computing Machinery";No;No;0,429;Q3;62;20;58;1240;135;55;2,24;62,00;32,88;0;United States;Northern America;"Association for Computing Machinery";"2004-2026";"Computer Science (miscellaneous) (Q2); Experimental and Cognitive Psychology (Q3); Theoretical Computer Science (Q3)";"Computer Science; Mathematics; Psychology"
798;21100229214;"Malaysian Journal of Learning and Instruction";journal;"21802483, 16758110";"Universiti Utara Malaysia Press";Yes;No;0,429;Q3;25;12;61;733;152;61;2,34;61,08;51,85;0;Malaysia;Asiatic Region;"Universiti Utara Malaysia Press";"2006, 2010, 2012-2025";"Cultural Studies (Q1); Education (Q2); Developmental and Educational Psychology (Q3); Psychology (miscellaneous) (Q3)";"Psychology; Social Sciences"
799;21100847481;"Health and Social Care Chaplaincy";journal;"20515553, 20515561";"Equinox Publishing Ltd";No;No;0,428;Q3;12;12;53;482;65;49;0,74;40,17;42,11;0;United Kingdom;Western Europe;"Equinox Publishing Ltd";"2017-2025";"Religious Studies (Q1); Health (social science) (Q2); Social Psychology (Q3)";"Arts and Humanities; Psychology; Social Sciences"
800;21100938864;"Health Psychology Report";journal;"23535571, 23534184";"Termedia Publishing House Ltd.";Yes;Yes;0,428;Q3;17;32;95;1770;147;95;1,76;55,31;64,81;0;Poland;Eastern Europe;"Termedia Publishing House Ltd.";"2019-2025";"Clinical Psychology (Q3); Psychiatry and Mental Health (Q3)";"Medicine; Psychology"
801;21101060896;"European Journal of Psychology Open";journal;"26738627";"Hogrefe-Verlag GmbH and Co. KG";Yes;No;0,427;Q3;42;15;46;820;62;42;1,52;54,67;67,44;0;Germany;Western Europe;"Hogrefe-Verlag GmbH and Co. KG";"2021-2026";"Psychology (miscellaneous) (Q3)";"Psychology"
802;21100456834;"Counseling Outcome Research and Evaluation";journal;"21501378, 21501386";"Taylor and Francis Ltd.";No;No;0,424;Q3;17;11;35;541;59;32;1,63;49,18;60,00;0;United Kingdom;Western Europe;"Taylor and Francis Ltd.";"2014-2026";"Psychology (miscellaneous) (Q3)";"Psychology"
803;11700154377;"Journal of Individual Differences";journal;"21512299, 16140001";"Hogrefe Publishing GmbH";No;No;0,424;Q3;50;26;71;1261;105;71;1,43;48,50;51,61;0;Germany;Western Europe;"Hogrefe Publishing GmbH";"2005-2025";"Psychology (miscellaneous) (Q3); Biological Psychiatry (Q4)";"Neuroscience; Psychology"
804;130153;"Sleep and Biological Rhythms";journal;"14469235, 14798425";"Springer";No;No;0,422;Q3;44;60;170;1643;197;148;1,10;27,38;38,78;2;Japan;Asiatic Region;"Springer";"2003-2026";"Neurology (Q3); Neuropsychology and Physiological Psychology (Q3); Physiology (Q3); Physiology (medical) (Q3)";"Biochemistry, Genetics and Molecular Biology; Medicine; Neuroscience; Psychology"
805;70451;"Consulting Psychology Journal";journal;"10659293, 19390149";"American Psychological Association";No;No;0,421;Q3;57;29;61;1903;85;58;1,09;65,62;64,10;0;United States;Northern America;"American Psychological Association";"1993-2025";"Applied Psychology (Q3); Developmental and Educational Psychology (Q3); Psychology (miscellaneous) (Q3)";"Psychology"
806;21100451649;"Evolutionary Behavioral Sciences";journal;"23302933, 23302925";"American Psychological Association";No;No;0,421;Q3;30;24;140;1339;193;140;1,16;55,79;37,93;0;United States;Northern America;"American Psychological Association";"2014-2025";"Experimental and Cognitive Psychology (Q3); Social Psychology (Q3)";"Psychology"
807;21100464772;"Network Science";journal;"20501250, 20501242";"Cambridge University Press";No;No;0,418;Q3;29;28;90;1845;166;86;1,44;65,89;19,48;0;United Kingdom;Western Europe;"Cambridge University Press";"2013-2026";"Communication (Q2); Sociology and Political Science (Q2); Social Psychology (Q3)";"Psychology; Social Sciences"
808;15427;"Journal of Cognitive Psychotherapy";journal;"08898391, 1938887X";"Springer Publishing Company";No;No;0,417;Q3;60;20;69;1136;70;61;0,59;56,80;67,50;0;United States;Northern America;"Springer Publishing Company";"1987-2025";"Clinical Psychology (Q3); Experimental and Cognitive Psychology (Q3); Psychiatry and Mental Health (Q3)";"Medicine; Psychology"
809;5300152520;"Papeles del Psicologo";journal;"02147823";"Colegio Oficial de Psicologos Asturias";Yes;Yes;0,416;Q3;30;22;76;1167;97;71;1,00;53,05;52,17;0;Spain;Western Europe;"Colegio Oficial de Psicologos Asturias";"2007-2026";"Psychology (miscellaneous) (Q3)";"Psychology"
810;4700152785;"Journal of Intergenerational Relationships";journal;"15350770, 15350932";"Routledge";No;No;0,415;Q3;36;28;89;1451;171;86;1,34;51,82;67,44;3;United States;Northern America;"Routledge";"2003-2026";"Archeology (Q1); Social Sciences (miscellaneous) (Q2); Sociology and Political Science (Q2); Geriatrics and Gerontology (Q3); Life-span and Life-course Studies (Q3); Social Psychology (Q3)";"Medicine; Psychology; Social Sciences"
811;15457;"Journal of Employment Counseling";journal;"21611920, 00220787";"Wiley-Blackwell";No;No;0,414;Q3;38;16;39;1127;78;39;1,93;70,44;68,63;0;United States;Northern America;"Wiley-Blackwell";"1964-2026";"Applied Psychology (Q3); Organizational Behavior and Human Resource Management (Q3); Psychology (miscellaneous) (Q3)";"Business, Management and Accounting; Psychology"
812;14121;"European Review of Applied Psychology";journal;"11629088";"Elsevier Masson s.r.l.";No;No;0,413;Q3;42;34;102;2403;147;99;1,34;70,68;56,73;1;France;Western Europe;"Elsevier Masson s.r.l.";"1998, 2004-2026";"Applied Psychology (Q3)";"Psychology"
813;144977;"Homicide Studies";journal;"15526720, 10887679";"SAGE Publications Inc.";No;No;0,412;Q3;60;28;60;1596;99;57;1,37;57,00;52,11;5;United States;Northern America;"SAGE Publications Inc.";"1997-2026";"Law (Q1); Pathology and Forensic Medicine (Q3); Psychology (miscellaneous) (Q3)";"Medicine; Psychology; Social Sciences"
814;21100899523;"International Journal of Aerospace Psychology";journal;"24721832, 24721840";"Taylor and Francis Ltd.";No;No;0,412;Q3;55;16;58;744;103;54;1,50;46,50;37,25;0;United Kingdom;Western Europe;"Taylor and Francis Ltd.";"2017-2025";"Aerospace Engineering (Q2); Education (Q2); Applied Psychology (Q3); Computer Science Applications (Q3)";"Computer Science; Engineering; Psychology; Social Sciences"
815;4700152788;"Journal of College Student Psychotherapy";journal;"87568225, 15404730";"Routledge";No;No;0,411;Q3;0;0;0;0;0;0;0,00;0,00;0,00;0;United States;Northern America;"Routledge";"1987-2023";"Clinical Psychology (Q3); Psychiatry and Mental Health (Q3)";"Medicine; Psychology"
816;19400156832;"Brain Impairment";journal;"18395252, 14439646";"";No;No;0,410;Q3;32;49;69;2290;82;66;1,00;46,73;66,50;0;United Kingdom;Western Europe;"";"2002, 2004, 2008-2026";"Speech and Hearing (Q2); Cognitive Neuroscience (Q3); Neurology (Q3); Neurology (clinical) (Q3); Neuropsychology and Physiological Psychology (Q3); Behavioral Neuroscience (Q4)";"Health Professions; Medicine; Neuroscience; Psychology"
817;13475;"Culture and Psychology";journal;"14617056, 1354067X";"SAGE Publications Ltd";No;No;0,410;Q3;61;44;124;2107;220;118;1,21;47,89;48,57;0;United Kingdom;Western Europe;"SAGE Publications Ltd";"1995-2026";"Anthropology (Q1); Cultural Studies (Q1); Sociology and Political Science (Q2); Social Psychology (Q3)";"Psychology; Social Sciences"
818;19900191944;"OCNOS";journal;"22549099, 1885446X";"Centro de Estudios de Promoción de la Lectura y Literatura Infantil, Universidad de Castilla-La Manc";Yes;Yes;0,409;Q3;18;20;69;799;87;69;1,19;39,95;62,50;0;Spain;Western Europe;"Centro de Estudios de Promoción de la Lectura y Literatura Infantil, Universidad de Castilla-La Manc";"2009-2026";"Literature and Literary Theory (Q1); Education (Q2); Social Psychology (Q3)";"Arts and Humanities; Psychology; Social Sciences"
819;21100937445;"Journal of Education and e-Learning Research";journal;"25180169, 24109991";"Asian Online Journal Publishing Group";Yes;No;0,407;Q3;19;97;144;3947;371;144;1,93;40,69;59,69;3;United States;Northern America;"Asian Online Journal Publishing Group";"2019-2026";"Education (Q2); Computer Science Applications (Q3); Developmental and Educational Psychology (Q3)";"Computer Science; Psychology; Social Sciences"
820;5600155528;"International Journal of Organization Theory and Behavior";journal;"15324273, 10934537";"Emerald Publishing";No;No;0,406;Q3;17;16;52;1204;95;49;1,41;75,25;38,89;0;United Kingdom;Western Europe;"Emerald Publishing";"2012-2026";"Public Administration (Q2); Applied Psychology (Q3); Organizational Behavior and Human Resource Management (Q3)";"Business, Management and Accounting; Psychology; Social Sciences"
821;5000153705;"Education and Treatment of Children";journal;"07488491, 19348924";"Springer Science and Business Media Deutschland GmbH";No;No;0,403;Q3;55;26;82;1158;95;72;1,04;44,54;67,53;1;Germany;Western Europe;"Springer Science and Business Media Deutschland GmbH";"2005-2026";"Education (Q2); Developmental and Educational Psychology (Q3)";"Psychology; Social Sciences"
822;5700154766;"International Journal of Early Years Education";journal;"14698463, 09669760";"Routledge";No;No;0,403;Q3;45;69;126;3080;149;113;1,04;44,64;77,65;9;United Kingdom;Western Europe;"Routledge";"1993-2026";"Education (Q2); Developmental and Educational Psychology (Q3)";"Psychology; Social Sciences"
823;5800207890;"Educational Psychology in Practice";journal;"14695839, 02667363";"Routledge";No;No;0,399;Q3;40;26;74;1453;94;74;1,15;55,88;67,92;3;United Kingdom;Western Europe;"Routledge";"1985-2026";"Developmental and Educational Psychology (Q3)";"Psychology"
824;21100211114;"Music Therapy Perspectives";journal;"07346875, 20537387";"Oxford University Press";No;No;0,399;Q3;22;28;79;1263;84;71;0,74;45,11;75,93;0;United States;Northern America;"Oxford University Press";"1983-1984, 1986-1987, 1990, 1992-1995, 2002, 2008, 2011-2026";"Music (Q1); Complementary and Alternative Medicine (Q2); Applied Psychology (Q3)";"Arts and Humanities; Medicine; Psychology"
825;21100899297;"Middle School Journal";journal;"00940771, 23276223";"Taylor and Francis Ltd.";No;No;0,398;Q3;25;26;76;974;64;59;0,92;37,46;75,00;0;United States;Northern America;"Taylor and Francis Ltd.";"1986, 1996-2026";"Education (Q2); Developmental and Educational Psychology (Q3)";"Psychology; Social Sciences"
826;21100469452;"Timing and Time Perception";journal;"2213445X, 22134468";"Brill Academic Publishers";No;No;0,398;Q3;22;23;80;521;85;79;1,05;22,65;31,25;1;Netherlands;Western Europe;"Brill Academic Publishers";"2013-2026";"Applied Psychology (Q3); Experimental and Cognitive Psychology (Q3); Neuropsychology and Physiological Psychology (Q3); Cognitive Neuroscience (Q4)";"Neuroscience; Psychology"
827;15500154703;"Evolutionary Psychology";journal;"14747049";"SAGE Publications Inc.";Yes;No;0,397;Q3;55;21;89;1225;124;89;1,39;58,33;43,02;0;United Kingdom;Western Europe;"SAGE Publications Inc.";"2003-2004, 2006-2007, 2009-2026";"Medicine (miscellaneous) (Q3); Social Psychology (Q3); Behavioral Neuroscience (Q4)";"Medicine; Neuroscience; Psychology"
828;14009;"Psychology and Developing Societies";journal;"09730761, 09713336";"Sage Publications India Pvt. Ltd";No;No;0,396;Q3;28;15;39;913;49;38;0,81;60,87;37,50;0;India;Asiatic Region;"Sage Publications India Pvt. Ltd";"1989-2026";"Social Psychology (Q3)";"Psychology"
829;21100922942;"Teaching Exceptional Children";journal;"21635684, 00400599";"SAGE Publications Ltd";No;No;0,396;Q3;27;55;176;1434;187;113;1,06;26,07;70,77;6;United Kingdom;Western Europe;"SAGE Publications Ltd";"1996, 2003, 2014-2026";"Education (Q2); Developmental and Educational Psychology (Q3)";"Psychology; Social Sciences"
830;30019;"Journal of Organizational Behavior Management";journal;"01608061, 15408604";"Routledge";No;No;0,395;Q3;41;19;70;790;132;45;1,65;41,58;60,87;1;United States;Northern America;"Routledge";"1977-1978, 1980-1985, 1987-1991, 1993-2026";"Applied Psychology (Q3); Management of Technology and Innovation (Q3); Strategy and Management (Q3)";"Business, Management and Accounting; Psychology"
831;5300152225;"Nordic Psychology";journal;"19040016, 19012276";"Routledge";Yes;No;0,394;Q3;29;24;77;912;93;65;0,82;38,00;55,74;0;United Kingdom;Western Europe;"Routledge";"2006-2026";"Psychology (miscellaneous) (Q3)";"Psychology"
832;13375;"Psicologica";journal;"02112159, 15768597";"";Yes;Yes;0,394;Q3;24;13;24;844;22;24;1,00;64,92;46,00;0;Spain;Western Europe;"";"2004-2025";"Arts and Humanities (miscellaneous) (Q2); Developmental and Educational Psychology (Q3); Experimental and Cognitive Psychology (Q3); Psychology (miscellaneous) (Q3); Statistics and Probability (Q3)";"Arts and Humanities; Mathematics; Psychology"
833;22041;"Emotional and Behavioural Difficulties";journal;"17412692, 13632752";"Routledge";No;No;0,393;Q3;39;23;87;1193;81;76;1,05;51,87;71,19;4;United Kingdom;Western Europe;"Routledge";"1996-2026";"Clinical Psychology (Q3); Developmental and Educational Psychology (Q3); Psychiatry and Mental Health (Q3)";"Medicine; Psychology"
834;11200153529;"Journal of Spirituality in Mental Health";journal;"19349645, 19349637";"Routledge";No;No;0,391;Q3;23;21;57;968;77;57;1,46;46,10;44,64;0;United States;Northern America;"Routledge";"2006-2026";"Religious Studies (Q1); Social Sciences (miscellaneous) (Q2); Applied Psychology (Q3); Social Psychology (Q3)";"Arts and Humanities; Psychology; Social Sciences"
835;145569;"L1 Educational Studies in Language and Literature";journal;"15731731, 15676617";"International Association for Research in L1 Education (ARLE)";Yes;Yes;0,390;Q3;23;23;88;1402;93;87;0,88;60,96;56,82;0;Belgium;Western Europe;"International Association for Research in L1 Education (ARLE)";"2001-2025";"Linguistics and Language (Q1); Literature and Literary Theory (Q1); Education (Q2); Health Professions (miscellaneous) (Q2); Psychology (miscellaneous) (Q3)";"Arts and Humanities; Health Professions; Psychology; Social Sciences"
836;15913;"Zeitschrift fur Entwicklungspsychologie und Padagogische Psychologie";journal;"00498637, 21906262";"Hogrefe Publishing";No;No;0,390;Q3;30;18;36;842;35;34;1,12;46,78;68,18;0;Germany;Western Europe;"Hogrefe Publishing";"1982, 1996-2025";"Education (Q2); Developmental and Educational Psychology (Q3)";"Psychology; Social Sciences"
837;15053;"Infants and Young Children";journal;"08963746, 15505081";"Lippincott Williams and Wilkins Ltd.";No;No;0,389;Q3;57;24;74;1079;79;62;0,90;44,96;78,16;0;United States;Northern America;"Lippincott Williams and Wilkins Ltd.";"1988-2026";"Developmental and Educational Psychology (Q3); Pediatrics, Perinatology and Child Health (Q3); Psychiatry and Mental Health (Q3)";"Medicine; Psychology"
838;22109;"Intervention in School and Clinic";journal;"10534512, 15384810";"SAGE Publications Ltd";No;No;0,389;Q3;44;55;146;1444;188;143;1,17;26,25;82,95;3;United States;Northern America;"SAGE Publications Ltd";"1965-2026";"Education (Q2); Clinical Psychology (Q3); Developmental and Educational Psychology (Q3)";"Psychology; Social Sciences"
839;14730;"Revista Latinoamericana de Psicologia";journal;"01200534";"Konrad Lorenz Editores";Yes;Yes;0,389;Q3;38;30;72;1485;99;72;1,31;49,50;53,49;1;Colombia;Latin America;"Konrad Lorenz Editores";"1980, 1984, 1992, 1996-2025";"Social Sciences (miscellaneous) (Q2); Psychology (miscellaneous) (Q3)";"Psychology; Social Sciences"
840;21100824878;"Clinical Practice in Pediatric Psychology";journal;"21694826, 21694834";"SAGE Publications Ltd";No;No;0,388;Q3;27;33;147;1160;160;146;0,89;35,15;73,51;2;United Kingdom;Western Europe;"SAGE Publications Ltd";"2013-2025";"Applied Psychology (Q3); Clinical Psychology (Q3); Developmental and Educational Psychology (Q3); Pediatrics, Perinatology and Child Health (Q3)";"Medicine; Psychology"
841;19900191857;"Education and Training in Autism and Developmental Disabilities";journal;"21541647";"SAGE Publications Ltd";No;No;0,387;Q3;61;32;96;1412;104;96;0,66;44,13;76,47;0;United States;Northern America;"SAGE Publications Ltd";"2010-2026";"Education (Q2); Developmental and Educational Psychology (Q3)";"Psychology; Social Sciences"
842;21100329892;"Journal of Infant, Child, and Adolescent Psychotherapy";journal;"19409214, 15289168";"Routledge";No;No;0,387;Q3;23;27;105;1156;91;93;0,76;42,81;60,81;1;United States;Northern America;"Routledge";"2000, 2002, 2004-2010, 2014-2026";"Clinical Psychology (Q3); Psychiatry and Mental Health (Q3)";"Medicine; Psychology"
843;14821;"Social Behavior and Personality";journal;"11796391, 03012212";"Scientific Journal Publishers";No;No;0,387;Q3;81;165;497;6092;656;496;1,11;36,92;45,93;0;New Zealand;Pacific Region;"Scientific Journal Publishers";"1982, 1992, 1996-2026";"Social Psychology (Q3)";"Psychology"
844;13277;"Families, Systems and Health";journal;"10917527, 19390602";"American Psychological Association";No;No;0,386;Q3;60;83;277;1794;287;259;1,05;21,61;74,04;0;United States;Northern America;"American Psychological Association";"1996-2025";"Applied Psychology (Q3); Psychiatry and Mental Health (Q3)";"Medicine; Psychology"
845;21101045709;"Forensic Science International: Mind and Law";journal;"26663538";"Elsevier B.V.";Yes;No;0,386;Q3;14;13;77;782;97;54;1,24;60,15;50,00;1;Netherlands;Western Europe;"Elsevier B.V.";"2020-2024";"Law (Q1); Psychiatry and Mental Health (Q3); Psychology (miscellaneous) (Q3)";"Medicine; Psychology; Social Sciences"
846;21100836847;"Preventing School Failure";journal;"1045988X, 19404387";"Taylor and Francis Ltd.";No;No;0,384;Q3;25;34;108;1320;133;108;0,83;38,82;65,96;0;United Kingdom;Western Europe;"Taylor and Francis Ltd.";"1996, 2014-2026";"Education (Q2); Developmental and Educational Psychology (Q3)";"Psychology; Social Sciences"
847;21100894553;"Gifted Child Today";journal;"10762175, 2162951X";"SAGE Publications Ltd";No;No;0,383;Q3;20;31;83;772;123;64;0,86;24,90;73,33;0;United States;Northern America;"SAGE Publications Ltd";"2015-2026";"Education (Q2); Developmental and Educational Psychology (Q3)";"Psychology; Social Sciences"
848;21101073718;"Learning Disabilities";journal;"19376928, 19376936";"Learning Disabilities Worldwide (LDW)";No;No;0,383;Q3;13;11;35;592;63;34;0,81;53,82;70,27;0;United States;Northern America;"Learning Disabilities Worldwide (LDW)";"2018-2025";"Education (Q2); Developmental and Educational Psychology (Q3); Health (social science) (Q3)";"Psychology; Social Sciences"
849;18200156706;"Rorschachiana";journal;"2151206X, 11925604";"Hogrefe Publishing";No;No;0,383;Q3;11;11;41;411;40;33;1,25;37,36;44,44;0;United States;Northern America;"Hogrefe Publishing";"2004, 2008-2026";"Clinical Psychology (Q3); Psychiatry and Mental Health (Q3)";"Medicine; Psychology"
850;29473;"American Journal of Psychoanalysis";journal;"00029548, 15736741";"Palgrave Macmillan Ltd.";No;No;0,381;Q3;24;26;82;1292;73;74;0,98;49,69;38,71;0;United Kingdom;Western Europe;"Palgrave Macmillan Ltd.";"1942-2026";"Clinical Psychology (Q3); Psychiatry and Mental Health (Q3)";"Medicine; Psychology"
851;5700165569;"Food, Culture and Society";journal;"17517443, 15528014";"Taylor and Francis Ltd.";No;No;0,381;Q3;39;77;150;4154;233;134;1,46;53,95;63,71;4;United Kingdom;Western Europe;"Taylor and Francis Ltd.";"2005, 2008-2026";"Cultural Studies (Q1); Food Science (Q2); Social Psychology (Q3)";"Agricultural and Biological Sciences; Psychology; Social Sciences"
852;21100446512;"Evidence-based HRM";journal;"20493983, 20493991";"Emerald Publishing";No;No;0,381;-;25;46;71;3203;134;70;1,76;69,63;38,68;0;United Kingdom;Western Europe;"Emerald Publishing";"2013-2026";"Organizational Behavior and Human Resource Management (Q3)";"Business, Management and Accounting"
853;10600153338;"Integrative Psychological and Behavioral Science";journal;"19324502, 19363567";"Springer New York";No;No;0,380;Q3;48;73;163;4693;204;161;1,32;64,29;32,84;1;United States;Northern America;"Springer New York";"1969, 1976, 2007-2026";"Cultural Studies (Q1); Philosophy (Q1); Anthropology (Q2); Applied Psychology (Q3); Experimental and Cognitive Psychology (Q3); Neuropsychology and Physiological Psychology (Q3); Social Psychology (Q3); Behavioral Neuroscience (Q4)";"Arts and Humanities; Neuroscience; Psychology; Social Sciences"
854;30408;"American Indian and Alaska Native Mental Health Research";journal;"15337731, 08935394";"University Press of Colorado";No;No;0,377;Q3;33;11;41;527;48;41;1,32;47,91;87,80;0;United States;Northern America;"University Press of Colorado";"1987-1990, 1992-2026";"History (Q1); Anthropology (Q2); Education (Q3); Medicine (miscellaneous) (Q3); Psychiatry and Mental Health (Q3); Psychology (miscellaneous) (Q3)";"Arts and Humanities; Medicine; Psychology; Social Sciences"
855;5800207394;"Child Care in Practice";journal;"13575279, 1476489X";"Routledge";No;No;0,377;Q3;34;35;115;1715;147;103;0,99;49,00;69,86;6;United Kingdom;Western Europe;"Routledge";"1994-2026";"Community and Home Care (Q2); Pediatrics (Q2); Developmental and Educational Psychology (Q3); Education (Q3); Health (social science) (Q3); Pediatrics, Perinatology and Child Health (Q3)";"Medicine; Nursing; Psychology; Social Sciences"
856;13164;"British Journal of Guidance and Counselling";journal;"03069885, 14693534";"Routledge";No;No;0,375;Q3;59;72;199;4146;274;190;1,34;57,58;55,43;3;United States;Northern America;"Routledge";"1973-2026";"Applied Psychology (Q3); Education (Q3)";"Psychology; Social Sciences"
857;15302;"Studia Psychologica";journal;"00393320";"Institute of Experimental Psychology, Centre of Social and Psychological Sciences, Slovak Academy of Sciences";Yes;Yes;0,375;Q3;26;24;76;1176;109;76;1,08;49,00;43,33;0;Slovakia;Eastern Europe;"Institute of Experimental Psychology, Centre of Social and Psychological Sciences, Slovak Academy of Sciences";"1996-2025";"Psychology (miscellaneous) (Q3)";"Psychology"
858;21101037131;"Advances in Neurodevelopmental Disorders";journal;"23667532, 23667540";"Springer Science and Business Media Deutschland GmbH";No;No;0,374;Q3;22;55;137;2594;177;134;1,22;47,16;65,20;2;Netherlands;Western Europe;"Springer Science and Business Media Deutschland GmbH";"2017-2026";"Social Sciences (miscellaneous) (Q2); Psychology (miscellaneous) (Q3)";"Psychology; Social Sciences"
859;21100834354;"International Journal of Human Rights in Healthcare";journal;"20564902, 20564910";"Emerald Group Publishing Ltd.";No;No;0,372;Q3;24;42;108;1860;169;94;1,48;44,29;53,45;0;United Kingdom;Western Europe;"Emerald Group Publishing Ltd.";"2015-2026";"Sociology and Political Science (Q2); Health Policy (Q3); Health (social science) (Q3); Public Administration (Q3); Social Psychology (Q3)";"Medicine; Psychology; Social Sciences"
860;15352;"Japanese Psychological Research";journal;"00215368, 14685884";"Wiley-Blackwell Publishing Ltd";No;No;0,372;Q3;40;52;99;2209;107;96;1,03;42,48;38,24;1;United Kingdom;Western Europe;"Wiley-Blackwell Publishing Ltd";"1954-1956, 1958-1990, 1992-2026";"Psychology (miscellaneous) (Q3)";"Psychology"
861;6200180185;"Infancia y Aprendizaje";journal;"15784126, 02103702";"SAGE Publications Ltd";No;No;0,370;Q3;33;28;96;1606;123;92;1,26;57,36;56,70;0;United Kingdom;Western Europe;"SAGE Publications Ltd";"1978-2025";"Developmental and Educational Psychology (Q3); Education (Q3)";"Psychology; Social Sciences"
862;73721;"South African Journal of Communication Disorders";journal;"03798046, 22254765";"AOSIS (Pty) Ltd";Yes;No;0,370;Q3;24;15;99;548;111;98;1,05;36,53;75,86;0;South Africa;Africa;"AOSIS (Pty) Ltd";"1977-2025";"Linguistics and Language (Q1); Communication (Q2); Experimental and Cognitive Psychology (Q3); Speech and Hearing (Q3); Cognitive Neuroscience (Q4)";"Health Professions; Neuroscience; Psychology; Social Sciences"
863;21101017385;"International Journal of Latin American Religions";journal;"25099965";"Springer Nature";No;No;0,369;Q3;10;31;74;1811;64;70;0,58;58,42;34,38;1;United States;Northern America;"Springer Nature";"2017-2026";"History (Q1); Religious Studies (Q1); Anthropology (Q2); Social Psychology (Q3)";"Arts and Humanities; Psychology; Social Sciences"
864;21100818750;"Journal of EMDR Practice and Research";journal;"1933320X, 19333196";"Springer Publishing Company";Yes;No;0,369;Q3;24;24;59;1375;90;57;1,43;57,29;55,56;0;United States;Northern America;"Springer Publishing Company";"2010-2025";"Experimental and Cognitive Psychology (Q3); Neuropsychology and Physiological Psychology (Q3); Psychiatry and Mental Health (Q3); Biological Psychiatry (Q4); Cognitive Neuroscience (Q4)";"Medicine; Neuroscience; Psychology"
865;21101173090;"International Journal of Community Well-Being";journal;"25245309, 25245295";"Springer Nature";No;No;0,368;Q3;20;22;112;1103;173;92;1,62;50,14;62,32;3;Switzerland;Western Europe;"Springer Nature";"2018-2026";"Geography, Planning and Development (Q2); Social Sciences (miscellaneous) (Q2); Psychology (miscellaneous) (Q3)";"Psychology; Social Sciences"
866;15964;"Journal of Prevention and Intervention in the Community";journal;"10852352, 15407330";"Routledge";No;No;0,368;Q3;41;27;91;836;108;88;1,13;30,96;70,00;4;United States;Northern America;"Routledge";"1996-2026";"Medicine (miscellaneous) (Q3); Social Psychology (Q3)";"Medicine; Psychology"
867;21100267903;"International Journal of Game-Based Learning";journal;"21556857, 21556849";"IGI Global Publishing";No;No;0,366;Q3;32;15;39;717;78;39;1,61;47,80;52,94;0;United States;Northern America;"IGI Global Publishing";"2011-2025";"Developmental and Educational Psychology (Q3); Education (Q3); E-learning (Q3)";"Psychology; Social Sciences"
868;21100915638;"Journal of Forensic Psychology Research and Practice";journal;"24732850, 24732842";"Routledge";No;No;0,366;Q3;29;22;65;1268;83;65;1,02;57,64;57,89;1;United Kingdom;Western Europe;"Routledge";"2017-2026";"Applied Psychology (Q3); Pathology and Forensic Medicine (Q3)";"Medicine; Psychology"
869;6500153239;"Vulnerable Children and Youth Studies";journal;"17450136, 17450128";"Routledge";No;No;0,366;Q3;32;55;105;2035;133;105;1,19;37,00;65,69;2;United Kingdom;Western Europe;"Routledge";"2006-2026";"Sociology and Political Science (Q2); Developmental and Educational Psychology (Q3); Health (social science) (Q3)";"Psychology; Social Sciences"
870;67476;"Social Anthropology";journal;"14698676, 09640282";"Berghahn Journals";Yes;Yes;0,365;Q3;58;38;304;1665;355;148;1,36;43,82;73,81;6;United Kingdom;Western Europe;"Berghahn Journals";"1982, 1992-2025";"Anthropology (Q2); Arts and Humanities (miscellaneous) (Q2); Sociology and Political Science (Q2); Developmental and Educational Psychology (Q3)";"Arts and Humanities; Psychology; Social Sciences"
871;130028;"Clinical Case Studies";journal;"15346501, 15523802";"SAGE Publications Inc.";No;No;0,364;Q3;29;31;94;1227;103;94;1,00;39,58;73,02;1;United States;Northern America;"SAGE Publications Inc.";"2002-2026";"Clinical Psychology (Q3); Psychiatry and Mental Health (Q3)";"Medicine; Psychology"
872;21100200401;"International Journal of Psychological Research";journal;"20117922, 20112084";"Universidad de San Buenaventura";Yes;Yes;0,364;Q3;23;23;61;1574;93;58;1,17;68,43;53,25;2;Colombia;Latin America;"Universidad de San Buenaventura";"2011-2025";"Psychology (miscellaneous) (Q3)";"Psychology"
873;19500157012;"Journal of Theoretical and Philosophical Psychology";journal;"21513341, 10688471";"American Psychological Association";No;No;0,364;Q3;32;31;68;1736;77;61;1,24;56,00;37,78;1;United States;Northern America;"American Psychological Association";"1986-2025";"Philosophy (Q1); Psychology (miscellaneous) (Q3)";"Arts and Humanities; Psychology"
874;19900195028;"SA Journal of Industrial Psychology";journal;"20710763, 02585200";"AOSIS (Pty) Ltd";Yes;No;0,364;Q3;40;27;107;1716;180;107;1,56;63,56;47,73;0;South Africa;Africa;"AOSIS (Pty) Ltd";"2011-2026";"Applied Psychology (Q3); Social Psychology (Q3)";"Psychology"
875;16709;"Journal of Forensic Psychiatry and Psychology";journal;"14789957, 14789949";"Routledge";No;No;0,363;Q3;58;31;160;1437;184;160;1,13;46,35;59,84;1;United Kingdom;Western Europe;"Routledge";"2003-2026";"Clinical Psychology (Q3); Psychiatry and Mental Health (Q3)";"Medicine; Psychology"
876;21100469696;"Art and Perception";journal;"22134905, 22134913";"Brill Academic Publishers";No;No;0,362;Q3;15;9;47;522;40;46;0,93;58,00;29,41;0;Netherlands;Western Europe;"Brill Academic Publishers";"2013-2026";"History (Q1); Visual Arts and Performing Arts (Q1); Applied Psychology (Q3)";"Arts and Humanities; Psychology"
877;14958;"Criminal Behaviour and Mental Health";journal;"09579664, 14712857";"Wiley-Blackwell";No;No;0,362;Q3;67;42;116;1436;117;90;0,75;34,19;49,61;6;United States;Northern America;"Wiley-Blackwell";"1992-2026";"Medicine (miscellaneous) (Q3); Pathology and Forensic Medicine (Q3); Psychiatry and Mental Health (Q3); Psychology (miscellaneous) (Q3)";"Medicine; Psychology"
878;21100899009;"International Journal of Educational Psychology";journal;"20143591";"Hipatia Editorial";Yes;No;0,362;Q3;15;12;38;766;49;38;1,42;63,83;64,29;0;Spain;Western Europe;"Hipatia Editorial";"2018-2025";"Developmental and Educational Psychology (Q3); Education (Q3)";"Psychology; Social Sciences"
879;30066;"Journal of Psychophysiology";journal;"21512124, 02698803";"Hogrefe Publishing GmbH";No;No;0,361;Q3;53;23;64;1230;66;63;0,88;53,48;56,41;0;Germany;Western Europe;"Hogrefe Publishing GmbH";"1987-2025";"Neuropsychology and Physiological Psychology (Q3); Neuroscience (miscellaneous) (Q4); Physiology (Q4)";"Biochemistry, Genetics and Molecular Biology; Neuroscience; Psychology"
880;4700152783;"Journal of Couple and Relationship Therapy";journal;"15332683, 15332691";"Routledge";No;No;0,359;Q3;31;15;58;712;65;56;1,03;47,47;50,00;0;United States;Northern America;"Routledge";"2002-2026";"Gender Studies (Q2); Social Sciences (miscellaneous) (Q2); Applied Psychology (Q3); Social Psychology (Q3)";"Psychology; Social Sciences"
881;19700175781;"Psychology and Neuroscience";journal;"19843054, 19833288";"Casa do Psicologo";Yes;Yes;0,358;Q3;27;27;92;1876;107;92;1,25;69,48;49,06;0;Brazil;Latin America;"Casa do Psicologo";"2010-2025";"Neuropsychology and Physiological Psychology (Q3); Neuroscience (miscellaneous) (Q4)";"Neuroscience; Psychology"
882;21100824968;"International Perspectives in Psychology: Research, Practice, Consultation";journal;"21573891, 21573883";"Hogrefe-Verlag GmbH and Co. KG";No;No;0,356;Q3;15;23;64;1108;81;58;1,19;48,17;63,38;0;Germany;Western Europe;"Hogrefe-Verlag GmbH and Co. KG";"2017-2026";"Applied Psychology (Q3); Clinical Psychology (Q3); Social Psychology (Q3)";"Psychology"
883;21101048847;"Mental Health Clinician";journal;"21689709";"Allen Press Inc.";Yes;No;0,356;Q3;29;34;131;922;185;128;1,36;27,12;64,58;1;United States;Northern America;"Allen Press Inc.";"2011-2025";"Pharmacology, Toxicology and Pharmaceutics (miscellaneous) (Q2); Neurology (clinical) (Q3); Neuropsychology and Physiological Psychology (Q3); Pharmacology (medical) (Q3)";"Medicine; Pharmacology, Toxicology and Pharmaceutics; Psychology"
884;21100330713;"Psychoanalytic Perspectives";journal;"1551806X, 21636958";"Routledge";No;No;0,355;Q3;15;33;108;606;52;102;0,40;18,36;61,54;0;United States;Northern America;"Routledge";"2003-2026";"Psychology (miscellaneous) (Q3)";"Psychology"
885;21100903407;"Psychoanalysis, Self and Context";journal;"24720038, 24720046";"Taylor and Francis Ltd.";No;No;0,354;Q3;18;69;155;918;54;90;0,32;13,30;57,69;0;United Kingdom;Western Europe;"Taylor and Francis Ltd.";"2017-2026";"Clinical Psychology (Q3); Psychiatry and Mental Health (Q3)";"Medicine; Psychology"
886;21100205738;"Journal of Humanistic Counseling";journal;"21611939, 21590311";"John Wiley and Sons Ltd";No;No;0,353;Q3;23;16;43;908;56;40;1,04;56,75;55,26;0;United Kingdom;Western Europe;"John Wiley and Sons Ltd";"2011-2026";"Developmental and Educational Psychology (Q3); Education (Q3)";"Psychology; Social Sciences"
887;19700200984;"Review of Cognitive Linguistics";journal;"18779751, 1877976X";"John Benjamins Publishing Company";No;No;0,353;Q3;31;23;64;1083;59;64;0,63;47,09;52,38;0;Netherlands;Western Europe;"John Benjamins Publishing Company";"2010-2026";"Linguistics and Language (Q1); Developmental and Educational Psychology (Q3)";"Psychology; Social Sciences"
888;30015;"Journal of Multicultural Counseling and Development";journal;"21611912, 08838534";"John Wiley and Sons Inc";No;No;0,352;Q3;54;25;63;1134;78;59;1,05;45,36;53,45;0;United States;Northern America;"John Wiley and Sons Inc";"1985-2026";"Cultural Studies (Q1); Applied Psychology (Q3)";"Psychology; Social Sciences"
889;21101152882;"Psychological Test Adaptation and Development";journal;"26981866";"Hogrefe Publishing GmbH";Yes;No;0,351;Q3;10;31;30;1568;51;28;1,54;50,58;40,34;1;Germany;Western Europe;"Hogrefe Publishing GmbH";"2020-2025";"Applied Psychology (Q3); Psychology (miscellaneous) (Q3)";"Psychology"
890;5700168544;"Adoption and Fostering";journal;"1740469X, 03085759";"SAGE Publications Ltd";No;No;0,349;Q3;37;35;101;1137;61;69;0,44;32,49;78,13;0;United Kingdom;Western Europe;"SAGE Publications Ltd";"1996-2026";"Law (Q2); Sociology and Political Science (Q2); Health (social science) (Q3); Human Factors and Ergonomics (Q3); Social Psychology (Q3)";"Psychology; Social Sciences"
891;22015;"Child Language Teaching and Therapy";journal;"02656590, 14770865";"SAGE Publications Ltd";No;No;0,349;Q3;46;15;52;716;70;51;1,44;47,73;81,82;1;United Kingdom;Western Europe;"SAGE Publications Ltd";"1985-2026";"Linguistics and Language (Q1); Clinical Psychology (Q3); Developmental and Educational Psychology (Q3); Education (Q3); Speech and Hearing (Q3)";"Health Professions; Psychology; Social Sciences"
892;21101093327;"Asian Journal of Sport and Exercise Psychology";journal;"26672391";"KeAi Communications Co.";Yes;Yes;0,348;Q3;13;30;48;1504;69;41;1,44;50,13;32,18;0;China;Asiatic Region;"KeAi Communications Co.";"2021-2025";"Social Sciences (miscellaneous) (Q2); Applied Psychology (Q3); Cognitive Neuroscience (Q4)";"Neuroscience; Psychology; Social Sciences"
893;19846;"International Journal of Sport Psychology";journal;"00470767";"Edizioni Luigi Pozzi S.r.l.";No;No;0,348;Q3;60;1;58;58;62;56;1,16;58,00;33,33;0;Italy;Western Europe;"Edizioni Luigi Pozzi S.r.l.";"1973-1974, 1996-2021, 2023, 2025";"Applied Psychology (Q3)";"Psychology"
894;21100793178;"Psicoperspectivas";journal;"07186924";"Pontificia Universidad Catolica de Valparaiso";Yes;Yes;0,347;Q3;27;34;118;1271;122;108;0,96;37,38;52,27;0;Chile;Latin America;"Pontificia Universidad Catolica de Valparaiso";"2006-2025";"Social Sciences (miscellaneous) (Q2); Psychology (miscellaneous) (Q3)";"Psychology; Social Sciences"
895;19200156803;"Psihologija";journal;"14519283, 00485705";"Serbian Psychological Society";Yes;Yes;0,347;Q3;23;24;72;1412;86;72;0,81;58,83;60,23;0;Serbia;Eastern Europe;"Serbian Psychological Society";"2007-2026";"Psychology (miscellaneous) (Q3)";"Psychology"
896;12792;"Pastoral Psychology";journal;"15736679, 00312789";"Springer New York";No;No;0,346;Q3;36;58;133;2824;119;130;1,02;48,69;44,74;0;United States;Northern America;"Springer New York";"1950-1972, 1975-2002, 2005-2026";"Religious Studies (Q1); Sociology and Political Science (Q2); Applied Psychology (Q3); Social Psychology (Q3)";"Arts and Humanities; Psychology; Social Sciences"
897;15726;"Kolner Zeitschrift fur Soziologie und Sozialpsychologie";journal;"00232653, 1861891X";"Forschungsinstitut fur Soziologie";No;No;0,341;Q3;44;18;136;1012;139;129;0,68;56,22;43,24;2;Germany;Western Europe;"Forschungsinstitut fur Soziologie";"1983, 1988-1989, 1992-1993, 1996-2026";"Sociology and Political Science (Q2); Social Psychology (Q3)";"Psychology; Social Sciences"
898;21100844910;"Learning and Teaching";journal;"17552281, 17552273";"Berghahn Journals";Yes;Yes;0,341;Q3;12;20;50;628;53;43;1,03;31,40;48,28;1;United Kingdom;Western Europe;"Berghahn Journals";"2017-2025";"Sociology and Political Science (Q2); Developmental and Educational Psychology (Q3); Education (Q3)";"Psychology; Social Sciences"
899;21100425898;"Fat Studies";journal;"2160486X, 21604851";"Taylor and Francis Ltd.";No;No;0,340;Q3;24;40;76;1356;90;69;1,19;33,90;80,65;0;United Kingdom;Western Europe;"Taylor and Francis Ltd.";"2012-2026";"Cultural Studies (Q1); Anthropology (Q2); Gender Studies (Q2); Health (social science) (Q3); Nutrition and Dietetics (Q3); Social Psychology (Q3)";"Nursing; Psychology; Social Sciences"
900;15682;"Giornale Italiano di Psicopatologia";journal;"15921107";"Pacini Editore Srl";No;No;0,340;Q3;19;0;0;0;0;0;0,00;0,00;0,00;0;Italy;Western Europe;"Pacini Editore Srl";"2001-2018";"Clinical Psychology (Q3); Psychiatry and Mental Health (Q3)";"Medicine; Psychology"
901;21100777750;"International Journal of Emotional Education";journal;"20737629";"University of Malta";Yes;Yes;0,340;Q3;21;23;38;1020;47;35;0,71;44,35;78,08;0;Malta;Western Europe;"University of Malta";"2016-2025";"Developmental and Educational Psychology (Q3); Education (Q3)";"Psychology; Social Sciences"
902;16861;"Laterality";journal;"14640678, 1357650X";"Taylor and Francis Ltd.";No;No;0,339;Q3;57;16;106;1083;139;96;1,22;67,69;32,86;0;United Kingdom;Western Europe;"Taylor and Francis Ltd.";"1996-2026";"Arts and Humanities (miscellaneous) (Q2); Medicine (miscellaneous) (Q3); Psychology (miscellaneous) (Q3)";"Arts and Humanities; Medicine; Psychology"
903;21101055930;"Open Education Studies";journal;"25447831";"Walter de Gruyter GmbH";Yes;No;0,339;Q3;13;33;68;1632;89;67;0,93;49,45;61,90;1;Poland;Eastern Europe;"Walter de Gruyter GmbH";"2019-2026";"Social Sciences (miscellaneous) (Q2); Developmental and Educational Psychology (Q3); Education (Q3)";"Psychology; Social Sciences"
904;29216;"Children's Health Care";journal;"15326888, 02739615";"Routledge";No;No;0,337;Q3;45;27;78;1307;75;78;0,98;48,41;73,38;3;United States;Northern America;"Routledge";"1980-2026";"Clinical Psychology (Q3); Developmental and Educational Psychology (Q3); Pediatrics, Perinatology and Child Health (Q3)";"Medicine; Psychology"
905;19900191409;"Partner Abuse";journal;"19466560, 19466579";"Springer Publishing Company";No;No;0,337;Q3;16;23;72;1414;64;71;0,63;61,48;68,25;0;United States;Northern America;"Springer Publishing Company";"2011, 2017-2026";"Gender Studies (Q2); Law (Q2); Clinical Psychology (Q3); Health (social science) (Q3); Pediatrics, Perinatology and Child Health (Q3); Social Psychology (Q3)";"Medicine; Psychology; Social Sciences"
906;21100442094;"Social Inclusion";journal;"21832803";"Cogitatio Press";Yes;No;0,337;Q3;42;120;369;5720;720;335;1,33;47,67;68,00;13;Portugal;Western Europe;"Cogitatio Press";"2013-2026";"Sociology and Political Science (Q2); Social Psychology (Q3)";"Psychology; Social Sciences"
907;13504;"Diagnostica";journal;"2190622X, 00121924";"Hogrefe Verlag GmbH &amp; Co. KG";No;No;0,336;Q3;63;19;59;898;43;57;0,57;47,26;56,45;1;Germany;Western Europe;"Hogrefe Verlag GmbH &amp; Co. KG";"1996-2025";"Clinical Psychology (Q3)";"Psychology"
908;21101140334;"Heart and Mind";journal;"24686476, 24686484";"Wolters Kluwer Medknow Publications";Yes;Yes;0,335;Q3;12;39;95;1525;74;79;0,85;39,10;39,55;0;India;Asiatic Region;"Wolters Kluwer Medknow Publications";"2017-2026";"Cardiology and Cardiovascular Medicine (Q3); Clinical Psychology (Q3); Neurology (clinical) (Q3); Psychiatry and Mental Health (Q3)";"Medicine; Psychology"
909;21100897522;"i-com";journal;"21966826, 1618162X";"De Gruyter Oldenbourg";Yes;No;0,335;Q3;18;19;80;769;152;70;2,07;40,47;33,96;0;Germany;Western Europe;"De Gruyter Oldenbourg";"2001-2026";"Communication (Q2); Business, Management and Accounting (miscellaneous) (Q3); Computer Networks and Communications (Q3); Human-Computer Interaction (Q3); Information Systems (Q3); Social Psychology (Q3)";"Business, Management and Accounting; Computer Science; Psychology; Social Sciences"
910;21100244818;"International Journal of Developmental Sciences";journal;"21917485, 2192001X";"SAGE Publications Ltd";No;No;0,335;Q3;29;12;33;434;26;29;0,72;36,17;58,82;0;United Kingdom;Western Europe;"SAGE Publications Ltd";"2007-2026";"Developmental and Educational Psychology (Q3); Social Psychology (Q3); Aging (Q4); Developmental Neuroscience (Q4); Life-span and Life-course Studies (Q4)";"Biochemistry, Genetics and Molecular Biology; Neuroscience; Psychology; Social Sciences"
911;21101138521;"Journal of Education Culture and Society";journal;"20811640";"Pro Scientia Publica Foundation";Yes;No;0,335;Q3;17;79;221;2723;245;220;1,37;34,47;62,62;0;Poland;Eastern Europe;"Pro Scientia Publica Foundation";"2019-2025";"History (Q1); History and Philosophy of Science (Q2); Sociology and Political Science (Q2); Education (Q3); Psychology (miscellaneous) (Q3)";"Arts and Humanities; Psychology; Social Sciences"
912;17500155123;"Journal of Imagery Research in Sport and Physical Activity";journal;"19320191";"Walter de Gruyter GmbH";No;No;0,335;Q3;17;19;14;577;16;14;0,20;30,37;42,86;0;Germany;Western Europe;"Walter de Gruyter GmbH";"2009-2025";"Applied Psychology (Q3); Physical Therapy, Sports Therapy and Rehabilitation (Q3); Sports Science (Q4)";"Health Professions; Psychology"
913;21101177511;"Journal of LGBTQ Issues in Counseling";journal;"26924951, 2692496X";"Routledge";No;No;0,335;Q3;39;26;77;1053;60;64;0,66;40,50;64,20;0;United Kingdom;Western Europe;"Routledge";"2021-2026";"Gender Studies (Q2); Applied Psychology (Q3); Clinical Psychology (Q3); Psychiatry and Mental Health (Q3)";"Medicine; Psychology; Social Sciences"
914;15914;"Zeitschrift fur Klinische Psychologie und Psychotherapie";journal;"21906297, 16163443";"Hogrefe-Verlag GmbH and Co. KG";No;No;0,335;Q3;37;18;58;699;55;55;0,53;38,83;75,00;0;Germany;Western Europe;"Hogrefe-Verlag GmbH and Co. KG";"1974-1983, 1996-1998, 2000-2026";"Clinical Psychology (Q3)";"Psychology"
915;21101162635;"Review of Behavioral Economics";journal;"23266201, 23266198";"Now Publishers Inc";No;No;0,334;Q3;7;15;48;813;31;47;0,56;54,20;16,22;0;United States;Northern America;"Now Publishers Inc";"2019-2025";"Economics, Econometrics and Finance (miscellaneous) (Q2); Social Sciences (miscellaneous) (Q2); Social Psychology (Q3)";"Economics, Econometrics and Finance; Psychology; Social Sciences"
916;21100451148;"Bordon";journal;"02105934, 23406577";"Sociedad Espanola de Pedagogia";Yes;Yes;0,333;Q3;23;33;97;1370;139;97;1,11;41,52;56,18;0;Spain;Western Europe;"Sociedad Espanola de Pedagogia";"2011-2025";"Developmental and Educational Psychology (Q3); Education (Q3)";"Psychology; Social Sciences"
917;21100215102;"Psychodynamic Psychiatry";journal;"21622590, 21622604";"Guilford Publications";No;No;0,333;Q3;35;39;136;1363;93;134;0,50;34,95;25,00;0;United States;Northern America;"Guilford Publications";"2012-2025";"Clinical Psychology (Q3); Medicine (miscellaneous) (Q3); Psychiatry and Mental Health (Q3)";"Medicine; Psychology"
918;21100980646;"Current Issues in Personality Psychology";journal;"23534192, 2353561X";"Termedia Publishing House Ltd.";Yes;Yes;0,332;Q3;15;41;97;1747;97;97;0,88;42,61;69,72;0;Poland;Eastern Europe;"Termedia Publishing House Ltd.";"2016-2025";"Social Psychology (Q3)";"Psychology"
919;21100842323;"Journal of Trust Research";journal;"2151559X, 21515581";"Routledge";No;No;0,331;Q3;30;11;26;1005;42;23;1,59;91,36;25,81;0;United States;Northern America;"Routledge";"2011-2026";"Sociology and Political Science (Q2); Applied Psychology (Q3); Business, Management and Accounting (miscellaneous) (Q3); Social Psychology (Q3)";"Business, Management and Accounting; Psychology; Social Sciences"
920;21100860435;"Journal of Motor Learning and Development";journal;"23253215, 23253193";"Human Kinetics Publishers Inc.";No;No;0,331;Q4;23;33;95;1314;99;93;0,65;39,82;41,82;1;United States;Northern America;"Human Kinetics Publishers Inc.";"2017-2026";"Biophysics (Q3); Orthopedics and Sports Medicine (Q3); Cognitive Neuroscience (Q4); Experimental and Cognitive Psychology (Q4)";"Biochemistry, Genetics and Molecular Biology; Medicine; Neuroscience; Psychology"
921;21100860733;"Trends in Psychology";journal;"23581883";"Springer Science and Business Media Deutschland GmbH";Yes;No;0,330;Q3;21;72;131;4221;149;129;1,27;58,63;48,65;2;Germany;Western Europe;"Springer Science and Business Media Deutschland GmbH";"2018-2026";"Psychology (miscellaneous) (Q3)";"Psychology"
922;21100787776;"Papers on Social Representations";journal;"18193978, 10215573";"ISCTE";Yes;No;0,329;Q3;13;8;39;451;60;39;0,47;56,38;63,64;0;United Kingdom;Western Europe;"ISCTE";"2016-2025";"Social Psychology (Q3)";"Psychology"
923;15909;"Zeitschrift fur Arbeits- und Organisationspsychologie";journal;"09324089, 21906270";"Hogrefe Publishing";No;No;0,329;Q3;22;15;61;780;72;56;1,00;52,00;55,26;1;Germany;Western Europe;"Hogrefe Publishing";"2002-2025";"Applied Psychology (Q3); Organizational Behavior and Human Resource Management (Q3)";"Business, Management and Accounting; Psychology"
924;21101030478;"Journal of Psychosocial Rehabilitation and Mental Health";journal;"2198963X, 21989834";"Springer";No;No;0,328;Q3;17;52;130;1722;112;100;0,95;33,12;55,19;3;India;Asiatic Region;"Springer";"2014-2026";"Clinical Psychology (Q3); Psychiatry and Mental Health (Q3); Rehabilitation (Q3)";"Medicine; Psychology"
925;21100860383;"Cultural-Historical Psychology";journal;"22248935, 18165435";"Moscow State University of Psychology and Education";Yes;Yes;0,327;Q3;15;50;147;1382;145;146;0,67;27,64;63,44;0;Russian Federation;Eastern Europe;"Moscow State University of Psychology and Education";"2018-2025";"Cultural Studies (Q1); Applied Psychology (Q3); Developmental and Educational Psychology (Q3); Psychology (miscellaneous) (Q3); Social Psychology (Q3)";"Psychology; Social Sciences"
926;21100793123;"Journal of College Reading and Learning";journal;"10790195, 23327413";"Taylor and Francis Ltd.";No;No;0,327;Q3;25;20;61;722;36;49;0,56;36,10;58,97;0;United Kingdom;Western Europe;"Taylor and Francis Ltd.";"1983-2013, 2015-2026";"Linguistics and Language (Q1); Developmental and Educational Psychology (Q3); Education (Q3)";"Psychology; Social Sciences"
927;12400154709;"Terapia Psicologica";journal;"07166184, 07184808";"Sociedad Chilena de Psicologia Clinica";Yes;Yes;0,327;Q3;33;18;69;1061;97;69;1,04;58,94;54,55;0;Chile;Latin America;"Sociedad Chilena de Psicologia Clinica";"2008-2025";"Clinical Psychology (Q3); Psychiatry and Mental Health (Q3)";"Medicine; Psychology"
928;17900156713;"International Journal of Applied Psychoanalytic Studies";journal;"17423341, 15569187";"Wiley-Blackwell";No;No;0,326;Q3;20;50;110;2099;86;87;0,61;41,98;64,63;0;United States;Northern America;"Wiley-Blackwell";"2009-2026";"Psychology (miscellaneous) (Q3)";"Psychology"
929;21100396385;"Journal of Evidence-Based Psychotherapies";journal;"23600853";"Cluj University Press";No;No;0,326;Q3;24;17;52;830;58;52;0,94;48,82;48,15;0;Romania;Eastern Europe;"Cluj University Press";"2014-2025";"Clinical Psychology (Q3); Experimental and Cognitive Psychology (Q4)";"Psychology"
930;21100396438;"Psicologia Sociale";journal;"26122006, 18272517";"Societa Editrice Il Mulino";No;No;0,325;Q3;15;17;62;1307;55;61;0,71;76,88;71,11;0;Italy;Western Europe;"Societa Editrice Il Mulino";"2006-2025";"Social Psychology (Q3)";"Psychology"
931;1000147119;"Zeitschrift fur Germanistische Linguistik";journal;"16130626, 03013294";"Walter de Gruyter GmbH";No;No;0,325;Q3;19;26;66;983;41;66;0,48;37,81;54,29;0;Germany;Western Europe;"Walter de Gruyter GmbH";"1973-2025";"Linguistics and Language (Q1); Developmental and Educational Psychology (Q3)";"Psychology; Social Sciences"
932;13421;"Psychoanalytic Psychotherapy";journal;"02668734, 14749734";"Routledge";No;No;0,324;Q3;23;25;72;1254;65;60;0,78;50,16;30,95;0;United Kingdom;Western Europe;"Routledge";"1985-1987, 1989-2026";"Clinical Psychology (Q3); Psychiatry and Mental Health (Q3)";"Medicine; Psychology"
933;18336;"Counseling and Values";journal;"01607960, 2161007X";"Brill Academic Publishers";No;No;0,323;Q3;41;6;36;304;38;35;1,05;50,67;68,75;0;United States;Northern America;"Brill Academic Publishers";"1973-2025";"Religious Studies (Q1); Clinical Psychology (Q3); Social Psychology (Q3)";"Arts and Humanities; Psychology"
934;21101077110;"Cognitive Computation and Systems";journal;"25177567";"John Wiley and Sons Inc";Yes;No;0,322;Q4;17;24;90;912;136;88;1,42;38,00;25,76;0;United Kingdom;Western Europe;"John Wiley and Sons Inc";"2019-2025";"Artificial Intelligence (Q3); Computer Science Applications (Q3); Computer Vision and Pattern Recognition (Q3); Cognitive Neuroscience (Q4); Experimental and Cognitive Psychology (Q4)";"Computer Science; Neuroscience; Psychology"
935;21100898825;"Aloma";journal;"23399694, 11383194";"Facultat de Psicologia, Ciencies de l'Educacio i de l'Esport Blanquerna";Yes;No;0,321;Q3;12;20;51;902;78;50;1,07;45,10;38,60;0;Spain;Western Europe;"Facultat de Psicologia, Ciencies de l'Educacio i de l'Esport Blanquerna";"2018-2025";"Computer Networks and Communications (Q3); Education (Q3); Physical Therapy, Sports Therapy and Rehabilitation (Q3); Psychology (miscellaneous) (Q3)";"Computer Science; Health Professions; Psychology; Social Sciences"
936;14564;"American Annals of the Deaf";journal;"15430375, 0002726X";"Gallaudet University Press";No;No;0,321;Q3;52;38;121;1767;90;95;0,53;46,50;65,15;0;United States;Northern America;"Gallaudet University Press";"1946-1951, 1961, 1965-2025";"Developmental and Educational Psychology (Q3); Education (Q3); Speech and Hearing (Q3)";"Health Professions; Psychology; Social Sciences"
937;14173;"Forum der Psychoanalyse";journal;"14370751, 01787667";"Springer Verlag";No;No;0,321;Q3;13;34;114;710;29;92;0,22;20,88;43,33;0;Germany;Western Europe;"Springer Verlag";"1987-2026";"Clinical Psychology (Q3); Psychiatry and Mental Health (Q3)";"Medicine; Psychology"
938;4700152737;"Journal of Applied School Psychology";journal;"15377903, 15377911";"Routledge";No;No;0,321;Q3;40;19;55;993;61;54;1,03;52,26;70,97;1;United States;Northern America;"Routledge";"2002-2026";"Applied Psychology (Q3); Developmental and Educational Psychology (Q3); Education (Q3); Psychiatry and Mental Health (Q3)";"Medicine; Psychology; Social Sciences"
939;21100996943;"Psychological Science and Education";journal;"18142052, 23117273";"Moscow State University of Psychology and Education";Yes;Yes;0,320;Q3;17;67;177;1682;186;172;1,02;25,10;76,00;0;Russian Federation;Eastern Europe;"Moscow State University of Psychology and Education";"1999, 2004-2025";"Developmental and Educational Psychology (Q3); Education (Q3); Psychology (miscellaneous) (Q3); Social Psychology (Q3)";"Psychology; Social Sciences"
940;21100854898;"NeuroRegulation";journal;"23730587";"International Society for Neurofeedback and Research";Yes;Yes;0,318;Q3;15;21;52;966;76;51;1,97;46,00;56,25;0;United States;Northern America;"International Society for Neurofeedback and Research";"2014-2025";"Applied Psychology (Q3); Neurology (clinical) (Q3); Neuropsychology and Physiological Psychology (Q3); Physiology (medical) (Q3); Psychiatry and Mental Health (Q3); Behavioral Neuroscience (Q4); Biological Psychiatry (Q4); Experimental and Cognitive Psychology (Q4)";"Medicine; Neuroscience; Psychology"
941;5300152723;"Journal of Psychology in Africa";journal;"14330237, 18155626";"Taylor and Francis Ltd.";No;No;0,317;Q3;33;84;277;3951;303;276;0,90;47,04;45,21;0;United Kingdom;Western Europe;"Taylor and Francis Ltd.";"2006-2013, 2015-2025";"Psychology (miscellaneous) (Q3)";"Psychology"
942;19500157216;"Journal of Addictions and Offender Counseling";journal;"10553835, 21611874";"Wiley-Blackwell";No;No;0,316;Q3;20;10;27;593;35;26;0,89;59,30;60,71;0;United States;Northern America;"Wiley-Blackwell";"1990-2026";"Law (Q2); Clinical Psychology (Q3); Social Psychology (Q3)";"Psychology; Social Sciences"
943;21100330721;"Person-Centered and Experiential Psychotherapies";journal;"17529182, 14779757";"Routledge";No;No;0,316;Q3;23;26;69;1071;56;64;0,71;41,19;68,75;0;United States;Northern America;"Routledge";"2002-2026";"Clinical Psychology (Q3); Developmental and Educational Psychology (Q3); Psychiatry and Mental Health (Q3)";"Medicine; Psychology"
944;19987;"Zeitschrift fur Psychosomatische Medizin und Psychotherapie";journal;"14383608";"Vandenhoeck and Ruprecht GmbH and Co. KG";No;No;0,313;Q3;32;27;93;595;68;81;0,56;22,04;55,81;0;Germany;Western Europe;"Vandenhoeck and Ruprecht GmbH and Co. KG";"1996-2026";"Applied Psychology (Q3); Clinical Psychology (Q3); Medicine (miscellaneous) (Q3); Psychiatry and Mental Health (Q3)";"Medicine; Psychology"
945;21100900143;"Journal of Social Ontology";journal;"21969663";"University of Vienna";Yes;Yes;0,312;Q3;16;5;43;196;55;43;1,36;39,20;20,00;0;Austria;Western Europe;"University of Vienna";"2015-2025";"Philosophy (Q1); Anthropology (Q2); Communication (Q2); Economics, Econometrics and Finance (miscellaneous) (Q2); Linguistics and Language (Q2); Social Psychology (Q3)";"Arts and Humanities; Economics, Econometrics and Finance; Psychology; Social Sciences"
946;21100201309;"International Journal of Dream Research";journal;"18667953";"Universitaet Heidelberg";Yes;No;0,311;Q3;23;20;121;830;84;121;0,64;41,50;40,48;0;Germany;Western Europe;"Universitaet Heidelberg";"2011-2025";"Psychology (miscellaneous) (Q3)";"Psychology"
947;21101141440;"Psychotherapie";journal;"27317161, 2731717X";"Springer Medizin";No;No;0,311;Q3;26;62;205;1894;161;182;0,84;30,55;65,73;0;Germany;Western Europe;"Springer Medizin";"2022-2026";"Clinical Psychology (Q3)";"Psychology"
948;25057;"Mathematical Social Sciences";journal;"01654896";"Elsevier B.V.";No;No;0,309;Q3;46;54;190;1750;129;189;0,59;32,41;13,33;1;Netherlands;Western Europe;"Elsevier B.V.";"1980-2026";"Social Sciences (miscellaneous) (Q2); Sociology and Political Science (Q2); Psychology (miscellaneous) (Q3); Statistics, Probability and Uncertainty (Q3)";"Decision Sciences; Psychology; Social Sciences"
949;21100775661;"Physical Culture and Sport, Studies and Research";journal;"20812221, 18994849";"De Gruyter Open Ltd";Yes;No;0,309;Q3;16;32;81;2102;108;81;1,09;65,69;33,71;0;Poland;Eastern Europe;"De Gruyter Open Ltd";"2016-2026";"Cultural Studies (Q1); Applied Psychology (Q3); Education (Q3); Tourism, Leisure and Hospitality Management (Q3)";"Business, Management and Accounting; Psychology; Social Sciences"
950;18300156711;"Advances in Cognitive Psychology";journal;"18951171";"VIZJA University";Yes;No;0,306;Q3;40;38;90;2527;96;87;0,84;66,50;53,98;0;Poland;Eastern Europe;"VIZJA University";"2007-2025";"Applied Psychology (Q3); Clinical Psychology (Q3); Psychiatry and Mental Health (Q3); Psychology (miscellaneous) (Q3); Experimental and Cognitive Psychology (Q4); Neuroscience (miscellaneous) (Q4)";"Medicine; Neuroscience; Psychology"
951;19700166619;"Journal of Neuroscience, Psychology, and Economics";journal;"1937321X, 2151318X";"American Psychological Association";No;No;0,306;Q3;33;15;46;1003;62;46;1,69;66,87;34,78;0;United States;Northern America;"American Psychological Association";"2008-2025";"Economics, Econometrics and Finance (miscellaneous) (Q2); Applied Psychology (Q3); Business, Management and Accounting (miscellaneous) (Q3); Neuropsychology and Physiological Psychology (Q3); Behavioral Neuroscience (Q4); Cognitive Neuroscience (Q4); Experimental and Cognitive Psychology (Q4)";"Business, Management and Accounting; Economics, Econometrics and Finance; Neuroscience; Psychology"
952;19900192340;"Cuadernos de Psicologia del Deporte";journal;"15788423, 19895879";"Universidad de Murcia Servicio de Publicaciones";Yes;No;0,304;Q3;29;62;171;3334;244;171;1,36;53,77;32,87;3;Spain;Western Europe;"Universidad de Murcia Servicio de Publicaciones";"2011-2025";"Applied Psychology (Q3)";"Psychology"
953;5800207390;"Clinical Supervisor";journal;"07325223, 1545231X";"Routledge";No;No;0,303;Q3;37;20;47;1028;81;43;1,83;51,40;64,58;0;United States;Northern America;"Routledge";"1983-2026";"Clinical Psychology (Q3); Education (Q3); Psychiatry and Mental Health (Q3)";"Medicine; Psychology; Social Sciences"
954;21100896938;"Revista Fuentes";journal;"21727775";"Facultad de Ciencias de la Educacion";Yes;Yes;0,302;Q3;10;30;80;1515;80;80;1,05;50,50;45,57;1;Spain;Western Europe;"Facultad de Ciencias de la Educacion";"2018-2025";"Sociology and Political Science (Q2); Developmental and Educational Psychology (Q3); Education (Q3)";"Psychology; Social Sciences"
955;13415;"Contemporary Psychoanalysis";journal;"00107530, 23309091";"Taylor and Francis Ltd.";No;No;0,301;Q3;37;26;95;581;48;82;0,39;22,35;86,36;0;United Kingdom;Western Europe;"Taylor and Francis Ltd.";"1964-2024";"Clinical Psychology (Q3); Psychiatry and Mental Health (Q3)";"Medicine; Psychology"
956;21101030143;"Psychology Hub";journal;"2723973X, 27242943";"Sapienza Universita Editrice";No;No;0,301;Q3;12;27;66;1398;54;61;0,93;51,78;63,33;0;Italy;Western Europe;"Sapienza Universita Editrice";"2020-2025";"Psychiatry and Mental Health (Q3); Psychology (miscellaneous) (Q3); Behavioral Neuroscience (Q4)";"Medicine; Neuroscience; Psychology"
957;21101037151;"Human Arenas";journal;"25225804";"Springer Science and Business Media Deutschland GmbH";No;No;0,300;Q3;18;66;135;3581;156;131;1,42;54,26;62,77;5;Netherlands;Western Europe;"Springer Science and Business Media Deutschland GmbH";"2018-2026";"Arts and Humanities (miscellaneous) (Q2); Social Sciences (miscellaneous) (Q2); Psychology (miscellaneous) (Q3)";"Arts and Humanities; Psychology; Social Sciences"
958;19700188266;"Humanistic Psychologist";journal;"15473333, 08873267";"American Psychological Association";No;No;0,300;Q3;35;32;144;1574;127;139;0,75;49,19;44,83;0;United States;Northern America;"American Psychological Association";"1985-2025";"Applied Psychology (Q3); Social Psychology (Q3)";"Psychology"
959;21100903472;"Iranian Journal of Psychiatry and Clinical Psychology";journal;"22287515, 17354315";"Iran University of Medical Sciences";No;No;0,300;Q3;12;34;107;1278;108;100;0,72;37,59;48,18;0;Iran;Middle East;"Iran University of Medical Sciences";"2018-2025";"Clinical Psychology (Q3); Psychiatry and Mental Health (Q3)";"Medicine; Psychology"
960;16800154752;"Journal of Cognition and Culture";journal;"15677095, 15685373";"Brill Academic Publishers";No;No;0,300;Q3;52;24;67;1520;61;67;0,69;63,33;35,09;0;Netherlands;Western Europe;"Brill Academic Publishers";"2001-2025";"Cultural Studies (Q1); Arts and Humanities (miscellaneous) (Q2); Social Psychology (Q3); Experimental and Cognitive Psychology (Q4)";"Arts and Humanities; Psychology; Social Sciences"
961;20600195510;"Journal of Aggression, Conflict and Peace Research";journal;"20428715, 17596599";"Emerald Group Publishing Ltd.";No;No;0,299;Q3;26;32;67;1391;64;63;0,79;43,47;60,00;0;United Kingdom;Western Europe;"Emerald Group Publishing Ltd.";"2009-2026";"Law (Q2); Sociology and Political Science (Q2); Health (social science) (Q3); Social Psychology (Q3)";"Psychology; Social Sciences"
962;18135;"PPmP Psychotherapie Psychosomatik Medizinische Psychologie";journal;"14391058, 09372032";"Georg Thieme Verlag";Yes;No;0,299;Q3;50;76;289;1244;152;195;0,52;16,37;58,62;3;Germany;Western Europe;"Georg Thieme Verlag";"1980-2026";"Applied Psychology (Q3); Clinical Psychology (Q3); Psychiatry and Mental Health (Q3)";"Medicine; Psychology"
963;19332;"Salud Mental";journal;"01853325";"Instituto Nacional de Psiquiatria Ramon de la Fuente";Yes;No;0,299;Q3;33;41;120;1508;103;108;0,72;36,78;55,08;0;Mexico;Latin America;"Instituto Nacional de Psiquiatria Ramon de la Fuente";"1995-2025";"Clinical Psychology (Q3); Psychiatry and Mental Health (Q3)";"Medicine; Psychology"
964;19700188499;"Suma Psicologica";journal;"21459797, 01214381";"Konrad Lorenz Editores";Yes;Yes;0,299;Q3;20;16;48;843;61;48;1,19;52,69;28,30;0;Colombia;Latin America;"Konrad Lorenz Editores";"2010-2025";"Psychology (miscellaneous) (Q3)";"Psychology"
965;21100924303;"Indo-European Linguistics";journal;"22125892, 22125884";"Brill Academic Publishers";Yes;Yes;0,299;Q4;9;7;24;644;20;23;0,71;92,00;14,29;0;Netherlands;Western Europe;"Brill Academic Publishers";"2015-2025";"Cultural Studies (Q1); History (Q1); Communication (Q2); Linguistics and Language (Q2); Experimental and Cognitive Psychology (Q4)";"Arts and Humanities; Psychology; Social Sciences"
966;21100834525;"Gruppe. Interaktion. Organisation. Zeitschrift fur Angewandte Organisationspsychologie";journal;"23666145, 23666218";"Springer Fachmedien Wiesbaden GmbH";No;No;0,298;Q3;20;51;153;2405;169;135;0,87;47,16;46,08;2;Germany;Western Europe;"Springer Fachmedien Wiesbaden GmbH";"2016-2026";"Applied Psychology (Q3); Developmental and Educational Psychology (Q3); Education (Q3); Organizational Behavior and Human Resource Management (Q3); Social Psychology (Q3)";"Business, Management and Accounting; Psychology; Social Sciences"
967;21100870589;"International Journal of Play";journal;"21594953";"Taylor and Francis Ltd.";No;No;0,298;Q3;26;71;108;1329;102;85;0,66;18,72;65,69;3;United Kingdom;Western Europe;"Taylor and Francis Ltd.";"2012-2026";"Cultural Studies (Q1); Anthropology (Q2); Developmental and Educational Psychology (Q3); Education (Q3)";"Psychology; Social Sciences"
968;13359;"Behavioral Psychology/ Psicologia Conductual (discontinued)";journal;"11329483";"Fundacion VECA";No;No;0,296;Q3;33;32;111;1752;103;110;0,82;54,75;56,78;0;Spain;Western Europe;"Fundacion VECA";"1996-2024";"Clinical Psychology (Q3); Experimental and Cognitive Psychology (Q4)";"Psychology"
969;4700152822;"Journal of Creativity in Mental Health";journal;"15401391, 15401383";"Routledge";No;No;0,296;Q3;30;44;127;1928;128;117;1,05;43,82;70,48;1;United States;Northern America;"Routledge";"2006-2026";"Clinical Psychology (Q3); Psychiatry and Mental Health (Q3)";"Medicine; Psychology"
970;19900192514;"Dynamics of Asymmetric Conflict: Pathways toward Terrorism and Genocide";journal;"17467594, 17467586";"Routledge";No;No;0,295;Q3;21;14;51;1030;51;42;0,97;73,57;26,09;2;United Kingdom;Western Europe;"Routledge";"2010-2025";"Cultural Studies (Q1); Law (Q2); Political Science and International Relations (Q2); Sociology and Political Science (Q2); Social Psychology (Q3)";"Psychology; Social Sciences"
971;19700200986;"International Review of Pragmatics";journal;"18773109, 18773095";"Brill Academic Publishers";No;No;0,295;Q3;16;13;38;453;41;37;0,67;34,85;64,29;0;Netherlands;Western Europe;"Brill Academic Publishers";"2009, 2013-2026";"Communication (Q2); Linguistics and Language (Q2); Psychology (miscellaneous) (Q3)";"Psychology; Social Sciences"
972;21100790313;"Interpersona";journal;"19816472";"Study Group on Assessment, Therapy and Emotions";Yes;Yes;0,295;Q3;13;16;48;730;35;46;0,79;45,63;64,71;0;Germany;Western Europe;"Study Group on Assessment, Therapy and Emotions";"2016-2025";"Cultural Studies (Q1); Anthropology (Q2); Gender Studies (Q2); Developmental and Educational Psychology (Q3); Social Psychology (Q3)";"Psychology; Social Sciences"
973;4700152636;"Mind and Society";journal;"15937879, 18601839";"Springer Science and Business Media Deutschland GmbH";No;No;0,295;Q3;25;8;65;433;82;59;1,64;54,13;36,36;0;Germany;Western Europe;"Springer Science and Business Media Deutschland GmbH";"2005-2025";"Cultural Studies (Q1); History (Q1); Philosophy (Q1); Economics, Econometrics and Finance (miscellaneous) (Q2); Social Sciences (miscellaneous) (Q2); Sociology and Political Science (Q2); Social Psychology (Q3); Experimental and Cognitive Psychology (Q4)";"Arts and Humanities; Economics, Econometrics and Finance; Psychology; Social Sciences"
974;15374;"Journal of Analytical Psychology";journal;"14685922, 00218774";"Wiley-Blackwell Publishing Ltd";No;No;0,294;Q3;33;61;244;1233;139;201;0,46;20,21;52,73;0;United Kingdom;Western Europe;"Wiley-Blackwell Publishing Ltd";"1955-2026";"Clinical Psychology (Q3)";"Psychology"
975;21101023175;"Journal of Water and Environmental Nanotechnology";journal;"24766615, 24767204";"Iranian Environmental Mutagen Society";Yes;Yes;0,293;Q3;16;32;96;1606;170;96;1,80;50,19;30,21;0;Iran;Middle East;"Iranian Environmental Mutagen Society";"2019-2025";"Materials Science (miscellaneous) (Q3); Social Psychology (Q3); Water Science and Technology (Q3); Experimental and Cognitive Psychology (Q4)";"Environmental Science; Materials Science; Psychology"
976;100147339;"British Journal of Special Education";journal;"14678578, 09523383";"Wiley-Blackwell Publishing Ltd";No;No;0,288;Q3;48;37;97;1222;77;71;0,62;33,03;63,08;4;United Kingdom;Western Europe;"Wiley-Blackwell Publishing Ltd";"1974-2026";"Developmental and Educational Psychology (Q3); Education (Q3)";"Psychology; Social Sciences"
977;17700156741;"International Journal of Play Therapy";journal;"15556824, 19390629";"American Psychological Association";No;No;0,288;Q3;35;14;62;678;60;62;0,79;48,43;73,17;1;United States;Northern America;"American Psychological Association";"1992-2025";"Clinical Psychology (Q3); Complementary and Manual Therapy (Q3)";"Health Professions; Psychology"
978;35102;"Psikhologicheskii Zhurnal";journal;"02059592";"Russian Academy of Sciences";No;No;0,288;Q3;18;72;210;1872;136;208;0,65;26,00;57,14;0;Russian Federation;Eastern Europe;"Russian Academy of Sciences";"1984, 1996-2025";"Psychology (miscellaneous) (Q3)";"Psychology"
979;22931;"Russian Linguistics";journal;"15728714, 03043487";"Springer Netherlands";No;No;0,288;Q4;18;14;49;651;36;46;0,97;46,50;65,38;0;Netherlands;Western Europe;"Springer Netherlands";"1974-1976, 1978-2003, 2005-2026";"Linguistics and Language (Q2); Developmental and Educational Psychology (Q4)";"Psychology; Social Sciences"
980;21100905833;"Beyond Behavior";journal;"21635323, 10742956";"SAGE Publications Inc.";No;No;0,285;Q3;17;20;59;696;36;50;0,51;34,80;70,83;1;United States;Northern America;"SAGE Publications Inc.";"2012-2026";"Clinical Psychology (Q3); Education (Q3); Developmental and Educational Psychology (Q4)";"Psychology; Social Sciences"
981;21100896926;"Creativity";journal;"23540036";"Sciendo";Yes;No;0,284;Q3;12;8;60;357;58;60;1,19;44,63;47,06;0;Poland;Eastern Europe;"Sciendo";"2018-2026";"Visual Arts and Performing Arts (Q1); Arts and Humanities (miscellaneous) (Q2); Education (Q3); Social Psychology (Q3); Statistics, Probability and Uncertainty (Q3)";"Arts and Humanities; Decision Sciences; Psychology; Social Sciences"
982;7200153135;"Forensische Psychiatrie, Psychologie, Kriminologie";journal;"18627072, 18627080";"";No;No;0,283;Q3;18;46;138;1669;90;106;0,57;36,28;52,04;1;Germany;Western Europe;"";"2007-2026";"Law (Q2); Applied Psychology (Q3); Psychiatry and Mental Health (Q3)";"Medicine; Psychology; Social Sciences"
983;5000153107;"Central Nervous System Agents in Medicinal Chemistry";journal;"18715249, 18756166";"Bentham Science Publishers";No;No;0,283;Q4;43;22;60;1112;87;57;1,48;50,55;50,00;0;United Arab Emirates;Middle East;"Bentham Science Publishers";"2006-2026";"Molecular Medicine (Q4); Neuropsychology and Physiological Psychology (Q4); Neuroscience (miscellaneous) (Q4)";"Biochemistry, Genetics and Molecular Biology; Neuroscience; Psychology"
984;21100902869;"South African Journal of Childhood Education";journal;"22237674, 22237682";"AOSIS (Pty) Ltd";Yes;No;0,283;Q4;14;33;131;1701;163;127;0,80;51,55;68,35;3;South Africa;Africa;"AOSIS (Pty) Ltd";"2019-2026";"Education (Q3); Developmental and Educational Psychology (Q4)";"Psychology; Social Sciences"
985;14368;"British Journal of Psychotherapy";journal;"17520118, 02659883";"John Wiley and Sons Inc";No;No;0,282;Q3;25;50;137;1740;62;116;0,46;34,80;55,84;0;United States;Northern America;"John Wiley and Sons Inc";"1984-2026";"Clinical Psychology (Q3); Psychiatry and Mental Health (Q3)";"Medicine; Psychology"
986;21100896854;"Eurasian Journal of Applied Linguistics (discontinued)";journal;"21491135";"Hacettepe University";Yes;No;0,282;Q4;17;66;135;2793;152;135;0,89;42,32;64,47;0;Turkey;Middle East;"Hacettepe University";"2018-2025";"Linguistics and Language (Q2); Education (Q3); Social Psychology (Q4)";"Psychology; Social Sciences"
987;21100228035;"Psychology in Russia: State of the Art";journal;"20746857";"Russian Psychological Society";Yes;Yes;0,280;Q3;19;35;131;1769;164;131;1,20;50,54;73,63;0;Russian Federation;Eastern Europe;"Russian Psychological Society";"2012-2025";"Education (Q3); Psychology (miscellaneous) (Q3)";"Psychology; Social Sciences"
988;21100886411;"International Journal of Education and Practice";journal;"23116897, 23103868";"Conscientia Beam";No;No;0,280;Q4;17;60;143;2582;208;143;1,38;43,03;42,86;0;United States;Northern America;"Conscientia Beam";"2017-2026";"Education (Q3); Developmental and Educational Psychology (Q4)";"Psychology; Social Sciences"
989;29521;"Annales Medico-Psychologiques";journal;"00034487, 17696631";"Elsevier Masson s.r.l.";No;No;0,279;Q3;28;148;485;4505;270;463;0,54;30,44;56,20;5;France;Western Europe;"Elsevier Masson s.r.l.";"1946-1947, 1949-2026";"Arts and Humanities (miscellaneous) (Q2); Applied Psychology (Q3); Psychiatry and Mental Health (Q3)";"Arts and Humanities; Medicine; Psychology"
990;21100228948;"TPM - Testing, Psychometrics, Methodology in Applied Psychology (discontinued)";journal;"19726325";"Cises srl";No;No;0,278;Q3;36;29;95;1421;66;92;0,56;49,00;64,49;0;Italy;Western Europe;"Cises srl";"2005, 2007-2025";"Applied Psychology (Q3); Psychology (miscellaneous) (Q3); Social Psychology (Q4)";"Psychology"
991;19985;"Zeitschrift fur Kinder- und Jugendpsychiatrie und Psychotherapie";journal;"16642880, 14224917";"Hogrefe Publishing";No;No;0,278;Q3;30;61;198;1589;127;170;0,66;26,05;42,86;5;Switzerland;Western Europe;"Hogrefe Publishing";"1996-2026";"Clinical Psychology (Q3); Medicine (miscellaneous) (Q3); Pediatrics, Perinatology and Child Health (Q3); Psychiatry and Mental Health (Q3)";"Medicine; Psychology"
992;145109;"Australian and New Zealand Journal of Family Therapy";journal;"14678438, 0814723X";"John Wiley and Sons Inc";No;No;0,277;Q3;30;42;98;1474;85;87;0,64;35,10;63,92;1;United Kingdom;Western Europe;"John Wiley and Sons Inc";"1979-1995, 2001-2003, 2005-2026";"Sociology and Political Science (Q2); Psychology (miscellaneous) (Q3)";"Psychology; Social Sciences"
993;14891;"International Journal of Group Psychotherapy";journal;"00207284, 19432836";"Taylor and Francis Ltd.";No;No;0,277;Q3;33;19;66;578;62;56;0,97;30,42;58,06;1;United Kingdom;Western Europe;"Taylor and Francis Ltd.";"1957, 1959, 1961-2026";"Clinical Psychology (Q3)";"Psychology"
994;17462;"Neuropsychoanalysis";journal;"15294145, 20443978";"Taylor and Francis Ltd.";No;No;0,276;Q4;32;19;59;963;35;24;0,41;50,68;42,31;0;United Kingdom;Western Europe;"Taylor and Francis Ltd.";"1999-2025";"Neuropsychology and Physiological Psychology (Q4); Neuroscience (miscellaneous) (Q4)";"Neuroscience; Psychology"
995;10600153356;"Acta Colombiana de Psicologia";journal;"19099711, 01239155";"Universidad Catolica de Colombia";Yes;Yes;0,275;Q3;19;30;90;1803;85;82;0,68;60,10;51,28;0;Colombia;Latin America;"Universidad Catolica de Colombia";"2007-2025";"Psychiatry and Mental Health (Q3); Psychology (miscellaneous) (Q3)";"Medicine; Psychology"
996;13423;"Psychoanalytic Review";journal;"19433301, 00332836";"Guilford Publications";No;No;0,275;Q3;24;22;80;790;22;73;0,27;35,91;30,00;0;United States;Northern America;"Guilford Publications";"1945-1957, 1963-2025";"Clinical Psychology (Q3)";"Psychology"
997;5600154732;"Journal for Specialists in Group Work";journal;"01933922, 15496295";"Routledge";No;No;0,274;Q4;35;26;67;1105;106;53;1,51;42,50;67,74;0;United Kingdom;Western Europe;"Routledge";"1981-2025";"Developmental and Educational Psychology (Q4); Social Psychology (Q4)";"Psychology"
998;21100870922;"Journal of Behavioral Science";journal;"19064675";"Srinakharinwirot University-Behavioral Science Research Institute";No;No;0,272;Q3;13;25;69;1733;105;69;1,26;69,32;47,06;0;Thailand;Asiatic Region;"Srinakharinwirot University-Behavioral Science Research Institute";"2018-2025";"Applied Psychology (Q3); Social Psychology (Q4)";"Psychology"
999;21100400185;"Girlhood Studies";journal;"19388209, 19388322";"Berghahn Journals";No;No;0,272;Q4;16;30;89;838;70;81;0,39;27,93;84,62;0;United Kingdom;Western Europe;"Berghahn Journals";"2014-2025";"Gender Studies (Q2); Sociology and Political Science (Q2); Education (Q3); Developmental and Educational Psychology (Q4); Life-span and Life-course Studies (Q4); Social Psychology (Q4)";"Psychology; Social Sciences"
1000;21100244625;"Revista Espanola de Orientacion y Psicopedagogia";journal;"11397853, 19897448";"Universidad Nacional de Educacion a Distancia (UNED)";Yes;Yes;0,271;Q3;20;28;81;1172;75;73;0,84;41,86;63,08;3;Spain;Western Europe;"Universidad Nacional de Educacion a Distancia (UNED)";"2010-2025";"Applied Psychology (Q3); Education (Q3)";"Psychology; Social Sciences"
1001;17600155139;"Adultspan Journal";journal;"21610029, 15246817";"American Counseling Association";No;No;0,271;Q4;16;6;25;262;23;22;0,71;43,67;72,73;0;United States;Northern America;"American Counseling Association";"1999, 2009-2025";"Developmental and Educational Psychology (Q4)";"Psychology"
1002;29474;"American Journal of Psychology";journal;"19398298, 00029556";"University of Illinois Press";No;No;0,271;Q4;55;30;100;1293;80;97;0,64;43,10;45,76;0;United States;Northern America;"University of Illinois Press";"1945-2025";"Arts and Humanities (miscellaneous) (Q2); Developmental and Educational Psychology (Q4); Experimental and Cognitive Psychology (Q4)";"Arts and Humanities; Psychology"
1003;5800207425;"Journal of Poetry Therapy";journal;"08893675, 15672344";"Taylor and Francis Ltd.";No;No;0,270;Q3;20;27;72;923;55;62;0,88;34,19;55,26;0;United Kingdom;Western Europe;"Taylor and Francis Ltd.";"1990-1993, 1996, 1999-2000, 2003-2026";"Clinical Psychology (Q3); Rehabilitation (Q3)";"Medicine; Psychology"
1004;21100901172;"Military Behavioral Health";journal;"21635781, 21635803";"Taylor and Francis Ltd.";No;No;0,270;Q3;20;31;131;1484;111;130;0,68;47,87;65,32;0;United Kingdom;Western Europe;"Taylor and Francis Ltd.";"2015-2024";"Social Sciences (miscellaneous) (Q2); Psychology (miscellaneous) (Q3)";"Psychology; Social Sciences"
1005;21100217604;"Siglo Cero";journal;"02101696, 25300350";"University of Salamanca";Yes;Yes;0,269;Q3;15;25;89;933;79;89;0,86;37,32;71,19;15;Spain;Western Europe;"University of Salamanca";"2012, 2015-2025";"Education (Q3); Psychology (miscellaneous) (Q3); Psychiatry and Mental Health (Q4); Social Psychology (Q4); Social Work (Q4)";"Medicine; Psychology; Social Sciences"
1006;19600157748;"Ansiedad y Estres";journal;"21740437, 11347937";"Spanish Society for the Study of Anxiety and Stress (SEAS)";No;No;0,268;Q3;20;22;73;1100;69;73;0,60;50,00;45,45;0;Spain;Western Europe;"Spanish Society for the Study of Anxiety and Stress (SEAS)";"2009-2025";"Applied Psychology (Q3); Psychiatry and Mental Health (Q4); Social Psychology (Q4)";"Medicine; Psychology"
1007;21101126440;"Drugs, Habits and Social Policy";journal;"27526739, 27526747";"Emerald Publishing";No;No;0,268;Q3;25;33;81;1539;79;75;0,50;46,64;46,07;0;United Kingdom;Western Europe;"Emerald Publishing";"2022-2025";"Clinical Psychology (Q3); Health Policy (Q3); Health (social science) (Q3); Public Health, Environmental and Occupational Health (Q3); Psychiatry and Mental Health (Q4)";"Medicine; Psychology; Social Sciences"
1008;23703;"Journal of Feminist Family Therapy";journal;"15404099, 08952833";"Routledge";No;No;0,268;Q3;25;13;63;389;46;57;0,62;29,92;67,86;0;United States;Northern America;"Routledge";"1989-2026";"Gender Studies (Q2); Applied Psychology (Q3)";"Psychology; Social Sciences"
1009;17900156714;"Journal of Investigative Psychology and Offender Profiling";journal;"15444759, 15444767";"John Wiley and Sons Ltd";No;No;0,268;Q3;33;15;57;730;68;55;0,88;48,67;57,45;2;United Kingdom;Western Europe;"John Wiley and Sons Ltd";"2009-2026";"Applied Psychology (Q3); Social Psychology (Q4)";"Psychology"
1010;19900193614;"Open Psychology Journal";journal;"18743501";"Bentham Science Publishers";Yes;No;0,267;Q3;20;41;123;2048;103;117;0,69;49,95;49,02;0;United Arab Emirates;Middle East;"Bentham Science Publishers";"2011-2025";"Psychology (miscellaneous) (Q3)";"Psychology"
1011;21101050919;"Journal of Family Trauma, Child Custody and Child Development";journal;"26904586, 26904594";"Taylor and Francis Ltd.";No;No;0,267;Q4;28;26;68;1543;46;63;0,47;59,35;55,71;2;United Kingdom;Western Europe;"Taylor and Francis Ltd.";"2020-2026";"Law (Q2); Health (social science) (Q3); Developmental and Educational Psychology (Q4); Social Psychology (Q4)";"Psychology; Social Sciences"
1012;5800207716;"Gesture";journal;"15699773, 15681475";"John Benjamins Publishing Company";No;No;0,266;Q4;50;10;36;571;36;36;0,88;57,10;79,31;0;Netherlands;Western Europe;"John Benjamins Publishing Company";"2001-2014, 2016-2026";"Cultural Studies (Q1); Linguistics and Language (Q2); Communication (Q3); Experimental and Cognitive Psychology (Q4)";"Psychology; Social Sciences"
1013;21101089135;"Sexual Health and Compulsivity";journal;"26929996";"Routledge";No;No;0,265;Q3;53;21;38;1125;36;38;0,58;53,57;41,33;0;United Kingdom;Western Europe;"Routledge";"2021-2026";"Clinical Psychology (Q3); Psychiatry and Mental Health (Q4)";"Medicine; Psychology"
1014;21100925743;"Journal of Youth Development";journal;"23254009, 23254017";"Clemson University/TigerPrints";Yes;Yes;0,265;Q4;15;17;162;707;129;162;0,61;41,59;59,57;0;United States;Northern America;"Clemson University/TigerPrints";"2006, 2008, 2011-2014, 2016-2017, 2019-2025";"Developmental and Educational Psychology (Q4); Life-span and Life-course Studies (Q4)";"Psychology; Social Sciences"
1015;21100887416;"Marketing, Zeitschrift fur Forschung und Praxis";journal;"03441369";"C.H.BECK";No;No;0,264;Q4;8;19;46;1428;9;36;0,18;75,16;50,00;0;Germany;Western Europe;"C.H.BECK";"2018-2023";"Marketing (Q3); Social Psychology (Q4)";"Business, Management and Accounting; Psychology"
1016;21100197358;"Psyecology";journal;"19899386, 21711976";"SAGE Publications Inc.";No;No;0,264;Q4;19;13;52;676;47;50;0,72;52,00;42,00;2;United Kingdom;Western Europe;"SAGE Publications Inc.";"2010-2025";"Environmental Science (miscellaneous) (Q3); Applied Psychology (Q4); Experimental and Cognitive Psychology (Q4)";"Environmental Science; Psychology"
1017;21100217020;"Revista Iberoamericana de Diagnostico y Evaluacion Psicologica";journal;"21836051, 11353848";"AIDEP";No;No;0,263;Q3;22;42;198;2195;174;197;0,70;52,26;54,86;0;Spain;Western Europe;"AIDEP";"2008-2025";"Psychology (miscellaneous) (Q3)";"Psychology"
1018;5800207419;"Tizard Learning Disability Review";journal;"13595474";"Emerald Group Publishing Ltd.";No;No;0,263;Q3;22;10;90;222;58;64;0,53;22,20;57,14;0;United Kingdom;Western Europe;"Emerald Group Publishing Ltd.";"1996-2026";"Clinical Psychology (Q3); Developmental and Educational Psychology (Q4); Psychiatry and Mental Health (Q4); Social Psychology (Q4)";"Medicine; Psychology"
1019;21100381293;"Children Australia";journal;"10350772, 20497776";"Cambridge University Press";No;No;0,263;Q4;18;0;52;0;42;45;0,00;0,00;0,00;0;United Kingdom;Western Europe;"Cambridge University Press";"2008, 2010-2012, 2014-2020";"Sociology and Political Science (Q2); Health (social science) (Q3); Developmental and Educational Psychology (Q4)";"Psychology; Social Sciences"
1020;21100900514;"Obrazovanie i Nauka";journal;"19945639, 23105828";"Russian State Vocational Pedagogical University";Yes;No;0,263;Q4;17;70;212;2759;229;212;1,21;39,41;63,54;0;Russian Federation;Eastern Europe;"Russian State Vocational Pedagogical University";"2018-2026";"Education (Q3); Physical Therapy, Sports Therapy and Rehabilitation (Q3); Developmental and Educational Psychology (Q4)";"Health Professions; Psychology; Social Sciences"
1021;30063;"Journal of Psychology and Theology";journal;"23281162, 00916471";"Rosemead School of Psychology";No;No;0,262;Q3;44;33;88;1901;68;85;0,62;57,61;52,38;0;United States;Northern America;"Rosemead School of Psychology";"1990, 1992, 1996-2026";"Religious Studies (Q1); Psychology (miscellaneous) (Q3)";"Arts and Humanities; Psychology"
1022;21100211343;"Hellenic Journal of Psychology";journal;"17901391, 27327027";"Psychological Society of Northern Greece";No;No;0,261;Q3;15;14;45;931;34;45;0,80;66,50;51,52;0;Greece;Western Europe;"Psychological Society of Northern Greece";"2011-2025";"Education (Q3); Psychology (miscellaneous) (Q3)";"Psychology; Social Sciences"
1023;21101039079;"Central European Management Journal";journal;"26580845, 26582430";"Emerald Publishing";Yes;Yes;0,260;Q4;18;31;84;1875;122;84;1,80;60,48;53,49;0;Poland;Eastern Europe;"Emerald Publishing";"2020-2026";"Political Science and International Relations (Q2); Business, Management and Accounting (miscellaneous) (Q3); Sociology and Political Science (Q3); Social Psychology (Q4)";"Business, Management and Accounting; Psychology; Social Sciences"
1024;21100894548;"Global Studies of Childhood";journal;"20436106";"SAGE Publications Ltd";No;No;0,260;Q4;23;28;96;1336;80;84;0,64;47,71;74,55;3;United Kingdom;Western Europe;"SAGE Publications Ltd";"2015-2026";"Demography (Q3); Development (Q3); Education (Q3); Sociology and Political Science (Q3); Developmental and Educational Psychology (Q4)";"Psychology; Social Sciences"
1025;21101145558;"Consortium Psychiatricum";journal;"27132919, 27127672";"Eco-Vector LLC";Yes;Yes;0,259;Q3;11;33;94;1326;79;81;0,87;40,18;52,00;0;Russian Federation;Eastern Europe;"Eco-Vector LLC";"2020-2025";"Clinical Psychology (Q3); Public Health, Environmental and Occupational Health (Q3); Psychiatry and Mental Health (Q4)";"Medicine; Psychology"
1026;14211;"Archives of Psychiatry and Psychotherapy";journal;"2083828X, 15092046";"Polish Psychiatric Association";Yes;No;0,258;Q3;19;39;107;1625;61;96;0,32;41,67;54,55;0;Poland;Eastern Europe;"Polish Psychiatric Association";"2001-2025";"Clinical Psychology (Q3); Psychiatry and Mental Health (Q4)";"Medicine; Psychology"
1027;21100200415;"Revista Colombiana de Psicologia";journal;"23448644, 01215469";"Universidad Nacional de Colombia";Yes;Yes;0,258;Q3;16;11;47;640;62;47;0,87;58,18;48,72;0;Colombia;Latin America;"Universidad Nacional de Colombia";"2011-2025";"Social Sciences (miscellaneous) (Q2); Psychology (miscellaneous) (Q3)";"Psychology; Social Sciences"
1028;5700164134;"Interamerican Journal of Psychology";journal;"00349690";"Sociedad Interamericana de Psicologia";Yes;Yes;0,256;Q3;28;30;100;1751;104;98;0,50;58,37;61,86;0;United States;Northern America;"Sociedad Interamericana de Psicologia";"2000-2025";"Psychology (miscellaneous) (Q3)";"Psychology"
1029;21101048554;"Journal of Applied Arts and Health";journal;"20402465, 20402457";"Intellect Ltd.";No;No;0,256;Q3;8;27;90;767;46;76;0,61;28,41;76,19;0;United Kingdom;Western Europe;"Intellect Ltd.";"2019-2026";"Cultural Studies (Q1); Music (Q1); Visual Arts and Performing Arts (Q1); Arts and Humanities (miscellaneous) (Q2); Philosophy (Q2); Clinical Psychology (Q3)";"Arts and Humanities; Psychology; Social Sciences"
1030;4700152252;"Sexologies";journal;"18781829, 11581360";"Elsevier Masson s.r.l.";No;No;0,256;Q3;25;0;132;0;111;131;0,95;0,00;0,00;0;France;Western Europe;"Elsevier Masson s.r.l.";"2006-2022";"Obstetrics and Gynecology (Q3); Psychology (miscellaneous) (Q3)";"Medicine; Psychology"
1031;16800154737;"Archive for the Psychology of Religion";journal;"00846724, 15736121";"Sage Publications";No;No;0,254;Q3;24;17;46;1140;62;45;0,85;67,06;31,37;1;Netherlands;Western Europe;"Sage Publications";"1914, 1921, 1929, 1936, 1964, 1967, 1976, 1980, 1982-1983, 1985, 1988, 1990, 1992, 1997, 2000, 2003-2026";"Religious Studies (Q1); Philosophy (Q2); Psychology (miscellaneous) (Q3)";"Arts and Humanities; Psychology"
1032;5700153385;"Journal of Human Values";journal;"09730737, 09716858";"Sage Publications India Pvt. Ltd";No;No;0,252;Q4;23;23;59;836;59;53;0,84;36,35;44,44;0;India;Asiatic Region;"Sage Publications India Pvt. Ltd";"1995-2026";"Cultural Studies (Q1); Philosophy (Q2); Organizational Behavior and Human Resource Management (Q3); Sociology and Political Science (Q3); Social Psychology (Q4)";"Arts and Humanities; Business, Management and Accounting; Psychology; Social Sciences"
1033;21100911837;"Participatory Educational Research";journal;"21486123";"Ozgen Korkmaz";Yes;No;0,252;Q4;19;100;292;6036;306;291;1,07;60,36;45,45;1;Turkey;Middle East;"Ozgen Korkmaz";"2019-2026";"Education (Q3); Developmental and Educational Psychology (Q4)";"Psychology; Social Sciences"
1034;21101032633;"Social Psychology and Society";journal;"22211527, 23117052";"Moscow State University of Psychology and Education";Yes;Yes;0,252;Q4;11;52;164;1728;130;161;0,78;33,23;72,22;0;Russian Federation;Eastern Europe;"Moscow State University of Psychology and Education";"2016-2025";"Social Sciences (miscellaneous) (Q3); Applied Psychology (Q4); Social Psychology (Q4)";"Psychology; Social Sciences"
1035;7000153258;"International Journal of Psychology and Psychological Therapy";journal;"15777057";"Asociación de Análisis del Comportamiento";No;No;0,251;Q3;42;22;73;1277;75;73;0,78;58,05;52,46;0;Spain;Western Europe;"Asociación de Análisis del Comportamiento";"2001-2025";"Clinical Psychology (Q3); Developmental and Educational Psychology (Q4); Experimental and Cognitive Psychology (Q4)";"Psychology"
1036;14869;"International Forum of Psychoanalysis";journal;"16512324, 0803706X";"Routledge";No;No;0,250;Q3;21;29;95;1171;48;80;0,73;40,38;48,28;0;United Kingdom;Western Europe;"Routledge";"1992-2026";"Clinical Psychology (Q3); Psychiatry and Mental Health (Q4)";"Medicine; Psychology"
1037;21101058102;"European Journal of Education and Psychology";journal;"18888992, 19892209";"Universidad Autonoma de Chile";No;No;0,249;Q3;12;13;45;601;56;44;1,06;46,23;40,74;0;Chile;Latin America;"Universidad Autonoma de Chile";"2019-2025";"Education (Q3); Psychology (miscellaneous) (Q3)";"Psychology; Social Sciences"
1038;21100935905;"Boyhood Studies";journal;"23759240, 23759267";"Berghahn Journals";No;No;0,248;Q4;8;15;48;515;23;45;0,21;34,33;33,33;0;United Kingdom;Western Europe;"Berghahn Journals";"2007, 2018-2025";"Cultural Studies (Q1); Gender Studies (Q2); Education (Q3); Developmental and Educational Psychology (Q4); Life-span and Life-course Studies (Q4); Social Psychology (Q4)";"Psychology; Social Sciences"
1039;21100451188;"European Journal of Adapted Physical Activity";journal;"18033857";"European Federation of Adapted Physical Activity";Yes;Yes;0,248;Q4;13;16;36;818;40;35;0,92;51,13;50,00;0;Czech Republic;Eastern Europe;"European Federation of Adapted Physical Activity";"2015-2025";"Education (Q3); Health (social science) (Q3); Physical Therapy, Sports Therapy and Rehabilitation (Q3); Social Psychology (Q4)";"Health Professions; Psychology; Social Sciences"
1040;21101018933;"Habitat Sustentable";journal;"07190700";"Universidad del Bio Bio";Yes;Yes;0,248;Q4;7;19;49;541;38;41;0,53;28,47;48,15;0;Chile;Latin America;"Universidad del Bio Bio";"2019-2025";"Architecture (Q2); Building and Construction (Q3); Geography, Planning and Development (Q3); Materials Science (miscellaneous) (Q3); Urban Studies (Q3); Experimental and Cognitive Psychology (Q4); Renewable Energy, Sustainability and the Environment (Q4)";"Energy; Engineering; Materials Science; Psychology; Social Sciences"
1041;5900153309;"Journal of Muslim Mental Health";journal;"15564908, 15565009";"Michigan Publishing";Yes;Yes;0,247;Q3;30;11;32;587;25;31;0,45;53,36;57,14;0;United States;Northern America;"Michigan Publishing";"2007-2025";"Religious Studies (Q1); Clinical Psychology (Q3); Health (social science) (Q3); Psychiatry and Mental Health (Q4)";"Arts and Humanities; Medicine; Psychology; Social Sciences"
1042;21100940999;"Revista Latinoamericana de Ciencias Sociales, Ninez y Juventud";journal;"20277679, 1692715X";"Revista Latinoamericana de Ciencias Sociales";Yes;Yes;0,247;Q4;11;57;158;2906;141;154;0,87;50,98;64,17;3;Colombia;Latin America;"Revista Latinoamericana de Ciencias Sociales";"2019-2025";"Social Sciences (miscellaneous) (Q3); Developmental and Educational Psychology (Q4)";"Psychology; Social Sciences"
1043;5800207553;"Linguistics in the Netherlands";journal;"09297332, 15699919";"John Benjamins Publishing Company";No;No;0,246;Q3;19;20;41;490;12;39;0,31;24,50;61,02;0;Netherlands;Western Europe;"John Benjamins Publishing Company";"1996-2023";"Linguistics and Language (Q2); Multidisciplinary (Q2); Health Professions (miscellaneous) (Q3); Psychology (miscellaneous) (Q3); Social Sciences (miscellaneous) (Q3)";"Health Professions; Multidisciplinary; Psychology; Social Sciences"
1044;12700154743;"Psykhe";journal;"07182228, 07170297";"Pontificia Universidad Catolica de Chile";Yes;Yes;0,246;Q3;27;28;74;1983;67;72;1,02;70,82;58,06;1;Chile;Latin America;"Pontificia Universidad Catolica de Chile";"2007-2025";"Psychology (miscellaneous) (Q3)";"Psychology"
1045;21101085514;"Journal of Childhood, Education and Society";journal;"2717638X";"Istanbul Kultur University";Yes;Yes;0,245;Q4;9;27;63;1598;47;61;0,67;59,19;79,73;0;Turkey;Middle East;"Istanbul Kultur University";"2020-2026";"Education (Q3); Developmental and Educational Psychology (Q4)";"Psychology; Social Sciences"
1046;19700175607;"Estudios de Psicologia";journal;"02109395, 15793699";"SAGE Publications Inc.";No;No;0,244;Q3;24;18;81;1023;64;77;0,76;56,83;50,98;0;United Kingdom;Western Europe;"SAGE Publications Inc.";"1980-2025";"Psychology (miscellaneous) (Q3)";"Psychology"
1047;21100793836;"Journal of Relationships Research";journal;"18380956";"Cambridge University Press";No;No;0,244;Q4;21;0;17;0;19;17;1,00;0,00;0,00;0;United Kingdom;Western Europe;"Cambridge University Press";"2010-2021";"Applied Psychology (Q4); Social Psychology (Q4)";"Psychology"
1048;21101152855;"Addicta: the Turkish Journal on Addictions";journal;"21491305, 21487286";"AVES";Yes;Yes;0,243;Q3;13;41;107;1553;78;105;0,52;37,88;59,43;0;Turkey;Middle East;"AVES";"2019-2025";"Psychology (miscellaneous) (Q3); Biological Psychiatry (Q4); Psychiatry and Mental Health (Q4)";"Medicine; Neuroscience; Psychology"
1049;21101043799;"Emotions and Society";journal;"26316900, 26316897";"Policy Press";No;No;0,243;Q4;14;21;51;1136;58;46;0,89;54,10;70,37;0;United Kingdom;Western Europe;"Policy Press";"2019-2025";"Cultural Studies (Q1); Social Sciences (miscellaneous) (Q3); Sociology and Political Science (Q3); Social Psychology (Q4)";"Psychology; Social Sciences"
1050;16813;"Journal of Rehabilitation";journal;"00224154";"National Rehabilitation Association";No;No;0,242;Q3;43;7;73;396;50;73;0,69;56,57;35,00;0;United States;Northern America;"National Rehabilitation Association";"1945-1984, 1991, 1996-2023";"Clinical Psychology (Q3); Public Health, Environmental and Occupational Health (Q3); Rehabilitation (Q3); Psychiatry and Mental Health (Q4)";"Medicine; Psychology"
1051;145096;"Neuropsychopharmacologia Hungarica";journal;"20642512, 14198711";"Hungarian Association of Psychopharmacology";Yes;No;0,242;Q4;21;22;67;808;42;53;0,55;36,73;50,00;0;Hungary;Eastern Europe;"Hungarian Association of Psychopharmacology";"2004-2025";"Pharmacology, Toxicology and Pharmaceutics (miscellaneous) (Q2); Neurology (clinical) (Q4); Neuropsychology and Physiological Psychology (Q4); Neuroscience (miscellaneous) (Q4)";"Medicine; Neuroscience; Pharmacology, Toxicology and Pharmaceutics; Psychology"
1052;18300156724;"Psychology of Language and Communication";journal;"12342238";"University of Warsaw, Faculty of Psychology";Yes;Yes;0,241;Q4;18;25;43;1341;36;41;0,91;53,64;64,29;0;Poland;Eastern Europe;"University of Warsaw, Faculty of Psychology";"2008-2024";"Linguistics and Language (Q2); Communication (Q3); Developmental and Educational Psychology (Q4); Experimental and Cognitive Psychology (Q4)";"Psychology; Social Sciences"
1053;145657;"Conflict Resolution Quarterly";journal;"15365581, 15411508";"Wiley-Liss Inc.";No;No;0,239;Q3;29;29;78;1232;63;64;0,75;42,48;65,31;2;United States;Northern America;"Wiley-Liss Inc.";"2002, 2005-2026";"Law (Q2); Psychology (miscellaneous) (Q3)";"Psychology; Social Sciences"
1054;21101079124;"Journal of Integrated Disaster Risk Management";journal;"21858322";"IDRiM Society";No;No;0,239;-;7;19;24;895;20;24;0,68;47,11;29,63;0;Japan;Asiatic Region;"IDRiM Society";"2019-2026";"Business, Management and Accounting (miscellaneous) (Q3); Emergency Medicine (Q3); Management, Monitoring, Policy and Law (Q3); Safety Research (Q3); Safety, Risk, Reliability and Quality (Q3); Global and Planetary Change (Q4)";"Business, Management and Accounting; Engineering; Environmental Science; Medicine; Social Sciences"
1055;19900191902;"Journal of Occupational Therapy, Schools, and Early Intervention";journal;"19411243, 19411251";"Routledge";No;No;0,238;Q4;20;38;91;1644;83;89;0,83;43,26;78,99;2;United Kingdom;Western Europe;"Routledge";"2008-2026";"Education (Q3); Occupational Therapy (Q3); Social Psychology (Q4)";"Health Professions; Psychology; Social Sciences"
1056;19700175587;"Interdisciplinaria";journal;"03258203, 16687027";"Centro Interamericano de Investigaciones Psicologicas y Ciencias Afines";Yes;Yes;0,237;Q3;18;90;135;4841;152;135;0,95;53,79;60,47;1;Argentina;Latin America;"Centro Interamericano de Investigaciones Psicologicas y Ciencias Afines";"2009-2025";"Psychology (miscellaneous) (Q3)";"Psychology"
1057;21101132227;"Culture and Evolution";journal;"29397375";"Akademiai Kiado";No;No;0,235;Q4;30;5;7;578;6;6;1,00;115,60;33,33;1;Hungary;Eastern Europe;"Akademiai Kiado";"2022-2025";"Anthropology (Q2); Cultural Studies (Q2); Ecology, Evolution, Behavior and Systematics (Q4); Experimental and Cognitive Psychology (Q4); Social Psychology (Q4)";"Agricultural and Biological Sciences; Psychology; Social Sciences"
1058;21100842866;"Primenjena Psihologija";journal;"23347287, 18210147";"Faculty of Philosophy, University of Novi Sad, Serbia";Yes;Yes;0,235;Q4;9;21;65;1185;42;65;0,58;56,43;69,39;0;Serbia;Eastern Europe;"Faculty of Philosophy, University of Novi Sad, Serbia";"2017-2025";"Applied Psychology (Q4)";"Psychology"
1059;21100942847;"European Journal of Pragmatism and American Philosophy";journal;"20364091";"Associazione Culturale Pragma";Yes;Yes;0,234;Q4;8;40;113;1333;40;106;0,38;33,33;44,74;0;Italy;Western Europe;"Associazione Culturale Pragma";"2018-2025";"Philosophy (Q2); Sociology and Political Science (Q3); Applied Psychology (Q4)";"Arts and Humanities; Psychology; Social Sciences"
1060;21100200647;"Polish Psychological Bulletin";journal;"16417844, 00792993";"Polish Academy of Sciences, Committee for Psychological Science";Yes;No;0,233;Q3;23;29;101;1553;67;101;0,55;53,55;54,74;0;Poland;Eastern Europe;"Polish Academy of Sciences, Committee for Psychological Science";"2008-2025";"Psychology (miscellaneous) (Q3)";"Psychology"
1061;25313;"Journal of Child and Adolescent Substance Abuse";journal;"15470652, 1067828X";"Taylor and Francis Ltd.";No;No;0,232;Q4;0;0;0;0;0;0;0,00;0,00;0,00;0;United States;Northern America;"Taylor and Francis Ltd.";"1994-2020, 2024";"Education (Q3); Public Health, Environmental and Occupational Health (Q3); Psychology (miscellaneous) (Q4); Social Psychology (Q4)";"Medicine; Psychology; Social Sciences"
1062;21100255350;"Journal of Forensic Practice";journal;"20508808, 20508794";"Emerald Publishing";No;No;0,232;Q4;25;34;82;1632;71;82;0,74;48,00;65,09;0;United Kingdom;Western Europe;"Emerald Publishing";"2013-2026";"Law (Q2); Pathology and Forensic Medicine (Q3); Applied Psychology (Q4); Psychiatry and Mental Health (Q4)";"Medicine; Psychology; Social Sciences"
1063;19900193932;"Informacios Tarsadalom";journal;"15878694";"Infonia";No;No;0,232;-;8;26;86;991;65;84;0,83;38,12;53,66;0;Hungary;Eastern Europe;"Infonia";"2008-2025";"Communication (Q3)";"Social Sciences"
1064;18123;"Occupational Therapy in Mental Health";journal;"0164212X, 15413101";"Routledge";No;No;0,230;Q4;27;22;63;1141;53;61;0,64;51,86;72,31;0;United Kingdom;Western Europe;"Routledge";"1980-1993, 1995-2026";"Applied Psychology (Q4); Psychiatry and Mental Health (Q4); Public Health, Environmental and Occupational Health (Q4)";"Medicine; Psychology"
1065;18083;"Sociological Focus";journal;"00380237, 21621128";"Taylor and Francis Inc.";No;No;0,230;Q4;36;28;69;2097;46;68;0,60;74,89;50,00;1;United States;Northern America;"Taylor and Francis Inc.";"1970-1984, 1987-2013, 2015-2026";"Social Sciences (miscellaneous) (Q3); Psychology (miscellaneous) (Q4)";"Psychology; Social Sciences"
1066;19900193879;"Neuropsychological Trends";journal;"19703201, 1970321X";"LED Edizioni Universitarie";Yes;Yes;0,229;Q4;13;11;30;611;24;30;0,58;55,55;50,00;0;Italy;Western Europe;"LED Edizioni Universitarie";"2011-2025";"Cellular and Molecular Neuroscience (Q4); Neuropsychology and Physiological Psychology (Q4)";"Neuroscience; Psychology"
1067;21100453516;"Psychology, Society and Education";journal;"1989709X, 21712085";"UCOPress. Editorial Universidad de Cordoba";Yes;Yes;0,227;Q3;17;22;111;955;97;111;0,95;43,41;54,79;0;Spain;Western Europe;"UCOPress. Editorial Universidad de Cordoba";"2012, 2015-2026";"Clinical Psychology (Q3); Education (Q3); Sociology and Political Science (Q3); Social Psychology (Q4)";"Psychology; Social Sciences"
1068;19942;"Verhaltenstherapie";journal;"14230402, 10166262";"S. Karger AG";No;No;0,227;Q3;29;16;104;594;62;95;0,72;37,13;59,09;0;Switzerland;Western Europe;"S. Karger AG";"1991-2026";"Clinical Psychology (Q3); Psychiatry and Mental Health (Q4)";"Medicine; Psychology"
1069;13437;"Psychologia";journal;"00332852, 13475916";"Psychologia Society";No;No;0,227;Q4;31;22;44;993;24;41;0,54;45,14;32,35;0;Japan;Asiatic Region;"Psychologia Society";"1996-2025";"Psychology (miscellaneous) (Q4)";"Psychology"
1070;19700174949;"Postepy Psychiatrii i Neurologii";journal;"12302813";"Termedia Publishing House Ltd.";Yes;Yes;0,225;Q3;12;33;78;1593;47;75;0,66;48,27;53,13;1;Poland;Eastern Europe;"Termedia Publishing House Ltd.";"2007-2025";"Clinical Psychology (Q3); Neurology (Q4); Neurology (clinical) (Q4); Psychiatry and Mental Health (Q4)";"Medicine; Neuroscience; Psychology"
1071;18800156721;"Electronic Journal of Research in Educational Psychology";journal;"16962095, 16995880";"Universidad de Almeria";Yes;Yes;0,225;Q4;38;20;101;993;90;100;0,69;49,65;35,29;0;Spain;Western Europe;"Universidad de Almeria";"2003-2025";"Education (Q3); Developmental and Educational Psychology (Q4)";"Psychology; Social Sciences"
1072;21100979307;"Counseling Psychology and Psychotherapy";journal;"20753470, 23119446";"Moscow State University of Psychology and Education";Yes;Yes;0,224;Q4;13;39;124;967;87;109;0,53;24,79;84,93;0;Russian Federation;Eastern Europe;"Moscow State University of Psychology and Education";"2016-2025";"Health (social science) (Q3); Clinical Psychology (Q4); Developmental and Educational Psychology (Q4)";"Psychology; Social Sciences"
1073;21101057933;"Personalized Medicine in Psychiatry";journal;"24681725, 24681717";"Elsevier Inc.";No;No;0,223;Q4;13;14;44;847;30;40;0,69;60,50;56,92;0;United States;Northern America;"Elsevier Inc.";"2017-2026";"Clinical Psychology (Q4); Neurology (clinical) (Q4); Psychiatry and Mental Health (Q4)";"Medicine; Psychology"
1074;21100269616;"Journal of Intellectual Disabilities and Offending Behaviour";journal;"20508824";"Emerald Group Publishing Ltd.";No;No;0,222;Q4;17;4;38;244;24;38;0,50;61,00;75,00;0;United Kingdom;Western Europe;"Emerald Group Publishing Ltd.";"2013-2024";"Pathology and Forensic Medicine (Q3); Clinical Psychology (Q4); Psychiatry and Mental Health (Q4)";"Medicine; Psychology"
1075;21101156976;"Revista de Psicologia Aplicada al Deporte y al Ejercicio Fisico";journal;"25303910";"Colegio Oficial de la Psicologia de Madrid";Yes;Yes;0,222;Q4;8;15;40;509;32;32;0,88;33,93;36,67;0;Spain;Western Europe;"Colegio Oficial de la Psicologia de Madrid";"2019-2025";"Psychology (miscellaneous) (Q4)";"Psychology"
1076;21100935803;"Transactions on Transport Sciences";journal;"18029876";"Palacky University in Olomouc";Yes;Yes;0,221;Q4;10;24;69;879;44;59;0,62;36,63;30,00;0;Czech Republic;Eastern Europe;"Palacky University in Olomouc";"2017-2025";"Automotive Engineering (Q3); Applied Psychology (Q4); Civil and Structural Engineering (Q4); Management, Monitoring, Policy and Law (Q4); Transportation (Q4)";"Engineering; Environmental Science; Psychology; Social Sciences"
1077;145694;"Ethical Human Psychology and Psychiatry";journal;"15594343, 19389000";"Springer Publishing Company";No;No;0,220;Q4;18;13;35;471;19;23;0,40;36,23;41,18;0;United States;Northern America;"Springer Publishing Company";"2004-2025";"Clinical Psychology (Q4); Psychiatry and Mental Health (Q4)";"Medicine; Psychology"
1078;21100229177;"Journal of Psychological and Educational Research";journal;"22471537";"Universitatea din Oradea";No;No;0,220;Q4;12;17;47;711;36;46;0,84;41,82;52,50;0;Romania;Eastern Europe;"Universitatea din Oradea";"2011-2025";"Education (Q3); Applied Psychology (Q4); Developmental and Educational Psychology (Q4)";"Psychology; Social Sciences"
1079;5200152834;"Torture";journal;"10188185, 19973322";"International Rehabilitation Council for Torture Victims";Yes;Yes;0,220;Q4;28;30;100;894;41;70;0,53;29,80;65,75;1;Denmark;Western Europe;"International Rehabilitation Council for Torture Victims";"1991-2025";"Rehabilitation (Q3); Clinical Psychology (Q4); Health (social science) (Q4); Psychiatry and Mental Health (Q4); Public Health, Environmental and Occupational Health (Q4)";"Medicine; Psychology; Social Sciences"
1080;21100838563;"Annals of Applied Sport Science (discontinued)";journal;"24764981, 23224479";"";Yes;No;0,218;Q4;15;61;154;1948;129;153;0,90;31,93;28,03;0;Iran;Middle East;"";"2017-2025";"Orthopedics and Sports Medicine (Q3); Physical Therapy, Sports Therapy and Rehabilitation (Q3); Social Sciences (miscellaneous) (Q3); Applied Psychology (Q4); Tourism, Leisure and Hospitality Management (Q4)";"Business, Management and Accounting; Health Professions; Medicine; Psychology; Social Sciences"
1081;14769;"History of Psychology";journal;"19390610, 10934510";"American Psychological Association";No;No;0,218;Q4;32;24;88;1241;72;83;0,68;51,71;21,43;1;United States;Northern America;"American Psychological Association";"1998-2025";"History (Q1); Psychology (miscellaneous) (Q4)";"Arts and Humanities; Psychology"
1082;21101176726;"Creative Arts in Education and Therapy";journal;"24682306, 2451876X";"Inspirees Publishing";Yes;Yes;0,217;Q4;5;18;39;339;14;34;0,36;18,83;59,09;0;Netherlands;Western Europe;"Inspirees Publishing";"2021-2025";"Visual Arts and Performing Arts (Q1); Arts and Humanities (miscellaneous) (Q2); Applied Psychology (Q4); Psychology (miscellaneous) (Q4)";"Arts and Humanities; Psychology"
1083;21100866386;"Organisational and Social Dynamics";journal;"14742780, 20443765";"Phoenix Publishing House";No;No;0,217;Q4;5;17;52;604;27;52;0,46;35,53;57,14;0;United Kingdom;Western Europe;"Phoenix Publishing House";"2017-2025";"Social Psychology (Q4)";"Psychology"
1084;11600153828;"Psihologijske Teme";journal;"13320742";"University of Rijeka";Yes;Yes;0,217;Q4;27;34;107;1985;74;103;0,57;58,38;69,74;0;Croatia;Eastern Europe;"University of Rijeka";"2009-2025";"Applied Psychology (Q4); Clinical Psychology (Q4); Social Psychology (Q4)";"Psychology"
1085;21101136680;"Bereavement";journal;"27547833";"Cruse Bereavement Care";No;No;0,215;Q4;22;12;38;475;38;32;1,47;39,58;77,78;1;United Kingdom;Western Europe;"Cruse Bereavement Care";"2022-2024";"Advanced and Specialized Nursing (Q3); Gerontology (Q4); Health (social science) (Q4); Social Psychology (Q4)";"Nursing; Psychology; Social Sciences"
1086;21100900129;"Childhood and Philosophy";journal;"25255061, 19845987";"State Univ of Rio de Janeiro - Center of Childhood and Philosophy Studies";Yes;Yes;0,215;Q4;8;41;111;1409;47;111;0,43;34,37;56,36;0;Brazil;Latin America;"State Univ of Rio de Janeiro - Center of Childhood and Philosophy Studies";"2018-2026";"Philosophy (Q2); Education (Q3); Developmental and Educational Psychology (Q4)";"Arts and Humanities; Psychology; Social Sciences"
1087;5700167184;"Home Cultures";journal;"17517427, 17406315";"Taylor and Francis Ltd.";No;No;0,214;Q4;24;18;30;598;27;30;0,88;33,22;70,59;1;United Kingdom;Western Europe;"Taylor and Francis Ltd.";"2008-2025";"Visual Arts and Performing Arts (Q1); Cultural Studies (Q2); Social Psychology (Q4)";"Arts and Humanities; Psychology; Social Sciences"
1088;21101133341;"International Journal of Systemic Therapy";journal;"2692398X, 26923998";"Routledge";No;No;0,214;Q4;24;19;37;780;29;36;0,50;41,05;79,66;0;United States;Northern America;"Routledge";"2021-2026";"Clinical Psychology (Q4); Psychiatry and Mental Health (Q4)";"Medicine; Psychology"
1089;21100945755;"Archives of Psychiatry Research";journal;"26711079, 26712008";"Dr. Mladen Stojanovic University Hospital";Yes;Yes;0,213;Q4;11;45;68;1238;44;62;0,41;27,51;55,74;0;Croatia;Eastern Europe;"Dr. Mladen Stojanovic University Hospital";"2019-2025";"Clinical Psychology (Q4); Health (social science) (Q4); Medicine (miscellaneous) (Q4); Psychiatry and Mental Health (Q4)";"Medicine; Psychology; Social Sciences"
1090;19700175063;"European Journal of Mental Health";journal;"17887119, 17884934";"Semmelweis University Institute of Mental Health";Yes;Yes;0,213;Q4;14;14;55;881;29;53;0,51;62,93;60,00;0;Hungary;Eastern Europe;"Semmelweis University Institute of Mental Health";"2008-2026";"Health (social science) (Q4); Psychiatry and Mental Health (Q4); Psychology (miscellaneous) (Q4); Public Health, Environmental and Occupational Health (Q4)";"Medicine; Psychology; Social Sciences"
1091;5800173397;"Body, Movement and Dance in Psychotherapy";journal;"17432987, 17432979";"Taylor and Francis Ltd.";No;No;0,212;Q4;20;24;72;849;43;56;0,62;35,38;79,41;0;United Kingdom;Western Europe;"Taylor and Francis Ltd.";"2006-2026";"Clinical Psychology (Q4); Psychiatry and Mental Health (Q4)";"Medicine; Psychology"
1092;12840;"Child and Family Behavior Therapy";journal;"1545228X, 07317107";"Taylor and Francis Ltd.";No;No;0,212;Q4;38;18;42;907;26;42;0,53;50,39;70,00;0;United States;Northern America;"Taylor and Francis Ltd.";"1983-2026";"Social Sciences (miscellaneous) (Q3); Clinical Psychology (Q4)";"Psychology; Social Sciences"
1093;21101065161;"Ciencias Psicologicas";journal;"16884221, 16884094";"Universidad Catolica del Uruguay";Yes;Yes;0,212;Q4;9;43;123;2000;72;120;0,60;46,51;54,55;0;Uruguay;Latin America;"Universidad Catolica del Uruguay";"2019-2025";"Education (Q3); Health (social science) (Q4); Neuroscience (miscellaneous) (Q4); Psychology (miscellaneous) (Q4)";"Neuroscience; Psychology; Social Sciences"
1094;21100972436;"Gifted and Talented International";journal;"15332276, 24709565";"Routledge";No;No;0,212;Q4;18;15;34;749;32;31;0,67;49,93;65,91;0;United States;Northern America;"Routledge";"1996-2026";"Education (Q3); Developmental and Educational Psychology (Q4)";"Psychology; Social Sciences"
1095;21101172014;"Designs for Learning";journal;"20017480";"Stockholm University Press";Yes;No;0,211;Q4;8;6;29;203;31;29;1,14;33,83;57,14;1;Sweden;Western Europe;"Stockholm University Press";"2019-2023, 2025";"Cultural Studies (Q2); Linguistics and Language (Q2); Communication (Q3); Education (Q3); Developmental and Educational Psychology (Q4); Ecology (Q4); Human-Computer Interaction (Q4)";"Computer Science; Environmental Science; Psychology; Social Sciences"
1096;21100888810;"Studies in Business and Economics";journal;"23445416, 18424120";"De Gruyter Open Ltd.";Yes;Yes;0,211;Q4;18;62;180;2927;173;180;0,89;47,21;52,31;0;Poland;Eastern Europe;"De Gruyter Open Ltd.";"2018-2025";"Business, Management and Accounting (miscellaneous) (Q3); Economics, Econometrics and Finance (miscellaneous) (Q3); Social Psychology (Q4)";"Business, Management and Accounting; Economics, Econometrics and Finance; Psychology"
1097;5700169412;"Acta Comportamentalia";journal;"01888145";"Universidad Nacional Autonoma de Mexico";No;No;0,210;Q4;6;37;104;1494;29;104;0,26;40,38;43,06;0;Mexico;Latin America;"Universidad Nacional Autonoma de Mexico";"2017-2025";"Linguistics and Language (Q2); Education (Q3); Applied Psychology (Q4); Developmental and Educational Psychology (Q4)";"Psychology; Social Sciences"
1098;15990;"Psychologie in Erziehung und Unterricht";journal;"0342183X";"Ernst Reinhardt Verlag";No;No;0,210;Q4;23;11;69;427;24;58;0,38;38,82;79,17;0;Germany;Western Europe;"Ernst Reinhardt Verlag";"1996-2025";"Developmental and Educational Psychology (Q4)";"Psychology"
1099;5600155041;"Zeitschrift fur Sexualforschung";journal;"09328114, 14389460";"Georg Thieme Verlag";No;No;0,210;Q4;17;28;91;740;30;84;0,37;26,43;64,10;3;Germany;Western Europe;"Georg Thieme Verlag";"2008-2025";"Reproductive Medicine (Q3); Psychology (miscellaneous) (Q4)";"Medicine; Psychology"
1100;21100896480;"Education et Didactique";journal;"21114838, 19563485";"Presses Universitaires de Rennes";No;No;0,209;Q4;5;22;77;813;16;67;0,19;36,95;48,57;0;France;Western Europe;"Presses Universitaires de Rennes";"2018-2024";"Education (Q3); Social Sciences (miscellaneous) (Q3); Developmental and Educational Psychology (Q4)";"Psychology; Social Sciences"
1101;21100788963;"International Journal of High Risk Behaviors and Addiction";journal;"2251872X, 22518711";"Brieflands";Yes;No;0,209;Q4;21;27;92;796;50;89;0,46;29,48;50,00;0;Netherlands;Western Europe;"Brieflands";"2012, 2014-2026";"Clinical Psychology (Q4); Medicine (miscellaneous) (Q4); Psychiatry and Mental Health (Q4)";"Medicine; Psychology"
1102;21100905324;"Journal of Brand Strategy";journal;"2045855X, 20458568";"Henry Stewart Publications";No;No;0,209;Q4;11;29;105;1356;47;91;0,48;46,76;34,21;0;United Kingdom;Western Europe;"Henry Stewart Publications";"2018-2025";"Communication (Q3); Management of Technology and Innovation (Q4); Marketing (Q4); Social Psychology (Q4); Strategy and Management (Q4)";"Business, Management and Accounting; Psychology; Social Sciences"
1103;21100852103;"Psihologia Resurselor Umane";journal;"23928077, 15837327";"Association of Industrial and Organizational Psychology (APIO)";Yes;No;0,208;Q4;7;12;36;574;15;31;0,30;47,83;68,42;0;Romania;Eastern Europe;"Association of Industrial and Organizational Psychology (APIO)";"2017-2025";"Clinical Psychology (Q4); Organizational Behavior and Human Resource Management (Q4)";"Business, Management and Accounting; Psychology"
1104;14888;"International Journal of Comparative Psychology";journal;"08893667, 21683344";"eScholarship";Yes;Yes;0,207;Q4;15;12;43;435;29;43;0,94;36,25;45,45;0;United States;Northern America;"eScholarship";"1992, 1995, 2001-2004, 2007, 2015-2025";"Psychology (miscellaneous) (Q4)";"Psychology"
1105;21100896229;"Phenomenology and Mind";journal;"22807853, 22394028";"Rosenberg and Sellier";Yes;Yes;0,207;Q4;10;37;78;1085;32;73;0,55;29,32;34,29;0;Italy;Western Europe;"Rosenberg and Sellier";"2018-2024";"Philosophy (Q2); Cognitive Neuroscience (Q4); Psychology (miscellaneous) (Q4)";"Arts and Humanities; Neuroscience; Psychology"
1106;21101090010;"Psikohumaniora";journal;"25029363, 25277456";"State Islamic University Walisongo Semarang Faculty of Psychology and Health";Yes;No;0,207;Q4;8;19;51;1161;47;51;1,03;61,11;49,09;0;Indonesia;Asiatic Region;"State Islamic University Walisongo Semarang Faculty of Psychology and Health";"2019-2025";"Applied Psychology (Q4); Clinical Psychology (Q4); Experimental and Cognitive Psychology (Q4)";"Psychology"
1107;21100967053;"Versus";journal;"26120909, 03938255";"Societa Editrice Il Mulino";No;No;0,207;Q4;4;28;66;875;14;66;0,09;31,25;33,33;0;Italy;Western Europe;"Societa Editrice Il Mulino";"2019-2025";"Linguistics and Language (Q2); Philosophy (Q2); Applied Psychology (Q4)";"Arts and Humanities; Psychology; Social Sciences"
1108;21100256950;"Movement and Sports Sciences - Science et Motricite";journal;"21185735, 21185743";"EDP Sciences";No;No;0,206;Q4;19;27;80;1500;47;75;0,36;55,56;33,72;0;France;Western Europe;"EDP Sciences";"2010-2025";"Multidisciplinary (Q3); Physical Therapy, Sports Therapy and Rehabilitation (Q3); Social Sciences (miscellaneous) (Q3); Neuropsychology and Physiological Psychology (Q4); Orthopedics and Sports Medicine (Q4); Physiology (Q4); Physiology (medical) (Q4); Psychology (miscellaneous) (Q4)";"Biochemistry, Genetics and Molecular Biology; Health Professions; Medicine; Multidisciplinary; Psychology; Social Sciences"
1109;20000195050;"Paideia";journal;"0103863X, 19824327";"Universidade de Sao Paulo 1";Yes;Yes;0,206;Q4;24;40;120;1038;85;120;0,52;25,95;69,30;0;Brazil;Latin America;"Universidade de Sao Paulo 1";"2011-2026";"Education (Q4); Psychology (miscellaneous) (Q4)";"Psychology; Social Sciences"
1110;21101152124;"Psychology and Law";journal;"22225196";"Moscow State University of Psychology and Education";Yes;Yes;0,206;Q4;5;69;66;1813;41;66;0,62;26,28;73,28;0;Russian Federation;Eastern Europe;"Moscow State University of Psychology and Education";"2022-2025";"Applied Psychology (Q4); Clinical Psychology (Q4); Experimental and Cognitive Psychology (Q4); Social Psychology (Q4)";"Psychology"
1111;21100780996;"Psychology, Journal of the Higher School of Economics";journal;"18138918";"National Research University Higher School of Economics (HSE University)";No;No;0,206;Q4;12;51;148;1648;97;147;0,72;32,31;72,64;0;Russian Federation;Eastern Europe;"National Research University Higher School of Economics (HSE University)";"2016-2025";"Cultural Studies (Q2); Education (Q3); Psychology (miscellaneous) (Q4)";"Psychology; Social Sciences"
1112;21100897202;"FWU Journal of Social Sciences";journal;"19951272";"Shaheed Benazir Bhutto Women University";No;No;0,205;Q4;11;42;132;2093;132;131;1,22;49,83;40,22;0;Pakistan;Asiatic Region;"Shaheed Benazir Bhutto Women University";"2018-2025";"History (Q1); Social Sciences (miscellaneous) (Q3); Sociology and Political Science (Q3); Education (Q4); Psychology (miscellaneous) (Q4)";"Arts and Humanities; Psychology; Social Sciences"
1113;21100792737;"International Journal of Cognitive Research in Science, Engineering and Education";journal;"2334847X, 23348496";"Association for the Development of Science, Engineering and Education";Yes;No;0,205;Q4;20;44;132;1868;96;125;0,70;42,45;56,80;1;Serbia;Eastern Europe;"Association for the Development of Science, Engineering and Education";"2013-2025";"Cognitive Neuroscience (Q4); Education (Q4); Experimental and Cognitive Psychology (Q4)";"Neuroscience; Psychology; Social Sciences"
1114;21100784273;"Journal of Intellectual Disability - Diagnosis and Treatment";journal;"22922598";"Lifescience Global";No;No;0,205;Q4;12;21;203;728;91;201;0,42;34,67;42,86;0;Canada;Northern America;"Lifescience Global";"2013-2025";"Applied Psychology (Q4); Developmental and Educational Psychology (Q4); Health (social science) (Q4); Neurology (Q4); Neurology (clinical) (Q4); Psychiatry and Mental Health (Q4)";"Medicine; Neuroscience; Psychology; Social Sciences"
1115;13997;"Psychologische Rundschau";journal;"00333042, 21906238";"Hogrefe Verlag GmbH &amp; Co. KG";No;No;0,205;Q4;26;19;101;459;25;52;0,34;24,16;39,47;0;Germany;Western Europe;"Hogrefe Verlag GmbH &amp; Co. KG";"1973-1975, 1980, 1996-1997, 2002-2026";"Psychology (miscellaneous) (Q4)";"Psychology"
1116;19200157024;"Revista Latinoamericana de Psicopatologia Fundamental";journal;"19840381, 14154714";"Associacao Universitaria de Pesquisa em Psicopatologia Fundamental";Yes;Yes;0,205;Q4;11;30;156;1028;21;130;0,10;34,27;48,94;0;Brazil;Latin America;"Associacao Universitaria de Pesquisa em Psicopatologia Fundamental";"2008-2025";"Clinical Psychology (Q4); Psychiatry and Mental Health (Q4)";"Medicine; Psychology"
1117;21100860442;"Asia-Pacific Journal of Research in Early Childhood Education";journal;"19761961, 22335234";"Pacific Early Childhood Education Research Association";No;No;0,204;Q4;8;24;82;1115;42;82;0,45;46,46;65,63;1;China;Asiatic Region;"Pacific Early Childhood Education Research Association";"2018-2026";"Developmental and Educational Psychology (Q4); Education (Q4)";"Psychology; Social Sciences"
1118;21100239659;"Maltrattamento e Abuso all'Infanzia";journal;"15914267, 19725140";"FrancoAngeli";No;No;0,204;Q4;13;32;62;1010;36;61;0,55;31,56;65,22;0;Italy;Western Europe;"FrancoAngeli";"2000-2005, 2013-2025";"Developmental and Educational Psychology (Q4); Health (social science) (Q4); Social Psychology (Q4)";"Psychology; Social Sciences"
1119;19900188288;"Subjectivity";journal;"17556341, 1755635X";"Palgrave Macmillan Ltd.";No;No;0,204;Q4;19;26;48;1244;29;39;0,31;47,85;35,71;0;United Kingdom;Western Europe;"Palgrave Macmillan Ltd.";"2011, 2015-2025";"Applied Psychology (Q4); Social Psychology (Q4)";"Psychology"
1120;21101155948;"Experimental Psychology (Russia)";journal;"20727593, 23117036";"Moscow State University of Psychology and Education";Yes;Yes;0,200;Q4;9;53;173;1832;81;173;0,53;34,57;61,81;0;Russian Federation;Eastern Europe;"Moscow State University of Psychology and Education";"2019-2025";"Experimental and Cognitive Psychology (Q4); Neuropsychology and Physiological Psychology (Q4); Psychology (miscellaneous) (Q4)";"Psychology"
1121;21100860773;"Journal of Sport and Health Research";journal;"19896239";"Didactic Asociation Andalucia";Yes;No;0,200;Q4;15;53;165;2724;102;165;0,46;51,40;31,54;0;Spain;Western Europe;"Didactic Asociation Andalucia";"2018-2026";"Developmental and Educational Psychology (Q4); Education (Q4); Orthopedics and Sports Medicine (Q4); Physical Therapy, Sports Therapy and Rehabilitation (Q4); Public Health, Environmental and Occupational Health (Q4)";"Health Professions; Medicine; Psychology; Social Sciences"
1122;3900148501;"North American Journal of Psychology";journal;"15277143";"North American Journal of Psychology";No;No;0,200;Q4;35;42;142;1958;64;138;0,38;46,62;41,12;0;United States;Northern America;"North American Journal of Psychology";"2005-2025";"Sociology and Political Science (Q3); Developmental and Educational Psychology (Q4); Education (Q4); Psychology (miscellaneous) (Q4)";"Psychology; Social Sciences"
1123;5700167230;"Psychoanalysis, Culture and Society";journal;"10880763, 15433390";"Palgrave Macmillan Ltd.";No;No;0,200;Q4;15;46;117;1110;62;111;0,55;24,13;48,94;0;United Kingdom;Western Europe;"Palgrave Macmillan Ltd.";"2004-2005, 2013-2025";"Cultural Studies (Q2); Sociology and Political Science (Q3); Applied Psychology (Q4); Health (social science) (Q4); Social Psychology (Q4)";"Psychology; Social Sciences"
1124;21100899503;"Transactional Analysis Journal";journal;"23295244, 03621537";"Taylor and Francis Ltd.";No;No;0,198;Q4;11;33;88;1123;65;71;0,78;34,03;62,07;0;United Kingdom;Western Europe;"Taylor and Francis Ltd.";"2018-2026";"Clinical Psychology (Q4); Decision Sciences (miscellaneous) (Q4); Developmental and Educational Psychology (Q4); Education (Q4); Psychiatry and Mental Health (Q4)";"Decision Sciences; Medicine; Psychology; Social Sciences"
1125;21100838187;"European Journal of Humour Research";journal;"2307700X";"Cracow Tertium Society for the Promotion of Language Studies";Yes;Yes;0,197;Q4;13;35;131;2008;102;131;0,66;57,37;59,65;0;Poland;Eastern Europe;"Cracow Tertium Society for the Promotion of Language Studies";"2017-2025";"Cultural Studies (Q2); Linguistics and Language (Q2); Communication (Q3); Applied Psychology (Q4)";"Psychology; Social Sciences"
1126;21101102055;"International Journal of Sport and Society";journal;"21527865, 21527857";"Common Ground Research Networks";No;No;0,196;Q4;5;16;75;795;31;75;0,33;49,69;51,43;0;United States;Northern America;"Common Ground Research Networks";"2019-2025";"Health Professions (miscellaneous) (Q3); Social Sciences (miscellaneous) (Q3); Urology (Q3); Education (Q4); Medicine (miscellaneous) (Q4); Psychology (miscellaneous) (Q4)";"Health Professions; Medicine; Psychology; Social Sciences"
1127;21101134692;"Studia Warminskie";journal;"01376624";"University of Warmia and Mazury";Yes;Yes;0,196;Q4;7;30;89;798;12;89;0,18;26,60;31,25;0;Poland;Eastern Europe;"University of Warmia and Mazury";"2019-2025";"History (Q1); Religious Studies (Q1); Philosophy (Q2); Law (Q3); Social Sciences (miscellaneous) (Q3); Developmental and Educational Psychology (Q4); Social Psychology (Q4)";"Arts and Humanities; Psychology; Social Sciences"
1128;19700174668;"Annual Review of CyberTherapy and Telemedicine";journal;"15548716";"Virtual Reality Medical Institute";Yes;No;0,194;Q4;24;43;98;804;67;91;0,72;18,70;61,83;0;Belgium;Western Europe;"Virtual Reality Medical Institute";"2009-2025";"Rehabilitation (Q3); Computer Science (miscellaneous) (Q4); Neuroscience (miscellaneous) (Q4); Psychology (miscellaneous) (Q4)";"Computer Science; Medicine; Neuroscience; Psychology"
1129;12014;"Anuario de Psicologia";journal;"00665126, 19885253";"Universitat de Barcelona";Yes;Yes;0,194;Q4;20;12;64;615;34;64;0,43;51,25;66,67;1;Spain;Western Europe;"Universitat de Barcelona";"2002-2009, 2011-2025";"Psychiatry and Mental Health (Q4); Psychology (miscellaneous) (Q4)";"Medicine; Psychology"
1130;21100860060;"Cognition, Brain, Behavior. An Interdisciplinary Journal";journal;"2601226X, 22479228";"ASCR Press";No;No;0,194;Q4;10;11;51;663;20;50;0,45;60,27;61,90;0;Romania;Eastern Europe;"ASCR Press";"2017-2025";"Experimental and Cognitive Psychology (Q4)";"Psychology"
1131;21100812388;"Revista Criminalidad";journal;"17943108, 22565531";"Policia Nacional de Colombia";Yes;Yes;0,194;Q4;9;30;105;1499;34;96;0,28;49,97;37,29;2;Colombia;Latin America;"Policia Nacional de Colombia";"2015-2025";"Arts and Humanities (miscellaneous) (Q2); Law (Q3); Social Sciences (miscellaneous) (Q3); Sociology and Political Science (Q3); Social Psychology (Q4)";"Arts and Humanities; Psychology; Social Sciences"
1132;21101164613;"Review of Science, Mathematics and ICT Education";journal;"1791261X, 17923999";"Department of Educational Sciences and Early Childhood Education, University of Patras";No;No;0,193;Q4;6;10;34;440;23;32;0,33;44,00;60,00;0;Greece;Western Europe;"Department of Educational Sciences and Early Childhood Education, University of Patras";"2019-2025";"Developmental and Educational Psychology (Q4); Education (Q4); Mathematical Physics (Q4); Mathematics (miscellaneous) (Q4)";"Mathematics; Psychology; Social Sciences"
1133;21100827186;"Socialni Prace";journal;"1805885X, 12136204";"Association of Educators in Social Work";No;No;0,193;Q4;8;53;170;1844;38;140;0,23;34,79;61,11;0;Czech Republic;Eastern Europe;"Association of Educators in Social Work";"2017-2025";"Social Sciences (miscellaneous) (Q3); Sociology and Political Science (Q3); Applied Psychology (Q4); Health (social science) (Q4)";"Psychology; Social Sciences"
1134;21100976770;"Medico-Biological and Socio-Psychological Issues of Safety in Emergency Situations";journal;"25417487, 19954441";"Nikiforov Russian Center of Emergency and Radiation Medicine, EMERCOM of Russia";Yes;No;0,192;Q4;7;32;137;586;42;137;0,35;18,31;30,77;0;Russian Federation;Eastern Europe;"Nikiforov Russian Center of Emergency and Radiation Medicine, EMERCOM of Russia";"2019-2025";"Emergency Medical Services (Q3); Emergency Medicine (Q3); Clinical Psychology (Q4); Psychiatry and Mental Health (Q4); Public Health, Environmental and Occupational Health (Q4)";"Health Professions; Medicine; Psychology"
1135;300147009;"Acta Neuropsychologica";journal;"17307503";"MEDSPORTPRESS Publishing House";No;No;0,191;Q4;16;35;98;1416;79;98;1,03;40,46;45,68;0;Poland;Eastern Europe;"MEDSPORTPRESS Publishing House";"2005-2025";"Applied Psychology (Q4); Neuropsychology and Physiological Psychology (Q4)";"Psychology"
1136;21100805728;"Nevrologiya, Neiropsikhiatriya, Psikhosomatika";journal;"20742711, 23101342";"Ima-Press Publishing House";Yes;Yes;0,191;Q4;17;101;376;4057;357;376;1,09;40,17;64,90;0;Russian Federation;Eastern Europe;"Ima-Press Publishing House";"2016-2025";"Clinical Psychology (Q4); Neurology (clinical) (Q4); Psychiatry and Mental Health (Q4)";"Medicine; Psychology"
1137;21101144405;"Psicogente";journal;"2027212X, 01240137";"Simon Bolivar University (Barranquilla)";Yes;Yes;0,191;Q4;8;18;57;946;53;56;0,89;52,56;47,92;0;Colombia;Latin America;"Simon Bolivar University (Barranquilla)";"2019-2025";"Applied Psychology (Q4); Experimental and Cognitive Psychology (Q4)";"Psychology"
1138;17700156017;"Revista de Psicologia del Deporte (discontinued)";journal;"19885636, 1132239X";"Sociedad Revista de Psicologia del Deporte";Yes;No;0,191;Q4;38;112;302;3641;238;300;0,73;32,51;37,33;0;Spain;Western Europe;"Sociedad Revista de Psicologia del Deporte";"2008-2025";"Applied Psychology (Q4); Sports Science (Q4)";"Health Professions; Psychology"
1139;21100204113;"Revista Iberoamericana de Psicologia del Ejercicio y el Deporte (discontinued)";journal;"23407700, 18868576";"Asociacion Canaria de Psicologia del Deporte";Yes;No;0,191;Q4;23;141;168;3662;77;167;0,51;25,97;41,56;0;Spain;Western Europe;"Asociacion Canaria de Psicologia del Deporte";"2012-2024";"Applied Psychology (Q4); Social Psychology (Q4); Sports Science (Q4)";"Health Professions; Psychology"
1140;14736;"Revue Francaise de Psychanalyse";journal;"00352942";"Presses Universitaires de France";No;No;0,191;Q4;18;123;335;1563;18;313;0,04;12,71;50,00;0;France;Western Europe;"Presses Universitaires de France";"1951-1979, 2001-2024";"Clinical Psychology (Q4); Psychiatry and Mental Health (Q4)";"Medicine; Psychology"
1141;15233;"Australasian Journal of Disaster and Trauma Studies";journal;"11744707";"Massey University";Yes;No;0,190;Q4;24;3;39;137;31;39;0,60;45,67;92,31;0;New Zealand;Pacific Region;"Massey University";"1997, 2004-2008, 2010-2024";"Applied Psychology (Q4)";"Psychology"
1142;12831;"Ceskoslovenska Psychologie";journal;"18046436, 0009062X";"Academy of Sciences of the Czech Republic";No;No;0,190;Q4;18;32;126;1502;62;117;0,45;46,94;47,96;0;Czech Republic;Eastern Europe;"Academy of Sciences of the Czech Republic";"1960-1962, 1996-2025";"Arts and Humanities (miscellaneous) (Q2); Psychology (miscellaneous) (Q4)";"Arts and Humanities; Psychology"
1143;5800208171;"Psico-USF";journal;"21753563";"Universidade Sao Francisco";Yes;Yes;0,190;Q4;13;56;183;2433;95;182;0,40;43,45;56,33;1;Brazil;Latin America;"Universidade Sao Francisco";"2017-2026";"Psychology (miscellaneous) (Q4)";"Psychology"
1144;21100858550;"Psychological Thought";journal;"21937281";"South-West University "Neofit Rilski"";Yes;No;0,190;Q4;11;19;76;1025;39;70;0,44;53,95;38,75;0;Bulgaria;Eastern Europe;"South-West University "Neofit Rilski"";"2017-2025";"Psychology (miscellaneous) (Q4)";"Psychology"
1145;21101052816;"Arteterapia";journal;"19888309, 18866190";"Universidad Complutense Madrid";Yes;Yes;0,189;Q4;5;27;130;666;16;72;0,06;24,67;78,05;0;Spain;Western Europe;"Universidad Complutense Madrid";"2019-2025";"Arts and Humanities (miscellaneous) (Q2); Applied Psychology (Q4); Clinical Psychology (Q4); Education (Q4); Rehabilitation (Q4)";"Arts and Humanities; Medicine; Psychology; Social Sciences"
1146;15405;"Journal of Child Psychotherapy";journal;"14699370, 0075417X";"Routledge";No;No;0,189;Q4;29;36;101;951;25;80;0,24;26,42;78,43;0;United Kingdom;Western Europe;"Routledge";"1963-2026";"Pediatrics, Perinatology and Child Health (Q3); Clinical Psychology (Q4); Psychiatry and Mental Health (Q4)";"Medicine; Psychology"
1147;700147004;"Psicoterapia e Scienze Umane";journal;"03942864, 19725043";"FrancoAngeli";No;No;0,189;Q4;12;49;134;1416;26;121;0,24;28,90;42,55;0;Italy;Western Europe;"FrancoAngeli";"2005-2025";"Clinical Psychology (Q4)";"Psychology"
1148;21100400192;"Annals of Psychology";journal;"24514306";"";Yes;No;0,187;Q4;12;22;76;1101;34;76;0,35;50,05;57,50;0;Poland;Eastern Europe;"";"2014-2025";"Psychology (miscellaneous) (Q4)";"Psychology"
1149;21100899527;"Australian Feminist Law Journal";journal;"22040064, 13200968";"Routledge";No;No;0,187;Q4;10;15;45;0;29;41;0,45;0,00;58,33;0;Australia;Pacific Region;"Routledge";"2018-2026";"Literature and Literary Theory (Q1); Gender Studies (Q3); Law (Q3); Sociology and Political Science (Q3); Psychology (miscellaneous) (Q4)";"Arts and Humanities; Psychology; Social Sciences"
1150;21100855411;"Journal for Social Action in Counseling and Psychology";journal;"21598142";"Ball State University Center for Peace and Conflict Studies";Yes;Yes;0,186;Q4;9;9;27;428;20;27;0,65;47,56;80,95;0;United States;Northern America;"Ball State University Center for Peace and Conflict Studies";"2017-2025";"Sociology and Political Science (Q3); Clinical Psychology (Q4); Education (Q4); Social Psychology (Q4)";"Psychology; Social Sciences"
1151;21101163244;"Journal for the Cognitive Science of Religion";journal;"20497563, 20497555";"Equinox Publishing Ltd";No;No;0,186;Q4;8;0;58;0;30;49;0,47;0,00;0,00;0;United Kingdom;Western Europe;"Equinox Publishing Ltd";"2019-2022, 2024-2025";"Religious Studies (Q1); Cognitive Neuroscience (Q4); Experimental and Cognitive Psychology (Q4); Neuropsychology and Physiological Psychology (Q4)";"Arts and Humanities; Neuroscience; Psychology"
1152;13419;"Psychoanalytic Inquiry";journal;"19409133, 07351690";"Taylor and Francis Ltd.";No;No;0,186;Q4;43;70;228;1838;65;136;0,24;26,26;57,14;0;United Kingdom;Western Europe;"Taylor and Francis Ltd.";"1981-2026";"Clinical Psychology (Q4)";"Psychology"
1153;21100469663;"Revista de Psicologia (Peru)";journal;"02549247, 22233733";"Pontificia Universidad Catolica del Peru";Yes;Yes;0,186;Q4;13;40;104;1974;60;100;0,48;49,35;47,66;0;Peru;Latin America;"Pontificia Universidad Catolica del Peru";"2016-2026";"Psychology (miscellaneous) (Q4)";"Psychology"
1154;21100211372;"Life Span and Disability";journal;"20355963";"Oasi Editrice";Yes;Yes;0,185;Q4;19;12;44;676;27;44;0,46;56,33;71,43;0;Italy;Western Europe;"Oasi Editrice";"2005, 2009-2025";"Developmental and Educational Psychology (Q4); Health (social science) (Q4); Life-span and Life-course Studies (Q4)";"Psychology; Social Sciences"
1155;74728;"Psihoterapija";journal;"03503186";"Medicinska Naklada Zagreb";No;No;0,185;Q4;5;17;32;388;6;31;0,18;22,82;81,25;0;Croatia;Eastern Europe;"Medicinska Naklada Zagreb";"1973, 1999, 2016-2024, 2026";"Clinical Psychology (Q4); Psychiatry and Mental Health (Q4)";"Medicine; Psychology"
1156;21100901563;"Korean Journal of Physical, Multiple and Health Disabilities";journal;"22883843";"";No;No;0,184;Q4;10;31;108;1312;53;108;0,45;42,32;49,09;0;South Korea;Asiatic Region;"";"2018-2025";"Developmental and Educational Psychology (Q4); Education (Q4); Physical Therapy, Sports Therapy and Rehabilitation (Q4)";"Health Professions; Psychology; Social Sciences"
1157;4700152865;"Psicologia e Sociedade";journal;"18070310, 01027182";"Associacao Brasileira de Psicologia Social";Yes;Yes;0,184;Q4;24;50;129;1509;40;128;0,12;30,18;62,63;0;Brazil;Latin America;"Associacao Brasileira de Psicologia Social";"2006-2025";"Social Psychology (Q4)";"Psychology"
1158;21100204509;"Exceptionality Education International";journal;"19185227";"Scholarship at Western";No;No;0,183;Q4;17;5;40;241;27;40;0,27;48,20;78,95;0;Canada;Northern America;"Scholarship at Western";"2012-2026";"Developmental and Educational Psychology (Q4); Education (Q4)";"Psychology; Social Sciences"
1159;21100790339;"Integration of Education";journal;"19919468, 23081058";"National Research Ogarev Mordovia State University";Yes;Yes;0,183;Q4;14;38;116;1366;89;116;0,70;35,95;72,64;0;Russian Federation;Eastern Europe;"National Research Ogarev Mordovia State University";"2016-2025";"Cultural Studies (Q2); Linguistics and Language (Q2); Developmental and Educational Psychology (Q4); Education (Q4)";"Psychology; Social Sciences"
1160;18000156708;"Neuropsychiatria i Neuropsychologia";journal;"20849885, 18966764";"Termedia Publishing House Ltd.";No;No;0,183;Q4;11;22;69;949;36;68;0,46;43,14;55,42;0;Poland;Eastern Europe;"Termedia Publishing House Ltd.";"2009-2025";"Behavioral Neuroscience (Q4); Neuropsychology and Physiological Psychology (Q4); Psychiatry and Mental Health (Q4)";"Medicine; Neuroscience; Psychology"
1161;13329;"Pratiques Psychologiques";journal;"1878092X, 12691763";"Elsevier Masson s.r.l.";No;No;0,183;Q4;17;19;57;980;27;54;0,54;51,58;57,58;1;France;Western Europe;"Elsevier Masson s.r.l.";"2004-2026";"Psychology (miscellaneous) (Q4)";"Psychology"
1162;19700177314;"Revista de Cercetare si Interventie Sociala";journal;"15833410, 15845397";"Expert Projects";Yes;No;0,183;Q4;19;45;205;1553;139;205;0,58;34,51;56,20;0;Romania;Eastern Europe;"Expert Projects";"2008-2025";"Sociology and Political Science (Q3); Health (social science) (Q4); Social Psychology (Q4)";"Psychology; Social Sciences"
1163;21100900142;"Theory and Practice of Second Language Acquisition";journal;"24505455, 24512125";"Wydawnictwo Uniwersytetu Slaskiego";Yes;Yes;0,183;Q4;8;23;48;989;26;43;0,61;43,00;85,29;0;Poland;Eastern Europe;"Wydawnictwo Uniwersytetu Slaskiego";"2018-2025";"Linguistics and Language (Q2); Developmental and Educational Psychology (Q4); Education (Q4)";"Psychology; Social Sciences"
1164;21100829905;"Bulletin of Educational Psychology";journal;"10115714";"National Taiwan Normal University";No;No;0,182;Q4;9;36;112;2565;59;112;0,47;71,25;47,37;0;Taiwan;Asiatic Region;"National Taiwan Normal University";"2015-2025";"Developmental and Educational Psychology (Q4); Education (Q4)";"Psychology; Social Sciences"
1165;21100205744;"Health and Addictions / Salud y Drogas";journal;"15785319, 1988205X";"Instituto de Investigacion de Drogodependencias";Yes;No;0,182;Q4;17;40;110;2030;59;110;0,51;50,75;59,70;4;Spain;Western Europe;"Instituto de Investigacion de Drogodependencias";"2009-2025";"Developmental and Educational Psychology (Q4); Health (social science) (Q4); Neuropsychology and Physiological Psychology (Q4); Psychiatry and Mental Health (Q4)";"Medicine; Psychology; Social Sciences"
1166;21100198212;"Psicologia Clinica dello Sviluppo";journal;"26121999, 1824078X";"Societa Editrice Il Mulino";No;No;0,182;Q4;15;42;118;1117;56;106;0,46;26,60;75,32;0;Italy;Western Europe;"Societa Editrice Il Mulino";"1998-2025";"Clinical Psychology (Q4); Developmental and Educational Psychology (Q4)";"Psychology"
1167;15355;"Travail Humain";journal;"00411868";"";No;No;0,182;Q4;27;9;33;713;21;33;0,50;79,22;56,67;0;France;Western Europe;"";"1947-1949, 1972-1993, 1996-2024";"Industrial Relations (Q3); Applied Psychology (Q4); Human Factors and Ergonomics (Q4); Psychology (miscellaneous) (Q4)";"Business, Management and Accounting; Psychology; Social Sciences"
1168;59860;"Arquivos Brasileiros de Psicologia";journal;"18095267, 01008692";"Universidade Federal do Rio de Janeiro";Yes;Yes;0,181;Q4;13;0;92;0;40;89;0,79;0,00;0,00;0;Brazil;Latin America;"Universidade Federal do Rio de Janeiro";"1982, 2009-2021";"Psychology (miscellaneous) (Q4)";"Psychology"
1169;21100388418;"BPA Applied Psychology Bulletin";journal;"00066761";"Giunti Psychometrics";No;No;0,181;Q4;14;18;40;857;16;40;0,39;47,61;57,58;0;Italy;Western Europe;"Giunti Psychometrics";"2014-2025";"Applied Psychology (Q4)";"Psychology"
1170;13990;"Psychologie Francaise";journal;"00332984";"Elsevier Masson s.r.l.";No;No;0,181;Q4;20;32;79;2479;37;77;0,47;77,47;59,52;0;France;Western Europe;"Elsevier Masson s.r.l.";"2004-2026";"Psychology (miscellaneous) (Q4)";"Psychology"
1171;21100923615;"Rivista Internazionale di Filosofia e Psicologia";journal;"20394667, 22392629";"MIMESIS EDIZIONI";Yes;Yes;0,181;Q4;6;16;64;999;29;60;0,38;62,44;31,58;0;Italy;Western Europe;"MIMESIS EDIZIONI";"2019-2025";"Philosophy (Q2); Experimental and Cognitive Psychology (Q4); Social Psychology (Q4)";"Arts and Humanities; Psychology"
1172;21100942816;"Shagi/ Steps";journal;"27821765, 24129410";"Russian Presidential Academy of National Economy and Public Administration";Yes;Yes;0,181;Q4;4;63;197;1378;24;193;0,14;21,87;58,49;0;Russian Federation;Eastern Europe;"Russian Presidential Academy of National Economy and Public Administration";"2019-2025";"Arts and Humanities (miscellaneous) (Q2); Social Sciences (miscellaneous) (Q3); Psychology (miscellaneous) (Q4)";"Arts and Humanities; Psychology; Social Sciences"
1173;21101053110;"Turkish Psychological Counseling and Guidance Journal";journal;"13021370";"Turkish Psychological Counseling and Guidance Association";No;No;0,181;Q4;8;40;101;2329;42;101;0,35;58,23;58,02;0;Turkey;Middle East;"Turkish Psychological Counseling and Guidance Association";"2019-2025";"Applied Psychology (Q4); Education (Q4); Psychology (miscellaneous) (Q4)";"Psychology; Social Sciences"
1174;21100828655;"Journal of Financial Therapy";journal;"19449771, 19457774";"Revista Civilistica";Yes;Yes;0,180;Q4;13;11;47;337;33;46;0,65;30,64;52,38;0;United States;Northern America;"Revista Civilistica";"2017-2025";"Applied Psychology (Q4); Finance (Q4); Health (social science) (Q4); Social Psychology (Q4)";"Economics, Econometrics and Finance; Psychology; Social Sciences"
1175;21100910239;"Journal of Elementary Education";journal;"23504803, 18554431";"University of Maribor Press";Yes;Yes;0,178;Q4;9;37;97;1171;48;96;0,41;31,65;77,97;0;Slovenia;Eastern Europe;"University of Maribor Press";"2015-2025";"Developmental and Educational Psychology (Q4); Education (Q4)";"Psychology; Social Sciences"
1176;21100228079;"Analise Psicologica";journal;"16466020, 08708231";"Instituto Superior de Psicologia Aplicada";Yes;No;0,177;Q4;16;16;57;869;23;57;0,34;54,31;70,49;0;Portugal;Western Europe;"Instituto Superior de Psicologia Aplicada";"2010-2026";"Education (Q4); Psychology (miscellaneous) (Q4)";"Psychology; Social Sciences"
1177;21100223575;"Educational and Child Psychology";book series;"02671611, 23968702";"British Psychological Society";No;No;0,177;Q4;36;12;89;592;49;76;0,52;49,33;76,47;0;United Kingdom;Western Europe;"British Psychological Society";"1997-2025";"Developmental and Educational Psychology (Q4)";"Psychology"
1178;15600;"Neuropsychiatrie de l'Enfance et de l'Adolescence";journal;"02229617, 17696615";"Elsevier Masson s.r.l.";No;No;0,177;Q4;22;53;177;2060;67;168;0,41;38,87;59,41;5;France;Western Europe;"Elsevier Masson s.r.l.";"1979-2026";"Pediatrics, Perinatology and Child Health (Q3); Developmental and Educational Psychology (Q4); Psychiatry and Mental Health (Q4)";"Medicine; Psychology"
1179;19174;"Psychoterapia";journal;"23915862, 02394170";"Komitet Redakcyjno Wydawniczy Polskiego Towarzystwa Psychiatrycznego";Yes;No;0,177;Q4;8;26;68;518;8;61;0,06;19,92;54,05;0;Poland;Eastern Europe;"Komitet Redakcyjno Wydawniczy Polskiego Towarzystwa Psychiatrycznego";"2001-2025";"Clinical Psychology (Q4); Psychiatry and Mental Health (Q4)";"Medicine; Psychology"
1180;21100926538;"Sibirskiy Psikhologicheskiy Zhurnal";journal;"17267080, 24110809";"Tomsk State University";Yes;No;0,177;Q4;7;39;123;1663;58;123;0,51;42,64;63,95;0;Russian Federation;Eastern Europe;"Tomsk State University";"2019-2025";"Psychology (miscellaneous) (Q4)";"Psychology"
1181;19832;"Sleep and Hypnosis";journal;"13021192";"Kure Iletisim Grubu A.S.";No;No;0,177;Q4;25;0;7;0;4;7;0,00;0,00;0,00;0;Turkey;Middle East;"Kure Iletisim Grubu A.S.";"2000-2013, 2015-2020";"Clinical Psychology (Q4); Complementary and Alternative Medicine (Q4)";"Medicine; Psychology"
1182;21100830426;"Journal of Criminological Research, Policy and Practice";journal;"2056385X, 20563841";"Emerald Group Publishing Ltd.";No;No;0,176;Q4;17;18;70;974;49;66;0,46;54,11;61,82;0;United Kingdom;Western Europe;"Emerald Group Publishing Ltd.";"2015-2025";"Law (Q3); Sociology and Political Science (Q3); Health (social science) (Q4); Public Administration (Q4); Social Psychology (Q4)";"Psychology; Social Sciences"
1183;12748;"New Zealand Journal of Psychology";journal;"0112109X";"New Zealand Psychological Society";No;No;0,176;Q4;41;6;47;336;17;46;0,16;56,00;60,71;0;New Zealand;Pacific Region;"New Zealand Psychological Society";"1996-2025";"Psychology (miscellaneous) (Q4)";"Psychology"
1184;17658;"American Imago";journal;"10857931, 0065860X";"Johns Hopkins University Press";No;No;0,175;Q4;20;35;97;1183;60;67;0,09;33,80;45,95;0;United States;Northern America;"Johns Hopkins University Press";"1946-1953, 1964-1980, 1996-2025";"Literature and Literary Theory (Q1); Arts and Humanities (miscellaneous) (Q2); Music (Q2); Anthropology (Q3); Experimental and Cognitive Psychology (Q4)";"Arts and Humanities; Psychology; Social Sciences"
1185;21101040700;"Journal of Applied Rehabilitation Counseling";journal;"00472220, 26397641";"Springer Publishing Company";No;No;0,175;Q4;7;13;61;674;28;60;0,28;51,85;55,56;0;United States;Northern America;"Springer Publishing Company";"1970, 2019-2025";"Chiropractics (Q3); Analysis (Q4); Applied Psychology (Q4); Occupational Therapy (Q4); Physical Therapy, Sports Therapy and Rehabilitation (Q4); Public Health, Environmental and Occupational Health (Q4); Rehabilitation (Q4)";"Health Professions; Mathematics; Medicine; Psychology"
1186;21100901169;"Revista CES Psicologia";journal;"20113080";"Universidad CES";Yes;Yes;0,175;Q4;10;35;100;1695;63;97;0,46;48,43;57,81;0;Colombia;Latin America;"Universidad CES";"2018-2025";"Psychology (miscellaneous) (Q4)";"Psychology"
1187;144836;"Scandinavian Psychoanalytic Review";journal;"01062301, 16000803";"Routledge";No;No;0,175;Q4;13;12;36;331;7;32;0,08;27,58;45,00;0;United Kingdom;Western Europe;"Routledge";"1978-2026";"Clinical Psychology (Q4); Psychiatry and Mental Health (Q4)";"Medicine; Psychology"
1188;18300156721;"Zeitschrift fur Sportpsychologie";journal;"21906300, 16125010";"Hogrefe Publishing";No;No;0,175;Q4;14;28;80;616;17;36;0,20;22,00;48,78;0;Germany;Western Europe;"Hogrefe Publishing";"2008-2023";"Applied Psychology (Q4); Physical Therapy, Sports Therapy and Rehabilitation (Q4); Social Psychology (Q4)";"Health Professions; Psychology"
1189;21101047144;"Islamic Guidance and Counseling Journal";journal;"26855909, 26141566";"Institut Agama Islam Ma'arif NU (IAIMNU) Metro Lampung";Yes;No;0,174;Q4;8;34;47;1839;44;47;1,13;54,09;39,53;0;Indonesia;Asiatic Region;"Institut Agama Islam Ma'arif NU (IAIMNU) Metro Lampung";"2018-2026";"Religious Studies (Q2); Psychology (miscellaneous) (Q4)";"Arts and Humanities; Psychology"
1190;21100211304;"Psicologia Escolar e Educacional";journal;"14138557, 21753539";"Associacao Brasileira de Psicologia Escolar e Educacional";Yes;Yes;0,174;Q4;17;35;132;934;44;129;0,44;26,69;76,62;0;Brazil;Latin America;"Associacao Brasileira de Psicologia Escolar e Educacional";"2012-2025";"Developmental and Educational Psychology (Q4); Social Psychology (Q4)";"Psychology"
1191;21100812627;"Publicaciones de la Facultad de Educacion y Humanidades del Campus de Melilla";journal;"25309269, 15774147";"Universidad de Granada";Yes;Yes;0,174;Q4;13;28;135;941;90;126;0,63;33,61;44,78;10;Spain;Western Europe;"Universidad de Granada";"2012-2025";"Developmental and Educational Psychology (Q4); Education (Q4)";"Psychology; Social Sciences"
1192;21100896490;"ETS Research Report Series";journal;"23308516";"John Wiley &amp; Sons Inc.";No;No;0,173;Q4;29;11;75;802;56;75;0,76;72,91;48,57;0;United States;Northern America;"John Wiley &amp; Sons Inc.";"1996-2014, 2018-2025";"Applied Psychology (Q4); Education (Q4); Social Psychology (Q4); Statistics, Probability and Uncertainty (Q4)";"Decision Sciences; Psychology; Social Sciences"
1193;12002;"Journal of the History of the Behavioral Sciences";journal;"00225061, 15206696";"John Wiley &amp; Sons Inc.";No;No;0,173;Q4;35;24;66;1530;39;59;0,58;63,75;37,04;0;United States;Northern America;"John Wiley &amp; Sons Inc.";"1967, 1969-2026";"History (Q2); Psychology (miscellaneous) (Q4)";"Arts and Humanities; Psychology"
1194;21100886538;"Quadernos de Psicologia";journal;"02113481, 20144520";"Universitat Autonoma de Barcelona";Yes;Yes;0,173;Q4;8;38;109;1465;53;109;0,44;38,55;61,80;0;Spain;Western Europe;"Universitat Autonoma de Barcelona";"2018-2025";"Psychology (miscellaneous) (Q4)";"Psychology"
1195;21101054407;"Cyprus Turkish Journal of Psychiatry and Psychology";journal;"13027840, 26678225";"Cyprus Mental Health Institute";No;No;0,172;Q4;7;41;105;1541;37;98;0,41;37,59;60,94;0;Turkey;Middle East;"Cyprus Mental Health Institute";"2020-2025";"Applied Psychology (Q4); Clinical Psychology (Q4); Psychiatry and Mental Health (Q4)";"Medicine; Psychology"
1196;21100822743;"PSICOLOGIA";journal;"08742049, 21832471";"Associacao Portuguesa de Psicologia";Yes;No;0,172;Q4;9;17;78;716;38;76;0,52;42,12;65,38;0;Portugal;Western Europe;"Associacao Portuguesa de Psicologia";"2016-2025";"Psychology (miscellaneous) (Q4)";"Psychology"
1197;14774;"Sante Mentale au Quebec";journal;"17083923, 03836320";"";No;No;0,172;Q4;15;22;83;1060;29;73;0,32;48,18;58,25;3;Canada;Northern America;"";"1990-1998, 2004-2025";"Clinical Psychology (Q4); Medicine (miscellaneous) (Q4); Psychiatry and Mental Health (Q4)";"Medicine; Psychology"
1198;5100155040;"Psychiatria i Psychologia Kliniczna";journal;"16446313, 24510645";"Medical Communications";Yes;Yes;0,171;Q4;13;47;97;1680;42;96;0,34;35,74;72,53;0;Poland;Eastern Europe;"Medical Communications";"2006-2025";"Clinical Psychology (Q4); Psychiatry and Mental Health (Q4)";"Medicine; Psychology"
1199;21100967057;"Psycholinguistics";journal;"23091797, 24153397";"Pereiaslav-Khmelnytskyi Hryhorii Skovoroda State Pedagogical University";Yes;No;0,171;Q4;10;32;119;1330;81;119;0,74;41,56;59,09;0;Ukraine;Eastern Europe;"Pereiaslav-Khmelnytskyi Hryhorii Skovoroda State Pedagogical University";"2019-2025";"Linguistics and Language (Q2); Experimental and Cognitive Psychology (Q4)";"Psychology; Social Sciences"
1200;21100981168;"International Journal of Body, Mind and Culture";journal;"23455802";"Behi Academy Publications";Yes;Yes;0,170;Q4;8;67;113;2202;69;106;0,65;32,87;44,23;0;Iran;Middle East;"Behi Academy Publications";"2019-2026";"Applied Psychology (Q4); Psychiatry and Mental Health (Q4)";"Medicine; Psychology"
1201;21100396634;"Journal of Educational, Cultural and Psychological Studies";journal;"20377924, 20377932";"LED Edizioni Universitarie";Yes;Yes;0,170;Q4;14;23;81;747;33;73;0,39;32,48;50,85;0;Italy;Western Europe;"LED Edizioni Universitarie";"2014-2026";"Developmental and Educational Psychology (Q4); Education (Q4); Social Psychology (Q4)";"Psychology; Social Sciences"
1202;20008;"Chinese Journal of Psychiatry";journal;"10067884";"Chinese Medical Journals Publishing House Co.Ltd";No;No;0,169;Q4;10;74;172;2627;76;169;0,46;35,50;43,02;0;China;Asiatic Region;"Chinese Medical Journals Publishing House Co.Ltd";"1998-1999, 2019-2026";"Biological Psychiatry (Q4); Clinical Psychology (Q4); Cognitive Neuroscience (Q4); Psychiatry and Mental Health (Q4)";"Medicine; Neuroscience; Psychology"
1203;21100860444;"Dog Behavior";journal;"24210684, 24215678";"Edizioni ETS";No;No;0,169;Q4;12;10;43;297;17;42;0,30;29,70;63,64;0;Italy;Western Europe;"Edizioni ETS";"2015-2026";"Small Animals (Q3); Animal Science and Zoology (Q4); Applied Psychology (Q4)";"Agricultural and Biological Sciences; Psychology; Veterinary"
1204;21100967510;"East European Journal of Psycholinguistics";journal;"23123265, 23132116";"Lesya Ukrainka Volyn National University";Yes;No;0,169;Q4;8;31;90;1268;85;88;0,98;40,90;57,53;0;Ukraine;Eastern Europe;"Lesya Ukrainka Volyn National University";"2019-2025";"Linguistics and Language (Q2); Experimental and Cognitive Psychology (Q4)";"Psychology; Social Sciences"
1205;21100929891;"Changing Societies and Personalities";journal;"25876104, 25878964";"Ural Federal University";Yes;Yes;0,168;Q4;8;41;106;1891;40;96;0,35;46,12;55,56;0;Russian Federation;Eastern Europe;"Ural Federal University";"2017-2025";"Cultural Studies (Q2); Sociology and Political Science (Q3); Social Psychology (Q4)";"Psychology; Social Sciences"
1206;11700154711;"Psicooncologia";journal;"19888287, 16967240";"Universidad Complutense Madrid";Yes;Yes;0,168;Q4;15;22;67;723;33;63;0,47;32,86;69,00;2;Spain;Western Europe;"Universidad Complutense Madrid";"2008-2025";"Clinical Psychology (Q4); Oncology (Q4)";"Medicine; Psychology"
1207;21101037305;"Russian Psychological Journal";journal;"18121853, 24115789";"Russian Psychological Society";Yes;No;0,168;Q4;6;63;113;2734;64;113;0,67;43,40;69,71;0;Russian Federation;Eastern Europe;"Russian Psychological Society";"2019-2025";"Education (Q4); Psychology (miscellaneous) (Q4)";"Psychology; Social Sciences"
1208;30013;"Journal of Mind and Behavior";journal;"29949602, 02710137";"Institute of Mind and Behavior Inc.";No;No;0,165;Q4;21;11;44;588;14;43;0,38;53,45;7,14;0;United States;Northern America;"Institute of Mind and Behavior Inc.";"1996-2025";"Arts and Humanities (miscellaneous) (Q3); Experimental and Cognitive Psychology (Q4)";"Arts and Humanities; Psychology"
1209;21100912973;"Swiss Archives of Neurology, Psychiatry and Psychotherapy";journal;"22976981, 22977007";"EMH Schweizerischer Arzteverlag AG";Yes;Yes;0,165;Q4;16;33;103;290;25;64;0,11;8,79;39,77;1;Switzerland;Western Europe;"EMH Schweizerischer Arzteverlag AG";"2016-2024";"Clinical Psychology (Q4); Neurology (clinical) (Q4); Psychiatry and Mental Health (Q4)";"Medicine; Psychology"
1210;21100403825;"Avaliacao Psicologica";journal;"21753431, 16770471";"Instituto Brasileiro de Avaliacao Psicologica";Yes;No;0,164;Q4;13;22;210;903;82;196;0,19;41,05;62,30;0;Brazil;Latin America;"Instituto Brasileiro de Avaliacao Psicologica";"2015-2025";"Psychology (miscellaneous) (Q4)";"Psychology"
1211;21100932759;"Cogent Medicine";journal;"2331205X";"Cogent OA";Yes;No;0,163;Q4;0;0;0;0;0;0;0,00;0,00;0,00;0;United Kingdom;Western Europe;"Cogent OA";"2017, 2019-2021";"Applied Psychology (Q4); Biochemistry, Genetics and Molecular Biology (miscellaneous) (Q4)";"Biochemistry, Genetics and Molecular Biology; Psychology"
1212;19900191978;"European Journal of Psychotherapy and Counselling";journal;"14695901, 13642537";"Routledge";No;No;0,163;Q4;20;25;79;907;29;67;0,48;36,28;53,85;0;United Kingdom;Western Europe;"Routledge";"2010-2026";"Clinical Psychology (Q4); Psychiatry and Mental Health (Q4)";"Medicine; Psychology"
1213;14732;"Revista Mexicana de Psicologia";journal;"01856073";"Sociedad Mexicana de Psicologia";No;No;0,163;Q4;21;0;22;0;7;22;0,29;0,00;0,00;0;Mexico;Latin America;"Sociedad Mexicana de Psicologia";"1996-2022";"Psychology (miscellaneous) (Q4)";"Psychology"
1214;21100888252;"Perspektivy Nauki i Obrazovania";journal;"23072334";"LLC Ecological Help";No;No;0,162;-;12;263;679;9542;303;679;0,48;36,28;72,73;0;Russian Federation;Eastern Europe;"LLC Ecological Help";"2018-2025";"Philosophy (Q2); Education (Q4)";"Arts and Humanities; Social Sciences"
1215;7500153128;"Universitas Psychologica";journal;"16579267, 20112777";"Pontificia Universidad Javeriana";Yes;No;0,160;Q4;37;27;76;1119;41;76;0,38;41,44;55,26;0;Colombia;Latin America;"Pontificia Universidad Javeriana";"2007-2026";"Psychology (miscellaneous) (Q4); Social Psychology (Q4)";"Psychology"
1216;19900193866;"Gedrag en Organisatie";journal;"09215077, 18757235";"Amsterdam University Press";No;No;0,159;Q4;15;14;53;1051;10;48;0,19;75,07;62,96;0;Netherlands;Western Europe;"Amsterdam University Press";"2008-2025";"Organizational Behavior and Human Resource Management (Q4); Social Psychology (Q4); Strategy and Management (Q4)";"Business, Management and Accounting; Psychology"
1217;21100904920;"Journal of Measurement and Evaluation in Education and Psychology";journal;"13096575";"Association of Measurement and Evaluation in Education and Psychology (EPODDER)";Yes;No;0,159;Q4;9;32;70;1532;38;70;0,58;47,88;51,72;0;Turkey;Middle East;"Association of Measurement and Evaluation in Education and Psychology (EPODDER)";"2018-2025";"Developmental and Educational Psychology (Q4); Education (Q4)";"Psychology; Social Sciences"
1218;21100786920;"Pakistan Journal of Psychological Research";journal;"10160604";"National Institute of Psychology";Yes;No;0,159;Q4;14;41;121;1628;50;121;0,34;39,71;80,22;0;Pakistan;Asiatic Region;"National Institute of Psychology";"2016-2026";"Psychology (miscellaneous) (Q4)";"Psychology"
1219;23263;"Sprache Stimme Gehor";journal;"03420477, 14391260";"Georg Thieme Verlag";No;No;0,158;Q4;12;78;209;549;20;107;0,07;7,04;67,14;0;Germany;Western Europe;"Georg Thieme Verlag";"1980-2026";"Applied Psychology (Q4); Psychiatry and Mental Health (Q4); Speech and Hearing (Q4)";"Health Professions; Medicine; Psychology"
1220;18621;"Praxis der Kinderpsychologie und Kinderpsychiatrie";journal;"21968225, 00327034";"Vandenhoeck and Ruprecht GmbH and Co. KG";No;No;0,157;Q4;23;40;135;1349;44;115;0,27;33,73;68,63;1;Germany;Western Europe;"Vandenhoeck and Ruprecht GmbH and Co. KG";"1961-2026";"Developmental and Educational Psychology (Q4); Psychiatry and Mental Health (Q4)";"Medicine; Psychology"
1221;21100871683;"Revista de Psicologia de la Salud";journal;"02146118, 23862300";"Universidad Miguel Hernandez";No;No;0,157;Q4;5;12;39;474;15;39;0,48;39,50;64,71;0;Spain;Western Europe;"Universidad Miguel Hernandez";"2018-2025";"Clinical Psychology (Q4); Public Health, Environmental and Occupational Health (Q4)";"Medicine; Psychology"
1222;21100258631;"International Journal of Early Childhood Learning";journal;"23278722, 23277939";"Common Ground Research Networks";No;No;0,155;Q4;5;6;23;301;14;23;0,82;50,17;69,23;0;United States;Northern America;"Common Ground Research Networks";"2012-2025";"Developmental and Educational Psychology (Q4); Education (Q4)";"Psychology; Social Sciences"
1223;21101142416;"Journal of Underrepresented and Minority Progress";journal;"25743465, 25743481";"STAR Scholars Network";No;No;0,155;Q4;6;13;46;588;19;44;0,31;45,23;46,43;1;United States;Northern America;"STAR Scholars Network";"2019-2025";"Cultural Studies (Q2); Philosophy (Q2); Sociology and Political Science (Q3); Education (Q4); Psychology (miscellaneous) (Q4)";"Arts and Humanities; Psychology; Social Sciences"
1224;4100151502;"Psychologie du Travail et des Organisations";journal;"14202530";"Elsevier Masson s.r.l.";No;No;0,155;Q4;13;17;68;1041;19;64;0,29;61,24;50,00;1;France;Western Europe;"Elsevier Masson s.r.l.";"2005-2006, 2008-2025";"Human Factors and Ergonomics (Q4); Social Psychology (Q4)";"Psychology; Social Sciences"
1225;5200152705;"Avances en Psicologia Latinoamericana";journal;"17944724, 21454515";"Fundacion para el Avance de la Psicologia";Yes;Yes;0,154;Q4;19;31;108;1585;39;99;0,25;51,13;46,67;0;Colombia;Latin America;"Fundacion para el Avance de la Psicologia";"1983, 2006-2025";"Clinical Psychology (Q4)";"Psychology"
1226;5400152702;"Estudos de Psicologia (Natal)";journal;"16784669, 1413294X";"Universidade Federal do Rio Grande do Norte";Yes;No;0,154;Q4;18;50;145;1966;47;143;0,23;39,32;57,79;0;Brazil;Latin America;"Universidade Federal do Rio Grande do Norte";"2006-2024";"Psychology (miscellaneous) (Q4)";"Psychology"
1227;21100900132;"Interacao em Psicologia";journal;"19818076, 19818068";"Universidade Federal do Parana - Departamento de Psicologia";Yes;Yes;0,154;Q4;6;35;104;1455;23;99;0,17;41,57;67,07;0;Brazil;Latin America;"Universidade Federal do Parana - Departamento de Psicologia";"2018-2025";"Psychology (miscellaneous) (Q4)";"Psychology"
1228;21100942914;"Organizatsionnaya Psikhologiya";journal;"23125942";"National Research University Higher School of Economics (HSE University)";Yes;No;0,154;Q4;8;53;120;2914;53;119;0,44;54,98;59,52;0;Russian Federation;Eastern Europe;"National Research University Higher School of Economics (HSE University)";"2019-2025";"Applied Psychology (Q4); Organizational Behavior and Human Resource Management (Q4); Social Psychology (Q4)";"Business, Management and Accounting; Psychology"
1229;21100877822;"Revista Argentina de Ciencias del Comportamiento";journal;"18524206";"Universidad Nacional de Cordoba - Facultad de Psicologia";Yes;Yes;0,154;Q4;10;36;69;1926;32;69;0,41;53,50;52,17;0;Argentina;Latin America;"Universidad Nacional de Cordoba - Facultad de Psicologia";"2018-2025";"Linguistics and Language (Q3); Behavioral Neuroscience (Q4); Developmental and Educational Psychology (Q4); Experimental and Cognitive Psychology (Q4)";"Neuroscience; Psychology; Social Sciences"
1230;21100898630;"Journal of Special Education Leadership";journal;"15251810";"Council of Administrators of Special Education";No;No;0,153;Q4;8;12;40;378;19;26;0,19;31,50;75,00;0;United States;Northern America;"Council of Administrators of Special Education";"2018-2025";"Developmental and Educational Psychology (Q4); Education (Q4); Public Administration (Q4)";"Psychology; Social Sciences"
1231;110337;"Zhurnal Nevrologii i Psihiatrii imeni S.S. Korsakova";journal;"23094729, 19977298";"Media Sphera Publishing Group";No;No;0,153;-;26;357;1074;12426;848;1069;0,76;34,81;65,11;1;Russian Federation;Eastern Europe;"Media Sphera Publishing Group";"1952-2026";"Neurology (clinical) (Q4); Psychiatry and Mental Health (Q4)";"Medicine"
1232;21100198239;"Enfances, Familles, Generations";journal;"17086310";"Centre - Urbanisation Culture Societe de l'INRS";Yes;Yes;0,151;Q4;10;32;83;1923;20;83;0,20;60,09;79,73;0;Canada;Northern America;"Centre - Urbanisation Culture Societe de l'INRS";"2011-2024";"Anthropology (Q3); Social Psychology (Q4); Social Sciences (miscellaneous) (Q4)";"Psychology; Social Sciences"
1233;21100244949;"Psicologia della Salute";journal;"17210321, 19725167";"FrancoAngeli Edizioni";No;No;0,151;Q4;17;31;84;1091;24;78;0,22;35,19;67,62;0;Italy;Western Europe;"FrancoAngeli Edizioni";"2000-2025";"Applied Psychology (Q4); Health (social science) (Q4)";"Psychology; Social Sciences"
1234;21100898990;"Dynamic Relationships Management Journal";journal;"2350367X, 22325867";"Slovenian Academy of Management";Yes;Yes;0,149;Q4;5;17;35;995;13;34;0,17;58,53;60,00;0;Slovenia;Eastern Europe;"Slovenian Academy of Management";"2018-2025";"Economics, Econometrics and Finance (miscellaneous) (Q4); Organizational Behavior and Human Resource Management (Q4); Social Psychology (Q4); Strategy and Management (Q4)";"Business, Management and Accounting; Economics, Econometrics and Finance; Psychology"
1235;21101141651;"Revista Guillermo de Ockham";journal;"1794192X, 22563202";"University of San Buenaventura - Cali";Yes;Yes;0,148;Q4;6;43;73;1868;22;66;0,19;43,44;37,50;1;Colombia;Latin America;"University of San Buenaventura - Cali";"2019-2025";"Arts and Humanities (miscellaneous) (Q3); Psychology (miscellaneous) (Q4); Social Sciences (miscellaneous) (Q4)";"Arts and Humanities; Psychology; Social Sciences"
1236;19800188011;"Geriatrie et Psychologie Neuropsychiatrie du Vieillissement";journal;"21158789, 21157863";"John Libbey";No;No;0,147;Q4;23;62;172;1954;58;156;0,26;31,52;47,51;1;France;Western Europe;"John Libbey";"2011-2025";"Biological Psychiatry (Q4); Geriatrics and Gerontology (Q4); Medicine (miscellaneous) (Q4); Neurology (clinical) (Q4); Neuropsychology and Physiological Psychology (Q4)";"Medicine; Neuroscience; Psychology"
1237;21100881506;"Przestrzen Spoleczna (discontinued)";journal;"20841558, 20847696";"";Yes;No;0,146;Q4;8;0;84;0;34;77;0,44;0,00;0,00;0;Poland;Eastern Europe;"";"2018-2022";"Cultural Studies (Q2); Demography (Q4); Economics, Econometrics and Finance (miscellaneous) (Q4); Geography, Planning and Development (Q4); Social Psychology (Q4); Social Sciences (miscellaneous) (Q4); Sociology and Political Science (Q4); Urban Studies (Q4)";"Economics, Econometrics and Finance; Psychology; Social Sciences"
1238;19700187812;"Psychologist-Manager Journal";journal;"15503461, 10887156";"American Psychological Association";No;No;0,146;Q4;0;0;0;0;0;0;0,00;0,00;0,00;0;United States;Northern America;"American Psychological Association";"2000, 2010-2021";"Applied Psychology (Q4); Business, Management and Accounting (miscellaneous) (Q4); Social Psychology (Q4)";"Business, Management and Accounting; Psychology"
1239;19700188207;"Revista Mexicana de Analisis de la Conducta";journal;"20070802, 01854534";"Sociedad Mexicana de Analisis de la Conducta";No;No;0,146;Q4;13;15;64;523;16;60;0,18;34,87;31,25;0;Mexico;Latin America;"Sociedad Mexicana de Analisis de la Conducta";"1975, 2010-2025";"Applied Psychology (Q4); Experimental and Cognitive Psychology (Q4)";"Psychology"
1240;14806;"Shinrigaku Kenkyu";journal;"00215236";"Japanese Psychological Association";No;No;0,146;Q4;23;47;146;1787;32;146;0,19;38,02;33,08;0;Japan;Asiatic Region;"Japanese Psychological Association";"1926-1938, 1941-1943, 1948-2026";"Psychology (miscellaneous) (Q4)";"Psychology"
1241;21100898040;"Childhood Education";journal;"00094056, 21620725";"Taylor and Francis Ltd.";No;No;0,145;Q4;33;62;183;77;65;163;0,14;1,24;80,23;12;United Kingdom;Western Europe;"Taylor and Francis Ltd.";"1955-1956, 1979, 1984-1992, 1994-2026";"Developmental and Educational Psychology (Q4); Education (Q4); Management of Technology and Innovation (Q4)";"Business, Management and Accounting; Psychology; Social Sciences"
1242;21100372604;"Journal of Applied Research on Children";journal;"21555834";"Texas Medical Center Library";Yes;Yes;0,145;Q4;17;14;56;664;22;52;0,47;47,43;61,54;0;United States;Northern America;"Texas Medical Center Library";"2010, 2014-2023";"Developmental and Educational Psychology (Q4); Education (Q4); Sociology and Political Science (Q4)";"Psychology; Social Sciences"
1243;21100206246;"Orientation Scolaire et Professionnelle";journal;"02496739, 21043795";"Inetop-Cnam";No;No;0,145;Q4;8;37;98;695;20;91;0,11;18,78;58,46;0;France;Western Europe;"Inetop-Cnam";"2011-2025";"Developmental and Educational Psychology (Q4); Education (Q4); Social Psychology (Q4)";"Psychology; Social Sciences"
1244;4700152605;"Psicologia: Teoria e Pesquisa";journal;"01023772, 18063446";"Universidade de Brasilia";Yes;Yes;0,145;Q4;27;61;185;2515;57;184;0,29;41,23;64,67;1;Brazil;Latin America;"Universidade de Brasilia";"2000-2001, 2006-2025";"Psychology (miscellaneous) (Q4)";"Psychology"
1245;19500157813;"Suchttherapie";journal;"1439989X, 14399903";"Georg Thieme Verlag";No;No;0,145;Q4;12;41;115;602;10;72;0,11;14,68;35,00;1;Germany;Western Europe;"Georg Thieme Verlag";"2000-2026";"Applied Psychology (Q4); Psychiatry and Mental Health (Q4)";"Medicine; Psychology"
1246;21100858350;"Fashion, Style and Popular Culture";journal;"20500734, 20500726";"Intellect Ltd.";No;No;0,144;Q4;10;33;87;1271;43;73;0,50;38,52;63,41;0;United Kingdom;Western Europe;"Intellect Ltd.";"2015-2026";"Cultural Studies (Q2); Marketing (Q4); Materials Science (miscellaneous) (Q4); Social Psychology (Q4); Strategy and Management (Q4)";"Business, Management and Accounting; Materials Science; Psychology; Social Sciences"
1247;19700180913;"Psicologia USP";journal;"01036564, 16785177";"Instituto de Psicologia da Universidade de Sao Paulo";Yes;Yes;0,144;Q4;14;16;128;582;33;128;0,16;36,38;71,43;0;Brazil;Latin America;"Instituto de Psicologia da Universidade de Sao Paulo";"2006-2025";"Psychology (miscellaneous) (Q4)";"Psychology"
1248;21100925826;"Specijalna Edukacija i Rehabilitacija";journal;"14527367, 24061328";"University of Belgrade - Faculty of Special Education and Rehabilitation";Yes;Yes;0,144;Q4;4;21;52;973;15;52;0,25;46,33;68,42;0;Serbia;Eastern Europe;"University of Belgrade - Faculty of Special Education and Rehabilitation";"2018-2025";"Developmental and Educational Psychology (Q4); Education (Q4)";"Psychology; Social Sciences"
1249;18741;"Psychodynamic Practice";journal;"14753634, 14753626";"Routledge";No;No;0,143;Q4;23;25;91;672;31;64;0,22;26,88;72,00;0;United Kingdom;Western Europe;"Routledge";"2002-2026";"Clinical Psychology (Q4)";"Psychology"
1250;17600155223;"Revue de Psychotherapie Psychanalytique de Groupe";journal;"17762863, 02971194";"ERES";No;No;0,143;Q4;12;19;89;369;10;84;0,13;19,42;60,00;0;France;Western Europe;"ERES";"2001-2024";"Clinical Psychology (Q4); Psychiatry and Mental Health (Q4)";"Medicine; Psychology"
1251;19700177331;"Zeitschrift fur Neuropsychologie";journal;"1016264X";"Hogrefe Publishing GmbH &amp; Co. KG";No;No;0,143;Q4;15;17;70;787;24;58;0,38;46,29;50,00;0;Switzerland;Western Europe;"Hogrefe Publishing GmbH &amp; Co. KG";"1999-2003, 2010-2025";"Cognitive Neuroscience (Q4); Neuropsychology and Physiological Psychology (Q4); Psychiatry and Mental Health (Q4)";"Medicine; Neuroscience; Psychology"
1252;21101121506;"Psychology";journal;"11065737, 27326640";"National Documentation Centre";Yes;Yes;0,142;Q4;6;35;100;2686;27;96;0,29;76,74;65,22;0;Greece;Western Europe;"National Documentation Centre";"2010, 2012-2013, 2016, 2018-2026";"Psychology (miscellaneous) (Q4)";"Psychology"
1253;21101023107;"Reti Saperi Linguaggi";journal;"22797777, 18268889";"Societa Editrice Il Mulino";No;No;0,142;Q4;6;25;60;1071;20;56;0,28;42,84;60,00;0;Italy;Western Europe;"Societa Editrice Il Mulino";"2019-2025";"Linguistics and Language (Q3); Behavioral Neuroscience (Q4); Communication (Q4); Developmental Biology (Q4); Experimental and Cognitive Psychology (Q4)";"Biochemistry, Genetics and Molecular Biology; Neuroscience; Psychology; Social Sciences"
1254;21100921057;"Ricerche di Pedagogia e Didattica";journal;"19702221";"University of Bologna";Yes;Yes;0,142;Q4;7;35;81;1793;30;77;0,39;51,23;72,46;0;Italy;Western Europe;"University of Bologna";"2019-2025";"Developmental and Educational Psychology (Q4); Education (Q4)";"Psychology; Social Sciences"
1255;21101034432;"Archives of Mental Health";journal;"2589918X, 25899171";"Wolters Kluwer Medknow Publications";Yes;Yes;0,141;Q4;7;31;83;610;17;78;0,22;19,68;38,03;0;India;Asiatic Region;"Wolters Kluwer Medknow Publications";"2018-2025";"Clinical Psychology (Q4); Psychiatry and Mental Health (Q4)";"Medicine; Psychology"
1256;21100781873;"Journal of Drug and Alcohol Research";journal;"20908342, 20908334";"Ashdin Publishing";No;No;0,141;Q4;13;58;141;1810;40;134;0,24;31,21;36,49;0;Egypt;Africa/Middle East;"Ashdin Publishing";"2012, 2015-2025";"Clinical Psychology (Q4); Psychiatry and Mental Health (Q4)";"Medicine; Psychology"
1257;6800153105;"Mentalhigiene es Pszichoszomatika";journal;"17863759, 14198126";"Akademiai Kiado";No;No;0,141;Q4;17;21;45;1566;14;45;0,16;74,57;58,49;0;Hungary;Eastern Europe;"Akademiai Kiado";"2007-2025";"Neuropsychology and Physiological Psychology (Q4); Psychiatry and Mental Health (Q4)";"Medicine; Psychology"
1258;4700152401;"Psychoanalytic Social Work";journal;"15229033, 15228878";"Routledge";No;No;0,141;Q4;15;12;35;422;7;33;0,29;35,17;56,25;0;United States;Northern America;"Routledge";"1999-2025";"Social Psychology (Q4); Social Sciences (miscellaneous) (Q4); Social Work (Q4)";"Psychology; Social Sciences"
1259;21101034439;"Studia Sportiva";journal;"25708783, 18027679";"Masaryk University";No;No;0,141;Q4;5;30;70;993;26;70;0,34;33,10;29,07;0;Czech Republic;Eastern Europe;"Masaryk University";"2019-2026";"Applied Psychology (Q4); Education (Q4); Health (social science) (Q4); Orthopedics and Sports Medicine (Q4); Physical Therapy, Sports Therapy and Rehabilitation (Q4); Tourism, Leisure and Hospitality Management (Q4)";"Business, Management and Accounting; Health Professions; Medicine; Psychology; Social Sciences"
1260;21100253384;"International Journal of Cyber Behavior, Psychology and Learning";journal;"21557136, 21557144";"IGI Global Publishing";No;No;0,140;Q4;23;17;51;886;27;51;0,29;52,12;31,82;0;United States;Northern America;"IGI Global Publishing";"2011-2025";"Developmental and Educational Psychology (Q4); Education (Q4); Experimental and Cognitive Psychology (Q4)";"Psychology; Social Sciences"
1261;21100841704;"Journal of Cognitive Education and Psychology";journal;"18107621, 19458959";"Springer Publishing Company";No;No;0,140;Q4;10;0;38;0;10;37;0,23;0,00;0,00;0;United States;Northern America;"Springer Publishing Company";"2008, 2017-2022";"Developmental and Educational Psychology (Q4); Education (Q4); Experimental and Cognitive Psychology (Q4)";"Psychology; Social Sciences"
1262;17600155045;"Staps";journal;"17821568, 0247106X";"De Boeck Supérieur";No;No;0,140;-;13;0;83;0;21;79;0,13;0,00;0,00;0;Belgium;Western Europe;"De Boeck Supérieur";"2001-2022, 2024-2025";"Orthopedics and Sports Medicine (Q4); Physical Therapy, Sports Therapy and Rehabilitation (Q4); Social Sciences (miscellaneous) (Q4)";"Health Professions; Medicine; Social Sciences"
1263;21100843526;"Ricerche di Psicologia";journal;"03916081, 19725620";"FrancoAngeli";No;No;0,139;Q4;14;20;150;1198;32;148;0,19;59,90;68,66;0;Italy;Western Europe;"FrancoAngeli";"2000, 2002-2025";"Psychology (miscellaneous) (Q4)";"Psychology"
1264;21100889413;"Language and Psychoanalysis";journal;"2049324X";"University of Edinburgh";Yes;Yes;0,137;Q4;4;0;19;0;10;19;0,43;0,00;0,00;0;United Kingdom;Western Europe;"University of Edinburgh";"2018-2022";"Linguistics and Language (Q3); Clinical Psychology (Q4); Psychiatry and Mental Health (Q4)";"Medicine; Psychology; Social Sciences"
1265;26274;"Metiers de la Petite Enfance";journal;"1258780X";"Elsevier Masson s.r.l.";No;No;0,137;Q4;4;139;400;437;8;336;0,02;3,14;87,30;4;France;Western Europe;"Elsevier Masson s.r.l.";"2002-2026";"Pharmacology (nursing) (Q3); Developmental and Educational Psychology (Q4)";"Nursing; Psychology"
1266;21101070989;"Psychiatry (Moscow)";journal;"26186667, 16838319";"Medicinskoe Informacionnoe agentstvo";No;No;0,137;Q4;7;62;237;2826;115;235;0,47;45,58;66,86;0;Russian Federation;Eastern Europe;"Medicinskoe Informacionnoe agentstvo";"2019-2025";"Biological Psychiatry (Q4); Clinical Psychology (Q4); Psychiatry and Mental Health (Q4)";"Medicine; Neuroscience; Psychology"
1267;21101030208;"Biolinguistics";journal;"14503417";"PsychOpen";Yes;Yes;0,136;Q4;5;11;15;648;7;14;0,71;58,91;0,00;0;Cyprus;Western Europe;"PsychOpen";"2008, 2010, 2013, 2015, 2017, 2019-2025";"Linguistics and Language (Q3); Experimental and Cognitive Psychology (Q4)";"Psychology; Social Sciences"
1268;5700157895;"Enfance";journal;"19696981, 00137545";"Presses Universitaires de France";Yes;No;0,136;Q4;17;32;98;866;19;91;0,16;27,06;63,64;4;France;Western Europe;"Presses Universitaires de France";"1949-1953, 2002-2025";"Arts and Humanities (miscellaneous) (Q3); Developmental and Educational Psychology (Q4); Education (Q4); Health (social science) (Q4); Pediatrics, Perinatology and Child Health (Q4)";"Arts and Humanities; Medicine; Psychology; Social Sciences"
1269;19905;"Medicina Paliativa";journal;"1134248X";"Sociedad Espanola de Cuidados Paliativos";No;No;0,136;Q4;16;28;96;638;16;69;0,13;22,79;51,43;3;Spain;Western Europe;"Sociedad Espanola de Cuidados Paliativos";"2000-2025";"Anesthesiology and Pain Medicine (Q4); Clinical Psychology (Q4); Medical and Surgical Nursing (Q4); Medicine (miscellaneous) (Q4); Nursing (miscellaneous) (Q4)";"Medicine; Nursing; Psychology"
1270;21100204931;"Sistemi Intelligenti";journal;"11209550, 19738226";"Societa Editrice Il Mulino";No;No;0,136;Q4;10;39;112;1596;22;106;0,19;40,92;42,11;0;Italy;Western Europe;"Societa Editrice Il Mulino";"1997-2025";"Linguistics and Language (Q3); Artificial Intelligence (Q4); Cognitive Neuroscience (Q4); Experimental and Cognitive Psychology (Q4)";"Computer Science; Neuroscience; Psychology; Social Sciences"
1271;21100902624;"Journal of Consumer Satisfaction, Dissatisfaction and Complaining Behavior";journal;"08998620";"University of Nevada";No;No;0,135;Q4;11;17;34;2524;53;28;1,39;148,47;28,13;0;United States;Northern America;"University of Nevada";"2018-2025";"Applied Psychology (Q4); Business and International Management (Q4); Marketing (Q4); Social Psychology (Q4)";"Business, Management and Accounting; Psychology"
1272;17515;"ANAE - Approche Neuropsychologique des Apprentissages chez l'Enfant";journal;"0999792X";"A.N.A.E";No;No;0,134;Q4;12;71;201;2567;35;173;0,17;36,15;68,48;0;France;Western Europe;"A.N.A.E";"1996-2025";"Developmental and Educational Psychology (Q4); Neuropsychology and Physiological Psychology (Q4)";"Psychology"
1273;17700155037;"Cahiers Critiques de Therapie Familiale et de Pratiques de Reseaux";journal;"17821398, 13728202";"De Boeck Supérieur";No;No;0,134;Q4;9;22;80;446;8;74;0,04;20,27;51,22;0;Belgium;Western Europe;"De Boeck Supérieur";"2001-2024";"Clinical Psychology (Q4); Social Psychology (Q4)";"Psychology"
1274;21100932468;"Counselling Psychology Review";journal;"17572142, 23968672";"The British Psychological Society";No;No;0,134;Q4;4;3;46;86;7;35;0,12;28,67;100,00;0;United Kingdom;Western Europe;"The British Psychological Society";"2019-2024";"Applied Psychology (Q4); Clinical Psychology (Q4); Psychiatry and Mental Health (Q4)";"Medicine; Psychology"
1275;40126;"Journal of Social Distress and the Homeless";journal;"1573658X, 10530789";"Taylor and Francis Ltd.";No;No;0,134;Q4;28;0;23;0;58;23;1,40;0,00;0,00;0;United Kingdom;Western Europe;"Taylor and Francis Ltd.";"1992-2002, 2015-2021, 2024-2025";"Health Professions (miscellaneous) (Q4); Psychology (miscellaneous) (Q4); Social Sciences (miscellaneous) (Q4)";"Health Professions; Psychology; Social Sciences"
1276;17900156712;"Jung Journal: Culture and Psyche";journal;"19342039, 19342047";"Taylor and Francis Ltd.";No;No;0,134;Q4;8;51;135;340;12;92;0,08;6,67;76,67;0;United Kingdom;Western Europe;"Taylor and Francis Ltd.";"2007-2025";"Literature and Literary Theory (Q2); Visual Arts and Performing Arts (Q2); Cultural Studies (Q3); Applied Psychology (Q4)";"Arts and Humanities; Psychology; Social Sciences"
1277;4700152863;"Psicologia em Estudo";journal;"18070329, 14137372";"Universidade Estadual de Maringa";Yes;Yes;0,134;Q4;20;37;131;1056;37;130;0,19;28,54;66,27;1;Brazil;Latin America;"Universidade Estadual de Maringa";"2006-2025";"Psychology (miscellaneous) (Q4)";"Psychology"
1278;21100211112;"Activitas Nervosa Superior Rediviva";journal;"1337933X, 13384015";"Slovak Academy of Sciences";No;No;0,133;Q4;13;20;50;1047;16;49;0,33;52,35;57,14;0;Slovakia;Eastern Europe;"Slovak Academy of Sciences";"2009-2026";"Neuropsychology and Physiological Psychology (Q4); Psychiatry and Mental Health (Q4)";"Medicine; Psychology"
1279;11600153426;"Advances in Consumer Research";journal;"00989258";"Association for Consumer Research";No;No;0,133;Q4;32;23;95;550;10;92;0,09;23,91;52,73;0;United States;Northern America;"Association for Consumer Research";"1993-1994, 2006-2012, 2016-2017, 2019-2023";"Applied Psychology (Q4); Economics and Econometrics (Q4); Marketing (Q4)";"Business, Management and Accounting; Economics, Econometrics and Finance; Psychology"
1280;21100868885;"Children's Literature, Culture, and Cognition";book series;"22129006";"John Benjamins Publishing Company";No;No;0,133;Q4;3;81;2;2893;5;1;2,50;35,72;0,00;0;Netherlands;Western Europe;"John Benjamins Publishing Company";"2018, 2021-2023";"Literature and Literary Theory (Q2); Cultural Studies (Q3); Linguistics and Language (Q3); Experimental and Cognitive Psychology (Q4)";"Arts and Humanities; Psychology; Social Sciences"
1281;13480;"Current Research in Social Psychology";journal;"10887423";"University of Iowa";Yes;No;0,133;Q4;27;5;4;184;0;4;0,00;36,80;46,15;0;United States;Northern America;"University of Iowa";"1996-2018, 2022-2025";"Social Psychology (Q4)";"Psychology"
1282;21100407161;"Human-Animal Studies";book series;"15734226";"Brill Academic Publishers";No;No;0,133;Q4;17;17;16;798;2;1;0,13;46,94;0,00;0;Netherlands;Western Europe;"Brill Academic Publishers";"2006-2013, 2017-2020, 2022-2023, 2025";"Anthropology (Q3); Animal Science and Zoology (Q4); Experimental and Cognitive Psychology (Q4)";"Agricultural and Biological Sciences; Psychology; Social Sciences"
1283;21100903064;"Language Acquisition and Language Disorders";book series;"09250123";"John Benjamins Publishing Company";No;No;0,133;Q4;6;1;53;550;16;1;0,28;550,00;100,00;0;Netherlands;Western Europe;"John Benjamins Publishing Company";"2001, 2018-2024";"Linguistics and Language (Q3); Developmental and Educational Psychology (Q4); Speech and Hearing (Q4)";"Health Professions; Psychology; Social Sciences"
1284;12100156089;"Ljetopis Socijalnog Rada";journal;"18465412";"University of Zagreb";Yes;Yes;0,133;Q4;12;23;79;1140;19;71;0,18;49,57;86,84;0;Croatia;Eastern Europe;"University of Zagreb";"2008-2024";"Developmental and Educational Psychology (Q4); Education (Q4); Social Work (Q4); Sociology and Political Science (Q4)";"Psychology; Social Sciences"
1285;21100792739;"Psychiatry, Psychotherapy and Clinical Psychology";journal;"24142212, 22201122";"Professionalnye Izdaniya";No;No;0,133;Q4;6;41;175;1255;43;175;0,21;30,61;59,18;0;Belarus;Eastern Europe;"Professionalnye Izdaniya";"2016-2025";"Clinical Psychology (Q4); Psychiatry and Mental Health (Q4)";"Medicine; Psychology"
1286;21100296641;"Research on Professional Responsibility and Ethics in Accounting";book series;"15740765";"Emerald Group Publishing Ltd.";No;No;0,133;Q4;12;0;21;0;3;1;0,09;0,00;0,00;0;United Kingdom;Western Europe;"Emerald Group Publishing Ltd.";"2007-2008, 2010-2016, 2018-2021, 2024-2026";"Accounting (Q4); Psychology (miscellaneous) (Q4)";"Business, Management and Accounting; Psychology"
1287;21100202508;"Revista Brasileira de Orientacao Profissional";journal;"16793390, 19847270";"Associacao Brasileira de Orientadores Profissionais";Yes;Yes;0,133;Q4;13;22;54;839;22;53;0,17;38,14;70,59;0;Brazil;Latin America;"Associacao Brasileira de Orientadores Profissionais";"2011-2024";"Applied Psychology (Q4); Education (Q4); Organizational Behavior and Human Resource Management (Q4)";"Business, Management and Accounting; Psychology; Social Sciences"
1288;10900153310;"Psicologia Clinica";journal;"01035665";"Pontificia Universidade Catolica do Rio de Janeiro";Yes;No;0,131;Q4;11;0;60;0;16;53;0,10;0,00;0,00;0;Brazil;Latin America;"Pontificia Universidade Catolica do Rio de Janeiro";"2007-2021";"Clinical Psychology (Q4); Psychiatry and Mental Health (Q4)";"Medicine; Psychology"
1289;21101060914;"Rivista di Psicolinguistica Applicata";journal;"17240646, 15921328";"Fabrizio Serra Editore Srl";No;No;0,131;Q4;3;13;35;445;6;32;0,09;34,23;61,90;0;Italy;Western Europe;"Fabrizio Serra Editore Srl";"2019-2025";"Linguistics and Language (Q3); Developmental and Educational Psychology (Q4); Social Psychology (Q4)";"Psychology; Social Sciences"
1290;21101083977;"Rossijskij Psihiatriceskij Zurnal";journal;"1560957X";"V. Serbsky National Medical Research Centre for Psychiatry and Narcology";No;No;0,131;Q4;7;59;180;2034;50;179;0,32;34,47;69,40;0;Russian Federation;Eastern Europe;"V. Serbsky National Medical Research Centre for Psychiatry and Narcology";"2019-2025";"Applied Psychology (Q4); Public Health, Environmental and Occupational Health (Q4)";"Medicine; Psychology"
1291;21101021436;"Per Linguam";journal;"22240012, 02592312";"Department of General Linguistics, Stellenbosch University";Yes;No;0,130;Q4;5;13;45;562;17;40;0,19;43,23;55,56;1;South Africa;Africa;"Department of General Linguistics, Stellenbosch University";"2020-2025";"Linguistics and Language (Q3); Developmental and Educational Psychology (Q4); Education (Q4)";"Psychology; Social Sciences"
1292;21100845670;"Studies in American Humor";journal;"23339934, 0095280X";"Penn State University Press";No;No;0,130;Q4;7;13;52;371;19;41;0,41;28,54;33,33;0;United States;Northern America;"Penn State University Press";"2017-2025";"Literature and Literary Theory (Q2); Visual Arts and Performing Arts (Q2); Cultural Studies (Q3); History (Q3); Linguistics and Language (Q3); Psychology (miscellaneous) (Q4)";"Arts and Humanities; Psychology; Social Sciences"
1293;5700181944;"Deutsche Sprache";journal;"03409341, 1868775X";"Erich Schmidt Verlag GmbH and Co Berlin";No;No;0,129;Q4;11;15;53;409;13;52;0,21;27,27;47,37;0;Germany;Western Europe;"Erich Schmidt Verlag GmbH and Co Berlin";"2002-2011, 2017-2025";"Linguistics and Language (Q3); Psychology (miscellaneous) (Q4); Social Sciences (miscellaneous) (Q4)";"Psychology; Social Sciences"
1294;21100208021;"Infant Observation";journal;"17458943, 13698036";"Taylor and Francis Ltd.";No;No;0,129;Q4;8;7;38;141;14;31;0,29;20,14;83,33;0;United Kingdom;Western Europe;"Taylor and Francis Ltd.";"2012-2026";"Applied Psychology (Q4); Clinical Psychology (Q4); Developmental and Educational Psychology (Q4); Social Psychology (Q4)";"Psychology"
1295;21100200606;"International Journal of Transpersonal Studies";journal;"13210122, 19423241";"International Transpersonal Association";Yes;No;0,129;Q4;16;20;49;1112;15;36;0,41;55,60;13,64;0;United States;Northern America;"International Transpersonal Association";"2011-2025";"Philosophy (Q3); Religious Studies (Q3); Applied Psychology (Q4)";"Arts and Humanities; Psychology"
1296;17600155046;"Travailler";journal;"21025150, 16205340";"Martin Media";No;No;0,129;Q4;15;19;48;376;3;42;0,08;19,79;47,62;0;France;Western Europe;"Martin Media";"2001-2023";"Clinical Psychology (Q4); Health (social science) (Q4); Social Psychology (Q4)";"Psychology; Social Sciences"
1297;17600155117;"Devenir";journal;"10158154";"Editions Medecine et Hygiene";No;No;0,128;Q4;15;4;34;90;10;34;0,47;22,50;61,54;0;Switzerland;Western Europe;"Editions Medecine et Hygiene";"2001-2024";"Developmental and Educational Psychology (Q4); Developmental Neuroscience (Q4); Life-span and Life-course Studies (Q4); Pediatrics (Q4); Pediatrics, Perinatology and Child Health (Q4)";"Medicine; Neuroscience; Nursing; Psychology; Social Sciences"
1298;12700154701;"Journal for Geometry and Graphics";journal;"14338157";"Heldermann Verlag";No;No;0,128;Q4;21;21;57;256;21;57;0,27;12,19;28,57;0;Germany;Western Europe;"Heldermann Verlag";"1997-2025";"Applied Mathematics (Q4); Applied Psychology (Q4); Geometry and Topology (Q4)";"Mathematics; Psychology"
1299;21100433805;"Youth Voice Journal";journal;"20562969, 20492073";"RJ4All Publications";No;No;0,127;Q4;8;71;167;2250;48;155;0,21;31,69;67,98;0;United Kingdom;Western Europe;"RJ4All Publications";"2015-2025";"Social Psychology (Q4); Sociology and Political Science (Q4)";"Psychology; Social Sciences"
1300;21100792099;"International Sports Studies";journal;"14430770";"International Society for Comparative Physical Education and Sport (ISCPES)";No;No;0,126;Q4;7;15;42;541;10;35;0,22;36,07;36,36;0;Spain;Western Europe;"International Society for Comparative Physical Education and Sport (ISCPES)";"2015-2025";"Applied Psychology (Q4); Education (Q4)";"Psychology; Social Sciences"
1301;5700175216;"Magyar Pszichologiai Szemle";journal;"00250279, 15882799";"Akademiai Kiado";No;No;0,126;Q4;11;16;113;1145;18;103;0,19;71,56;68,18;0;Hungary;Eastern Europe;"Akademiai Kiado";"2007-2025";"Psychology (miscellaneous) (Q4)";"Psychology"
1302;89489;"Voprosy Psikhologii";journal;"00428841";"Akademiia pedagogicheskikh nauk RSFSR";No;No;0,126;Q4;12;68;205;2093;28;205;0,10;30,78;71,56;0;Russian Federation;Eastern Europe;"Akademiia pedagogicheskikh nauk RSFSR";"1960-1962, 1973-1975, 1996-2025";"Psychology (miscellaneous) (Q4)";"Psychology"
1303;5800169793;"Connexions";journal;"17762804, 03373126";"Editions Eres";No;No;0,125;Q4;11;24;89;336;8;75;0,11;14,00;26,92;1;France;Western Europe;"Editions Eres";"2001-2024";"Clinical Psychology (Q4); Social Psychology (Q4)";"Psychology"
1304;21101034433;"Musical Art and Education";journal;"23091428";"Moscow Pedagogical State University";Yes;No;0,125;Q4;5;39;124;946;40;124;0,34;24,26;83,33;0;Russian Federation;Eastern Europe;"Moscow Pedagogical State University";"2019-2025";"Music (Q3); Developmental and Educational Psychology (Q4); Education (Q4)";"Arts and Humanities; Psychology; Social Sciences"
1305;21100213000;"Dialogue";journal;"02428962";"Korean Neurological Association";No;No;0,124;Q4;11;50;115;1140;7;109;0,07;22,80;44,78;0;South Korea;Asiatic Region;"Korean Neurological Association";"2001-2024";"Philosophy (Q3); Development (Q4); Health (social science) (Q4); Social Psychology (Q4)";"Arts and Humanities; Psychology; Social Sciences"
1306;5700184173;"Histoire Epistemologie Langage";journal;"07508069, 16381580";"Society for the History and Epistemology of Language Sciences";Yes;Yes;0,124;Q4;7;28;55;1233;23;49;0,74;44,04;38,46;0;France;Western Europe;"Society for the History and Epistemology of Language Sciences";"2011-2013, 2015-2026";"Linguistics and Language (Q3); Philosophy (Q3); Psychology (miscellaneous) (Q4)";"Arts and Humanities; Psychology; Social Sciences"
1307;5800208032;"Suvremena Psihologija";journal;"13319264";"Naklada Slap d.o.o";No;No;0,124;Q4;10;11;32;275;12;26;0,26;25,00;77,78;0;Croatia;Eastern Europe;"Naklada Slap d.o.o";"2008-2025";"Psychology (miscellaneous) (Q4)";"Psychology"
1308;7200153128;"Zeitschrift fur Evaluation";journal;"16195515";"Waxmann Verlag GmbH";No;No;0,124;Q4;8;21;76;569;15;48;0,22;27,10;51,72;0;Germany;Western Europe;"Waxmann Verlag GmbH";"2006-2013, 2015-2025";"Applied Psychology (Q4); Communication (Q4); Education (Q4); Social Sciences (miscellaneous) (Q4); Statistics and Probability (Q4); Strategy and Management (Q4)";"Business, Management and Accounting; Mathematics; Psychology; Social Sciences"
1309;21101047721;"Human Research in Rehabilitation";journal;"22329935, 2232996X";"Institute for Human Rehabilitation";Yes;Yes;0,123;Q4;6;38;56;1158;16;55;0,31;30,47;64,47;0;Bosnia and Herzegovina;Eastern Europe;"Institute for Human Rehabilitation";"2019-2025";"Education (Q4); Rehabilitation (Q4); Social Psychology (Q4)";"Medicine; Psychology; Social Sciences"
1310;21101146415;"Jurnal Pengukuran Psikologi dan Pendidikan Indonesia";journal;"20896247, 26545713";"Syarif Hidayatullah State Islamic University (UIN) Jakarta";Yes;Yes;0,123;Q4;4;14;46;520;17;46;0,29;37,14;44,12;0;Indonesia;Asiatic Region;"Syarif Hidayatullah State Islamic University (UIN) Jakarta";"2019-2025";"Applied Psychology (Q4); Developmental and Educational Psychology (Q4); Education (Q4); Psychology (miscellaneous) (Q4)";"Psychology; Social Sciences"
1311;10300153303;"Psycho-Oncologie (discontinued)";journal;"17783798, 1778381X";"";No;No;0,123;Q4;10;36;83;1114;7;73;0,09;30,94;65,38;2;United States;Northern America;"";"2007-2024";"Clinical Psychology (Q4); Oncology (Q4); Oncology (nursing) (Q4); Psychiatry and Mental Health (Q4)";"Medicine; Nursing; Psychology"
1312;15300154805;"Clinical Psychology Forum";journal;"17475732";"British Psychological Society";No;No;0,122;Q4;19;45;443;789;23;276;0,06;17,53;78,41;1;United Kingdom;Western Europe;"British Psychological Society";"2005-2025";"Clinical Psychology (Q4)";"Psychology"
1313;17600154904;"Cliniques Mediterraneennes";journal;"07627491, 17762790";"ERES";No;No;0,122;Q4;10;28;128;456;12;123;0,10;16,29;70,00;0;France;Western Europe;"ERES";"2001-2024";"Clinical Psychology (Q4); Psychiatry and Mental Health (Q4)";"Medicine; Psychology"
1314;17700156011;"Enfances et Psy";journal;"12865559, 17762820";"ERES";No;No;0,122;Q4;10;70;138;920;6;127;0,03;13,14;66,67;0;France;Western Europe;"ERES";"2000-2024";"Developmental and Educational Psychology (Q4); Education (Q4); Sociology and Political Science (Q4)";"Psychology; Social Sciences"
1315;21101108505;"Actualidades en Psicologia";journal;"02586444, 22153535";"Universidad de Costa Rica";Yes;Yes;0,119;Q4;4;15;18;851;8;18;0,44;56,73;54,29;0;Costa Rica;Latin America;"Universidad de Costa Rica";"2019, 2022-2025";"Psychology (miscellaneous) (Q4)";"Psychology"
1316;5700154120;"Giornale Italiano di Psicologia";journal;"26122413, 03905349";"Societa Editrice Il Mulino";No;No;0,118;Q4;20;68;238;2258;36;230;0,18;33,21;66,96;0;Italy;Western Europe;"Societa Editrice Il Mulino";"2001-2002, 2011-2025";"Psychology (miscellaneous) (Q4)";"Psychology"
1317;21100792504;"Journal of Cognitive Science";journal;"15982327, 19766939";"Seoul National University, Institute for Cognitive Science";Yes;No;0,118;Q4;9;18;62;732;12;59;0,21;40,67;47,06;0;South Korea;Asiatic Region;"Seoul National University, Institute for Cognitive Science";"2016-2025";"Linguistics and Language (Q3); Artificial Intelligence (Q4); Cognitive Neuroscience (Q4); Experimental and Cognitive Psychology (Q4)";"Computer Science; Neuroscience; Psychology; Social Sciences"
1318;21100899925;"Nomadas";journal;"25394762, 01217550";"Universidad Central";Yes;Yes;0,118;Q4;8;19;89;670;29;86;0,18;35,26;50,00;0;Colombia;Latin America;"Universidad Central";"2018-2024";"Cultural Studies (Q3); Philosophy (Q3); Anthropology (Q4); Education (Q4); Psychology (miscellaneous) (Q4); Social Sciences (miscellaneous) (Q4)";"Arts and Humanities; Psychology; Social Sciences"
1319;21100456125;"Psiholoska Obzorja";journal;"13181874, 23505141";"Slovenian Psychologists' Association";Yes;Yes;0,118;Q4;14;14;55;779;7;55;0,08;55,64;51,43;0;Slovenia;Eastern Europe;"Slovenian Psychologists' Association";"2000-2025";"Psychology (miscellaneous) (Q4)";"Psychology"
1320;4700152269;"Journal of Japanese Studies";journal;"00956848, 15494721";"Society for Japanese Studies";No;No;0,117;Q4;24;10;33;0;5;31;0,04;0,00;30,00;0;United States;Northern America;"Society for Japanese Studies";"1988, 1998-2002, 2005-2026";"Cultural Studies (Q3); Linguistics and Language (Q3); Anthropology (Q4); Social Psychology (Q4)";"Psychology; Social Sciences"
1321;21101066327;"MedUNAB";journal;"01237047, 23824603";"Universidad Autonoma de Bucaramanga";Yes;Yes;0,117;Q4;6;34;102;824;28;86;0,16;24,24;62,63;1;Colombia;Latin America;"Universidad Autonoma de Bucaramanga";"2019-2025";"Nurse Assisting (Q3); Health Professions (miscellaneous) (Q4); Medicine (miscellaneous) (Q4); Nursing (miscellaneous) (Q4); Psychology (miscellaneous) (Q4); Public Health, Environmental and Occupational Health (Q4)";"Health Professions; Medicine; Nursing; Psychology"
1322;130167;"Psicoterapia Cognitiva e Comportamentale";journal;"11261072";"Edizioni Centro Studi Erickson";No;No;0,117;Q4;17;17;49;706;3;40;0,06;41,53;69,57;0;Italy;Western Europe;"Edizioni Centro Studi Erickson";"2004-2025";"Clinical Psychology (Q4)";"Psychology"
1323;21100945163;"Romanian Journal of Applied Psychology";journal;"2392845X, 23928441";"Sciendo";Yes;Yes;0,116;Q4;4;4;16;208;2;16;0,17;52,00;66,67;0;Romania;Eastern Europe;"Sciendo";"2019-2026";"Applied Psychology (Q4)";"Psychology"
1324;21101039065;"Ethics in Progress";journal;"20849257";"Adam Mickiewicz University, Faculty of Philosophy";Yes;Yes;0,115;Q4;7;18;57;743;8;56;0,20;41,28;61,29;0;Poland;Eastern Europe;"Adam Mickiewicz University, Faculty of Philosophy";"2010-2025";"Philosophy (Q3); Developmental and Educational Psychology (Q4); Education (Q4); Psychology (miscellaneous) (Q4)";"Arts and Humanities; Psychology; Social Sciences"
1325;21101053580;"Journal of Psychosocial Studies";journal;"14786737";"Policy Press";No;No;0,115;Q4;8;23;60;849;18;53;0,24;36,91;63,64;0;United Kingdom;Western Europe;"Policy Press";"2019-2025";"Cultural Studies (Q3); Social Psychology (Q4); Social Sciences (miscellaneous) (Q4); Sociology and Political Science (Q4)";"Psychology; Social Sciences"
1326;21101111533;"Ethiopian Renaissance Journal of Social Sciences and Humanities";journal;"24096377, 24096385";"University of Gondar";No;No;0,114;Q4;5;20;56;959;7;53;0,08;47,95;0,00;1;Ethiopia;Africa;"University of Gondar";"2019-2026";"Arts and Humanities (miscellaneous) (Q3); Anthropology (Q4); Demography (Q4); Developmental and Educational Psychology (Q4); Gender Studies (Q4)";"Arts and Humanities; Psychology; Social Sciences"
1327;75220;"Therapeutic Communities";journal;"09641866";"Emerald Group Publishing Ltd.";No;No;0,114;Q4;21;8;40;306;10;37;0,16;38,25;70,00;0;United Kingdom;Western Europe;"Emerald Group Publishing Ltd.";"1992-2025";"Clinical Psychology (Q4); Health Professions (miscellaneous) (Q4); Psychiatry and Mental Health (Q4)";"Health Professions; Medicine; Psychology"
1328;19700201401;"International Journal of Jungian Studies";journal;"19409060, 19409052";"Brill Academic Publishers";No;No;0,113;Q4;8;1;39;1;19;38;0,28;1,00;0,00;0;United Kingdom;Western Europe;"Brill Academic Publishers";"2010-2026";"Applied Psychology (Q4)";"Psychology"
1329;19700200805;"Psychological Perspectives";journal;"00332925, 15563030";"Taylor and Francis Ltd.";No;No;0,113;Q4;8;65;182;780;14;112;0,10;12,00;40,63;0;United Kingdom;Western Europe;"Taylor and Francis Ltd.";"1970-2025";"Psychology (miscellaneous) (Q4)";"Psychology"
1330;21100223584;"Specialusis Ugdymas";journal;"24243299, 13925369";"Vilnius University Press";Yes;Yes;0,113;Q4;7;7;22;220;5;21;0,25;31,43;100,00;0;Lithuania;Eastern Europe;"Vilnius University Press";"2016-2025";"Developmental and Educational Psychology (Q4); Education (Q4)";"Psychology; Social Sciences"
1331;21100203701;"Stem-, Spraak- en Taalpathologie";journal;"09247025";"Secretariaat cluster Nederlands - Rijksuniversiteit Groningen";Yes;Yes;0,113;Q4;4;2;28;47;5;24;0,20;23,50;50,00;0;Netherlands;Western Europe;"Secretariaat cluster Nederlands - Rijksuniversiteit Groningen";"2011-2025";"Developmental and Educational Psychology (Q4); Linguistics and Language (Q4); Otorhinolaryngology (Q4); Speech and Hearing (Q4)";"Health Professions; Medicine; Psychology; Social Sciences"
1332;21101046136;"Actes (IFSTTAR)";conference and proceedings;"2115418X";"Driving Simulation Association";No;No;0,112;-;4;0;113;0;12;109;0,20;0,00;0,00;0;France;Western Europe;"Driving Simulation Association";"2020-2021";"Automotive Engineering; Experimental and Cognitive Psychology; Human-Computer Interaction";"Computer Science; Engineering; Psychology"
1333;21101168053;"Bilingual Processing and Acquisition";book series;"23520531";"John Benjamins Publishing Company";No;No;0,111;Q4;8;22;52;2107;64;3;1,47;95,77;0,00;0;Netherlands;Western Europe;"John Benjamins Publishing Company";"2019-2024";"Developmental and Educational Psychology (Q4); Education (Q4); Linguistics and Language (Q4)";"Psychology; Social Sciences"
1334;21100902943;"Discourse Approaches to Politics, Society and Culture";book series;"15699463";"John Benjamins Publishing Company";No;No;0,111;Q4;9;34;71;1938;28;3;0,43;57,00;0,00;0;Netherlands;Western Europe;"John Benjamins Publishing Company";"2018-2023, 2025";"Communication (Q4); Gender Studies (Q4); Linguistics and Language (Q4); Social Psychology (Q4); Sociology and Political Science (Q4)";"Psychology; Social Sciences"
1335;17600155214;"Empan";journal;"11523336";"Editions Eres";No;No;0,111;Q4;8;92;188;782;8;156;0,04;8,50;52,25;1;France;Western Europe;"Editions Eres";"2002-2024";"Health (social science) (Q4); Social Psychology (Q4); Sociology and Political Science (Q4)";"Psychology; Social Sciences"
1336;17600155215;"Spirale";journal;"12784699";"Editions Eres";No;No;0,111;Q4;7;66;276;378;4;258;0,01;5,73;73,33;0;France;Western Europe;"Editions Eres";"2001-2024";"Developmental and Educational Psychology (Q4); Education (Q4); Health (social science) (Q4)";"Psychology; Social Sciences"
1337;21101017897;"European Yearbook of the History of Psychology";journal;"22955267, 25070304";"Brepols Publishers";No;No;0,110;Q4;5;12;27;502;8;21;0,14;41,83;33,33;0;Belgium;Western Europe;"Brepols Publishers";"2015-2024";"History (Q3); Psychology (miscellaneous) (Q4)";"Arts and Humanities; Psychology"
1338;145561;"Groupwork";journal;"17466091, 0951824X";"Whiting and Birch";No;No;0,110;Q4;12;23;23;639;6;20;0,23;27,78;72,50;0;United Kingdom;Western Europe;"Whiting and Birch";"2005-2014, 2017-2018, 2020-2025";"Applied Psychology (Q4); Public Health, Environmental and Occupational Health (Q4)";"Medicine; Psychology"
1339;21101090588;"Journal of Army Medical University";journal;"20970927";"Editorial Office of Journal of Third Military Medical University";Yes;No;0,110;Q4;6;288;522;7711;85;522;0,16;26,77;44,06;0;China;Asiatic Region;"Editorial Office of Journal of Third Military Medical University";"2022-2025";"Clinical Psychology (Q4); Medicine (miscellaneous) (Q4); Neuroscience (miscellaneous) (Q4)";"Medicine; Neuroscience; Psychology"
1340;19400157157;"Research in Social Psychology";journal;"09161503";"Japanese Society of Social Psychology";No;No;0,110;Q4;9;15;26;653;5;26;0,07;43,53;39,02;0;Japan;Asiatic Region;"Japanese Society of Social Psychology";"2007-2025";"Social Psychology (Q4)";"Psychology"
1341;12000154490;"Agora";journal;"15161498, 18094414";"Instituto de Psicologia da Universidade Federal do Rio de Janeiro - UFRJ";Yes;Yes;0,109;Q4;5;28;104;620;8;100;0,05;22,14;65,00;0;Brazil;Latin America;"Instituto de Psicologia da Universidade Federal do Rio de Janeiro - UFRJ";"2008-2025";"Psychiatry and Mental Health (Q4); Psychology (miscellaneous) (Q4)";"Medicine; Psychology"
1342;21101020019;"Chinese Journal of Neuromedicine";journal;"16718925";"Chinese Medical Journals Publishing House Co.Ltd";No;No;0,109;Q4;6;169;670;5388;101;668;0,16;31,88;37,07;0;China;Asiatic Region;"Chinese Medical Journals Publishing House Co.Ltd";"2020-2026";"Neurology (Q4); Neurology (clinical) (Q4); Neuropsychology and Physiological Psychology (Q4); Psychiatry and Mental Health (Q4)";"Medicine; Neuroscience; Psychology"
1343;12027;"Japanese Journal of Educational Psychology";journal;"00215015, 21863075";"Japanese Association of Educational Psychology";No;No;0,109;Q4;20;22;85;763;9;85;0,07;34,68;52,08;0;Japan;Asiatic Region;"Japanese Association of Educational Psychology";"1961-2025";"Developmental and Educational Psychology (Q4); Education (Q4)";"Psychology; Social Sciences"
1344;15925;"Journal of Parapsychology";journal;"00223387";"Rhine Research Center";No;No;0,109;Q4;24;12;28;375;3;16;0,07;31,25;21,43;0;United States;Northern America;"Rhine Research Center";"1946-1949, 1973-1977, 1996-2024";"Psychology (miscellaneous) (Q4)";"Psychology"
1345;21634;"Revija za Kriminalistiko in Kriminologijo";journal;"0034690X";"Ministrstvo za notranje zadeve Republike Slovenije Policija";No;No;0,109;Q4;10;25;13;919;4;13;0,25;36,76;68,00;0;Slovenia;Eastern Europe;"Ministrstvo za notranje zadeve Republike Slovenije Policija";"1981, 2011-2025";"Law (Q4); Pathology and Forensic Medicine (Q4); Social Psychology (Q4)";"Medicine; Psychology; Social Sciences"
1346;21100239231;"Contemporary Hypnosis and Integrative Therapy";journal;"20492154, 20492146";"Crown House Publishing";No;No;0,108;Q4;9;0;10;0;2;8;0,20;0,00;0,00;0;United Kingdom;Western Europe;"Crown House Publishing";"2011-2017, 2021-2022";"Clinical Psychology (Q4); Complementary and Manual Therapy (Q4)";"Health Professions; Psychology"
1347;21101117183;"Environment and Social Psychology";journal;"24248975, 24247979";"Arts and Science Press Pte. Ltd.";No;No;0,108;Q4;16;58;40;2807;6;39;0,20;48,40;42,66;0;Singapore;Asiatic Region;"Arts and Science Press Pte. Ltd.";"2019-2026";"Developmental and Educational Psychology (Q4); Health (social science) (Q4); Neuropsychology and Physiological Psychology (Q4); Social Psychology (Q4)";"Psychology; Social Sciences"
1348;21100258757;"Journal of Classroom Interaction";journal;"07494025";"University of Houston";No;No;0,108;Q4;14;3;5;120;0;4;0,00;40,00;80,00;0;United States;Northern America;"University of Houston";"2009, 2014-2020, 2023";"Developmental and Educational Psychology (Q4); Education (Q4)";"Psychology; Social Sciences"
1349;14006;"Psychologist";journal;"09528229, 23981598";"British Psychological Society";No;No;0,108;Q4;40;74;355;143;30;144;0,07;1,93;75,00;0;United Kingdom;Western Europe;"British Psychological Society";"1990, 1996-2026";"Psychology (miscellaneous) (Q4)";"Psychology"
1350;21100902937;"Studies in Bilingualism";book series;"09281533";"John Benjamins Publishing Company";No;No;0,108;Q4;14;29;56;2127;43;11;0,79;73,34;0,00;0;Netherlands;Western Europe;"John Benjamins Publishing Company";"2008, 2017-2024";"Developmental and Educational Psychology (Q4); Education (Q4); Linguistics and Language (Q4)";"Psychology; Social Sciences"
1351;14068;"Psychotherapies";journal;"0251737X";"Editions Medecine et Hygiene";Yes;No;0,107;Q4;11;24;77;602;7;66;0,05;25,08;53,13;0;Switzerland;Western Europe;"Editions Medecine et Hygiene";"1990-2023";"Clinical Psychology (Q4); Psychiatry and Mental Health (Q4)";"Medicine; Psychology"
1352;21100227422;"Revista da Abordagem Gestaltica";journal;"19843542, 18096867";"Instituto de Treinamento e Pesquisa em Gestalt-terapia de Goiania";No;No;0,107;Q4;7;0;91;0;9;86;0,04;0,00;0,00;0;Brazil;Latin America;"Instituto de Treinamento e Pesquisa em Gestalt-terapia de Goiania";"2012-2022";"Social Psychology (Q4); Sociology and Political Science (Q4)";"Psychology; Social Sciences"
1353;21100929577;"Psychoterapie";journal;"26950200, 18023983";"Masaryk University";No;No;0,106;Q4;3;5;62;93;5;57;0,10;18,60;11,11;0;Czech Republic;Eastern Europe;"Masaryk University";"2019-2024";"Clinical Psychology (Q4); Psychiatry and Mental Health (Q4)";"Medicine; Psychology"
1354;19400158242;"Rivista di Psicoanalisi";journal;"19744722, 00356492";"Raffaello Cortina Editore";No;No;0,106;Q4;7;80;189;2334;38;121;0,17;29,18;41,94;0;Italy;Western Europe;"Raffaello Cortina Editore";"1960, 2010-2025";"Clinical Psychology (Q4); Psychiatry and Mental Health (Q4)";"Medicine; Psychology"
1355;4600151402;"Volta Review";journal;"00428639, 21625158";"Alexander Graham Bell Association";No;No;0,106;Q4;33;4;12;162;3;10;0,10;40,50;75,00;0;United States;Northern America;"Alexander Graham Bell Association";"1946-1948, 1973, 1988, 1996-2001, 2004-2015, 2017-2025";"Arts and Humanities (miscellaneous) (Q4); Cultural Studies (Q4); Developmental and Educational Psychology (Q4)";"Arts and Humanities; Psychology; Social Sciences"
1356;21100844825;"European Judaism";journal;"00143006, 17522323";"Berghahn Journals";No;No;0,105;Q4;5;23;79;642;4;74;0,06;27,91;60,00;0;United States;Northern America;"Berghahn Journals";"2012, 2017-2025";"History (Q3); Applied Psychology (Q4); Cultural Studies (Q4); Philosophy (Q4); Religious Studies (Q4)";"Arts and Humanities; Psychology; Social Sciences"
1357;21100392550;"Revista Mexicana de Trastornos Alimentarios";journal;"20071523";"Elsevier B.V.";Yes;Yes;0,105;Q4;14;16;52;727;4;49;0,00;45,44;64,00;0;Netherlands;Western Europe;"Elsevier B.V.";"2011, 2014-2025";"Clinical Psychology (Q4); Psychiatry and Mental Health (Q4)";"Medicine; Psychology"
1358;36252;"Neurologia, Neurocirugia y Psiquiatria";journal;"00283851";"Sociedad Mexicana de Neurologia y Psiquiatria";No;No;0,104;Q4;3;40;33;374;3;26;0,07;9,35;40,63;0;Mexico;Latin America;"Sociedad Mexicana de Neurologia y Psiquiatria";"1969-1979, 2008-2011, 2017-2023";"Clinical Psychology (Q4); Neurology (Q4); Neurology (clinical) (Q4); Psychiatry and Mental Health (Q4)";"Medicine; Neuroscience; Psychology"
1359;17700156012;"Cahiers de Psychologie Clinique";journal;"1370074X, 17821401";"De Boeck Supérieur";No;No;0,103;Q4;10;21;108;293;9;94;0,06;13,95;64,52;0;Belgium;Western Europe;"De Boeck Supérieur";"2001-2024";"Clinical Psychology (Q4); Psychiatry and Mental Health (Q4)";"Medicine; Psychology"
1360;25369;"Revista Critica de Ciencias Sociais";journal;"02541106, 21827435";"Centro de Estudos Sociais da Universidade de Coimbra";Yes;Yes;0,103;Q4;11;28;84;869;10;82;0,09;31,04;41,18;0;Portugal;Western Europe;"Centro de Estudos Sociais da Universidade de Coimbra";"2001, 2015-2025";"Psychology (miscellaneous) (Q4); Social Sciences (miscellaneous) (Q4)";"Psychology; Social Sciences"
1361;4500151531;"Zeitschrift fur Psychiatrie, Psychologie und Psychotherapie";journal;"16642929, 16614747";"Hogrefe Publishing";No;No;0,103;Q4;22;0;21;0;5;21;0,00;0,00;0,00;0;Switzerland;Western Europe;"Hogrefe Publishing";"2006-2020";"Clinical Psychology (Q4); Psychiatry and Mental Health (Q4)";"Medicine; Psychology"
1362;21100820884;"Existenzanalyse";journal;"10247033, 24097306";"Gesellschaft fur Logotherapie und Existenzanalyse";No;No;0,102;Q4;5;27;94;424;7;85;0,12;15,70;45,45;0;Austria;Western Europe;"Gesellschaft fur Logotherapie und Existenzanalyse";"2016-2024";"Applied Psychology (Q4); Clinical Psychology (Q4); Psychiatry and Mental Health (Q4); Social Psychology (Q4)";"Medicine; Psychology"
1363;21100258632;"International Journal of Pedagogy and Curriculum";journal;"23277963, 23279133";"Common Ground Research Networks";No;No;0,102;Q4;7;11;44;551;9;44;0,20;50,09;75,00;0;United States;Northern America;"Common Ground Research Networks";"2013-2025";"Developmental and Educational Psychology (Q4); Education (Q4)";"Psychology; Social Sciences"
1364;5600155562;"Sciences de l'Education pour l'Ere Nouvelle";journal;"22593764, 07559593";"Centre d'Etudes et de Recherche en Sciences de l'Education (CERSE)";No;No;0,102;Q4;6;0;69;0;7;61;0,10;0,00;0,00;0;France;Western Europe;"Centre d'Etudes et de Recherche en Sciences de l'Education (CERSE)";"2011, 2013-2022, 2024";"Developmental and Educational Psychology (Q4); Education (Q4)";"Psychology; Social Sciences"
1365;20000195024;"Verhaltenstherapie und Verhaltensmedizin";journal;"10131973";"Pabst Science Publishers";No;No;0,102;Q4;4;34;44;1047;2;42;0,03;30,79;63,04;0;Germany;Western Europe;"Pabst Science Publishers";"2011-2025";"Clinical Psychology (Q4); Psychiatry and Mental Health (Q4)";"Medicine; Psychology"
1366;29469;"American Journal of Forensic Psychology";journal;"07331290";"American College of Forensic Psychology";No;No;0,101;Q4;21;0;29;0;0;21;0,00;0,00;0,00;0;United States;Northern America;"American College of Forensic Psychology";"1991, 1996-2022";"Applied Psychology (Q4); Pathology and Forensic Medicine (Q4)";"Medicine; Psychology"
1367;21101152624;"Clinical Psychology Today";journal;"25655698";"University of Galway";Yes;Yes;0,101;Q4;2;12;34;423;1;28;0,05;35,25;73,91;0;Ireland;Western Europe;"University of Galway";"2019-2025";"Clinical Psychology (Q4)";"Psychology"
1368;17600155116;"Imaginaire et Inconscient";journal;"16289676";"Esprit";No;No;0,101;Q4;4;0;57;0;1;50;0,00;0,00;0,00;0;France;Western Europe;"Esprit";"2001-2020, 2022";"Clinical Psychology (Q4)";"Psychology"
1369;21100856790;"Kairos";journal;"25361597, 18549373";"Slovenian Umbrella Association for Psychotherapy";Yes;No;0,101;Q4;5;33;58;874;4;47;0,08;26,48;60,00;0;Slovenia;Eastern Europe;"Slovenian Umbrella Association for Psychotherapy";"2017-2020, 2022-2024";"Clinical Psychology (Q4); Psychiatry and Mental Health (Q4)";"Medicine; Psychology"
1370;21101027243;"Psychologie Clinique et Projective";journal;"21184496, 12655449";"ERES";No;No;0,101;Q4;2;18;33;488;4;30;0,13;27,11;91,18;0;France;Western Europe;"ERES";"2019-2020, 2022-2023";"Clinical Psychology (Q4); Psychiatry and Mental Health (Q4)";"Medicine; Psychology"
1371;17700156013;"Figures de la Psychanalyse";journal;"17762847, 16233883";"ERES";No;No;0,100;Q4;6;0;110;0;3;102;0,00;0,00;0,00;0;France;Western Europe;"ERES";"2001-2007, 2009-2022, 2024";"Clinical Psychology (Q4); Psychiatry and Mental Health (Q4)";"Medicine; Psychology"
1372;17600154905;"Gestalt";journal;"11545232";"Societe Francaise de Gestalt";No;No;0,100;Q4;3;14;69;93;1;59;0,02;6,64;36,36;0;France;Western Europe;"Societe Francaise de Gestalt";"2002-2024";"Clinical Psychology (Q4)";"Psychology"
1373;3900148508;"Ortho Magazine";journal;"12624586";"Elsevier Masson s.r.l.";No;No;0,100;Q4;1;69;229;152;0;204;0,00;2,20;82,46;0;France;Western Europe;"Elsevier Masson s.r.l.";"2006-2026";"Developmental and Educational Psychology (Q4); Pediatrics, Perinatology and Child Health (Q4)";"Medicine; Psychology"
1374;21100877342;"Problemi";journal;"05552419";"Society for Theoretical Psychoanalysis";No;No;0,100;Q4;5;31;120;887;19;93;0,10;28,61;16,67;0;Slovenia;Eastern Europe;"Society for Theoretical Psychoanalysis";"2017-2025";"Applied Psychology (Q4); Linguistics and Language (Q4); Literature and Literary Theory (Q4); Philosophy (Q4)";"Arts and Humanities; Psychology; Social Sciences"
1375;19259;"Revista Brasileira de Neurologia e Psiquiatria";journal;"14140365";"Editora Cientifica Nacional Ltda";No;No;0,100;Q4;4;26;81;558;1;73;0,00;21,46;58,33;0;Brazil;Latin America;"Editora Cientifica Nacional Ltda";"1999-2000, 2008-2010, 2013-2024";"Neurology (Q4); Neurology (clinical) (Q4); Neuropsychology and Physiological Psychology (Q4); Psychiatry and Mental Health (Q4)";"Medicine; Neuroscience; Psychology"
1376;17600155216;"Savoirs et Clinique";journal;"16343298, 17762871";"ERES";No;No;0,100;Q4;4;0;90;0;0;80;0,00;0,00;0,00;0;France;Western Europe;"ERES";"2002-2010, 2012-2022";"Clinical Psychology (Q4); Psychiatry and Mental Health (Q4)";"Medicine; Psychology"
1377;21100199715;"Tempo Psicanalitico";journal;"23166576, 01014838";"Sociedade de Psicanalise Iracy Doyle";Yes;Yes;0,100;Q4;5;25;91;785;1;89;0,00;31,40;65,00;0;Brazil;Latin America;"Sociedade de Psicanalise Iracy Doyle";"2010-2025";"Clinical Psychology (Q4); Psychiatry and Mental Health (Q4)";"Medicine; Psychology"
1378;17700155818;"Topique";journal;"00409375";"Esprit";No;No;0,100;Q4;7;43;99;1112;6;91;0,00;25,86;22,58;0;France;Western Europe;"Esprit";"2001-2023";"Clinical Psychology (Q4); Psychiatry and Mental Health (Q4)";"Medicine; Psychology"
1379;21101185523;"Adolescents";journal;"26737051";"Multidisciplinary Digital Publishing Institute (MDPI)";Yes;No;;-;11;47;77;2703;84;74;1,09;57,51;75,00;2;Switzerland;Western Europe;"Multidisciplinary Digital Publishing Institute (MDPI)";"2021-2025";"Health Professions (miscellaneous); Psychology (miscellaneous); Social Sciences (miscellaneous)";"Health Professions; Psychology; Social Sciences"
1380;21100268073;"Advances in Motivation and Achievement";book series;"07497423";"Emerald Group Publishing Ltd.";No;No;;-;24;8;14;316;9;0;0,64;39,50;50,00;0;United Kingdom;Western Europe;"Emerald Group Publishing Ltd.";"2010, 2012, 2014, 2016, 2019, 2021, 2023, 2025-2026";"Applied Psychology; Social Psychology";"Psychology"
1381;21101364770;"advances.in/psychology";journal;"2976937X";"Advances.in Ltd";No;No;;-;7;6;0;544;0;0;0,00;90,67;25,00;0;United Kingdom;Western Europe;"Advances.in Ltd";"2023-2026";"Psychology (miscellaneous)";"Psychology"
1382;21101308797;"African Journal of Psychological Assessment";journal;"26172798, 27071618";"AOSIS (Pty) Ltd";Yes;No;;-;7;10;30;531;25;27;0,83;53,10;48,15;0;South Africa;Africa;"AOSIS (Pty) Ltd";"2021-2025";"Applied Psychology; Developmental and Educational Psychology; Psychology (miscellaneous); Social Psychology";"Psychology"
1383;21101185531;"Anthropological Researches and Studies";journal;"23603445";"Romanian Academy Francisc I Rainer Institute of Anthropology";Yes;No;;-;2;19;25;635;1;25;0,04;33,42;73,53;1;Romania;Eastern Europe;"Romanian Academy Francisc I Rainer Institute of Anthropology";"2022-2026";"Anthropology; Biological Psychiatry; Epidemiology; Experimental and Cognitive Psychology; Neuropsychology and Physiological Psychology; Physical Therapy, Sports Therapy and Rehabilitation; Psychiatry and Mental Health";"Health Professions; Medicine; Neuroscience; Psychology; Social Sciences"
1384;21101297679;"Applied Cybersecurity and Internet Governance";journal;"29564395, 29563119";"NASK National Research Insitute";Yes;No;;-;5;15;17;595;6;16;0,35;39,67;33,33;0;Poland;Eastern Europe;"NASK National Research Insitute";"2022-2025";"Computer Science (miscellaneous); Human-Computer Interaction; Political Science and International Relations; Psychology (miscellaneous)";"Computer Science; Psychology; Social Sciences"
1385;21101185424;"Aviation Psychology and Applied Human Factors";journal;"21920923, 21920931";"Hogrefe Publishing GmbH";No;No;;-;8;18;43;396;21;40;0,61;22,00;37,29;0;Germany;Western Europe;"Hogrefe Publishing GmbH";"2019-2025";"Aerospace Engineering; Applied Psychology";"Engineering; Psychology"
1386;21101153195;"Clinical Psychology and Special Education";journal;"23040394";"Moscow State University of Psychology and Education";Yes;Yes;;-;6;38;0;1664;0;0;0,00;43,79;75,73;0;Russian Federation;Eastern Europe;"Moscow State University of Psychology and Education";"2022-2025";"Clinical Psychology; Developmental and Educational Psychology; Experimental and Cognitive Psychology; Neuropsychology and Physiological Psychology";"Psychology"
1387;21101342306;"Cogent Mental Health";journal;"28324765";"Taylor and Francis Ltd.";Yes;No;;-;5;11;0;623;0;0;0,00;56,64;46,67;3;United Kingdom;Western Europe;"Taylor and Francis Ltd.";"2023-2026";"Clinical Psychology; Psychiatry and Mental Health; Psychology (miscellaneous)";"Medicine; Psychology"
1388;21101184722;"Computational Psychiatry";journal;"23796227";"Ubiquity Press";Yes;No;;-;13;5;27;266;86;26;2,50;53,20;27,27;0;United Kingdom;Western Europe;"Ubiquity Press";"2019-2026";"Psychology (miscellaneous)";"Psychology"
1389;21101224879;"Discover Psychology";journal;"27314537";"Discover";Yes;No;;-;13;43;58;2392;80;55;1,38;55,63;50,35;0;Switzerland;Western Europe;"Discover";"2021-2026";"Behavioral Neuroscience; Neuroscience (miscellaneous); Psychiatry and Mental Health; Psychology (miscellaneous)";"Medicine; Neuroscience; Psychology"
1390;21101196713;"Emerging Trends in Drugs, Addictions, and Health";journal;"26671182";"Elsevier Ltd";Yes;No;;-;10;11;38;323;52;37;1,37;29,36;42,59;1;United Kingdom;Western Europe;"Elsevier Ltd";"2021-2026";"Clinical Psychology; Drug Discovery; Medicine (miscellaneous); Pharmacology; Psychiatry and Mental Health";"Medicine; Pharmacology, Toxicology and Pharmaceutics; Psychology"
1391;21101298381;"Frontiers in Child and Adolescent Psychiatry";journal;"28134540";"Frontiers Media SA";Yes;No;;-;8;61;15;3255;13;14;0,87;53,36;59,52;1;Switzerland;Western Europe;"Frontiers Media SA";"2022-2026";"Developmental and Educational Psychology; Pediatrics, Perinatology and Child Health; Psychiatry and Mental Health; Psychology (miscellaneous)";"Medicine; Psychology"
1392;21101298343;"Frontiers in Cognition";journal;"28134532";"Frontiers Media SA";Yes;No;;-;7;36;5;2756;3;3;0,60;76,56;53,33;1;Switzerland;Western Europe;"Frontiers Media SA";"2022-2026";"Cognitive Neuroscience; Neuroscience (miscellaneous); Psychology (miscellaneous)";"Neuroscience; Psychology"
1393;21101296127;"Frontiers in Developmental Psychology";journal;"28137779";"Frontiers Media SA";Yes;No;;-;6;14;0;978;0;0;0,00;69,86;65,85;2;Switzerland;Western Europe;"Frontiers Media SA";"2023-2026";"Developmental and Educational Psychology; Experimental and Cognitive Psychology; Psychiatry and Mental Health; Psychology (miscellaneous)";"Medicine; Psychology"
1394;21101322178;"Frontiers in Language Sciences";journal;"28134605";"Frontiers Media SA";Yes;No;;-;7;37;4;2742;5;4;1,25;74,11;48,24;0;Switzerland;Western Europe;"Frontiers Media SA";"2022-2026";"Cognitive Neuroscience; Experimental and Cognitive Psychology; Linguistics and Language";"Neuroscience; Psychology; Social Sciences"
1395;21101298217;"Frontiers in Social Psychology";journal;"28137876";"Frontiers Media SA";Yes;No;;-;6;14;0;1096;0;0;0,00;78,29;36,67;1;Switzerland;Western Europe;"Frontiers Media SA";"2023-2026";"Social Psychology; Social Sciences (miscellaneous)";"Psychology; Social Sciences"
1396;21101260625;"Gedragstherapie: Tijdschrift voor Gedragstherapie en Cognitieve Therapie";journal;"2468953X, 01677454";"Boom Uitgevers";No;No;;-;2;30;60;959;6;44;0,12;31,97;72,31;0;Netherlands;Western Europe;"Boom Uitgevers";"2020-2025";"Clinical Psychology; Developmental and Educational Psychology; Experimental and Cognitive Psychology; Psychology (miscellaneous)";"Psychology"
1397;21101230594;"Human-Animal Interactions";journal;"29579538";"CABI International";Yes;No;;-;7;46;27;2633;32;24;1,19;57,24;76,52;0;United Kingdom;Western Europe;"CABI International";"2022-2025";"Applied Psychology; Psychology (miscellaneous); Social Sciences (miscellaneous); Veterinary (miscellaneous)";"Psychology; Social Sciences; Veterinary"
1398;21101183485;"Imagination, Cognition and Personality";journal;"15414477, 02762366";"SAGE Publications Ltd";No;No;;-;39;23;73;1026;99;61;1,25;44,61;52,73;1;United Kingdom;Western Europe;"SAGE Publications Ltd";"1982-2026";"Cognitive Neuroscience; Experimental and Cognitive Psychology; Psychology (miscellaneous)";"Neuroscience; Psychology"
1399;21101281057;"Indonesian Journal of Criminal Law Studies";journal;"25481576, 25481568";"Universitas Negeri Semarang";No;No;;-;2;12;0;416;0;0;0,00;34,67;29,17;0;Indonesia;Asiatic Region;"Universitas Negeri Semarang";"2023-2025";"Gender Studies; Law; Social Psychology; Social Sciences (miscellaneous)";"Psychology; Social Sciences"
1400;21101184419;"Indonesian Journal of Occupational Safety and Health";journal;"23018046, 25407872";"Airlangga University Faculty of Public Health";Yes;Yes;;-;7;55;143;1810;40;143;0,20;32,91;53,66;0;Indonesia;Asiatic Region;"Airlangga University Faculty of Public Health";"2019-2025";"Applied Psychology; Health, Toxicology and Mutagenesis; Public Health, Environmental and Occupational Health";"Environmental Science; Medicine; Psychology"
1401;21101190210;"International Journal for Research in Learning Disabilities";journal;"2325565X, 23293764";"International Academy for Research in Learning Disabilities (IARLD)";No;No;;-;4;5;14;292;7;13;0,40;58,40;64,71;0;United States;Northern America;"International Academy for Research in Learning Disabilities (IARLD)";"2019-2026";"Education; Medicine (miscellaneous); Neuroscience (miscellaneous); Psychology (miscellaneous)";"Medicine; Neuroscience; Psychology; Social Sciences"
1402;21101288489;"International Journal of Cognitive Behavioral Therapy";journal;"30593042";"Springer Science and Business Media Deutschland GmbH";No;No;;-;43;32;92;2209;210;92;2,51;69,03;54,90;1;Germany;Western Europe;"Springer Science and Business Media Deutschland GmbH";"2025-2026";"Experimental and Cognitive Psychology";"Psychology"
1403;21101375575;"International Journal of Narrative Therapy and Community Work";journal;"29818818";"Dulwich Centre Foundation";Yes;No;;-;3;8;51;125;9;48;0,18;15,63;25,00;0;Australia;Pacific Region;"Dulwich Centre Foundation";"2023-2025";"Health Professions (miscellaneous); Psychology (miscellaneous); Social Sciences (miscellaneous)";"Health Professions; Psychology; Social Sciences"
1404;21101310677;"JAACAP Open";journal;"29497329";"Elsevier B.V.";Yes;No;;-;9;31;0;1166;0;0;0,00;37,61;59,59;1;Netherlands;Western Europe;"Elsevier B.V.";"2023-2026";"Applied Psychology; Clinical Psychology; Experimental and Cognitive Psychology; Psychology (miscellaneous)";"Psychology"
1405;21101229222;"JCPP Advances";journal;"26929384";"John Wiley and Sons Ltd";Yes;No;;-;24;65;112;3627;308;89;2,75;55,80;61,63;13;United Kingdom;Western Europe;"John Wiley and Sons Ltd";"2021-2026";"Developmental and Educational Psychology; Psychiatry and Mental Health; Psychology (miscellaneous)";"Medicine; Psychology"
1406;21101034437;"Journal for ReAttach Therapy and Developmental Diversities (discontinued)";journal;"25897799";"ReAttach Therapy International Foundation";Yes;No;;-;11;362;142;9363;103;140;0,77;25,86;45,66;0;Netherlands;Western Europe;"ReAttach Therapy International Foundation";"2020-2023";"Clinical Psychology; Developmental and Educational Psychology; Neuropsychology and Physiological Psychology; Rehabilitation";"Medicine; Psychology"
1407;21101239978;"Journal of Applied Psychological Research";journal;"22518126, 26764504";"University of Tehran";Yes;No;;-;4;51;228;2566;23;228;0,10;50,31;44,52;0;Iran;Middle East;"University of Tehran";"2020-2025";"Applied Psychology; Developmental and Educational Psychology; Experimental and Cognitive Psychology; Psychology (miscellaneous)";"Psychology"
1408;21101295546;"Journal of Clinical Psychology Research";journal;"26024438";"Association for Clinical Psychology Research";Yes;No;;-;5;29;50;1902;11;50;0,22;65,59;79,25;0;Turkey;Middle East;"Association for Clinical Psychology Research";"2021-2026";"Applied Psychology; Clinical Psychology; Developmental and Educational Psychology";"Psychology"
1409;21101309512;"Journal of College Student Mental Health";journal;"28367138, 28367146";"Routledge";No;No;;-;36;55;85;2583;122;80;1,24;46,96;61,72;1;United Kingdom;Western Europe;"Routledge";"2024-2026";"Clinical Psychology; Psychiatry and Mental Health";"Medicine; Psychology"
1410;21101162692;"Journal of Education and Learning";journal;"20899823, 23029277";"Intelektual Pustaka Media Utama";No;No;;-;11;74;0;3579;0;0;0,00;48,36;53,76;0;Indonesia;Asiatic Region;"Intelektual Pustaka Media Utama";"2023-2026";"Development; Developmental and Educational Psychology; Education";"Psychology; Social Sciences"
1411;21101259362;"Journal of Korean Biological Nursing Science";journal;"23836423, 23836415";"";No;No;;-;5;28;95;969;24;95;0,32;34,61;71,19;1;South Korea;Asiatic Region;"";"2020-2025";"Embryology; Psychology (miscellaneous)";"Medicine; Psychology"
1412;21101274835;"Journal of Latinx Psychology";journal;"25788094, 25788086";"American Psychological Association";No;No;;-;21;22;65;1381;195;64;2,53;62,77;70,00;0;United States;Northern America;"American Psychological Association";"2020-2025";"Psychology (miscellaneous)";"Psychology"
1413;21101196737;"Journal of Management World (discontinued)";journal;"29943191";"";No;No;;-;6;40;92;3325;22;91;0,24;83,13;38,78;0;United States;Northern America;"";"2021-2024";"Business and International Management; Business, Management and Accounting (miscellaneous); Information Systems and Management; Management Information Systems; Psychology (miscellaneous); Strategy and Management";"Business, Management and Accounting; Decision Sciences; Psychology"
1414;21101184725;"Journal of Open Psychology Data";journal;"20509863";"Ubiquity Press";Yes;No;;-;6;19;25;898;16;8;0,70;47,26;50,00;2;United Kingdom;Western Europe;"Ubiquity Press";"2019-2025";"Psychology (miscellaneous)";"Psychology"
1415;21101347015;"Journal of Pedagogical Sociology and Psychology";journal;"26873788";"Duzce University, Faculty of Education";Yes;No;;-;7;41;21;2086;38;21;1,81;50,88;43,75;0;Turkey;Middle East;"Duzce University, Faculty of Education";"2021-2025";"Developmental and Educational Psychology; Education; Social Psychology; Social Sciences (miscellaneous)";"Psychology; Social Sciences"
1416;21101210861;"Journal of Postsecondary Student Success";journal;"27694887, 27694879";"Center for Postsecondary Success, Florida State University";Yes;Yes;;-;8;21;31;956;34;29;1,10;45,52;71,15;1;United States;Northern America;"Center for Postsecondary Success, Florida State University";"2021-2026";"Developmental and Educational Psychology; Education";"Psychology; Social Sciences"
1417;21101339540;"Journal of Psychological Science";journal;"16716981";"Chinese Psycholocial Society";No;No;;-;10;181;366;6972;138;366;0,38;38,52;46,37;0;China;Asiatic Region;"Chinese Psycholocial Society";"2021-2026";"Applied Psychology; Clinical Psychology; Developmental and Educational Psychology; Experimental and Cognitive Psychology";"Psychology"
1418;21101370217;"Journal of Psychopathology";journal;"24996904, 22840249";"Pacini Editore Srl";No;No;;-;19;16;103;955;77;95;0,54;59,69;55,88;0;Italy;Western Europe;"Pacini Editore Srl";"2014-2015, 2017-2026";"Clinical Psychology; Psychiatry and Mental Health";"Medicine; Psychology"
1419;21101170038;"Journal of Psychopathology and Clinical Science";journal;"2769755X, 27697541";"American Psychological Association";No;No;;-;16;70;0;4704;0;0;0,00;67,20;52,67;3;United States;Northern America;"American Psychological Association";"2022-2025";"Biological Psychiatry; Clinical Psychology; Medicine (miscellaneous); Psychiatry and Mental Health; Psychology (miscellaneous)";"Medicine; Neuroscience; Psychology"
1420;21101293007;"Journal of Psychosexual Health";journal;"26318318, 26318326";"SAGE Publications Ltd";Yes;No;;-;11;43;92;1060;78;75;0,85;24,65;39,74;2;United Kingdom;Western Europe;"SAGE Publications Ltd";"2021-2026";"Clinical Psychology; Obstetrics and Gynecology; Reproductive Medicine; Urology";"Medicine; Psychology"
1421;21101188485;"Journal of Psychosocial Oncology Research and Practice";journal;"26375974";"Lippincott Williams and Wilkins";Yes;No;;-;6;25;30;996;26;29;0,87;39,84;64,46;0;United States;Northern America;"Lippincott Williams and Wilkins";"2021-2025";"Clinical Psychology";"Psychology"
1422;21101182140;"Journal of Sexual and Mental Health";journal;"29565677";"Via Medica";No;No;;-;8;9;41;299;2;41;0,06;33,22;56,00;0;Poland;Eastern Europe;"Via Medica";"2022-2025";"Endocrinology, Diabetes and Metabolism; Psychiatry and Mental Health; Psychology (miscellaneous); Reproductive Medicine";"Medicine; Psychology"
1423;21101199387;"Journal of the Association for Music and Imagery";journal;"10988009";"Association for Music and Imagery";No;No;;-;2;6;16;206;2;16;0,00;34,33;66,67;0;United States;Northern America;"Association for Music and Imagery";"2020-2025";"Clinical Psychology; Music; Psychology (miscellaneous)";"Arts and Humanities; Psychology"
1424;21101363390;"Journal of the European Second Language Association";journal;"23999101";"White Rose University Press";Yes;No;;-;6;6;13;252;17;13;1,31;42,00;36,36;0;United Kingdom;Western Europe;"White Rose University Press";"2021-2026";"Developmental and Educational Psychology; Education; Linguistics and Language";"Psychology; Social Sciences"
1425;21101323183;"Jurnal Gramatika";journal;"24428485, 24606316";"Universitas PGRI Sumatera Barat";Yes;No;;-;3;20;20;820;6;20;0,30;41,00;46,15;0;Indonesia;Asiatic Region;"Universitas PGRI Sumatera Barat";"2022-2025";"Education; Linguistics and Language; Literature and Literary Theory; Psychology (miscellaneous)";"Arts and Humanities; Psychology; Social Sciences"
1426;21101197368;"Limite (Chile)";journal;"07185065";"Universidad de Tarapaca";No;No;;-;3;25;61;1329;6;61;0,14;53,16;46,34;0;Chile;Latin America;"Universidad de Tarapaca";"2019-2026";"Philosophy; Psychology (miscellaneous)";"Arts and Humanities; Psychology"
1427;21101222660;"Mental Health: Global Challenges";journal;"26122138";"Sciendo";Yes;Yes;;-;4;10;4;403;1;3;0,25;40,30;48,15;0;Germany;Western Europe;"Sciendo";"2022-2026";"Health Professions (miscellaneous); Health (social science); Neuroscience (miscellaneous); Psychiatry and Mental Health; Psychology (miscellaneous)";"Health Professions; Medicine; Neuroscience; Psychology; Social Sciences"
1428;21101289831;"Moral Development and Citizenship Education";book series;"23525770";"Brill Academic Publishers";No;No;;-;11;19;57;1830;24;1;0,42;96,32;33,33;0;Netherlands;Western Europe;"Brill Academic Publishers";"2008, 2010-2013, 2015-2019, 2021-2023, 2025-2026";"Developmental and Educational Psychology; Education";"Psychology; Social Sciences"
1429;21101268226;"National Psychological Journal";journal;"20796617, 23099828";"Lomonosov Moscow State University";Yes;Yes;;-;6;52;120;1643;54;119;0,51;31,60;70,40;0;Russian Federation;Eastern Europe;"Lomonosov Moscow State University";"2020-2026";"Applied Psychology; Education; Experimental and Cognitive Psychology; Psychology (miscellaneous)";"Psychology; Social Sciences"
1430;21101294447;"npj Mental Health Research";journal;"27314251";"Nature Publishing Group";Yes;No;;-;17;22;18;1373;41;16;2,28;62,41;51,46;5;United Kingdom;Western Europe;"Nature Publishing Group";"2022-2026";"Behavioral Neuroscience; Neuroscience (miscellaneous); Psychiatry and Mental Health; Psychology (miscellaneous)";"Medicine; Neuroscience; Psychology"
1431;21101272840;"Obesities";journal;"26734168";"Multidisciplinary Digital Publishing Institute (MDPI)";Yes;No;;-;10;24;51;1383;50;50;0,98;57,63;58,33;0;Switzerland;Western Europe;"Multidisciplinary Digital Publishing Institute (MDPI)";"2021-2025";"Endocrinology, Diabetes and Metabolism; Epidemiology; Psychology (miscellaneous)";"Medicine; Psychology"
1432;21101210854;"Obozrenie Psihiatrii i Medicinskoj Psihologii Imeni V.M. Bekhtereva";journal;"2713055X, 23137053";"FSBI V M Bekhterev National Research Medical Center for Psychiatry and Neurology of of the Russian Federation Ministry of Health";Yes;Yes;;-;8;37;132;1512;73;127;0,55;40,86;59,13;0;Russian Federation;Eastern Europe;"FSBI V M Bekhterev National Research Medical Center for Psychiatry and Neurology of of the Russian Federation Ministry of Health";"2020-2025";"Clinical Psychology; Physiology (medical); Psychiatry and Mental Health";"Medicine; Psychology"
1433;21101270277;"Philosophy and the Mind Sciences";journal;"26990369";"Ruhr-University of Bochum";Yes;Yes;;-;18;23;46;1353;152;42;1,85;58,83;32,14;0;Germany;Western Europe;"Ruhr-University of Bochum";"2020-2025";"Cognitive Neuroscience; Philosophy; Psychology (miscellaneous)";"Arts and Humanities; Neuroscience; Psychology"
1434;21101194210;"Proceedings of the International Group for the Psychology of Mathematics Education";conference and proceedings;"0771100X, 27903648";"Psychology of Mathematics Education (PME)";No;No;;-;9;381;669;3327;96;658;0,14;8,73;57,28;0;Germany;Western Europe;"Psychology of Mathematics Education (PME)";"2019, 2021-2025";"Developmental and Educational Psychology; Education; Experimental and Cognitive Psychology; Mathematics (miscellaneous)";"Mathematics; Psychology; Social Sciences"
1435;21101197373;"Process Studies";journal;"03606503, 21543682";"University of Illinois Press";No;No;;-;4;16;40;407;11;36;0,30;25,44;16,67;0;United States;Northern America;"University of Illinois Press";"1971, 2019-2025";"Developmental and Educational Psychology; Religious Studies; Social Psychology";"Arts and Humanities; Psychology"
1436;21101248362;"Psiquemag";journal;"23070846";"Cesar Vallejo University";Yes;Yes;;-;4;17;60;641;16;60;0,24;37,71;20,00;0;Peru;Latin America;"Cesar Vallejo University";"2020-2025";"Applied Psychology; Clinical Psychology; Developmental and Educational Psychology; Psychiatry and Mental Health";"Medicine; Psychology"
1437;21101289971;"Psychiatry, Neurology and Medical Psychology";journal;"23125675, 2411166X";"V N Karazin Kharkiv National University";Yes;No;;-;3;12;33;256;5;33;0,15;21,33;40,00;0;Ukraine;Eastern Europe;"V N Karazin Kharkiv National University";"2021-2025";"Clinical Psychology; Education; Medicine (miscellaneous); Psychiatry and Mental Health";"Medicine; Psychology; Social Sciences"
1438;21101292924;"Psychology of Leaders and Leadership";journal;"27696863, 27696898";"American Psychological Association";No;No;;-;22;11;35;587;21;35;0,62;53,36;42,86;1;United States;Northern America;"American Psychological Association";"2022-2025";"Applied Psychology; Business, Management and Accounting (miscellaneous); Social Psychology";"Business, Management and Accounting; Psychology"
1439;21101333431;"Research in Autism";journal;"30506565";"Elsevier Ltd";No;No;;-;108;123;364;7584;945;360;2,20;61,66;66,92;7;United Kingdom;Western Europe;"Elsevier Ltd";"2025-2026";"Clinical Psychology; Developmental and Educational Psychology; Psychiatry and Mental Health";"Medicine; Psychology"
1440;21101292644;"Review of Disability Studies An International Journal";journal;"15529215, 15533697";"University of Hawai'i at Manoa Center on Disability Studies";No;No;;-;4;12;58;248;18;46;0,31;20,67;55,56;0;United States;Northern America;"University of Hawai'i at Manoa Center on Disability Studies";"2021-2025";"Cultural Studies; Developmental and Educational Psychology; Education; Political Science and International Relations";"Psychology; Social Sciences"
1441;21101192675;"Revista de Estudios e Investigacion en Psicologia y Educacion";journal;"23867418";"Publications Service of the University of A Coruna - Elvina Campus";Yes;Yes;;-;7;18;71;631;34;71;0,45;35,06;60,47;3;Spain;Western Europe;"Publications Service of the University of A Coruna - Elvina Campus";"2019-2025";"Education; Psychology (miscellaneous)";"Psychology; Social Sciences"
1442;21101290843;"Revista de Psicoterapia";journal;"23397950, 11305142";"Grupo Editorial Psicofundacion";No;No;;-;5;40;91;1309;24;86;0,26;32,73;51,39;0;Spain;Western Europe;"Grupo Editorial Psicofundacion";"2021-2025";"Clinical Psychology";"Psychology"
1443;21101271735;"Revista Digital de Investigacion en Docencia Universitaria";journal;"22232516";"Universidad Peruana de Ciencias Aplicadas";Yes;Yes;;-;11;21;53;745;89;48;1,63;35,48;47,06;1;Peru;Latin America;"Universidad Peruana de Ciencias Aplicadas";"2020-2026";"Cultural Studies; Developmental and Educational Psychology; Education";"Psychology; Social Sciences"
1444;21101209161;"Sexual Offending: Theory, Research, and Prevention";journal;"26998440";"PsychOpen";Yes;Yes;;-;8;7;34;390;24;32;0,87;55,71;56,25;0;Germany;Western Europe;"PsychOpen";"2020-2026";"Applied Psychology; Clinical Psychology; Law; Psychiatry and Mental Health";"Medicine; Psychology; Social Sciences"
1445;21101245328;"Sichuan Jingshen Weisheng";journal;"10073256";"";Yes;No;;-;5;104;322;3041;74;322;0,24;29,24;52,64;0;China;Asiatic Region;"";"2020-2025";"Psychiatry and Mental Health; Psychology (miscellaneous)";"Medicine; Psychology"
1446;21101182141;"SLEEP Advances";journal;"26325012";"Oxford University Press";Yes;No;;-;16;56;62;3090;152;58;2,19;55,18;59,05;1;United Kingdom;Western Europe;"Oxford University Press";"2020-2026";"Behavioral Neuroscience; Clinical Psychology; Neurology (clinical); Neuropsychology and Physiological Psychology; Physiology (medical)";"Medicine; Neuroscience; Psychology"
1447;21101344622;"Social and Emotional Learning: Research, Practice, and Policy";journal;"27732339";"Elsevier B.V.";Yes;No;;-;10;15;0;732;0;0;0,00;48,80;68,63;1;Netherlands;Western Europe;"Elsevier B.V.";"2023-2026";"Developmental and Educational Psychology";"Psychology"
1448;21101185818;"Social and Legal Studios (discontinued)";journal;"26174170, 26174162";"Lviv State University of Internal Affairs";Yes;No;;-;12;68;232;2231;48;232;0,33;32,81;61,38;0;Ukraine;Eastern Europe;"Lviv State University of Internal Affairs";"2019-2025";"Economics, Econometrics and Finance (miscellaneous); Law; Social Psychology";"Economics, Econometrics and Finance; Psychology; Social Sciences"
1449;21101169886;"Sovremennaa Terapia Psihiceskih Rasstrojstv";journal;"23064137";"";Yes;Yes;;-;4;22;0;1511;0;0;0,00;68,68;47,17;0;Iran;Middle East;"";"2023-2025";"Physiology (medical); Psychiatry and Mental Health; Psychology (miscellaneous)";"Medicine; Psychology"
1450;21101179292;"Spiritual Psychology and Counseling";journal;"24589675";"";Yes;Yes;;-;5;20;0;1255;0;0;0,00;62,75;67,86;0;Turkey;Middle East;"";"2023-2025";"Psychology (miscellaneous)";"Psychology"
1451;21101230599;"Suomalaisen Kirjallisuuden Seuran Toimituksia";book series;"03551768, 26702401";"Suomalaisen Kirjallisuuden Seura";No;No;;-;6;27;185;1617;48;12;0,23;59,89;66,67;0;Finland;Western Europe;"Suomalaisen Kirjallisuuden Seura";"2020-2025";"Arts and Humanities (miscellaneous); Developmental and Educational Psychology; Developmental Neuroscience; Education; Psychiatry and Mental Health";"Arts and Humanities; Medicine; Neuroscience; Psychology; Social Sciences"
1452;21101185419;"Technology, Mind, and Behavior";journal;"26890208";"American Psychological Association";Yes;No;;-;22;17;87;1042;466;86;5,36;61,29;53,73;2;United States;Northern America;"American Psychological Association";"2020-2025";"Communication; Experimental and Cognitive Psychology; Human-Computer Interaction; Social Psychology";"Computer Science; Psychology; Social Sciences"
1453;21101307581;"Trends in Higher Education";journal;"28134346";"Multidisciplinary Digital Publishing Institute (MDPI)";Yes;No;;-;12;41;6;2622;4;5;0,67;63,95;60,71;4;Switzerland;Western Europe;"Multidisciplinary Digital Publishing Institute (MDPI)";"2022-2026";"Education; Psychology (miscellaneous); Social Sciences (miscellaneous)";"Psychology; Social Sciences"
1454;21100902938;"Trends in Language Acquisition Research";book series;"15690644";"John Benjamins Publishing Company";No;No;;-;11;1;74;519;42;25;0,58;519,00;100,00;0;Netherlands;Western Europe;"John Benjamins Publishing Company";"2011, 2018, 2020-2023";"Communication; Cultural Studies; Developmental and Educational Psychology; Education; Linguistics and Language";"Psychology; Social Sciences"
1455;21101201501;"Turkish Journal of Child and Adolescent Mental Health";journal;"26873532";"Galenos Publishing House";No;No;;-;4;35;108;1417;31;94;0,28;40,49;64,84;0;Turkey;Middle East;"Galenos Publishing House";"2020-2025";"Epidemiology; Experimental and Cognitive Psychology; Genetics (clinical); Neuropsychology and Physiological Psychology; Psychiatry and Mental Health; Psychology (miscellaneous)";"Medicine; Psychology"
