Rank;Sourceid;Title;Type;Issn;Publisher;Open Access;Open Access Diamond;SJR;SJR Best Quartile;H index;Total Docs. (2025);Total Docs. (3years);Total Refs.;Total Citations (3years);Citable Docs. (3years);Citations / Doc. (2years);Ref. / Doc.;%Female;Overton;Country;Region;Publisher;Coverage;Categories;Areas
1;21100863710;"Annual Review of Organizational Psychology and Organizational Behavior";journal;"23270608";"Annual Reviews Inc.";No;No;16,778;Q1;98;17;60;2158;3203;57;62,83;126,94;51,43;3;United States;Northern America;"Annual Reviews Inc.";"2014-2025";"Applied Psychology (Q1); Organizational Behavior and Human Resource Management (Q1); Social Psychology (Q1)";"Business, Management and Accounting; Psychology"
2;12010;"Annual Review of Psychology";journal;"00664308, 15452085";"Annual Reviews Inc.";No;No;12,936;Q1;315;34;78;5343;3162;75;42,63;157,15;32,39;2;United States;Northern America;"Annual Reviews Inc.";"1950-1958, 1960-1963, 1965-2026";"Psychology (miscellaneous) (Q1)";"Psychology"
3;13443;"Psychological Bulletin";journal;"00332909, 19391455";"American Psychological Association";No;No;8,496;Q1;396;51;103;8621;2424;103;17,50;169,04;56,29;3;United States;Northern America;"American Psychological Association";"1904-2025";"History and Philosophy of Science (Q1); Psychology (miscellaneous) (Q1)";"Arts and Humanities; Psychology"
4;21101159371;"Nature Reviews Psychology";journal;"27310574";"Nature Publishing Group";No;No;6,763;Q1;46;126;379;10215;4085;176;8,70;81,07;54,45;2;United States;Northern America;"Nature Publishing Group";"2022-2026";"Clinical Psychology (Q1); Developmental and Educational Psychology (Q1); Psychology (miscellaneous) (Q1)";"Psychology"
5;4600151524;"Annual Review of Clinical Psychology";book series;"15485951, 15485943";"Annual Reviews Inc.";No;No;6,482;Q1;166;21;60;3336;1331;60;19,03;158,86;60,47;0;United States;Northern America;"Annual Reviews Inc.";"2005-2025";"Clinical Psychology (Q1); Medicine (miscellaneous) (Q1); Psychiatry and Mental Health (Q1)";"Medicine; Psychology"
6;13564;"Educational Psychologist";journal;"15326985, 00461520";"Routledge";No;No;6,305;Q1;175;27;57;3328;1142;55;13,60;123,26;58,44;0;United States;Northern America;"Routledge";"1963-2026";"Developmental and Educational Psychology (Q1)";"Psychology"
7;12812;"Personality and Social Psychology Review";journal;"10888683, 15327957";"SAGE Publications Inc.";No;No;6,292;Q1;204;30;43;5740;779;41;18,13;191,33;45,00;2;United States;Northern America;"SAGE Publications Inc.";"1997-2026";"Social Psychology (Q1)";"Psychology"
8;21149;"Leadership Quarterly";journal;"10489843";"Elsevier Inc.";No;No;6,124;Q1;214;36;130;4326;1787;121;11,94;120,17;39,02;2;United States;Northern America;"Elsevier Inc.";"1990-2026";"Applied Psychology (Q1); Business and International Management (Q1); Organizational Behavior and Human Resource Management (Q1); Sociology and Political Science (Q1)";"Business, Management and Accounting; Psychology; Social Sciences"
9;21101046404;"Advances in Methods and Practices in Psychological Science";journal;"25152459, 25152467";"SAGE Publications Inc.";Yes;No;6,094;Q1;58;66;98;5068;1395;89;12,87;76,79;37,27;0;United States;Northern America;"SAGE Publications Inc.";"2018-2026";"Psychology (miscellaneous) (Q1)";"Psychology"
10;13969;"Psychological Science in the Public Interest";journal;"21600031, 15291006";"SAGE Publications Inc.";No;No;5,539;Q1;67;3;26;586;287;13;7,68;195,33;75,00;1;United States;Northern America;"SAGE Publications Inc.";"2000-2025";"Psychology (miscellaneous) (Q1)";"Psychology"
11;15388;"Journal of Applied Psychology";journal;"19391854, 00219010";"American Psychological Association";No;No;5,473;Q1;371;59;306;5928;3105;305;7,27;100,47;39,51;2;United States;Northern America;"American Psychological Association";"1917-2026";"Applied Psychology (Q1)";"Psychology"
12;12817;"Personnel Psychology";journal;"00315826, 17446570";"Wiley-Blackwell";No;No;5,410;Q1;183;35;113;4054;1303;108;12,11;115,83;48,33;0;United States;Northern America;"Wiley-Blackwell";"1948-2026";"Applied Psychology (Q1); Organizational Behavior and Human Resource Management (Q1)";"Business, Management and Accounting; Psychology"
13;28181;"Journal of Consumer Psychology";journal;"15327663, 10577408";"John Wiley and Sons Inc";No;No;5,284;Q1;158;56;161;3832;1369;154;9,11;68,43;54,61;1;United States;Northern America;"John Wiley and Sons Inc";"1992-2026";"Applied Psychology (Q1); Marketing (Q1)";"Business, Management and Accounting; Psychology"
14;12854;"Clinical Psychology Review";journal;"18737811, 02727358";"Elsevier Inc.";No;No;5,002;Q1;284;87;215;9447;3451;211;11,83;108,59;58,32;3;United States;Northern America;"Elsevier Inc.";"1981-2026";"Clinical Psychology (Q1); Psychiatry and Mental Health (Q1)";"Medicine; Psychology"
15;21100838541;"Nature Human Behaviour";journal;"23973374";"Nature Publishing Group";No;No;4,896;Q1;132;296;741;17609;8670;483;11,84;59,49;40,96;18;United Kingdom;Western Europe;"Nature Publishing Group";"2017-2026";"Behavioral Neuroscience (Q1); Experimental and Cognitive Psychology (Q1); Social Psychology (Q1)";"Neuroscience; Psychology"
16;24719;"Human Resource Management Review";journal;"10534822";"Elsevier Ltd";No;No;4,892;Q1;141;33;129;3988;2946;128;25,33;120,85;43,18;1;United Kingdom;Western Europe;"Elsevier Ltd";"1991-2026";"Applied Psychology (Q1); Organizational Behavior and Human Resource Management (Q1)";"Business, Management and Accounting; Psychology"
17;19700182323;"Perspectives on Psychological Science";journal;"17456916, 17456924";"SAGE Publications Ltd";No;No;4,859;Q1;213;53;297;7565;3846;270;11,52;142,74;45,87;8;United States;Northern America;"SAGE Publications Ltd";"2006-2026";"Psychology (miscellaneous) (Q1)";"Psychology"
18;14278;"Educational Psychology Review";journal;"1040726X, 1573336X";"Springer New York";No;No;4,840;Q1;172;116;341;12594;5221;314;12,37;108,57;53,47;4;United States;Northern America;"Springer New York";"1989-2026";"Developmental and Educational Psychology (Q1); Education (Q1)";"Psychology; Social Sciences"
19;13461;"Psychological Methods";journal;"1082989X, 19391463";"American Psychological Association";No;No;4,769;Q1;204;79;262;5401;2697;262;7,04;68,37;30,56;2;United States;Northern America;"American Psychological Association";"1996-2026";"History and Philosophy of Science (Q1); Psychology (miscellaneous) (Q1)";"Arts and Humanities; Psychology"
20;24718;"Human Resource Management";journal;"00904848, 1099050X";"Wiley-Liss Inc.";No;No;4,598;Q1;133;97;145;9683;2109;144;15,20;99,82;48,90;4;United States;Northern America;"Wiley-Liss Inc.";"1961-2026";"Applied Psychology (Q1); Management of Technology and Innovation (Q1); Organizational Behavior and Human Resource Management (Q1); Strategy and Management (Q1)";"Business, Management and Accounting; Psychology"
21;21100834316;"The Lancet Child and Adolescent Health";journal;"23524642";"Elsevier B.V.";No;No;4,365;Q1;91;171;559;3596;3119;214;4,88;21,03;50,87;0;Netherlands;Western Europe;"Elsevier B.V.";"2017-2026";"Developmental and Educational Psychology (Q1); Pediatrics, Perinatology and Child Health (Q1)";"Medicine; Psychology"
22;15359;"Trends in Cognitive Sciences";journal;"1879307X, 13646613";"Elsevier Ltd";No;No;4,351;Q1;390;169;388;12924;4512;339;11,14;76,47;38,39;0;United Kingdom;Western Europe;"Elsevier Ltd";"1997-2026";"Cognitive Neuroscience (Q1); Experimental and Cognitive Psychology (Q1); Neuropsychology and Physiological Psychology (Q1)";"Neuroscience; Psychology"
23;30020;"Journal of Organizational Behavior";journal;"10991379, 08943796";"John Wiley and Sons Ltd";No;No;3,999;Q1;242;103;237;11592;2618;228;10,85;112,54;44,31;0;United Kingdom;Western Europe;"John Wiley and Sons Ltd";"1981-1982, 1984-2026";"Applied Psychology (Q1); Organizational Behavior and Human Resource Management (Q1); Psychology (miscellaneous) (Q1); Sociology and Political Science (Q1)";"Business, Management and Accounting; Psychology; Social Sciences"
24;30039;"Journal of Personality and Social Psychology";journal;"00223514, 19391315";"American Psychological Association";No;No;3,767;Q1;468;112;393;9638;3155;391;6,41;86,05;48,20;1;United States;Northern America;"American Psychological Association";"1965-2026";"Social Psychology (Q1); Sociology and Political Science (Q1)";"Psychology; Social Sciences"
25;19400158464;"Health Psychology Review";journal;"17437202, 17437199";"Routledge";No;No;3,664;Q1;88;39;95;4290;1277;93;11,87;110,00;63,20;2;United Kingdom;Western Europe;"Routledge";"2007, 2009-2026";"Clinical Psychology (Q1); Psychiatry and Mental Health (Q1)";"Medicine; Psychology"
26;14014;"Psychology and Marketing";journal;"07426046, 15206793";"Wiley-Liss Inc.";No;No;3,642;Q1;166;181;496;15552;6985;495;11,27;85,92;47,80;2;United States;Northern America;"Wiley-Liss Inc.";"1984-2026";"Applied Psychology (Q1); Marketing (Q1)";"Business, Management and Accounting; Psychology"
27;17900156719;"International Review of Sport and Exercise Psychology";journal;"1750984X, 17509858";"Routledge";No;No;3,533;Q1;68;60;84;6249;1086;83;12,52;104,15;42,74;0;United Kingdom;Western Europe;"Routledge";"2009-2026";"Applied Psychology (Q1); Sports Science (Q1)";"Health Professions; Psychology"
28;14704;"Technological Forecasting and Social Change";journal;"00401625";"Elsevier Inc.";No;No;3,479;Q1;241;433;2267;43030;42204;2250;16,79;99,38;37,44;15;United States;Northern America;"Elsevier Inc.";"1970-2026";"Applied Psychology (Q1); Business and International Management (Q1); Management of Technology and Innovation (Q1)";"Business, Management and Accounting; Psychology"
29;21100372442;"Current Opinion in Psychology";journal;"2352250X";"Elsevier B.V.";No;No;3,432;Q1;127;145;603;8322;6807;588;8,64;57,39;54,55;2;Netherlands;Western Europe;"Elsevier B.V.";"2015-2026";"Psychology (miscellaneous) (Q1)";"Psychology"
30;19181;"Psychotherapy and Psychosomatics";journal;"00333190, 14230348";"S. Karger AG";No;No;3,391;Q1;128;63;156;3174;1277;93;4,48;50,38;49,33;0;Switzerland;Western Europe;"S. Karger AG";"1953-2026";"Applied Psychology (Q1); Clinical Psychology (Q1); Medicine (miscellaneous) (Q1); Psychiatry and Mental Health (Q1)";"Medicine; Psychology"
31;21100899528;"Adolescent Research Review";journal;"23638354, 23638346";"Springer International Publishing AG";No;No;3,275;Q1;46;41;73;4155;794;73;9,18;101,34;59,16;3;Switzerland;Western Europe;"Springer International Publishing AG";"2016-2026";"Developmental and Educational Psychology (Q1); Pediatrics, Perinatology and Child Health (Q1); Psychiatry and Mental Health (Q1); Social Sciences (miscellaneous) (Q1)";"Medicine; Psychology; Social Sciences"
32;13467;"Psychological Review";journal;"19391471, 0033295X";"American Psychological Association";No;No;3,222;Q1;259;63;194;9079;1331;193;5,46;144,11;29,19;0;United States;Northern America;"American Psychological Association";"1894-2026";"History and Philosophy of Science (Q1); Psychology (miscellaneous) (Q1)";"Arts and Humanities; Psychology"
33;17643;"Journal of the American Academy of Child and Adolescent Psychiatry";journal;"08908567, 15275418";"Elsevier Inc.";No;No;3,176;Q1;289;267;538;8526;2413;242;4,21;31,93;55,91;5;United States;Northern America;"Elsevier Inc.";"1962, 1982, 1987-2026";"Developmental and Educational Psychology (Q1); Psychiatry and Mental Health (Q1)";"Medicine; Psychology"
34;22326;"Organizational Behavior and Human Decision Processes";journal;"07495978, 10959920";"Academic Press Inc.";No;No;3,152;Q1;195;26;126;2378;633;123;4,72;91,46;38,67;0;United States;Northern America;"Academic Press Inc.";"1985-2026";"Applied Psychology (Q1); Organizational Behavior and Human Resource Management (Q1)";"Business, Management and Accounting; Psychology"
35;15402;"Journal of Child Psychology and Psychiatry and Allied Disciplines";journal;"00219630, 14697610";"Wiley-Blackwell Publishing Ltd";No;No;3,115;Q1;265;198;525;12843;3997;390;5,57;64,86;62,55;7;United Kingdom;Western Europe;"Wiley-Blackwell Publishing Ltd";"1960-2026";"Developmental and Educational Psychology (Q1); Pediatrics, Perinatology and Child Health (Q1); Psychiatry and Mental Health (Q1)";"Medicine; Psychology"
36;28094;"Accounting, Organizations and Society";journal;"03613682";"Elsevier Ltd";No;No;3,098;Q1;170;23;115;2302;617;110;5,00;100,09;35,09;0;United Kingdom;Western Europe;"Elsevier Ltd";"1976-2026";"Accounting (Q1); Applied Psychology (Q1); Information Systems and Management (Q1); Organizational Behavior and Human Resource Management (Q1); Sociology and Political Science (Q1)";"Business, Management and Accounting; Decision Sciences; Psychology; Social Sciences"
37;12006;"Journal of Vocational Behavior";journal;"10959084, 00018791";"Academic Press Inc.";No;No;3,075;Q1;209;60;199;5963;1749;198;8,34;99,38;54,03;2;United States;Northern America;"Academic Press Inc.";"1971-2026";"Applied Psychology (Q1); Education (Q1); Life-span and Life-course Studies (Q1); Organizational Behavior and Human Resource Management (Q1)";"Business, Management and Accounting; Psychology; Social Sciences"
38;19419;"Computers in Human Behavior";journal;"07475632";"Elsevier Ltd";No;No;3,072;Q1;302;275;1155;21301;18050;1142;14,72;77,46;47,54;8;United Kingdom;Western Europe;"Elsevier Ltd";"1985-2026";"Arts and Humanities (miscellaneous) (Q1); Human-Computer Interaction (Q1); Psychology (miscellaneous) (Q1)";"Arts and Humanities; Computer Science; Psychology"
39;18045;"Neuroscience and Biobehavioral Reviews";journal;"18737528, 01497634";"Elsevier Ltd";No;No;3,060;Q1;319;394;1268;55950;12237;1193;8,30;142,01;51,17;3;United Kingdom;Western Europe;"Elsevier Ltd";"1978-2026";"Behavioral Neuroscience (Q1); Cognitive Neuroscience (Q1); Neuropsychology and Physiological Psychology (Q1)";"Neuroscience; Psychology"
40;13477;"Current Directions in Psychological Science";journal;"14678721, 09637214";"SAGE Publications Inc.";No;No;2,975;Q1;238;53;184;1907;1485;184;6,44;35,98;53,62;1;United States;Northern America;"SAGE Publications Inc.";"1992-2026";"Developmental and Educational Psychology (Q1); Psychology (miscellaneous) (Q1)";"Psychology"
41;21100244230;"Alcohol Research: Current Reviews";journal;"21694796, 21683492";"National Institute on Alcohol Abuse and Alcoholism (NIAAA)";No;No;2,906;Q1;124;12;28;1953;277;25;7,86;162,75;75,56;0;United States;Northern America;"National Institute on Alcohol Abuse and Alcoholism (NIAAA)";"2012-2026";"Clinical Psychology (Q1); Medicine (miscellaneous) (Q1); Psychiatry and Mental Health (Q1)";"Medicine; Psychology"
42;13124;"Trauma, Violence, and Abuse";journal;"15248380, 15528324";"SAGE Publications Ltd";No;No;2,896;Q1;131;218;603;16787;6489;603;10,04;77,00;71,02;10;United Kingdom;Western Europe;"SAGE Publications Ltd";"2000-2026";"Applied Psychology (Q1); Health (social science) (Q1); Public Health, Environmental and Occupational Health (Q1); Social Work (Q1)";"Medicine; Psychology; Social Sciences"
43;21100405117;"Organizational Psychology Review";journal;"20413866, 20413874";"SAGE Publications Inc.";No;No;2,838;Q1;51;22;63;2446;612;60;9,34;111,18;43,75;0;United Kingdom;Western Europe;"SAGE Publications Inc.";"2011-2026";"Applied Psychology (Q1); Organizational Behavior and Human Resource Management (Q1); Social Psychology (Q1)";"Business, Management and Accounting; Psychology"
44;12841;"Clinical Child and Family Psychology Review";journal;"15732827, 10964037";"Kluwer Academic Publishers";No;No;2,834;Q1;131;46;133;4697;1216;131;8,19;102,11;74,01;2;United States;Northern America;"Kluwer Academic Publishers";"1998-2026";"Clinical Psychology (Q1); Developmental and Educational Psychology (Q1); Education (Q1); Pediatrics, Perinatology and Child Health (Q1); Psychiatry and Mental Health (Q1)";"Medicine; Psychology; Social Sciences"
45;18300156710;"European Review of Social Psychology";journal;"10463283, 1479277X";"Taylor and Francis Ltd.";No;No;2,818;Q1;85;27;39;3923;367;38;9,34;145,30;41,98;0;United Kingdom;Western Europe;"Taylor and Francis Ltd.";"1990-2000, 2002-2026";"Social Psychology (Q1)";"Psychology"
46;15422;"Work and Stress";journal;"02678373, 14645335";"Taylor and Francis Ltd.";No;No;2,762;Q1;127;27;65;2012;671;62;8,50;74,52;51,81;1;United Kingdom;Western Europe;"Taylor and Francis Ltd.";"1987-2026";"Applied Psychology (Q1)";"Psychology"
47;12808;"Journal of Educational Psychology";journal;"19392176, 00220663";"American Psychological Association";No;No;2,643;Q1;274;58;237;4951;1924;237;6,66;85,36;61,83;1;United States;Northern America;"American Psychological Association";"1910-2025";"Developmental and Educational Psychology (Q1); Education (Q1)";"Psychology; Social Sciences"
48;13563;"Educational and Psychological Measurement";journal;"00131644, 15523888";"SAGE Publications Inc.";No;No;2,630;Q1;126;64;147;3085;786;147;5,28;48,20;34,48;0;United States;Northern America;"SAGE Publications Inc.";"1941-2026";"Applied Mathematics (Q1); Applied Psychology (Q1); Developmental and Educational Psychology (Q1); Education (Q1); Psychology (miscellaneous) (Q1)";"Mathematics; Psychology; Social Sciences"
49;14105;"European Journal of Personality";journal;"08902070, 10990984";"SAGE Publications Ltd";No;No;2,570;Q1;115;52;148;4972;786;145;5,06;95,62;44,30;4;United Kingdom;Western Europe;"SAGE Publications Ltd";"1987-2026";"Social Psychology (Q1)";"Psychology"
50;21101021052;"Journal of the Association for Consumer Research";journal;"23781823, 23781815";"University of Chicago Press";No;No;2,566;Q1;36;38;131;1672;340;123;2,70;44,00;43,88;0;United States;Northern America;"University of Chicago Press";"2016-2026";"Applied Psychology (Q1); Economics and Econometrics (Q1); Marketing (Q1)";"Business, Management and Accounting; Economics, Econometrics and Finance; Psychology"
51;15392;"Journal of Business and Psychology";journal;"1573353X, 08893268";"Kluwer Academic/Human Sciences Press Inc.";No;No;2,563;Q1;115;128;202;12314;1452;199;7,36;96,20;44,96;2;United States;Northern America;"Kluwer Academic/Human Sciences Press Inc.";"1986-2026";"Applied Psychology (Q1); Business and International Management (Q1); Business, Management and Accounting (miscellaneous) (Q1); Psychology (miscellaneous) (Q1)";"Business, Management and Accounting; Psychology"
52;29412;"Group and Organization Management";journal;"15523993, 10596011";"SAGE Publications Inc.";No;No;2,543;Q1;113;144;157;9489;1175;143;4,70;65,90;44,21;2;United States;Northern America;"SAGE Publications Inc.";"1976-2026";"Applied Psychology (Q1); Arts and Humanities (miscellaneous) (Q1); Organizational Behavior and Human Resource Management (Q1)";"Arts and Humanities; Business, Management and Accounting; Psychology"
53;13455;"Learning and Instruction";journal;"09594752";"Elsevier B.V.";No;No;2,533;Q1;162;183;305;12638;2421;301;7,08;69,06;55,02;2;United Kingdom;Western Europe;"Elsevier B.V.";"1991-2026";"Developmental and Educational Psychology (Q1); Education (Q1)";"Psychology; Social Sciences"
54;12767;"British Journal of Clinical Psychology";journal;"01446657, 20448260";"Wiley-Blackwell";No;No;2,511;Q1;109;79;162;4441;1239;162;3,63;56,22;64,25;2;United States;Northern America;"Wiley-Blackwell";"1962-1966, 1968, 1970, 1981-2026";"Clinical Psychology (Q1); Medicine (miscellaneous) (Q1)";"Medicine; Psychology"
55;15470;"Journal of Environmental Psychology";journal;"02724944, 15229610";"Academic Press";No;No;2,508;Q1;210;296;579;23120;5546;561;7,74;78,11;53,06;4;United States;Northern America;"Academic Press";"1981-2026";"Applied Psychology (Q1); Social Psychology (Q1)";"Psychology"
56;14130;"Research in Organizational Behavior";journal;"01913085";"Emerald Publishing";No;No;2,465;Q1;87;12;30;2589;127;28;3,07;215,75;65,52;0;United Kingdom;Western Europe;"Emerald Publishing";"2000-2004, 2006, 2008-2025";"Experimental and Cognitive Psychology (Q1); Organizational Behavior and Human Resource Management (Q1); Social Psychology (Q1)";"Business, Management and Accounting; Psychology"
57;146223;"Behavior Research Methods";journal;"15543528, 1554351X";"Springer Nature";No;No;2,382;Q1;191;334;887;21747;5582;879;5,61;65,11;41,85;0;United States;Northern America;"Springer Nature";"1968-1983, 2004-2026";"Arts and Humanities (miscellaneous) (Q1); Developmental and Educational Psychology (Q1); Experimental and Cognitive Psychology (Q1); Psychology (miscellaneous) (Q1)";"Arts and Humanities; Psychology"
58;130087;"Annual Review of Applied Linguistics";book series;"14716356, 02671905";"Cambridge University Press";Yes;No;2,374;Q1;74;16;42;1026;343;39;11,17;64,13;44,44;0;United Kingdom;Western Europe;"Cambridge University Press";"2005-2025";"Linguistics and Language (Q1); Psychology (miscellaneous) (Q1)";"Psychology; Social Sciences"
59;13502;"Developmental Review";journal;"02732297, 10902406";"Elsevier Inc.";No;No;2,367;Q1;130;29;76;4833;558;76;6,87;166,66;65,96;0;United States;Northern America;"Elsevier Inc.";"1981-2026";"Developmental and Educational Psychology (Q1); Education (Q1); Experimental and Cognitive Psychology (Q1); Pediatrics, Perinatology and Child Health (Q1); Psychiatry and Mental Health (Q1)";"Medicine; Psychology; Social Sciences"
60;29282;"Journal of Occupational Health Psychology";journal;"19391307, 10768998";"Educational Publishing Foundation";No;No;2,356;Q1;161;29;85;1885;613;84;6,00;65,00;55,45;0;United States;Northern America;"Educational Publishing Foundation";"1996-2026";"Applied Psychology (Q1); Public Health, Environmental and Occupational Health (Q1)";"Medicine; Psychology"
61;12029;"Applied Psychology";journal;"0269994X, 14640597";"Wiley-Blackwell Publishing Ltd";No;No;2,354;Q1;123;103;229;9371;1904;213;6,77;90,98;46,06;0;United Kingdom;Western Europe;"Wiley-Blackwell Publishing Ltd";"1955, 1961-1993, 1996-2026";"Applied Psychology (Q1); Arts and Humanities (miscellaneous) (Q1); Developmental and Educational Psychology (Q1)";"Arts and Humanities; Psychology"
62;13468;"Psychological Science";journal;"09567976, 14679280";"SAGE Publications Inc.";No;No;2,309;Q1;345;57;343;2627;1843;333;4,42;46,09;49,49;1;United States;Northern America;"SAGE Publications Inc.";"1990-2026";"Psychology (miscellaneous) (Q1)";"Psychology"
63;19400158483;"Social Issues and Policy Review";journal;"17512409, 17512395";"Wiley-Blackwell Publishing Ltd";No;No;2,273;Q1;58;8;24;1327;245;24;9,67;165,88;60,87;0;United Kingdom;Western Europe;"Wiley-Blackwell Publishing Ltd";"2008-2025";"Applied Psychology (Q1); Social Psychology (Q1); Social Sciences (miscellaneous) (Q1); Sociology and Political Science (Q1)";"Psychology; Social Sciences"
64;21100274406;"Clinical Psychological Science";journal;"21677034, 21677026";"SAGE Publications Inc.";No;No;2,264;Q1;86;79;222;6163;1240;214;5,32;78,01;46,24;0;United States;Northern America;"SAGE Publications Inc.";"2013-2026";"Clinical Psychology (Q1)";"Psychology"
65;13900154713;"Child Development Perspectives";journal;"17508606, 17508592";"Wiley-Blackwell Publishing Ltd";No;No;2,214;Q1;112;29;76;2143;552;76;6,28;73,90;69,51;0;United Kingdom;Western Europe;"Wiley-Blackwell Publishing Ltd";"2007-2025";"Developmental and Educational Psychology (Q1); Life-span and Life-course Studies (Q1); Pediatrics, Perinatology and Child Health (Q1)";"Medicine; Psychology; Social Sciences"
66;15548;"European Child and Adolescent Psychiatry";journal;"10188827, 1435165X";"Springer Science and Business Media Deutschland GmbH";No;No;2,209;Q1;132;391;759;20312;5066;690;6,11;51,95;56,42;9;Germany;Western Europe;"Springer Science and Business Media Deutschland GmbH";"1992-2026";"Developmental and Educational Psychology (Q1); Pediatrics, Perinatology and Child Health (Q1); Psychiatry and Mental Health (Q1)";"Medicine; Psychology"
67;15406;"Journal of Clinical Child and Adolescent Psychology";journal;"15374424, 15374416";"Routledge";No;No;2,194;Q1;172;100;217;5331;1326;195;5,83;53,31;63,53;2;United States;Northern America;"Routledge";"1999-2026";"Clinical Psychology (Q1); Developmental and Educational Psychology (Q1)";"Psychology"
68;18014;"Neuropsychology Review";journal;"15736660, 10407308";"Springer New York";No;No;2,193;Q1;123;53;135;6178;1228;134;7,89;116,57;66,17;1;United States;Northern America;"Springer New York";"1990-1992, 1994-2026";"Neuropsychology and Physiological Psychology (Q1)";"Psychology"
69;18742;"Psychological Medicine";journal;"14698978, 00332917";"Cambridge University Press";No;No;2,192;Q1;262;372;1718;23189;9885;1594;5,19;62,34;52,26;0;United Kingdom;Western Europe;"Cambridge University Press";"1970-2026";"Applied Psychology (Q1); Psychiatry and Mental Health (Q1)";"Medicine; Psychology"
70;19900193555;"Social Psychological and Personality Science";journal;"19485514, 19485506";"Sage Periodicals Press";No;No;2,179;Q1;107;121;284;6145;1646;284;5,07;50,79;48,68;2;United States;Northern America;"Sage Periodicals Press";"2010-2026";"Clinical Psychology (Q1); Social Psychology (Q1)";"Psychology"
71;12127;"Behaviour Research and Therapy";journal;"00057967, 1873622X";"Elsevier Ltd";No;No;2,178;Q1;232;175;385;11607;2154;381;4,56;66,33;57,91;0;United Kingdom;Western Europe;"Elsevier Ltd";"1963-2026";"Clinical Psychology (Q1); Developmental and Educational Psychology (Q1); Experimental and Cognitive Psychology (Q1); Psychiatry and Mental Health (Q1)";"Medicine; Psychology"
72;30017;"Journal of Occupational and Organizational Psychology";journal;"20448325, 09631798";"Wiley-Blackwell";No;No;2,156;Q1;152;107;152;9962;1010;152;6,36;93,10;52,73;1;United States;Northern America;"Wiley-Blackwell";"1992-2026";"Applied Psychology (Q1); Organizational Behavior and Human Resource Management (Q1)";"Business, Management and Accounting; Psychology"
73;15269;"Monographs of the Society for Research in Child Development";journal;"0037976X, 15405834";"Wiley-Blackwell Publishing Ltd";No;No;2,134;Q1;80;1;6;289;47;6;7,60;289,00;75,00;0;United Kingdom;Western Europe;"Wiley-Blackwell Publishing Ltd";"1961-1982, 1984-2025";"Developmental and Educational Psychology (Q1)";"Psychology"
74;29492;"American Psychologist";journal;"0003066X, 1935990X";"American Psychological Association";No;No;2,130;Q1;294;135;376;6859;2308;375;5,46;50,81;55,45;1;United States;Northern America;"American Psychological Association";"1946-1954, 1965-2026";"Medicine (miscellaneous) (Q1); Psychology (miscellaneous) (Q1)";"Medicine; Psychology"
75;12159;"Body Image";journal;"17401445, 18736807";"Elsevier Ltd";No;No;2,110;Q1;125;143;438;10819;3022;433;6,03;75,66;73,12;2;United Kingdom;Western Europe;"Elsevier Ltd";"2004-2026";"Applied Psychology (Q1); Psychology (miscellaneous) (Q1); Social Psychology (Q1)";"Psychology"
76;12811;"Personality and Social Psychology Bulletin";journal;"01461672, 15527433";"SAGE Publications Inc.";No;No;2,086;Q1;250;308;345;20193;1892;345;5,18;65,56;49,02;6;United States;Northern America;"SAGE Publications Inc.";"1976, 1982-1983, 1985-1989, 1991-1992, 1995-2026";"Social Psychology (Q1)";"Psychology"
77;21933;"Decision Support Systems";journal;"01679236";"Elsevier B.V.";No;No;2,079;Q1;203;124;377;8185;3654;373;9,06;66,01;31,76;0;Netherlands;Western Europe;"Elsevier B.V.";"1985-2026";"Arts and Humanities (miscellaneous) (Q1); Developmental and Educational Psychology (Q1); Information Systems (Q1); Information Systems and Management (Q1); Management Information Systems (Q1)";"Arts and Humanities; Business, Management and Accounting; Computer Science; Decision Sciences; Psychology"
78;15439;"Journal of Consulting and Clinical Psychology";journal;"0022006X, 19392117";"American Psychological Association";No;No;2,077;Q1;285;65;221;2631;1287;219;5,47;40,48;55,47;3;United States;Northern America;"American Psychological Association";"1968-2026";"Clinical Psychology (Q1); Psychiatry and Mental Health (Q1)";"Medicine; Psychology"
79;21100373947;"Journal of Behavioral Addictions";journal;"20625871, 20635303";"Akademiai Kiado";Yes;No;2,051;Q1;95;117;257;8795;1867;256;5,96;75,17;45,97;2;Hungary;Eastern Europe;"Akademiai Kiado";"2012-2026";"Clinical Psychology (Q1); Medicine (miscellaneous) (Q1); Psychiatry and Mental Health (Q1)";"Medicine; Psychology"
80;12058;"Assessment";journal;"10731911, 15523489";"SAGE Publications Inc.";No;No;2,040;Q1;116;156;412;10491;2293;412;5,13;67,25;50,95;1;United States;Northern America;"SAGE Publications Inc.";"1994-2026";"Applied Psychology (Q1); Clinical Psychology (Q1)";"Psychology"
81;4700152304;"European Journal of Work and Organizational Psychology";journal;"1359432X, 14640643";"Routledge";No;No;2,029;Q1;107;73;182;6234;1300;182;6,32;85,40;53,15;0;United Kingdom;Western Europe;"Routledge";"2005-2026";"Applied Psychology (Q1); Organizational Behavior and Human Resource Management (Q1)";"Business, Management and Accounting; Psychology"
82;12711;"Multivariate Behavioral Research";journal;"00273171, 15327906";"Routledge";No;No;2,017;Q1;110;88;214;4827;852;212;4,16;54,85;36,71;1;United States;Northern America;"Routledge";"1966-2026";"Arts and Humanities (miscellaneous) (Q1); Experimental and Cognitive Psychology (Q1); Medicine (miscellaneous) (Q1); Statistics and Probability (Q1)";"Arts and Humanities; Mathematics; Medicine; Psychology"
83;16245;"Journal of Affective Disorders";journal;"01650327, 15732517";"Elsevier B.V.";No;No;1,996;Q1;260;1786;4341;99821;27021;4223;5,97;55,89;49,57;28;Netherlands;Western Europe;"Elsevier B.V.";"1979-2026";"Clinical Psychology (Q1); Psychiatry and Mental Health (Q1)";"Medicine; Psychology"
84;14075;"Emotion";journal;"19311516, 15283542";"American Psychological Association";No;No;1,961;Q1;190;96;504;6896;2307;503;3,51;71,83;61,80;0;United States;Northern America;"American Psychological Association";"2001-2026";"Medicine (miscellaneous) (Q1); Psychology (miscellaneous) (Q1)";"Medicine; Psychology"
85;19900191715;"Wiley Interdisciplinary Reviews: Cognitive Science";journal;"19395086, 19395078";"John Wiley &amp; Sons Inc.";No;No;1,939;Q1;83;23;103;2462;636;98;6,11;107,04;47,46;0;United States;Northern America;"John Wiley &amp; Sons Inc.";"2010-2026";"Medicine (miscellaneous) (Q1); Neuroscience (miscellaneous) (Q1); Psychology (miscellaneous) (Q1)";"Medicine; Neuroscience; Psychology"
86;15478;"Journal of Experimental Psychology: General";journal;"00963445, 19392222";"American Psychological Association";No;No;1,938;Q1;204;168;590;10152;2554;589;3,56;60,43;44,26;0;United States;Northern America;"American Psychological Association";"1975-2026";"Developmental Neuroscience (Q1); Experimental and Cognitive Psychology (Q1); Medicine (miscellaneous) (Q1); Psychology (miscellaneous) (Q1)";"Medicine; Neuroscience; Psychology"
87;22861;"Political Psychology";journal;"0162895X, 14679221";"Wiley-Blackwell Publishing Ltd";No;No;1,938;Q1;136;166;194;11474;1209;194;5,06;69,12;42,62;6;United Kingdom;Western Europe;"Wiley-Blackwell Publishing Ltd";"1996-2026";"Clinical Psychology (Q1); Experimental and Cognitive Psychology (Q1); Philosophy (Q1); Political Science and International Relations (Q1); Social Psychology (Q1); Sociology and Political Science (Q1)";"Arts and Humanities; Psychology; Social Sciences"
88;14254;"Autism";journal;"14617005, 13623613";"SAGE Publications Ltd";No;No;1,935;Q1;144;255;626;15253;5199;588;7,55;59,82;68,33;16;United Kingdom;Western Europe;"SAGE Publications Ltd";"1997-2026";"Developmental and Educational Psychology (Q1)";"Psychology"
89;14061;"Psychometrika";journal;"00333123, 18600980";"Cambridge University Press";No;No;1,928;Q1;94;77;177;4116;576;171;2,86;53,45;32,09;1;United Kingdom;Western Europe;"Cambridge University Press";"1936-2026";"Applied Mathematics (Q1); Psychology (miscellaneous) (Q1)";"Mathematics; Psychology"
90;24456;"Child Development";journal;"14678624, 00093920";"Wiley-Blackwell Publishing Ltd";No;No;1,924;Q1;309;149;471;10006;2473;466;4,46;67,15;67,22;1;United States;Northern America;"Wiley-Blackwell Publishing Ltd";"1945-1948, 1950-2025";"Developmental and Educational Psychology (Q1); Education (Q1); Pediatrics, Perinatology and Child Health (Q1); Social Work (Q1)";"Medicine; Psychology; Social Sciences"
91;21101175729;"Journal of Creativity";journal;"27133745";"Elsevier Ltd";Yes;No;1,924;Q1;16;21;67;1287;744;67;13,47;61,29;48,44;0;United Kingdom;Western Europe;"Elsevier Ltd";"2021-2026";"Experimental and Cognitive Psychology (Q1)";"Psychology"
92;19700182728;"Personality Disorders: Theory, Research, and Treatment";journal;"19492723, 19492715";"American Psychological Association";No;No;1,924;Q1;76;57;180;3007;828;179;3,72;52,75;48,72;1;United States;Northern America;"American Psychological Association";"2005, 2010-2026";"Clinical Psychology (Q1); Medicine (miscellaneous) (Q1); Psychiatry and Mental Health (Q1)";"Medicine; Psychology"
93;15499;"Journal of Experimental Social Psychology";journal;"00221031, 10960465";"Academic Press Inc.";No;No;1,896;Q1;190;100;302;6806;1298;298;3,74;68,06;47,32;0;United States;Northern America;"Academic Press Inc.";"1965-2026";"Social Psychology (Q1); Sociology and Political Science (Q1)";"Psychology; Social Sciences"
94;5700167235;"International Journal of Consumer Studies";journal;"14706423, 14706431";"Wiley-Blackwell Publishing Ltd";No;No;1,894;Q1;121;143;400;18145;4685;396;12,12;126,89;50,26;0;United Kingdom;Western Europe;"Wiley-Blackwell Publishing Ltd";"2001-2026";"Applied Psychology (Q1); Economics and Econometrics (Q1); Marketing (Q1); Public Health, Environmental and Occupational Health (Q1)";"Business, Management and Accounting; Economics, Econometrics and Finance; Medicine; Psychology"
95;25680;"Journal of Youth and Adolescence";journal;"15736601, 00472891";"Springer New York";No;No;1,893;Q1;165;230;521;15902;3008;517;5,36;69,14;59,05;1;United States;Northern America;"Springer New York";"1972-2026";"Developmental and Educational Psychology (Q1); Education (Q1); Social Psychology (Q1); Social Sciences (miscellaneous) (Q1)";"Psychology; Social Sciences"
96;15645;"Journal of Health and Social Behavior";journal;"00221465, 21506000";"American Sociological Association";No;No;1,867;Q1;157;47;125;2705;625;119;4,15;57,55;72,16;0;United States;Northern America;"American Sociological Association";"1967-2026";"Public Health, Environmental and Occupational Health (Q1); Social Psychology (Q1)";"Medicine; Psychology"
97;12882;"Contemporary Educational Psychology";journal;"0361476X, 10902384";"Academic Press Inc.";No;No;1,860;Q1;148;70;214;5467;1230;214;4,99;78,10;56,47;0;United States;Northern America;"Academic Press Inc.";"1976-2026";"Developmental and Educational Psychology (Q1); Education (Q1)";"Psychology; Social Sciences"
98;14921;"Comprehensive Psychiatry";journal;"0010440X, 15328384";"W.B. Saunders";Yes;No;1,842;Q1;134;83;247;5457;1505;241;5,49;65,75;51,10;2;United States;Northern America;"W.B. Saunders";"1960-2026";"Clinical Psychology (Q1); Psychiatry and Mental Health (Q1)";"Medicine; Psychology"
99;21101060182;"Autism in Adulthood";journal;"25739581, 2573959X";"Mary Ann Liebert Inc.";No;No;1,837;Q1;32;164;171;10390;1334;164;5,57;63,35;73,05;7;United States;Northern America;"Mary Ann Liebert Inc.";"2020-2026";"Cognitive Neuroscience (Q1); Developmental and Educational Psychology (Q1); Neurology (Q1); Neurology (clinical) (Q1); Psychiatry and Mental Health (Q1)";"Medicine; Neuroscience; Psychology"
100;15375;"Journal of Anxiety Disorders";journal;"08876185, 18737897";"Elsevier Ltd";No;No;1,818;Q1;157;87;261;5518;1409;254;5,45;63,43;54,45;1;United Kingdom;Western Europe;"Elsevier Ltd";"1987-2026";"Clinical Psychology (Q1); Psychiatry and Mental Health (Q1)";"Medicine; Psychology"
101;21101294447;"npj Mental Health Research";journal;"27314251";"Nature Publishing Group";Yes;No;1,814;Q1;17;69;103;3837;805;94;8,41;55,61;49,35;0;United Kingdom;Western Europe;"Nature Publishing Group";"2022-2026";"Behavioral Neuroscience (Q1); Neuroscience (miscellaneous) (Q1); Psychiatry and Mental Health (Q1); Psychology (miscellaneous) (Q1)";"Medicine; Neuroscience; Psychology"
102;14779;"School Psychology Review";journal;"02796015, 2372966X";"Routledge";No;No;1,813;Q1;110;85;157;5651;931;142;6,01;66,48;70,38;0;United States;Northern America;"Routledge";"1980-1981, 1983-1986, 1988-1989, 1991, 1996-2026";"Developmental and Educational Psychology (Q1); Education (Q1)";"Psychology; Social Sciences"
103;30022;"Journal of Personality";journal;"00223506, 14676494";"Wiley-Blackwell Publishing Ltd";No;No;1,804;Q1;180;115;260;7949;1240;260;3,82;69,12;49,79;4;United Kingdom;Western Europe;"Wiley-Blackwell Publishing Ltd";"1932-2026";"Social Psychology (Q1)";"Psychology"
104;21101170600;"Psychoradiology";journal;"26344416";"Oxford University Press";Yes;Yes;1,804;Q1;15;30;83;2116;449;73;5,31;70,53;48,17;0;United Kingdom;Western Europe;"Oxford University Press";"2021-2026";"Artificial Intelligence (Q1); Clinical Psychology (Q1); Neurology (clinical) (Q1); Neuroscience (miscellaneous) (Q1); Psychiatry and Mental Health (Q1); Psychology (miscellaneous) (Q1); Radiology, Nuclear Medicine and Imaging (Q1)";"Computer Science; Medicine; Neuroscience; Psychology"
105;12844;"Clinical Psychology: Science and Practice";journal;"14682850, 09695893";"American Psychological Association";No;No;1,773;Q1;131;35;201;1289;883;190;3,50;36,83;51,96;0;United States;Northern America;"American Psychological Association";"1994-2025";"Clinical Psychology (Q1)";"Psychology"
106;11600153424;"Canadian Journal of School Psychology";journal;"21543984, 08295735";"SAGE Publications Ltd";No;No;1,762;Q1;41;15;68;728;322;66;1,96;48,53;78,85;0;United Kingdom;Western Europe;"SAGE Publications Ltd";"1985, 1994-2003, 2005-2026";"Developmental and Educational Psychology (Q1)";"Psychology"
107;5800207373;"Journal of Positive Psychology";journal;"17439760, 17439779";"Routledge";No;No;1,761;Q1;120;142;250;8671;1458;246;5,53;61,06;49,51;1;United Kingdom;Western Europe;"Routledge";"2006-2026";"Psychology (miscellaneous) (Q1)";"Psychology"
108;14772;"Human Communication Research";journal;"03603989, 14682958";"Wiley-Blackwell";No;No;1,751;Q1;119;23;114;1678;670;114;3,99;72,96;61,82;0;United States;Northern America;"Wiley-Blackwell";"1974-2026";"Anthropology (Q1); Communication (Q1); Developmental and Educational Psychology (Q1); Linguistics and Language (Q1)";"Psychology; Social Sciences"
109;12770;"British Journal of Educational Psychology";journal;"00070998, 20448279";"Wiley-Blackwell";No;No;1,747;Q1;126;112;247;7920;1559;244;5,99;70,71;59,57;2;United States;Northern America;"Wiley-Blackwell";"1931-1951, 1956-1958, 1960, 1962-2026";"Developmental and Educational Psychology (Q1); Education (Q1)";"Psychology; Social Sciences"
110;22478;"Journal of Memory and Language";journal;"10960821, 0749596X";"Academic Press Inc.";Yes;No;1,747;Q1;185;85;130;7283;585;126;4,10;85,68;46,85;0;United States;Northern America;"Academic Press Inc.";"1985-2026";"Artificial Intelligence (Q1); Experimental and Cognitive Psychology (Q1); Linguistics and Language (Q1); Neuropsychology and Physiological Psychology (Q1)";"Computer Science; Psychology; Social Sciences"
111;12872;"Cognitive Psychology";journal;"10955623, 00100285";"Academic Press Inc.";No;No;1,732;Q1;141;20;85;1685;282;84;2,98;84,25;30,30;0;United States;Northern America;"Academic Press Inc.";"1970-2026";"Artificial Intelligence (Q1); Developmental and Educational Psychology (Q1); Experimental and Cognitive Psychology (Q1); Linguistics and Language (Q1); Neuropsychology and Physiological Psychology (Q1)";"Computer Science; Psychology; Social Sciences"
112;22055;"Exceptional Children";journal;"00144029, 21635560";"SAGE Publications Inc.";No;No;1,732;Q1;112;37;81;2190;398;70;5,25;59,19;65,77;0;United States;Northern America;"SAGE Publications Inc.";"1936-1937, 1958, 1960-2026";"Developmental and Educational Psychology (Q1); Education (Q1)";"Psychology; Social Sciences"
113;13491;"Development and Psychopathology";journal;"09545794, 14692198";"Cambridge University Press";No;No;1,695;Q1;207;257;585;22795;2738;583;4,18;88,70;63,50;0;United Kingdom;Western Europe;"Cambridge University Press";"1989-2026";"Developmental and Educational Psychology (Q1); Psychiatry and Mental Health (Q1)";"Medicine; Psychology"
114;30074;"Journal of School Psychology";journal;"00224405, 18733506";"Elsevier Ltd";No;No;1,688;Q1;125;62;221;5753;1100;220;4,48;92,79;64,90;0;United Kingdom;Western Europe;"Elsevier Ltd";"1963-1968, 1970-2026";"Developmental and Educational Psychology (Q1); Education (Q1)";"Psychology; Social Sciences"
115;145597;"ELT Journal";journal;"14774526, 09510893";"Oxford University Press";No;No;1,676;Q1;87;54;168;737;827;158;5,59;13,65;53,85;0;United Kingdom;Western Europe;"Oxford University Press";"1946-2025";"Developmental and Educational Psychology (Q1); Education (Q1); Linguistics and Language (Q1)";"Psychology; Social Sciences"
116;19830;"Sleep";journal;"01618105, 15509109";"Oxford University Press";No;No;1,671;Q1;257;348;929;14925;3960;643;4,03;42,89;47,09;0;United States;Northern America;"Oxford University Press";"1978-2026";"Behavioral Neuroscience (Q1); Clinical Psychology (Q1); Neurology (clinical) (Q1); Neuropsychology and Physiological Psychology (Q1); Physiology (medical) (Q1)";"Medicine; Neuroscience; Psychology"
117;17700156733;"Journal of Consumer Behaviour";journal;"14791838, 14720817";"Wiley-Blackwell";No;No;1,667;Q1;80;187;406;17797;3645;395;9,13;95,17;40,79;0;United States;Northern America;"Wiley-Blackwell";"2007, 2009-2026";"Applied Psychology (Q1); Social Psychology (Q1)";"Psychology"
118;18000156704;"Mathematical Thinking and Learning";journal;"15327833, 10986065";"Routledge";No;No;1,666;Q1;40;40;65;2519;266;62;3,79;62,98;64,35;0;United States;Northern America;"Routledge";"2009-2026";"Developmental and Educational Psychology (Q1); Education (Q1); Mathematics (miscellaneous) (Q1)";"Mathematics; Psychology; Social Sciences"
119;21101229222;"JCPP Advances";journal;"26929384";"John Wiley and Sons Ltd";Yes;No;1,664;Q1;24;106;184;5728;818;161;4,73;54,04;64,03;2;United Kingdom;Western Europe;"John Wiley and Sons Ltd";"2021-2026";"Developmental and Educational Psychology (Q1); Psychiatry and Mental Health (Q1); Psychology (miscellaneous) (Q1)";"Medicine; Psychology"
120;21100777183;"Journal of Family Theory and Review";journal;"17562589, 17562570";"Wiley-Blackwell Publishing Ltd";No;No;1,662;Q1;50;61;130;4216;652;121;4,69;69,11;64,22;0;United Kingdom;Western Europe;"Wiley-Blackwell Publishing Ltd";"2009, 2013, 2016-2026";"Health (social science) (Q1); Social Psychology (Q1); Social Sciences (miscellaneous) (Q1)";"Psychology; Social Sciences"
121;14107;"European Journal of Psychological Assessment";journal;"21512426, 10155759";"Hogrefe Publishing";No;No;1,650;Q1;85;86;177;4183;918;165;3,04;48,64;51,69;1;United States;Northern America;"Hogrefe Publishing";"1996-2026";"Applied Psychology (Q1)";"Psychology"
122;13503;"Developmental Science";journal;"14677687, 1363755X";"Wiley-Blackwell Publishing Ltd";No;No;1,643;Q1;162;126;401;7992;1659;392;4,12;63,43;66,99;1;United Kingdom;Western Europe;"Wiley-Blackwell Publishing Ltd";"1998-2026";"Cognitive Neuroscience (Q1); Developmental and Educational Psychology (Q1)";"Neuroscience; Psychology"
123;21101170038;"Journal of Psychopathology and Clinical Science";journal;"2769755X, 27697541";"American Psychological Association";No;No;1,632;Q1;16;65;149;3602;589;148;3,95;55,42;48,99;0;United States;Northern America;"American Psychological Association";"2022-2025";"Biological Psychiatry (Q1); Clinical Psychology (Q1); Medicine (miscellaneous) (Q1); Psychiatry and Mental Health (Q1); Psychology (miscellaneous) (Q1)";"Medicine; Neuroscience; Psychology"
124;13453;"Learning and Individual Differences";journal;"18733425, 10416080";"Elsevier B.V.";No;No;1,632;Q1;123;170;298;14669;3502;289;13,31;86,29;55,86;4;United Kingdom;Western Europe;"Elsevier B.V.";"1989-2000, 2002-2026";"Developmental and Educational Psychology (Q1); Education (Q1); Social Psychology (Q1)";"Psychology; Social Sciences"
125;21101150129;"Affective Science";journal;"2662205X, 26622041";"Springer Nature";No;No;1,625;Q1;27;52;180;3492;915;159;5,24;67,15;62,25;0;Switzerland;Western Europe;"Springer Nature";"2020-2026";"Behavioral Neuroscience (Q1); Clinical Psychology (Q1); Neuropsychology and Physiological Psychology (Q1); Social Psychology (Q1)";"Neuroscience; Psychology"
126;30073;"Journal of Research in Personality";journal;"00926566, 10957251";"Academic Press Inc.";No;No;1,622;Q1;154;79;246;5598;989;244;3,81;70,86;41,50;0;United States;Northern America;"Academic Press Inc.";"1973-2026";"Psychology (miscellaneous) (Q1); Social Psychology (Q1)";"Psychology"
127;12857;"Cognition";journal;"18737838, 00100277";"Elsevier B.V.";No;No;1,606;Q1;242;253;751;17804;2758;739;3,40;70,37;45,23;1;Netherlands;Western Europe;"Elsevier B.V.";"1972-1974, 1976-2026";"Cognitive Neuroscience (Q1); Developmental and Educational Psychology (Q1); Experimental and Cognitive Psychology (Q1); Linguistics and Language (Q1)";"Neuroscience; Psychology; Social Sciences"
128;14062;"Psychonomic Bulletin and Review";journal;"10699384, 15315320";"Springer";Yes;No;1,598;Q1;193;226;558;15487;2240;556;3,58;68,53;41,83;0;United States;Northern America;"Springer";"1994-2026";"Arts and Humanities (miscellaneous) (Q1); Developmental and Educational Psychology (Q1); Experimental and Cognitive Psychology (Q1)";"Arts and Humanities; Psychology"
129;19900192137;"Social and Personality Psychology Compass";journal;"17519004";"John Wiley and Sons Inc";No;No;1,596;Q1;100;85;320;7419;1457;315;3,94;87,28;60,37;0;United States;Northern America;"John Wiley and Sons Inc";"2007-2026";"Social Psychology (Q1)";"Psychology"
130;22328;"Organizational Dynamics";journal;"00902616";"Elsevier B.V.";No;No;1,594;Q1;86;76;121;137;764;118;7,82;1,80;41,51;0;United Kingdom;Western Europe;"Elsevier B.V.";"1972-1995, 1997-2026";"Applied Psychology (Q1); Organizational Behavior and Human Resource Management (Q1); Sociology and Political Science (Q1)";"Business, Management and Accounting; Psychology; Social Sciences"
131;16055;"Reading Research Quarterly";journal;"00340553";"Wiley-Blackwell";No;No;1,592;Q1;118;118;141;10221;797;134;5,65;86,62;65,84;3;United States;Northern America;"Wiley-Blackwell";"1990, 1996-2026";"Developmental and Educational Psychology (Q1); Education (Q1)";"Psychology; Social Sciences"
132;13456;"Psychological Inquiry";journal;"15327965, 1047840X";"Routledge";No;No;1,586;Q1;110;41;116;2393;116;11;1,03;58,37;50,00;0;United States;Northern America;"Routledge";"1990-1996, 1998-2025";"Psychology (miscellaneous) (Q1)";"Psychology"
133;19841;"Social Psychiatry and Psychiatric Epidemiology";journal;"14339285, 09337954";"D. Steinkopff-Verlag";No;No;1,584;Q1;160;308;551;16590;2541;538;3,78;53,86;54,88;9;Germany;Western Europe;"D. Steinkopff-Verlag";"1988-2026";"Epidemiology (Q1); Health (social science) (Q1); Psychiatry and Mental Health (Q1); Social Psychology (Q1)";"Medicine; Psychology; Social Sciences"
134;12107;"Behavior Therapy";journal;"00057894, 18781888";"Elsevier Inc.";No;No;1,576;Q1;141;121;266;7183;1254;259;4,44;59,36;63,25;0;United States;Northern America;"Elsevier Inc.";"1970-2026";"Clinical Psychology (Q1)";"Psychology"
135;12776;"British Journal of Social Psychology";journal;"01446665, 20448309";"Wiley-Blackwell";No;No;1,571;Q1;126;147;288;10703;1452;285;5,07;72,81;53,69;3;United States;Northern America;"Wiley-Blackwell";"1981-2026";"Social Psychology (Q1)";"Psychology"
136;13268;"Scientific Studies of Reading";journal;"1532799X, 10888438";"Routledge";No;No;1,568;Q1;87;29;104;2071;469;102;3,34;71,41;66,94;0;United States;Northern America;"Routledge";"2004-2026";"Education (Q1); Psychology (miscellaneous) (Q1)";"Psychology; Social Sciences"
137;14080;"Psychotherapy Research";journal;"10503307, 14684381";"Routledge";No;No;1,566;Q1;100;175;253;10104;1100;241;4,44;57,74;53,04;1;United States;Northern America;"Routledge";"1975, 1988, 1991-2026";"Clinical Psychology (Q1)";"Psychology"
138;24763;"Addictive Behaviors";journal;"03064603, 18736327";"Elsevier Ltd";No;No;1,547;Q1;166;226;786;11245;3868;769;4,46;49,76;57,31;5;United Kingdom;Western Europe;"Elsevier Ltd";"1975-2026";"Clinical Psychology (Q1); Medicine (miscellaneous) (Q1); Psychiatry and Mental Health (Q1); Toxicology (Q1)";"Medicine; Pharmacology, Toxicology and Pharmaceutics; Psychology"
139;21100201725;"European Journal of Psychology Applied to Legal Context";journal;"19894007, 18891861";"Colegio Oficial de la Psicologia de Madrid";Yes;Yes;1,531;Q1;39;10;30;780;179;30;6,45;78,00;55,26;1;Spain;Western Europe;"Colegio Oficial de la Psicologia de Madrid";"2009-2026";"Applied Psychology (Q1); Law (Q1)";"Psychology; Social Sciences"
140;14946;"Group Processes and Intergroup Relations";journal;"14617188, 13684302";"SAGE Publications Ltd";No;No;1,527;Q1;102;74;291;5388;1320;289;3,57;72,81;48,44;1;United Kingdom;Western Europe;"SAGE Publications Ltd";"1998-2026";"Arts and Humanities (miscellaneous) (Q1); Communication (Q1); Cultural Studies (Q1); Social Psychology (Q1); Sociology and Political Science (Q1)";"Arts and Humanities; Psychology; Social Sciences"
141;13357;"Journal of the Learning Sciences";journal;"10508406, 15327809";"Routledge";No;No;1,517;Q1;121;27;66;2057;365;57;4,67;76,19;57,14;0;United States;Northern America;"Routledge";"1991-1992, 1994-2025";"Developmental and Educational Psychology (Q1); Education (Q1)";"Psychology; Social Sciences"
142;63777;"Personnel Review";journal;"00483486";"Emerald Group Publishing Ltd.";No;No;1,512;Q1;104;156;381;12256;2773;373;7,13;78,56;49,53;0;United Kingdom;Western Europe;"Emerald Group Publishing Ltd.";"1971-2026";"Applied Psychology (Q1); Industrial Relations (Q1); Organizational Behavior and Human Resource Management (Q1)";"Business, Management and Accounting; Psychology"
143;14698;"Review of General Psychology";journal;"10892680, 19391552";"American Psychological Association";No;No;1,509;Q1;133;40;80;3313;428;80;5,49;82,83;49,59;0;United States;Northern America;"American Psychological Association";"1997-2026";"Psychology (miscellaneous) (Q1)";"Psychology"
144;13442;"Psychological Assessment";journal;"1939134X, 10403590";"American Psychological Association";No;No;1,508;Q1;189;78;277;3735;1156;276;3,07;47,88;54,68;1;United States;Northern America;"American Psychological Association";"1989-2026";"Clinical Psychology (Q1); Psychiatry and Mental Health (Q1)";"Medicine; Psychology"
145;29561;"Journals of Gerontology - Series B Psychological Sciences and Social Sciences";journal;"10795014, 17585368";"Gerontological Society of America";No;No;1,503;Q1;193;246;717;12099;3080;705;3,73;49,18;55,39;2;United States;Northern America;"Gerontological Society of America";"1995-2026";"Clinical Psychology (Q1); Geriatrics and Gerontology (Q1); Gerontology (Q1); Health (social science) (Q1); Life-span and Life-course Studies (Q1); Medicine (miscellaneous) (Q1); Social Psychology (Q1); Sociology and Political Science (Q1)";"Medicine; Nursing; Psychology; Social Sciences"
146;20385;"Journal of Research in Crime and Delinquency";journal;"1552731X, 00224278";"SAGE Publications Inc.";No;No;1,500;Q1;116;21;69;2176;323;65;4,27;103,62;34,55;1;United States;Northern America;"SAGE Publications Inc.";"1964-2026";"Social Psychology (Q1)";"Psychology"
147;14871;"International Journal of Behavioral Development";journal;"01650254, 14640651";"SAGE Publications Ltd";No;No;1,495;Q1;119;126;161;7423;759;160;3,17;58,91;68,05;0;United Kingdom;Western Europe;"SAGE Publications Ltd";"1978-2026";"Developmental and Educational Psychology (Q1); Developmental Neuroscience (Q1); Education (Q1); Life-span and Life-course Studies (Q1); Social Psychology (Q1); Social Sciences (miscellaneous) (Q1)";"Neuroscience; Psychology; Social Sciences"
148;21100378340;"Psychosocial Intervention";journal;"11320559, 21734712";"Colegio Oficial de Psicologos de Madrid";Yes;Yes;1,486;Q1;39;25;51;2002;294;50;5,44;80,08;54,35;0;Spain;Western Europe;"Colegio Oficial de Psicologos de Madrid";"2011-2026";"Applied Psychology (Q1); Developmental and Educational Psychology (Q1); Social Psychology (Q1)";"Psychology"
149;21100854140;"Schizophrenia";journal;"2334265X";"Nature Publishing Group";Yes;No;1,485;Q1;49;154;319;9947;1448;311;4,36;64,59;44,31;0;United Kingdom;Western Europe;"Nature Publishing Group";"2015-2026";"Biological Psychiatry (Q1); Clinical Psychology (Q1); Psychiatry and Mental Health (Q1)";"Medicine; Neuroscience; Psychology"
150;12057;"Media Psychology";journal;"1532785X, 15213269";"Routledge";No;No;1,478;Q1;104;75;110;4902;593;109;4,73;65,36;50,00;3;United States;Northern America;"Routledge";"1999-2026";"Applied Psychology (Q1); Communication (Q1); Social Psychology (Q1)";"Psychology; Social Sciences"
151;29451;"Aggression and Violent Behavior";journal;"18736335, 13591789";"Elsevier Ltd";No;No;1,477;Q1;147;48;200;4529;1012;196;4,91;94,35;66,88;1;United Kingdom;Western Europe;"Elsevier Ltd";"1996-2026";"Clinical Psychology (Q1); Pathology and Forensic Medicine (Q1); Psychiatry and Mental Health (Q1)";"Medicine; Psychology"
152;14017;"Human Development";journal;"14230054, 0018716X";"S. Karger AG";No;No;1,469;Q1;81;24;77;1993;479;62;2,36;83,04;62,86;0;Switzerland;Western Europe;"S. Karger AG";"1958-2026";"Developmental and Educational Psychology (Q1)";"Psychology"
153;27473;"Annals of Behavioral Medicine";journal;"15324796, 08836612";"Oxford University Press";No;No;1,464;Q1;161;133;284;7233;1263;278;4,11;54,38;59,75;0;United States;Northern America;"Oxford University Press";"1985, 1987-2026";"Medicine (miscellaneous) (Q1); Psychiatry and Mental Health (Q1); Psychology (miscellaneous) (Q1)";"Medicine; Psychology"
154;12775;"British Journal of Psychology";journal;"20448295, 00071269";"John Wiley and Sons Ltd";No;No;1,462;Q1;115;84;185;6138;788;172;4,02;73,07;50,17;0;United Kingdom;Western Europe;"John Wiley and Sons Ltd";"1953, 1955-2026";"Psychology (miscellaneous) (Q1)";"Psychology"
155;21100972444;"Current Addiction Reports";journal;"21962952";"Springer Science and Business Media Deutschland GmbH";No;No;1,462;Q1;57;87;207;7254;1135;206;4,29;83,38;49,46;1;Switzerland;Western Europe;"Springer Science and Business Media Deutschland GmbH";"2014-2026";"Clinical Psychology (Q1); Psychiatry and Mental Health (Q1)";"Medicine; Psychology"
156;3900148209;"International Journal of Clinical and Health Psychology";journal;"16972600";"Elsevier B.V.";Yes;No;1,452;Q1;65;119;239;8376;1234;238;4,95;70,39;56,22;0;Spain;Western Europe;"Elsevier B.V.";"2005-2026";"Clinical Psychology (Q1)";"Psychology"
157;29755;"Human Factors";journal;"00187208, 15478181";"SAGE Publications Inc.";No;No;1,438;Q1;155;78;353;4102;2237;351;5,97;52,59;36,67;2;United States;Northern America;"SAGE Publications Inc.";"1958-2026";"Applied Psychology (Q1); Behavioral Neuroscience (Q1); Human Factors and Ergonomics (Q1)";"Neuroscience; Psychology; Social Sciences"
158;24842;"International Journal of Selection and Assessment";journal;"14682389, 0965075X";"Wiley-Blackwell Publishing Ltd";No;No;1,437;Q1;79;64;121;3985;456;115;3,21;62,27;47,16;0;United Kingdom;Western Europe;"Wiley-Blackwell Publishing Ltd";"1993-2026";"Applied Psychology (Q1); Business, Management and Accounting (miscellaneous) (Q1); Management of Technology and Innovation (Q1); Psychology (miscellaneous) (Q1); Strategy and Management (Q1)";"Business, Management and Accounting; Psychology"
159;21101078838;"Computers in Human Behavior Reports";journal;"24519588";"Elsevier B.V.";Yes;No;1,436;Q1;43;309;328;23877;2877;327;7,51;77,27;43,95;0;United Kingdom;Western Europe;"Elsevier B.V.";"2020-2026";"Applied Psychology (Q1); Artificial Intelligence (Q1); Cognitive Neuroscience (Q1); Computer Science Applications (Q1); Human-Computer Interaction (Q1); Neuroscience (miscellaneous) (Q1)";"Computer Science; Neuroscience; Psychology"
160;21101045327;"AERA Open";journal;"23328584";"SAGE Publications Inc.";Yes;No;1,435;Q1;56;119;250;9060;1096;250;3,44;76,13;63,32;7;United States;Northern America;"SAGE Publications Inc.";"2015-2026";"Developmental and Educational Psychology (Q1); Education (Q1); Social Sciences (miscellaneous) (Q1)";"Psychology; Social Sciences"
161;5700161512;"Journal of Consumer Culture";journal;"14695405, 17412900";"SAGE Publications Ltd";No;No;1,430;Q1;75;29;126;1895;570;126;4,08;65,34;52,94;0;United Kingdom;Western Europe;"SAGE Publications Ltd";"2001-2026";"Arts and Humanities (miscellaneous) (Q1); Business and International Management (Q1); Economics and Econometrics (Q1); Marketing (Q1); Social Psychology (Q1); Sociology and Political Science (Q1)";"Arts and Humanities; Business, Management and Accounting; Economics, Econometrics and Finance; Psychology; Social Sciences"
162;24451;"Child Abuse and Neglect";journal;"01452134, 18737757";"Elsevier Ltd";No;No;1,421;Q1;192;461;1164;27435;5229;1107;4,00;59,51;64,51;7;United Kingdom;Western Europe;"Elsevier Ltd";"1977-2026";"Developmental and Educational Psychology (Q1); Pediatrics, Perinatology and Child Health (Q1); Psychiatry and Mental Health (Q1); Social Work (Q1)";"Medicine; Psychology; Social Sciences"
163;14016;"Psychology and Psychotherapy: Theory, Research and Practice";journal;"20448341, 14760835";"Wiley-Blackwell";No;No;1,415;Q1;83;73;173;4574;681;169;3,84;62,66;62,46;0;United States;Northern America;"Wiley-Blackwell";"1920-1939, 1996-2000, 2002-2026";"Arts and Humanities (miscellaneous) (Q1); Clinical Psychology (Q1); Developmental and Educational Psychology (Q1); Medicine (miscellaneous) (Q1); Psychiatry and Mental Health (Q1)";"Arts and Humanities; Medicine; Psychology"
164;21100199724;"Qualitative Research in Sport, Exercise and Health";journal;"21596778, 2159676X";"Taylor and Francis Ltd.";No;No;1,414;Q1;57;50;154;2702;783;154;6,02;54,04;62,42;0;United Kingdom;Western Europe;"Taylor and Francis Ltd.";"2011-2026";"Health (social science) (Q1); Physical Therapy, Sports Therapy and Rehabilitation (Q1); Social Psychology (Q1); Sports Science (Q1)";"Health Professions; Psychology; Social Sciences"
165;15398;"Journal of Career Assessment";journal;"10690727, 15524590";"SAGE Publications Inc.";No;No;1,413;Q1;87;65;121;4284;603;121;4,48;65,91;53,65;0;United States;Northern America;"SAGE Publications Inc.";"1993-2026";"Applied Psychology (Q1); Education (Q1); Organizational Behavior and Human Resource Management (Q1); Psychology (miscellaneous) (Q1)";"Business, Management and Accounting; Psychology; Social Sciences"
166;21100857520;"Collabra: Psychology";journal;"24747394";"University of California Press";Yes;No;1,409;Q1;35;95;294;6099;1258;294;2,48;64,20;52,99;0;United States;Northern America;"University of California Press";"2017-2026";"Psychology (miscellaneous) (Q1)";"Psychology"
167;17500155105;"Emotion Review";journal;"17540747, 17540739";"SAGE Publications Ltd";No;No;1,401;Q1;109;24;97;1877;443;89;4,11;78,21;62,16;0;United Kingdom;Western Europe;"SAGE Publications Ltd";"2009-2026";"Arts and Humanities (miscellaneous) (Q1); Experimental and Cognitive Psychology (Q1); Social Psychology (Q1)";"Arts and Humanities; Psychology"
168;21503;"Evolution and Human Behavior";journal;"10905138";"Elsevier Inc.";No;No;1,391;Q1;140;87;193;5591;592;163;2,63;64,26;40,41;0;United States;Northern America;"Elsevier Inc.";"1997-2026";"Arts and Humanities (miscellaneous) (Q1); Ecology, Evolution, Behavior and Systematics (Q1); Experimental and Cognitive Psychology (Q1)";"Agricultural and Biological Sciences; Arts and Humanities; Psychology"
169;14077;"Psychotherapy";journal;"19391536, 00333204";"American Psychological Association";No;No;1,381;Q1;103;50;153;1904;588;153;3,34;38,08;46,48;1;United States;Northern America;"American Psychological Association";"1973-2025";"Clinical Psychology (Q1); Psychiatry and Mental Health (Q1)";"Medicine; Psychology"
170;15452;"Journal of Counseling Psychology";journal;"19392168, 00220167";"American Psychological Association";No;No;1,380;Q1;181;62;181;3552;759;181;3,51;57,29;58,05;0;United States;Northern America;"American Psychological Association";"1954-2025";"Clinical Psychology (Q1); Medicine (miscellaneous) (Q1); Psychiatry and Mental Health (Q1); Social Psychology (Q1)";"Medicine; Psychology"
171;15453;"Journal of Cross-Cultural Psychology";journal;"00220221, 15525422";"SAGE Publications Inc.";No;No;1,378;Q1;143;63;152;4525;610;142;3,71;71,83;61,26;0;United States;Northern America;"SAGE Publications Inc.";"1970-2026";"Anthropology (Q1); Cultural Studies (Q1); Social Psychology (Q1)";"Psychology; Social Sciences"
172;17500155127;"Sleep Medicine Clinics";journal;"1556407X, 15564088";"W.B. Saunders";No;No;1,376;Q1;69;59;181;3500;952;157;2,52;59,32;37,90;0;United States;Northern America;"W.B. Saunders";"2006-2026";"Clinical Psychology (Q1); Medicine (miscellaneous) (Q1); Neurology (clinical) (Q1); Neuropsychology and Physiological Psychology (Q1); Psychiatry and Mental Health (Q1)";"Medicine; Psychology"
173;13500;"Developmental Psychology";journal;"19390599, 00121649";"American Psychological Association";No;No;1,367;Q1;265;182;595;11978;2154;594;2,82;65,81;66,42;2;United States;Northern America;"American Psychological Association";"1969-2026";"Demography (Q1); Developmental and Educational Psychology (Q1); Life-span and Life-course Studies (Q1)";"Psychology; Social Sciences"
174;21100386467;"Sleep Health";journal;"23527218";"Elsevier Inc.";No;No;1,363;Q1;58;130;373;5514;1594;336;4,43;42,42;57,61;1;United States;Northern America;"Elsevier Inc.";"2015-2026";"Behavioral Neuroscience (Q1); Health (social science) (Q1); Neuropsychology and Physiological Psychology (Q1); Social Sciences (miscellaneous) (Q1)";"Neuroscience; Psychology; Social Sciences"
175;19500157064;"School Mental Health";journal;"18662625, 18662633";"Springer New York";No;No;1,357;Q1;59;120;255;7910;1196;255;3,87;65,92;68,58;1;United States;Northern America;"Springer New York";"2009-2026";"Developmental and Educational Psychology (Q1); Education (Q1)";"Psychology; Social Sciences"
176;14033;"Psychology of Sport and Exercise";journal;"14690292";"Elsevier B.V.";No;No;1,355;Q1;133;195;488;13723;2405;480;4,59;70,37;41,82;0;Netherlands;Western Europe;"Elsevier B.V.";"2000-2026";"Applied Psychology (Q1); Sports Science (Q1)";"Health Professions; Psychology"
177;12868;"Cognitive Behaviour Therapy";journal;"16512316, 16506073";"Taylor and Francis A.S.";No;No;1,352;Q1;83;98;106;5530;473;103;4,22;56,43;55,73;1;Sweden;Western Europe;"Taylor and Francis A.S.";"2002-2026";"Clinical Psychology (Q1)";"Psychology"
178;14117;"European Journal of Social Psychology";journal;"10990992, 00462772";"John Wiley and Sons Ltd";No;No;1,352;Q1;146;91;271;6975;1042;269;3,48;76,65;51,17;3;United Kingdom;Western Europe;"John Wiley and Sons Ltd";"1971-2026";"Social Psychology (Q1)";"Psychology"
179;21101030210;"Research on Child and Adolescent Psychopathology";journal;"27307166, 27307174";"Springer New York";No;No;1,352;Q1;177;142;381;10420;1382;380;3,37;73,38;62,27;0;United States;Northern America;"Springer New York";"2021-2026";"Developmental and Educational Psychology (Q1); Psychiatry and Mental Health (Q1)";"Medicine; Psychology"
180;78905;"Research and Practice for Persons with Severe Disabilities";journal;"15407969, 21692408";"SAGE Publications Inc.";No;No;1,342;Q1;65;50;48;1522;165;45;2,33;30,44;76,47;1;United Kingdom;Western Europe;"SAGE Publications Inc.";"1975-1980, 1986, 1988, 1990, 1992-2026";"Health Professions (miscellaneous) (Q1); Public Health, Environmental and Occupational Health (Q1); Social Psychology (Q1)";"Health Professions; Medicine; Psychology"
181;25678;"Journal of Research on Adolescence";journal;"10508392, 15327795";"Wiley-Blackwell Publishing Ltd";No;No;1,340;Q1;127;155;335;10792;1284;320;2,95;69,63;64,62;2;United Kingdom;Western Europe;"Wiley-Blackwell Publishing Ltd";"1993, 1996-2026";"Behavioral Neuroscience (Q1); Cultural Studies (Q1); Developmental and Educational Psychology (Q1); Social Sciences (miscellaneous) (Q1)";"Neuroscience; Psychology; Social Sciences"
182;16200;"International Psychogeriatrics";journal;"1741203X, 10416102";"Elsevier Inc.";Yes;No;1,320;Q1;134;130;400;4478;1142;211;2,95;34,45;53,32;0;United States;Northern America;"Elsevier Inc.";"1989-2026";"Clinical Psychology (Q1); Geriatrics and Gerontology (Q1); Gerontology (Q1); Psychiatry and Mental Health (Q1)";"Medicine; Nursing; Psychology"
183;5100155099;"Qualitative Research in Psychology";journal;"14780895, 14780887";"Taylor and Francis Ltd.";No;No;1,320;Q1;62;55;105;3296;599;104;6,51;59,93;60,80;0;United Kingdom;Western Europe;"Taylor and Francis Ltd.";"2004-2026";"Psychology (miscellaneous) (Q1)";"Psychology"
184;22915;"Journal of Economic Psychology";journal;"01674870";"Elsevier B.V.";No;No;1,316;Q1;131;32;171;1734;447;166;2,46;54,19;29,49;0;Netherlands;Western Europe;"Elsevier B.V.";"1981-2026";"Applied Psychology (Q1); Economics and Econometrics (Q1); Sociology and Political Science (Q1)";"Economics, Econometrics and Finance; Psychology; Social Sciences"
185;19600166326;"Mindfulness";journal;"18688535, 18688527";"Springer Verlag";No;No;1,315;Q1;110;244;682;17885;2964;657;4,03;73,30;55,25;0;Germany;Western Europe;"Springer Verlag";"2010-2026";"Applied Psychology (Q1); Developmental and Educational Psychology (Q1); Experimental and Cognitive Psychology (Q1); Health (social science) (Q1); Social Psychology (Q1)";"Psychology; Social Sciences"
186;21101028072;"Open Mind";journal;"24702986";"MIT Press";Yes;Yes;1,314;Q1;15;90;125;6830;387;125;3,07;75,89;47,13;0;United States;Northern America;"MIT Press";"2018-2026";"Cognitive Neuroscience (Q1); Developmental and Educational Psychology (Q1); Experimental and Cognitive Psychology (Q1); Linguistics and Language (Q1)";"Neuroscience; Psychology; Social Sciences"
187;15382;"Journal of Applied Behavior Analysis";journal;"19383703, 00218855";"Wiley-Blackwell";No;No;1,313;Q1;96;63;210;3042;688;199;3,22;48,29;63,04;1;United States;Northern America;"Wiley-Blackwell";"1968-2026";"Applied Psychology (Q1); Philosophy (Q1); Sociology and Political Science (Q1)";"Arts and Humanities; Psychology; Social Sciences"
188;13460;"Learning Environments Research";journal;"15731855, 13871579";"Springer Netherlands";No;No;1,305;Q1;56;40;143;2367;734;143;4,61;59,18;62,83;0;Netherlands;Western Europe;"Springer Netherlands";"2000-2001, 2003-2026";"Communication (Q1); Developmental and Educational Psychology (Q1); Education (Q1); E-learning (Q1)";"Psychology; Social Sciences"
189;12852;"Clinical Psychology and Psychotherapy";journal;"10633995, 10990879";"John Wiley and Sons Ltd";No;No;1,301;Q1;103;179;456;11946;1746;455;3,04;66,74;55,94;1;United Kingdom;Western Europe;"John Wiley and Sons Ltd";"1993-2026";"Clinical Psychology (Q1); Medicine (miscellaneous) (Q1)";"Medicine; Psychology"
190;15313;"Suicide and Life-Threatening Behavior";journal;"03630234, 1943278X";"Wiley-Blackwell";No;No;1,296;Q1;118;122;286;6700;990;282;2,92;54,92;61,01;2;United States;Northern America;"Wiley-Blackwell";"1971-2026";"Clinical Psychology (Q1); Medicine (miscellaneous) (Q1); Psychiatry and Mental Health (Q1); Public Health, Environmental and Occupational Health (Q1)";"Medicine; Psychology"
191;25655;"Journal of Adolescence";journal;"10959254, 01401971";"John Wiley and Sons Inc";No;No;1,294;Q1;153;178;360;11733;1520;358;3,73;65,92;62,52;3;United States;Northern America;"John Wiley and Sons Inc";"1978-2026";"Developmental and Educational Psychology (Q1); Pediatrics, Perinatology and Child Health (Q1); Psychiatry and Mental Health (Q1); Social Psychology (Q1)";"Medicine; Psychology"
192;18654;"Applied Psycholinguistics";journal;"14691817, 01427164";"Cambridge University Press";No;No;1,289;Q1;111;55;143;3928;529;143;3,84;71,42;71,01;0;United Kingdom;Western Europe;"Cambridge University Press";"1980-2026";"Experimental and Cognitive Psychology (Q1); Linguistics and Language (Q1); Psychology (miscellaneous) (Q1)";"Psychology; Social Sciences"
193;12028;"Applied Psychological Measurement";journal;"01466216, 15523497";"SAGE Publications Inc.";No;No;1,287;Q1;79;39;102;1332;207;99;2,06;34,15;38,64;0;United States;Northern America;"SAGE Publications Inc.";"1977-2026";"Psychology (miscellaneous) (Q1); Social Sciences (miscellaneous) (Q1)";"Psychology; Social Sciences"
194;15481;"Journal of Experimental Psychology: Human Perception and Performance";journal;"00961523, 19391277";"American Psychological Association";No;No;1,285;Q1;175;135;272;6483;703;271;2,33;48,02;41,81;0;United States;Northern America;"American Psychological Association";"1975-2026";"Arts and Humanities (miscellaneous) (Q1); Behavioral Neuroscience (Q1); Experimental and Cognitive Psychology (Q1); Medicine (miscellaneous) (Q1)";"Arts and Humanities; Medicine; Neuroscience; Psychology"
195;21101017693;"Motivation Science";journal;"23338113, 23338121";"American Psychological Association";No;No;1,283;Q1;24;28;127;2035;434;125;3,47;72,68;34,57;0;United States;Northern America;"American Psychological Association";"2015, 2019-2025";"Applied Psychology (Q1); Developmental and Educational Psychology (Q1); Environmental Engineering (Q1); Health, Toxicology and Mutagenesis (Q1)";"Environmental Science; Psychology"
196;17700156745;"Psychology of Religion and Spirituality";journal;"19431562, 19411022";"American Psychological Association";No;No;1,283;Q1;58;46;175;2246;590;175;3,05;48,83;41,48;0;United States;Northern America;"American Psychological Association";"2009-2025";"Applied Psychology (Q1); Religious Studies (Q1); Social Psychology (Q1)";"Arts and Humanities; Psychology"
197;12053;"Archives of Suicide Research";journal;"15436136, 13811118";"Routledge";No;No;1,277;Q1;73;108;311;5420;1139;311;2,88;50,19;55,25;4;United Kingdom;Western Europe;"Routledge";"1995-1999, 2002-2026";"Clinical Psychology (Q1); Psychiatry and Mental Health (Q1)";"Medicine; Psychology"
198;14852;"Intelligence";journal;"01602896";"Elsevier Ltd";No;No;1,277;Q1;119;47;140;3930;542;128;3,44;83,62;32,33;0;United Kingdom;Western Europe;"Elsevier Ltd";"1977-2026";"Arts and Humanities (miscellaneous) (Q1); Developmental and Educational Psychology (Q1); Experimental and Cognitive Psychology (Q1)";"Arts and Humanities; Psychology"
199;14420;"Journal of Career Development";journal;"08948453, 15560856";"SAGE Publications Inc.";No;No;1,277;Q1;67;48;199;2912;999;198;3,50;60,67;63,40;0;United States;Northern America;"SAGE Publications Inc.";"1972-1973, 1975-2026";"Applied Psychology (Q1); Education (Q1); Organizational Behavior and Human Resource Management (Q1); Psychology (miscellaneous) (Q1)";"Business, Management and Accounting; Psychology; Social Sciences"
200;21100915393;"Neuroscience of Consciousness";journal;"20572107";"Oxford University Press";Yes;No;1,277;Q1;27;56;83;4681;359;83;3,60;83,59;36,40;0;United Kingdom;Western Europe;"Oxford University Press";"2017, 2019-2026";"Clinical Psychology (Q1); Experimental and Cognitive Psychology (Q1); Neurology (Q1); Neurology (clinical) (Q1); Psychiatry and Mental Health (Q1)";"Medicine; Neuroscience; Psychology"
201;21100945714;"Methods, Data, Analyses";journal;"21904936, 18646956";"GESIS - Leibniz Institute for the Social Sciences";Yes;Yes;1,274;Q1;11;11;36;422;169;35;1,67;38,36;37,04;1;Germany;Western Europe;"GESIS - Leibniz Institute for the Social Sciences";"2019-2025";"Applied Mathematics (Q1); Applied Psychology (Q1); Computer Science Applications (Q1); Modeling and Simulation (Q1); Statistics and Probability (Q1); Statistics, Probability and Uncertainty (Q1)";"Computer Science; Decision Sciences; Mathematics; Psychology"
202;19870;"Journal of Applied Sport Psychology";journal;"10413200, 15331571";"Taylor and Francis Ltd.";No;No;1,272;Q1;99;69;162;3834;757;153;4,60;55,57;42,74;0;United Kingdom;Western Europe;"Taylor and Francis Ltd.";"1989-2026";"Applied Psychology (Q1); Sports Science (Q1)";"Health Professions; Psychology"
203;21100900600;"Current Treatment Options in Psychiatry";journal;"21963061";"Springer International Publishing AG";No;No;1,271;Q1;34;36;82;2337;388;81;5,48;64,92;57,24;0;Switzerland;Western Europe;"Springer International Publishing AG";"2014-2026";"Clinical Psychology (Q1); Psychiatry and Mental Health (Q1)";"Medicine; Psychology"
204;14271;"Educational Psychology";journal;"14695820, 01443410";"Routledge";Yes;No;1,269;Q1;97;88;200;5509;865;188;3,03;62,60;54,84;0;United Kingdom;Western Europe;"Routledge";"1981-2026";"Developmental and Educational Psychology (Q1); Education (Q1); Experimental and Cognitive Psychology (Q1)";"Psychology; Social Sciences"
205;12300154709;"Asian Journal of Psychiatry";journal;"18762018, 18762026";"Elsevier B.V.";No;No;1,265;Q1;78;371;1077;12167;3260;622;3,19;32,80;42,36;0;Netherlands;Western Europe;"Elsevier B.V.";"2008-2026";"Medicine (miscellaneous) (Q1); Psychiatry and Mental Health (Q1); Psychology (miscellaneous) (Q1)";"Medicine; Psychology"
206;21100222556;"Journal of Contextual Behavioral Science";journal;"22121447";"Elsevier Inc.";No;No;1,264;Q1;58;74;291;4807;1086;281;3,32;64,96;53,38;1;United States;Northern America;"Elsevier Inc.";"2012-2026";"Applied Psychology (Q1); Behavioral Neuroscience (Q1); Ecology, Evolution, Behavior and Systematics (Q1); Health (social science) (Q1); Organizational Behavior and Human Resource Management (Q1)";"Agricultural and Biological Sciences; Business, Management and Accounting; Neuroscience; Psychology; Social Sciences"
207;21100200437;"Applied Psychology: Health and Well-Being";journal;"17580854, 17580846";"Wiley-Blackwell";No;No;1,261;Q1;59;148;299;10421;1348;295;4,01;70,41;53,18;1;United States;Northern America;"Wiley-Blackwell";"2010-2026";"Applied Psychology (Q1)";"Psychology"
208;21101134736;"SSM - Mental Health";journal;"26665603";"Elsevier Ltd";Yes;No;1,260;Q1;23;191;311;11325;1244;299;3,79;59,29;63,42;2;United Kingdom;Western Europe;"Elsevier Ltd";"2021-2026";"Psychology (miscellaneous) (Q1); Social Sciences (miscellaneous) (Q1)";"Psychology; Social Sciences"
209;13344;"Social Psychology of Education";journal;"15731928, 13812890";"Springer Netherlands";No;No;1,256;Q1;76;202;269;15034;1313;269;4,14;74,43;61,67;2;Netherlands;Western Europe;"Springer Netherlands";"1996-2026";"Developmental and Educational Psychology (Q1); Education (Q1); Social Psychology (Q1); Sociology and Political Science (Q1)";"Psychology; Social Sciences"
210;20374;"Journal of Interpersonal Violence";journal;"15526518, 08862605";"SAGE Publications Inc.";No;No;1,255;Q1;139;593;1802;34548;7485;1798;3,46;58,26;65,00;7;United States;Northern America;"SAGE Publications Inc.";"1986-2026";"Applied Psychology (Q1); Clinical Psychology (Q1)";"Psychology"
211;21100830172;"Psychology of Sexual Orientation and Gender Diversity";journal;"23290382, 23290390";"American Psychological Association";No;No;1,255;Q1;61;100;236;6555;1107;236;3,37;65,55;56,85;0;United States;Northern America;"American Psychological Association";"2014-2025";"Gender Studies (Q1); Psychology (miscellaneous) (Q1)";"Psychology; Social Sciences"
212;77191;"Early Childhood Research Quarterly";journal;"08852006";"Elsevier Ltd";No;No;1,252;Q1;135;110;362;7797;1412;353;3,54;70,88;74,88;4;United Kingdom;Western Europe;"Elsevier Ltd";"1986-2026";"Developmental and Educational Psychology (Q1); Education (Q1); Sociology and Political Science (Q1)";"Psychology; Social Sciences"
213;16705;"Journal of Emotional and Behavioral Disorders";journal;"15384799, 10634266";"SAGE Publications Inc.";No;No;1,252;Q1;81;19;70;999;258;68;2,98;52,58;64,20;1;United States;Northern America;"SAGE Publications Inc.";"1993-2026";"Clinical Psychology (Q1); Developmental and Educational Psychology (Q1); Education (Q1); Psychiatry and Mental Health (Q1)";"Medicine; Psychology; Social Sciences"
214;23940;"Journal of Mathematical Behavior";journal;"07323123, 18738028";"Elsevier Inc.";No;No;1,249;Q1;64;42;197;2245;440;193;1,95;53,45;56,47;0;United States;Northern America;"Elsevier Inc.";"1994-2026";"Applied Mathematics (Q1); Applied Psychology (Q1); Education (Q1)";"Mathematics; Psychology; Social Sciences"
215;7000153204;"Social Cognitive and Affective Neuroscience";journal;"17495024, 17495016";"Oxford University Press";Yes;No;1,249;Q1;140;125;303;8903;1134;300;3,44;71,22;53,92;1;United Kingdom;Western Europe;"Oxford University Press";"2006-2026";"Cognitive Neuroscience (Q1); Experimental and Cognitive Psychology (Q1); Medicine (miscellaneous) (Q1)";"Medicine; Neuroscience; Psychology"
216;14945;"Cortex";journal;"19738102, 00109452";"Masson SpA";No;No;1,242;Q1;155;229;668;15736;2259;599;2,91;68,72;45,50;0;Italy;Western Europe;"Masson SpA";"1964-1965, 1968-2026";"Cognitive Neuroscience (Q1); Developmental and Educational Psychology (Q1); Experimental and Cognitive Psychology (Q1); Neurology (Q1); Neurology (clinical) (Q1); Neuropsychology and Physiological Psychology (Q1)";"Medicine; Neuroscience; Psychology"
217;22810;"British Journal of Criminology";journal;"00070955, 14643529";"Oxford University Press";No;No;1,241;Q1;127;72;248;4989;971;247;3,69;69,29;45,93;4;United Kingdom;Western Europe;"Oxford University Press";"1960-2026";"Arts and Humanities (miscellaneous) (Q1); Law (Q1); Pathology and Forensic Medicine (Q1); Social Psychology (Q1)";"Arts and Humanities; Medicine; Psychology; Social Sciences"
218;14035;"Psychology of Women Quarterly";journal;"14716402, 03616843";"SAGE Publications Ltd";No;No;1,238;Q1;127;30;96;2230;434;93;4,21;74,33;79,78;0;United Kingdom;Western Europe;"SAGE Publications Ltd";"1976-2026";"Arts and Humanities (miscellaneous) (Q1); Developmental and Educational Psychology (Q1); Gender Studies (Q1); Psychology (miscellaneous) (Q1)";"Arts and Humanities; Psychology; Social Sciences"
219;29802;"Psychology and Aging";journal;"08827974, 19391498";"American Psychological Association";No;No;1,233;Q1;186;69;205;4088;753;204;3,48;59,25;54,12;1;United States;Northern America;"American Psychological Association";"1986-2026";"Geriatrics and Gerontology (Q1); Social Psychology (Q1); Aging (Q2)";"Biochemistry, Genetics and Molecular Biology; Medicine; Psychology"
220;18747;"Psychophysiology";journal;"00485772, 14698986";"John Wiley and Sons Inc";No;No;1,233;Q1;191;276;706;21863;2551;703;3,33;79,21;45,61;0;United States;Northern America;"John Wiley and Sons Inc";"1964-2026";"Cognitive Neuroscience (Q1); Developmental and Educational Psychology (Q1); Experimental and Cognitive Psychology (Q1); Neurology (Q1); Neuropsychology and Physiological Psychology (Q1); Neuroscience (miscellaneous) (Q1); Physiology (Q1); Physiology (medical) (Q1); Biological Psychiatry (Q2); Developmental Neuroscience (Q2); Endocrine and Autonomic Systems (Q2)";"Biochemistry, Genetics and Molecular Biology; Medicine; Neuroscience; Psychology"
221;14120;"European Psychologist";journal;"1878531X, 10169040";"Hogrefe Publishing";No;No;1,228;Q1;81;24;70;1894;370;67;4,07;78,92;68,60;1;United States;Northern America;"Hogrefe Publishing";"2003-2026";"Arts and Humanities (miscellaneous) (Q1); Psychology (miscellaneous) (Q1)";"Arts and Humanities; Psychology"
222;15391;"Journal of Black Psychology";journal;"15524558, 00957984";"SAGE Publications Inc.";No;No;1,227;Q1;76;40;91;2740;363;87;3,44;68,50;78,68;0;United States;Northern America;"SAGE Publications Inc.";"1978-2026";"Anthropology (Q1); Applied Psychology (Q1)";"Psychology; Social Sciences"
223;14798;"Sex Roles";journal;"03600025, 15732762";"Springer New York";No;No;1,225;Q1;159;83;283;6272;1220;283;3,84;75,57;70,59;2;United States;Northern America;"Springer New York";"1975-2026";"Developmental and Educational Psychology (Q1); Gender Studies (Q1); Social Psychology (Q1)";"Psychology; Social Sciences"
224;21101161915;"Complex Psychiatry";journal;"26733005, 2673298X";"S. Karger AG";No;No;1,223;Q1;10;10;30;867;102;27;4,42;86,70;51,35;0;Switzerland;Western Europe;"S. Karger AG";"2015, 2019-2026";"Psychology (miscellaneous) (Q1)";"Psychology"
225;15482;"Journal of Experimental Psychology: Learning Memory and Cognition";journal;"19391285, 02787393";"American Psychological Association";No;No;1,219;Q1;187;118;334;7649;866;334;2,13;64,82;42,59;0;United States;Northern America;"American Psychological Association";"1975, 1982-2025";"Experimental and Cognitive Psychology (Q1); Linguistics and Language (Q1)";"Psychology; Social Sciences"
226;20897;"Transportation Research Part F: Traffic Psychology and Behaviour";journal;"13698478";"Elsevier Ltd";No;No;1,219;Q1;135;329;760;22718;4547;760;5,64;69,05;39,19;1;United Kingdom;Western Europe;"Elsevier Ltd";"1998-2026";"Applied Psychology (Q1); Automotive Engineering (Q1); Civil and Structural Engineering (Q1); Transportation (Q1)";"Engineering; Psychology; Social Sciences"
227;28874;"European Journal of Psychology of Education";journal;"18785174, 02562928";"Springer Netherlands";No;No;1,217;Q1;77;138;353;10164;1582;352;4,28;73,65;61,32;1;Netherlands;Western Europe;"Springer Netherlands";"1986-2026";"Developmental and Educational Psychology (Q1); Education (Q1)";"Psychology; Social Sciences"
228;21101044921;"Journal of Cognition";journal;"25144820";"Ubiquity Press";Yes;No;1,216;Q1;27;55;187;3646;526;186;3,07;66,29;42,11;0;United Kingdom;Western Europe;"Ubiquity Press";"2018-2026";"Experimental and Cognitive Psychology (Q1)";"Psychology"
229;12005;"Journal of Traumatic Stress";journal;"15736598, 08949867";"Wiley-Blackwell";No;No;1,216;Q1;165;112;350;5087;1285;331;3,68;45,42;62,61;4;United States;Northern America;"Wiley-Blackwell";"1988-2026";"Clinical Psychology (Q1); Psychiatry and Mental Health (Q1)";"Medicine; Psychology"
230;14097;"European Eating Disorders Review";journal;"10990968, 10724133";"John Wiley and Sons Ltd";No;No;1,212;Q1;94;129;222;7417;964;213;3,93;57,50;66,09;3;United Kingdom;Western Europe;"John Wiley and Sons Ltd";"1993-2026";"Clinical Psychology (Q1); Psychiatry and Mental Health (Q1)";"Medicine; Psychology"
231;21101310677;"JAACAP Open";journal;"29497329";"Elsevier B.V.";Yes;No;1,207;Q1;9;114;63;6202;169;52;2,68;54,40;60,39;0;Netherlands;Western Europe;"Elsevier B.V.";"2023-2026";"Applied Psychology (Q1); Clinical Psychology (Q1); Experimental and Cognitive Psychology (Q1); Psychology (miscellaneous) (Q1)";"Psychology"
232;22281;"Reading and Writing";journal;"09224777, 15730905";"Springer Netherlands";No;No;1,206;Q1;101;214;326;15146;1211;319;3,58;70,78;64,44;3;Netherlands;Western Europe;"Springer Netherlands";"1989-2026";"Education (Q1); Linguistics and Language (Q1); Neuropsychology and Physiological Psychology (Q1); Speech and Hearing (Q1)";"Health Professions; Psychology; Social Sciences"
233;15410;"Journal of Clinical Psychology";journal;"00219762, 10974679";"John Wiley &amp; Sons Inc.";No;No;1,205;Q1;157;107;480;5634;1669;465;3,14;52,65;58,65;0;United States;Northern America;"John Wiley &amp; Sons Inc.";"1945-2026";"Arts and Humanities (miscellaneous) (Q1); Clinical Psychology (Q1)";"Arts and Humanities; Psychology"
234;12145;"Biological Psychology";journal;"03010511, 18736246";"Elsevier B.V.";No;No;1,203;Q1;158;142;440;10485;1637;415;3,06;73,84;46,39;0;Netherlands;Western Europe;"Elsevier B.V.";"1973-2026";"Neuropsychology and Physiological Psychology (Q1); Neuroscience (miscellaneous) (Q1)";"Neuroscience; Psychology"
235;12773;"British Journal of Mathematical and Statistical Psychology";journal;"00071102, 20448317";"Wiley-Blackwell";No;No;1,203;Q1;69;62;90;3396;236;87;2,34;54,77;33,13;0;United States;Northern America;"Wiley-Blackwell";"1965-2026";"Arts and Humanities (miscellaneous) (Q1); Medicine (miscellaneous) (Q1); Psychology (miscellaneous) (Q1); Statistics and Probability (Q1)";"Arts and Humanities; Mathematics; Medicine; Psychology"
236;25987;"Social Networks";journal;"03788733";"Elsevier B.V.";No;No;1,203;Q1;123;43;235;2836;769;232;3,19;65,95;32,82;1;Netherlands;Western Europe;"Elsevier B.V.";"1978-2026";"Anthropology (Q1); Psychology (miscellaneous) (Q1); Social Sciences (miscellaneous) (Q1); Sociology and Political Science (Q1)";"Psychology; Social Sciences"
237;21101095132;"Behavioural Public Policy";journal;"23980648, 2398063X";"Cambridge University Press";No;No;1,200;Q1;29;86;159;4451;610;153;3,45;51,76;35,29;10;United Kingdom;Western Europe;"Cambridge University Press";"2017-2026";"Applied Psychology (Q1); Political Science and International Relations (Q1); Social Psychology (Q1); Social Sciences (miscellaneous) (Q1); Sociology and Political Science (Q1)";"Psychology; Social Sciences"
238;16925;"American Journal of Community Psychology";journal;"00910562, 15732770";"John Wiley and Sons Inc";No;No;1,195;Q1;143;99;213;5551;851;200;3,07;56,07;72,67;4;United States;Northern America;"John Wiley and Sons Inc";"1973-2026";"Applied Psychology (Q1); Health (social science) (Q1); Public Health, Environmental and Occupational Health (Q1); Social Work (Q1)";"Medicine; Psychology; Social Sciences"
239;19900191735;"Topics in Cognitive Science";journal;"17568765, 17568757";"Wiley-Blackwell";No;No;1,193;Q1;84;75;170;5453;579;136;3,58;72,71;47,25;3;United States;Northern America;"Wiley-Blackwell";"2009-2026";"Artificial Intelligence (Q1); Experimental and Cognitive Psychology (Q1); Human-Computer Interaction (Q1); Linguistics and Language (Q1); Cognitive Neuroscience (Q2)";"Computer Science; Neuroscience; Psychology; Social Sciences"
240;20100195008;"Research in Psychotherapy: Psychopathology, Process and Outcome";journal;"22398031";"Page Press Publications";Yes;No;1,192;Q1;25;14;87;838;306;85;3,88;59,86;52,70;0;Italy;Western Europe;"Page Press Publications";"2011-2026";"Clinical Psychology (Q1); Psychiatry and Mental Health (Q1)";"Medicine; Psychology"
241;21100934557;"Journal of Intelligence";journal;"20793200";"Multidisciplinary Digital Publishing Institute (MDPI)";Yes;No;1,191;Q1;38;165;478;11739;2320;463;4,49;71,15;48,65;0;Switzerland;Western Europe;"Multidisciplinary Digital Publishing Institute (MDPI)";"2013-2026";"Developmental and Educational Psychology (Q1); Education (Q1); Experimental and Cognitive Psychology (Q1); Cognitive Neuroscience (Q2)";"Neuroscience; Psychology; Social Sciences"
242;12807;"Personality and Individual Differences";journal;"01918869";"Elsevier B.V.";No;No;1,189;Q1;228;506;1250;26223;4682;1241;3,46;51,82;51,78;4;United Kingdom;Western Europe;"Elsevier B.V.";"1980-2026";"Psychology (miscellaneous) (Q1)";"Psychology"
243;13452;"Creativity Research Journal";journal;"15326934, 10400419";"Routledge";No;No;1,186;Q1;113;101;137;7189;803;133;5,54;71,18;47,60;3;United States;Northern America;"Routledge";"1988-1999, 2001-2026";"Developmental and Educational Psychology (Q1); Psychology (miscellaneous) (Q1); Visual Arts and Performing Arts (Q1)";"Arts and Humanities; Psychology"
244;16248;"Journal of Attention Disorders";journal;"10870547, 15571246";"SAGE Publications Inc.";No;No;1,186;Q1;100;113;434;7013;1722;430;3,57;62,06;60,33;0;United States;Northern America;"SAGE Publications Inc.";"1996-2026";"Clinical Psychology (Q1); Developmental and Educational Psychology (Q1)";"Psychology"
245;13069;"Psycho-Oncology";journal;"10579249, 10991611";"John Wiley and Sons Ltd";No;No;1,182;Q1;172;298;608;12758;2648;577;4,02;42,81;65,86;2;United Kingdom;Western Europe;"John Wiley and Sons Ltd";"1992-2026";"Experimental and Cognitive Psychology (Q1); Psychiatry and Mental Health (Q1); Oncology (Q2)";"Medicine; Psychology"
246;15383;"Journal of Applied Behavioral Science";journal;"15526879, 00218863";"SAGE Publications Inc.";No;No;1,179;Q1;87;34;109;2687;479;103;4,28;79,03;48,15;0;United States;Northern America;"SAGE Publications Inc.";"1965-2026";"Applied Psychology (Q1)";"Psychology"
247;14277;"Health Psychology";journal;"19307810, 02786133";"American Psychological Association";No;No;1,177;Q1;201;93;299;4836;1112;295;2,82;52,00;60,94;2;United States;Northern America;"American Psychological Association";"1982, 1984-2026";"Applied Psychology (Q1); Medicine (miscellaneous) (Q1); Psychiatry and Mental Health (Q1)";"Medicine; Psychology"
248;25675;"Journal of Early Adolescence";journal;"15525449, 02724316";"SAGE Publications Inc.";No;No;1,176;Q1;89;74;133;5112;502;132;3,30;69,08;65,99;1;United States;Northern America;"SAGE Publications Inc.";"1981-2026";"Developmental and Educational Psychology (Q1); Life-span and Life-course Studies (Q1); Social Sciences (miscellaneous) (Q1); Sociology and Political Science (Q1)";"Psychology; Social Sciences"
249;21101364770;"advances.in/psychology";journal;"2976937X";"Advances.in Ltd";No;No;1,173;Q1;7;11;32;830;88;31;2,75;75,45;60,71;0;United Kingdom;Western Europe;"Advances.in Ltd";"2023-2026";"Psychology (miscellaneous) (Q1)";"Psychology"
250;22111;"Journal of Autism and Developmental Disorders";journal;"15733432, 01623257";"Springer";No;No;1,169;Q1;234;792;1294;44006;5980;1245;4,18;55,56;66,55;4;United States;Northern America;"Springer";"1979-2026";"Developmental and Educational Psychology (Q1)";"Psychology"
251;21100977385;"Chronic Stress";journal;"24705470";"SAGE Publications Inc.";Yes;No;1,166;Q1;34;20;60;882;308;58;2,88;44,10;51,02;0;United States;Northern America;"SAGE Publications Inc.";"2017-2026";"Behavioral Neuroscience (Q1); Clinical Psychology (Q1); Psychiatry and Mental Health (Q1); Biological Psychiatry (Q2)";"Medicine; Neuroscience; Psychology"
252;30042;"Journal of Personality Assessment";journal;"15327752, 00223891";"Routledge";No;No;1,166;Q1;128;90;218;5643;746;208;3,05;62,70;46,26;0;United Kingdom;Western Europe;"Routledge";"1971-2026";"Arts and Humanities (miscellaneous) (Q1); Clinical Psychology (Q1); Health, Toxicology and Mutagenesis (Q1); Psychiatry and Mental Health (Q1)";"Arts and Humanities; Environmental Science; Medicine; Psychology"
253;14872;"Child Psychiatry and Human Development";journal;"15733327, 0009398X";"Kluwer Academic/Human Sciences Press Inc.";No;No;1,165;Q1;87;289;520;17293;1809;519;3,44;59,84;64,78;9;United States;Northern America;"Kluwer Academic/Human Sciences Press Inc.";"1970-2026";"Developmental and Educational Psychology (Q1); Pediatrics, Perinatology and Child Health (Q1); Psychiatry and Mental Health (Q1)";"Medicine; Psychology"
254;20369;"Journal of Family Violence";journal;"08857482, 15732851";"Springer New York";No;No;1,162;Q1;103;339;398;20647;1742;394;3,28;60,91;72,32;15;United States;Northern America;"Springer New York";"1986-2026";"Clinical Psychology (Q1); Law (Q1); Social Sciences (miscellaneous) (Q1); Sociology and Political Science (Q1)";"Psychology; Social Sciences"
255;30086;"Journal of Social and Personal Relationships";journal;"14603608, 02654075";"SAGE Publications Ltd";No;No;1,160;Q1;115;169;522;10306;1835;521;3,14;60,98;65,90;1;United Kingdom;Western Europe;"SAGE Publications Ltd";"1984-2026";"Communication (Q1); Developmental and Educational Psychology (Q1); Social Psychology (Q1); Sociology and Political Science (Q1)";"Psychology; Social Sciences"
256;12740;"New Ideas in Psychology";journal;"0732118X";"Elsevier B.V.";No;No;1,156;Q1;60;44;118;3521;515;93;4,81;80,02;28,57;0;United Kingdom;Western Europe;"Elsevier B.V.";"1983-2026";"History and Philosophy of Science (Q1); Psychology (miscellaneous) (Q1)";"Arts and Humanities; Psychology"
257;13523;"Early Education and Development";journal;"15566935, 10409289";"Routledge";No;No;1,155;Q1;92;119;281;9528;1066;276;3,31;80,07;71,05;6;United Kingdom;Western Europe;"Routledge";"1989-2026";"Developmental and Educational Psychology (Q1); Education (Q1)";"Psychology; Social Sciences"
258;22370;"Public Understanding of Science";journal;"09636625, 13616609";"SAGE Publications Ltd";No;No;1,153;Q1;109;74;200;4283;941;193;4,62;57,88;55,92;5;United Kingdom;Western Europe;"SAGE Publications Ltd";"1992-2026";"Arts and Humanities (miscellaneous) (Q1); Communication (Q1); Developmental and Educational Psychology (Q1)";"Arts and Humanities; Psychology; Social Sciences"
259;21100870687;"Perspectives on Behavior Science";journal;"25208969, 25208977";"Springer International Publishing AG";No;No;1,150;Q1;49;58;111;3312;462;96;2,33;57,10;29,59;0;Switzerland;Western Europe;"Springer International Publishing AG";"2018-2026";"Clinical Psychology (Q1); Experimental and Cognitive Psychology (Q1); Social Psychology (Q1)";"Psychology"
260;21101167206;"Advances in Simulation";journal;"20590628";"BioMed Central Ltd";Yes;No;1,148;Q1;37;65;123;2848;568;120;3,93;43,82;52,72;0;United Kingdom;Western Europe;"BioMed Central Ltd";"2016-2026";"Ecology, Evolution, Behavior and Systematics (Q1); Psychiatry and Mental Health (Q1); Psychology (miscellaneous) (Q1); Social Sciences (miscellaneous) (Q1); Cognitive Neuroscience (Q2); Developmental Neuroscience (Q2)";"Agricultural and Biological Sciences; Medicine; Neuroscience; Psychology; Social Sciences"
261;21101184722;"Computational Psychiatry";journal;"23796227";"Ubiquity Press";Yes;No;1,143;Q1;13;15;29;961;85;29;3,00;64,07;42,03;0;United Kingdom;Western Europe;"Ubiquity Press";"2019-2026";"Psychology (miscellaneous) (Q1)";"Psychology"
262;12125;"Behaviour and Information Technology";journal;"13623001, 0144929X";"Taylor and Francis Ltd.";No;No;1,137;Q1;111;415;614;34612;4088;608;6,17;83,40;42,70;0;United Kingdom;Western Europe;"Taylor and Francis Ltd.";"1982-2026";"Arts and Humanities (miscellaneous) (Q1); Developmental and Educational Psychology (Q1); Human-Computer Interaction (Q1); Social Sciences (miscellaneous) (Q1)";"Arts and Humanities; Computer Science; Psychology; Social Sciences"
263;28471;"Ageing and Society";journal;"0144686X, 14691779";"Cambridge University Press";No;No;1,135;Q1;109;89;445;5917;1699;445;3,80;66,48;72,17;0;United Kingdom;Western Europe;"Cambridge University Press";"1981-2026";"Arts and Humanities (miscellaneous) (Q1); Health (social science) (Q1); Public Health, Environmental and Occupational Health (Q1); Social Psychology (Q1); Geriatrics and Gerontology (Q2)";"Arts and Humanities; Medicine; Psychology; Social Sciences"
264;13487;"Depression and Anxiety";journal;"10914269, 15206394";"John Wiley and Sons Inc";No;No;1,135;Q1;180;156;234;9492;842;233;2,63;60,85;48,47;0;United States;Northern America;"John Wiley and Sons Inc";"1993, 1996-2026";"Clinical Psychology (Q1); Psychiatry and Mental Health (Q1)";"Medicine; Psychology"
265;12070;"Attachment and Human Development";journal;"14616734, 14692988";"Routledge";No;No;1,132;Q1;92;48;108;2879;405;101;2,34;59,98;60,42;0;United States;Northern America;"Routledge";"1999-2026";"Developmental and Educational Psychology (Q1); Medicine (miscellaneous) (Q1); Psychiatry and Mental Health (Q1)";"Medicine; Psychology"
266;19700175787;"Psychology Research and Behavior Management";journal;"11791578";"Dove Medical Press Ltd";Yes;No;1,132;Q1;65;179;995;10447;4994;970;4,93;58,36;49,15;0;New Zealand;Pacific Region;"Dove Medical Press Ltd";"2008-2026";"Psychiatry and Mental Health (Q1); Psychology (miscellaneous) (Q1)";"Medicine; Psychology"
267;21100935976;"Cognitive Research: Principles and Implications";journal;"23657464";"SpringerOpen";Yes;No;1,130;Q1;51;83;245;5565;1005;244;4,04;67,05;50,16;0;United Kingdom;Western Europe;"SpringerOpen";"2016-2026";"Experimental and Cognitive Psychology (Q1); Cognitive Neuroscience (Q2)";"Neuroscience; Psychology"
268;12000154320;"Addiction Science and Clinical Practice";journal;"19400632, 19400640";"BioMed Central Ltd";Yes;No;1,127;Q1;54;97;241;4387;689;233;2,60;45,23;58,76;0;United Kingdom;Western Europe;"BioMed Central Ltd";"2007-2026";"Clinical Psychology (Q1); Psychiatry and Mental Health (Q1)";"Medicine; Psychology"
269;21100464683;"BMC Psychology";journal;"20507283";"BioMed Central Ltd";Yes;No;1,127;Q1;61;1385;1516;90199;7380;1514;5,01;65,13;52,63;5;United Kingdom;Western Europe;"BioMed Central Ltd";"2013-2026";"Medicine (miscellaneous) (Q1); Psychology (miscellaneous) (Q1)";"Medicine; Psychology"
270;12000154319;"Mental Health and Physical Activity";journal;"18780199, 17552966";"Elsevier Ltd";No;No;1,124;Q1;55;62;175;3516;615;175;3,31;56,71;51,96;1;United Kingdom;Western Europe;"Elsevier Ltd";"2008-2026";"Applied Psychology (Q1); Psychiatry and Mental Health (Q1)";"Medicine; Psychology"
271;19500157063;"International Journal of Social Robotics";journal;"18754805, 18754791";"Springer Verlag";No;No;1,123;Q1;94;170;384;11211;2445;373;5,53;65,95;36,95;0;Germany;Western Europe;"Springer Verlag";"2009-2026";"Computer Science (miscellaneous) (Q1); Control and Systems Engineering (Q1); Electrical and Electronic Engineering (Q1); Human-Computer Interaction (Q1); Philosophy (Q1); Social Psychology (Q1)";"Arts and Humanities; Computer Science; Engineering; Psychology"
272;19700176047;"Cyberpsychology, Behavior, and Social Networking";journal;"21522715, 21522723";"Mary Ann Liebert Inc.";No;No;1,121;Q1;198;132;382;4816;1745;338;3,88;36,48;53,87;1;United States;Northern America;"Mary Ann Liebert Inc.";"2010-2026";"Applied Psychology (Q1); Communication (Q1); Computer Science Applications (Q1); Human-Computer Interaction (Q1); Medicine (miscellaneous) (Q1); Social Psychology (Q1)";"Computer Science; Medicine; Psychology; Social Sciences"
273;12772;"British Journal of Health Psychology";journal;"1359107X, 20448287";"Wiley-Blackwell";No;No;1,118;Q1;113;97;197;6290;801;195;3,72;64,85;67,63;0;United States;Northern America;"Wiley-Blackwell";"1996-2026";"Applied Psychology (Q1); Medicine (miscellaneous) (Q1)";"Medicine; Psychology"
274;15413;"Journal of Cognition and Development";journal;"15327647, 15248372";"Routledge";No;No;1,112;Q1;76;63;117;3766;371;115;3,74;59,78;72,81;0;United States;Northern America;"Routledge";"2000-2026";"Developmental and Educational Psychology (Q1); Experimental and Cognitive Psychology (Q1); Psychiatry and Mental Health (Q1)";"Medicine; Psychology"
275;21368;"Instructional Science";journal;"00204277, 15731952";"Springer Netherlands";No;No;1,107;Q1;100;74;111;4824;434;111;3,64;65,19;52,48;0;Netherlands;Western Europe;"Springer Netherlands";"1972-1992, 1994-2026";"Developmental and Educational Psychology (Q1); Education (Q1)";"Psychology; Social Sciences"
276;12887;"Cognitive Therapy and Research";journal;"01475916, 15732819";"Springer";No;No;1,105;Q1;126;188;264;11362;822;263;2,71;60,44;55,94;0;United States;Northern America;"Springer";"1977-2026";"Clinical Psychology (Q1); Experimental and Cognitive Psychology (Q1)";"Psychology"
277;15385;"Journal of Applied Developmental Psychology";journal;"01933973";"Elsevier B.V.";No;No;1,105;Q1;113;121;231;9458;745;231;2,88;78,17;67,64;0;United Kingdom;Western Europe;"Elsevier B.V.";"1980-2026";"Developmental and Educational Psychology (Q1)";"Psychology"
278;30084;"Journal of Sex Research";journal;"00224499, 15598519";"Taylor and Francis Ltd.";No;No;1,098;Q1;145;215;328;15188;1384;314;4,03;70,64;62,92;5;United Kingdom;Western Europe;"Taylor and Francis Ltd.";"1965-2026";"Gender Studies (Q1); History and Philosophy of Science (Q1); Psychology (miscellaneous) (Q1); Sociology and Political Science (Q1)";"Arts and Humanities; Psychology; Social Sciences"
279;16246;"Journal of Alzheimer's Disease";journal;"13872877, 18758908";"SAGE Publications Ltd";No;No;1,093;Q1;198;819;2381;40013;8544;2355;3,22;48,86;46,68;1;United Kingdom;Western Europe;"SAGE Publications Ltd";"1998-2026";"Clinical Psychology (Q1); Medicine (miscellaneous) (Q1); Geriatrics and Gerontology (Q2); Neuroscience (miscellaneous) (Q2); Psychiatry and Mental Health (Q2)";"Medicine; Neuroscience; Psychology"
280;20153;"AIDS and Behavior";journal;"10907165, 15733254";"Springer New York";No;No;1,084;Q1;139;420;1069;20838;3216;1060;2,79;49,61;57,21;5;United States;Northern America;"Springer New York";"1997-2026";"Infectious Diseases (Q1); Public Health, Environmental and Occupational Health (Q1); Social Psychology (Q1)";"Medicine; Psychology"
281;25175;"Infancy";journal;"15327078, 15250008";"Wiley-Blackwell";No;No;1,084;Q1;90;94;163;6781;468;161;2,89;72,14;73,45;1;United States;Northern America;"Wiley-Blackwell";"2000-2026";"Developmental and Educational Psychology (Q1); Pediatrics, Perinatology and Child Health (Q1)";"Medicine; Psychology"
282;11300153602;"Parenting";journal;"15295192, 15327922";"Psychology Press Ltd";No;No;1,083;Q1;64;35;40;1965;157;40;3,29;56,14;74,83;1;United Kingdom;Western Europe;"Psychology Press Ltd";"2001-2026";"Developmental and Educational Psychology (Q1); Education (Q1); Social Psychology (Q1)";"Psychology; Social Sciences"
283;18001;"Neuropsychobiology";journal;"0302282X, 14230224";"S. Karger AG";No;No;1,082;Q1;97;31;102;1916;406;100;4,07;61,81;43,64;1;Switzerland;Western Europe;"S. Karger AG";"1975-1990, 1992-2026";"Neuropsychology and Physiological Psychology (Q1); Biological Psychiatry (Q2); Psychiatry and Mental Health (Q2)";"Medicine; Neuroscience; Psychology"
284;17508;"Social Development";journal;"14679507, 0961205X";"Wiley-Blackwell Publishing Ltd";No;No;1,082;Q1;120;78;217;5222;604;216;2,45;66,95;74,17;0;United Kingdom;Western Europe;"Wiley-Blackwell Publishing Ltd";"1992-2026";"Developmental and Educational Psychology (Q1); Social Sciences (miscellaneous) (Q1); Sociology and Political Science (Q1)";"Psychology; Social Sciences"
285;12061;"Memory and Cognition";journal;"0090502X, 15325946";"Springer New York";No;No;1,078;Q1;152;200;365;12869;1023;363;2,38;64,35;50,31;1;United States;Northern America;"Springer New York";"1973-2026";"Arts and Humanities (miscellaneous) (Q1); Experimental and Cognitive Psychology (Q1); Medicine (miscellaneous) (Q1); Neuropsychology and Physiological Psychology (Q1)";"Arts and Humanities; Medicine; Psychology"
286;13547;"Eating Disorders";journal;"1532530X, 10640266";"Routledge";No;No;1,077;Q1;67;99;129;4548;466;125;4,02;45,94;73,20;2;United States;Northern America;"Routledge";"1993-2026";"Clinical Psychology (Q1); Medicine (miscellaneous) (Q1); Psychiatry and Mental Health (Q2)";"Medicine; Psychology"
287;19700175166;"Frontiers in Behavioral Neuroscience";journal;"16625153";"Frontiers Media SA";Yes;No;1,077;Q1;115;144;1028;10757;3458;911;2,97;74,70;48,88;0;Switzerland;Western Europe;"Frontiers Media SA";"2007-2026";"Behavioral Neuroscience (Q1); Neuropsychology and Physiological Psychology (Q1); Cognitive Neuroscience (Q2)";"Neuroscience; Psychology"
288;15371;"Journal of Adolescent Research";journal;"07435584, 15526895";"SAGE Publications Inc.";No;No;1,076;Q1;101;80;136;5576;516;135;3,30;69,70;77,27;5;United States;Northern America;"SAGE Publications Inc.";"1986-2026";"Developmental and Educational Psychology (Q1); Sociology and Political Science (Q1)";"Psychology; Social Sciences"
289;13378;"Psicothema";journal;"02149915, 1886144X";"Colegio Oficial de Psicologos Asturias";Yes;No;1,075;Q1;91;29;150;1747;601;148;4,11;60,24;53,89;0;Spain;Western Europe;"Colegio Oficial de Psicologos Asturias";"1996-2026";"Psychology (miscellaneous) (Q1)";"Psychology"
290;21100199546;"Translational Behavioral Medicine";journal;"16139860, 18696716";"Oxford University Press";No;No;1,069;Q1;68;103;301;4493;902;292;2,70;43,62;72,19;0;United States;Northern America;"Oxford University Press";"2011-2026";"Applied Psychology (Q1); Behavioral Neuroscience (Q1)";"Neuroscience; Psychology"
291;21100842323;"Journal of Trust Research";journal;"2151559X, 21515581";"Routledge";No;No;1,067;Q1;30;18;32;1331;147;28;4,83;73,94;44,44;0;United States;Northern America;"Routledge";"2011-2026";"Business, Management and Accounting (miscellaneous) (Q1); Social Psychology (Q1); Sociology and Political Science (Q1); Applied Psychology (Q2)";"Business, Management and Accounting; Psychology; Social Sciences"
292;18200156707;"Psychological Trauma: Theory, Research, Practice, and Policy";journal;"1942969X, 19429681";"American Psychological Association";No;No;1,067;Q1;91;240;729;9989;2377;724;2,79;41,62;63,13;15;United States;Northern America;"American Psychological Association";"2009-2026";"Clinical Psychology (Q1); Social Psychology (Q1)";"Psychology"
293;21101151822;"Adversity and Resilience Science";journal;"26622416, 26622424";"Springer Nature";No;No;1,066;Q1;20;47;88;3305;298;86;2,61;70,32;61,15;0;Switzerland;Western Europe;"Springer Nature";"2020-2026";"Clinical Psychology (Q1); Developmental and Educational Psychology (Q1); Psychology (miscellaneous) (Q1); Psychiatry and Mental Health (Q2)";"Medicine; Psychology"
294;19400157006;"Judgment and Decision Making";journal;"19302975";"Society for Judgment and Decision making";Yes;No;1,064;Q2;82;48;126;2702;341;124;2,37;56,29;34,03;0;United States;Northern America;"Society for Judgment and Decision making";"2007-2026";"Decision Sciences (miscellaneous) (Q1); Applied Psychology (Q2); Economics and Econometrics (Q2)";"Decision Sciences; Economics, Econometrics and Finance; Psychology"
295;19600161825;"Revista de Psicodidactica";journal;"22544372, 11361034";"Escuela Universitaria de Magisterio";Yes;Yes;1,063;Q1;40;20;60;1381;305;60;5,13;69,05;50,79;0;Spain;Western Europe;"Escuela Universitaria de Magisterio";"2005-2026";"Developmental and Educational Psychology (Q1); Education (Q1)";"Psychology; Social Sciences"
296;20654;"Journal of Managerial Psychology";journal;"02683946";"Emerald Group Publishing Ltd.";No;No;1,061;Q1;110;111;165;6828;761;159;4,45;61,51;44,24;0;United Kingdom;Western Europe;"Emerald Group Publishing Ltd.";"1986-2026";"Management Science and Operations Research (Q1); Social Psychology (Q1); Applied Psychology (Q2); Organizational Behavior and Human Resource Management (Q2)";"Business, Management and Accounting; Decision Sciences; Psychology"
297;29994;"Appetite";journal;"01956663, 10958304";"Academic Press";No;No;1,057;Q1;205;357;1280;24014;6063;1273;4,31;67,27;66,42;5;United States;Northern America;"Academic Press";"1970, 1980-2026";"Nutrition and Dietetics (Q1); Psychology (miscellaneous) (Q1)";"Nursing; Psychology"
298;15600154711;"International Journal of Sport and Exercise Psychology";journal;"1557251X, 1612197X";"Taylor and Francis Ltd.";No;No;1,052;Q1;53;238;294;15020;1225;288;3,93;63,11;40,00;0;United Kingdom;Western Europe;"Taylor and Francis Ltd.";"2008-2026";"Social Psychology (Q1); Applied Psychology (Q2); Sports Science (Q2)";"Health Professions; Psychology"
299;22076;"Gifted Child Quarterly";journal;"00169862, 19349041";"SAGE Publications Inc.";No;No;1,051;Q1;73;43;86;3548;349;57;4,83;82,51;65,67;1;United States;Northern America;"SAGE Publications Inc.";"1957-2026";"Developmental and Educational Psychology (Q1); Education (Q1)";"Psychology; Social Sciences"
300;5800207540;"Journal of Politeness Research";journal;"16125681, 16134877";"De Gruyter Mouton";No;No;1,049;Q1;45;18;58;1006;135;57;2,27;55,89;53,85;0;Germany;Western Europe;"De Gruyter Mouton";"2005-2026";"Communication (Q1); Cultural Studies (Q1); Linguistics and Language (Q1); Social Psychology (Q1)";"Psychology; Social Sciences"
301;19885;"Stress and Health";journal;"15323005, 15322998";"John Wiley &amp; Sons Inc.";No;No;1,045;Q1;95;151;427;10181;1517;412;3,16;67,42;52,51;0;United States;Northern America;"John Wiley &amp; Sons Inc.";"2001-2026";"Clinical Psychology (Q1); Medicine (miscellaneous) (Q1); Applied Psychology (Q2); Psychiatry and Mental Health (Q2)";"Medicine; Psychology"
302;21100809808;"Educational and Developmental Psychologist";journal;"20590784, 20590776";"Routledge";No;No;1,044;Q1;27;25;68;1448;309;63;4,22;57,92;62,96;1;United Kingdom;Western Europe;"Routledge";"2016-2026";"Developmental and Educational Psychology (Q1); Education (Q1)";"Psychology; Social Sciences"
303;12867;"Cognitive and Behavioral Practice";journal;"1878187X, 10777229";"Elsevier Inc.";No;No;1,042;Q1;81;80;193;4374;628;185;2,90;54,68;63,68;0;United States;Northern America;"Elsevier Inc.";"1994-2026";"Clinical Psychology (Q1)";"Psychology"
304;12710;"Motivation and Emotion";journal;"15736644, 01467239";"Springer New York";No;No;1,038;Q1;115;91;183;6514;586;183;2,85;71,58;51,72;0;United States;Northern America;"Springer New York";"1977-2026";"Experimental and Cognitive Psychology (Q1); Social Psychology (Q1)";"Psychology"
305;21101020142;"International Journal of Wellbeing";journal;"11798602";"";Yes;Yes;1,036;Q1;18;15;65;1227;253;64;3,85;81,80;45,45;0;New Zealand;Pacific Region;"";"2019-2025";"Economics, Econometrics and Finance (miscellaneous) (Q1); Social Psychology (Q1); Applied Psychology (Q2)";"Economics, Econometrics and Finance; Psychology"
306;19400158521;"Review of Philosophy and Psychology";journal;"18785166, 18785158";"Springer Verlag";No;No;1,029;Q1;51;70;185;4930;534;178;2,73;70,43;25,66;1;Germany;Western Europe;"Springer Verlag";"2010-2026";"Experimental and Cognitive Psychology (Q1); Philosophy (Q1)";"Arts and Humanities; Psychology"
307;66374;"Journal of Educational Measurement";journal;"17453984, 00220655";"John Wiley and Sons Inc";No;No;1,027;Q1;63;38;85;1753;148;79;1,16;46,13;31,43;0;United States;Northern America;"John Wiley and Sons Inc";"1964-2026";"Developmental and Educational Psychology (Q1); Education (Q1); Psychology (miscellaneous) (Q1); Applied Psychology (Q2)";"Psychology; Social Sciences"
308;30045;"Journal of Personality Disorders";journal;"0885579X, 19432763";"Guilford Publications";No;No;1,027;Q1;114;27;115;1584;380;114;2,65;58,67;53,51;0;United States;Northern America;"Guilford Publications";"1987-2026";"Clinical Psychology (Q1); Psychiatry and Mental Health (Q2)";"Medicine; Psychology"
309;21101155811;"Memory, Mind and Media";journal;"26350238";"Cambridge University Press";Yes;No;1,027;Q1;9;29;54;1532;193;50;2,69;52,83;58,33;0;United Kingdom;Western Europe;"Cambridge University Press";"2022-2026";"Communication (Q1); History (Q1); Philosophy (Q1); Social Psychology (Q1)";"Arts and Humanities; Psychology; Social Sciences"
310;21100899309;"Research and Practice in Technology Enhanced Learning";journal;"17937078";"Asia-Pacific Society for Computers in Education";Yes;Yes;1,027;Q1;38;40;104;2585;538;104;4,43;64,63;47,32;0;Taiwan;Asiatic Region;"Asia-Pacific Society for Computers in Education";"2015-2026";"Education (Q1); Management of Technology and Innovation (Q1); Media Technology (Q1); Social Psychology (Q1)";"Business, Management and Accounting; Engineering; Psychology; Social Sciences"
311;25372;"Psychology of Addictive Behaviors";journal;"19391501, 0893164X";"Educational Publishing Foundation";No;No;1,026;Q1;132;71;263;3242;784;263;2,68;45,66;55,19;4;United States;Northern America;"Educational Publishing Foundation";"1993-2026";"Clinical Psychology (Q1); Medicine (miscellaneous) (Q1); Psychiatry and Mental Health (Q2)";"Medicine; Psychology"
312;21100388400;"Addictive Behaviors Reports";journal;"23528532";"Elsevier Ltd";Yes;No;1,025;Q1;48;65;168;3586;612;166;3,25;55,17;50,76;2;United Kingdom;Western Europe;"Elsevier Ltd";"2015-2026";"Clinical Psychology (Q1); Psychiatry and Mental Health (Q2)";"Medicine; Psychology"
313;13438;"Counseling Psychologist";journal;"15523861, 00110000";"SAGE Publications Inc.";No;No;1,025;Q2;101;43;135;2453;463;131;3,42;57,05;60,26;0;United States;Northern America;"SAGE Publications Inc.";"1969-2026";"Applied Psychology (Q2)";"Psychology"
314;20000195043;"Nature and Science of Sleep";journal;"11791608";"Dove Medical Press Ltd";Yes;No;1,025;Q2;61;251;454;12282;1787;438;3,33;48,93;45,77;0;New Zealand;Pacific Region;"Dove Medical Press Ltd";"2009-2026";"Applied Psychology (Q2); Behavioral Neuroscience (Q2)";"Neuroscience; Psychology"
315;14152;"Family Process";journal;"15455300, 00147370";"Wiley-Blackwell Publishing Ltd";No;No;1,024;Q1;104;160;356;9415;1168;345;2,79;58,84;61,55;1;United Kingdom;Western Europe;"Wiley-Blackwell Publishing Ltd";"1962-2026";"Clinical Psychology (Q1); Social Psychology (Q1); Social Sciences (miscellaneous) (Q1)";"Psychology; Social Sciences"
316;15390;"Journal of Applied Social Psychology";journal;"00219029, 15591816";"Wiley-Blackwell";No;No;1,023;Q1;146;67;217;5114;714;216;2,97;76,33;62,50;0;United States;Northern America;"Wiley-Blackwell";"1971-2026";"Social Psychology (Q1)";"Psychology"
317;17562;"Social Psychology Quarterly";journal;"01902725, 19398999";"SAGE Publications Inc.";No;No;1,020;Q1;112;26;77;1349;255;72;2,75;51,88;36,17;0;United States;Northern America;"SAGE Publications Inc.";"1979-1984, 1989, 1996-2026";"Social Psychology (Q1)";"Psychology"
318;16249;"Journal of Behavior Therapy and Experimental Psychiatry";journal;"18737943, 00057916";"Elsevier Ltd";No;No;1,018;Q1;99;47;199;2527;539;196;2,67;53,77;60,44;0;United Kingdom;Western Europe;"Elsevier Ltd";"1970-2026";"Arts and Humanities (miscellaneous) (Q1); Clinical Psychology (Q1); Experimental and Cognitive Psychology (Q1); Psychiatry and Mental Health (Q2)";"Arts and Humanities; Medicine; Psychology"
319;15472;"Journal of Experimental Child Psychology";journal;"00220965, 10960457";"Academic Press Inc.";No;No;1,017;Q1;146;175;538;10692;1414;537;2,40;61,10;66,14;1;United States;Northern America;"Academic Press Inc.";"1964-2026";"Developmental and Educational Psychology (Q1); Experimental and Cognitive Psychology (Q1)";"Psychology"
320;28652;"Clinical Gerontologist";journal;"15452301, 07317115";"Routledge";No;No;1,016;Q1;49;139;274;6914;866;250;2,78;49,74;65,16;3;United States;Northern America;"Routledge";"1982-2026";"Clinical Psychology (Q1); Gerontology (Q1); Health (social science) (Q1); Social Psychology (Q1); Geriatrics and Gerontology (Q2)";"Medicine; Nursing; Psychology; Social Sciences"
321;30064;"Journal of Psychology";journal;"19401019, 00223980";"Routledge";No;No;1,011;Q1;88;54;90;4173;382;88;2,84;77,28;45,25;0;United States;Northern America;"Routledge";"1936-2026";"Business, Management and Accounting (miscellaneous) (Q1); Education (Q1); Psychology (miscellaneous) (Q1)";"Business, Management and Accounting; Psychology; Social Sciences"
322;21101185419;"Technology, Mind, and Behavior";journal;"26890208";"American Psychological Association";Yes;No;1,011;Q1;22;8;74;385;309;74;4,21;48,13;60,00;0;United States;Northern America;"American Psychological Association";"2020-2025";"Communication (Q1); Experimental and Cognitive Psychology (Q1); Social Psychology (Q1); Human-Computer Interaction (Q2)";"Computer Science; Psychology; Social Sciences"
323;17545;"Law and Human Behavior";journal;"01477307, 1573661X";"Springer New York";No;No;1,010;Q1;120;40;119;2828;450;119;3,52;70,70;54,48;0;United States;Northern America;"Springer New York";"1977-2025";"Arts and Humanities (miscellaneous) (Q1); Law (Q1); Psychology (miscellaneous) (Q1); Psychiatry and Mental Health (Q2)";"Arts and Humanities; Medicine; Psychology; Social Sciences"
324;14818;"Small Group Research";journal;"15528278, 10464964";"SAGE Publications Inc.";No;No;1,010;Q1;93;42;81;3608;391;80;3,94;85,90;45,92;0;United States;Northern America;"SAGE Publications Inc.";"1970-2026";"Social Psychology (Q1); Applied Psychology (Q2)";"Psychology"
325;16817;"Journal of Psychosomatic Research";journal;"18791360, 00223999";"Elsevier Inc.";No;No;1,009;Q1;190;266;704;12378;2333;630;3,12;46,53;50,47;0;United States;Northern America;"Elsevier Inc.";"1956-2026";"Clinical Psychology (Q1); Psychiatry and Mental Health (Q2)";"Medicine; Psychology"
326;27562;"Archives of Sexual Behavior";journal;"15732800, 00040002";"Springer New York";No;No;1,006;Q1;148;312;855;19661;2865;733;2,68;63,02;59,52;2;United States;Northern America;"Springer New York";"1971-2026";"Arts and Humanities (miscellaneous) (Q1); Psychology (miscellaneous) (Q1)";"Arts and Humanities; Psychology"
327;12126;"Behaviour Change";journal;"20497768, 08134839";"Cambridge University Press";No;No;1,006;Q1;50;0;45;0;161;43;2,19;0,00;0,00;0;United Kingdom;Western Europe;"Cambridge University Press";"1984-2023";"Clinical Psychology (Q1); Experimental and Cognitive Psychology (Q1)";"Psychology"
328;19700167014;"Journal of Gay and Lesbian Mental Health";journal;"19359705, 19359713";"Routledge";No;No;1,005;Q1;47;36;93;2019;289;68;3,10;56,08;50,31;0;United States;Northern America;"Routledge";"2008-2025";"Clinical Psychology (Q1); Health (social science) (Q1); Psychiatry and Mental Health (Q2)";"Medicine; Psychology; Social Sciences"
329;28811;"Journal of Health Care Chaplaincy";journal;"15286916, 08854726";"Routledge";No;No;1,005;Q1;29;25;100;1045;300;99;2,86;41,80;65,91;0;United States;Northern America;"Routledge";"1987-1994, 1997-2002, 2004, 2008, 2010-2026";"Clinical Psychology (Q1); Health (social science) (Q1); Religious Studies (Q1)";"Arts and Humanities; Psychology; Social Sciences"
330;14012;"Psychology and Health";journal;"08870446, 14768321";"Routledge";No;No;1,005;Q2;117;194;282;12604;974;280;3,32;64,97;66,03;1;United Kingdom;Western Europe;"Routledge";"1987-2026";"Public Health, Environmental and Occupational Health (Q1); Applied Psychology (Q2)";"Medicine; Psychology"
331;28533;"American Journal of Alzheimer's Disease and other Dementias";journal;"15333175, 19382731";"SAGE Publications Inc.";Yes;No;1,002;Q1;79;22;94;939;379;94;3,56;42,68;51,33;0;United States;Northern America;"SAGE Publications Inc.";"1986-2026";"Clinical Psychology (Q1); Geriatrics and Gerontology (Q2); Neuroscience (miscellaneous) (Q2); Psychiatry and Mental Health (Q2)";"Medicine; Neuroscience; Psychology"
332;18746;"Psychopathology";journal;"02544962, 1423033X";"S. Karger AG";No;No;1,001;Q1;81;45;142;3022;424;137;3,18;67,16;44,55;1;Switzerland;Western Europe;"S. Karger AG";"1968-2026";"Clinical Psychology (Q1); Psychiatry and Mental Health (Q2)";"Medicine; Psychology"
333;15503;"Journal of Family Psychology";journal;"08933200, 19391293";"American Psychological Association";No;No;0,999;Q1;154;121;379;5057;1116;378;2,41;41,79;68,10;0;United States;Northern America;"American Psychological Association";"1990-2026";"Psychology (miscellaneous) (Q1)";"Psychology"
334;21101081717;"Methods in Psychology";journal;"25902601";"Elsevier B.V.";Yes;No;0,998;Q1;20;38;59;2119;252;57;4,17;55,76;72,41;0;Netherlands;Western Europe;"Elsevier B.V.";"2019-2026";"Psychology (miscellaneous) (Q1)";"Psychology"
335;14230;"Cultural Diversity and Ethnic Minority Psychology";journal;"10999809, 19390106";"American Psychological Association";No;No;0,997;Q1;113;49;223;3249;737;222;2,54;66,31;65,00;0;United States;Northern America;"American Psychological Association";"1999-2026";"Social Psychology (Q1); Sociology and Political Science (Q1)";"Psychology; Social Sciences"
336;29452;"Aggressive Behavior";journal;"10982337, 0096140X";"Wiley-Liss Inc.";No;No;0,996;Q1;121;37;179;2443;593;177;2,59;66,03;43,98;0;United States;Northern America;"Wiley-Liss Inc.";"1974-2026";"Arts and Humanities (miscellaneous) (Q1); Developmental and Educational Psychology (Q1); Psychology (miscellaneous) (Q1)";"Arts and Humanities; Psychology"
337;12739;"New Directions for Child and Adolescent Development";book series;"15348687, 15203247";"John Wiley and Sons Inc";No;No;0,995;Q1;78;18;36;1290;127;24;4,00;71,67;66,15;0;United States;Northern America;"John Wiley and Sons Inc";"1978-1996, 1998-2026";"Developmental and Educational Psychology (Q1); Medicine (miscellaneous) (Q1); Social Psychology (Q1)";"Medicine; Psychology"
338;21100872040;"Cognitive Behaviour Therapist";journal;"1754470X";"Cambridge University Press";No;No;0,994;Q1;29;60;138;3464;444;136;2,62;57,73;73,89;0;United Kingdom;Western Europe;"Cambridge University Press";"2008-2026";"Clinical Psychology (Q1); Experimental and Cognitive Psychology (Q2)";"Psychology"
339;21100854907;"Borderline Personality Disorder and Emotion Dysregulation";journal;"20516673";"BioMed Central Ltd";Yes;No;0,989;Q1;40;52;102;3417;386;100;2,95;65,71;52,65;0;United Kingdom;Western Europe;"BioMed Central Ltd";"2014-2026";"Clinical Psychology (Q1); Biological Psychiatry (Q2); Psychiatry and Mental Health (Q2)";"Medicine; Neuroscience; Psychology"
340;12768;"British Journal of Developmental Psychology";journal;"2044835X, 0261510X";"Wiley-Blackwell";No;No;0,987;Q1;99;79;101;4525;315;98;2,62;57,28;68,53;1;United States;Northern America;"Wiley-Blackwell";"1988, 1995-2026";"Developmental and Educational Psychology (Q1); Developmental Neuroscience (Q2)";"Neuroscience; Psychology"
341;14902;"International Journal of Psychophysiology";journal;"18727697, 01678760";"Elsevier B.V.";No;No;0,982;Q1;160;121;358;8914;1233;351;3,34;73,67;51,94;1;Netherlands;Western Europe;"Elsevier B.V.";"1983-2026";"Neuropsychology and Physiological Psychology (Q1); Neuroscience (miscellaneous) (Q2); Physiology (medical) (Q2)";"Medicine; Neuroscience; Psychology"
342;12874;"Cognitive Science";journal;"03640213, 15516709";"Wiley-Blackwell";No;No;0,978;Q2;146;126;415;9194;1089;369;2,52;72,97;48,10;0;United States;Northern America;"Wiley-Blackwell";"1977-2026";"Artificial Intelligence (Q1); Cognitive Neuroscience (Q2); Experimental and Cognitive Psychology (Q2)";"Computer Science; Neuroscience; Psychology"
343;15536;"Journal of Health Psychology";journal;"14617277, 13591053";"SAGE Publications Ltd";No;No;0,978;Q2;118;414;460;21393;1632;455;2,85;51,67;63,47;5;United Kingdom;Western Europe;"SAGE Publications Ltd";"1996-2026";"Applied Psychology (Q2)";"Psychology"
344;25229;"American Journal of Drug and Alcohol Abuse";journal;"10979891, 00952990";"Taylor &amp; Francis Group LLC Philadelphia";No;No;0,970;Q1;88;85;237;4255;671;222;2,75;50,06;55,42;1;United States;Northern America;"Taylor &amp; Francis Group LLC Philadelphia";"1974-1982, 1984-2026";"Clinical Psychology (Q1); Medicine (miscellaneous) (Q1); Psychiatry and Mental Health (Q2)";"Medicine; Psychology"
345;21101055720;"International Journal of Bullying Prevention";journal;"25233653, 25233661";"Springer International Publishing";No;No;0,966;Q1;24;109;110;7713;459;109;3,53;70,76;69,12;6;Switzerland;Western Europe;"Springer International Publishing";"2019-2026";"Social Psychology (Q1); Social Sciences (miscellaneous) (Q1); Developmental and Educational Psychology (Q2)";"Psychology; Social Sciences"
346;14031;"Psychology of Men and Masculinity";journal;"1939151X, 15249220";"American Psychological Association";No;No;0,961;Q1;86;24;139;1636;420;138;2,01;68,17;57,50;0;United States;Northern America;"American Psychological Association";"2000-2025";"Gender Studies (Q1); Social Psychology (Q1); Applied Psychology (Q2); Life-span and Life-course Studies (Q2)";"Psychology; Social Sciences"
347;144967;"Early Childhood Education Journal";journal;"15731707, 10823301";"Springer Netherlands";No;No;0,961;Q2;67;424;407;23623;1658;407;3,69;55,71;76,04;11;Netherlands;Western Europe;"Springer Netherlands";"1995-2002, 2005-2026";"Education (Q1); Developmental and Educational Psychology (Q2)";"Psychology; Social Sciences"
348;21100244224;"Religion, Brain and Behavior";journal;"2153599X, 21535981";"Taylor and Francis Ltd.";No;No;0,961;Q2;37;81;176;3999;262;57;1,56;49,37;34,38;0;United Kingdom;Western Europe;"Taylor and Francis Ltd.";"2011-2025";"Religious Studies (Q1); Experimental and Cognitive Psychology (Q2)";"Arts and Humanities; Psychology"
349;13479;"Current Psychology";journal;"19364733, 10461310";"Springer";No;No;0,960;Q1;83;1400;6296;85999;22858;6284;3,54;61,43;52,31;3;United States;Northern America;"Springer";"1981-1982, 1984-2026";"Psychology (miscellaneous) (Q1)";"Psychology"
350;5700155900;"Applied Developmental Science";journal;"1532480X, 10888691";"Psychology Press Ltd";No;No;0,960;Q2;89;68;127;5070;451;126;3,33;74,56;69,49;3;United States;Northern America;"Psychology Press Ltd";"1997-2026";"Applied Psychology (Q2); Developmental and Educational Psychology (Q2); Life-span and Life-course Studies (Q2)";"Psychology; Social Sciences"
351;22053;"European Journal of Special Needs Education";journal;"08856257, 1469591X";"Routledge";No;No;0,958;Q2;65;123;202;5655;846;199;3,70;45,98;68,75;3;United Kingdom;Western Europe;"Routledge";"1986-2026";"Education (Q1); Health Professions (miscellaneous) (Q1); Developmental and Educational Psychology (Q2)";"Health Professions; Psychology; Social Sciences"
352;24469;"Child Maltreatment";journal;"10775595, 15526119";"SAGE Publications Inc.";No;No;0,953;Q2;107;90;198;5070;686;183;3,16;56,33;72,89;4;United States;Northern America;"SAGE Publications Inc.";"1996-2026";"Pediatrics, Perinatology and Child Health (Q1); Social Work (Q1); Developmental and Educational Psychology (Q2)";"Medicine; Psychology; Social Sciences"
353;15031;"Infant Mental Health Journal";journal;"01639641, 10970355";"John Wiley &amp; Sons Inc.";No;No;0,951;Q2;90;56;173;3596;484;172;2,37;64,21;87,22;1;United States;Northern America;"John Wiley &amp; Sons Inc.";"1980-2026";"Pediatrics, Perinatology and Child Health (Q1); Developmental and Educational Psychology (Q2); Psychiatry and Mental Health (Q2)";"Medicine; Psychology"
354;12859;"Cognition and Instruction";journal;"1532690X, 07370008";"Routledge";No;No;0,948;Q1;102;15;53;1314;175;53;2,72;87,60;58,70;0;United Kingdom;Western Europe;"Routledge";"1984-2026";"Education (Q1); Psychology (miscellaneous) (Q1); Applied Psychology (Q2); Developmental and Educational Psychology (Q2); Experimental and Cognitive Psychology (Q2)";"Psychology; Social Sciences"
355;21101136809;"Current Research in Ecological and Social Psychology";journal;"26666227";"Elsevier B.V.";Yes;No;0,946;Q1;17;41;171;3178;620;171;3,37;77,51;52,69;0;Netherlands;Western Europe;"Elsevier B.V.";"2020-2026";"Geography, Planning and Development (Q1); Psychology (miscellaneous) (Q1); Social Psychology (Q1); Human Factors and Ergonomics (Q2)";"Psychology; Social Sciences"
356;11600153433;"Games and Culture";journal;"15554139, 15554120";"SAGE Publications Inc.";No;No;0,946;Q2;70;95;200;5513;750;199;3,12;58,03;39,06;0;United States;Northern America;"SAGE Publications Inc.";"2006-2026";"Anthropology (Q1); Arts and Humanities (miscellaneous) (Q1); Communication (Q1); Cultural Studies (Q1); Applied Psychology (Q2); Human-Computer Interaction (Q2)";"Arts and Humanities; Computer Science; Psychology; Social Sciences"
357;10900153311;"Musicae Scientiae";journal;"10298649, 20454147";"SAGE Publications Inc.";No;No;0,945;Q2;53;39;132;2833;405;128;2,76;72,64;61,48;0;United Kingdom;Western Europe;"SAGE Publications Inc.";"1997-2026";"Music (Q1); Experimental and Cognitive Psychology (Q2)";"Arts and Humanities; Psychology"
358;12858;"Cognition and Emotion";journal;"02699931, 14640600";"Routledge";No;No;0,944;Q2;163;220;326;12482;923;310;2,56;56,74;56,11;0;United Kingdom;Western Europe;"Routledge";"1987-2026";"Arts and Humanities (miscellaneous) (Q1); Developmental and Educational Psychology (Q2); Experimental and Cognitive Psychology (Q2)";"Arts and Humanities; Psychology"
359;19700187804;"Children's Geographies";journal;"14733277, 14733285";"Carfax Publishing Ltd.";No;No;0,943;Q1;74;71;248;4026;802;231;3,08;56,70;76,44;1;United Kingdom;Western Europe;"Carfax Publishing Ltd.";"2003-2026";"Geography, Planning and Development (Q1); Social Psychology (Q1); Sociology and Political Science (Q1)";"Psychology; Social Sciences"
360;14820;"Infant and Child Development";journal;"15227227, 15227219";"John Wiley and Sons Ltd";No;No;0,942;Q2;75;79;274;5315;848;216;2,96;67,28;71,84;0;United Kingdom;Western Europe;"John Wiley and Sons Ltd";"1996-2026";"Developmental and Educational Psychology (Q2)";"Psychology"
361;13466;"Psychological Research";journal;"14302772, 03400727";"Springer Verlag";No;No;0,942;Q2;97;180;547;11077;1423;544;2,45;61,54;45,35;0;Germany;Western Europe;"Springer Verlag";"1974-2026";"Arts and Humanities (miscellaneous) (Q1); Medicine (miscellaneous) (Q1); Developmental and Educational Psychology (Q2); Experimental and Cognitive Psychology (Q2)";"Arts and Humanities; Medicine; Psychology"
362;21100216571;"Frontiers in Psychology";journal;"16641078";"Frontiers Media SA";Yes;No;0,941;Q1;241;3820;16990;235560;75438;16029;3,94;61,66;50,36;9;Switzerland;Western Europe;"Frontiers Media SA";"2010-2026";"Psychology (miscellaneous) (Q1)";"Psychology"
363;5800179627;"Self and Identity";journal;"15298868, 15298876";"Taylor and Francis Ltd.";No;No;0,940;Q1;68;47;117;3894;318;117;2,56;82,85;61,18;0;United Kingdom;Western Europe;"Taylor and Francis Ltd.";"2005-2026";"Psychology (miscellaneous) (Q1)";"Psychology"
364;12869;"Cognitive Development";journal;"08852014";"Elsevier Ltd";No;No;0,940;Q2;99;97;288;6712;692;282;2,23;69,20;66,24;0;United Kingdom;Western Europe;"Elsevier Ltd";"1986-2026";"Developmental and Educational Psychology (Q2); Experimental and Cognitive Psychology (Q2)";"Psychology"
365;23164;"School Psychology International";journal;"14617374, 01430343";"SAGE Publications Ltd";No;No;0,940;Q2;75;37;98;2248;300;94;3,12;60,76;60,98;0;United Kingdom;Western Europe;"SAGE Publications Ltd";"1979-2026";"Education (Q1); Developmental and Educational Psychology (Q2); Psychiatry and Mental Health (Q2)";"Medicine; Psychology; Social Sciences"
366;19700182730;"Asian American Journal of Psychology";journal;"19481985, 19481993";"American Psychological Association";No;No;0,939;Q1;47;34;106;1858;311;106;1,89;54,65;62,37;0;United States;Northern America;"American Psychological Association";"2010-2025";"Psychology (miscellaneous) (Q1)";"Psychology"
367;15300154836;"Zeitschrift fur Psychologie / Journal of Psychology";journal;"21512604, 21908370";"Hogrefe Publishing";No;No;0,939;Q1;55;28;92;1473;252;82;2,10;52,61;55,70;0;Germany;Western Europe;"Hogrefe Publishing";"2011-2025";"Arts and Humanities (miscellaneous) (Q1); Psychology (miscellaneous) (Q1)";"Arts and Humanities; Psychology"
368;19900192612;"Europe's Journal of Psychology";journal;"18410413";"PsychOpen";Yes;Yes;0,937;Q1;45;28;88;1625;304;84;2,77;58,04;42,67;0;Germany;Western Europe;"PsychOpen";"2011-2025";"Psychology (miscellaneous) (Q1)";"Psychology"
369;13401;"Consciousness and Cognition";journal;"10538100, 10902376";"Academic Press Inc.";No;No;0,937;Q2;139;94;313;6556;851;312;2,42;69,74;43,29;0;United States;Northern America;"Academic Press Inc.";"1992-2026";"Arts and Humanities (miscellaneous) (Q1); Developmental and Educational Psychology (Q2); Experimental and Cognitive Psychology (Q2)";"Arts and Humanities; Psychology"
370;19500156812;"Psychology of Aesthetics, Creativity, and the Arts";journal;"1931390X, 19313896";"American Psychological Association";No;No;0,933;Q2;93;101;264;7085;1008;255;3,36;70,15;50,61;0;United States;Northern America;"American Psychological Association";"2007-2025";"Visual Arts and Performing Arts (Q1); Applied Psychology (Q2); Developmental and Educational Psychology (Q2)";"Arts and Humanities; Psychology"
371;21101046176;"Clinical Psychology in Europe";journal;"26253410";"PsychOpen";Yes;Yes;0,932;Q2;21;30;107;1304;288;91;2,53;43,47;50,43;0;Germany;Western Europe;"PsychOpen";"2019-2025";"Clinical Psychology (Q2); Psychiatry and Mental Health (Q2)";"Medicine; Psychology"
372;15460;"Eating and Weight Disorders";journal;"11244909, 15901262";"Springer Science and Business Media Deutschland GmbH";Yes;No;0,931;Q2;70;91;530;4108;1887;510;3,31;45,14;59,05;2;Switzerland;Western Europe;"Springer Science and Business Media Deutschland GmbH";"1998-2026";"Clinical Psychology (Q2); Psychiatry and Mental Health (Q2)";"Medicine; Psychology"
373;29826;"Research on Aging";journal;"01640275, 15527573";"SAGE Publications Inc.";No;No;0,930;Q1;83;73;151;4286;476;150;2,88;58,71;64,02;0;United States;Northern America;"SAGE Publications Inc.";"1979-2026";"Health (social science) (Q1); Social Psychology (Q1); Geriatrics and Gerontology (Q2)";"Medicine; Psychology; Social Sciences"
374;14873;"International Journal of Behavioral Medicine";journal;"15327558, 10705503";"Routledge";No;No;0,929;Q2;84;152;254;7926;765;253;3,09;52,14;55,81;3;United States;Northern America;"Routledge";"1994-2026";"Applied Psychology (Q2)";"Psychology"
375;12004;"Journal of Trauma and Dissociation";journal;"15299740, 15299732";"Routledge";No;No;0,928;Q2;67;50;135;2357;412;116;3,08;47,14;60,11;0;United States;Northern America;"Routledge";"2000-2026";"Clinical Psychology (Q2); Psychiatry and Mental Health (Q2)";"Medicine; Psychology"
376;21100935804;"Autism and Developmental Language Impairments";journal;"23969415";"SAGE Publications Ltd";Yes;No;0,927;Q2;27;26;77;1970;315;77;3,24;75,77;77,27;0;United Kingdom;Western Europe;"SAGE Publications Ltd";"2016-2026";"Clinical Psychology (Q2); Developmental and Educational Psychology (Q2); Psychiatry and Mental Health (Q2)";"Medicine; Psychology"
377;15330;"Thinking and Reasoning";journal;"14640708, 13546783";"Taylor and Francis Ltd.";No;No;0,924;Q1;61;35;76;2105;246;73;2,81;60,14;43,68;0;United Kingdom;Western Europe;"Taylor and Francis Ltd.";"1995, 2000-2026";"Philosophy (Q1); Psychology (miscellaneous) (Q1); Experimental and Cognitive Psychology (Q2)";"Arts and Humanities; Psychology"
378;21101344622;"Social and Emotional Learning: Research, Practice, and Policy";journal;"27732339";"Elsevier B.V.";Yes;No;0,923;Q2;10;82;58;5231;291;58;5,02;63,79;71,68;1;Netherlands;Western Europe;"Elsevier B.V.";"2023-2026";"Developmental and Educational Psychology (Q2)";"Psychology"
379;17500155126;"Attention, Perception, and Psychophysics";journal;"1943393X, 19433921";"Springer New York";No;No;0,920;Q2;145;166;588;9391;1163;587;1,87;56,57;40,17;1;United States;Northern America;"Springer New York";"2009-2026";"Linguistics and Language (Q1); Experimental and Cognitive Psychology (Q2); Sensory Systems (Q2)";"Neuroscience; Psychology; Social Sciences"
380;29424;"Acta Psychologica";journal;"18736297, 00016918";"Elsevier B.V.";Yes;No;0,918;Q2;122;1306;993;93773;4316;984;4,38;71,80;46,11;3;Netherlands;Western Europe;"Elsevier B.V.";"1936-1937, 1939, 1941, 1949-1951, 1953-2026";"Arts and Humanities (miscellaneous) (Q1); Medicine (miscellaneous) (Q1); Developmental and Educational Psychology (Q2); Experimental and Cognitive Psychology (Q2)";"Arts and Humanities; Medicine; Psychology"
381;19172;"Psychosomatic Medicine";journal;"00333174, 15347796";"Lippincott Williams and Wilkins";No;No;0,918;Q2;223;11;333;515;891;315;2,51;46,82;82,35;0;United States;Northern America;"Lippincott Williams and Wilkins";"1945-2025";"Applied Psychology (Q2); Developmental and Educational Psychology (Q2); Psychiatry and Mental Health (Q2)";"Medicine; Psychology"
382;19391;"Social Indicators Research";journal;"03038300, 15730921";"Springer Netherlands";No;No;0,918;Q2;157;280;732;18581;3115;728;3,86;66,36;45,51;10;Netherlands;Western Europe;"Springer Netherlands";"1974-2026";"Arts and Humanities (miscellaneous) (Q1); Social Sciences (miscellaneous) (Q1); Sociology and Political Science (Q1); Developmental and Educational Psychology (Q2)";"Arts and Humanities; Psychology; Social Sciences"
383;12825;"Canadian Psychology";journal;"07085591, 18787304";"Canadian Psychological Association";No;No;0,915;Q1;77;32;114;2384;326;112;2,22;74,50;55,00;0;Canada;Northern America;"Canadian Psychological Association";"1986-1988, 1990-1991, 1993, 1996-2025";"Psychology (miscellaneous) (Q1)";"Psychology"
384;12128;"Behavioural and Cognitive Psychotherapy";journal;"14691833, 13524658";"Cambridge University Press";No;No;0,914;Q2;85;39;157;1815;416;155;2,52;46,54;64,56;0;United Kingdom;Western Europe;"Cambridge University Press";"1993-2026";"Medicine (miscellaneous) (Q1); Clinical Psychology (Q2)";"Medicine; Psychology"
385;21100305282;"Emerging Adulthood";journal;"21676984, 21676968";"SAGE Publications Ltd";No;No;0,914;Q2;54;104;326;7259;958;326;2,38;69,80;65,24;0;United Kingdom;Western Europe;"SAGE Publications Ltd";"2013-2026";"Developmental and Educational Psychology (Q2); Experimental and Cognitive Psychology (Q2); Life-span and Life-course Studies (Q2)";"Psychology; Social Sciences"
386;25733;"Journal of Criminal Justice";journal;"00472352";"Elsevier B.V.";Yes;No;0,913;Q1;110;180;313;13848;993;311;2,64;76,93;51,86;3;United Kingdom;Western Europe;"Elsevier B.V.";"1973-2026";"Law (Q1); Social Psychology (Q1); Sociology and Political Science (Q1); Applied Psychology (Q2)";"Psychology; Social Sciences"
387;15568;"Journal of Mathematical Psychology";journal;"10960880, 00222496";"Academic Press Inc.";No;No;0,913;Q1;88;34;110;1534;231;106;1,40;45,12;23,75;0;United States;Northern America;"Academic Press Inc.";"1964-2026";"Applied Mathematics (Q1); Psychology (miscellaneous) (Q1)";"Mathematics; Psychology"
388;21100886228;"Policy Insights from the Behavioral and Brain Sciences";journal;"23727330, 23727322";"SAGE Publications Ltd";No;No;0,913;Q2;46;21;87;1426;393;87;4,52;67,90;65,67;2;United States;Northern America;"SAGE Publications Ltd";"2014-2026";"Public Administration (Q1); Social Psychology (Q2)";"Psychology; Social Sciences"
389;16300154722;"Psychology of Music";journal;"17413087, 03057356";"SAGE Publications Ltd";No;No;0,912;Q1;86;107;270;6826;745;269;2,42;63,79;53,61;0;United Kingdom;Western Europe;"SAGE Publications Ltd";"1973-2026";"Music (Q1); Psychology (miscellaneous) (Q1)";"Arts and Humanities; Psychology"
390;13486;"Death Studies";journal;"10917683, 07481187";"Taylor and Francis Ltd.";No;No;0,912;Q2;91;336;468;17250;1805;467;3,10;51,34;62,62;2;United States;Northern America;"Taylor and Francis Ltd.";"1985-2026";"Arts and Humanities (miscellaneous) (Q1); Clinical Psychology (Q2); Developmental and Educational Psychology (Q2)";"Arts and Humanities; Psychology"
391;25677;"Journal of Child Language";journal;"03050009, 14697602";"Cambridge University Press";No;No;0,910;Q1;93;98;250;6057;610;244;2,17;61,81;72,80;0;United Kingdom;Western Europe;"Cambridge University Press";"1974-2026";"Linguistics and Language (Q1); Psychology (miscellaneous) (Q1); Developmental and Educational Psychology (Q2); Experimental and Cognitive Psychology (Q2)";"Psychology; Social Sciences"
392;13457;"Learning and Motivation";journal;"00239690, 10959122";"Academic Press Inc.";No;No;0,910;Q1;55;117;196;7335;965;195;5,20;62,69;43,42;0;United States;Northern America;"Academic Press Inc.";"1970-2026";"Education (Q1); Health (social science) (Q1); Neuropsychology and Physiological Psychology (Q1); Developmental and Educational Psychology (Q2); Experimental and Cognitive Psychology (Q2)";"Psychology; Social Sciences"
393;21100211334;"Journal of Cognitive Engineering and Decision Making";journal;"21695032, 15553434";"SAGE Publications Inc.";No;No;0,909;Q2;47;25;66;2043;272;63;2,86;81,72;39,00;2;United States;Northern America;"SAGE Publications Inc.";"2007-2026";"Computer Science Applications (Q1); Engineering (miscellaneous) (Q1); Applied Psychology (Q2); Human Factors and Ergonomics (Q2)";"Computer Science; Engineering; Psychology; Social Sciences"
394;19700175164;"Frontiers in Human Neuroscience";journal;"16625161";"Frontiers Media SA";Yes;No;0,908;Q1;180;507;2111;29164;7253;1904;3,26;57,52;43,51;0;Switzerland;Western Europe;"Frontiers Media SA";"2008-2026";"Neuropsychology and Physiological Psychology (Q1); Behavioral Neuroscience (Q2); Neurology (Q2); Psychiatry and Mental Health (Q2); Biological Psychiatry (Q3)";"Medicine; Neuroscience; Psychology"
395;21101018925;"Humanities and Social Sciences Communications";journal;"26629992";"Springer Nature";Yes;No;0,904;Q1;84;1976;3072;139707;17257;3021;5,68;70,70;43,66;21;United Kingdom;Western Europe;"Springer Nature";"2020-2026";"Arts and Humanities (miscellaneous) (Q1); Business, Management and Accounting (miscellaneous) (Q1); Economics, Econometrics and Finance (miscellaneous) (Q1); Psychology (miscellaneous) (Q1); Social Sciences (miscellaneous) (Q1)";"Arts and Humanities; Business, Management and Accounting; Economics, Econometrics and Finance; Psychology; Social Sciences"
396;12020;"Anxiety, Stress and Coping";journal;"10615806, 14772205";"Brunner - Routledge (US)";No;No;0,904;Q2;98;59;158;3444;484;158;2,82;58,37;65,80;0;United States;Northern America;"Brunner - Routledge (US)";"1992-2026";"Arts and Humanities (miscellaneous) (Q1); Clinical Psychology (Q2); Developmental and Educational Psychology (Q2); Psychiatry and Mental Health (Q2)";"Arts and Humanities; Medicine; Psychology"
397;21100413715;"Sport, Exercise, and Performance Psychology";journal;"21573913, 21573905";"American Psychological Association";No;No;0,904;Q2;42;26;85;1595;258;83;3,06;61,35;41,05;0;United States;Northern America;"American Psychological Association";"2013-2025";"Physical Therapy, Sports Therapy and Rehabilitation (Q1); Applied Psychology (Q2); Social Psychology (Q2)";"Health Professions; Psychology"
398;21100911068;"School Psychology";journal;"25784226, 25784218";"American Psychological Association";No;No;0,901;Q2;97;33;190;1581;478;187;2,46;47,91;56,90;0;United States;Northern America;"American Psychological Association";"2019-2026";"Education (Q1); Developmental and Educational Psychology (Q2)";"Psychology; Social Sciences"
399;21101019738;"Human Behavior and Emerging Technologies";journal;"25781863";"John Wiley and Sons Inc";Yes;No;0,898;Q2;49;180;220;13928;1444;220;6,59;77,38;43,25;0;United States;Northern America;"John Wiley and Sons Inc";"2019-2026";"Social Sciences (miscellaneous) (Q1); Human-Computer Interaction (Q2); Social Psychology (Q2)";"Computer Science; Psychology; Social Sciences"
400;15965;"Personal Relationships";journal;"13504126, 14756811";"Wiley-Blackwell Publishing Ltd";No;No;0,898;Q2;105;60;167;3609;489;166;2,75;60,15;62,43;0;United Kingdom;Western Europe;"Wiley-Blackwell Publishing Ltd";"1994-2026";"Anthropology (Q1); Developmental and Educational Psychology (Q2); Life-span and Life-course Studies (Q2); Social Psychology (Q2)";"Psychology; Social Sciences"
401;21101055723;"Computational Brain and Behavior";journal;"2522087X";"Springer Nature";No;No;0,896;Q1;25;44;99;2952;275;98;2,32;67,09;36,78;0;Switzerland;Western Europe;"Springer Nature";"2018-2026";"Neuropsychology and Physiological Psychology (Q1); Developmental and Educational Psychology (Q2)";"Psychology"
402;21448;"Journal of Experimental Education";journal;"19400683, 00220973";"Routledge";No;No;0,896;Q2;82;91;149;5795;436;149;2,62;63,68;57,53;0;United States;Northern America;"Routledge";"1932-2026";"Education (Q1); Developmental and Educational Psychology (Q2)";"Psychology; Social Sciences"
403;5800207751;"Metaphor and Symbol";journal;"15327868, 10926488";"Psychology Press Ltd";No;No;0,888;Q2;39;19;60;1007;206;57;3,13;53,00;43,59;0;United States;Northern America;"Psychology Press Ltd";"2007-2026";"Communication (Q1); Linguistics and Language (Q1); Experimental and Cognitive Psychology (Q2)";"Psychology; Social Sciences"
404;19400157156;"Journal of Pacific Rim Psychology";journal;"18344909";"SAGE Publications Ltd";Yes;Yes;0,887;Q1;31;29;84;2250;304;80;3,68;77,59;48,55;0;United Kingdom;Western Europe;"SAGE Publications Ltd";"2008-2026";"Psychology (miscellaneous) (Q1); Social Sciences (miscellaneous) (Q1)";"Psychology; Social Sciences"
405;29163;"International Journal of Aging and Human Development";journal;"00914150, 15413535";"SAGE Publications Inc.";No;No;0,886;Q2;76;62;160;3328;482;160;3,03;53,68;62,77;0;United States;Northern America;"SAGE Publications Inc.";"1973-2026";"Developmental and Educational Psychology (Q2); Geriatrics and Gerontology (Q2); Aging (Q3)";"Biochemistry, Genetics and Molecular Biology; Medicine; Psychology"
406;21100879731;"Journal of Experimental Psychopathology";journal;"20438087";"SAGE Publications Ltd";Yes;No;0,886;Q2;37;10;54;705;114;54;2,14;70,50;51,52;0;United Kingdom;Western Europe;"SAGE Publications Ltd";"2010-2026";"Clinical Psychology (Q2); Psychiatry and Mental Health (Q2)";"Medicine; Psychology"
407;21101042487;"European Journal of Investigation in Health, Psychology and Education";journal;"21748144, 22549625";"Multidisciplinary Digital Publishing Institute (MDPI)";Yes;Yes;0,885;Q2;40;260;533;16911;2223;520;4,41;65,04;55,17;0;Switzerland;Western Europe;"Multidisciplinary Digital Publishing Institute (MDPI)";"2011-2026";"Applied Psychology (Q2); Clinical Psychology (Q2); Developmental and Educational Psychology (Q2)";"Psychology"
408;21101039875;"Journal of Alzheimer's Disease Reports";journal;"25424823";"SAGE Publications Ltd";Yes;No;0,885;Q2;32;181;266;9592;935;265;3,26;52,99;46,88;0;United Kingdom;Western Europe;"SAGE Publications Ltd";"2017-2025";"Clinical Psychology (Q2); Geriatrics and Gerontology (Q2); Neuroscience (miscellaneous) (Q2); Psychiatry and Mental Health (Q2)";"Medicine; Neuroscience; Psychology"
409;15500;"Journal of Family and Economic Issues";journal;"15733475, 10580476";"Springer International Publishing AG";No;No;0,883;Q2;69;91;198;6163;863;194;3,89;67,73;60,48;4;United States;Northern America;"Springer International Publishing AG";"1992-2026";"Economics and Econometrics (Q2); Social Psychology (Q2)";"Economics, Econometrics and Finance; Psychology"
410;16664;"Journal of Behavioral Medicine";journal;"15733521, 01607715";"Springer New York";No;No;0,882;Q1;118;91;271;5751;866;269;3,32;63,20;62,00;1;United States;Northern America;"Springer New York";"1978-2026";"Psychology (miscellaneous) (Q1); Psychiatry and Mental Health (Q2)";"Medicine; Psychology"
411;25231;"American Journal on Addictions";journal;"10550496, 15210391";"Wiley-Blackwell";No;No;0,882;Q2;97;80;165;2142;415;162;2,62;26,78;51,55;0;United States;Northern America;"Wiley-Blackwell";"1992-2026";"Clinical Psychology (Q2); Medicine (miscellaneous) (Q2); Psychiatry and Mental Health (Q2)";"Medicine; Psychology"
412;15399;"Journal of Child and Family Studies";journal;"15732843, 10621024";"Springer New York";No;No;0,882;Q2;112;244;849;15756;2290;849;2,36;64,57;68,13;2;United States;Northern America;"Springer New York";"1992-2026";"Developmental and Educational Psychology (Q2); Life-span and Life-course Studies (Q2)";"Psychology; Social Sciences"
413;12789;"Journal of Creative Behavior";journal;"21626057, 00220175";"John Wiley &amp; Sons Inc.";No;No;0,882;Q2;82;132;146;9683;704;133;4,86;73,36;45,81;3;United States;Northern America;"John Wiley &amp; Sons Inc.";"1967-2026";"Education (Q1); Visual Arts and Performing Arts (Q1); Developmental and Educational Psychology (Q2)";"Arts and Humanities; Psychology; Social Sciences"
414;19664;"Criminal Justice and Behavior";journal;"15523594, 00938548";"SAGE Publications Inc.";No;No;0,881;Q1;121;106;284;5912;872;284;2,53;55,77;60,70;3;United States;Northern America;"SAGE Publications Inc.";"1974-2026";"Law (Q1); Pathology and Forensic Medicine (Q1); Psychology (miscellaneous) (Q1)";"Medicine; Psychology; Social Sciences"
415;15496;"International Journal of Intercultural Relations";journal;"01471767";"Elsevier Ltd";No;No;0,879;Q2;113;173;381;12194;1430;376;3,51;70,49;55,32;0;United Kingdom;Western Europe;"Elsevier Ltd";"1977-2026";"Sociology and Political Science (Q1); Business and International Management (Q2); Social Psychology (Q2)";"Business, Management and Accounting; Psychology; Social Sciences"
416;21100897500;"Education Sciences";journal;"22277102";"Multidisciplinary Digital Publishing Institute (MDPI)";Yes;No;0,878;Q2;85;1707;3596;101689;17694;3536;5,10;59,57;58,84;9;Switzerland;Western Europe;"Multidisciplinary Digital Publishing Institute (MDPI)";"2011-2026";"Computer Science (miscellaneous) (Q1); Education (Q1); Physical Therapy, Sports Therapy and Rehabilitation (Q1); Public Administration (Q1); Computer Science Applications (Q2); Developmental and Educational Psychology (Q2)";"Computer Science; Health Professions; Psychology; Social Sciences"
417;19700187621;"Psychology and Sexuality";journal;"19419902, 19419899";"Routledge";No;No;0,873;Q2;47;98;182;6419;652;179;2,57;65,50;61,28;0;United Kingdom;Western Europe;"Routledge";"2010-2026";"Gender Studies (Q1); Health (social science) (Q1); Applied Psychology (Q2); Social Psychology (Q2)";"Psychology; Social Sciences"
418;21100902938;"Trends in Language Acquisition Research";book series;"15690644";"John Benjamins Publishing Company";No;No;0,870;Q2;11;0;11;0;20;1;4,00;0,00;0,00;0;Netherlands;Western Europe;"John Benjamins Publishing Company";"2011, 2018, 2020-2023";"Communication (Q1); Cultural Studies (Q1); Education (Q1); Linguistics and Language (Q1); Developmental and Educational Psychology (Q2)";"Psychology; Social Sciences"
419;16188;"Journal of the International Neuropsychological Society";journal;"13556177, 14697661";"Cambridge University Press";No;No;0,869;Q2;155;76;296;4604;935;295;2,83;60,58;57,32;0;United Kingdom;Western Europe;"Cambridge University Press";"1995-2026";"Clinical Psychology (Q2); Neurology (clinical) (Q2); Neuroscience (miscellaneous) (Q2); Psychiatry and Mental Health (Q2)";"Medicine; Neuroscience; Psychology"
420;21100202146;"Journal of Obsessive-Compulsive and Related Disorders";journal;"22113649, 22113657";"Elsevier B.V.";No;No;0,866;Q2;49;34;142;1996;334;140;2,27;58,71;58,23;0;Netherlands;Western Europe;"Elsevier B.V.";"2012-2026";"Clinical Psychology (Q2); Psychiatry and Mental Health (Q2)";"Medicine; Psychology"
421;21101042149;"Stigma and Health";journal;"23766964, 23766972";"American Psychological Association";No;No;0,866;Q2;29;71;252;3797;697;250;2,08;53,48;61,20;0;United States;Northern America;"American Psychological Association";"2017, 2019-2025";"Clinical Psychology (Q2); Health Policy (Q2); Psychiatry and Mental Health (Q2); Public Health, Environmental and Occupational Health (Q2); Social Psychology (Q2)";"Medicine; Psychology"
422;19227;"Research in Developmental Disabilities";journal;"18733379, 08914222";"Elsevier Inc.";No;No;0,865;Q2;124;190;467;10229;1600;460;3,15;53,84;63,07;0;United States;Northern America;"Elsevier Inc.";"1987-2026";"Clinical Psychology (Q2); Developmental and Educational Psychology (Q2)";"Psychology"
423;15476;"Journal of Experimental Psychology: Applied";journal;"19392192, 1076898X";"American Psychological Association";No;No;0,864;Q2;108;21;146;1269;434;146;2,48;60,43;51,35;0;United States;Northern America;"American Psychological Association";"1995-2025";"Experimental and Cognitive Psychology (Q2)";"Psychology"
424;13422;"Psychoanalytic Quarterly";journal;"00332828, 21674086";"Taylor and Francis Ltd.";No;No;0,864;Q2;49;25;88;1142;106;67;1,31;45,68;36,00;0;United Kingdom;Western Europe;"Taylor and Francis Ltd.";"1945-2026";"Arts and Humanities (miscellaneous) (Q1); Clinical Psychology (Q2); Developmental and Educational Psychology (Q2); Medicine (miscellaneous) (Q2); Psychiatry and Mental Health (Q2)";"Arts and Humanities; Medicine; Psychology"
425;15272;"Spanish Journal of Psychology";journal;"19882904, 11387416";"Cambridge University Press";No;No;0,861;Q2;62;28;90;1863;255;90;2,76;66,54;57,80;0;United Kingdom;Western Europe;"Cambridge University Press";"1998-2026";"Linguistics and Language (Q1); Psychology (miscellaneous) (Q2)";"Psychology; Social Sciences"
426;21100821132;"Decision";journal;"23259973, 23259965";"American Psychological Association";No;No;0,860;Q2;26;10;90;759;131;90;1,56;75,90;21,05;0;United States;Northern America;"American Psychological Association";"2014-2025";"Applied Psychology (Q2); Neuropsychology and Physiological Psychology (Q2); Social Psychology (Q2); Statistics, Probability and Uncertainty (Q2)";"Decision Sciences; Psychology"
427;30091;"Journal of Sport and Exercise Psychology";journal;"08952779, 15432904";"Human Kinetics Publishers Inc.";No;No;0,860;Q2;129;37;95;1838;298;93;2,54;49,68;49,30;0;United States;Northern America;"Human Kinetics Publishers Inc.";"1988-1991, 1996-2026";"Applied Psychology (Q2); Sports Science (Q2)";"Health Professions; Psychology"
428;29471;"American Journal of Orthopsychiatry";journal;"19390025, 00029432";"American Orthopsychiatric Association Inc.";No;No;0,859;Q2;120;60;226;4236;610;226;2,01;70,60;69,33;0;United States;Northern America;"American Orthopsychiatric Association Inc.";"1930-2025";"Arts and Humanities (miscellaneous) (Q1); Developmental and Educational Psychology (Q2); Psychiatry and Mental Health (Q2); Psychology (miscellaneous) (Q2)";"Arts and Humanities; Medicine; Psychology"
429;29972;"Journal of Homosexuality";journal;"15403602, 00918369";"Routledge";No;No;0,857;Q2;101;233;431;13158;1513;427;3,53;56,47;55,29;2;United States;Northern America;"Routledge";"1974, 1976-2026";"Education (Q1); Gender Studies (Q1); Medicine (miscellaneous) (Q2); Psychology (miscellaneous) (Q2); Social Psychology (Q2)";"Medicine; Psychology; Social Sciences"
430;13450;"Counselling Psychology Quarterly";journal;"09515070, 14693674";"Routledge";No;No;0,856;Q2;52;78;119;4487;322;118;2,17;57,53;55,93;0;United Kingdom;Western Europe;"Routledge";"1988-2026";"Applied Psychology (Q2); Clinical Psychology (Q2); Psychiatry and Mental Health (Q2)";"Medicine; Psychology"
431;21101076715;"Journal of Affective Disorders Reports";journal;"26669153";"Elsevier B.V.";Yes;No;0,856;Q2;39;138;477;7555;1335;467;3,07;54,75;50,98;0;Netherlands;Western Europe;"Elsevier B.V.";"2020-2026";"Clinical Psychology (Q2); Psychiatry and Mental Health (Q2)";"Medicine; Psychology"
432;14566;"American Journal of Speech-Language Pathology";journal;"10580360, 15589110";"American Speech-Language-Hearing Association (ASHA)";No;No;0,854;Q2;98;236;593;14598;1837;577;2,69;61,86;74,29;0;United States;Northern America;"American Speech-Language-Hearing Association (ASHA)";"1993-2026";"Linguistics and Language (Q1); Otorhinolaryngology (Q1); Speech and Hearing (Q1); Developmental and Educational Psychology (Q2); Medicine (miscellaneous) (Q2)";"Health Professions; Medicine; Psychology; Social Sciences"
433;18009;"Neuropsychologia";journal;"18733514, 00283932";"Elsevier Ltd";No;No;0,854;Q2;244;151;600;11562;1528;592;2,51;76,57;48,43;1;United Kingdom;Western Europe;"Elsevier Ltd";"1963-2026";"Behavioral Neuroscience (Q2); Cognitive Neuroscience (Q2); Experimental and Cognitive Psychology (Q2)";"Neuroscience; Psychology"
434;14830;"Infant Behavior and Development";journal;"01636383, 19348800";"Elsevier Ltd";No;No;0,853;Q2;103;124;249;8765;659;240;2,58;70,69;73,08;0;United Kingdom;Western Europe;"Elsevier Ltd";"1978-2026";"Developmental and Educational Psychology (Q2)";"Psychology"
435;19900192615;"Cyberpsychology";journal;"18027962";"Masaryk University";Yes;Yes;0,852;Q2;47;41;134;3327;460;134;2,64;81,15;52,26;0;Czech Republic;Eastern Europe;"Masaryk University";"2011-2026";"Communication (Q1); Social Sciences (miscellaneous) (Q1); Psychology (miscellaneous) (Q2)";"Psychology; Social Sciences"
436;14561;"Child: Care, Health and Development";journal;"03051862, 13652214";"Wiley-Blackwell Publishing Ltd";No;No;0,850;Q2;106;171;418;7899;1229;411;2,80;46,19;68,65;0;United Kingdom;Western Europe;"Wiley-Blackwell Publishing Ltd";"1975-2026";"Pediatrics, Perinatology and Child Health (Q1); Developmental and Educational Psychology (Q2); Public Health, Environmental and Occupational Health (Q2)";"Medicine; Psychology"
437;21100790809;"International Review of Social Psychology";journal;"23978570";"Ubiquity Press";Yes;Yes;0,848;Q2;32;16;57;1297;112;57;1,74;81,06;29,73;1;United Kingdom;Western Europe;"Ubiquity Press";"2016-2025";"Social Psychology (Q2)";"Psychology"
438;19700175255;"Journal of Personnel Psychology";journal;"18665888, 21905150";"Hogrefe Publishing";No;No;0,848;Q2;44;21;60;1111;164;60;2,48;52,90;55,56;0;United States;Northern America;"Hogrefe Publishing";"2010-2026";"Applied Psychology (Q2); Organizational Behavior and Human Resource Management (Q2)";"Business, Management and Accounting; Psychology"
439;11200153508;"Memory Studies";journal;"17506999, 17506980";"SAGE Publications Ltd";No;No;0,847;Q2;51;139;302;8061;693;286;2,08;57,99;61,80;0;United Kingdom;Western Europe;"SAGE Publications Ltd";"2008-2026";"Cultural Studies (Q1); Experimental and Cognitive Psychology (Q2); Social Psychology (Q2)";"Psychology; Social Sciences"
440;20537;"Journal of Behavioral Decision Making";journal;"08943257, 10990771";"John Wiley and Sons Ltd";No;No;0,845;Q2;99;46;155;2321;323;155;1,69;50,46;32,74;0;United Kingdom;Western Europe;"John Wiley and Sons Ltd";"1988-2026";"Arts and Humanities (miscellaneous) (Q1); Sociology and Political Science (Q1); Applied Psychology (Q2); Decision Sciences (miscellaneous) (Q2); Strategy and Management (Q2)";"Arts and Humanities; Business, Management and Accounting; Decision Sciences; Psychology; Social Sciences"
441;23842;"Journal of Classification";journal;"01764268, 14321343";"Springer New York";No;No;0,845;Q2;51;46;84;2056;240;76;2,05;44,70;28,04;0;United States;Northern America;"Springer New York";"1984-2026";"Library and Information Sciences (Q1); Mathematics (miscellaneous) (Q1); Psychology (miscellaneous) (Q2); Statistics, Probability and Uncertainty (Q2)";"Decision Sciences; Mathematics; Psychology; Social Sciences"
442;21100386521;"Language, Cognition and Neuroscience";journal;"23273801, 23273798";"Routledge";No;No;0,845;Q2;102;89;245;6967;498;233;2,07;78,28;55,63;0;United Kingdom;Western Europe;"Routledge";"2013-2026";"Linguistics and Language (Q1); Cognitive Neuroscience (Q2); Experimental and Cognitive Psychology (Q2)";"Neuroscience; Psychology; Social Sciences"
443;12164;"Brain and Language";journal;"10902155, 0093934X";"Academic Press Inc.";No;No;0,841;Q2;152;73;195;5725;492;176;2,34;78,42;56,38;0;United States;Northern America;"Academic Press Inc.";"1974-2026";"Linguistics and Language (Q1); Speech and Hearing (Q1); Cognitive Neuroscience (Q2); Experimental and Cognitive Psychology (Q2)";"Health Professions; Neuroscience; Psychology; Social Sciences"
444;13465;"Psychological Reports";journal;"00332941, 1558691X";"SAGE Publications Inc.";No;No;0,841;Q2;91;490;557;32409;1807;550;3,04;66,14;53,66;6;United States;Northern America;"SAGE Publications Inc.";"1955, 1960-2026";"Psychology (miscellaneous) (Q2)";"Psychology"
445;14287;"Behavioural Neurology";journal;"09534180, 18758584";"John Wiley and Sons Ltd";Yes;No;0,840;Q2;66;29;102;1482;397;100;4,27;51,10;47,47;0;United Kingdom;Western Europe;"John Wiley and Sons Ltd";"1988-1998, 2000-2001, 2003-2026";"Medicine (miscellaneous) (Q2); Neurology (Q2); Neurology (clinical) (Q2); Neuropsychology and Physiological Psychology (Q2)";"Medicine; Neuroscience; Psychology"
446;14775;"Scandinavian Journal of Psychology";journal;"14679450, 00365564";"Wiley-Blackwell Publishing Ltd";No;No;0,840;Q2;95;85;262;5534;762;262;2,51;65,11;58,04;1;United Kingdom;Western Europe;"Wiley-Blackwell Publishing Ltd";"1960-2026";"Arts and Humanities (miscellaneous) (Q1); Developmental and Educational Psychology (Q2); Medicine (miscellaneous) (Q2); Psychology (miscellaneous) (Q2)";"Arts and Humanities; Medicine; Psychology"
447;17282;"Learning and Memory";journal;"10720502, 15495485";"Cold Spring Harbor Laboratory Press";No;No;0,839;Q2;156;30;142;1551;263;136;1,47;51,70;56,69;0;United States;Northern America;"Cold Spring Harbor Laboratory Press";"1994-2026";"Cognitive Neuroscience (Q2); Neuropsychology and Physiological Psychology (Q2); Cellular and Molecular Neuroscience (Q3)";"Neuroscience; Psychology"
448;21101081716;"Current Research in Behavioral Sciences";journal;"26665182";"Elsevier B.V.";Yes;No;0,838;Q2;22;29;84;1721;281;84;3,54;59,34;57,55;1;Netherlands;Western Europe;"Elsevier B.V.";"2020-2026";"Behavioral Neuroscience (Q2); Psychology (miscellaneous) (Q2)";"Neuroscience; Psychology"
449;5700181569;"Journal of Gambling Studies";journal;"10505350, 15733602";"Springer International Publishing AG";No;No;0,838;Q2;97;130;303;6918;968;303;3,17;53,22;50,33;3;United States;Northern America;"Springer International Publishing AG";"1990-2026";"Sociology and Political Science (Q1); Psychology (miscellaneous) (Q2)";"Psychology; Social Sciences"
450;21101288489;"International Journal of Cognitive Behavioral Therapy";journal;"30593042";"Springer Science and Business Media Deutschland GmbH";No;No;0,836;Q2;43;37;105;2187;255;105;2,13;59,11;47,77;1;Germany;Western Europe;"Springer Science and Business Media Deutschland GmbH";"2025-2026";"Experimental and Cognitive Psychology (Q2)";"Psychology"
451;15430;"Journal of Community Psychology";journal;"15206629, 00904392";"Wiley-Liss Inc.";No;No;0,835;Q2;107;97;474;6350;1426;467;2,61;65,46;68,04;1;United States;Northern America;"Wiley-Liss Inc.";"1973-2026";"Social Work (Q1); Social Psychology (Q2)";"Psychology; Social Sciences"
452;14788;"Human Performance";journal;"08959285, 15327043";"Routledge";No;No;0,834;Q2;87;14;42;1158;125;41;2,48;82,71;36,07;0;United States;Northern America;"Routledge";"1988-2026";"Applied Psychology (Q2); Organizational Behavior and Human Resource Management (Q2); Psychology (miscellaneous) (Q2)";"Business, Management and Accounting; Psychology"
453;27628;"Journal of Psychosomatic Obstetrics and Gynecology";journal;"0167482X, 17438942";"Taylor and Francis Ltd.";Yes;No;0,834;Q2;82;41;151;1493;453;144;2,71;36,41;76,54;0;United Kingdom;Western Europe;"Taylor and Francis Ltd.";"1982-2026";"Reproductive Medicine (Q1); Clinical Psychology (Q2); Obstetrics and Gynecology (Q2); Psychiatry and Mental Health (Q2)";"Medicine; Psychology"
454;21101113286;"Sexual Abuse";journal;"1573286X, 10790632";"SAGE Publications Inc.";No;No;0,832;Q2;93;36;115;2667;325;111;2,89;74,08;51,24;1;United States;Northern America;"SAGE Publications Inc.";"1988-1993, 1995-2026";"Psychiatry and Mental Health (Q2); Psychology (miscellaneous) (Q2)";"Medicine; Psychology"
455;14030;"Psychology in the Schools";journal;"00333085, 15206807";"Wiley-Liss Inc.";No;No;0,831;Q2;101;363;692;26740;2155;689;2,82;73,66;58,29;3;United States;Northern America;"Wiley-Liss Inc.";"1964-2026";"Education (Q1); Developmental and Educational Psychology (Q2)";"Psychology; Social Sciences"
456;16800154737;"Archive for the Psychology of Religion";journal;"00846724, 15736121";"Sage Publications";No;No;0,829;Q2;24;31;47;2337;127;47;2,53;75,39;41,76;0;Netherlands;Western Europe;"Sage Publications";"1914, 1921, 1929, 1936, 1964, 1967, 1976, 1980, 1982-1983, 1985, 1988, 1990, 1992, 1997, 2000, 2003-2026";"Philosophy (Q1); Religious Studies (Q1); Psychology (miscellaneous) (Q2)";"Arts and Humanities; Psychology"
457;21100901748;"Behavioral Sciences";journal;"2076328X";"Multidisciplinary Digital Publishing Institute (MDPI)";Yes;No;0,828;Q2;64;1741;2768;116308;10938;2746;3,81;66,81;56,01;9;Switzerland;Western Europe;"Multidisciplinary Digital Publishing Institute (MDPI)";"2011-2026";"Development (Q1); Ecology, Evolution, Behavior and Systematics (Q1); Behavioral Neuroscience (Q2); Genetics (Q2); Psychology (miscellaneous) (Q2)";"Agricultural and Biological Sciences; Biochemistry, Genetics and Molecular Biology; Neuroscience; Psychology; Social Sciences"
458;24007;"Physiology and Behavior";journal;"1873507X, 00319384";"Elsevier Inc.";No;No;0,828;Q2;200;279;741;19081;2233;728;2,92;68,39;49,93;1;United States;Northern America;"Elsevier Inc.";"1966-2026";"Behavioral Neuroscience (Q2); Experimental and Cognitive Psychology (Q2)";"Neuroscience; Psychology"
459;30047;"Journal of Positive Behavior Interventions";journal;"10983007, 15384772";"SAGE Publications Inc.";No;No;0,827;Q2;78;27;65;1381;189;64;2,58;51,15;62,71;1;United States;Northern America;"SAGE Publications Inc.";"1999-2026";"Pediatrics, Perinatology and Child Health (Q1); Applied Psychology (Q2); Developmental and Educational Psychology (Q2)";"Medicine; Psychology"
460;24514;"Clinical Child Psychology and Psychiatry";journal;"13591045, 14617021";"SAGE Publications Ltd";No;No;0,826;Q2;73;91;310;3545;838;298;2,79;38,96;67,47;2;United Kingdom;Western Europe;"SAGE Publications Ltd";"1996-2026";"Pediatrics, Perinatology and Child Health (Q1); Clinical Psychology (Q2); Medicine (miscellaneous) (Q2); Psychiatry and Mental Health (Q2)";"Medicine; Psychology"
461;12102;"Behavior Modification";journal;"01454455, 15524167";"SAGE Publications Inc.";No;No;0,823;Q2;98;21;135;1258;411;132;2,72;59,90;56,25;0;United States;Northern America;"SAGE Publications Inc.";"1977-2026";"Arts and Humanities (miscellaneous) (Q1); Clinical Psychology (Q2); Developmental and Educational Psychology (Q2)";"Arts and Humanities; Psychology"
462;21100838559;"Fashion and Textiles";journal;"21980802";"Springer Singapore";Yes;No;0,823;Q2;41;40;132;1972;642;132;4,80;49,30;59,62;0;Singapore;Asiatic Region;"Springer Singapore";"2014-2026";"Cultural Studies (Q1); Marketing (Q2); Materials Science (miscellaneous) (Q2); Social Psychology (Q2); Strategy and Management (Q2)";"Business, Management and Accounting; Materials Science; Psychology; Social Sciences"
463;18013;"Neuropsychology";journal;"08944105, 19311559";"American Psychological Association";No;No;0,822;Q2;154;62;203;2916;644;202;2,69;47,03;57,94;0;United States;Northern America;"American Psychological Association";"1989-2026";"Neuropsychology and Physiological Psychology (Q2)";"Psychology"
464;130178;"Cognitive Linguistics";journal;"09365907, 16133641";"De Gruyter Mouton";Yes;No;0,819;Q2;70;22;60;1524;127;59;1,81;69,27;35,56;0;Germany;Western Europe;"De Gruyter Mouton";"1990-2026";"Linguistics and Language (Q1); Developmental and Educational Psychology (Q2)";"Psychology; Social Sciences"
465;21100855505;"Journal of Cybersecurity";journal;"20572093";"Oxford University Press";Yes;No;0,818;Q2;38;47;68;3676;382;68;5,06;78,21;36,22;4;United Kingdom;Western Europe;"Oxford University Press";"2015-2026";"Computer Science (miscellaneous) (Q1); Law (Q1); Political Science and International Relations (Q1); Safety Research (Q1); Safety, Risk, Reliability and Quality (Q1); Computer Networks and Communications (Q2); Computer Science Applications (Q2); Hardware and Architecture (Q2); Information Systems (Q2); Social Psychology (Q2); Software (Q2)";"Computer Science; Engineering; Psychology; Social Sciences"
466;12834;"Journal of Research in Reading";journal;"14679817, 01410423";"Wiley-Blackwell Publishing Ltd";No;No;0,817;Q2;69;21;84;1198;243;82;2,00;57,05;60,76;0;United Kingdom;Western Europe;"Wiley-Blackwell Publishing Ltd";"1978-2026";"Education (Q1); Developmental and Educational Psychology (Q2); Psychology (miscellaneous) (Q2)";"Psychology; Social Sciences"
467;16247;"Journal of Applied Research in Intellectual Disabilities";journal;"14683148, 13602322";"Wiley-Blackwell Publishing Ltd";No;No;0,815;Q2;84;187;376;9328;1134;375;2,55;49,88;74,34;0;United Kingdom;Western Europe;"Wiley-Blackwell Publishing Ltd";"1996-2026";"Education (Q1); Developmental and Educational Psychology (Q2)";"Psychology; Social Sciences"
468;15564;"Journal of Language and Social Psychology";journal;"15526526, 0261927X";"SAGE Publications Inc.";No;No;0,814;Q2;72;46;101;2874;328;101;2,78;62,48;68,03;0;United States;Northern America;"SAGE Publications Inc.";"1982-2026";"Anthropology (Q1); Education (Q1); Linguistics and Language (Q1); Sociology and Political Science (Q1); Social Psychology (Q2)";"Psychology; Social Sciences"
469;14761;"International Journal of Stress Management";journal;"10725245, 15733424";"American Psychological Association";No;No;0,813;Q2;81;33;111;2759;311;111;2,62;83,61;53,06;0;United States;Northern America;"American Psychological Association";"1994-2026";"Business, Management and Accounting (miscellaneous) (Q1); Education (Q1); Applied Psychology (Q2); Medicine (miscellaneous) (Q2); Psychology (miscellaneous) (Q2)";"Business, Management and Accounting; Medicine; Psychology; Social Sciences"
470;15506;"Journal of Fluency Disorders";journal;"0094730X, 1873801X";"Elsevier Inc.";No;No;0,812;Q2;72;53;70;3688;191;69;2,53;69,58;60,00;0;United States;Northern America;"Elsevier Inc.";"1974, 1977-2026";"Linguistics and Language (Q1); LPN and LVN (Q1); Speech and Hearing (Q1); Cognitive Neuroscience (Q2); Experimental and Cognitive Psychology (Q2)";"Health Professions; Neuroscience; Nursing; Psychology; Social Sciences"
471;13194;"Career Development Quarterly";journal;"21610045, 08894019";"Wiley-Blackwell";No;No;0,811;Q2;70;25;74;1569;227;74;2,67;62,76;65,75;0;United States;Northern America;"Wiley-Blackwell";"1986-2026";"Applied Psychology (Q2); Organizational Behavior and Human Resource Management (Q2); Psychology (miscellaneous) (Q2)";"Business, Management and Accounting; Psychology"
472;144977;"Homicide Studies";journal;"15526720, 10887679";"SAGE Publications Inc.";No;No;0,810;Q2;60;26;86;1407;253;81;3,00;54,12;67,14;2;United States;Northern America;"SAGE Publications Inc.";"1997-2026";"Law (Q1); Pathology and Forensic Medicine (Q1); Psychology (miscellaneous) (Q2)";"Medicine; Psychology; Social Sciences"
473;17467;"Neurobiology of Learning and Memory";journal;"10959564, 10747427";"Academic Press Inc.";No;No;0,808;Q2;140;63;221;5065;478;216;2,11;80,40;50,85;0;United States;Northern America;"Academic Press Inc.";"1995-2026";"Behavioral Neuroscience (Q2); Cognitive Neuroscience (Q2); Experimental and Cognitive Psychology (Q2)";"Neuroscience; Psychology"
474;19400158810;"Child Indicators Research";journal;"18748988, 1874897X";"Springer Netherlands";No;No;0,807;Q2;57;117;322;8212;940;322;2,70;70,19;54,18;2;Netherlands;Western Europe;"Springer Netherlands";"2010-2026";"Health (social science) (Q1); Sociology and Political Science (Q1); Social Psychology (Q2)";"Psychology; Social Sciences"
475;30021;"Journal of Pediatric Psychology";journal;"01468693, 1465735X";"Oxford University Press";No;No;0,807;Q2;147;108;319;5937;837;286;2,29;54,97;74,83;1;United Kingdom;Western Europe;"Oxford University Press";"1976-2025";"Pediatrics, Perinatology and Child Health (Q1); Developmental and Educational Psychology (Q2)";"Medicine; Psychology"
476;23064;"Scandinavian Journal of Management";journal;"09565221, 18733387";"Elsevier Ltd";No;No;0,807;Q2;77;41;94;3721;288;81;2,50;90,76;48,57;1;United Kingdom;Western Europe;"Elsevier Ltd";"1988-2026";"Applied Psychology (Q2); Strategy and Management (Q2)";"Business, Management and Accounting; Psychology"
477;70201;"Clinical Neuropsychologist";journal;"13854046, 17444144";"Taylor and Francis Ltd.";No;No;0,805;Q2;106;193;305;11682;1105;303;3,23;60,53;57,17;2;United Kingdom;Western Europe;"Taylor and Francis Ltd.";"1987-2026";"Arts and Humanities (miscellaneous) (Q1); Clinical Psychology (Q2); Developmental and Educational Psychology (Q2); Medicine (miscellaneous) (Q2); Neuropsychology and Physiological Psychology (Q2); Psychiatry and Mental Health (Q2)";"Arts and Humanities; Medicine; Psychology"
478;21100945900;"Health Psychology and Behavioral Medicine";journal;"21642850";"Taylor and Francis Ltd.";Yes;No;0,804;Q2;27;59;181;3084;558;179;2,84;52,27;61,17;0;United Kingdom;Western Europe;"Taylor and Francis Ltd.";"2014, 2017-2026";"Health (social science) (Q1); Behavioral Neuroscience (Q2); Psychology (miscellaneous) (Q2)";"Neuroscience; Psychology; Social Sciences"
479;21100228093;"Depression Research and Treatment";journal;"20901321, 2090133X";"John Wiley and Sons Ltd";Yes;No;0,801;Q2;40;0;21;0;69;21;3,00;0,00;0,00;0;United Kingdom;Western Europe;"John Wiley and Sons Ltd";"2010-2024";"Clinical Psychology (Q2); Psychiatry and Mental Health (Q2)";"Medicine; Psychology"
480;30090;"Journal of Social Psychology";journal;"00224545, 19401183";"Routledge";No;No;0,801;Q2;100;84;182;4775;545;180;2,91;56,85;47,88;2;United States;Northern America;"Routledge";"1930-2026";"Social Psychology (Q2)";"Psychology"
481;144801;"Journal of Psychotherapy Integration";journal;"10530479, 15733696";"American Psychological Association";No;No;0,799;Q2;50;18;86;837;192;83;1,98;46,50;51,02;0;United States;Northern America;"American Psychological Association";"1992, 1996-2025";"Clinical Psychology (Q2); Psychiatry and Mental Health (Q2)";"Medicine; Psychology"
482;14896;"International Journal of Psychology";journal;"1464066X, 00207594";"Wiley-Blackwell";No;No;0,797;Q2;87;144;277;5597;736;274;2,32;38,87;52,62;0;United States;Northern America;"Wiley-Blackwell";"1966-2026";"Arts and Humanities (miscellaneous) (Q1); Medicine (miscellaneous) (Q2); Psychology (miscellaneous) (Q2)";"Arts and Humanities; Medicine; Psychology"
483;21101274835;"Journal of Latinx Psychology";journal;"25788094, 25788086";"American Psychological Association";No;No;0,797;Q2;21;32;70;1917;206;68;2,08;59,91;62,60;0;United States;Northern America;"American Psychological Association";"2020-2025";"Psychology (miscellaneous) (Q2)";"Psychology"
484;14415;"Rehabilitation Counseling Bulletin";journal;"00343552, 15384853";"SAGE Publications Inc.";No;No;0,797;Q2;50;36;81;2009;202;80;1,81;55,81;57,14;0;United States;Northern America;"SAGE Publications Inc.";"1994-2026";"Rehabilitation (Q1); Applied Psychology (Q2); Public Health, Environmental and Occupational Health (Q2)";"Medicine; Psychology"
485;15320;"Teaching of Psychology";journal;"00986283, 15328023";"SAGE Publications Inc.";No;No;0,796;Q2;62;84;152;3025;341;150;2,16;36,01;67,26;1;United States;Northern America;"SAGE Publications Inc.";"1975-2026";"Education (Q1); Psychology (miscellaneous) (Q2)";"Psychology; Social Sciences"
486;21101059716;"Al-Ihkam: Jurnal Hukum dan Pranata Sosial";journal;"24423084, 1907591X";"Faculty of Shariah Institut Agama Islam Negeri Madura";Yes;No;0,795;Q2;15;15;74;709;304;74;3,13;47,27;47,22;0;Indonesia;Asiatic Region;"Faculty of Shariah Institut Agama Islam Negeri Madura";"2018-2026";"Arts and Humanities (miscellaneous) (Q1); Law (Q1); Philosophy (Q1); Religious Studies (Q1); Social Sciences (miscellaneous) (Q1); Sociology and Political Science (Q1); Social Psychology (Q2)";"Arts and Humanities; Psychology; Social Sciences"
487;12824;"Philosophical Psychology";journal;"09515089, 1465394X";"Routledge";No;No;0,793;Q2;63;280;252;17232;582;230;2,38;61,54;30,05;3;United Kingdom;Western Europe;"Routledge";"1988-2026";"Philosophy (Q1); Applied Psychology (Q2)";"Arts and Humanities; Psychology"
488;28902;"Family Relations";journal;"01976664, 17413729";"Wiley-Blackwell Publishing Ltd";No;No;0,791;Q2;109;166;489;10232;1287;484;2,43;61,64;69,18;1;United Kingdom;Western Europe;"Wiley-Blackwell Publishing Ltd";"1981, 1992, 1996-2026";"Education (Q1); Social Sciences (miscellaneous) (Q1); Developmental and Educational Psychology (Q2); Social Work (Q2)";"Psychology; Social Sciences"
489;20300195073;"Journal of Applied Research in Memory and Cognition";journal;"22113681, 2211369X";"Society for Applied Research in Memory and Cognition";No;No;0,790;Q2;59;40;207;2284;473;207;1,80;57,10;56,14;0;United States;Northern America;"Society for Applied Research in Memory and Cognition";"2012-2025";"Applied Psychology (Q2); Clinical Psychology (Q2); Experimental and Cognitive Psychology (Q2)";"Psychology"
490;12100156129;"Learning Disabilities Research and Practice";journal;"15405826, 09388982";"SAGE Publications Inc.";No;No;0,788;Q2;37;9;68;556;162;64;1,93;61,78;80,00;0;United States;Northern America;"SAGE Publications Inc.";"1985-1987, 1989, 1991-1992, 1994-1995, 2004, 2006, 2008, 2012-2025";"Education (Q1); Health (social science) (Q1); Developmental and Educational Psychology (Q2)";"Psychology; Social Sciences"
491;14172;"Feminism and Psychology";journal;"14617161, 09593535";"SAGE Publications Ltd";No;No;0,787;Q2;73;40;91;2349;319;89;2,90;58,73;82,18;0;United Kingdom;Western Europe;"SAGE Publications Ltd";"1991-2026";"Arts and Humanities (miscellaneous) (Q1); Gender Studies (Q1); Psychology (miscellaneous) (Q2)";"Arts and Humanities; Psychology; Social Sciences"
492;21100329895;"Behavioral Sciences of Terrorism and Political Aggression";journal;"19434480, 19434472";"Routledge";No;No;0,786;Q2;27;45;81;3074;214;81;2,37;68,31;44,44;2;United States;Northern America;"Routledge";"2009-2026";"Political Science and International Relations (Q1); Sociology and Political Science (Q1); Social Psychology (Q2)";"Psychology; Social Sciences"
493;15429;"Journal of Community and Applied Social Psychology";journal;"10529284, 10991298";"John Wiley and Sons Ltd";No;No;0,785;Q2;79;182;327;11371;905;320;2,37;62,48;62,62;0;United Kingdom;Western Europe;"John Wiley and Sons Ltd";"1991-2026";"Sociology and Political Science (Q1); Social Psychology (Q2)";"Psychology; Social Sciences"
494;21100943318;"Journal of Numerical Cognition";journal;"23638761";"PsychOpen";Yes;Yes;0,785;Q2;15;18;64;1086;157;63;2,05;60,33;66,07;0;Germany;Western Europe;"PsychOpen";"2019-2025";"Applied Mathematics (Q1); Numerical Analysis (Q1); Experimental and Cognitive Psychology (Q2)";"Mathematics; Psychology"
495;21101333431;"Research in Autism";journal;"30506565";"Elsevier Ltd";No;No;0,785;Q2;108;167;368;10566;1187;364;2,85;63,27;64,55;3;United Kingdom;Western Europe;"Elsevier Ltd";"2025-2026";"Clinical Psychology (Q2); Developmental and Educational Psychology (Q2); Psychiatry and Mental Health (Q2)";"Medicine; Psychology"
496;14065;"Measurement and Evaluation in Counseling and Development";journal;"07481756, 19476302";"Taylor and Francis Ltd.";No;No;0,784;Q2;62;26;69;1702;179;55;2,67;65,46;33,33;0;United Kingdom;Western Europe;"Taylor and Francis Ltd.";"1987, 1996-2026";"Education (Q1); Applied Psychology (Q2); Developmental and Educational Psychology (Q2); Psychology (miscellaneous) (Q2)";"Psychology; Social Sciences"
497;4000149409;"Quarterly Journal of Experimental Psychology";journal;"17470218, 17470226";"SAGE Publications Inc.";No;No;0,782;Q2;137;220;543;15274;1069;534;1,95;69,43;44,65;0;United Kingdom;Western Europe;"SAGE Publications Inc.";"2006-2026";"Experimental and Cognitive Psychology (Q2); Medicine (miscellaneous) (Q2); Neuropsychology and Physiological Psychology (Q2); Physiology (Q2); Physiology (medical) (Q2); Psychology (miscellaneous) (Q2)";"Biochemistry, Genetics and Molecular Biology; Medicine; Psychology"
498;25019;"Human-Computer Interaction";journal;"15327051, 07370024";"Taylor and Francis Ltd.";No;No;0,776;Q2;87;26;70;1759;423;62;6,61;67,65;46,43;0;United States;Northern America;"Taylor and Francis Ltd.";"1985-1987, 1989-2026";"Applied Psychology (Q2); Human-Computer Interaction (Q2)";"Computer Science; Psychology"
499;21101039273;"Journal of the Academy of Consultation-Liaison Psychiatry";journal;"26672979, 26672960";"Elsevier B.V.";No;No;0,773;Q2;119;83;257;2139;446;152;1,62;25,77;44,82;0;Netherlands;Western Europe;"Elsevier B.V.";"2021-2026";"Clinical Psychology (Q2); Psychiatry and Mental Health (Q2)";"Medicine; Psychology"
500;12059;"Memory";journal;"14640686, 09658211";"Taylor and Francis Ltd.";No;No;0,773;Q2;114;95;324;6265;757;316;1,97;65,95;59,12;1;United Kingdom;Western Europe;"Taylor and Francis Ltd.";"1993-2026";"Arts and Humanities (miscellaneous) (Q1); Psychology (miscellaneous) (Q2)";"Arts and Humanities; Psychology"
501;19700186336;"Psychology of Violence";journal;"21520828, 2152081X";"American Psychological Association";No;No;0,772;Q2;69;66;172;4294;468;171;2,04;65,06;55,93;0;United States;Northern America;"American Psychological Association";"2010-2025";"Health (social science) (Q1); Applied Psychology (Q2); Social Psychology (Q2)";"Psychology; Social Sciences"
502;21996;"Behavioral Disorders";journal;"01987429, 21635307";"SAGE Publications Ltd";No;No;0,771;Q2;53;27;64;1594;170;63;2,48;59,04;61,00;0;United States;Northern America;"SAGE Publications Ltd";"1977, 1989, 1995-2026";"Education (Q1); Clinical Psychology (Q2); Developmental and Educational Psychology (Q2)";"Psychology; Social Sciences"
503;21100372152;"Journal of Behavioral and Experimental Economics";journal;"22148051, 22148043";"Elsevier Inc.";No;No;0,771;Q2;86;129;373;7322;781;370;1,88;56,76;33,92;2;United States;Northern America;"Elsevier Inc.";"2014-2026";"Social Sciences (miscellaneous) (Q1); Applied Psychology (Q2); Economics and Econometrics (Q2)";"Economics, Econometrics and Finance; Psychology; Social Sciences"
504;26843;"International Journal for the Psychology of Religion";journal;"10508619, 15327582";"Routledge";No;No;0,770;Q2;43;30;54;1754;146;52;2,53;58,47;40,30;0;United States;Northern America;"Routledge";"1991-1995, 2007-2026";"Religious Studies (Q1); Psychology (miscellaneous) (Q2)";"Arts and Humanities; Psychology"
505;5700169289;"Journal of Sexual Aggression";journal;"17426545, 13552600";"Routledge";No;No;0,770;Q2;48;64;84;4168;227;83;2,96;65,13;62,33;5;United Kingdom;Western Europe;"Routledge";"1994, 1996-1997, 1999-2026";"Law (Q1); Applied Psychology (Q2); Behavioral Neuroscience (Q2); Psychiatry and Mental Health (Q2); Psychology (miscellaneous) (Q2)";"Medicine; Neuroscience; Psychology; Social Sciences"
506;29443;"Advances in the Study of Behavior";book series;"00653454";"Academic Press Inc.";No;No;0,769;Q2;76;5;13;831;58;3;2,63;166,20;0,00;0;United States;Northern America;"Academic Press Inc.";"1965, 1969, 1971-1972, 1974, 1976, 1978-1980, 1982-1988, 1990-2025";"Animal Science and Zoology (Q1); Behavioral Neuroscience (Q2); Neuropsychology and Physiological Psychology (Q2)";"Agricultural and Biological Sciences; Neuroscience; Psychology"
507;21101142419;"International Journal of Applied Positive Psychology";journal;"23645040, 23645059";"Springer Nature";No;No;0,769;Q2;20;72;140;4830;485;138;3,54;67,08;52,91;0;Netherlands;Western Europe;"Springer Nature";"2016, 2018-2026";"Social Sciences (miscellaneous) (Q1); Applied Psychology (Q2)";"Psychology; Social Sciences"
508;21100228016;"Ecopsychology";journal;"19429347";"Mary Ann Liebert Inc.";No;No;0,767;Q2;39;43;92;2747;292;91;2,83;63,88;64,46;0;United States;Northern America;"Mary Ann Liebert Inc.";"2009-2026";"Applied Psychology (Q2); Social Psychology (Q2)";"Psychology"
509;24482;"Children and Youth Services Review";journal;"01907409";"Elsevier Ltd";No;No;0,765;Q2;131;519;1409;33703;3886;1387;2,50;64,94;66,99;7;United Kingdom;Western Europe;"Elsevier Ltd";"1979-2026";"Education (Q1); Sociology and Political Science (Q1); Developmental and Educational Psychology (Q2); Social Work (Q2)";"Psychology; Social Sciences"
510;15451;"Journal of Counseling and Development";journal;"15566676, 07489633";"Wiley-Blackwell";No;No;0,762;Q2;99;40;119;2474;372;118;2,68;61,85;59,54;0;United States;Northern America;"Wiley-Blackwell";"1984-2026";"Applied Psychology (Q2)";"Psychology"
511;6500153248;"Victims and Offenders";journal;"15564886, 15564991";"Routledge";No;No;0,758;Q2;47;110;226;7913;660;221;2,46;71,94;64,08;2;United Kingdom;Western Europe;"Routledge";"2006-2026";"Law (Q1); Applied Psychology (Q2); Health (social science) (Q2); Pathology and Forensic Medicine (Q2)";"Medicine; Psychology; Social Sciences"
512;19700190346;"Consumption Markets and Culture";journal;"10253866, 1477223X";"Routledge";No;No;0,756;Q2;47;38;98;2626;278;93;2,25;69,11;43,33;0;United States;Northern America;"Routledge";"2003, 2007, 2010-2026";"Anthropology (Q1); Economics and Econometrics (Q2); Marketing (Q2); Social Psychology (Q2)";"Business, Management and Accounting; Economics, Econometrics and Finance; Psychology; Social Sciences"
513;21100818942;"Journal of Psychologists and Counsellors in Schools";journal;"20556365, 20556373";"SAGE Publications Ltd";No;No;0,753;Q2;34;11;86;569;198;74;2,31;51,73;73,08;0;United Kingdom;Western Europe;"SAGE Publications Ltd";"2015-2025";"Education (Q1); Developmental and Educational Psychology (Q2); Social Psychology (Q2)";"Psychology; Social Sciences"
514;13339;"Professional Psychology: Research and Practice";journal;"19391323, 07357028";"American Psychological Association";No;No;0,753;Q2;110;54;175;2529;430;173;2,07;46,83;66,15;0;United States;Northern America;"American Psychological Association";"1969-2025";"Psychology (miscellaneous) (Q2)";"Psychology"
515;30065;"Journal of Psychopathology and Behavioral Assessment";journal;"08822689, 15733505";"Springer";No;No;0,752;Q2;92;83;268;4990;567;268;2,12;60,12;60,92;0;United States;Northern America;"Springer";"1985-2026";"Clinical Psychology (Q2)";"Psychology"
516;21101113246;"Journal of Technology in Behavioral Science";journal;"23665963";"Springer";No;No;0,751;Q2;28;161;192;9013;566;185;2,60;55,98;56,36;1;United States;Northern America;"Springer";"2016-2026";"Applied Psychology (Q2); Computer Science Applications (Q2); Health (social science) (Q2); Human-Computer Interaction (Q2)";"Computer Science; Psychology; Social Sciences"
517;21101363390;"Journal of the European Second Language Association";journal;"23999101";"White Rose University Press";Yes;No;0,751;Q2;6;16;23;870;53;23;1,74;54,38;71,43;0;United Kingdom;Western Europe;"White Rose University Press";"2021-2026";"Education (Q1); Linguistics and Language (Q1); Developmental and Educational Psychology (Q2)";"Psychology; Social Sciences"
518;29450;"Applied Measurement in Education";journal;"15324818, 08957347";"Routledge";No;No;0,746;Q2;57;15;65;737;159;65;2,53;49,13;42,22;1;United States;Northern America;"Routledge";"1988-2026";"Education (Q1); Developmental and Educational Psychology (Q2)";"Psychology; Social Sciences"
519;12111;"Behavioral Medicine";journal;"19404026, 08964289";"Routledge";No;No;0,743;Q2;62;46;107;2411;289;106;2,36;52,41;62,37;0;United States;Northern America;"Routledge";"1988-2026";"Applied Psychology (Q2); Psychiatry and Mental Health (Q2)";"Medicine; Psychology"
520;13545;"Eating Behaviors";journal;"18737358, 14710153";"Elsevier Ltd";No;No;0,740;Q2;95;89;250;4386;750;248;2,86;49,28;70,47;0;United Kingdom;Western Europe;"Elsevier Ltd";"2000-2026";"Clinical Psychology (Q2); Psychiatry and Mental Health (Q2)";"Medicine; Psychology"
521;21100812569;"Journal of Social and Political Psychology";journal;"21953325";"PsychOpen";Yes;Yes;0,740;Q2;43;22;105;1343;233;102;2,02;61,05;48,78;0;Germany;Western Europe;"PsychOpen";"2013-2025";"Sociology and Political Science (Q1); Applied Psychology (Q2); Social Psychology (Q2)";"Psychology; Social Sciences"
522;19560;"Stress";journal;"16078888, 10253890";"Taylor and Francis Ltd.";Yes;No;0,740;Q2;101;30;113;1610;337;109;3,14;53,67;54,23;0;United Kingdom;Western Europe;"Taylor and Francis Ltd.";"1996-2026";"Neuropsychology and Physiological Psychology (Q2); Physiology (Q2); Psychiatry and Mental Health (Q2); Behavioral Neuroscience (Q3); Endocrine and Autonomic Systems (Q3)";"Biochemistry, Genetics and Molecular Biology; Medicine; Neuroscience; Psychology"
523;21100903415;"Journal of Professional Capital and Community";journal;"20569548, 20569556";"Emerald Group Publishing Ltd.";No;No;0,739;Q2;31;52;73;2857;259;71;2,68;54,94;53,08;0;United Kingdom;Western Europe;"Emerald Group Publishing Ltd.";"2016-2026";"Communication (Q1); Education (Q1); Social Psychology (Q2)";"Psychology; Social Sciences"
524;20321;"International Journal of Offender Therapy and Comparative Criminology";journal;"0306624X, 15526933";"SAGE Publications Inc.";No;No;0,737;Q2;78;167;288;9577;737;283;2,26;57,35;58,57;0;United States;Northern America;"SAGE Publications Inc.";"1966-2026";"Arts and Humanities (miscellaneous) (Q1); Applied Psychology (Q2); Pathology and Forensic Medicine (Q2)";"Arts and Humanities; Medicine; Psychology"
525;12041;"Applied Psychophysiology Biofeedback";journal;"15733270, 10900586";"Springer";No;No;0,734;Q2;81;90;117;5275;399;113;3,12;58,61;48,41;0;United States;Northern America;"Springer";"1997-2026";"Applied Psychology (Q2); Neuropsychology and Physiological Psychology (Q2)";"Psychology"
526;21100217612;"Industrial and Organizational Psychology";journal;"17549426, 17549434";"Cambridge University Press";No;No;0,734;Q2;57;80;268;2407;427;74;1,69;30,09;50,60;0;United Kingdom;Western Europe;"Cambridge University Press";"2008-2026";"Applied Psychology (Q2); Social Psychology (Q2)";"Psychology"
527;18011;"Neuropsychological Rehabilitation";journal;"14640694, 09602011";"Taylor and Francis Ltd.";No;No;0,733;Q2;92;127;249;8447;742;244;2,32;66,51;62,76;3;United Kingdom;Western Europe;"Taylor and Francis Ltd.";"1991-2026";"Arts and Humanities (miscellaneous) (Q1); Rehabilitation (Q1); Applied Psychology (Q2); Neuropsychology and Physiological Psychology (Q2); Psychology (miscellaneous) (Q2)";"Arts and Humanities; Medicine; Psychology"
528;5700177956;"Journal of Family Communication";journal;"15327698, 15267431";"Routledge";No;No;0,730;Q2;38;24;69;1392;179;66;2,23;58,00;83,64;0;United States;Northern America;"Routledge";"2009-2026";"Communication (Q1); Social Psychology (Q2)";"Psychology; Social Sciences"
529;14000155911;"International Gambling Studies";journal;"14794276, 14459795";"Routledge";No;No;0,729;Q2;47;37;89;1819;237;85;2,81;49,16;35,24;1;United Kingdom;Western Europe;"Routledge";"2010-2026";"Applied Psychology (Q2)";"Psychology"
530;19900193855;"Revista de Psicologia del Trabajo y de las Organizaciones";journal;"15765962, 21740534";"Colegio Oficial de Psicologos de Madrid";Yes;Yes;0,729;Q2;36;10;50;490;188;50;3,21;49,00;57,14;1;Spain;Western Europe;"Colegio Oficial de Psicologos de Madrid";"2011-2025";"Organizational Behavior and Human Resource Management (Q2); Social Psychology (Q2)";"Business, Management and Accounting; Psychology"
531;12055;"Asian Journal of Social Psychology";journal;"1467839X, 13672223";"Wiley-Blackwell Publishing Ltd";No;No;0,728;Q2;66;86;168;5982;376;166;1,86;69,56;48,55;0;United Kingdom;Western Europe;"Wiley-Blackwell Publishing Ltd";"1998-2026";"Social Sciences (miscellaneous) (Q1); Social Psychology (Q2)";"Psychology; Social Sciences"
532;30070;"Journal of Rational - Emotive and Cognitive - Behavior Therapy";journal;"08949085, 15736563";"Springer";No;No;0,728;Q2;50;68;162;4146;429;162;2,77;60,97;57,29;1;United States;Northern America;"Springer";"1983-2026";"Clinical Psychology (Q2); Experimental and Cognitive Psychology (Q2)";"Psychology"
533;14539;"Developmental Psychobiology";journal;"00121630, 10982302";"John Wiley &amp; Sons Inc.";No;No;0,727;Q2;112;90;313;6879;673;303;2,06;76,43;70,11;0;United States;Northern America;"John Wiley &amp; Sons Inc.";"1968-2026";"Developmental and Educational Psychology (Q2); Behavioral Neuroscience (Q3); Developmental Biology (Q3); Developmental Neuroscience (Q3)";"Biochemistry, Genetics and Molecular Biology; Neuroscience; Psychology"
534;30072;"Journal of Reproductive and Infant Psychology";journal;"1469672X, 02646838";"Routledge";No;No;0,726;Q2;64;147;190;7369;491;174;2,40;50,13;76,14;2;United Kingdom;Western Europe;"Routledge";"1983-2026";"Pediatrics, Perinatology and Child Health (Q1); Obstetrics and Gynecology (Q2); Psychology (miscellaneous) (Q2); Reproductive Medicine (Q2)";"Medicine; Psychology"
535;12024;"Applied Cognitive Psychology";journal;"10990720, 08884080";"John Wiley and Sons Ltd";No;No;0,725;Q2;130;138;353;8347;806;345;2,05;60,49;55,65;0;United Kingdom;Western Europe;"John Wiley and Sons Ltd";"1987-2026";"Arts and Humanities (miscellaneous) (Q1); Developmental and Educational Psychology (Q2); Experimental and Cognitive Psychology (Q2)";"Arts and Humanities; Psychology"
536;17700156742;"Journal of Media Psychology";journal;"18641105, 21512388";"Hogrefe Publishing";No;No;0,725;Q2;47;58;116;2858;276;110;2,46;49,28;48,30;1;Germany;Western Europe;"Hogrefe Publishing";"2008-2026";"Communication (Q1); Applied Psychology (Q2); Social Psychology (Q2)";"Psychology; Social Sciences"
537;145172;"Behavioral Sleep Medicine";journal;"15402010, 15402002";"Routledge";No;No;0,723;Q2;74;66;181;3411;485;180;2,34;51,68;57,37;0;United States;Northern America;"Routledge";"2003-2026";"Medicine (miscellaneous) (Q2); Neurology (clinical) (Q2); Psychology (miscellaneous) (Q2); Neuroscience (miscellaneous) (Q3)";"Medicine; Neuroscience; Psychology"
538;15373;"Journal of Aggression, Maltreatment and Trauma";journal;"10926771, 1545083X";"Routledge";No;No;0,723;Q2;67;106;268;5723;670;264;2,05;53,99;65,91;1;United States;Northern America;"Routledge";"1997-1998, 2000-2026";"Health Professions (miscellaneous) (Q1); Law (Q1); Applied Psychology (Q2); Clinical Psychology (Q2); Psychiatry and Mental Health (Q2); Social Psychology (Q2)";"Health Professions; Medicine; Psychology; Social Sciences"
539;12693;"Military Psychology";journal;"15327876, 08995605";"Taylor and Francis Ltd.";No;No;0,723;Q2;56;102;187;4955;451;179;1,90;48,58;52,05;2;United Kingdom;Western Europe;"Taylor and Francis Ltd.";"1990, 1996-2026";"Social Sciences (miscellaneous) (Q1); Experimental and Cognitive Psychology (Q2); Psychology (miscellaneous) (Q2)";"Psychology; Social Sciences"
540;21101107951;"Comprehensive Psychoneuroendocrinology";journal;"26664976";"Elsevier Ltd";Yes;No;0,720;Q2;19;46;150;2377;387;140;2,48;51,67;54,51;0;United Kingdom;Western Europe;"Elsevier Ltd";"2020-2026";"Neurology (clinical) (Q2); Psychiatry and Mental Health (Q2); Psychology (miscellaneous) (Q2); Biological Psychiatry (Q3); Endocrine and Autonomic Systems (Q3); Endocrinology, Diabetes and Metabolism (Q3); Immunology (Q3)";"Immunology and Microbiology; Medicine; Neuroscience; Psychology"
541;12042;"Legal and Criminological Psychology";journal;"13553259, 20448333";"Wiley-Blackwell";No;No;0,720;Q2;70;62;55;2681;158;43;1,71;43,24;63,08;0;United States;Northern America;"Wiley-Blackwell";"1996-2026";"Applied Psychology (Q2); Pathology and Forensic Medicine (Q2)";"Medicine; Psychology"
542;21101182141;"SLEEP Advances";journal;"26325012";"Oxford University Press";Yes;No;0,720;Q2;16;91;189;5106;475;183;1,88;56,11;54,99;0;United Kingdom;Western Europe;"Oxford University Press";"2020-2026";"Clinical Psychology (Q2); Neurology (clinical) (Q2); Neuropsychology and Physiological Psychology (Q2); Physiology (medical) (Q2); Behavioral Neuroscience (Q3)";"Medicine; Neuroscience; Psychology"
543;12886;"Cognitive Systems Research";journal;"13890417, 22144366";"Elsevier B.V.";No;No;0,719;Q2;76;68;197;3902;779;194;3,99;57,38;34,36;0;Netherlands;Western Europe;"Elsevier B.V.";"1999-2026";"Artificial Intelligence (Q2); Cognitive Neuroscience (Q2); Experimental and Cognitive Psychology (Q2); Software (Q2)";"Computer Science; Neuroscience; Psychology"
544;20500195402;"Psychology Learning and Teaching";journal;"14757257";"SAGE Publications Inc.";No;No;0,719;Q2;26;19;73;693;177;64;1,57;36,47;61,82;1;United Kingdom;Western Europe;"SAGE Publications Inc.";"2011-2026";"Education (Q1); Psychology (miscellaneous) (Q2)";"Psychology; Social Sciences"
545;15411;"Journal of Clinical Psychology in Medical Settings";journal;"10689583, 15733572";"Springer";No;No;0,717;Q2;63;91;240;3933;621;238;2,32;43,22;71,43;0;United States;Northern America;"Springer";"1994-2026";"Clinical Psychology (Q2)";"Psychology"
546;12001;"Journal of the Experimental Analysis of Behavior";journal;"00225002, 19383711";"Wiley-Blackwell";No;No;0,717;Q2;76;81;198;4313;394;193;2,05;53,25;39,52;0;United States;Northern America;"Wiley-Blackwell";"1958-2026";"Experimental and Cognitive Psychology (Q2); Behavioral Neuroscience (Q3)";"Neuroscience; Psychology"
547;15367;"Journal for the Theory of Social Behaviour";journal;"14685914, 00218308";"Wiley-Blackwell Publishing Ltd";No;No;0,714;Q2;70;29;109;1910;314;105;2,55;65,86;11,76;1;United Kingdom;Western Europe;"Wiley-Blackwell Publishing Ltd";"1971-2026";"Philosophy (Q1); Psychology (miscellaneous) (Q2); Social Psychology (Q2)";"Arts and Humanities; Psychology"
548;58705;"Psychology, Health and Medicine";journal;"13548506, 14653966";"Routledge";No;No;0,714;Q2;88;319;637;17000;1703;635;2,43;53,29;57,42;1;United Kingdom;Western Europe;"Routledge";"1996-2026";"Applied Psychology (Q2); Clinical Psychology (Q2); Psychiatry and Mental Health (Q2)";"Medicine; Psychology"
549;18000156703;"Counselling and Psychotherapy Research";journal;"14733145, 17461405";"Wiley-Blackwell";No;No;0,712;Q2;47;186;348;9655;774;347;2,04;51,91;63,20;0;United States;Northern America;"Wiley-Blackwell";"2001-2026";"Applied Psychology (Q2); Clinical Psychology (Q2); Psychiatry and Mental Health (Q2)";"Medicine; Psychology"
550;144907;"Peabody Journal of Education";journal;"0161956X, 15327930";"Routledge";No;No;0,711;Q2;59;38;126;1827;255;105;1,83;48,08;61,54;0;United Kingdom;Western Europe;"Routledge";"1923-1991, 1993-2026";"Education (Q1); Developmental and Educational Psychology (Q2)";"Psychology; Social Sciences"
551;12833;"Journal of Psychoeducational Assessment";journal;"15575144, 07342829";"SAGE Publications Inc.";No;No;0,709;Q2;67;68;193;3368;520;193;1,92;49,53;43,51;0;United States;Northern America;"SAGE Publications Inc.";"1983-2026";"Education (Q1); Clinical Psychology (Q2); Psychology (miscellaneous) (Q2)";"Psychology; Social Sciences"
552;17900156720;"European Early Childhood Education Research Journal";journal;"1350293X, 17521807";"Taylor and Francis Ltd.";No;No;0,708;Q2;54;121;202;6253;564;184;2,25;51,68;78,20;0;United Kingdom;Western Europe;"Taylor and Francis Ltd.";"1993-1995, 1999, 2002-2003, 2007-2026";"Education (Q1); Developmental and Educational Psychology (Q2)";"Psychology; Social Sciences"
553;5000155903;"Psicologia: Reflexao e Critica";journal;"01027972, 16787153";"Springer International Publishing AG";Yes;Yes;0,707;Q2;35;37;120;2068;349;119;2,52;55,89;44,52;0;Switzerland;Western Europe;"Springer International Publishing AG";"2006-2026";"Psychology (miscellaneous) (Q2)";"Psychology"
554;14183;"Aphasiology";journal;"14645041, 02687038";"Routledge";No;No;0,706;Q2;88;172;247;11318;716;244;2,87;65,80;70,46;0;United Kingdom;Western Europe;"Routledge";"1987-2026";"Linguistics and Language (Q1); LPN and LVN (Q1); Otorhinolaryngology (Q1); Developmental and Educational Psychology (Q2); Neurology (clinical) (Q2); Neurology (Q3)";"Medicine; Neuroscience; Nursing; Psychology; Social Sciences"
555;15428;"Journal of Communication Disorders";journal;"00219924, 18737994";"Elsevier Inc.";No;No;0,706;Q2;84;76;166;5018;449;163;2,21;66,03;71,16;0;United States;Northern America;"Elsevier Inc.";"1967-2026";"Linguistics and Language (Q1); LPN and LVN (Q1); Cognitive Neuroscience (Q2); Experimental and Cognitive Psychology (Q2); Speech and Hearing (Q2)";"Health Professions; Neuroscience; Nursing; Psychology; Social Sciences"
556;18923;"Journal of Genetic Psychology";journal;"19400896, 00221325";"Routledge";No;No;0,706;Q2;68;73;112;4860;268;106;2,07;66,58;58,11;0;United States;Northern America;"Routledge";"1946-1949, 1951, 1954-2026";"Clinical Psychology (Q2); Developmental and Educational Psychology (Q2); Life-span and Life-course Studies (Q2)";"Psychology; Social Sciences"
557;19700170190;"Journal of Men's Studies";journal;"10608265, 19330251";"SAGE Publications Inc.";No;No;0,706;Q2;27;39;75;2550;227;73;2,37;65,38;49,44;1;United Kingdom;Western Europe;"SAGE Publications Inc.";"2008, 2012-2026";"Cultural Studies (Q1); Gender Studies (Q1); Social Psychology (Q2)";"Psychology; Social Sciences"
558;5300152209;"Psychological Services";journal;"15411559, 1939148X";"American Psychological Association";No;No;0,704;Q2;66;72;374;3401;773;373;1,72;47,24;66,97;0;United States;Northern America;"American Psychological Association";"2004-2026";"Applied Psychology (Q2); Clinical Psychology (Q2)";"Psychology"
559;12738;"Child Neuropsychology";journal;"17444136, 09297049";"Routledge";No;No;0,703;Q2;91;75;184;5093;465;183;2,37;67,91;69,92;0;United Kingdom;Western Europe;"Routledge";"1986, 1995-2026";"Developmental and Educational Psychology (Q2); Neuropsychology and Physiological Psychology (Q2); Pediatrics, Perinatology and Child Health (Q2)";"Medicine; Psychology"
560;15372;"Journal of Adult Development";journal;"10680667, 15733440";"Springer New York";No;No;0,703;Q2;59;59;90;3612;236;89;2,70;61,22;63,37;1;United States;Northern America;"Springer New York";"1994-2026";"Developmental and Educational Psychology (Q2); Experimental and Cognitive Psychology (Q2); Life-span and Life-course Studies (Q2)";"Psychology; Social Sciences"
561;25319;"Journal of Psychoactive Drugs";journal;"02791072, 21599777";"Taylor and Francis Ltd.";No;No;0,700;Q2;80;139;201;6920;624;201;3,10;49,78;45,75;1;United Kingdom;Western Europe;"Taylor and Francis Ltd.";"1967-1972, 1974-2026";"Medicine (miscellaneous) (Q2); Psychology (miscellaneous) (Q2)";"Medicine; Psychology"
562;4500151527;"Psychology of Learning and Motivation - Advances in Research and Theory";book series;"00797421";"Academic Press Inc.";Yes;No;0,700;Q2;71;17;42;2081;84;6;1,54;122,41;100,00;0;United States;Northern America;"Academic Press Inc.";"1967-1968, 1970, 1972-1986, 1988-1998, 2000, 2002-2004, 2006-2025";"Developmental and Educational Psychology (Q2); Social Psychology (Q2)";"Psychology"
563;21101100209;"Social Psychological Bulletin";journal;"2569653X, 18961800";"PsychOpen";Yes;Yes;0,698;Q2;18;17;47;1092;99;44;2,15;64,24;64,58;0;Germany;Western Europe;"PsychOpen";"2018-2026";"Applied Psychology (Q2); Social Psychology (Q2)";"Psychology"
564;17900156741;"European Journal of Developmental Psychology";journal;"17405610, 17405629";"Taylor and Francis Ltd.";No;No;0,696;Q2;55;62;161;3174;373;154;2,45;51,19;70,21;1;United Kingdom;Western Europe;"Taylor and Francis Ltd.";"2006-2007, 2009-2026";"Developmental and Educational Psychology (Q2); Social Psychology (Q2)";"Psychology"
565;21101041510;"Journal of Behavioral and Cognitive Therapy";journal;"25899791, 26663473";"Elsevier Masson s.r.l.";No;No;0,693;Q2;17;26;75;1126;161;73;2,35;43,31;53,60;0;France;Western Europe;"Elsevier Masson s.r.l.";"2020-2026";"Clinical Psychology (Q2); Neuropsychology and Physiological Psychology (Q2); Psychiatry and Mental Health (Q2)";"Medicine; Psychology"
566;21100223527;"Journal of Clinical Sport Psychology";journal;"19329261, 1932927X";"Human Kinetics Publishers Inc.";No;No;0,693;Q2;45;26;84;1434;188;79;1,77;55,15;45,83;0;United States;Northern America;"Human Kinetics Publishers Inc.";"2007-2025";"Applied Psychology (Q2)";"Psychology"
567;21100378341;"Psicologia Educativa";journal;"1135755X, 21740526";"Colegio Oficial de Psicologos de Madrid";Yes;Yes;0,693;Q2;26;18;56;1084;138;56;2,42;60,22;59,72;0;Spain;Western Europe;"Colegio Oficial de Psicologos de Madrid";"2013-2026";"Developmental and Educational Psychology (Q2); Social Psychology (Q2)";"Psychology"
568;25493;"Cross-Cultural Research";journal;"15523578, 10693971";"SAGE Publications Inc.";No;No;0,688;Q2;56;22;57;1629;154;57;1,98;74,05;34,29;0;United States;Northern America;"SAGE Publications Inc.";"1966-1984, 1986-2026";"Anthropology (Q1); Arts and Humanities (miscellaneous) (Q1); Psychology (miscellaneous) (Q2)";"Arts and Humanities; Psychology; Social Sciences"
569;12084;"Australian Psychologist";journal;"00050067, 17429544";"Routledge";No;No;0,684;Q2;65;58;126;3073;300;118;2,18;52,98;60,44;1;United States;Northern America;"Routledge";"1966-2026";"Arts and Humanities (miscellaneous) (Q1); Psychology (miscellaneous) (Q2)";"Arts and Humanities; Psychology"
570;14293;"Deviant Behavior";journal;"15210456, 01639625";"Taylor and Francis Ltd.";No;No;0,684;Q2;74;288;298;20213;833;298;2,64;70,18;46,46;2;United Kingdom;Western Europe;"Taylor and Francis Ltd.";"1979-2026";"Law (Q1); Sociology and Political Science (Q1); Clinical Psychology (Q2); Social Psychology (Q2)";"Psychology; Social Sciences"
571;5700153985;"Exceptionality";journal;"09362835, 15327035";"Routledge";No;No;0,683;Q2;31;28;72;1770;186;71;2,51;63,21;64,21;0;United States;Northern America;"Routledge";"1990-1994, 2010-2026";"Developmental and Educational Psychology (Q2); Education (Q2)";"Psychology; Social Sciences"
572;21100943507;"Acta Psychologica Sinica";journal;"0439755X";"Science Press";No;No;0,682;Q2;22;140;380;9931;813;377;2,13;70,94;47,18;0;China;Asiatic Region;"Science Press";"2001-2003, 2009, 2013, 2019-2025";"Psychology (miscellaneous) (Q2)";"Psychology"
573;21101089656;"Translational Issues in Psychological Science";journal;"23322136, 23322179";"American Psychological Association";No;No;0,680;Q2;21;34;133;1495;305;128;1,78;43,97;71,55;0;United States;Northern America;"American Psychological Association";"2015, 2019-2025";"Applied Psychology (Q2); Psychology (miscellaneous) (Q2)";"Psychology"
574;16907;"Research on Social Work Practice";journal;"10497315, 15527581";"SAGE Publications Inc.";No;No;0,679;Q2;82;166;225;8585;623;206;2,44;51,72;56,63;2;United States;Northern America;"SAGE Publications Inc.";"1991-2026";"Social Sciences (miscellaneous) (Q1); Sociology and Political Science (Q1); Psychology (miscellaneous) (Q2); Social Work (Q2)";"Psychology; Social Sciences"
575;21101071252;"Advances in Motivation Science";book series;"22150927, 22150919";"Elsevier Ltd";No;No;0,678;Q2;29;6;18;832;111;5;3,83;138,67;31,58;0;United Kingdom;Western Europe;"Elsevier Ltd";"2014-2025";"Psychology (miscellaneous) (Q2)";"Psychology"
576;21101093327;"Asian Journal of Sport and Exercise Psychology";journal;"26672391";"KeAi Communications Co.";Yes;Yes;0,676;Q2;13;14;77;646;216;69;2,53;46,14;16,67;0;China;Asiatic Region;"KeAi Communications Co.";"2021-2025";"Social Sciences (miscellaneous) (Q1); Applied Psychology (Q2); Cognitive Neuroscience (Q2)";"Neuroscience; Psychology; Social Sciences"
577;5800207918;"International Journal of Listening";journal;"10904018, 1932586X";"Taylor and Francis Ltd.";No;No;0,676;Q2;36;19;53;1004;137;51;2,29;52,84;58,62;0;United Kingdom;Western Europe;"Taylor and Francis Ltd.";"1995-2026";"Communication (Q1); Linguistics and Language (Q1); Applied Psychology (Q2)";"Psychology; Social Sciences"
578;21101024236;"Journal of Theoretical Social Psychology";journal;"24750387";"John Wiley and Sons Inc";No;No;0,675;Q2;20;10;12;665;27;12;1,11;66,50;41,18;0;United States;Northern America;"John Wiley and Sons Inc";"2017-2025";"Social Psychology (Q2)";"Psychology"
579;22340;"Research on Language and Social Interaction";journal;"08351813, 15327973";"Routledge";No;No;0,675;Q2;82;22;55;1180;134;54;2,84;53,64;59,26;0;United States;Northern America;"Routledge";"1987-1991, 1993-2025";"Communication (Q1); Linguistics and Language (Q1); Social Psychology (Q2)";"Psychology; Social Sciences"
580;21101024227;"European Journal of Trauma and Dissociation";journal;"24687499";"Elsevier Masson s.r.l.";No;No;0,674;Q2;15;118;205;6728;483;189;2,10;57,02;53,83;1;France;Western Europe;"Elsevier Masson s.r.l.";"2017-2026";"Clinical Psychology (Q2); Psychiatry and Mental Health (Q2)";"Medicine; Psychology"
581;14315;"Journal of Developmental and Physical Disabilities";journal;"1056263X, 15733580";"Springer New York";No;No;0,674;Q2;58;82;159;4098;470;159;2,64;49,98;68,29;1;United States;Northern America;"Springer New York";"1991-2026";"Developmental and Educational Psychology (Q2); Physical Therapy, Sports Therapy and Rehabilitation (Q2)";"Health Professions; Psychology"
582;17500155125;"Emotion, Space and Society";journal;"17554586, 18780040";"Elsevier B.V.";No;No;0,673;Q2;58;46;97;2561;292;92;2,73;55,67;63,20;0;Netherlands;Western Europe;"Elsevier B.V.";"2008-2026";"Geography, Planning and Development (Q1); Experimental and Cognitive Psychology (Q2); Social Psychology (Q2)";"Psychology; Social Sciences"
583;22603;"Journal of Early Intervention";journal;"21543992, 10538151";"SAGE Publications Inc.";No;No;0,671;Q2;56;25;78;1189;208;76;2,53;47,56;73,74;1;United States;Northern America;"SAGE Publications Inc.";"1981-2026";"Developmental and Educational Psychology (Q2); Pediatrics, Perinatology and Child Health (Q2); Psychiatry and Mental Health (Q2)";"Medicine; Psychology"
584;21101019704;"Evolutionary Human Sciences";journal;"2513843X";"Cambridge University Press";Yes;No;0,670;Q2;23;44;137;3168;296;133;2,06;72,00;41,71;0;United States;Northern America;"Cambridge University Press";"2019-2026";"Anthropology (Q1); Cultural Studies (Q1); Applied Psychology (Q2); Ecology, Evolution, Behavior and Systematics (Q2)";"Agricultural and Biological Sciences; Psychology; Social Sciences"
585;14027;"Psychology, Crime and Law";journal;"14772744, 1068316X";"Routledge";No;No;0,668;Q2;75;162;194;11866;471;193;2,24;73,25;57,74;0;United Kingdom;Western Europe;"Routledge";"1994-2026";"Law (Q1); Pathology and Forensic Medicine (Q2); Psychology (miscellaneous) (Q2)";"Medicine; Psychology; Social Sciences"
586;21101298343;"Frontiers in Cognition";journal;"28134532";"Frontiers Media SA";Yes;No;0,666;Q2;7;41;102;2865;289;93;2,93;69,88;54,96;0;Switzerland;Western Europe;"Frontiers Media SA";"2022-2026";"Psychology (miscellaneous) (Q2); Cognitive Neuroscience (Q3); Neuroscience (miscellaneous) (Q3)";"Neuroscience; Psychology"
587;15565;"Journal of Loss and Trauma";journal;"15325024, 15325032";"Routledge";No;No;0,666;Q2;63;98;212;5936;475;157;2,71;60,57;61,75;1;United States;Northern America;"Routledge";"1996-2026";"Social Sciences (miscellaneous) (Q1); Psychiatry and Mental Health (Q2); Social Psychology (Q2)";"Medicine; Psychology; Social Sciences"
588;12821;"Canadian Journal of Experimental Psychology";journal;"18787290, 11961961";"American Psychological Association";No;No;0,665;Q2;72;31;89;1515;126;87;1,28;48,87;47,87;0;United States;Northern America;"American Psychological Association";"1993-2026";"Experimental and Cognitive Psychology (Q2); Medicine (miscellaneous) (Q2)";"Medicine; Psychology"
589;5700184957;"Methodology";journal;"16142241, 16141881";"PsychOpen";Yes;Yes;0,662;Q2;43;15;50;723;155;49;3,09;48,20;27,27;0;Germany;Western Europe;"PsychOpen";"2005-2025";"Social Sciences (miscellaneous) (Q1); Psychology (miscellaneous) (Q2)";"Psychology; Social Sciences"
590;21101077288;"Scholarship of Teaching and Learning in Psychology";journal;"23322101, 2332211X";"American Psychological Association";No;No;0,662;Q2;16;31;182;1100;349;182;1,51;35,48;62,64;0;United States;Northern America;"American Psychological Association";"2015, 2019-2025";"Education (Q2); Psychology (miscellaneous) (Q2)";"Psychology; Social Sciences"
591;21101051829;"Psychology of Popular Media";journal;"26896575, 26896567";"American Psychological Association";No;No;0,658;Q2;37;42;212;2448;546;211;1,96;58,29;59,12;1;United States;Northern America;"American Psychological Association";"2020-2025";"Communication (Q1); Cultural Studies (Q1); Applied Psychology (Q2); Psychology (miscellaneous) (Q2)";"Psychology; Social Sciences"
592;5700164300;"Youth Violence and Juvenile Justice";journal;"15569330, 15412040";"SAGE Publications Inc.";No;No;0,658;Q2;63;10;47;571;89;47;1,68;57,10;39,39;0;United States;Northern America;"SAGE Publications Inc.";"2003-2026";"Law (Q1); Developmental and Educational Psychology (Q2); Health (social science) (Q2)";"Psychology; Social Sciences"
593;22029;"Dyslexia";journal;"10769242, 10990909";"John Wiley and Sons Ltd";No;No;0,657;Q2;68;31;82;2151;225;82;2,43;69,39;67,42;0;United Kingdom;Western Europe;"John Wiley and Sons Ltd";"1996-2026";"Developmental and Educational Psychology (Q2); Education (Q2); Experimental and Cognitive Psychology (Q2); Medicine (miscellaneous) (Q2)";"Medicine; Psychology; Social Sciences"
594;15104;"Journal of Developmental and Behavioral Pediatrics";journal;"0196206X, 15367312";"Lippincott Williams and Wilkins Ltd.";No;No;0,657;Q2;129;100;319;2846;656;301;1,49;28,46;76,25;0;United States;Northern America;"Lippincott Williams and Wilkins Ltd.";"1980-2026";"Developmental and Educational Psychology (Q2); Medicine (miscellaneous) (Q2); Pediatrics, Perinatology and Child Health (Q2); Psychiatry and Mental Health (Q2)";"Medicine; Psychology"
595;24734;"American Journal of Evaluation";journal;"10982140, 15570878";"SAGE Publications Inc.";No;No;0,655;Q2;74;39;120;1752;178;102;1,47;44,92;66,29;0;United States;Northern America;"SAGE Publications Inc.";"1981-2026";"Sociology and Political Science (Q1); Business and International Management (Q2); Education (Q2); Health (social science) (Q2); Social Psychology (Q2); Strategy and Management (Q2)";"Business, Management and Accounting; Psychology; Social Sciences"
596;21100887623;"Comprehensive Results in Social Psychology";journal;"23743611";"Taylor and Francis Ltd.";No;No;0,655;Q2;16;3;10;149;21;10;1,60;49,67;67,11;0;United Kingdom;Western Europe;"Taylor and Francis Ltd.";"2016-2018, 2020-2023, 2025-2026";"Social Psychology (Q2)";"Psychology"
597;12163;"Brain and Cognition";journal;"10902147, 02782626";"Academic Press Inc.";No;No;0,654;Q2;147;64;169;5225;394;164;2,02;81,64;47,12;1;United States;Northern America;"Academic Press Inc.";"1982-2026";"Arts and Humanities (miscellaneous) (Q1); Developmental and Educational Psychology (Q2); Experimental and Cognitive Psychology (Q2); Neuropsychology and Physiological Psychology (Q2); Cognitive Neuroscience (Q3)";"Arts and Humanities; Neuroscience; Psychology"
598;5800207405;"Journal of Early Childhood Research";journal;"1476718X, 17412927";"SAGE Publications Ltd";No;No;0,654;Q2;42;47;119;2287;340;119;2,64;48,66;76,19;0;United Kingdom;Western Europe;"SAGE Publications Ltd";"2003-2026";"Developmental and Educational Psychology (Q2); Education (Q2); Health (social science) (Q2)";"Psychology; Social Sciences"
599;22041;"Emotional and Behavioural Difficulties";journal;"17412692, 13632752";"Routledge";No;No;0,653;Q2;39;35;65;1772;161;56;2,00;50,63;72,16;1;United Kingdom;Western Europe;"Routledge";"1996-2026";"Clinical Psychology (Q2); Developmental and Educational Psychology (Q2); Psychiatry and Mental Health (Q2)";"Medicine; Psychology"
600;6400153136;"BioPsychoSocial Medicine";journal;"17510759";"BioMed Central Ltd";Yes;No;0,651;Q2;48;26;89;1057;220;85;2,23;40,65;41,09;0;United Kingdom;Western Europe;"BioMed Central Ltd";"2007-2026";"Psychiatry and Mental Health (Q2); Psychology (miscellaneous) (Q2); Social Psychology (Q2); Biological Psychiatry (Q3)";"Medicine; Neuroscience; Psychology"
601;17500155120;"Journal of Neuropsychology";journal;"17486653, 17486645";"Wiley-Blackwell";No;No;0,651;Q2;47;60;110;3432;253;108;2,09;57,20;52,79;0;United States;Northern America;"Wiley-Blackwell";"2007-2026";"Neuropsychology and Physiological Psychology (Q2); Behavioral Neuroscience (Q3); Cognitive Neuroscience (Q3)";"Neuroscience; Psychology"
602;14206;"Archives of Clinical Neuropsychology";journal;"08876177, 18735843";"Elsevier B.V.";No;No;0,648;Q2;126;149;322;8640;797;318;2,38;57,99;58,39;3;United Kingdom;Western Europe;"Elsevier B.V.";"1986-2026";"Clinical Psychology (Q2); Medicine (miscellaneous) (Q2); Neuropsychology and Physiological Psychology (Q2); Psychiatry and Mental Health (Q2)";"Medicine; Psychology"
603;21101270277;"Philosophy and the Mind Sciences";journal;"26990369";"Ruhr-University of Bochum";Yes;Yes;0,647;Q2;18;33;79;2139;134;77;1,27;64,82;24,49;0;Germany;Western Europe;"Ruhr-University of Bochum";"2020-2025";"Philosophy (Q1); Psychology (miscellaneous) (Q2); Cognitive Neuroscience (Q3)";"Arts and Humanities; Neuroscience; Psychology"
604;17500155152;"American Journal on Intellectual and Developmental Disabilities";journal;"19447515, 19447558";"American Association on Mental Retardation";No;No;0,646;Q2;101;40;112;1695;256;108;2,17;42,38;76,11;0;United States;Northern America;"American Association on Mental Retardation";"2009-2025";"Arts and Humanities (miscellaneous) (Q1); Developmental and Educational Psychology (Q2); Medicine (miscellaneous) (Q2); Neuropsychology and Physiological Psychology (Q2); Pediatrics, Perinatology and Child Health (Q2); Psychiatry and Mental Health (Q2); Neurology (clinical) (Q3)";"Arts and Humanities; Medicine; Psychology"
605;21101043232;"Journal of Psychedelic Studies";journal;"25599283";"Akademiai Kiado";Yes;Yes;0,646;Q2;19;41;80;2452;267;79;3,26;59,80;35,86;0;Hungary;Eastern Europe;"Akademiai Kiado";"2019-2026";"Anthropology (Q1); Clinical Psychology (Q2); Health (social science) (Q2); Pharmacology (medical) (Q2); Psychiatry and Mental Health (Q2); Social Psychology (Q2); Biological Psychiatry (Q3)";"Medicine; Neuroscience; Psychology; Social Sciences"
606;21100331602;"Annals of Leisure Research";journal;"11745398, 21596816";"Routledge";No;No;0,645;Q2;41;55;120;3713;376;105;3,13;67,51;54,55;2;United States;Northern America;"Routledge";"2008-2026";"Cultural Studies (Q1); Geography, Planning and Development (Q2); Social Psychology (Q2); Tourism, Leisure and Hospitality Management (Q2)";"Business, Management and Accounting; Psychology; Social Sciences"
607;7100153131;"International Journal of Sexual Health";journal;"1931762X, 19317611";"Routledge";No;No;0,645;Q2;54;91;143;5538;376;143;2,64;60,86;58,61;0;United States;Northern America;"Routledge";"2007-2026";"Gender Studies (Q1); Dermatology (Q2); Public Health, Environmental and Occupational Health (Q2); Reproductive Medicine (Q2); Social Psychology (Q2)";"Medicine; Psychology; Social Sciences"
608;12769;"Journal of Behavioral Education";journal;"10530819, 15733513";"Springer New York";No;No;0,641;Q2;48;77;136;4037;283;136;2,15;52,43;59,68;1;United States;Northern America;"Springer New York";"1991-2000, 2002, 2005-2026";"Developmental and Educational Psychology (Q2); Education (Q2)";"Psychology; Social Sciences"
609;30075;"Journal of Sex and Marital Therapy";journal;"0092623X, 15210715";"Routledge";No;No;0,641;Q2;98;68;198;3718;548;187;2,59;54,68;60,55;0;United States;Northern America;"Routledge";"1974-2026";"Clinical Psychology (Q2)";"Psychology"
610;15567;"Journal of Marital and Family Therapy";journal;"17520606, 0194472X";"Wiley-Blackwell";No;No;0,639;Q2;84;111;163;6550;406;162;1,55;59,01;63,71;0;United States;Northern America;"Wiley-Blackwell";"1975-2026";"Social Sciences (miscellaneous) (Q1); Sociology and Political Science (Q1); Clinical Psychology (Q2); Social Psychology (Q2)";"Psychology; Social Sciences"
611;17462;"Neuropsychoanalysis";journal;"15294145, 20443978";"Taylor and Francis Ltd.";No;No;0,639;Q2;32;27;58;693;55;32;1,03;25,67;36,36;0;United Kingdom;Western Europe;"Taylor and Francis Ltd.";"1999-2025";"Neuropsychology and Physiological Psychology (Q2); Neuroscience (miscellaneous) (Q3)";"Neuroscience; Psychology"
612;26941;"Theory and Decision";journal;"15737187, 00405833";"Springer Netherlands";No;No;0,638;Q2;51;102;176;4187;214;174;0,68;41,05;21,43;1;Netherlands;Western Europe;"Springer Netherlands";"1970-2026";"Arts and Humanities (miscellaneous) (Q1); Economics, Econometrics and Finance (miscellaneous) (Q1); Social Sciences (miscellaneous) (Q1); Computer Science Applications (Q2); Decision Sciences (miscellaneous) (Q2); Developmental and Educational Psychology (Q2); Applied Psychology (Q3)";"Arts and Humanities; Computer Science; Decision Sciences; Economics, Econometrics and Finance; Psychology; Social Sciences"
613;13464;"Psychological Record";journal;"00332933, 21633452";"Springer Nature";No;No;0,637;Q2;62;48;152;2127;196;150;1,06;44,31;31,75;0;Switzerland;Western Europe;"Springer Nature";"1961-1964, 1969, 1973-1975, 1979-1981, 1984, 1986-1990, 1992, 1996-2026";"Arts and Humanities (miscellaneous) (Q1); Psychology (miscellaneous) (Q2)";"Arts and Humanities; Psychology"
614;11400153314;"Contemporary Issues in Early Childhood";journal;"14639491";"SAGE Publications Inc.";No;No;0,636;Q2;39;80;126;3557;336;114;2,48;44,46;80,63;4;United Kingdom;Western Europe;"SAGE Publications Inc.";"2008-2026";"Developmental and Educational Psychology (Q2); Education (Q2)";"Psychology; Social Sciences"
615;14095;"Ethics and Behavior";journal;"15327019, 10508422";"Routledge";No;No;0,636;Q2;59;62;126;3580;393;123;2,98;57,74;52,26;1;United States;Northern America;"Routledge";"1991-2026";"Psychology (miscellaneous) (Q2); Social Psychology (Q2)";"Psychology"
616;5800179612;"Social Neuroscience";journal;"17470919, 17470927";"Taylor and Francis Ltd.";No;No;0,636;Q2;90;28;103;1841;197;100;1,55;65,75;54,65;0;United Kingdom;Western Europe;"Taylor and Francis Ltd.";"2006-2026";"Development (Q2); Social Psychology (Q2); Behavioral Neuroscience (Q3)";"Neuroscience; Psychology; Social Sciences"
617;24733;"American Behavioral Scientist";journal;"15523381, 00027642";"SAGE Publications Inc.";No;No;0,635;Q2;149;171;426;8225;971;412;1,98;48,10;48,48;7;United States;Northern America;"SAGE Publications Inc.";"1957-2026";"Cultural Studies (Q1); Social Sciences (miscellaneous) (Q1); Sociology and Political Science (Q1); Education (Q2); Social Psychology (Q2)";"Psychology; Social Sciences"
618;21100887421;"Journal of Counselor Leadership and Advocacy";journal;"23267178";"Taylor and Francis Ltd.";No;No;0,635;Q2;16;21;40;1170;87;38;1,85;55,71;69,23;0;United States;Northern America;"Taylor and Francis Ltd.";"2014-2026";"Clinical Psychology (Q2); Education (Q2); Psychiatry and Mental Health (Q2); Applied Psychology (Q3)";"Medicine; Psychology; Social Sciences"
619;29520;"Animal Cognition";journal;"14359448, 14359456";"Springer Science and Business Media Deutschland GmbH";Yes;No;0,634;Q2;100;89;369;5286;828;359;2,32;59,39;55,66;0;Germany;Western Europe;"Springer Science and Business Media Deutschland GmbH";"1998-2026";"Ecology, Evolution, Behavior and Systematics (Q2); Experimental and Cognitive Psychology (Q2)";"Agricultural and Biological Sciences; Psychology"
620;21101142603;"Social Sciences and Humanities Open";journal;"25902911";"Elsevier Ltd";Yes;No;0,634;Q2;45;1087;953;66247;4140;948;4,34;60,94;44,68;4;United Kingdom;Western Europe;"Elsevier Ltd";"2019-2026";"Social Sciences (miscellaneous) (Q1); Decision Sciences (miscellaneous) (Q2); Psychology (miscellaneous) (Q2)";"Decision Sciences; Psychology; Social Sciences"
621;12737;"Aging, Neuropsychology, and Cognition";journal;"17444128, 13825585";"Taylor and Francis Ltd.";No;No;0,633;Q2;73;52;161;3637;355;159;2,16;69,94;56,87;0;United Kingdom;Western Europe;"Taylor and Francis Ltd.";"1994-2026";"Experimental and Cognitive Psychology (Q2); Neuropsychology and Physiological Psychology (Q2); Psychiatry and Mental Health (Q2); Geriatrics and Gerontology (Q3)";"Medicine; Psychology"
622;12100155619;"Journal of Police and Criminal Psychology";journal;"19366469, 08820783";"Springer Verlag";No;No;0,629;Q3;41;103;244;6056;562;244;1,99;58,80;57,62;4;Germany;Western Europe;"Springer Verlag";"1985-2026";"Law (Q1); Applied Psychology (Q3)";"Psychology; Social Sciences"
623;21100933316;"Journal for Person-Oriented Research";journal;"20030177, 20020244";"Lundh Research Foundation";Yes;Yes;0,627;Q2;10;15;25;530;47;23;1,89;35,33;48,57;0;Sweden;Western Europe;"Lundh Research Foundation";"2019-2025";"Psychology (miscellaneous) (Q2); Applied Psychology (Q3)";"Psychology"
624;12100156320;"Mind, Brain, and Education";journal;"17512271, 1751228X";"Wiley-Blackwell Publishing Ltd";No;No;0,627;Q2;53;33;114;1744;255;102;2,06;52,85;71,21;1;United Kingdom;Western Europe;"Wiley-Blackwell Publishing Ltd";"2008-2026";"Developmental and Educational Psychology (Q2); Education (Q2); Experimental and Cognitive Psychology (Q2); Cognitive Neuroscience (Q3)";"Neuroscience; Psychology; Social Sciences"
625;23083;"Language and Communication";journal;"02715309";"Elsevier Ltd";No;No;0,626;Q2;59;76;158;4652;333;155;2,14;61,21;53,10;0;United Kingdom;Western Europe;"Elsevier Ltd";"1981-2026";"Communication (Q1); Linguistics and Language (Q1); Social Psychology (Q2); Experimental and Cognitive Psychology (Q3)";"Psychology; Social Sciences"
626;145246;"Journal of Workplace Learning";journal;"13665626";"Emerald Group Publishing Ltd.";No;No;0,623;Q2;65;57;162;3484;520;157;2,60;61,12;54,42;0;United Kingdom;Western Europe;"Emerald Group Publishing Ltd.";"1997-2026";"Development (Q2); Organizational Behavior and Human Resource Management (Q2); Social Psychology (Q2)";"Business, Management and Accounting; Psychology; Social Sciences"
627;15508;"Journal of General Psychology";journal;"00221309, 19400888";"Taylor and Francis Ltd.";No;No;0,623;Q3;58;40;77;2676;187;77;1,84;66,90;50,74;0;United Kingdom;Western Europe;"Taylor and Francis Ltd.";"1928-1954, 1956-2026";"Arts and Humanities (miscellaneous) (Q1); Gender Studies (Q1); Experimental and Cognitive Psychology (Q3)";"Arts and Humanities; Psychology; Social Sciences"
628;21100843805;"Mediterranean Journal of Clinical Psychology";journal;"22821619";"University of Messina";Yes;Yes;0,619;Q2;26;29;160;1974;286;152;1,81;68,07;67,46;0;Italy;Western Europe;"University of Messina";"2017-2025";"Clinical Psychology (Q2)";"Psychology"
629;19700166512;"Clinical Psychologist";journal;"13284207, 17429552";"Routledge";No;No;0,617;Q2;33;34;97;1973;181;91;2,02;58,03;66,67;0;United States;Northern America;"Routledge";"1996-2026";"Clinical Psychology (Q2)";"Psychology"
630;21101342306;"Cogent Mental Health";journal;"28324765";"Taylor and Francis Ltd.";Yes;No;0,616;Q2;5;28;26;1788;67;25;2,58;63,86;67,03;0;United Kingdom;Western Europe;"Taylor and Francis Ltd.";"2023-2026";"Clinical Psychology (Q2); Psychiatry and Mental Health (Q2); Psychology (miscellaneous) (Q2)";"Medicine; Psychology"
631;5700165306;"Qualitative Report";journal;"10520147";"Nova Southeastern University";Yes;No;0,616;Q2;68;98;531;4867;1481;530;1,86;49,66;59,19;0;United States;Northern America;"Nova Southeastern University";"2009-2026";"Cultural Studies (Q1); Education (Q2); Social Psychology (Q2)";"Psychology; Social Sciences"
632;5800207890;"Educational Psychology in Practice";journal;"14695839, 02667363";"Routledge";No;No;0,615;Q2;40;31;75;1736;207;75;2,17;56,00;81,94;0;United Kingdom;Western Europe;"Routledge";"1985-2026";"Developmental and Educational Psychology (Q2)";"Psychology"
633;21100235822;"International Journal of Developmental Disabilities";journal;"20473877, 20473869";"Taylor and Francis Ltd.";No;No;0,615;Q2;33;294;459;15151;1213;444;2,16;51,53;62,04;2;United Kingdom;Western Europe;"Taylor and Francis Ltd.";"2012-2026";"Developmental and Educational Psychology (Q2); Psychiatry and Mental Health (Q2)";"Medicine; Psychology"
634;30016;"Journal of Nonverbal Behavior";journal;"01915886, 15733653";"Kluwer Academic/Human Sciences Press Inc.";No;No;0,615;Q2;83;26;81;1727;180;78;2,14;66,42;49,04;0;United States;Northern America;"Kluwer Academic/Human Sciences Press Inc.";"1979-2026";"Social Psychology (Q2)";"Psychology"
635;13164;"British Journal of Guidance and Counselling";journal;"03069885, 14693534";"Routledge";No;No;0,613;Q3;59;85;227;4796;532;216;2,13;56,42;58,37;0;United States;Northern America;"Routledge";"1973-2026";"Education (Q2); Applied Psychology (Q3)";"Psychology; Social Sciences"
636;19700170244;"Language and Cognition";journal;"18669808, 18669859";"Cambridge University Press";Yes;No;0,613;Q3;23;89;158;5685;301;158;1,94;63,88;53,14;0;United Kingdom;Western Europe;"Cambridge University Press";"2009, 2011-2012, 2017-2026";"Linguistics and Language (Q1); Experimental and Cognitive Psychology (Q3)";"Psychology; Social Sciences"
637;4000151904;"Palliative and Supportive Care";journal;"14789523, 14789515";"Cambridge University Press";No;No;0,612;Q2;70;206;639;6705;1319;558;1,87;32,55;65,09;0;United Kingdom;Western Europe;"Cambridge University Press";"2003-2026";"Clinical Psychology (Q2); Medicine (miscellaneous) (Q2); Nursing (miscellaneous) (Q2); Psychiatry and Mental Health (Q2)";"Medicine; Nursing; Psychology"
638;15913;"Zeitschrift fur Entwicklungspsychologie und Padagogische Psychologie";journal;"00498637, 21906262";"Hogrefe Publishing";No;No;0,607;Q2;30;9;50;382;88;44;1,06;42,44;63,64;0;Germany;Western Europe;"Hogrefe Publishing";"1982, 1996-2025";"Developmental and Educational Psychology (Q2); Education (Q2)";"Psychology; Social Sciences"
639;14145;"Experimental Psychology";journal;"21905142, 16183169";"Hogrefe Publishing";No;No;0,604;Q2;69;18;92;931;124;91;1,05;51,72;37,04;0;United States;Northern America;"Hogrefe Publishing";"1998-2026";"Arts and Humanities (miscellaneous) (Q1); Medicine (miscellaneous) (Q2); Psychology (miscellaneous) (Q2); Experimental and Cognitive Psychology (Q3)";"Arts and Humanities; Medicine; Psychology"
640;5200152840;"Intellectual and Developmental Disabilities";journal;"19349491, 19349556";"American Association on Intellectual and Developmental Disabilities";No;No;0,604;Q2;80;41;112;1751;237;109;1,75;42,71;74,24;0;United States;Northern America;"American Association on Intellectual and Developmental Disabilities";"2007-2025";"Community and Home Care (Q2); Developmental and Educational Psychology (Q2); Education (Q2); Pediatrics, Perinatology and Child Health (Q2); Psychiatry and Mental Health (Q2)";"Medicine; Nursing; Psychology; Social Sciences"
641;14112;"Rehabilitation Psychology";journal;"00905550, 19391544";"American Psychological Association";No;No;0,604;Q2;86;61;166;2669;370;165;1,97;43,75;64,00;1;United States;Northern America;"American Psychological Association";"1982-2025";"Clinical Psychology (Q2); Physical Therapy, Sports Therapy and Rehabilitation (Q2); Psychiatry and Mental Health (Q2); Rehabilitation (Q2)";"Health Professions; Medicine; Psychology"
642;21101037131;"Advances in Neurodevelopmental Disorders";journal;"23667532, 23667540";"Springer Science and Business Media Deutschland GmbH";No;No;0,603;Q2;22;73;158;4107;386;150;2,60;56,26;69,44;0;Netherlands;Western Europe;"Springer Science and Business Media Deutschland GmbH";"2017-2026";"Social Sciences (miscellaneous) (Q1); Psychology (miscellaneous) (Q2)";"Psychology; Social Sciences"
643;21101017384;"Current Developmental Disorders Reports";journal;"21962987";"Springer International Publishing";No;No;0,603;Q2;42;12;89;744;245;89;2,58;62,00;74,07;0;Switzerland;Western Europe;"Springer International Publishing";"2014-2026";"Developmental and Educational Psychology (Q2); Psychiatry and Mental Health (Q2); Developmental Neuroscience (Q3)";"Medicine; Neuroscience; Psychology"
644;13418;"Psychoanalytic Dialogues";journal;"19409222, 10481885";"Taylor and Francis Ltd.";No;No;0,603;Q2;62;119;287;1823;183;108;0,54;15,32;69,44;0;United Kingdom;Western Europe;"Taylor and Francis Ltd.";"1991-2025";"Clinical Psychology (Q2)";"Psychology"
645;22496;"Journal of Psycholinguistic Research";journal;"15736555, 00906905";"Springer New York";No;No;0,601;Q2;74;46;269;2264;655;269;2,66;49,22;53,06;0;United States;Northern America;"Springer New York";"1971-2026";"Linguistics and Language (Q1); Psychology (miscellaneous) (Q2); Experimental and Cognitive Psychology (Q3)";"Psychology; Social Sciences"
646;15407;"Visual Cognition";journal;"13506285, 14640716";"Routledge";No;No;0,601;Q3;99;28;172;1358;192;169;0,86;48,50;44,87;0;United Kingdom;Western Europe;"Routledge";"1994-2026";"Arts and Humanities (miscellaneous) (Q1); Cognitive Neuroscience (Q3); Experimental and Cognitive Psychology (Q3)";"Arts and Humanities; Neuroscience; Psychology"
647;21321;"AIDS Care - Psychological and Socio-Medical Aspects of AIDS/HIV";journal;"13600451, 09540121";"Routledge";No;No;0,600;Q2;115;266;684;11767;1157;681;1,57;44,24;59,48;0;United Kingdom;Western Europe;"Routledge";"1989-2026";"Health (social science) (Q2); Public Health, Environmental and Occupational Health (Q2); Social Psychology (Q2)";"Medicine; Psychology; Social Sciences"
648;22108;"International Journal of Disability, Development and Education";journal;"1465346X, 1034912X";"Routledge";No;No;0,600;Q2;55;132;293;6641;775;293;2,61;50,31;59,65;0;United Kingdom;Western Europe;"Routledge";"1989-2026";"Health Professions (miscellaneous) (Q1); Developmental and Educational Psychology (Q2); Education (Q2); Health (social science) (Q2)";"Health Professions; Psychology; Social Sciences"
649;12108;"Behavioral and Brain Sciences";journal;"14691825, 0140525X";"Cambridge University Press";No;No;0,600;Q3;189;222;893;6713;1308;885;1,57;30,24;30,91;0;United Kingdom;Western Europe;"Cambridge University Press";"1978-2025";"Behavioral Neuroscience (Q3); Neuropsychology and Physiological Psychology (Q3); Physiology (Q3)";"Biochemistry, Genetics and Molecular Biology; Neuroscience; Psychology"
650;147229;"Discourse Studies";journal;"14614456, 14617080";"SAGE Publications Ltd";No;No;0,599;Q2;79;73;115;3816;270;114;2,80;52,27;65,45;0;United Kingdom;Western Europe;"SAGE Publications Ltd";"1999-2026";"Anthropology (Q1); Communication (Q1); Linguistics and Language (Q1); Social Psychology (Q2)";"Psychology; Social Sciences"
651;15435;"Journal of Consciousness Studies";journal;"20512201, 13558250";"Imprint Academic";No;No;0,599;Q2;81;64;206;2524;311;183;1,08;39,44;24,62;0;United Kingdom;Western Europe;"Imprint Academic";"1996-2026";"Philosophy (Q1); Artificial Intelligence (Q2); Ecology, Evolution, Behavior and Systematics (Q2); Psychology (miscellaneous) (Q2)";"Agricultural and Biological Sciences; Arts and Humanities; Computer Science; Psychology"
652;21101055964;"Asian Journal of Social Health and Behavior";journal;"27724204";"Wolters Kluwer Medknow Publications";Yes;No;0,598;Q2;22;27;81;903;189;76;2,17;33,44;47,20;1;India;Asiatic Region;"Wolters Kluwer Medknow Publications";"2021-2026";"Health (social science) (Q2); Medicine (miscellaneous) (Q2); Public Health, Environmental and Occupational Health (Q2); Social Psychology (Q2)";"Medicine; Psychology; Social Sciences"
653;14143;"Experimental Aging Research";journal;"10964657, 0361073X";"Taylor and Francis Ltd.";No;No;0,596;Q2;62;55;113;2836;225;113;1,84;51,56;58,69;0;United Kingdom;Western Europe;"Taylor and Francis Ltd.";"1975-2026";"Arts and Humanities (miscellaneous) (Q1); Psychology (miscellaneous) (Q2); Geriatrics and Gerontology (Q3); Aging (Q4)";"Arts and Humanities; Biochemistry, Genetics and Molecular Biology; Medicine; Psychology"
654;145332;"Identity";journal;"15283488, 1532706X";"Routledge";No;No;0,596;Q2;46;51;72;3315;197;70;2,88;65,00;63,24;1;United Kingdom;Western Europe;"Routledge";"2005-2026";"Anthropology (Q1); Psychology (miscellaneous) (Q2); Sociology and Political Science (Q2)";"Psychology; Social Sciences"
655;21101298217;"Frontiers in Social Psychology";journal;"28137876";"Frontiers Media SA";Yes;No;0,595;Q2;6;27;66;1861;118;66;1,79;68,93;53,26;0;Switzerland;Western Europe;"Frontiers Media SA";"2023-2026";"Social Sciences (miscellaneous) (Q1); Social Psychology (Q2)";"Psychology; Social Sciences"
656;21100375851;"Anuario de Psicologia Juridica";journal;"11330740, 21740542";"Colegio Oficial de Psicologos de Madrid";Yes;Yes;0,595;Q3;18;12;42;656;94;42;1,97;54,67;60,42;1;Spain;Western Europe;"Colegio Oficial de Psicologos de Madrid";"2013-2025";"Law (Q1); Pathology and Forensic Medicine (Q2); Applied Psychology (Q3)";"Medicine; Psychology; Social Sciences"
657;10600153338;"Integrative Psychological and Behavioral Science";journal;"19324502, 19363567";"Springer New York";No;No;0,593;Q2;48;91;248;5250;504;248;1,81;57,69;34,09;1;United States;Northern America;"Springer New York";"1969, 1976, 2007-2026";"Anthropology (Q1); Cultural Studies (Q1); Philosophy (Q1); Social Psychology (Q2); Applied Psychology (Q3); Behavioral Neuroscience (Q3); Experimental and Cognitive Psychology (Q3); Neuropsychology and Physiological Psychology (Q3)";"Arts and Humanities; Neuroscience; Psychology; Social Sciences"
658;19200156918;"Anales de Psicologia";journal;"16952294, 02129728";"Universidad de Murcia Servicio de Publicaciones";Yes;No;0,592;Q2;50;34;156;2109;359;156;2,03;62,03;58,82;0;Spain;Western Europe;"Universidad de Murcia Servicio de Publicaciones";"2008-2026";"Psychology (miscellaneous) (Q2)";"Psychology"
659;24470;"Childhood";journal;"09075682, 14617013";"SAGE Publications Ltd";No;No;0,591;Q2;81;50;105;2505;317;94;2,42;50,10;72,73;0;United Kingdom;Western Europe;"SAGE Publications Ltd";"1993-1994, 1996-2026";"Anthropology (Q1); Cultural Studies (Q1); Developmental and Educational Psychology (Q2); Sociology and Political Science (Q2); Life-span and Life-course Studies (Q3)";"Psychology; Social Sciences"
660;4700152821;"Journal of Research in Childhood Education";journal;"02568543, 21502641";"Routledge";No;No;0,591;Q2;44;113;134;7123;320;131;2,09;63,04;78,41;1;United Kingdom;Western Europe;"Routledge";"1986-2026";"Developmental and Educational Psychology (Q2); Education (Q2)";"Psychology; Social Sciences"
661;21101173090;"International Journal of Community Well-Being";journal;"25245309, 25245295";"Springer Nature";No;No;0,590;Q2;20;48;93;2624;241;86;3,35;54,67;39,55;0;Switzerland;Western Europe;"Springer Nature";"2018-2026";"Social Sciences (miscellaneous) (Q1); Geography, Planning and Development (Q2); Psychology (miscellaneous) (Q2)";"Psychology; Social Sciences"
662;14045;"Psychology, Public Policy, and Law";journal;"10768971, 19391528";"American Psychological Association";No;No;0,589;Q2;84;29;110;2102;272;109;1,84;72,48;73,12;0;United States;Northern America;"American Psychological Association";"1995-2025";"Law (Q1); Social Psychology (Q2); Sociology and Political Science (Q2)";"Psychology; Social Sciences"
663;21100466462;"Revista Iberoamericana de Psicologia y Salud";journal;"21712069, 19899246";"Consejo General de la Psicologia de Espana";Yes;No;0,588;Q2;20;10;30;641;102;30;3,95;64,10;55,88;0;Spain;Western Europe;"Consejo General de la Psicologia de Espana";"2015-2026";"Psychology (miscellaneous) (Q2)";"Psychology"
664;15324;"Theory and Psychology";journal;"14617447, 09593543";"SAGE Publications Ltd";No;No;0,588;Q2;73;45;154;3151;310;147;1,97;70,02;32,00;0;United Kingdom;Western Europe;"SAGE Publications Ltd";"1991-2026";"History and Philosophy of Science (Q1); Psychology (miscellaneous) (Q2)";"Arts and Humanities; Psychology"
665;12798;"Perceptual and Motor Skills";journal;"1558688X, 00315125";"SAGE Publications Inc.";No;No;0,587;Q3;86;140;356;7208;941;355;2,55;51,49;34,83;0;United States;Northern America;"SAGE Publications Inc.";"1960-2026";"Experimental and Cognitive Psychology (Q3); Sensory Systems (Q3)";"Neuroscience; Psychology"
666;130153;"Sleep and Biological Rhythms";journal;"14469235, 14798425";"Springer";No;No;0,587;Q3;44;59;195;1810;364;163;1,68;30,68;41,22;1;Japan;Asiatic Region;"Springer";"2003-2026";"Neurology (Q3); Neuropsychology and Physiological Psychology (Q3); Physiology (Q3); Physiology (medical) (Q3)";"Biochemistry, Genetics and Molecular Biology; Medicine; Neuroscience; Psychology"
667;14246;"Group Dynamics";journal;"10892699, 19307802";"American Psychological Association";No;No;0,582;Q2;83;14;52;683;113;52;1,31;48,79;47,46;1;United States;Northern America;"American Psychological Association";"1997-2025";"Social Psychology (Q2); Applied Psychology (Q3)";"Psychology"
668;15450;"Journal of Contemporary Psychotherapy";journal;"15733564, 00220116";"Springer";No;No;0,582;Q2;48;55;115;2147;237;110;1,87;39,04;55,49;1;United States;Northern America;"Springer";"1968-1982, 1984-2026";"Clinical Psychology (Q2); Psychiatry and Mental Health (Q2)";"Medicine; Psychology"
669;21100829991;"Psychology of Consciousness: Theory Research, and Practice";journal;"23265531, 23265523";"American Psychological Association";No;No;0,582;Q2;29;31;116;2430;225;115;1,68;78,39;43,40;0;United States;Northern America;"American Psychological Association";"2016-2025";"Clinical Psychology (Q2); Social Psychology (Q2); Experimental and Cognitive Psychology (Q3); Neuropsychology and Physiological Psychology (Q3)";"Psychology"
670;20000195020;"Indian Journal of Psychological Medicine";journal;"02537176, 09751564";"SAGE Publications Ltd";Yes;Yes;0,581;Q2;50;245;461;7113;809;291;1,70;29,03;42,75;2;United Kingdom;Western Europe;"SAGE Publications Ltd";"2002-2026";"Clinical Psychology (Q2); Psychiatry and Mental Health (Q2)";"Medicine; Psychology"
671;5800179597;"Training and Education in Professional Psychology";journal;"19313918, 19313926";"American Psychological Association";No;No;0,581;Q2;46;22;134;813;236;133;1,43;36,95;59,56;0;United States;Northern America;"American Psychological Association";"2007-2025";"Education (Q2); Psychology (miscellaneous) (Q2)";"Psychology; Social Sciences"
672;21100378339;"Clinica y Salud";journal;"21740550, 11305274";"Colegio Oficial de la Psicologia de Madrid";Yes;Yes;0,580;Q2;21;16;53;756;106;53;1,83;47,25;59,72;0;Spain;Western Europe;"Colegio Oficial de la Psicologia de Madrid";"2013-2025";"Clinical Psychology (Q2)";"Psychology"
673;21100899439;"European Journal of Behavior Analysis";journal;"2377729X";"Taylor and Francis Ltd.";No;No;0,580;Q2;23;8;35;408;40;34;0,83;51,00;57,14;0;United Kingdom;Western Europe;"Taylor and Francis Ltd.";"2000-2025";"Education (Q2); Psychology (miscellaneous) (Q2)";"Psychology; Social Sciences"
674;21101057933;"Personalized Medicine in Psychiatry";journal;"24681725, 24681717";"Elsevier Inc.";No;No;0,580;Q2;13;26;52;1469;97;50;1,89;56,50;49,21;0;United States;Northern America;"Elsevier Inc.";"2017-2026";"Clinical Psychology (Q2); Psychiatry and Mental Health (Q2); Neurology (clinical) (Q3)";"Medicine; Psychology"
675;21100826927;"Human Technology";journal;"17956889";"Centre of Sociological Research";Yes;Yes;0,577;Q2;23;31;77;1941;349;73;4,78;62,61;46,53;0;Finland;Western Europe;"Centre of Sociological Research";"2016-2025";"Communication (Q2); Social Psychology (Q2); Human-Computer Interaction (Q3)";"Computer Science; Psychology; Social Sciences"
676;19900192026;"Journal of Cognitive Psychology";journal;"20445911, 2044592X";"";No;No;0,577;Q3;78;65;195;4196;327;193;1,66;64,55;55,12;0;United Kingdom;Western Europe;"";"2011-2026";"Experimental and Cognitive Psychology (Q3)";"Psychology"
677;19700190348;"Coaching";journal;"17521890, 17521882";"Routledge";No;No;0,572;Q2;27;11;51;643;156;48;3,31;58,45;71,05;0;United States;Northern America;"Routledge";"2010-2026";"Developmental and Educational Psychology (Q2); Organizational Behavior and Human Resource Management (Q2); Social Psychology (Q2)";"Business, Management and Accounting; Psychology"
678;19700169951;"International Journal of Testing";journal;"15305058, 15327574";"Routledge";No;No;0,571;Q2;31;13;46;666;88;45;1,97;51,23;57,50;1;United Kingdom;Western Europe;"Routledge";"2010-2026";"Education (Q2); Modeling and Simulation (Q2); Social Psychology (Q2)";"Mathematics; Psychology; Social Sciences"
679;12819;"Canadian Journal of Behavioural Science";journal;"0008400X, 18792669";"Canadian Psychological Association";No;No;0,570;Q2;68;34;148;1925;271;148;0,96;56,62;63,20;0;United States;Northern America;"Canadian Psychological Association";"1973-1978, 1981, 1990, 1992-1993, 1996-2025";"Psychology (miscellaneous) (Q2)";"Psychology"
680;21101141431;"Journal for the Measurement of Physical Behaviour";journal;"25756605, 25756613";"Human Kinetics Publishers Inc.";No;No;0,565;Q2;19;25;103;974;176;97;1,21;38,96;37,82;0;United States;Northern America;"Human Kinetics Publishers Inc.";"2019-2026";"Computer Science (miscellaneous) (Q2); Engineering (miscellaneous) (Q2); Psychology (miscellaneous) (Q2); Public Health, Environmental and Occupational Health (Q2); Statistics, Probability and Uncertainty (Q2)";"Computer Science; Decision Sciences; Engineering; Medicine; Psychology"
681;19700190344;"Early Years";journal;"14724421, 09575146";"Routledge";No;No;0,564;Q2;43;123;188;5669;380;185;2,03;46,09;72,56;5;United States;Northern America;"Routledge";"1980-2026";"Developmental and Educational Psychology (Q2); Education (Q2)";"Psychology; Social Sciences"
682;21101062034;"Music and Science";journal;"20592043";"SAGE Publications Ltd";Yes;No;0,564;Q2;21;49;142;2625;271;140;1,58;53,57;51,26;1;United Kingdom;Western Europe;"SAGE Publications Ltd";"2018-2026";"History and Philosophy of Science (Q1); Music (Q1); Psychology (miscellaneous) (Q2)";"Arts and Humanities; Psychology"
683;73721;"South African Journal of Communication Disorders";journal;"03798046, 22254765";"AOSIS (Pty) Ltd";Yes;No;0,564;Q3;24;29;93;1160;209;93;1,46;40,00;76,79;0;South Africa;Africa;"AOSIS (Pty) Ltd";"1977-2025";"Linguistics and Language (Q1); Communication (Q2); Speech and Hearing (Q2); Cognitive Neuroscience (Q3); Experimental and Cognitive Psychology (Q3)";"Health Professions; Neuroscience; Psychology; Social Sciences"
684;16723;"Journal of Intellectual and Developmental Disability";journal;"13668250, 14699532";"Informa Healthcare";No;No;0,563;Q2;72;65;127;2906;278;124;2,08;44,71;60,76;0;United Kingdom;Western Europe;"Informa Healthcare";"1970-1991, 1993-1994, 1996-2026";"Arts and Humanities (miscellaneous) (Q1); Education (Q2); Medicine (miscellaneous) (Q2); Psychology (miscellaneous) (Q2)";"Arts and Humanities; Medicine; Psychology; Social Sciences"
685;21100862294;"Neuropsychopharmacology Reports";journal;"2574173X";"John Wiley &amp; Sons Inc.";Yes;No;0,561;Q2;27;110;260;4365;507;260;2,05;39,68;30,63;1;United States;Northern America;"John Wiley &amp; Sons Inc.";"2018-2026";"Clinical Psychology (Q2); Pharmacology (Q3); Pharmacology (medical) (Q3); Psychiatry and Mental Health (Q3)";"Medicine; Pharmacology, Toxicology and Pharmaceutics; Psychology"
686;21101048847;"Mental Health Clinician";journal;"21689709";"Allen Press Inc.";Yes;No;0,561;Q3;29;25;115;529;160;106;1,12;21,16;66,22;0;United States;Northern America;"Allen Press Inc.";"2011-2025";"Pharmacology, Toxicology and Pharmaceutics (miscellaneous) (Q2); Neurology (clinical) (Q3); Neuropsychology and Physiological Psychology (Q3); Pharmacology (medical) (Q3)";"Medicine; Pharmacology, Toxicology and Pharmaceutics; Psychology"
687;21101308466;"PLOS Mental Health";journal;"28378156";"Public Library of Science";Yes;No;0,560;Q2;7;286;120;15758;219;107;1,83;55,10;55,61;2;United States;Northern America;"Public Library of Science";"2024-2026";"Health (social science) (Q2); Psychology (miscellaneous) (Q2); Public Health, Environmental and Occupational Health (Q2); Cognitive Neuroscience (Q3); Epidemiology (Q3); Psychiatry and Mental Health (Q3)";"Medicine; Neuroscience; Psychology; Social Sciences"
688;19700188900;"Social Psychology";journal;"18649335, 21512590";"Hogrefe Publishing GmbH";No;No;0,560;Q2;56;17;94;934;144;92;1,22;54,94;55,36;1;Germany;Western Europe;"Hogrefe Publishing GmbH";"2006, 2008-2026";"Arts and Humanities (miscellaneous) (Q1); Psychology (miscellaneous) (Q2); Social Psychology (Q2); Sociology and Political Science (Q2)";"Arts and Humanities; Psychology; Social Sciences"
689;24575;"Early Child Development and Care";journal;"14768275, 03004430";"Taylor and Francis Ltd.";No;No;0,558;Q2;65;103;411;6438;803;408;1,69;62,50;74,13;0;United Kingdom;Western Europe;"Taylor and Francis Ltd.";"1971-1974, 1976, 1978-2026";"Developmental and Educational Psychology (Q2); Pediatrics (Q2); Social Psychology (Q2)";"Nursing; Psychology"
690;21101307581;"Trends in Higher Education";journal;"28134346";"Multidisciplinary Digital Publishing Institute (MDPI)";Yes;No;0,558;Q2;12;77;116;4771;377;114;3,17;61,96;62,50;1;Switzerland;Western Europe;"Multidisciplinary Digital Publishing Institute (MDPI)";"2022-2026";"Education (Q2); Psychology (miscellaneous) (Q2); Social Sciences (miscellaneous) (Q2)";"Psychology; Social Sciences"
691;29979;"Journal of Psychosocial Oncology";journal;"07347332, 15407586";"Routledge";No;No;0,557;Q3;56;71;164;3156;358;160;2,04;44,45;68,25;0;United States;Northern America;"Routledge";"1983-2026";"Applied Psychology (Q3); Oncology (Q3); Psychiatry and Mental Health (Q3)";"Medicine; Psychology"
692;30063;"Journal of Psychology and Theology";journal;"23281162, 00916471";"Rosemead School of Psychology";No;No;0,556;Q2;44;29;101;1529;148;100;1,76;52,72;51,61;0;United States;Northern America;"Rosemead School of Psychology";"1990, 1992, 1996-2026";"Religious Studies (Q1); Psychology (miscellaneous) (Q2)";"Arts and Humanities; Psychology"
693;21100330714;"Journal of Sport Psychology in Action";journal;"21520712, 21520704";"Routledge";No;No;0,555;Q2;32;48;75;1093;154;70;1,71;22,77;46,72;0;United States;Northern America;"Routledge";"2010-2026";"Human Factors and Ergonomics (Q2); Social Psychology (Q2); Applied Psychology (Q3)";"Psychology; Social Sciences"
694;16221;"Irish Journal of Psychological Medicine";journal;"07909667, 20516967";"Cambridge University Press";No;No;0,551;Q3;39;111;233;3519;441;190;1,98;31,70;53,94;1;United Kingdom;Western Europe;"Cambridge University Press";"1968, 1989-2026";"History and Philosophy of Science (Q1); Applied Psychology (Q3); Psychiatry and Mental Health (Q3)";"Arts and Humanities; Medicine; Psychology"
695;5600152890;"Body and Society";journal;"1357034X, 14603632";"SAGE Publications Ltd";No;No;0,549;Q2;82;16;50;884;94;50;1,86;55,25;78,26;0;United Kingdom;Western Europe;"SAGE Publications Ltd";"1995-2026";"Cultural Studies (Q1); Health (social science) (Q2); Social Psychology (Q2)";"Psychology; Social Sciences"
696;26602;"Evaluation and Program Planning";journal;"01497189, 18737870";"Elsevier Ltd";No;No;0,549;Q2;77;148;346;7893;939;345;2,68;53,33;63,92;0;United Kingdom;Western Europe;"Elsevier Ltd";"1978-2026";"Business and International Management (Q2); Geography, Planning and Development (Q2); Public Health, Environmental and Occupational Health (Q2); Social Psychology (Q2); Strategy and Management (Q2)";"Business, Management and Accounting; Medicine; Psychology; Social Sciences"
697;21100774706;"Cogent Psychology";journal;"23311908";"Cogent OA";Yes;No;0,548;Q2;36;131;221;7692;538;220;1,77;58,72;49,06;1;United Kingdom;Western Europe;"Cogent OA";"2014-2026";"Psychology (miscellaneous) (Q2)";"Psychology"
698;21101021571;"Intervention";journal;"15718883, 18721001";"Wolters Kluwer Medknow Publications";Yes;No;0,546;Q2;15;9;63;319;72;57;0,82;35,44;57,50;0;United States;Northern America;"Wolters Kluwer Medknow Publications";"2015, 2018-2025";"Clinical Psychology (Q2); Social Psychology (Q2); Psychiatry and Mental Health (Q3)";"Medicine; Psychology"
699;16054;"Reading Psychology";journal;"02702711, 15210685";"Taylor and Francis Ltd.";No;No;0,546;Q2;50;42;103;2801;195;103;1,87;66,69;69,03;1;United Kingdom;Western Europe;"Taylor and Francis Ltd.";"1979-2026";"Linguistics and Language (Q1); Developmental and Educational Psychology (Q2); Education (Q2)";"Psychology; Social Sciences"
700;21100779057;"World Leisure Journal";journal;"23334509, 16078055";"Taylor and Francis Ltd.";No;No;0,546;Q2;35;87;112;5681;357;96;4,04;65,30;49,55;0;United Kingdom;Western Europe;"Taylor and Francis Ltd.";"2000-2026";"Cultural Studies (Q1); Social Psychology (Q2); Tourism, Leisure and Hospitality Management (Q2)";"Business, Management and Accounting; Psychology; Social Sciences"
701;14018;"Human Movement Science";journal;"01679457, 18727646";"Elsevier B.V.";No;No;0,544;Q3;114;70;277;3535;607;273;2,11;50,50;34,46;0;Netherlands;Western Europe;"Elsevier B.V.";"1982-2026";"Medicine (miscellaneous) (Q2); Biophysics (Q3); Experimental and Cognitive Psychology (Q3); Orthopedics and Sports Medicine (Q3); Sports Science (Q3)";"Biochemistry, Genetics and Molecular Biology; Health Professions; Medicine; Psychology"
702;21100922747;"Journal of Developmental and Life-Course Criminology";journal;"21994641, 2199465X";"Springer International Publishing AG";No;No;0,544;Q3;26;19;82;1336;131;81;1,54;70,32;57,45;0;Switzerland;Western Europe;"Springer International Publishing AG";"2015-2026";"Law (Q1); Applied Psychology (Q3); Life-span and Life-course Studies (Q3)";"Psychology; Social Sciences"
703;21100409888;"PsyCh Journal";journal;"20460260, 20460252";"John Wiley and Sons Inc";No;No;0,542;Q2;32;92;286;5097;520;281;1,64;55,40;49,08;0;United Kingdom;Western Europe;"John Wiley and Sons Inc";"2012-2026";"Psychology (miscellaneous) (Q2)";"Psychology"
704;21100829244;"Applied Neuropsychology: Adult";journal;"23279095, 23279109";"Routledge";No;No;0,541;Q3;61;336;461;18633;1068;457;2,01;55,46;56,42;10;United States;Northern America;"Routledge";"2012-2026";"Developmental and Educational Psychology (Q3); Neuropsychology and Physiological Psychology (Q3)";"Psychology"
705;14340;"Brain Injury";journal;"1362301X, 02699052";"Taylor and Francis Ltd.";No;No;0,541;Q3;127;137;408;6833;833;400;1,94;49,88;54,00;0;United Kingdom;Western Europe;"Taylor and Francis Ltd.";"1987-2026";"Developmental and Educational Psychology (Q3); Neurology (clinical) (Q3); Neuroscience (miscellaneous) (Q3)";"Medicine; Neuroscience; Psychology"
706;5700165569;"Food, Culture and Society";journal;"17517443, 15528014";"Taylor and Francis Ltd.";No;No;0,540;Q2;39;119;232;6334;463;209;1,86;53,23;64,85;1;United Kingdom;Western Europe;"Taylor and Francis Ltd.";"2005, 2008-2026";"Cultural Studies (Q1); Food Science (Q2); Social Psychology (Q2)";"Agricultural and Biological Sciences; Psychology; Social Sciences"
707;17666;"American Journal of Psychotherapy";journal;"25756559, 00029564";"American Psychiatric Association";No;No;0,539;Q2;61;0;99;0;162;84;1,50;0,00;0,00;0;United States;Northern America;"American Psychiatric Association";"1947-2016, 2018-2025";"Clinical Psychology (Q2); Medicine (miscellaneous) (Q2)";"Medicine; Psychology"
708;15427;"Journal of Cognitive Psychotherapy";journal;"08898391, 1938887X";"Springer Publishing Company";No;No;0,539;Q2;60;26;61;1225;78;57;0,83;47,12;60,55;0;United States;Northern America;"Springer Publishing Company";"1987-2025";"Clinical Psychology (Q2); Experimental and Cognitive Psychology (Q3); Psychiatry and Mental Health (Q3)";"Medicine; Psychology"
709;19900193647;"Genes and Environment";journal;"18807046, 18807062";"BioMed Central Ltd";Yes;No;0,539;Q3;29;26;89;1367;200;85;2,00;52,58;33,59;0;United Kingdom;Western Europe;"BioMed Central Ltd";"2006-2007, 2009-2026";"Environmental Science (miscellaneous) (Q2); Genetics (Q3); Social Psychology (Q3)";"Biochemistry, Genetics and Molecular Biology; Environmental Science; Psychology"
710;17100154740;"Counselor Education and Supervision";journal;"00110035, 15566978";"Wiley-Blackwell";No;No;0,537;Q2;52;37;88;1759;191;84;2,03;47,54;68,42;0;United States;Northern America;"Wiley-Blackwell";"1961-2026";"Clinical Psychology (Q2); Education (Q2); Developmental and Educational Psychology (Q3)";"Psychology; Social Sciences"
711;14282;"Behavioral Interventions";journal;"10720847, 1099078X";"John Wiley and Sons Ltd";No;No;0,536;Q2;44;72;228;2818;312;225;1,04;39,14;66,39;0;United Kingdom;Western Europe;"John Wiley and Sons Ltd";"1986-2026";"Arts and Humanities (miscellaneous) (Q1); Clinical Psychology (Q2); Developmental and Educational Psychology (Q3); Psychiatry and Mental Health (Q3)";"Arts and Humanities; Medicine; Psychology"
712;21101039079;"Central European Management Journal";journal;"26580845, 26582430";"Emerald Publishing";Yes;Yes;0,536;Q3;18;66;90;4783;345;90;4,69;72,47;52,74;0;Poland;Eastern Europe;"Emerald Publishing";"2020-2026";"Business, Management and Accounting (miscellaneous) (Q2); Political Science and International Relations (Q2); Sociology and Political Science (Q2); Social Psychology (Q3)";"Business, Management and Accounting; Psychology; Social Sciences"
713;26437;"Social Science Journal";journal;"03623319";"Taylor and Francis Ltd.";No;No;0,536;Q3;55;96;180;5548;443;178;2,48;57,79;52,19;4;United States;Northern America;"Taylor and Francis Ltd.";"1978, 1980, 1982-2026";"Sociology and Political Science (Q2); Social Psychology (Q3)";"Psychology; Social Sciences"
714;14730;"Revista Latinoamericana de Psicologia";journal;"01200534";"Konrad Lorenz Editores";Yes;Yes;0,535;Q2;38;7;82;358;123;82;1,38;51,14;39,39;0;Colombia;Latin America;"Konrad Lorenz Editores";"1980, 1984, 1992, 1996-2025";"Psychology (miscellaneous) (Q2); Social Sciences (miscellaneous) (Q2)";"Psychology; Social Sciences"
715;21100836847;"Preventing School Failure";journal;"1045988X, 19404387";"Taylor and Francis Ltd.";No;No;0,535;Q3;25;43;106;2187;191;105;1,77;50,86;75,00;0;United Kingdom;Western Europe;"Taylor and Francis Ltd.";"1996, 2014-2026";"Education (Q2); Developmental and Educational Psychology (Q3)";"Psychology; Social Sciences"
716;5700154766;"International Journal of Early Years Education";journal;"14698463, 09669760";"Routledge";No;No;0,531;Q3;45;63;192;3237;429;179;2,17;51,38;78,62;5;United Kingdom;Western Europe;"Routledge";"1993-2026";"Education (Q2); Developmental and Educational Psychology (Q3)";"Psychology; Social Sciences"
717;29882;"Journal of Child Sexual Abuse: Research, Treatment, and Program Innovations for Victims, Suvivors, and Offenders";journal;"10538712, 15470679";"Routledge";No;No;0,530;Q2;61;57;167;2703;305;157;1,36;47,42;73,47;0;United States;Northern America;"Routledge";"1992-2026";"Law (Q1); Clinical Psychology (Q2); Pathology and Forensic Medicine (Q2); Pediatrics, Perinatology and Child Health (Q2); Applied Psychology (Q3); Psychiatry and Mental Health (Q3)";"Medicine; Psychology; Social Sciences"
718;12062;"International Journal for the Advancement of Counselling";journal;"01650653, 15733246";"Springer New York";No;No;0,527;Q2;40;42;126;2395;227;126;1,39;57,02;62,99;0;United States;Northern America;"Springer New York";"1978-1996, 1998-2026";"Education (Q2); Psychology (miscellaneous) (Q2); Applied Psychology (Q3)";"Psychology; Social Sciences"
719;21100455449;"Porn Studies";journal;"23268743, 23268751";"Taylor and Francis Ltd.";No;No;0,527;Q3;28;81;115;3576;169;94;1,50;44,15;53,06;0;United Kingdom;Western Europe;"Taylor and Francis Ltd.";"2014-2026";"Cultural Studies (Q1); Gender Studies (Q2); Social Psychology (Q3)";"Psychology; Social Sciences"
720;14958;"Criminal Behaviour and Mental Health";journal;"09579664, 14712857";"Wiley-Blackwell";No;No;0,525;Q2;67;44;115;1765;191;93;1,60;40,11;50,79;1;United States;Northern America;"Wiley-Blackwell";"1992-2026";"Pathology and Forensic Medicine (Q2); Psychology (miscellaneous) (Q2); Medicine (miscellaneous) (Q3); Psychiatry and Mental Health (Q3)";"Medicine; Psychology"
721;19600166324;"International Journal of Early Childhood";journal;"18784658, 00207187";"Springer Netherlands";No;No;0,525;Q3;38;83;81;4543;198;80;1,88;54,73;73,58;1;Netherlands;Western Europe;"Springer Netherlands";"1969-2026";"Education (Q2); Developmental and Educational Psychology (Q3)";"Psychology; Social Sciences"
722;18728;"Psychiatry, Psychology and Law";journal;"19341687, 13218719";"Routledge";No;No;0,522;Q2;45;129;170;8107;357;167;1,81;62,84;58,80;2;United Kingdom;Western Europe;"Routledge";"1994-2026";"Law (Q1); Pathology and Forensic Medicine (Q2); Psychology (miscellaneous) (Q2); Psychiatry and Mental Health (Q3)";"Medicine; Psychology; Social Sciences"
723;13441;"Psychologica Belgica";journal;"00332879, 2054670X";"Ubiquity Press";Yes;No;0,520;Q2;44;12;44;805;112;43;2,04;67,08;68,75;0;United Kingdom;Western Europe;"Ubiquity Press";"1975-2025";"Psychology (miscellaneous) (Q2)";"Psychology"
724;12082;"Australian Journal of Psychology";journal;"00049530, 17429536";"Routledge";Yes;No;0,519;Q2;59;41;82;2351;185;82;1,88;57,34;74,53;0;United States;Northern America;"Routledge";"1949-2026";"Psychology (miscellaneous) (Q2)";"Psychology"
725;21100870584;"International Journal of School and Educational Psychology";journal;"21683603, 21683611";"Taylor and Francis Ltd.";No;No;0,519;Q3;27;20;85;1242;171;85;1,78;62,10;64,71;0;United Kingdom;Western Europe;"Taylor and Francis Ltd.";"2013-2026";"Education (Q2); Developmental and Educational Psychology (Q3)";"Psychology; Social Sciences"
726;15281;"Sport Psychologist";journal;"15432793, 08884781";"Human Kinetics Publishers Inc.";No;No;0,518;Q3;88;25;80;1417;139;80;1,43;56,68;49,48;0;United States;Northern America;"Human Kinetics Publishers Inc.";"1989, 1991-1992, 1996-2026";"Applied Psychology (Q3); Sports Science (Q3)";"Health Professions; Psychology"
727;130113;"Cognitive Processing";journal;"16124782, 16124790";"Springer Science and Business Media Deutschland GmbH";No;No;0,517;Q3;61;81;161;5422;267;158;1,49;66,94;49,81;0;Germany;Western Europe;"Springer Science and Business Media Deutschland GmbH";"2005-2026";"Artificial Intelligence (Q2); Cognitive Neuroscience (Q3); Experimental and Cognitive Psychology (Q3); Medicine (miscellaneous) (Q3)";"Computer Science; Medicine; Neuroscience; Psychology"
728;19700181331;"International Journal of Children's Spirituality";journal;"14698455, 1364436X";"Routledge";No;No;0,517;Q3;27;21;27;1064;54;26;2,06;50,67;72,09;0;United Kingdom;Western Europe;"Routledge";"1996-2026";"Philosophy (Q1); Religious Studies (Q1); Education (Q2); Developmental and Educational Psychology (Q3)";"Arts and Humanities; Psychology; Social Sciences"
729;16750;"Journal of Neurolinguistics";journal;"18738052, 09116044";"Elsevier Ltd";No;No;0,517;Q3;70;43;101;3649;185;101;1,72;84,86;56,52;0;United Kingdom;Western Europe;"Elsevier Ltd";"1985-1986, 1988-1992, 1994-2026";"Arts and Humanities (miscellaneous) (Q1); Linguistics and Language (Q1); Cognitive Neuroscience (Q3); Experimental and Cognitive Psychology (Q3)";"Arts and Humanities; Neuroscience; Psychology; Social Sciences"
730;21100255433;"Applied Neuropsychology: Child";journal;"21622973, 21622965";"Taylor and Francis Ltd.";No;No;0,516;Q3;33;136;211;7952;440;210;1,57;58,47;59,51;1;United Kingdom;Western Europe;"Taylor and Francis Ltd.";"2012-2026";"Developmental and Educational Psychology (Q3); Neuropsychology and Physiological Psychology (Q3)";"Psychology"
731;4700152785;"Journal of Intergenerational Relationships";journal;"15350770, 15350932";"Routledge";No;No;0,516;Q3;36;61;101;2579;226;101;1,92;42,28;75,81;2;United States;Northern America;"Routledge";"2003-2026";"Archeology (Q1); Social Sciences (miscellaneous) (Q2); Sociology and Political Science (Q2); Geriatrics and Gerontology (Q3); Life-span and Life-course Studies (Q3); Social Psychology (Q3)";"Medicine; Psychology; Social Sciences"
732;26619;"Symbolic Interaction";journal;"15338665, 01956086";"Wiley-Blackwell";No;No;0,515;Q3;65;52;74;3303;152;71;2,00;63,52;51,81;0;United States;Northern America;"Wiley-Blackwell";"1977-2026";"Communication (Q2); Education (Q2); Nursing (miscellaneous) (Q2); Social Sciences (miscellaneous) (Q2); Sociology and Political Science (Q2); Social Psychology (Q3)";"Nursing; Psychology; Social Sciences"
733;25291;"Journal of Addictive Diseases";journal;"10550887, 15450848";"Taylor and Francis Ltd.";No;No;0,514;Q2;72;87;180;3038;274;165;1,56;34,92;47,18;1;United States;Northern America;"Taylor and Francis Ltd.";"1991-2018, 2020-2026";"Clinical Psychology (Q2); Medicine (miscellaneous) (Q3); Psychiatry and Mental Health (Q3)";"Medicine; Psychology"
734;21100228035;"Psychology in Russia: State of the Art";journal;"20746857";"Russian Psychological Society";Yes;Yes;0,514;Q2;19;37;105;1950;221;105;2,14;52,70;58,40;0;Russian Federation;Eastern Europe;"Russian Psychological Society";"2012-2025";"History and Philosophy of Science (Q1); Education (Q2); Psychology (miscellaneous) (Q2)";"Arts and Humanities; Psychology; Social Sciences"
735;21101077107;"Continuity in Education";journal;"26319179";"Ubiquity Press";Yes;Yes;0,514;Q3;10;8;29;590;65;29;2,00;73,75;85,19;0;United Kingdom;Western Europe;"Ubiquity Press";"2020-2026";"Education (Q2); Developmental and Educational Psychology (Q3); Physiology (medical) (Q3); Social Psychology (Q3)";"Medicine; Psychology; Social Sciences"
736;14009;"Psychology and Developing Societies";journal;"09730761, 09713336";"Sage Publications India Pvt. Ltd";No;No;0,514;Q3;28;6;37;298;72;36;1,64;49,67;63,64;0;India;Asiatic Region;"Sage Publications India Pvt. Ltd";"1989-2026";"Social Psychology (Q3)";"Psychology"
737;21100860733;"Trends in Psychology";journal;"23581883";"Springer Science and Business Media Deutschland GmbH";Yes;No;0,513;Q2;21;143;266;8771;508;262;1,90;61,34;56,92;3;Germany;Western Europe;"Springer Science and Business Media Deutschland GmbH";"2018-2026";"Psychology (miscellaneous) (Q2)";"Psychology"
738;21101185523;"Adolescents";journal;"26737051";"Multidisciplinary Digital Publishing Institute (MDPI)";Yes;No;0,512;Q3;11;82;129;4548;236;125;1,98;55,46;58,36;0;Switzerland;Western Europe;"Multidisciplinary Digital Publishing Institute (MDPI)";"2021-2025";"Health Professions (miscellaneous) (Q1); Social Sciences (miscellaneous) (Q2); Psychology (miscellaneous) (Q3)";"Health Professions; Psychology; Social Sciences"
739;19900192514;"Dynamics of Asymmetric Conflict: Pathways toward Terrorism and Genocide";journal;"17467594, 17467586";"Routledge";No;No;0,512;Q3;21;19;41;1226;74;36;1,41;64,53;35,00;0;United Kingdom;Western Europe;"Routledge";"2010-2025";"Cultural Studies (Q1); Law (Q1); Political Science and International Relations (Q2); Sociology and Political Science (Q2); Social Psychology (Q3)";"Psychology; Social Sciences"
740;11700154377;"Journal of Individual Differences";journal;"21512299, 16140001";"Hogrefe Publishing GmbH";No;No;0,512;Q3;50;23;74;1202;102;74;1,16;52,26;43,66;0;Germany;Western Europe;"Hogrefe Publishing GmbH";"2005-2025";"Psychology (miscellaneous) (Q3); Biological Psychiatry (Q4)";"Neuroscience; Psychology"
741;19700190314;"Pastoral Care in Education";journal;"14680122, 02643944";"Routledge";No;No;0,512;Q3;30;83;93;4249;196;81;1,75;51,19;76,51;2;United States;Northern America;"Routledge";"1983-2026";"Education (Q2); Developmental and Educational Psychology (Q3)";"Psychology; Social Sciences"
742;21101043799;"Emotions and Society";journal;"26316900, 26316897";"Policy Press";No;No;0,511;Q3;14;18;68;984;139;61;1,67;54,67;80,00;0;United Kingdom;Western Europe;"Policy Press";"2019-2025";"Cultural Studies (Q1); Social Sciences (miscellaneous) (Q2); Sociology and Political Science (Q2); Social Psychology (Q3)";"Psychology; Social Sciences"
743;21100453516;"Psychology, Society and Education";journal;"1989709X, 21712085";"UCOPress. Editorial Universidad de Cordoba";Yes;Yes;0,510;Q2;17;24;70;1280;137;70;1,74;53,33;38,10;0;Spain;Western Europe;"UCOPress. Editorial Universidad de Cordoba";"2012, 2015-2026";"Clinical Psychology (Q2); Education (Q2); Sociology and Political Science (Q2); Social Psychology (Q3)";"Psychology; Social Sciences"
744;15270;"South African Journal of Psychology";journal;"00812463, 2078208X";"SAGE Publications Inc.";No;No;0,510;Q3;48;45;139;1993;281;130;1,83;44,29;54,88;0;United States;Northern America;"SAGE Publications Inc.";"1979-2026";"Psychology (miscellaneous) (Q3)";"Psychology"
745;18000156705;"Soccer and Society";journal;"17439590, 14660970";"Routledge";No;No;0,508;Q3;42;101;238;4852;461;227;1,62;48,04;23,20;1;United Kingdom;Western Europe;"Routledge";"2008-2026";"Cultural Studies (Q1); Sociology and Political Science (Q2); Social Psychology (Q3)";"Psychology; Social Sciences"
746;21101172014;"Designs for Learning";journal;"20017480";"Stockholm University Press";Yes;No;0,507;Q3;8;8;21;295;35;20;1,17;36,88;78,57;0;Sweden;Western Europe;"Stockholm University Press";"2019-2023, 2025";"Cultural Studies (Q1); Linguistics and Language (Q1); Communication (Q2); Ecology (Q2); Education (Q2); Developmental and Educational Psychology (Q3); Human-Computer Interaction (Q3)";"Computer Science; Environmental Science; Psychology; Social Sciences"
747;15436;"Journal of Constructivist Psychology";journal;"15210650, 10720537";"Taylor and Francis Ltd.";No;No;0,507;Q3;40;63;131;3140;219;130;1,57;49,84;55,41;0;United Kingdom;Western Europe;"Taylor and Francis Ltd.";"1994-2026";"Linguistics and Language (Q1); Developmental and Educational Psychology (Q3); Social Psychology (Q3)";"Psychology; Social Sciences"
748;21100837404;"Adaptive Human Behavior and Physiology";journal;"21987335";"Springer International Publishing AG";No;No;0,506;Q3;27;20;73;1144;99;68;1,39;57,20;47,83;0;Switzerland;Western Europe;"Springer International Publishing AG";"2015-2025";"Behavioral Neuroscience (Q3); Experimental and Cognitive Psychology (Q3); Physiology (Q3)";"Biochemistry, Genetics and Molecular Biology; Neuroscience; Psychology"
749;14893;"International Journal of Psychoanalysis";journal;"17458315, 00207578";"Taylor and Francis Ltd.";No;No;0,505;Q2;78;94;249;2650;196;202;0,74;28,19;36,59;0;United Kingdom;Western Europe;"Taylor and Francis Ltd.";"1945-1947, 1957-1958, 1961, 1973-1976, 1979-2025";"Clinical Psychology (Q2); Medicine (miscellaneous) (Q3); Psychiatry and Mental Health (Q3)";"Medicine; Psychology"
750;21101041530;"Journal of Cultural Cognitive Science";journal;"25201018";"Springer International Publishing";No;No;0,505;Q3;15;35;61;2060;124;58;2,20;58,86;51,72;0;Singapore;Asiatic Region;"Springer International Publishing";"2017-2026";"Linguistics and Language (Q1); Experimental and Cognitive Psychology (Q3)";"Psychology; Social Sciences"
751;21101132227;"Culture and Evolution";journal;"29397375";"Akademiai Kiado";No;No;0,504;Q3;30;2;11;146;17;10;1,40;73,00;66,67;0;Hungary;Eastern Europe;"Akademiai Kiado";"2022-2025";"Anthropology (Q1); Cultural Studies (Q1); Ecology, Evolution, Behavior and Systematics (Q2); Experimental and Cognitive Psychology (Q3); Social Psychology (Q3)";"Agricultural and Biological Sciences; Psychology; Social Sciences"
752;21100794825;"Health Psychology Open";journal;"20551029";"SAGE Publications Inc.";Yes;No;0,503;Q2;37;16;46;1007;92;46;1,70;62,94;70,51;0;United Kingdom;Western Europe;"SAGE Publications Inc.";"2014-2026";"Clinical Psychology (Q2); Psychiatry and Mental Health (Q3)";"Medicine; Psychology"
753;21101298381;"Frontiers in Child and Adolescent Psychiatry";journal;"28134540";"Frontiers Media SA";Yes;No;0,503;Q3;8;70;141;3563;219;131;1,57;50,90;58,54;0;Switzerland;Western Europe;"Frontiers Media SA";"2022-2026";"Pediatrics, Perinatology and Child Health (Q2); Developmental and Educational Psychology (Q3); Psychiatry and Mental Health (Q3); Psychology (miscellaneous) (Q3)";"Medicine; Psychology"
754;21100894553;"Gifted Child Today";journal;"10762175, 2162951X";"SAGE Publications Ltd";No;No;0,500;Q3;20;36;92;626;124;69;1,58;17,39;76,19;0;United States;Northern America;"SAGE Publications Ltd";"2015-2026";"Education (Q2); Developmental and Educational Psychology (Q3)";"Psychology; Social Sciences"
755;144975;"Family Journal";journal;"10664807, 15523950";"SAGE Publications Inc.";No;No;0,499;Q3;48;176;301;8390;485;294;1,37;47,67;67,34;0;United States;Northern America;"SAGE Publications Inc.";"1993-2026";"Social Sciences (miscellaneous) (Q2); Social Psychology (Q3)";"Psychology; Social Sciences"
756;21101296127;"Frontiers in Developmental Psychology";journal;"28137779";"Frontiers Media SA";Yes;No;0,499;Q3;6;43;69;2912;121;66;1,75;67,72;69,01;0;Switzerland;Western Europe;"Frontiers Media SA";"2023-2026";"Developmental and Educational Psychology (Q3); Experimental and Cognitive Psychology (Q3); Psychiatry and Mental Health (Q3); Psychology (miscellaneous) (Q3)";"Medicine; Psychology"
757;21101023217;"Gifted Education International";journal;"20479077, 02614294";"SAGE Publications Ltd";No;No;0,498;Q3;23;36;80;2578;163;76;2,04;71,61;49,15;0;United Kingdom;Western Europe;"SAGE Publications Ltd";"1982-2026";"Education (Q2); Developmental and Educational Psychology (Q3)";"Psychology; Social Sciences"
758;21101309512;"Journal of College Student Mental Health";journal;"28367138, 28367146";"Routledge";No;No;0,497;Q2;36;40;147;2276;258;142;1,77;56,90;63,16;0;United Kingdom;Western Europe;"Routledge";"2024-2026";"Clinical Psychology (Q2); Psychiatry and Mental Health (Q3)";"Medicine; Psychology"
759;5800154205;"International Journal of Comparative and Applied Criminal Justice";journal;"21576475, 01924036";"Routledge";No;No;0,497;Q3;26;38;71;2899;154;66;2,35;76,29;36,17;1;United States;Northern America;"Routledge";"1977-1995, 2009, 2014-2026";"Law (Q1); Sociology and Political Science (Q2); Social Psychology (Q3)";"Psychology; Social Sciences"
760;13414;"Contemporary Family Therapy";journal;"08922764, 15733335";"Kluwer Academic/Human Sciences Press Inc.";No;No;0,496;Q2;46;58;116;3775;230;115;1,30;65,09;58,24;0;United States;Northern America;"Kluwer Academic/Human Sciences Press Inc.";"1986-2026";"Cultural Studies (Q1); Clinical Psychology (Q2); Social Sciences (miscellaneous) (Q2); Social Psychology (Q3)";"Psychology; Social Sciences"
761;6700153284;"Social Influence";journal;"15534529, 15534510";"Taylor and Francis Ltd.";Yes;No;0,495;Q3;40;26;29;1648;53;29;1,88;63,38;45,45;0;United Kingdom;Western Europe;"Taylor and Francis Ltd.";"2007-2026";"Social Psychology (Q3)";"Psychology"
762;21100305243;"Australasian Journal of Early Childhood";journal;"18395961, 18369391";"SAGE Publications Ltd";No;No;0,494;Q3;29;40;80;1521;158;66;1,45;38,03;86,96;0;Australia;Pacific Region;"SAGE Publications Ltd";"2010, 2013-2026";"Education (Q2); Developmental and Educational Psychology (Q3)";"Psychology; Social Sciences"
763;30019;"Journal of Organizational Behavior Management";journal;"01608061, 15408604";"Routledge";No;No;0,493;Q3;41;33;66;809;137;34;1,95;24,52;56,67;0;United States;Northern America;"Routledge";"1977-1978, 1980-1985, 1987-1991, 1993-2026";"Management of Technology and Innovation (Q2); Strategy and Management (Q2); Applied Psychology (Q3)";"Business, Management and Accounting; Psychology"
764;13498;"Developmental Neuropsychology";journal;"15326942, 87565641";"Routledge";No;No;0,492;Q3;114;14;68;1115;149;68;1,79;79,64;58,57;0;United Kingdom;Western Europe;"Routledge";"1985-2026";"Developmental and Educational Psychology (Q3); Neuropsychology and Physiological Psychology (Q3)";"Psychology"
765;12054;"Arts in Psychotherapy";journal;"01974556, 18735878";"Elsevier Ltd";No;No;0,491;Q2;57;112;213;7401;506;206;2,14;66,08;68,62;1;United Kingdom;Western Europe;"Elsevier Ltd";"1978, 1980-2026";"Clinical Psychology (Q2); Health Professions (miscellaneous) (Q2); Psychiatry and Mental Health (Q3)";"Health Professions; Medicine; Psychology"
766;21100391100;"Psychoanalytic Study of the Child";journal;"00797308";"Taylor and Francis Ltd.";No;No;0,490;Q3;25;39;90;801;123;73;1,52;20,54;55,56;0;United Kingdom;Western Europe;"Taylor and Francis Ltd.";"1945-1946, 1958, 1960-1961, 1963, 1965-1972, 1974-2009, 2011-2015, 2017-2026";"Pediatrics, Perinatology and Child Health (Q2); Developmental and Educational Psychology (Q3); Medicine (miscellaneous) (Q3); Psychiatry and Mental Health (Q3)";"Medicine; Psychology"
767;21100896922;"Journal of Language Evolution";journal;"2058458X";"Oxford University Press";No;No;0,489;Q3;18;7;31;855;43;31;1,29;122,14;45,00;0;United Kingdom;Western Europe;"Oxford University Press";"2016-2026";"Linguistics and Language (Q1); Developmental and Educational Psychology (Q3); Developmental Neuroscience (Q3)";"Neuroscience; Psychology; Social Sciences"
768;100147339;"British Journal of Special Education";journal;"14678578, 09523383";"Wiley-Blackwell Publishing Ltd";No;No;0,488;Q3;48;74;127;2875;257;98;1,53;38,85;63,58;1;United Kingdom;Western Europe;"Wiley-Blackwell Publishing Ltd";"1974-2026";"Education (Q2); Developmental and Educational Psychology (Q3)";"Psychology; Social Sciences"
769;17639;"Alzheimer Disease and Associated Disorders";journal;"08930341, 15464156";"Lippincott Williams and Wilkins";No;No;0,485;Q2;116;40;187;609;289;184;1,54;15,23;51,61;0;United States;Northern America;"Lippincott Williams and Wilkins";"1987-2026";"Clinical Psychology (Q2); Geriatrics and Gerontology (Q3); Gerontology (Q3); Psychiatry and Mental Health (Q3)";"Medicine; Nursing; Psychology"
770;21100840179;"Qualitative Psychology";journal;"23263601, 23263598";"American Psychological Association";No;No;0,485;Q3;31;32;82;2133;180;78;1,79;66,66;71,43;0;United States;Northern America;"American Psychological Association";"2014-2025";"Psychology (miscellaneous) (Q3)";"Psychology"
771;15418;"Women and Therapy";journal;"02703149, 15410315";"Routledge";No;No;0,485;Q3;42;25;70;1436;120;64;1,54;57,44;83,08;0;United States;Northern America;"Routledge";"1982-2026";"Gender Studies (Q2); Psychology (miscellaneous) (Q3)";"Psychology; Social Sciences"
772;21100831042;"Spirituality in Clinical Practice";journal;"23264519, 23264500";"American Psychological Association";No;No;0,484;Q2;28;16;107;939;175;106;1,16;58,69;44,00;0;United States;Northern America;"American Psychological Association";"2014-2025";"Complementary and Manual Therapy (Q1); Clinical Psychology (Q2); Complementary and Alternative Medicine (Q2); Psychiatry and Mental Health (Q3)";"Health Professions; Medicine; Psychology"
773;15500154703;"Evolutionary Psychology";journal;"14747049";"SAGE Publications Inc.";Yes;No;0,484;Q3;55;15;71;1093;109;71;1,55;72,87;37,50;0;United Kingdom;Western Europe;"SAGE Publications Inc.";"2003-2004, 2006-2007, 2009-2026";"Behavioral Neuroscience (Q3); Medicine (miscellaneous) (Q3); Social Psychology (Q3)";"Medicine; Neuroscience; Psychology"
774;21100218512;"Journal of Behavioral Finance";journal;"15427579, 15427560";"Taylor and Francis Ltd.";No;No;0,482;Q3;37;66;111;3594;290;109;2,55;54,45;29,49;0;United Kingdom;Western Europe;"Taylor and Francis Ltd.";"2007, 2011-2026";"Finance (Q2); Experimental and Cognitive Psychology (Q3)";"Economics, Econometrics and Finance; Psychology"
775;21101292924;"Psychology of Leaders and Leadership";journal;"27696863, 27696898";"American Psychological Association";No;No;0,482;Q3;22;13;36;759;72;36;1,88;58,38;41,18;0;United States;Northern America;"American Psychological Association";"2022-2025";"Business, Management and Accounting (miscellaneous) (Q2); Applied Psychology (Q3); Social Psychology (Q3)";"Business, Management and Accounting; Psychology"
776;21101140334;"Heart and Mind";journal;"24686476, 24686484";"Wolters Kluwer Medknow Publications";Yes;Yes;0,481;Q2;12;67;136;3817;237;106;1,90;56,97;38,32;0;India;Asiatic Region;"Wolters Kluwer Medknow Publications";"2017-2026";"Clinical Psychology (Q2); Cardiology and Cardiovascular Medicine (Q3); Neurology (clinical) (Q3); Psychiatry and Mental Health (Q3)";"Medicine; Psychology"
777;21100446512;"Evidence-based HRM";journal;"20493983, 20493991";"Emerald Publishing";No;No;0,481;Q3;25;102;127;7079;419;127;3,29;69,40;45,54;0;United Kingdom;Western Europe;"Emerald Publishing";"2013-2026";"Industrial Relations (Q2); Applied Psychology (Q3); Organizational Behavior and Human Resource Management (Q3)";"Business, Management and Accounting; Psychology"
778;5000153705;"Education and Treatment of Children";journal;"07488491, 19348924";"Springer Science and Business Media Deutschland GmbH";No;No;0,479;Q3;55;32;81;1587;129;69;1,19;49,59;68,81;0;Germany;Western Europe;"Springer Science and Business Media Deutschland GmbH";"2005-2026";"Education (Q2); Developmental and Educational Psychology (Q3)";"Psychology; Social Sciences"
779;21100370881;"Journal of Experimental Psychology: Animal Learning and Cognition";journal;"23298464, 23298456";"American Psychological Association";No;No;0,479;Q3;82;23;78;942;87;78;0,90;40,96;35,14;0;United States;Northern America;"American Psychological Association";"2014-2026";"Ecology, Evolution, Behavior and Systematics (Q2); Experimental and Cognitive Psychology (Q3)";"Agricultural and Biological Sciences; Psychology"
780;19900191902;"Journal of Occupational Therapy, Schools, and Early Intervention";journal;"19411243, 19411251";"Routledge";No;No;0,478;Q3;20;75;137;2827;235;132;1,63;37,69;84,29;1;United Kingdom;Western Europe;"Routledge";"2008-2026";"Education (Q2); Occupational Therapy (Q2); Social Psychology (Q3)";"Health Professions; Psychology; Social Sciences"
781;21101017551;"Journal of Evidence-Based Social Work (United States)";journal;"26408074, 26408066";"Routledge";No;No;0,476;Q3;36;86;138;4862;299;135;2,21;56,53;57,31;0;United Kingdom;Western Europe;"Routledge";"2019-2026";"Health (social science) (Q2); Sociology and Political Science (Q2); Social Psychology (Q3)";"Psychology; Social Sciences"
782;21101224879;"Discover Psychology";journal;"27314537";"Discover";Yes;No;0,475;Q3;13;192;294;11572;588;291;1,65;60,27;46,46;0;Switzerland;Western Europe;"Discover";"2021-2026";"Neuroscience (miscellaneous) (Q3); Psychiatry and Mental Health (Q3); Psychology (miscellaneous) (Q3); Behavioral Neuroscience (Q4)";"Medicine; Neuroscience; Psychology"
783;21100805775;"International Journal of Design Creativity and Innovation";journal;"21650357, 21650349";"Taylor and Francis Ltd.";No;No;0,475;Q3;26;14;42;1036;166;38;4,00;74,00;62,07;0;United Kingdom;Western Europe;"Taylor and Francis Ltd.";"2013-2026";"Architecture (Q1); Arts and Humanities (miscellaneous) (Q1); Visual Arts and Performing Arts (Q1); Aerospace Engineering (Q2); Education (Q2); Engineering (miscellaneous) (Q2); Behavioral Neuroscience (Q3); Cognitive Neuroscience (Q3); Experimental and Cognitive Psychology (Q3)";"Arts and Humanities; Engineering; Neuroscience; Psychology; Social Sciences"
784;21101173089;"Journal of Cognitive Enhancement";journal;"25093304, 25093290";"Springer Nature";No;No;0,475;Q3;35;36;85;2964;164;83;1,30;82,33;43,36;0;United States;Northern America;"Springer Nature";"2017-2026";"Cognitive Neuroscience (Q3); Experimental and Cognitive Psychology (Q3); Neuropsychology and Physiological Psychology (Q3); Behavioral Neuroscience (Q4)";"Neuroscience; Psychology"
785;21100370349;"Journal of Criminal Psychology";journal;"20499388, 20093829";"Emerald Publishing";No;No;0,475;Q3;20;72;72;4029;153;70;2,28;55,96;60,66;0;United Kingdom;Western Europe;"Emerald Publishing";"2011-2026";"Law (Q1); Applied Psychology (Q3); Social Psychology (Q3)";"Psychology; Social Sciences"
786;13421;"Psychoanalytic Psychotherapy";journal;"02668734, 14749734";"Routledge";No;No;0,474;Q2;23;20;82;783;123;69;1,70;39,15;61,82;0;United Kingdom;Western Europe;"Routledge";"1985-1987, 1989-2026";"Clinical Psychology (Q2); Psychiatry and Mental Health (Q3)";"Medicine; Psychology"
787;12100155715;"Assessment for Effective Intervention";journal;"19387458, 15345084";"SAGE Publications Inc.";No;No;0,474;Q3;35;24;67;839;98;66;1,43;34,96;50,00;0;United States;Northern America;"SAGE Publications Inc.";"1988-1993, 1995, 1997, 1999-2026";"Education (Q2); Health Professions (miscellaneous) (Q2); Developmental and Educational Psychology (Q3)";"Health Professions; Psychology; Social Sciences"
788;13420;"Psychoanalytic Psychology";journal;"19391331, 07369735";"American Psychological Association";No;No;0,473;Q2;51;34;99;1606;139;99;1,50;47,24;49,53;0;United States;Northern America;"American Psychological Association";"1984-2025";"Clinical Psychology (Q2)";"Psychology"
789;200147135;"Journal of Child and Adolescent Mental Health";journal;"17280591, 17280583";"Routledge";No;No;0,472;Q2;27;43;20;2594;29;18;1,45;60,33;67,86;0;United Kingdom;Western Europe;"Routledge";"2005-2021, 2023-2026";"Clinical Psychology (Q2); Pediatrics, Perinatology and Child Health (Q2); Developmental and Educational Psychology (Q3); Psychiatry and Mental Health (Q3)";"Medicine; Psychology"
790;21101196713;"Emerging Trends in Drugs, Addictions, and Health";journal;"26671182";"Elsevier Ltd";Yes;No;0,471;Q2;10;23;53;1331;105;51;1,82;57,87;40,98;0;United Kingdom;Western Europe;"Elsevier Ltd";"2021-2026";"Clinical Psychology (Q2); Drug Discovery (Q3); Medicine (miscellaneous) (Q3); Pharmacology (Q3); Psychiatry and Mental Health (Q3)";"Medicine; Pharmacology, Toxicology and Pharmaceutics; Psychology"
791;21100980646;"Current Issues in Personality Psychology";journal;"23534192, 2353561X";"Termedia Publishing House Ltd.";Yes;Yes;0,471;Q3;15;32;104;1259;163;104;1,19;39,34;61,18;0;Poland;Eastern Europe;"Termedia Publishing House Ltd.";"2016-2025";"Social Psychology (Q3)";"Psychology"
792;21100847481;"Health and Social Care Chaplaincy";journal;"20515553, 20515561";"Equinox Publishing Ltd";No;No;0,470;Q3;12;12;39;436;58;35;1,96;36,33;60,00;0;United Kingdom;Western Europe;"Equinox Publishing Ltd";"2017-2025";"Religious Studies (Q1); Health (social science) (Q2); Social Psychology (Q3)";"Arts and Humanities; Psychology; Social Sciences"
793;19700188266;"Humanistic Psychologist";journal;"15473333, 08873267";"American Psychological Association";No;No;0,468;Q3;35;24;93;1427;118;90;1,37;59,46;50,00;0;United States;Northern America;"American Psychological Association";"1985-2025";"Applied Psychology (Q3); Social Psychology (Q3)";"Psychology"
794;21100899523;"International Journal of Aerospace Psychology";journal;"24721832, 24721840";"Taylor and Francis Ltd.";No;No;0,468;Q3;55;15;46;745;109;43;2,10;49,67;27,27;0;United Kingdom;Western Europe;"Taylor and Francis Ltd.";"2017-2025";"Aerospace Engineering (Q2); Education (Q2); Applied Psychology (Q3); Computer Science Applications (Q3)";"Computer Science; Engineering; Psychology; Social Sciences"
795;21100451649;"Evolutionary Behavioral Sciences";journal;"23302933, 23302925";"American Psychological Association";No;No;0,467;Q3;30;18;107;1824;124;107;1,10;101,33;42,50;0;United States;Northern America;"American Psychological Association";"2014-2025";"Experimental and Cognitive Psychology (Q3); Social Psychology (Q3)";"Psychology"
796;21100938864;"Health Psychology Report";journal;"23535571, 23534184";"Termedia Publishing House Ltd.";Yes;Yes;0,467;Q3;17;26;96;1574;175;96;1,78;60,54;62,77;0;Poland;Eastern Europe;"Termedia Publishing House Ltd.";"2019-2025";"Clinical Psychology (Q3); Psychiatry and Mental Health (Q3)";"Medicine; Psychology"
797;21101322178;"Frontiers in Language Sciences";journal;"28134605";"Frontiers Media SA";Yes;No;0,464;Q3;7;49;93;3135;136;90;1,36;63,98;66,41;0;Switzerland;Western Europe;"Frontiers Media SA";"2022-2026";"Linguistics and Language (Q1); Cognitive Neuroscience (Q3); Experimental and Cognitive Psychology (Q3)";"Neuroscience; Psychology; Social Sciences"
798;19500157216;"Journal of Addictions and Offender Counseling";journal;"10553835, 21611874";"Wiley-Blackwell";No;No;0,464;Q3;20;16;35;1000;66;32;2,04;62,50;59,26;0;United States;Northern America;"Wiley-Blackwell";"1990-2026";"Law (Q1); Clinical Psychology (Q3); Social Psychology (Q3)";"Psychology; Social Sciences"
799;15053;"Infants and Young Children";journal;"08963746, 15505081";"Lippincott Williams and Wilkins Ltd.";No;No;0,463;Q3;57;30;73;1195;105;61;1,31;39,83;79,73;0;United States;Northern America;"Lippincott Williams and Wilkins Ltd.";"1988-2026";"Pediatrics, Perinatology and Child Health (Q2); Developmental and Educational Psychology (Q3); Psychiatry and Mental Health (Q3)";"Medicine; Psychology"
800;4700152737;"Journal of Applied School Psychology";journal;"15377903, 15377911";"Routledge";No;No;0,463;Q3;40;17;52;967;87;52;1,19;56,88;69,44;0;United States;Northern America;"Routledge";"2002-2026";"Education (Q2); Applied Psychology (Q3); Developmental and Educational Psychology (Q3); Psychiatry and Mental Health (Q3)";"Medicine; Psychology; Social Sciences"
801;96959;"Journal of the American Psychoanalytic Association";journal;"19412460, 00030651";"SAGE Publications Inc.";No;No;0,463;Q3;59;59;169;1418;118;108;0,53;24,03;47,37;0;United States;Northern America;"SAGE Publications Inc.";"1953-2026";"Arts and Humanities (miscellaneous) (Q1); Clinical Psychology (Q3)";"Arts and Humanities; Psychology"
802;21101077110;"Cognitive Computation and Systems";journal;"25177567";"John Wiley and Sons Inc";Yes;No;0,462;Q3;17;5;71;124;196;70;3,31;24,80;44,44;0;United Kingdom;Western Europe;"John Wiley and Sons Inc";"2019-2025";"Computer Vision and Pattern Recognition (Q2); Artificial Intelligence (Q3); Cognitive Neuroscience (Q3); Computer Science Applications (Q3); Experimental and Cognitive Psychology (Q3)";"Computer Science; Neuroscience; Psychology"
803;16861;"Laterality";journal;"14640678, 1357650X";"Taylor and Francis Ltd.";No;No;0,462;Q3;57;22;72;1667;125;72;2,09;75,77;52,94;0;United Kingdom;Western Europe;"Taylor and Francis Ltd.";"1996-2026";"Arts and Humanities (miscellaneous) (Q1); Medicine (miscellaneous) (Q3); Psychology (miscellaneous) (Q3)";"Arts and Humanities; Medicine; Psychology"
804;21100777750;"International Journal of Emotional Education";journal;"20737629";"University of Malta";Yes;Yes;0,461;Q3;21;16;57;724;113;55;1,80;45,25;78,00;0;Malta;Western Europe;"University of Malta";"2016-2025";"Education (Q2); Developmental and Educational Psychology (Q3)";"Psychology; Social Sciences"
805;15540;"Journal of Humanistic Psychology";journal;"1552650X, 00221678";"SAGE Publications Inc.";No;No;0,461;Q3;53;151;258;6892;488;244;1,56;45,64;50,41;2;United States;Northern America;"SAGE Publications Inc.";"1961-2026";"Philosophy (Q1); Sociology and Political Science (Q2); Social Psychology (Q3)";"Arts and Humanities; Psychology; Social Sciences"
806;21100922942;"Teaching Exceptional Children";journal;"21635684, 00400599";"SAGE Publications Ltd";No;No;0,461;Q3;27;73;174;2032;238;129;1,40;27,84;75,34;0;United Kingdom;Western Europe;"SAGE Publications Ltd";"1996, 2003, 2014-2026";"Education (Q2); Developmental and Educational Psychology (Q3)";"Psychology; Social Sciences"
807;21100987402;"European Journal of Health Psychology";journal;"25128442, 25128450";"Hogrefe-Verlag GmbH and Co. KG";No;No;0,459;Q3;22;18;53;964;95;50;1,18;53,56;48,68;0;Germany;Western Europe;"Hogrefe-Verlag GmbH and Co. KG";"2020-2025";"Clinical Psychology (Q3); Psychiatry and Mental Health (Q3)";"Medicine; Psychology"
808;21100396385;"Journal of Evidence-Based Psychotherapies";journal;"23600853";"Cluj University Press";No;No;0,459;Q3;24;16;54;1149;70;52;1,33;71,81;54,24;0;Romania;Eastern Europe;"Cluj University Press";"2014-2025";"Clinical Psychology (Q3); Experimental and Cognitive Psychology (Q3)";"Psychology"
809;21101272840;"Obesities";journal;"26734168";"Multidisciplinary Digital Publishing Institute (MDPI)";Yes;No;0,459;Q3;10;95;97;5588;170;96;1,66;58,82;50,00;0;Switzerland;Western Europe;"Multidisciplinary Digital Publishing Institute (MDPI)";"2021-2025";"Endocrinology, Diabetes and Metabolism (Q3); Epidemiology (Q3); Psychology (miscellaneous) (Q3)";"Medicine; Psychology"
810;21100899009;"International Journal of Educational Psychology";journal;"20143591";"Hipatia Editorial";Yes;No;0,458;Q3;15;11;37;638;72;37;1,83;58,00;52,50;0;Spain;Western Europe;"Hipatia Editorial";"2018-2025";"Education (Q2); Developmental and Educational Psychology (Q3)";"Psychology; Social Sciences"
811;21100229214;"Malaysian Journal of Learning and Instruction";journal;"21802483, 16758110";"Universiti Utara Malaysia Press";Yes;No;0,458;Q3;25;11;54;758;151;54;2,69;68,91;44,44;0;Malaysia;Asiatic Region;"Universiti Utara Malaysia Press";"2006, 2010, 2012-2025";"Cultural Studies (Q1); Education (Q2); Developmental and Educational Psychology (Q3); Psychology (miscellaneous) (Q3)";"Psychology; Social Sciences"
812;5700164344;"Youth Justice";journal;"14732254, 17476283";"SAGE Publications Inc.";No;No;0,458;Q3;41;37;69;2068;139;58;2,04;55,89;63,75;3;United States;Northern America;"SAGE Publications Inc.";"2001-2026";"Law (Q1); Developmental and Educational Psychology (Q3)";"Psychology; Social Sciences"
813;21100831409;"Couple and Family Psychology: Research and Practice";journal;"21604096, 2160410X";"American Psychological Association";No;No;0,456;Q3;21;29;49;1523;82;47;1,05;52,52;76,34;0;United States;Northern America;"American Psychological Association";"2016-2025";"Clinical Psychology (Q3); Social Psychology (Q3)";"Psychology"
814;13972;"Psychological Studies";journal;"00332968, 09749861";"Springer International Publishing AG";No;No;0,456;Q3;26;60;163;3816;292;159;1,28;63,60;51,46;0;India;Asiatic Region;"Springer International Publishing AG";"1971, 1980, 1992, 2009, 2014-2026";"Medicine (miscellaneous) (Q3); Psychology (miscellaneous) (Q3)";"Medicine; Psychology"
815;21101145558;"Consortium Psychiatricum";journal;"27132919, 27127672";"Eco-Vector LLC";Yes;Yes;0,455;Q3;11;12;100;456;172;93;2,05;38,00;58,18;0;Russian Federation;Eastern Europe;"Eco-Vector LLC";"2020-2025";"Clinical Psychology (Q3); Psychiatry and Mental Health (Q3); Public Health, Environmental and Occupational Health (Q3)";"Medicine; Psychology"
816;21101041408;"Evolutionary Psychological Science";journal;"21989885";"Springer Nature";No;No;0,455;Q3;26;36;111;2401;166;111;1,16;66,69;42,35;0;Switzerland;Western Europe;"Springer Nature";"2015-2026";"Social Psychology (Q3)";"Psychology"
817;21100464772;"Network Science";journal;"20501250, 20501242";"Cambridge University Press";No;No;0,454;Q3;29;22;72;1363;117;70;1,71;61,95;23,33;0;United Kingdom;Western Europe;"Cambridge University Press";"2013-2026";"Communication (Q2); Sociology and Political Science (Q2); Social Psychology (Q3)";"Psychology; Social Sciences"
818;14801;"Sexual and Relationship Therapy";journal;"14681749, 14681994";"Routledge";No;No;0,454;Q3;57;69;180;3811;336;165;2,01;55,23;64,68;1;United Kingdom;Western Europe;"Routledge";"2000-2026";"Clinical Psychology (Q3); Psychiatry and Mental Health (Q3)";"Medicine; Psychology"
819;15930;"Zeitschrift fur Padagogische Psychologie";journal;"16642910, 10100652";"Hogrefe Publishing GmbH";No;No;0,453;Q3;45;29;63;1460;91;61;1,20;50,34;59,04;4;Switzerland;Western Europe;"Hogrefe Publishing GmbH";"1996-2026";"Developmental and Educational Psychology (Q3)";"Psychology"
820;21100243801;"Multisensory Research";journal;"22134808, 22134794";"Brill Academic Publishers";No;No;0,452;Q3;62;36;70;2476;141;70;1,94;68,78;46,73;0;Netherlands;Western Europe;"Brill Academic Publishers";"2013-2026";"Computer Vision and Pattern Recognition (Q2); Cognitive Neuroscience (Q3); Experimental and Cognitive Psychology (Q3); Ophthalmology (Q3); Sensory Systems (Q4)";"Computer Science; Medicine; Neuroscience; Psychology"
821;21101090010;"Psikohumaniora";journal;"25029363, 25277456";"State Islamic University Walisongo Semarang Faculty of Psychology and Health";Yes;No;0,452;Q3;8;15;56;1097;76;56;0,97;73,13;55,56;0;Indonesia;Asiatic Region;"State Islamic University Walisongo Semarang Faculty of Psychology and Health";"2019-2025";"Applied Psychology (Q3); Clinical Psychology (Q3); Experimental and Cognitive Psychology (Q3)";"Psychology"
822;21101152882;"Psychological Test Adaptation and Development";journal;"26981866";"Hogrefe Publishing GmbH";Yes;No;0,448;Q3;10;23;71;1185;157;69;2,19;51,52;48,72;0;Germany;Western Europe;"Hogrefe Publishing GmbH";"2020-2025";"Applied Psychology (Q3); Psychology (miscellaneous) (Q3)";"Psychology"
823;12736;"Journal of Clinical and Experimental Neuropsychology";journal;"1744411X, 13803395";"Taylor and Francis Ltd.";No;No;0,447;Q3;129;80;206;5818;404;199;1,81;72,73;59,38;0;United Kingdom;Western Europe;"Taylor and Francis Ltd.";"1985-2026";"Clinical Psychology (Q3); Neurology (Q3); Neurology (clinical) (Q3); Neuropsychology and Physiological Psychology (Q3)";"Medicine; Neuroscience; Psychology"
824;21101050919;"Journal of Family Trauma, Child Custody and Child Development";journal;"26904586, 26904594";"Taylor and Francis Ltd.";No;No;0,447;Q3;28;32;76;1947;122;70;1,80;60,84;64,95;0;United Kingdom;Western Europe;"Taylor and Francis Ltd.";"2020-2026";"Health (social science) (Q2); Law (Q2); Pediatrics, Perinatology and Child Health (Q2); Clinical Psychology (Q3); Developmental and Educational Psychology (Q3); Social Psychology (Q3)";"Medicine; Psychology; Social Sciences"
825;30014;"Journal of Motor Behavior";journal;"00222895, 19401027";"Routledge";No;No;0,446;Q3;85;68;188;3639;308;188;1,56;53,51;37,50;0;United States;Northern America;"Routledge";"1969-2026";"Biophysics (Q3); Cognitive Neuroscience (Q3); Experimental and Cognitive Psychology (Q3); Orthopedics and Sports Medicine (Q3); Sports Science (Q3)";"Biochemistry, Genetics and Molecular Biology; Health Professions; Medicine; Neuroscience; Psychology"
826;17700156748;"Journal of Turkish Science Education";journal;"13046020";"";Yes;No;0,446;Q3;30;40;157;2610;384;157;2,54;65,25;55,56;1;Turkey;Middle East;"";"2009-2025";"Education (Q2); Applied Psychology (Q3)";"Psychology; Social Sciences"
827;19200156803;"Psihologija";journal;"14519283, 00485705";"Serbian Psychological Society";Yes;Yes;0,446;Q3;23;24;72;1560;115;72;1,83;65,00;62,16;0;Serbia;Eastern Europe;"Serbian Psychological Society";"2007-2026";"Psychology (miscellaneous) (Q3)";"Psychology"
828;17800156703;"Journal of Empirical Research on Human Research Ethics";journal;"15562646, 15562654";"SAGE Publications Inc.";No;No;0,444;Q3;46;45;104;1691;200;98;1,82;37,58;50,00;0;United States;Northern America;"SAGE Publications Inc.";"2007, 2009-2026";"Communication (Q2); Education (Q2); Law (Q2); Medicine (miscellaneous) (Q3); Social Psychology (Q3)";"Medicine; Psychology; Social Sciences"
829;5300152225;"Nordic Psychology";journal;"19040016, 19012276";"Routledge";Yes;No;0,443;Q3;29;39;85;1858;120;73;1,24;47,64;45,54;2;United Kingdom;Western Europe;"Routledge";"2006-2026";"Psychology (miscellaneous) (Q3)";"Psychology"
830;22109;"Intervention in School and Clinic";journal;"10534512, 15384810";"SAGE Publications Ltd";No;No;0,442;Q3;44;33;148;946;244;141;1,58;28,67;74,36;1;United States;Northern America;"SAGE Publications Ltd";"1965-2026";"Education (Q2); Clinical Psychology (Q3); Developmental and Educational Psychology (Q3)";"Psychology; Social Sciences"
831;21101210861;"Journal of Postsecondary Student Success";journal;"27694887, 27694879";"Center for Postsecondary Success, Florida State University";Yes;Yes;0,440;Q3;8;20;60;1056;104;58;1,84;52,80;71,05;0;United States;Northern America;"Center for Postsecondary Success, Florida State University";"2021-2026";"Education (Q2); Developmental and Educational Psychology (Q3)";"Psychology; Social Sciences"
832;21101028599;"Developmental Child Welfare";journal;"25161032, 25161040";"SAGE Publications Ltd";No;No;0,439;Q3;14;13;42;822;73;42;1,36;63,23;67,35;0;United Kingdom;Western Europe;"SAGE Publications Ltd";"2019-2025";"Health (social science) (Q2); Pediatrics, Perinatology and Child Health (Q2); Developmental and Educational Psychology (Q3)";"Medicine; Psychology; Social Sciences"
833;21101163444;"International Journal on Child Maltreatment: Research, Policy and Practice";journal;"25245236, 25245244";"Springer Nature";No;No;0,438;Q3;15;29;100;1477;163;86;1,38;50,93;69,79;1;Switzerland;Western Europe;"Springer Nature";"2018-2026";"Health (social science) (Q2); Law (Q2); Pediatrics, Perinatology and Child Health (Q2); Developmental and Educational Psychology (Q3)";"Medicine; Psychology; Social Sciences"
834;5800207394;"Child Care in Practice";journal;"13575279, 1476489X";"Routledge";No;No;0,435;Q3;34;58;135;2863;233;123;1,57;49,36;64,91;1;United Kingdom;Western Europe;"Routledge";"1994-2026";"Community and Home Care (Q2); Education (Q2); Health (social science) (Q2); Pediatrics, Perinatology and Child Health (Q2); Developmental and Educational Psychology (Q3); Pediatrics (Q3)";"Medicine; Nursing; Psychology; Social Sciences"
835;19900191944;"OCNOS";journal;"22549099, 1885446X";"Centro de Estudios de Promoción de la Lectura y Literatura Infantil, Universidad de Castilla-La Manc";Yes;Yes;0,435;Q3;18;20;60;894;56;59;0,68;44,70;61,54;0;Spain;Western Europe;"Centro de Estudios de Promoción de la Lectura y Literatura Infantil, Universidad de Castilla-La Manc";"2009-2026";"Literature and Literary Theory (Q1); Education (Q2); Social Psychology (Q3)";"Arts and Humanities; Psychology; Social Sciences"
836;21100442094;"Social Inclusion";journal;"21832803";"Cogitatio Press";Yes;No;0,435;Q3;42;179;341;10397;583;303;1,58;58,08;64,81;5;Portugal;Western Europe;"Cogitatio Press";"2013-2026";"Sociology and Political Science (Q2); Social Psychology (Q3)";"Psychology; Social Sciences"
837;23635;"Adaptive Behavior";journal;"17412633, 10597123";"SAGE Publications Ltd";No;No;0,434;Q3;64;32;131;2035;238;118;1,55;63,59;18,31;0;United Kingdom;Western Europe;"SAGE Publications Ltd";"1992-2026";"Philosophy (Q1); Artificial Intelligence (Q3); Experimental and Cognitive Psychology (Q3); Behavioral Neuroscience (Q4)";"Arts and Humanities; Computer Science; Neuroscience; Psychology"
838;21100451148;"Bordon";journal;"02105934, 23406577";"Sociedad Espanola de Pedagogia";Yes;Yes;0,434;Q3;23;32;97;1594;184;97;1,28;49,81;74,39;0;Spain;Western Europe;"Sociedad Espanola de Pedagogia";"2011-2025";"Education (Q2); Developmental and Educational Psychology (Q3)";"Psychology; Social Sciences"
839;21100330721;"Person-Centered and Experiential Psychotherapies";journal;"17529182, 14779757";"Routledge";No;No;0,434;Q3;23;48;78;1961;111;74;1,33;40,85;54,43;0;United States;Northern America;"Routledge";"2002-2026";"Clinical Psychology (Q3); Developmental and Educational Psychology (Q3); Psychiatry and Mental Health (Q3)";"Medicine; Psychology"
840;21101039082;"Scandinavian Journal of Work and Organizational Psychology";journal;"20022867";"Stockholm University Press";Yes;No;0,434;Q3;12;17;38;1170;81;37;2,28;68,82;65,52;0;Sweden;Western Europe;"Stockholm University Press";"2019-2025";"Applied Psychology (Q3); Organizational Behavior and Human Resource Management (Q3); Psychology (miscellaneous) (Q3)";"Business, Management and Accounting; Psychology"
841;22015;"Child Language Teaching and Therapy";journal;"02656590, 14770865";"SAGE Publications Ltd";No;No;0,433;Q3;46;18;50;958;89;50;1,94;53,22;86,11;0;United Kingdom;Western Europe;"SAGE Publications Ltd";"1985-2026";"Linguistics and Language (Q1); Education (Q2); Speech and Hearing (Q2); Clinical Psychology (Q3); Developmental and Educational Psychology (Q3)";"Health Professions; Psychology; Social Sciences"
842;19700166619;"Journal of Neuroscience, Psychology, and Economics";journal;"1937321X, 2151318X";"American Psychological Association";No;No;0,430;Q3;33;8;42;396;79;42;1,76;49,50;42,11;0;United States;Northern America;"American Psychological Association";"2008-2025";"Business, Management and Accounting (miscellaneous) (Q2); Economics, Econometrics and Finance (miscellaneous) (Q2); Applied Psychology (Q3); Cognitive Neuroscience (Q3); Experimental and Cognitive Psychology (Q3); Neuropsychology and Physiological Psychology (Q3); Behavioral Neuroscience (Q4)";"Business, Management and Accounting; Economics, Econometrics and Finance; Neuroscience; Psychology"
843;15947;"Behaviormetrika";journal;"03857417, 13496964";"Springer";Yes;No;0,429;Q3;19;41;80;1382;100;71;1,06;33,71;19,48;0;Japan;Asiatic Region;"Springer";"1985-1986, 2017-2026";"Applied Mathematics (Q2); Analysis (Q3); Clinical Psychology (Q3); Experimental and Cognitive Psychology (Q3)";"Mathematics; Psychology"
844;12795;"Perception";journal;"14684233, 03010066";"SAGE Publications Inc.";No;No;0,429;Q3;109;73;176;3225;235;166;1,26;44,18;38,50;0;United Kingdom;Western Europe;"SAGE Publications Inc.";"1972-2026";"Artificial Intelligence (Q3); Experimental and Cognitive Psychology (Q3); Ophthalmology (Q3); Sensory Systems (Q4)";"Computer Science; Medicine; Neuroscience; Psychology"
845;14916;"Cognitive Neuropsychology";journal;"14640627, 02643294";"Taylor and Francis Ltd.";No;No;0,427;Q3;103;20;69;1783;83;57;1,47;89,15;63,49;0;United Kingdom;Western Europe;"Taylor and Francis Ltd.";"1984-2026";"Arts and Humanities (miscellaneous) (Q1); Cognitive Neuroscience (Q3); Developmental and Educational Psychology (Q3); Experimental and Cognitive Psychology (Q3); Neuropsychology and Physiological Psychology (Q3)";"Arts and Humanities; Neuroscience; Psychology"
846;21100894548;"Global Studies of Childhood";journal;"20436106";"SAGE Publications Ltd";No;No;0,427;Q3;23;56;100;2821;160;88;1,48;50,38;70,09;0;United Kingdom;Western Europe;"SAGE Publications Ltd";"2015-2026";"Demography (Q2); Development (Q2); Education (Q2); Sociology and Political Science (Q2); Developmental and Educational Psychology (Q3)";"Psychology; Social Sciences"
847;19400156832;"Brain Impairment";journal;"18395252, 14439646";"";No;No;0,423;Q3;32;35;127;1956;222;123;1,68;55,89;71,20;0;United Kingdom;Western Europe;"";"2002, 2004, 2008-2026";"Cognitive Neuroscience (Q3); Neurology (Q3); Neurology (clinical) (Q3); Neuropsychology and Physiological Psychology (Q3); Speech and Hearing (Q3); Behavioral Neuroscience (Q4)";"Health Professions; Medicine; Neuroscience; Psychology"
848;5000153107;"Central Nervous System Agents in Medicinal Chemistry";journal;"18715249, 18756166";"Bentham Science Publishers";No;No;0,422;Q3;43;59;65;5711;136;60;2,13;96,80;41,99;0;United Arab Emirates;Middle East;"Bentham Science Publishers";"2006-2026";"Neuropsychology and Physiological Psychology (Q3); Molecular Medicine (Q4); Neuroscience (miscellaneous) (Q4)";"Biochemistry, Genetics and Molecular Biology; Neuroscience; Psychology"
849;14121;"European Review of Applied Psychology";journal;"11629088";"Elsevier Masson s.r.l.";No;No;0,421;Q3;42;39;102;2708;193;101;1,38;69,44;60,00;1;France;Western Europe;"Elsevier Masson s.r.l.";"1998, 2004-2026";"Applied Psychology (Q3)";"Psychology"
850;67476;"Social Anthropology";journal;"14698676, 09640282";"Berghahn Journals";Yes;Yes;0,418;Q3;58;29;109;1330;195;91;1,74;45,86;59,09;0;United Kingdom;Western Europe;"Berghahn Journals";"1982, 1992-2025";"Anthropology (Q1); Arts and Humanities (miscellaneous) (Q1); Sociology and Political Science (Q2); Developmental and Educational Psychology (Q3)";"Arts and Humanities; Psychology; Social Sciences"
851;26550;"International Journal of Clinical and Experimental Hypnosis";journal;"00207144, 17445183";"Routledge";No;No;0,417;Q3;57;31;79;2031;142;69;2,00;65,52;53,75;0;United Kingdom;Western Europe;"Routledge";"1959-2026";"Complementary and Manual Therapy (Q2); Clinical Psychology (Q3)";"Health Professions; Psychology"
852;30066;"Journal of Psychophysiology";journal;"21512124, 02698803";"Hogrefe Publishing GmbH";No;No;0,417;Q3;53;12;61;683;79;56;0,97;56,92;48,84;0;Germany;Western Europe;"Hogrefe Publishing GmbH";"1987-2025";"Neuropsychology and Physiological Psychology (Q3); Neuroscience (miscellaneous) (Q4); Physiology (Q4)";"Biochemistry, Genetics and Molecular Biology; Neuroscience; Psychology"
853;5700164241;"Young";journal;"17413222, 11033088";"SAGE Publications Inc.";Yes;No;0,417;Q3;44;43;84;2386;184;82;1,48;55,49;72,55;2;United States;Northern America;"SAGE Publications Inc.";"1993-2026";"Sociology and Political Science (Q2); Developmental and Educational Psychology (Q3); Health (social science) (Q3)";"Psychology; Social Sciences"
854;15240;"Iranian Journal of Medical Sciences";journal;"17353688, 02530716";"Shiraz University of Medical Sciences";Yes;No;0,416;Q3;44;97;249;3039;386;213;1,59;31,33;46,19;0;Iran;Middle East;"Shiraz University of Medical Sciences";"1979-1981, 1989-2026";"Pharmacology, Toxicology and Pharmaceutics (miscellaneous) (Q2); Biochemistry, Genetics and Molecular Biology (miscellaneous) (Q3); Clinical Psychology (Q3); Immunology and Microbiology (miscellaneous)  (Q3); Medicine (miscellaneous) (Q3)";"Biochemistry, Genetics and Molecular Biology; Immunology and Microbiology; Medicine; Pharmacology, Toxicology and Pharmaceutics; Psychology"
855;145613;"American Journal of Family Therapy";journal;"01926187, 15210383";"Routledge";No;No;0,414;Q3;53;46;108;1914;181;106;1,51;41,61;50,53;0;United States;Northern America;"Routledge";"1979-2026";"Clinical Psychology (Q3); Social Psychology (Q3)";"Psychology"
856;12030;"Learning and Behavior";journal;"15434508, 15434494";"Springer New York";No;No;0,414;Q3;66;61;149;2322;157;126;1,01;38,07;52,74;0;United States;Northern America;"Springer New York";"2003-2026";"Cognitive Neuroscience (Q3); Experimental and Cognitive Psychology (Q3); Behavioral Neuroscience (Q4)";"Neuroscience; Psychology"
857;21101370217;"Journal of Psychopathology";journal;"24996904, 22840249";"Pacini Editore Srl";No;No;0,413;Q3;19;24;71;1013;113;69;1,80;42,21;59,62;0;Italy;Western Europe;"Pacini Editore Srl";"2014-2015, 2017-2026";"Clinical Psychology (Q3); Psychiatry and Mental Health (Q3)";"Medicine; Psychology"
858;30408;"American Indian and Alaska Native Mental Health Research";journal;"15337731, 08935394";"University Press of Colorado";No;No;0,412;Q3;33;11;38;210;54;38;0,75;19,09;67,16;0;United States;Northern America;"University Press of Colorado";"1987-1990, 1992-2026";"Anthropology (Q1); History (Q1); Education (Q2); Medicine (miscellaneous) (Q3); Psychiatry and Mental Health (Q3); Psychology (miscellaneous) (Q3)";"Arts and Humanities; Medicine; Psychology; Social Sciences"
859;4700152864;"Journal of Public Child Welfare";journal;"15548732, 15548740";"Taylor and Francis Ltd.";No;No;0,411;Q3;32;109;134;6496;245;133;1,81;59,60;70,22;1;United Kingdom;Western Europe;"Taylor and Francis Ltd.";"2006-2026";"Sociology and Political Science (Q2); Developmental and Educational Psychology (Q3)";"Psychology; Social Sciences"
860;12792;"Pastoral Psychology";journal;"15736679, 00312789";"Springer New York";No;No;0,411;Q3;36;105;188;6116;262;186;1,40;58,25;47,45;1;United States;Northern America;"Springer New York";"1950-1972, 1975-2002, 2005-2026";"Religious Studies (Q1); Sociology and Political Science (Q2); Applied Psychology (Q3); Social Psychology (Q3)";"Arts and Humanities; Psychology; Social Sciences"
861;4700152751;"Journal of Workplace Behavioral Health";journal;"15555259, 15555240";"Routledge";No;No;0,410;Q3;28;93;65;5764;121;61;1,70;61,98;55,32;0;United States;Northern America;"Routledge";"2005-2026";"Applied Psychology (Q3); Public Health, Environmental and Occupational Health (Q3)";"Medicine; Psychology"
862;21100860435;"Journal of Motor Learning and Development";journal;"23253215, 23253193";"Human Kinetics Publishers Inc.";No;No;0,409;Q3;23;43;99;2288;148;97;1,51;53,21;46,47;0;United States;Northern America;"Human Kinetics Publishers Inc.";"2017-2026";"Biophysics (Q3); Cognitive Neuroscience (Q3); Experimental and Cognitive Psychology (Q3); Orthopedics and Sports Medicine (Q3)";"Biochemistry, Genetics and Molecular Biology; Medicine; Neuroscience; Psychology"
863;11200153529;"Journal of Spirituality in Mental Health";journal;"19349645, 19349637";"Routledge";No;No;0,409;Q3;23;53;68;2978;110;68;1,45;56,19;51,52;0;United States;Northern America;"Routledge";"2006-2026";"Religious Studies (Q1); Social Sciences (miscellaneous) (Q2); Applied Psychology (Q3); Social Psychology (Q3)";"Arts and Humanities; Psychology; Social Sciences"
864;14823;"Social Cognition";journal;"0278016X";"Guilford Publications";No;No;0,409;Q3;95;30;73;1691;69;70;0,85;56,37;46,34;0;United States;Northern America;"Guilford Publications";"1982, 1985-1987, 1996-2025";"Developmental and Educational Psychology (Q3); Social Psychology (Q3)";"Psychology"
865;15352;"Japanese Psychological Research";journal;"00215368, 14685884";"Wiley-Blackwell Publishing Ltd";No;No;0,408;Q3;40;82;166;3560;207;162;1,08;43,41;34,44;0;United Kingdom;Western Europe;"Wiley-Blackwell Publishing Ltd";"1954-1956, 1958-1990, 1992-2026";"Psychology (miscellaneous) (Q3)";"Psychology"
866;21101308797;"African Journal of Psychological Assessment";journal;"26172798, 27071618";"AOSIS (Pty) Ltd";Yes;No;0,405;Q3;7;8;37;301;48;35;0,91;37,63;57,89;0;South Africa;Africa;"AOSIS (Pty) Ltd";"2021-2025";"Applied Psychology (Q3); Developmental and Educational Psychology (Q3); Psychology (miscellaneous) (Q3); Social Psychology (Q3)";"Psychology"
867;21100898825;"Aloma";journal;"23399694, 11383194";"Facultat de Psicologia, Ciencies de l'Educacio i de l'Esport Blanquerna";Yes;No;0,404;Q3;12;13;46;569;77;46;1,45;43,77;44,44;0;Spain;Western Europe;"Facultat de Psicologia, Ciencies de l'Educacio i de l'Esport Blanquerna";"2018-2025";"Computer Networks and Communications (Q2); Education (Q2); Physical Therapy, Sports Therapy and Rehabilitation (Q3); Psychology (miscellaneous) (Q3)";"Computer Science; Health Professions; Psychology; Social Sciences"
868;19700175790;"International Journal of Social Psychology";journal;"15793680, 02134748";"SAGE Publications Ltd";No;No;0,404;Q3;31;7;64;0;111;63;1,21;0,00;54,55;0;United Kingdom;Western Europe;"SAGE Publications Ltd";"1986-2025";"Social Psychology (Q3)";"Psychology"
869;15431;"Journal of Comparative Psychology";journal;"07357036, 19392087";"American Psychological Association";No;No;0,403;Q3;95;29;88;1636;110;87;1,15;56,41;54,26;0;United States;Northern America;"American Psychological Association";"1983-2025";"Ecology, Evolution, Behavior and Systematics (Q2); Psychology (miscellaneous) (Q3)";"Agricultural and Biological Sciences; Psychology"
870;19700174949;"Postepy Psychiatrii i Neurologii";journal;"12302813";"Termedia Publishing House Ltd.";Yes;Yes;0,403;Q3;12;27;91;985;148;89;1,59;36,48;58,51;0;Poland;Eastern Europe;"Termedia Publishing House Ltd.";"2007-2025";"Clinical Psychology (Q3); Neurology (Q3); Neurology (clinical) (Q3); Psychiatry and Mental Health (Q3)";"Medicine; Neuroscience; Psychology"
871;12123;"Behavioral Sciences and the Law";journal;"10990798, 07353936";"John Wiley and Sons Ltd";No;No;0,402;Q3;91;49;126;3289;245;120;2,10;67,12;50,42;0;United Kingdom;Western Europe;"John Wiley and Sons Ltd";"1983-2026";"Law (Q2); Clinical Psychology (Q3); Medicine (miscellaneous) (Q3); Psychiatry and Mental Health (Q3)";"Medicine; Psychology; Social Sciences"
872;12797;"Journal of Educational and Psychological Consultation";journal;"10474412, 1532768X";"Routledge";No;No;0,401;Q3;42;34;60;1881;86;58;1,59;55,32;76,03;1;United States;Northern America;"Routledge";"1990-2005, 2007-2026";"Developmental and Educational Psychology (Q3); Psychology (miscellaneous) (Q3)";"Psychology"
873;21100905833;"Beyond Behavior";journal;"21635323, 10742956";"SAGE Publications Inc.";No;No;0,398;Q3;17;19;57;660;66;48;1,26;34,74;72,22;0;United States;Northern America;"SAGE Publications Inc.";"2012-2026";"Education (Q2); Clinical Psychology (Q3); Developmental and Educational Psychology (Q3)";"Psychology; Social Sciences"
874;21100836861;"Advances in Autism";journal;"20563876, 20563868";"Emerald Group Publishing Ltd.";No;No;0,396;Q3;20;54;88;2257;118;84;1,17;41,80;65,88;0;United Kingdom;Western Europe;"Emerald Group Publishing Ltd.";"2015-2026";"Cognitive Neuroscience (Q3); Developmental and Educational Psychology (Q3); Neurology (Q3); Neurology (clinical) (Q3); Psychiatry and Mental Health (Q3)";"Medicine; Neuroscience; Psychology"
875;21100824968;"International Perspectives in Psychology: Research, Practice, Consultation";journal;"21573891, 21573883";"Hogrefe-Verlag GmbH and Co. KG";No;No;0,396;Q3;15;24;72;1433;106;66;1,58;59,71;63,41;0;Germany;Western Europe;"Hogrefe-Verlag GmbH and Co. KG";"2017-2026";"Applied Psychology (Q3); Clinical Psychology (Q3); Social Psychology (Q3)";"Psychology"
876;19700175781;"Psychology and Neuroscience";journal;"19843054, 19833288";"Casa do Psicologo";Yes;Yes;0,396;Q3;27;21;76;1136;153;76;2,04;54,10;52,13;0;Brazil;Latin America;"Casa do Psicologo";"2010-2025";"Neuropsychology and Physiological Psychology (Q3); Neuroscience (miscellaneous) (Q4)";"Neuroscience; Psychology"
877;21101183485;"Imagination, Cognition and Personality";journal;"15414477, 02762366";"SAGE Publications Ltd";No;No;0,395;Q3;39;37;66;2182;89;56;1,21;58,97;51,28;0;United Kingdom;Western Europe;"SAGE Publications Ltd";"1982-2026";"Cognitive Neuroscience (Q3); Experimental and Cognitive Psychology (Q3); Psychology (miscellaneous) (Q3)";"Neuroscience; Psychology"
878;5800207390;"Clinical Supervisor";journal;"07325223, 1545231X";"Routledge";No;No;0,394;Q3;37;25;46;1266;81;36;1,88;50,64;69,44;0;United States;Northern America;"Routledge";"1983-2026";"Education (Q2); Clinical Psychology (Q3); Psychiatry and Mental Health (Q3)";"Medicine; Psychology; Social Sciences"
879;13560;"Ecological Psychology";journal;"15326969, 10407413";"Routledge";No;No;0,394;Q3;57;22;36;1601;51;32;1,32;72,77;30,36;0;United States;Northern America;"Routledge";"1989-2026";"Computer Science (miscellaneous) (Q2); Ecology, Evolution, Behavior and Systematics (Q2); Experimental and Cognitive Psychology (Q3); Social Psychology (Q3)";"Agricultural and Biological Sciences; Computer Science; Psychology"
880;16709;"Journal of Forensic Psychiatry and Psychology";journal;"14789957, 14789949";"Routledge";No;No;0,393;Q3;58;57;138;3046;179;137;1,23;53,44;62,32;1;United Kingdom;Western Europe;"Routledge";"2003-2026";"Clinical Psychology (Q3); Psychiatry and Mental Health (Q3)";"Medicine; Psychology"
881;12088;"Basic and Applied Social Psychology";journal;"01973533, 15324834";"Routledge";No;No;0,392;Q3;88;39;56;2477;102;54;1,43;63,51;50,88;0;United Kingdom;Western Europe;"Routledge";"1980-2026";"Applied Psychology (Q3); Social Psychology (Q3)";"Psychology"
882;300147009;"Acta Neuropsychologica";journal;"17307503";"MEDSPORTPRESS Publishing House";No;No;0,391;Q3;16;33;101;1360;124;101;1,41;41,21;49,44;0;Poland;Eastern Europe;"MEDSPORTPRESS Publishing House";"2005-2025";"Applied Psychology (Q3); Neuropsychology and Physiological Psychology (Q3)";"Psychology"
883;21101089135;"Sexual Health and Compulsivity";journal;"26929996";"Routledge";No;No;0,391;Q3;53;22;49;1263;98;49;1,89;57,41;51,52;0;United Kingdom;Western Europe;"Routledge";"2021-2026";"Clinical Psychology (Q3); Psychiatry and Mental Health (Q3)";"Medicine; Psychology"
884;13419;"Psychoanalytic Inquiry";journal;"19409133, 07351690";"Taylor and Francis Ltd.";No;No;0,390;Q3;43;153;236;3453;112;59;0,40;22,57;0,00;0;United Kingdom;Western Europe;"Taylor and Francis Ltd.";"1981-2026";"Clinical Psychology (Q3)";"Psychology"
885;21101023175;"Journal of Water and Environmental Nanotechnology";journal;"24766615, 24767204";"Iranian Environmental Mutagen Society";Yes;Yes;0,389;Q3;16;32;96;2165;250;96;2,52;67,66;33,77;0;Iran;Middle East;"Iranian Environmental Mutagen Society";"2019-2025";"Experimental and Cognitive Psychology (Q3); Materials Science (miscellaneous) (Q3); Social Psychology (Q3); Water Science and Technology (Q3)";"Environmental Science; Materials Science; Psychology"
886;21101037151;"Human Arenas";journal;"25225804";"Springer Science and Business Media Deutschland GmbH";No;No;0,387;Q3;18;150;227;8170;379;224;1,70;54,47;44,24;2;Netherlands;Western Europe;"Springer Science and Business Media Deutschland GmbH";"2018-2026";"Arts and Humanities (miscellaneous) (Q1); Social Sciences (miscellaneous) (Q2); Psychology (miscellaneous) (Q3)";"Arts and Humanities; Psychology; Social Sciences"
887;21100267903;"International Journal of Game-Based Learning";journal;"21556857, 21556849";"IGI Global Publishing";No;No;0,387;Q3;32;20;28;1166;60;28;2,50;58,30;44,44;0;United States;Northern America;"IGI Global Publishing";"2011-2025";"Education (Q2); Developmental and Educational Psychology (Q3); E-learning (Q3)";"Psychology; Social Sciences"
888;19700187606;"Roeper Review";journal;"1940865X, 02783193";"Taylor and Francis Ltd.";No;No;0,386;Q3;51;28;97;1180;103;71;1,00;42,14;69,44;0;United Kingdom;Western Europe;"Taylor and Francis Ltd.";"1978-2026";"Education (Q2); Developmental and Educational Psychology (Q3)";"Psychology; Social Sciences"
889;14980;"Humor";journal;"16133722, 09331719";"De Gruyter Mouton";No;No;0,384;Q3;60;24;86;1396;129;83;1,56;58,17;54,69;0;Germany;Western Europe;"De Gruyter Mouton";"1988-2026";"Linguistics and Language (Q1); Sociology and Political Science (Q2); Psychology (miscellaneous) (Q3)";"Psychology; Social Sciences"
890;21100855411;"Journal for Social Action in Counseling and Psychology";journal;"21598142";"Ball State University Center for Peace and Conflict Studies";Yes;Yes;0,383;Q3;9;5;34;221;38;34;0,88;44,20;71,43;0;United States;Northern America;"Ball State University Center for Peace and Conflict Studies";"2017-2025";"Sociology and Political Science (Q2); Clinical Psychology (Q3); Education (Q3); Social Psychology (Q3)";"Psychology; Social Sciences"
891;15726;"Kolner Zeitschrift fur Soziologie und Sozialpsychologie";journal;"00232653, 1861891X";"Forschungsinstitut fur Soziologie";No;No;0,381;Q3;44;37;111;3069;169;101;1,13;82,95;47,89;0;Germany;Western Europe;"Forschungsinstitut fur Soziologie";"1983, 1988-1989, 1992-1993, 1996-2026";"Sociology and Political Science (Q2); Social Psychology (Q3)";"Psychology; Social Sciences"
892;12671;"Mental Health, Religion and Culture";journal;"14699737, 13674676";"Routledge";No;No;0,381;Q3;60;33;223;1518;250;213;0,86;46,00;50,52;0;United Kingdom;Western Europe;"Routledge";"2000-2026";"Clinical Psychology (Q3); Psychiatry and Mental Health (Q3)";"Medicine; Psychology"
893;13541;"Dreaming";journal;"10530797, 15733351";"American Psychological Association";No;No;0,380;Q3;49;29;104;1093;117;104;0,84;37,69;51,43;0;United States;Northern America;"American Psychological Association";"1993-1994, 1996-2025";"Psychology (miscellaneous) (Q3)";"Psychology"
894;13375;"Psicologica";journal;"02112159, 15768597";"";Yes;Yes;0,380;Q3;24;5;27;312;23;27;0,81;62,40;38,89;0;Spain;Western Europe;"";"2004-2025";"Arts and Humanities (miscellaneous) (Q1); Developmental and Educational Psychology (Q3); Experimental and Cognitive Psychology (Q3); Psychology (miscellaneous) (Q3); Statistics and Probability (Q3)";"Arts and Humanities; Mathematics; Psychology"
895;21100210905;"i-Perception";journal;"20416695";"SAGE Publications Ltd";Yes;No;0,379;Q3;47;59;150;2423;212;149;1,03;41,07;33,33;0;United Kingdom;Western Europe;"SAGE Publications Ltd";"2010-2026";"Artificial Intelligence (Q3); Experimental and Cognitive Psychology (Q3); Ophthalmology (Q3); Sensory Systems (Q4)";"Computer Science; Medicine; Neuroscience; Psychology"
896;21100793123;"Journal of College Reading and Learning";journal;"10790195, 23327413";"Taylor and Francis Ltd.";No;No;0,379;Q3;25;15;55;811;69;47;1,09;54,07;44,19;0;United Kingdom;Western Europe;"Taylor and Francis Ltd.";"1983-2013, 2015-2026";"Linguistics and Language (Q1); Developmental and Educational Psychology (Q3); Education (Q3)";"Psychology; Social Sciences"
897;12100154833;"ACM Transactions on Applied Perception";journal;"15443965, 15443558";"Association for Computing Machinery";No;No;0,378;Q3;62;12;60;683;142;57;2,41;56,92;28,95;0;United States;Northern America;"Association for Computing Machinery";"2004-2026";"Computer Science (miscellaneous) (Q2); Experimental and Cognitive Psychology (Q3); Theoretical Computer Science (Q3)";"Computer Science; Mathematics; Psychology"
898;21100469452;"Timing and Time Perception";journal;"2213445X, 22134468";"Brill Academic Publishers";No;No;0,377;Q3;22;24;58;1291;46;56;0,40;53,79;38,16;0;Netherlands;Western Europe;"Brill Academic Publishers";"2013-2026";"Applied Psychology (Q3); Neuropsychology and Physiological Psychology (Q3); Cognitive Neuroscience (Q4); Experimental and Cognitive Psychology (Q4)";"Neuroscience; Psychology"
899;5700152857;"Mind, Culture, and Activity";journal;"10749039, 15327884";"Taylor and Francis Ltd.";No;No;0,375;Q3;69;0;72;0;115;61;0,94;0,00;0,00;0;United Kingdom;Western Europe;"Taylor and Francis Ltd.";"1994-2024";"Anthropology (Q1); Cultural Studies (Q1); Linguistics and Language (Q1); Developmental and Educational Psychology (Q3); Education (Q3); Social Psychology (Q3); Cognitive Neuroscience (Q4)";"Neuroscience; Psychology; Social Sciences"
900;21100838187;"European Journal of Humour Research";journal;"2307700X";"Cracow Tertium Society for the Promotion of Language Studies";Yes;Yes;0,373;Q3;13;56;134;2542;174;134;1,42;45,39;44,87;0;Poland;Eastern Europe;"Cracow Tertium Society for the Promotion of Language Studies";"2017-2025";"Cultural Studies (Q1); Linguistics and Language (Q1); Communication (Q2); Applied Psychology (Q3)";"Psychology; Social Sciences"
901;5800208235;"Spatial Cognition and Computation";journal;"13875868, 15739252";"Taylor and Francis Ltd.";No;No;0,372;Q4;46;14;34;755;78;34;2,05;53,93;46,30;0;United States;Northern America;"Taylor and Francis Ltd.";"2000, 2003-2026";"Computer Graphics and Computer-Aided Design (Q2); Computer Vision and Pattern Recognition (Q2); Earth-Surface Processes (Q2); Modeling and Simulation (Q3); Experimental and Cognitive Psychology (Q4)";"Computer Science; Earth and Planetary Sciences; Mathematics; Psychology"
902;13475;"Culture and Psychology";journal;"14617056, 1354067X";"SAGE Publications Ltd";No;No;0,371;Q3;61;97;137;5641;205;130;1,53;58,15;59,55;0;United Kingdom;Western Europe;"SAGE Publications Ltd";"1995-2026";"Cultural Studies (Q1); Anthropology (Q2); Sociology and Political Science (Q2); Social Psychology (Q3)";"Psychology; Social Sciences"
903;13277;"Families, Systems and Health";journal;"10917527, 19390602";"American Psychological Association";No;No;0,370;Q3;60;80;262;2100;258;254;0,78;26,25;71,53;1;United States;Northern America;"American Psychological Association";"1996-2025";"Applied Psychology (Q3); Psychiatry and Mental Health (Q3)";"Medicine; Psychology"
904;19900188288;"Subjectivity";journal;"17556341, 1755635X";"Palgrave Macmillan Ltd.";No;No;0,369;Q3;19;17;68;866;74;57;0,92;50,94;47,83;0;United Kingdom;Western Europe;"Palgrave Macmillan Ltd.";"2011, 2015-2025";"Applied Psychology (Q3); Social Psychology (Q3)";"Psychology"
905;21100790313;"Interpersona";journal;"19816472";"Study Group on Assessment, Therapy and Emotions";Yes;Yes;0,368;Q3;13;18;48;975;56;47;1,10;54,17;41,30;0;Germany;Western Europe;"Study Group on Assessment, Therapy and Emotions";"2016-2025";"Cultural Studies (Q1); Anthropology (Q2); Gender Studies (Q2); Developmental and Educational Psychology (Q3); Social Psychology (Q3)";"Psychology; Social Sciences"
906;5300152723;"Journal of Psychology in Africa";journal;"14330237, 18155626";"Taylor and Francis Ltd.";No;No;0,368;Q3;33;52;255;2485;326;255;1,17;47,79;48,28;0;United Kingdom;Western Europe;"Taylor and Francis Ltd.";"2006-2013, 2015-2025";"Psychology (miscellaneous) (Q3)";"Psychology"
907;21100911837;"Participatory Educational Research";journal;"21486123";"Ozgen Korkmaz";Yes;No;0,368;Q3;19;90;332;5601;620;331;1,48;62,23;46,74;0;Turkey;Middle East;"Ozgen Korkmaz";"2019-2026";"Developmental and Educational Psychology (Q3); Education (Q3)";"Psychology; Social Sciences"
908;5600155528;"International Journal of Organization Theory and Behavior";journal;"15324273, 10934537";"Emerald Publishing";No;No;0,367;Q3;17;65;49;5012;131;47;2,53;77,11;50,00;0;United Kingdom;Western Europe;"Emerald Publishing";"2012-2026";"Public Administration (Q2); Applied Psychology (Q3); Organizational Behavior and Human Resource Management (Q3)";"Business, Management and Accounting; Psychology; Social Sciences"
909;21100425898;"Fat Studies";journal;"2160486X, 21604851";"Taylor and Francis Ltd.";No;No;0,366;Q3;24;36;88;1489;123;82;1,33;41,36;75,00;1;United Kingdom;Western Europe;"Taylor and Francis Ltd.";"2012-2026";"Cultural Studies (Q1); Anthropology (Q2); Gender Studies (Q2); Health (social science) (Q3); Nutrition and Dietetics (Q3); Social Psychology (Q3)";"Nursing; Psychology; Social Sciences"
910;30085;"Journal of Social and Clinical Psychology";journal;"07367236";"Guilford Publications";No;No;0,366;Q3;121;24;68;1247;74;68;1,19;51,96;48,62;0;United States;Northern America;"Guilford Publications";"1983-1985, 1987-1988, 1990, 1996-2025";"Clinical Psychology (Q3); Social Psychology (Q3)";"Psychology"
911;6200180185;"Infancia y Aprendizaje";journal;"15784126, 02103702";"SAGE Publications Ltd";No;No;0,365;Q3;33;8;93;477;133;89;1,27;59,63;61,11;0;United Kingdom;Western Europe;"SAGE Publications Ltd";"1978-2025";"Developmental and Educational Psychology (Q3); Education (Q3)";"Psychology; Social Sciences"
912;15405;"Journal of Child Psychotherapy";journal;"14699370, 0075417X";"Routledge";No;No;0,365;Q3;29;38;102;1134;69;74;0,71;29,84;65,79;0;United Kingdom;Western Europe;"Routledge";"1963-2026";"Clinical Psychology (Q3); Pediatrics, Perinatology and Child Health (Q3); Psychiatry and Mental Health (Q3)";"Medicine; Psychology"
913;21101179292;"Spiritual Psychology and Counseling";journal;"24589675";"";Yes;Yes;0,365;Q3;5;17;38;1286;57;38;1,50;75,65;52,94;0;Turkey;Middle East;"";"2023-2025";"Psychology (miscellaneous) (Q3)";"Psychology"
914;70451;"Consulting Psychology Journal";journal;"10659293, 19390149";"American Psychological Association";No;No;0,364;Q3;57;19;63;1023;106;61;1,58;53,84;59,46;0;United States;Northern America;"American Psychological Association";"1993-2025";"Applied Psychology (Q3); Developmental and Educational Psychology (Q3); Psychology (miscellaneous) (Q3)";"Psychology"
915;15457;"Journal of Employment Counseling";journal;"21611920, 00220787";"Wiley-Blackwell";No;No;0,364;Q3;38;17;50;1352;70;50;1,41;79,53;58,54;0;United States;Northern America;"Wiley-Blackwell";"1964-2026";"Applied Psychology (Q3); Organizational Behavior and Human Resource Management (Q3); Psychology (miscellaneous) (Q3)";"Business, Management and Accounting; Psychology"
916;21100775661;"Physical Culture and Sport, Studies and Research";journal;"20812221, 18994849";"De Gruyter Open Ltd";Yes;No;0,364;Q3;16;32;79;1783;145;79;1,59;55,72;42,42;0;Poland;Eastern Europe;"De Gruyter Open Ltd";"2016-2026";"Cultural Studies (Q1); Applied Psychology (Q3); Education (Q3); Tourism, Leisure and Hospitality Management (Q3)";"Business, Management and Accounting; Psychology; Social Sciences"
917;17320;"Bulletin of the Menninger Clinic";journal;"00259284, 19432828";"Guilford Publications";No;No;0,363;Q3;45;17;69;461;84;68;1,29;27,12;62,32;0;United States;Northern America;"Guilford Publications";"1945-2025";"Clinical Psychology (Q3); Psychiatry and Mental Health (Q3)";"Medicine; Psychology"
918;18300156711;"Advances in Cognitive Psychology";journal;"18951171";"VIZJA University";Yes;No;0,362;Q3;40;17;95;908;100;91;1,08;53,41;51,02;0;Poland;Eastern Europe;"VIZJA University";"2007-2025";"Applied Psychology (Q3); Clinical Psychology (Q3); Psychiatry and Mental Health (Q3); Psychology (miscellaneous) (Q3); Experimental and Cognitive Psychology (Q4); Neuroscience (miscellaneous) (Q4)";"Medicine; Neuroscience; Psychology"
919;21100396438;"Psicologia Sociale";journal;"26122006, 18272517";"Societa Editrice Il Mulino";No;No;0,362;Q3;15;20;60;1376;63;58;0,78;68,80;51,79;0;Italy;Western Europe;"Societa Editrice Il Mulino";"2006-2025";"Social Psychology (Q3)";"Psychology"
920;21100329892;"Journal of Infant, Child, and Adolescent Psychotherapy";journal;"19409214, 15289168";"Routledge";No;No;0,361;Q3;23;23;96;663;74;83;0,95;28,83;70,27;0;United States;Northern America;"Routledge";"2000, 2002, 2004-2010, 2014-2026";"Clinical Psychology (Q3); Psychiatry and Mental Health (Q3)";"Medicine; Psychology"
921;21100211114;"Music Therapy Perspectives";journal;"07346875, 20537387";"Oxford University Press";No;No;0,360;Q3;22;29;75;1256;86;70;0,91;43,31;74,12;0;United States;Northern America;"Oxford University Press";"1983-1984, 1986-1987, 1990, 1992-1995, 2002, 2008, 2011-2026";"Music (Q1); Complementary and Alternative Medicine (Q2); Applied Psychology (Q3)";"Arts and Humanities; Medicine; Psychology"
922;17998;"Neuropsychiatrie";journal;"09486259, 21941327";"Springer";No;No;0,360;Q3;24;47;95;1202;83;59;0,97;25,57;50,36;1;Austria;Western Europe;"Springer";"1995-2026";"Clinical Psychology (Q3); Psychiatry and Mental Health (Q3)";"Medicine; Psychology"
923;12100156481;"International Journal of Art Therapy: Inscape";journal;"17454832, 17454840";"Routledge";No;No;0,359;Q3;29;42;76;1989;129;58;1,35;47,36;78,13;0;United Kingdom;Western Europe;"Routledge";"2010-2026";"Clinical Psychology (Q3); Rehabilitation (Q3)";"Medicine; Psychology"
924;21100896490;"ETS Research Report Series";journal;"23308516";"John Wiley &amp; Sons Inc.";No;No;0,358;Q3;29;0;45;0;76;45;2,23;0,00;0,00;0;United States;Northern America;"John Wiley &amp; Sons Inc.";"1996-2014, 2018-2025";"Applied Psychology (Q3); Education (Q3); Social Psychology (Q3); Statistics, Probability and Uncertainty (Q3)";"Decision Sciences; Psychology; Social Sciences"
925;21100897202;"FWU Journal of Social Sciences";journal;"19951272";"Shaheed Benazir Bhutto Women University";No;No;0,356;Q3;11;48;126;2430;265;126;1,47;50,63;44,23;0;Pakistan;Asiatic Region;"Shaheed Benazir Bhutto Women University";"2018-2025";"History (Q1); Social Sciences (miscellaneous) (Q2); Sociology and Political Science (Q2); Education (Q3); Psychology (miscellaneous) (Q3)";"Arts and Humanities; Psychology; Social Sciences"
926;21101055930;"Open Education Studies";journal;"25447831";"Walter de Gruyter GmbH";Yes;No;0,356;Q3;13;50;126;3102;235;126;1,89;62,04;45,39;0;Poland;Eastern Europe;"Walter de Gruyter GmbH";"2019-2026";"Social Sciences (miscellaneous) (Q2); Developmental and Educational Psychology (Q3); Education (Q3)";"Psychology; Social Sciences"
927;21100197358;"Psyecology";journal;"19899386, 21711976";"SAGE Publications Inc.";No;No;0,356;Q3;19;10;40;243;47;40;1,42;24,30;62,50;0;United Kingdom;Western Europe;"SAGE Publications Inc.";"2010-2025";"Applied Psychology (Q3); Environmental Science (miscellaneous) (Q3); Experimental and Cognitive Psychology (Q4)";"Environmental Science; Psychology"
928;19700188308;"Research in Human Development";journal;"15427617, 15427609";"Routledge";No;No;0,356;Q3;39;24;41;1085;55;39;1,29;45,21;69,39;0;United States;Northern America;"Routledge";"2004-2005, 2008-2025";"Developmental and Educational Psychology (Q3); Social Psychology (Q3)";"Psychology"
929;21101138521;"Journal of Education Culture and Society";journal;"20811640";"Pro Scientia Publica Foundation";Yes;No;0,355;Q3;17;110;240;4462;388;238;1,94;40,56;54,66;0;Poland;Eastern Europe;"Pro Scientia Publica Foundation";"2019-2025";"History (Q1); History and Philosophy of Science (Q1); Sociology and Political Science (Q2); Education (Q3); Psychology (miscellaneous) (Q3)";"Arts and Humanities; Psychology; Social Sciences"
930;19900191409;"Partner Abuse";journal;"19466560, 19466579";"Springer Publishing Company";No;No;0,355;Q3;16;30;77;2039;96;77;1,06;67,97;68,60;0;United States;Northern America;"Springer Publishing Company";"2011, 2017-2026";"Gender Studies (Q2); Law (Q2); Clinical Psychology (Q3); Health (social science) (Q3); Pediatrics, Perinatology and Child Health (Q3); Social Psychology (Q3)";"Medicine; Psychology; Social Sciences"
931;21101230594;"Human-Animal Interactions";journal;"29579538";"CABI International";Yes;No;0,354;Q3;7;57;114;2913;224;100;1,99;51,11;76,54;0;United Kingdom;Western Europe;"CABI International";"2022-2025";"Social Sciences (miscellaneous) (Q2); Veterinary (miscellaneous) (Q2); Applied Psychology (Q3); Psychology (miscellaneous) (Q3)";"Psychology; Social Sciences; Veterinary"
932;4700152783;"Journal of Couple and Relationship Therapy";journal;"15332683, 15332691";"Routledge";No;No;0,354;Q3;31;21;58;1062;84;57;1,31;50,57;58,90;0;United States;Northern America;"Routledge";"2002-2026";"Gender Studies (Q2); Social Sciences (miscellaneous) (Q2); Applied Psychology (Q3); Social Psychology (Q3)";"Psychology; Social Sciences"
933;21100218515;"Journal of Gambling Issues";journal;"19107595";"";Yes;No;0,354;Q3;21;16;45;838;65;41;1,68;52,38;34,15;0;Canada;Northern America;"";"2006, 2009, 2012-2025";"Clinical Psychology (Q3); Psychiatry and Mental Health (Q3)";"Medicine; Psychology"
934;14821;"Social Behavior and Personality";journal;"11796391, 03012212";"Scientific Journal Publishers";No;No;0,354;Q3;81;208;512;8010;728;510;1,40;38,51;48,01;0;New Zealand;Pacific Region;"Scientific Journal Publishers";"1982, 1992, 1996-2026";"Social Psychology (Q3)";"Psychology"
935;17700156741;"International Journal of Play Therapy";journal;"15556824, 19390629";"American Psychological Association";No;No;0,353;Q3;35;18;53;741;53;51;0,88;41,17;82,00;0;United States;Northern America;"American Psychological Association";"1992-2025";"Complementary and Manual Therapy (Q2); Clinical Psychology (Q3)";"Health Professions; Psychology"
936;19800188058;"Australian Journal of Learning Difficulties";journal;"19404158, 19404166";"Routledge";No;No;0,352;Q3;20;10;31;499;61;31;1,67;49,90;72,97;0;United Kingdom;Western Europe;"Routledge";"2008-2026";"Developmental and Educational Psychology (Q3); Education (Q3); Social Psychology (Q3)";"Psychology; Social Sciences"
937;19700200984;"Review of Cognitive Linguistics";journal;"18779751, 1877976X";"John Benjamins Publishing Company";No;No;0,351;Q3;31;45;82;2493;58;80;0,64;55,40;51,56;0;Netherlands;Western Europe;"John Benjamins Publishing Company";"2010-2026";"Linguistics and Language (Q1); Developmental and Educational Psychology (Q3)";"Psychology; Social Sciences"
938;12823;"Canadian Journal of Human Sexuality";journal;"22917063, 11884517";"University of Toronto Press";No;No;0,350;Q3;47;40;106;2530;119;105;0,86;63,25;72,22;0;Canada;Northern America;"University of Toronto Press";"1994, 1996-2025";"Psychiatry and Mental Health (Q3); Psychology (miscellaneous) (Q3)";"Medicine; Psychology"
939;21101060896;"European Journal of Psychology Open";journal;"26738627";"Hogrefe-Verlag GmbH and Co. KG";Yes;No;0,350;Q3;42;17;45;821;60;44;0,90;48,29;55,32;0;Germany;Western Europe;"Hogrefe-Verlag GmbH and Co. KG";"2021-2026";"Psychology (miscellaneous) (Q3)";"Psychology"
940;21101177511;"Journal of LGBTQ Issues in Counseling";journal;"26924951, 2692496X";"Routledge";No;No;0,350;Q3;39;34;84;1323;93;69;1,04;38,91;64,95;0;United Kingdom;Western Europe;"Routledge";"2021-2026";"Gender Studies (Q2); Applied Psychology (Q3); Clinical Psychology (Q3); Psychiatry and Mental Health (Q3)";"Medicine; Psychology; Social Sciences"
941;21100904920;"Journal of Measurement and Evaluation in Education and Psychology";journal;"13096575";"Association of Measurement and Evaluation in Education and Psychology (EPODDER)";Yes;No;0,349;Q3;9;8;82;352;111;81;0,72;44,00;43,75;0;Turkey;Middle East;"Association of Measurement and Evaluation in Education and Psychology (EPODDER)";"2018-2025";"Developmental and Educational Psychology (Q3); Education (Q3)";"Psychology; Social Sciences"
942;21101126440;"Drugs, Habits and Social Policy";journal;"27526739, 27526747";"Emerald Publishing";No;No;0,348;Q3;25;16;69;746;82;65;1,49;46,63;39,62;0;United Kingdom;Western Europe;"Emerald Publishing";"2022-2025";"Clinical Psychology (Q3); Health Policy (Q3); Health (social science) (Q3); Psychiatry and Mental Health (Q3); Public Health, Environmental and Occupational Health (Q3)";"Medicine; Psychology; Social Sciences"
943;4700152822;"Journal of Creativity in Mental Health";journal;"15401391, 15401383";"Routledge";No;No;0,347;Q3;30;46;137;2044;184;127;1,36;44,43;76,60;0;United States;Northern America;"Routledge";"2006-2026";"Clinical Psychology (Q3); Psychiatry and Mental Health (Q3)";"Medicine; Psychology"
944;19900195028;"SA Journal of Industrial Psychology";journal;"20710763, 02585200";"AOSIS (Pty) Ltd";Yes;No;0,347;Q3;40;45;100;2940;204;99;1,91;65,33;53,33;0;South Africa;Africa;"AOSIS (Pty) Ltd";"2011-2026";"Applied Psychology (Q3); Social Psychology (Q3)";"Psychology"
945;21100860383;"Cultural-Historical Psychology";journal;"22248935, 18165435";"Moscow State University of Psychology and Education";Yes;Yes;0,346;Q3;15;49;156;1385;127;156;0,80;28,27;61,00;0;Russian Federation;Eastern Europe;"Moscow State University of Psychology and Education";"2018-2025";"Cultural Studies (Q1); Applied Psychology (Q3); Developmental and Educational Psychology (Q3); Psychology (miscellaneous) (Q3); Social Psychology (Q3)";"Psychology; Social Sciences"
946;5600154732;"Journal for Specialists in Group Work";journal;"01933922, 15496295";"Routledge";No;No;0,346;Q3;35;9;55;433;66;41;0,98;48,11;85,00;0;United Kingdom;Western Europe;"Routledge";"1981-2025";"Developmental and Educational Psychology (Q3); Social Psychology (Q3)";"Psychology"
947;16707;"Journal of Family Therapy";journal;"14676427, 01634445";"Wiley-Blackwell Publishing Ltd";No;No;0,346;Q3;55;30;99;1750;129;87;0,98;58,33;55,22;1;United Kingdom;Western Europe;"Wiley-Blackwell Publishing Ltd";"1979-2026";"Social Sciences (miscellaneous) (Q2); Clinical Psychology (Q3); Social Psychology (Q3)";"Psychology; Social Sciences"
948;12700154743;"Psykhe";journal;"07182228, 07170297";"Pontificia Universidad Catolica de Chile";Yes;Yes;0,346;Q3;27;20;94;1337;110;93;0,89;66,85;54,10;0;Chile;Latin America;"Pontificia Universidad Catolica de Chile";"2007-2025";"Psychology (miscellaneous) (Q3)";"Psychology"
949;21101045709;"Forensic Science International: Mind and Law";journal;"26663538";"Elsevier B.V.";Yes;No;0,345;Q3;14;0;35;0;82;27;2,05;0,00;0,00;0;Netherlands;Western Europe;"Elsevier B.V.";"2020-2024";"Law (Q2); Psychiatry and Mental Health (Q3); Psychology (miscellaneous) (Q3)";"Medicine; Psychology; Social Sciences"
950;19700173116;"Journal of Children's Services";journal;"17466660";"Emerald Group Publishing Ltd.";No;No;0,345;Q3;30;11;50;543;77;49;0,97;49,36;65,79;0;United Kingdom;Western Europe;"Emerald Group Publishing Ltd.";"2006-2026";"Law (Q2); Sociology and Political Science (Q2); Developmental and Educational Psychology (Q3); Education (Q3); Health (social science) (Q3)";"Psychology; Social Sciences"
951;21100902869;"South African Journal of Childhood Education";journal;"22237674, 22237682";"AOSIS (Pty) Ltd";Yes;No;0,345;Q3;14;39;156;1904;219;151;1,26;48,82;67,61;0;South Africa;Africa;"AOSIS (Pty) Ltd";"2019-2026";"Developmental and Educational Psychology (Q3); Education (Q3)";"Psychology; Social Sciences"
952;21101136680;"Bereavement";journal;"27547833";"Cruse Bereavement Care";No;No;0,344;Q3;22;0;37;0;51;32;0,82;0,00;0,00;0;United Kingdom;Western Europe;"Cruse Bereavement Care";"2022-2024";"Advanced and Specialized Nursing (Q2); Gerontology (Q3); Health (social science) (Q3); Social Psychology (Q3)";"Nursing; Psychology; Social Sciences"
953;5800207716;"Gesture";journal;"15699773, 15681475";"John Benjamins Publishing Company";No;No;0,344;Q4;50;2;30;101;37;30;0,80;50,50;100,00;0;Netherlands;Western Europe;"John Benjamins Publishing Company";"2001-2014, 2016-2026";"Cultural Studies (Q1); Communication (Q2); Linguistics and Language (Q2); Experimental and Cognitive Psychology (Q4)";"Psychology; Social Sciences"
954;21100217020;"Revista Iberoamericana de Diagnostico y Evaluacion Psicologica";journal;"21836051, 11353848";"AIDEP";No;No;0,343;Q3;22;24;184;1087;133;183;0,59;45,29;68,33;0;Spain;Western Europe;"AIDEP";"2008-2025";"Psychology (miscellaneous) (Q3)";"Psychology"
955;21101341270;"Child Protection and Practice";journal;"29501938";"Elsevier B.V.";Yes;No;0,342;Q3;6;164;75;7857;131;62;1,75;47,91;69,50;0;Netherlands;Western Europe;"Elsevier B.V.";"2024-2026";"Developmental and Educational Psychology (Q3)";"Psychology"
956;21100972436;"Gifted and Talented International";journal;"15332276, 24709565";"Routledge";No;No;0,342;Q3;18;12;40;852;58;38;1,27;71,00;40,91;0;United States;Northern America;"Routledge";"1996-2026";"Developmental and Educational Psychology (Q3); Education (Q3)";"Psychology; Social Sciences"
957;21100244818;"International Journal of Developmental Sciences";journal;"21917485, 2192001X";"SAGE Publications Ltd";No;No;0,342;Q3;29;16;31;827;40;23;1,42;51,69;60,42;0;United Kingdom;Western Europe;"SAGE Publications Ltd";"2007-2026";"Developmental and Educational Psychology (Q3); Life-span and Life-course Studies (Q3); Social Psychology (Q3); Aging (Q4); Developmental Neuroscience (Q4)";"Biochemistry, Genetics and Molecular Biology; Neuroscience; Psychology; Social Sciences"
958;5800207425;"Journal of Poetry Therapy";journal;"08893675, 15672344";"Taylor and Francis Ltd.";No;No;0,342;Q3;20;91;100;2824;112;85;1,16;31,03;61,24;0;United Kingdom;Western Europe;"Taylor and Francis Ltd.";"1990-1993, 1996, 1999-2000, 2003-2026";"Clinical Psychology (Q3); Rehabilitation (Q3)";"Medicine; Psychology"
959;21100200401;"International Journal of Psychological Research";journal;"20117922, 20112084";"Universidad de San Buenaventura";Yes;Yes;0,341;Q3;23;20;69;1042;90;65;1,15;52,10;37,50;0;Colombia;Latin America;"Universidad de San Buenaventura";"2011-2025";"Psychology (miscellaneous) (Q3)";"Psychology"
960;21100940999;"Revista Latinoamericana de Ciencias Sociales, Ninez y Juventud";journal;"20277679, 1692715X";"Revista Latinoamericana de Ciencias Sociales";Yes;Yes;0,340;Q3;11;49;174;2662;152;172;0,75;54,33;58,27;0;Colombia;Latin America;"Revista Latinoamericana de Ciencias Sociales";"2019-2025";"Social Sciences (miscellaneous) (Q2); Developmental and Educational Psychology (Q3)";"Psychology; Social Sciences"
961;18083;"Sociological Focus";journal;"00380237, 21621128";"Taylor and Francis Inc.";No;No;0,340;Q3;36;34;89;2809;101;88;0,98;82,62;50,72;0;United States;Northern America;"Taylor and Francis Inc.";"1970-1984, 1987-2013, 2015-2026";"Social Sciences (miscellaneous) (Q2); Psychology (miscellaneous) (Q3)";"Psychology; Social Sciences"
962;19600157748;"Ansiedad y Estres";journal;"21740437, 11347937";"Spanish Society for the Study of Anxiety and Stress (SEAS)";No;No;0,338;Q3;20;13;61;640;75;61;1,39;49,23;50,91;0;Spain;Western Europe;"Spanish Society for the Study of Anxiety and Stress (SEAS)";"2009-2025";"Applied Psychology (Q3); Psychiatry and Mental Health (Q3); Social Psychology (Q3)";"Medicine; Psychology"
963;21100915638;"Journal of Forensic Psychology Research and Practice";journal;"24732850, 24732842";"Routledge";No;No;0,336;Q3;29;103;103;6125;167;101;1,53;59,47;54,05;1;United Kingdom;Western Europe;"Routledge";"2017-2026";"Applied Psychology (Q3); Pathology and Forensic Medicine (Q3)";"Medicine; Psychology"
964;14891;"International Journal of Group Psychotherapy";journal;"00207284, 19432836";"Taylor and Francis Ltd.";No;No;0,334;Q3;33;36;50;1771;74;45;1,25;49,19;53,54;1;United Kingdom;Western Europe;"Taylor and Francis Ltd.";"1957, 1959, 1961-2026";"Clinical Psychology (Q3)";"Psychology"
965;145569;"L1 Educational Studies in Language and Literature";journal;"15731731, 15676617";"International Association for Research in L1 Education (ARLE)";Yes;Yes;0,334;Q3;23;21;72;1491;85;72;1,06;71,00;68,42;0;Belgium;Western Europe;"International Association for Research in L1 Education (ARLE)";"2001-2025";"Literature and Literary Theory (Q1); Health Professions (miscellaneous) (Q2); Linguistics and Language (Q2); Education (Q3); Psychology (miscellaneous) (Q3)";"Arts and Humanities; Health Professions; Psychology; Social Sciences"
966;5800173397;"Body, Movement and Dance in Psychotherapy";journal;"17432987, 17432979";"Taylor and Francis Ltd.";No;No;0,333;Q3;20;35;76;1162;69;62;0,94;33,20;80,56;0;United Kingdom;Western Europe;"Taylor and Francis Ltd.";"2006-2026";"Clinical Psychology (Q3); Psychiatry and Mental Health (Q3)";"Medicine; Psychology"
967;21100937445;"Journal of Education and e-Learning Research";journal;"25180169, 24109991";"Asian Online Journal Publishing Group";Yes;No;0,333;Q3;19;74;207;3447;419;207;1,97;46,58;48,81;0;United States;Northern America;"Asian Online Journal Publishing Group";"2019-2026";"Computer Science Applications (Q3); Developmental and Educational Psychology (Q3); Education (Q3)";"Computer Science; Psychology; Social Sciences"
968;21101030208;"Biolinguistics";journal;"14503417";"PsychOpen";Yes;Yes;0,332;Q4;5;5;27;135;38;25;1,55;27,00;30,00;0;Cyprus;Western Europe;"PsychOpen";"2008, 2010, 2013, 2015, 2017, 2019-2025";"Linguistics and Language (Q2); Experimental and Cognitive Psychology (Q4)";"Psychology; Social Sciences"
969;12840;"Child and Family Behavior Therapy";journal;"1545228X, 07317107";"Taylor and Francis Ltd.";No;No;0,331;Q3;38;24;53;1742;57;53;1,14;72,58;68,60;0;United States;Northern America;"Taylor and Francis Ltd.";"1983-2026";"Social Sciences (miscellaneous) (Q2); Clinical Psychology (Q3)";"Psychology; Social Sciences"
970;130028;"Clinical Case Studies";journal;"15346501, 15523802";"SAGE Publications Inc.";No;No;0,329;Q3;29;26;93;1044;96;93;0,97;40,15;65,93;0;United States;Northern America;"SAGE Publications Inc.";"2002-2026";"Clinical Psychology (Q3); Psychiatry and Mental Health (Q3)";"Medicine; Psychology"
971;19700175607;"Estudios de Psicologia";journal;"02109395, 15793699";"SAGE Publications Inc.";No;No;0,328;Q3;24;0;63;0;70;60;0,94;0,00;0,00;0;United Kingdom;Western Europe;"SAGE Publications Inc.";"1980-2025";"Psychology (miscellaneous) (Q3)";"Psychology"
972;21101162692;"Journal of Education and Learning";journal;"20899823, 23029277";"Intelektual Pustaka Media Utama";No;No;0,328;Q3;11;240;240;11348;491;240;2,05;47,28;45,82;0;Indonesia;Asiatic Region;"Intelektual Pustaka Media Utama";"2023-2026";"Development (Q3); Developmental and Educational Psychology (Q3); Education (Q3)";"Psychology; Social Sciences"
973;5700153385;"Journal of Human Values";journal;"09730737, 09716858";"Sage Publications India Pvt. Ltd";No;No;0,328;Q3;23;41;67;2197;108;58;1,77;53,59;40,00;0;India;Asiatic Region;"Sage Publications India Pvt. Ltd";"1995-2026";"Cultural Studies (Q1); Philosophy (Q1); Sociology and Political Science (Q2); Organizational Behavior and Human Resource Management (Q3); Social Psychology (Q3)";"Arts and Humanities; Business, Management and Accounting; Psychology; Social Sciences"
974;21101030478;"Journal of Psychosocial Rehabilitation and Mental Health";journal;"2198963X, 21989834";"Springer";No;No;0,328;Q3;17;100;172;3632;184;140;1,03;36,32;53,36;1;India;Asiatic Region;"Springer";"2014-2026";"Clinical Psychology (Q3); Psychiatry and Mental Health (Q3); Rehabilitation (Q3)";"Medicine; Psychology"
975;14907;"Cognitive and Behavioral Neurology";journal;"15433633, 15433641";"Lippincott Williams and Wilkins";No;No;0,327;Q3;76;31;87;913;112;84;1,05;29,45;29,41;0;United States;Northern America;"Lippincott Williams and Wilkins";"2003-2026";"Medicine (miscellaneous) (Q3); Neuropsychology and Physiological Psychology (Q3); Psychiatry and Mental Health (Q3); Cognitive Neuroscience (Q4)";"Medicine; Neuroscience; Psychology"
976;21100215102;"Psychodynamic Psychiatry";journal;"21622590, 21622604";"Guilford Publications";No;No;0,327;Q3;35;39;149;1007;110;145;1,01;25,82;46,05;0;United States;Northern America;"Guilford Publications";"2012-2025";"Clinical Psychology (Q3); Medicine (miscellaneous) (Q3); Psychiatry and Mental Health (Q3)";"Medicine; Psychology"
977;15909;"Zeitschrift fur Arbeits- und Organisationspsychologie";journal;"09324089, 21906270";"Hogrefe Publishing";No;No;0,326;Q3;22;16;50;768;43;49;0,68;48,00;51,16;0;Germany;Western Europe;"Hogrefe Publishing";"2002-2025";"Applied Psychology (Q3); Organizational Behavior and Human Resource Management (Q3)";"Business, Management and Accounting; Psychology"
978;21100901905;"Revista de Psicologia Clinica con Ninos y Adolescentes";journal;"23408340";"Aitana Research Group";Yes;Yes;0,325;Q3;15;24;75;1156;88;74;1,06;48,17;53,41;0;Spain;Western Europe;"Aitana Research Group";"2018-2025";"Clinical Psychology (Q3); Developmental and Educational Psychology (Q3); Pediatrics, Perinatology and Child Health (Q3); Psychiatry and Mental Health (Q3); Experimental and Cognitive Psychology (Q4)";"Medicine; Psychology"
979;21100818750;"Journal of EMDR Practice and Research";journal;"1933320X, 19333196";"Springer Publishing Company";Yes;No;0,323;Q3;24;10;60;548;52;55;0,73;54,80;51,72;0;United States;Northern America;"Springer Publishing Company";"2010-2025";"Neuropsychology and Physiological Psychology (Q3); Psychiatry and Mental Health (Q3); Biological Psychiatry (Q4); Cognitive Neuroscience (Q4); Experimental and Cognitive Psychology (Q4)";"Medicine; Neuroscience; Psychology"
980;145406;"Art Therapy";journal;"07421656";"Taylor and Francis Ltd.";No;No;0,322;Q3;49;59;97;2081;142;73;1,13;35,27;75,86;0;United Kingdom;Western Europe;"Taylor and Francis Ltd.";"1983-2026";"Complementary and Manual Therapy (Q2); Clinical Psychology (Q3)";"Health Professions; Psychology"
981;17900156714;"Journal of Investigative Psychology and Offender Profiling";journal;"15444759, 15444767";"John Wiley and Sons Ltd";No;No;0,321;Q3;33;14;51;715;70;50;1,39;51,07;65,85;0;United Kingdom;Western Europe;"John Wiley and Sons Ltd";"2009-2026";"Applied Psychology (Q3); Social Psychology (Q3)";"Psychology"
982;13997;"Psychologische Rundschau";journal;"00333042, 21906238";"Hogrefe Verlag GmbH &amp; Co. KG";No;No;0,321;Q3;26;20;79;479;46;45;0,78;23,95;47,73;0;Germany;Western Europe;"Hogrefe Verlag GmbH &amp; Co. KG";"1973-1975, 1980, 1996-1997, 2002-2026";"Psychology (miscellaneous) (Q3)";"Psychology"
983;21100792737;"International Journal of Cognitive Research in Science, Engineering and Education";journal;"2334847X, 23348496";"Association for the Development of Science, Engineering and Education";Yes;No;0,321;Q4;20;59;150;2643;233;145;1,68;44,80;61,70;0;Serbia;Eastern Europe;"Association for the Development of Science, Engineering and Education";"2013-2025";"Education (Q3); Cognitive Neuroscience (Q4); Experimental and Cognitive Psychology (Q4)";"Neuroscience; Psychology; Social Sciences"
984;19900191857;"Education and Training in Autism and Developmental Disabilities";journal;"21541647";"SAGE Publications Ltd";No;No;0,318;Q3;61;25;94;1074;106;93;0,98;42,96;73,08;0;United States;Northern America;"SAGE Publications Ltd";"2010-2026";"Developmental and Educational Psychology (Q3); Education (Q3)";"Psychology; Social Sciences"
985;19700201401;"International Journal of Jungian Studies";journal;"19409060, 19409052";"Brill Academic Publishers";No;No;0,318;Q3;8;17;19;787;8;18;0,60;46,29;21,05;0;United Kingdom;Western Europe;"Brill Academic Publishers";"2010-2026";"Applied Psychology (Q3)";"Psychology"
986;21101293007;"Journal of Psychosexual Health";journal;"26318318, 26318326";"SAGE Publications Ltd";Yes;No;0,318;Q3;11;69;130;2067;179;104;0,99;29,96;48,85;0;United Kingdom;Western Europe;"SAGE Publications Ltd";"2021-2026";"Clinical Psychology (Q3); Obstetrics and Gynecology (Q3); Reproductive Medicine (Q3); Urology (Q3)";"Medicine; Psychology"
987;7200153135;"Forensische Psychiatrie, Psychologie, Kriminologie";journal;"18627072, 18627080";"";No;No;0,317;Q3;18;47;132;1567;93;109;0,84;33,34;50,56;0;Germany;Western Europe;"";"2007-2026";"Law (Q2); Applied Psychology (Q3); Psychiatry and Mental Health (Q3)";"Medicine; Psychology; Social Sciences"
988;19500157012;"Journal of Theoretical and Philosophical Psychology";journal;"21513341, 10688471";"American Psychological Association";No;No;0,316;Q3;32;30;94;1820;95;92;0,92;60,67;25,00;0;United States;Northern America;"American Psychological Association";"1986-2025";"Philosophy (Q1); Psychology (miscellaneous) (Q3)";"Arts and Humanities; Psychology"
989;21100899527;"Australian Feminist Law Journal";journal;"22040064, 13200968";"Routledge";No;No;0,315;Q3;10;11;42;269;54;37;0,96;24,45;68,75;0;Australia;Pacific Region;"Routledge";"2018-2026";"Literature and Literary Theory (Q1); Gender Studies (Q2); Law (Q2); Sociology and Political Science (Q2); Psychology (miscellaneous) (Q3)";"Arts and Humanities; Psychology; Social Sciences"
990;5700168544;"Adoption and Fostering";journal;"1740469X, 03085759";"SAGE Publications Ltd";No;No;0,314;Q3;37;33;101;1359;81;69;0,68;41,18;76,39;0;United Kingdom;Western Europe;"SAGE Publications Ltd";"1996-2026";"Law (Q2); Sociology and Political Science (Q2); Health (social science) (Q3); Human Factors and Ergonomics (Q3); Social Psychology (Q3)";"Psychology; Social Sciences"
991;21100967510;"East European Journal of Psycholinguistics";journal;"23123265, 23132116";"Lesya Ukrainka Volyn National University";Yes;No;0,314;Q4;8;34;82;1286;90;81;0,82;37,82;64,86;0;Ukraine;Eastern Europe;"Lesya Ukrainka Volyn National University";"2019-2025";"Linguistics and Language (Q2); Experimental and Cognitive Psychology (Q4)";"Psychology; Social Sciences"
992;21100896938;"Revista Fuentes";journal;"21727775";"Facultad de Ciencias de la Educacion";Yes;Yes;0,311;Q3;10;16;90;901;90;90;1,12;56,31;51,06;0;Spain;Western Europe;"Facultad de Ciencias de la Educacion";"2018-2025";"Sociology and Political Science (Q2); Developmental and Educational Psychology (Q3); Education (Q3)";"Psychology; Social Sciences"
993;21100824878;"Clinical Practice in Pediatric Psychology";journal;"21694826, 21694834";"SAGE Publications Ltd";No;No;0,309;Q3;27;0;127;0;145;125;1,12;0,00;0,00;0;United Kingdom;Western Europe;"SAGE Publications Ltd";"2013-2025";"Applied Psychology (Q3); Clinical Psychology (Q3); Developmental and Educational Psychology (Q3); Pediatrics, Perinatology and Child Health (Q3)";"Medicine; Psychology"
994;18336;"Counseling and Values";journal;"01607960, 2161007X";"Brill Academic Publishers";No;No;0,309;Q3;41;13;31;764;26;31;0,54;58,77;77,42;0;United States;Northern America;"Brill Academic Publishers";"1973-2025";"Religious Studies (Q1); Clinical Psychology (Q3); Social Psychology (Q3)";"Arts and Humanities; Psychology"
995;30015;"Journal of Multicultural Counseling and Development";journal;"21611912, 08838534";"John Wiley and Sons Inc";No;No;0,309;Q3;54;27;69;1049;84;68;1,26;38,85;59,65;0;United States;Northern America;"John Wiley and Sons Inc";"1985-2026";"Cultural Studies (Q1); Applied Psychology (Q3)";"Psychology; Social Sciences"
996;21100830426;"Journal of Criminological Research, Policy and Practice";journal;"2056385X, 20563841";"Emerald Group Publishing Ltd.";No;No;0,308;Q3;17;30;50;1806;64;48;1,45;60,20;58,02;0;United Kingdom;Western Europe;"Emerald Group Publishing Ltd.";"2015-2025";"Law (Q2); Sociology and Political Science (Q2); Health (social science) (Q3); Public Administration (Q3); Social Psychology (Q3)";"Psychology; Social Sciences"
997;21101389408;"International Journal of Technology in Education and Science";journal;"26515369";"Ayse Sahin Ozturk";No;No;0,307;Q3;5;32;38;1704;75;38;1,97;53,25;35,94;0;Turkey;Middle East;"Ayse Sahin Ozturk";"2024-2026";"Computer Science Applications (Q3); Developmental and Educational Psychology (Q3); Education (Q3)";"Computer Science; Psychology; Social Sciences"
998;21100828655;"Journal of Financial Therapy";journal;"19449771, 19457774";"Revista Civilistica";Yes;Yes;0,307;Q3;13;11;37;575;41;33;0,79;52,27;58,33;0;United States;Northern America;"Revista Civilistica";"2017-2025";"Applied Psychology (Q3); Finance (Q3); Health (social science) (Q3); Social Psychology (Q3)";"Economics, Econometrics and Finance; Psychology; Social Sciences"
999;6500153239;"Vulnerable Children and Youth Studies";journal;"17450136, 17450128";"Routledge";No;No;0,306;Q3;32;72;136;3443;140;136;1,03;47,82;58,42;1;United Kingdom;Western Europe;"Routledge";"2006-2026";"Sociology and Political Science (Q2); Developmental and Educational Psychology (Q3); Health (social science) (Q3)";"Psychology; Social Sciences"
1000;21100200812;"Revista de Psicopatologia y Psicologia Clinica";journal;"11365420, 22546057";"Asoc. Espanola de Psicologia Clinica y Psicopatologia";Yes;No;0,305;Q3;23;21;60;1043;66;60;1,29;49,67;65,75;0;Spain;Western Europe;"Asoc. Espanola de Psicologia Clinica y Psicopatologia";"2011-2025";"Clinical Psychology (Q3); Psychiatry and Mental Health (Q3)";"Medicine; Psychology"
1001;15374;"Journal of Analytical Psychology";journal;"14685922, 00218774";"Wiley-Blackwell Publishing Ltd";No;No;0,302;Q3;33;57;237;1314;115;180;0,46;23,05;50,00;0;United Kingdom;Western Europe;"Wiley-Blackwell Publishing Ltd";"1955-2026";"Clinical Psychology (Q3)";"Psychology"
1002;21100801744;"Violence and Gender";journal;"23267852, 23267836";"Mary Ann Liebert Inc.";No;No;0,301;Q3;26;16;79;662;78;75;1,09;41,38;61,40;0;United States;Northern America;"Mary Ann Liebert Inc.";"2014-2025";"Cultural Studies (Q1); Gender Studies (Q2); Health (social science) (Q3); Psychiatry and Mental Health (Q3); Social Psychology (Q3)";"Medicine; Psychology; Social Sciences"
1003;145657;"Conflict Resolution Quarterly";journal;"15365581, 15411508";"Wiley-Liss Inc.";No;No;0,300;Q3;29;61;101;2943;155;85;1,58;48,25;49,49;0;United States;Northern America;"Wiley-Liss Inc.";"2002, 2005-2026";"Law (Q2); Psychology (miscellaneous) (Q3)";"Psychology; Social Sciences"
1004;17500155123;"Journal of Imagery Research in Sport and Physical Activity";journal;"19320191";"Walter de Gruyter GmbH";No;No;0,300;Q3;17;8;37;395;38;36;1,06;49,38;66,67;0;Germany;Western Europe;"Walter de Gruyter GmbH";"2009-2025";"Applied Psychology (Q3); Physical Therapy, Sports Therapy and Rehabilitation (Q3); Sports Science (Q4)";"Health Professions; Psychology"
1005;19900193614;"Open Psychology Journal";journal;"18743501";"Bentham Science Publishers";Yes;No;0,298;Q3;20;42;127;2589;171;123;1,29;61,64;50,94;0;United Arab Emirates;Middle East;"Bentham Science Publishers";"2011-2025";"Psychology (miscellaneous) (Q3)";"Psychology"
1006;21100900142;"Theory and Practice of Second Language Acquisition";journal;"24505455, 24512125";"Wydawnictwo Uniwersytetu Slaskiego";Yes;Yes;0,298;Q3;8;14;70;610;63;63;0,62;43,57;46,15;0;Poland;Eastern Europe;"Wydawnictwo Uniwersytetu Slaskiego";"2018-2025";"Linguistics and Language (Q2); Developmental and Educational Psychology (Q3); Education (Q3)";"Psychology; Social Sciences"
1007;21101079124;"Journal of Integrated Disaster Risk Management";journal;"21858322";"IDRiM Society";No;No;0,297;Q3;7;28;53;1656;85;52;1,67;59,14;50,00;0;Japan;Asiatic Region;"IDRiM Society";"2019-2026";"Emergency Medicine (Q2); Urban Studies (Q2); Business, Management and Accounting (miscellaneous) (Q3); Management, Monitoring, Policy and Law (Q3); Management Science and Operations Research (Q3); Safety Research (Q3); Safety, Risk, Reliability and Quality (Q3); Social Psychology (Q3); Global and Planetary Change (Q4)";"Business, Management and Accounting; Decision Sciences; Engineering; Environmental Science; Medicine; Psychology; Social Sciences"
1008;22931;"Russian Linguistics";journal;"15728714, 03043487";"Springer Netherlands";No;No;0,297;Q3;18;17;56;839;49;54;0,65;49,35;60,00;0;Netherlands;Western Europe;"Springer Netherlands";"1974-1976, 1978-2003, 2005-2026";"Linguistics and Language (Q2); Developmental and Educational Psychology (Q3)";"Psychology; Social Sciences"
1009;19985;"Zeitschrift fur Kinder- und Jugendpsychiatrie und Psychotherapie";journal;"16642880, 14224917";"Hogrefe Publishing";No;No;0,297;Q3;30;49;154;1437;108;124;0,63;29,33;53,79;2;Switzerland;Western Europe;"Hogrefe Publishing";"1996-2026";"Clinical Psychology (Q3); Medicine (miscellaneous) (Q3); Pediatrics, Perinatology and Child Health (Q3); Psychiatry and Mental Health (Q3)";"Medicine; Psychology"
1010;21100834354;"International Journal of Human Rights in Healthcare";journal;"20564902, 20564910";"Emerald Group Publishing Ltd.";No;No;0,296;Q3;24;23;124;1190;140;116;1,14;51,74;46,30;0;United Kingdom;Western Europe;"Emerald Group Publishing Ltd.";"2015-2026";"Sociology and Political Science (Q2); Health Policy (Q3); Health (social science) (Q3); Public Administration (Q3); Social Psychology (Q3)";"Medicine; Psychology; Social Sciences"
1011;20600195510;"Journal of Aggression, Conflict and Peace Research";journal;"20428715, 17596599";"Emerald Group Publishing Ltd.";No;No;0,295;Q4;26;25;92;1288;120;86;1,29;51,52;58,00;0;United Kingdom;Western Europe;"Emerald Group Publishing Ltd.";"2009-2026";"Law (Q2); Sociology and Political Science (Q2); Health (social science) (Q3); Social Psychology (Q4)";"Psychology; Social Sciences"
1012;21101073718;"Learning Disabilities";journal;"19376928, 19376936";"Learning Disabilities Worldwide (LDW)";No;No;0,293;Q3;13;5;30;189;33;30;0,55;37,80;80,00;0;United States;Northern America;"Learning Disabilities Worldwide (LDW)";"2018-2025";"Developmental and Educational Psychology (Q3); Education (Q3); Health (social science) (Q3)";"Psychology; Social Sciences"
1013;23703;"Journal of Feminist Family Therapy";journal;"15404099, 08952833";"Routledge";No;No;0,292;Q3;25;11;44;539;63;41;0,86;49,00;75,00;0;United States;Northern America;"Routledge";"1989-2026";"Gender Studies (Q2); Applied Psychology (Q3)";"Psychology; Social Sciences"
1014;21100255350;"Journal of Forensic Practice";journal;"20508808, 20508794";"Emerald Publishing";No;No;0,292;Q3;25;52;82;2648;85;82;0,76;50,92;68,33;0;United Kingdom;Western Europe;"Emerald Publishing";"2013-2026";"Law (Q2); Applied Psychology (Q3); Pathology and Forensic Medicine (Q3); Psychiatry and Mental Health (Q3)";"Medicine; Psychology; Social Sciences"
1015;21100894554;"Multidisciplinary Journal of Educational Research";journal;"20142862";"Hipatia Editorial";Yes;No;0,292;Q3;11;12;44;593;64;44;1,52;49,42;39,02;0;Spain;Western Europe;"Hipatia Editorial";"2018-2025";"Developmental and Educational Psychology (Q3); Education (Q3); Sociology and Political Science (Q3)";"Psychology; Social Sciences"
1016;21100793178;"Psicoperspectivas";journal;"07186924";"Pontificia Universidad Catolica de Valparaiso";Yes;Yes;0,292;Q3;27;21;100;891;84;90;0,65;42,43;47,37;0;Chile;Latin America;"Pontificia Universidad Catolica de Valparaiso";"2006-2025";"Social Sciences (miscellaneous) (Q2); Psychology (miscellaneous) (Q3)";"Psychology; Social Sciences"
1017;15990;"Psychologie in Erziehung und Unterricht";journal;"0342183X";"Ernst Reinhardt Verlag";No;No;0,290;Q3;23;21;44;1019;35;36;1,00;48,52;76,92;0;Germany;Western Europe;"Ernst Reinhardt Verlag";"1996-2025";"Developmental and Educational Psychology (Q3)";"Psychology"
1018;28831;"Public Culture";journal;"15278018, 08992363";"Duke University Press";No;No;0,290;Q4;93;11;86;531;69;73;0,62;48,27;58,33;0;United States;Northern America;"Duke University Press";"1996-2025";"Arts and Humanities (miscellaneous) (Q2); Communication (Q2); Social Psychology (Q4)";"Arts and Humanities; Psychology; Social Sciences"
1019;19700175587;"Interdisciplinaria";journal;"03258203, 16687027";"Centro Interamericano de Investigaciones Psicologicas y Ciencias Afines";Yes;Yes;0,289;Q3;18;65;202;3777;163;202;0,61;58,11;50,27;0;Argentina;Latin America;"Centro Interamericano de Investigaciones Psicologicas y Ciencias Afines";"2009-2025";"Psychology (miscellaneous) (Q3)";"Psychology"
1020;21100899297;"Middle School Journal";journal;"00940771, 23276223";"Taylor and Francis Ltd.";No;No;0,289;Q3;25;24;80;567;72;62;0,93;23,63;66,00;0;United States;Northern America;"Taylor and Francis Ltd.";"1986, 1996-2026";"Developmental and Educational Psychology (Q3); Education (Q3)";"Psychology; Social Sciences"
1021;21100888810;"Studies in Business and Economics";journal;"23445416, 18424120";"De Gruyter Open Ltd.";Yes;Yes;0,289;Q4;18;60;182;2982;329;182;1,89;49,70;56,30;0;Poland;Eastern Europe;"De Gruyter Open Ltd.";"2018-2025";"Business, Management and Accounting (miscellaneous) (Q3); Economics, Econometrics and Finance (miscellaneous) (Q3); Social Psychology (Q4)";"Business, Management and Accounting; Economics, Econometrics and Finance; Psychology"
1022;13504;"Diagnostica";journal;"2190622X, 00121924";"Hogrefe Verlag GmbH &amp; Co. KG";No;No;0,288;Q3;63;14;56;652;52;54;0,75;46,57;68,42;0;Germany;Western Europe;"Hogrefe Verlag GmbH &amp; Co. KG";"1996-2025";"Clinical Psychology (Q3)";"Psychology"
1023;18300156724;"Psychology of Language and Communication";journal;"12342238";"University of Warsaw, Faculty of Psychology";Yes;Yes;0,288;Q3;18;0;51;0;67;50;1,37;0,00;0,00;0;Poland;Eastern Europe;"University of Warsaw, Faculty of Psychology";"2008-2024";"Communication (Q2); Linguistics and Language (Q2); Developmental and Educational Psychology (Q3); Experimental and Cognitive Psychology (Q4)";"Psychology; Social Sciences"
1024;21101141440;"Psychotherapie";journal;"27317161, 2731717X";"Springer Medizin";No;No;0,288;Q3;26;61;183;1887;148;162;0,70;30,93;59,83;0;Germany;Western Europe;"Springer Medizin";"2022-2026";"Clinical Psychology (Q3)";"Psychology"
1025;19942;"Verhaltenstherapie";journal;"14230402, 10166262";"S. Karger AG";No;No;0,288;Q3;29;32;69;1444;81;60;0,42;45,13;53,95;0;Switzerland;Western Europe;"S. Karger AG";"1991-2026";"Clinical Psychology (Q3); Psychiatry and Mental Health (Q3)";"Medicine; Psychology"
1026;19900192340;"Cuadernos de Psicologia del Deporte";journal;"15788423, 19895879";"Universidad de Murcia Servicio de Publicaciones";Yes;No;0,287;Q3;29;35;181;1783;173;180;0,88;50,94;29,69;0;Spain;Western Europe;"Universidad de Murcia Servicio de Publicaciones";"2011-2025";"Applied Psychology (Q3)";"Psychology"
1027;21101017385;"International Journal of Latin American Religions";journal;"25099965";"Springer Nature";No;No;0,287;Q4;10;45;94;2133;55;89;0,61;47,40;35,48;1;United States;Northern America;"Springer Nature";"2017-2026";"History (Q1); Religious Studies (Q1); Anthropology (Q2); Social Psychology (Q4)";"Arts and Humanities; Psychology; Social Sciences"
1028;21100897522;"i-com";journal;"21966826, 1618162X";"De Gruyter Oldenbourg";Yes;No;0,286;Q4;18;38;76;2690;154;66;2,00;70,79;29,13;0;Germany;Western Europe;"De Gruyter Oldenbourg";"2001-2026";"Communication (Q2); Business, Management and Accounting (miscellaneous) (Q3); Computer Networks and Communications (Q3); Information Systems (Q3); Human-Computer Interaction (Q4); Social Psychology (Q4)";"Business, Management and Accounting; Computer Science; Psychology; Social Sciences"
1029;21101047144;"Islamic Guidance and Counseling Journal";journal;"26855909, 26141566";"Institut Agama Islam Ma'arif NU (IAIMNU) Metro Lampung";Yes;No;0,285;Q3;8;30;80;1654;94;80;1,04;55,13;49,38;0;Indonesia;Asiatic Region;"Institut Agama Islam Ma'arif NU (IAIMNU) Metro Lampung";"2018-2026";"Religious Studies (Q1); Psychology (miscellaneous) (Q3)";"Arts and Humanities; Psychology"
1030;5900153309;"Journal of Muslim Mental Health";journal;"15564908, 15565009";"Michigan Publishing";Yes;Yes;0,285;Q3;30;10;29;473;37;28;0,88;47,30;83,33;0;United States;Northern America;"Michigan Publishing";"2007-2025";"Religious Studies (Q1); Clinical Psychology (Q3); Health (social science) (Q3); Psychiatry and Mental Health (Q3)";"Arts and Humanities; Medicine; Psychology; Social Sciences"
1031;10600153356;"Acta Colombiana de Psicologia";journal;"19099711, 01239155";"Universidad Catolica de Colombia";Yes;Yes;0,284;Q3;19;20;85;1304;91;78;0,98;65,20;47,14;0;Colombia;Latin America;"Universidad Catolica de Colombia";"2007-2025";"Psychiatry and Mental Health (Q3); Psychology (miscellaneous) (Q3)";"Medicine; Psychology"
1032;29473;"American Journal of Psychoanalysis";journal;"00029548, 15736741";"Palgrave Macmillan Ltd.";No;No;0,284;Q3;24;30;95;1557;50;91;0,45;51,90;33,33;0;United Kingdom;Western Europe;"Palgrave Macmillan Ltd.";"1942-2026";"Clinical Psychology (Q3); Psychiatry and Mental Health (Q3)";"Medicine; Psychology"
1033;21100898630;"Journal of Special Education Leadership";journal;"15251810";"Council of Administrators of Special Education";No;No;0,284;Q3;8;12;31;343;18;19;0,56;28,58;70,83;0;United States;Northern America;"Council of Administrators of Special Education";"2018-2025";"Developmental and Educational Psychology (Q3); Education (Q3); Public Administration (Q3)";"Psychology; Social Sciences"
1034;12400154709;"Terapia Psicologica";journal;"07166184, 07184808";"Sociedad Chilena de Psicologia Clinica";Yes;Yes;0,284;Q3;33;14;57;679;55;57;0,72;48,50;60,94;0;Chile;Latin America;"Sociedad Chilena de Psicologia Clinica";"2008-2025";"Clinical Psychology (Q3); Psychiatry and Mental Health (Q3)";"Medicine; Psychology"
1035;21101339540;"Journal of Psychological Science";journal;"16716981";"Chinese Psycholocial Society";No;No;0,282;Q3;10;126;535;7353;400;534;0,68;58,36;41,63;0;China;Asiatic Region;"Chinese Psycholocial Society";"2021-2026";"Applied Psychology (Q3); Clinical Psychology (Q3); Developmental and Educational Psychology (Q3); Experimental and Cognitive Psychology (Q4)";"Psychology"
1036;15964;"Journal of Prevention and Intervention in the Community";journal;"10852352, 15407330";"Routledge";No;No;0,282;Q4;41;52;83;2474;97;80;1,12;47,58;67,28;0;United States;Northern America;"Routledge";"1996-2026";"Medicine (miscellaneous) (Q3); Social Psychology (Q4)";"Medicine; Psychology"
1037;21101058102;"European Journal of Education and Psychology";journal;"18888992, 19892209";"Universidad Autonoma de Chile";No;No;0,281;Q3;12;14;43;854;48;41;1,24;61,00;57,41;0;Chile;Latin America;"Universidad Autonoma de Chile";"2019-2025";"Education (Q3); Psychology (miscellaneous) (Q3)";"Psychology; Social Sciences"
1038;14869;"International Forum of Psychoanalysis";journal;"16512324, 0803706X";"Routledge";No;No;0,279;Q3;21;59;87;2194;58;70;0,59;37,19;42,86;0;United Kingdom;Western Europe;"Routledge";"1992-2026";"Clinical Psychology (Q3); Psychiatry and Mental Health (Q3)";"Medicine; Psychology"
1039;19900191978;"European Journal of Psychotherapy and Counselling";journal;"14695901, 13642537";"Routledge";No;No;0,278;Q3;20;31;82;1114;73;72;1,14;35,94;60,53;0;United Kingdom;Western Europe;"Routledge";"2010-2026";"Clinical Psychology (Q3); Psychiatry and Mental Health (Q3)";"Medicine; Psychology"
1040;18200156706;"Rorschachiana";journal;"2151206X, 11925604";"Hogrefe Publishing";No;No;0,278;Q3;11;20;31;747;44;27;0,77;37,35;52,63;0;United States;Northern America;"Hogrefe Publishing";"2004, 2008-2026";"Clinical Psychology (Q3); Psychiatry and Mental Health (Q3)";"Medicine; Psychology"
1041;21101209161;"Sexual Offending: Theory, Research, and Prevention";journal;"26998440";"PsychOpen";Yes;Yes;0,278;Q3;8;11;23;593;27;23;0,27;53,91;67,74;0;Germany;Western Europe;"PsychOpen";"2020-2026";"Law (Q2); Clinical Psychology (Q3); Psychiatry and Mental Health (Q3); Applied Psychology (Q4)";"Medicine; Psychology; Social Sciences"
1042;21101222660;"Mental Health: Global Challenges";journal;"26122138";"Sciendo";Yes;Yes;0,277;Q3;4;19;25;589;38;24;1,52;31,00;53,70;0;Germany;Western Europe;"Sciendo";"2022-2026";"Health Professions (miscellaneous) (Q2); Health (social science) (Q3); Psychiatry and Mental Health (Q3); Psychology (miscellaneous) (Q3); Neuroscience (miscellaneous) (Q4)";"Health Professions; Medicine; Neuroscience; Psychology; Social Sciences"
1043;21100899302;"Qualitative Research in Education";journal;"20146418";"Hipatia Editorial";Yes;No;0,277;Q3;12;12;34;573;50;34;1,22;47,75;54,84;0;Spain;Western Europe;"Hipatia Editorial";"2014-2015, 2018-2025";"Arts and Humanities (miscellaneous) (Q2); Developmental and Educational Psychology (Q3); Education (Q3)";"Arts and Humanities; Psychology; Social Sciences"
1044;21101188485;"Journal of Psychosocial Oncology Research and Practice";journal;"26375974";"Lippincott Williams and Wilkins";Yes;No;0,276;Q3;6;31;77;1105;76;74;0,86;35,65;69,93;0;United States;Northern America;"Lippincott Williams and Wilkins";"2021-2025";"Clinical Psychology (Q3)";"Psychology"
1045;21101156976;"Revista de Psicologia Aplicada al Deporte y al Ejercicio Fisico";journal;"25303910";"Colegio Oficial de la Psicologia de Madrid";Yes;Yes;0,275;Q3;8;18;40;943;39;32;1,03;52,39;41,30;0;Spain;Western Europe;"Colegio Oficial de la Psicologia de Madrid";"2019-2025";"Psychology (miscellaneous) (Q3)";"Psychology"
1046;21100870589;"International Journal of Play";journal;"21594953";"Taylor and Francis Ltd.";No;No;0,272;Q3;26;39;143;1596;135;120;0,95;40,92;65,22;0;United Kingdom;Western Europe;"Taylor and Francis Ltd.";"2012-2026";"Cultural Studies (Q1); Anthropology (Q2); Developmental and Educational Psychology (Q3); Education (Q3)";"Psychology; Social Sciences"
1047;21101085514;"Journal of Childhood, Education and Society";journal;"2717638X";"Istanbul Kultur University";Yes;Yes;0,272;Q3;9;45;78;2808;99;76;1,33;62,40;80,39;0;Turkey;Middle East;"Istanbul Kultur University";"2020-2026";"Developmental and Educational Psychology (Q3); Education (Q3)";"Psychology; Social Sciences"
1048;18123;"Occupational Therapy in Mental Health";journal;"0164212X, 15413101";"Routledge";No;No;0,272;Q4;27;68;69;2715;78;67;1,14;39,93;74,86;0;United Kingdom;Western Europe;"Routledge";"1980-1993, 1995-2026";"Psychiatry and Mental Health (Q3); Public Health, Environmental and Occupational Health (Q3); Applied Psychology (Q4)";"Medicine; Psychology"
1049;21100217604;"Siglo Cero";journal;"02101696, 25300350";"University of Salamanca";Yes;Yes;0,271;Q3;15;34;81;1190;66;76;0,82;35,00;63,77;0;Spain;Western Europe;"University of Salamanca";"2012, 2015-2025";"Education (Q3); Psychology (miscellaneous) (Q3); Psychiatry and Mental Health (Q4); Social Psychology (Q4); Social Work (Q4)";"Medicine; Psychology; Social Sciences"
1050;29216;"Children's Health Care";journal;"15326888, 02739615";"Routledge";No;No;0,269;Q3;45;55;90;2747;84;88;0,82;49,95;75,00;0;United States;Northern America;"Routledge";"1980-2026";"Clinical Psychology (Q3); Pediatrics, Perinatology and Child Health (Q3); Developmental and Educational Psychology (Q4)";"Medicine; Psychology"
1051;21100200415;"Revista Colombiana de Psicologia";journal;"23448644, 01215469";"Universidad Nacional de Colombia";Yes;Yes;0,268;Q3;16;18;37;991;28;37;0,70;55,06;53,62;0;Colombia;Latin America;"Universidad Nacional de Colombia";"2011-2025";"Psychology (miscellaneous) (Q3); Social Sciences (miscellaneous) (Q3)";"Psychology; Social Sciences"
1052;18800156721;"Electronic Journal of Research in Educational Psychology";journal;"16962095, 16995880";"Universidad de Almeria";Yes;Yes;0,268;Q4;38;26;92;1575;82;90;0,67;60,58;58,06;0;Spain;Western Europe;"Universidad de Almeria";"2003-2025";"Education (Q3); Developmental and Educational Psychology (Q4)";"Psychology; Social Sciences"
1053;19332;"Salud Mental";journal;"01853325";"Instituto Nacional de Psiquiatria Ramon de la Fuente";Yes;No;0,266;Q3;33;36;115;1308;90;103;0,74;36,33;64,81;0;Mexico;Latin America;"Instituto Nacional de Psiquiatria Ramon de la Fuente";"1995-2025";"Clinical Psychology (Q3); Psychiatry and Mental Health (Q4)";"Medicine; Psychology"
1054;15914;"Zeitschrift fur Klinische Psychologie und Psychotherapie";journal;"21906297, 16163443";"Hogrefe-Verlag GmbH and Co. KG";No;No;0,266;Q3;37;16;55;470;35;54;0,58;29,38;73,13;0;Germany;Western Europe;"Hogrefe-Verlag GmbH and Co. KG";"1974-1983, 1996-1998, 2000-2026";"Clinical Psychology (Q3)";"Psychology"
1055;14564;"American Annals of the Deaf";journal;"15430375, 0002726X";"Gallaudet University Press";No;No;0,266;Q4;52;10;118;398;91;85;0,94;39,80;72,22;0;United States;Northern America;"Gallaudet University Press";"1946-1951, 1961, 1965-2025";"Education (Q3); Speech and Hearing (Q3); Developmental and Educational Psychology (Q4)";"Health Professions; Psychology; Social Sciences"
1056;15617;"Journal of Comparative Family Studies";journal;"00472328, 19299850";"University of Toronto Press";No;No;0,266;Q4;54;0;63;0;55;50;0,72;0,00;0,00;0;Canada;Northern America;"University of Toronto Press";"1973, 1976-2024";"Anthropology (Q2); Sociology and Political Science (Q3); Social Psychology (Q4)";"Psychology; Social Sciences"
1057;21100896926;"Creativity";journal;"23540036";"Sciendo";Yes;No;0,265;Q4;12;14;39;964;38;39;0,83;68,86;57,14;0;Poland;Eastern Europe;"Sciendo";"2018-2026";"Visual Arts and Performing Arts (Q1); Arts and Humanities (miscellaneous) (Q2); Education (Q3); Statistics, Probability and Uncertainty (Q3); Social Psychology (Q4)";"Arts and Humanities; Decision Sciences; Psychology; Social Sciences"
1058;21100269616;"Journal of Intellectual Disabilities and Offending Behaviour";journal;"20508824";"Emerald Group Publishing Ltd.";No;No;0,264;Q3;17;0;15;0;16;15;0,71;0,00;0,00;0;United Kingdom;Western Europe;"Emerald Group Publishing Ltd.";"2013-2024";"Clinical Psychology (Q3); Pathology and Forensic Medicine (Q3); Psychiatry and Mental Health (Q4)";"Medicine; Psychology"
1059;21101039065;"Ethics in Progress";journal;"20849257";"Adam Mickiewicz University, Faculty of Philosophy";Yes;Yes;0,263;Q3;7;9;56;336;49;56;1,23;37,33;22,22;0;Poland;Eastern Europe;"Adam Mickiewicz University, Faculty of Philosophy";"2010-2025";"Philosophy (Q2); Education (Q3); Psychology (miscellaneous) (Q3); Developmental and Educational Psychology (Q4)";"Arts and Humanities; Psychology; Social Sciences"
1060;4700152252;"Sexologies";journal;"18781829, 11581360";"Elsevier Masson s.r.l.";No;No;0,263;Q3;25;0;59;0;58;58;0,00;0,00;0,00;0;France;Western Europe;"Elsevier Masson s.r.l.";"2006-2022";"Obstetrics and Gynecology (Q3); Psychology (miscellaneous) (Q3)";"Medicine; Psychology"
1061;21100400185;"Girlhood Studies";journal;"19388209, 19388322";"Berghahn Journals";No;No;0,262;Q4;16;29;90;936;57;76;0,42;32,28;77,27;0;United Kingdom;Western Europe;"Berghahn Journals";"2014-2025";"Gender Studies (Q2); Education (Q3); Sociology and Political Science (Q3); Developmental and Educational Psychology (Q4); Life-span and Life-course Studies (Q4); Social Psychology (Q4)";"Psychology; Social Sciences"
1062;21100205738;"Journal of Humanistic Counseling";journal;"21611939, 21590311";"John Wiley and Sons Ltd";No;No;0,262;Q4;23;41;52;2243;58;50;1,09;54,71;57,00;0;United Kingdom;Western Europe;"John Wiley and Sons Ltd";"2011-2026";"Education (Q3); Developmental and Educational Psychology (Q4)";"Psychology; Social Sciences"
1063;5300152520;"Papeles del Psicologo";journal;"02147823";"Colegio Oficial de Psicologos Asturias";Yes;Yes;0,260;Q3;30;22;67;1410;73;64;0,95;64,09;52,31;0;Spain;Western Europe;"Colegio Oficial de Psicologos Asturias";"2007-2026";"Psychology (miscellaneous) (Q3)";"Psychology"
1064;21100469663;"Revista de Psicologia (Peru)";journal;"02549247, 22233733";"Pontificia Universidad Catolica del Peru";Yes;Yes;0,260;Q3;13;41;122;2119;96;120;0,73;51,68;55,83;0;Peru;Latin America;"Pontificia Universidad Catolica del Peru";"2016-2026";"Psychology (miscellaneous) (Q3)";"Psychology"
1065;5600155041;"Zeitschrift fur Sexualforschung";journal;"09328114, 14389460";"Georg Thieme Verlag";No;No;0,260;Q3;17;25;88;725;64;82;0,64;29,00;85,11;0;Germany;Western Europe;"Georg Thieme Verlag";"2008-2025";"Psychology (miscellaneous) (Q3); Reproductive Medicine (Q3)";"Medicine; Psychology"
1066;21100858350;"Fashion, Style and Popular Culture";journal;"20500734, 20500726";"Intellect Ltd.";No;No;0,260;Q4;10;58;100;2489;86;88;0,62;42,91;71,26;0;United Kingdom;Western Europe;"Intellect Ltd.";"2015-2026";"Cultural Studies (Q1); Visual Arts and Performing Arts (Q1); Marketing (Q3); Materials Science (miscellaneous) (Q3); Strategy and Management (Q3); Social Psychology (Q4)";"Arts and Humanities; Business, Management and Accounting; Materials Science; Psychology; Social Sciences"
1067;15302;"Studia Psychologica";journal;"00393320";"Institute of Experimental Psychology, Centre of Social and Psychological Sciences, Slovak Academy of Sciences";Yes;Yes;0,259;Q3;26;25;73;1333;60;73;0,93;53,32;44,07;0;Slovakia;Eastern Europe;"Institute of Experimental Psychology, Centre of Social and Psychological Sciences, Slovak Academy of Sciences";"1996-2025";"Psychology (miscellaneous) (Q3)";"Psychology"
1068;19700175063;"European Journal of Mental Health";journal;"17887119, 17884934";"Semmelweis University Institute of Mental Health";Yes;Yes;0,258;Q3;14;13;63;809;58;61;0,94;62,23;60,00;0;Hungary;Eastern Europe;"Semmelweis University Institute of Mental Health";"2008-2026";"Health (social science) (Q3); Psychology (miscellaneous) (Q3); Public Health, Environmental and Occupational Health (Q3); Psychiatry and Mental Health (Q4)";"Medicine; Psychology; Social Sciences"
1069;21100967057;"Psycholinguistics";journal;"23091797, 24153397";"Pereiaslav-Khmelnytskyi Hryhorii Skovoroda State Pedagogical University";Yes;No;0,258;Q4;10;22;91;1031;113;91;1,26;46,86;50,82;0;Ukraine;Eastern Europe;"Pereiaslav-Khmelnytskyi Hryhorii Skovoroda State Pedagogical University";"2019-2025";"Linguistics and Language (Q2); Experimental and Cognitive Psychology (Q4)";"Psychology; Social Sciences"
1070;11600153828;"Psihologijske Teme";journal;"13320742";"University of Rijeka";Yes;Yes;0,257;Q3;27;29;103;1651;68;100;0,83;56,93;62,65;0;Croatia;Eastern Europe;"University of Rijeka";"2009-2025";"Clinical Psychology (Q3); Applied Psychology (Q4); Social Psychology (Q4)";"Psychology"
1071;19700177331;"Zeitschrift fur Neuropsychologie";journal;"1016264X";"Hogrefe Publishing GmbH &amp; Co. KG";No;No;0,257;Q4;15;17;53;565;38;48;1,06;33,24;70,59;0;Switzerland;Western Europe;"Hogrefe Publishing GmbH &amp; Co. KG";"1999-2003, 2010-2025";"Cognitive Neuroscience (Q4); Neuropsychology and Physiological Psychology (Q4); Psychiatry and Mental Health (Q4)";"Medicine; Neuroscience; Psychology"
1072;21100834525;"Gruppe. Interaktion. Organisation. Zeitschrift fur Angewandte Organisationspsychologie";journal;"23666145, 23666218";"Springer Fachmedien Wiesbaden GmbH";No;No;0,256;Q4;20;70;157;3154;154;141;1,11;45,06;56,88;0;Germany;Western Europe;"Springer Fachmedien Wiesbaden GmbH";"2016-2026";"Education (Q3); Organizational Behavior and Human Resource Management (Q3); Applied Psychology (Q4); Developmental and Educational Psychology (Q4); Social Psychology (Q4)";"Business, Management and Accounting; Psychology; Social Sciences"
1073;5800208171;"Psico-USF";journal;"21753563";"Universidade Sao Francisco";Yes;Yes;0,255;Q3;13;32;134;1368;84;134;0,58;42,75;51,81;0;Brazil;Latin America;"Universidade Sao Francisco";"2017-2026";"Psychology (miscellaneous) (Q3)";"Psychology"
1074;35102;"Psikhologicheskii Zhurnal";journal;"02059592";"Russian Academy of Sciences";No;No;0,255;Q3;18;86;204;2068;103;202;0,50;24,05;61,72;0;Russian Federation;Eastern Europe;"Russian Academy of Sciences";"1984, 1996-2025";"Psychology (miscellaneous) (Q3)";"Psychology"
1075;19987;"Zeitschrift fur Psychosomatische Medizin und Psychotherapie";journal;"14383608";"Vandenhoeck and Ruprecht GmbH and Co. KG";No;No;0,255;Q3;32;31;89;690;50;72;0,27;22,26;42,86;0;Germany;Western Europe;"Vandenhoeck and Ruprecht GmbH and Co. KG";"1996-2026";"Clinical Psychology (Q3); Medicine (miscellaneous) (Q3); Applied Psychology (Q4); Psychiatry and Mental Health (Q4)";"Medicine; Psychology"
1076;21100805728;"Nevrologiya, Neiropsikhiatriya, Psikhosomatika";journal;"20742711, 23101342";"Ima-Press Publishing House";Yes;Yes;0,253;Q3;17;53;306;1626;272;306;1,05;30,68;69,88;0;Russian Federation;Eastern Europe;"Ima-Press Publishing House";"2016-2025";"Clinical Psychology (Q3); Neurology (clinical) (Q4); Psychiatry and Mental Health (Q4)";"Medicine; Psychology"
1077;21101052816;"Arteterapia";journal;"19888309, 18866190";"Universidad Complutense Madrid";Yes;Yes;0,252;Q3;5;18;72;694;33;71;0,43;38,56;70,97;0;Spain;Western Europe;"Universidad Complutense Madrid";"2019-2025";"Arts and Humanities (miscellaneous) (Q2); Clinical Psychology (Q3); Education (Q3); Rehabilitation (Q3); Applied Psychology (Q4)";"Arts and Humanities; Medicine; Psychology; Social Sciences"
1078;20000195050;"Paideia";journal;"0103863X, 19824327";"Universidade de Sao Paulo 1";Yes;Yes;0,251;Q3;24;28;119;847;86;118;0,52;30,25;75,90;0;Brazil;Latin America;"Universidade de Sao Paulo 1";"2011-2026";"Education (Q3); Psychology (miscellaneous) (Q3)";"Psychology; Social Sciences"
1079;5700167184;"Home Cultures";journal;"17517427, 17406315";"Taylor and Francis Ltd.";No;No;0,251;Q4;24;11;44;542;35;40;0,54;49,27;73,68;0;United Kingdom;Western Europe;"Taylor and Francis Ltd.";"2008-2025";"Cultural Studies (Q1); Visual Arts and Performing Arts (Q1); Social Psychology (Q4)";"Arts and Humanities; Psychology; Social Sciences"
1080;17900156731;"Young Exceptional Children";journal;"2154400X, 10962506";"SAGE Publications Inc.";No;No;0,251;Q4;21;24;66;544;43;49;0,52;22,67;85,96;0;United States;Northern America;"SAGE Publications Inc.";"1998-2026";"Education (Q3); Developmental and Educational Psychology (Q4)";"Psychology; Social Sciences"
1081;21101065161;"Ciencias Psicologicas";journal;"16884221, 16884094";"Universidad Catolica del Uruguay";Yes;Yes;0,250;Q3;9;43;126;2350;91;123;0,66;54,65;48,15;0;Uruguay;Latin America;"Universidad Catolica del Uruguay";"2019-2025";"Education (Q3); Health (social science) (Q3); Psychology (miscellaneous) (Q3); Neuroscience (miscellaneous) (Q4)";"Neuroscience; Psychology; Social Sciences"
1082;21100787776;"Papers on Social Representations";journal;"18193978, 10215573";"ISCTE";Yes;No;0,250;Q4;13;3;27;232;26;27;1,00;77,33;55,56;0;United Kingdom;Western Europe;"ISCTE";"2016-2025";"Social Psychology (Q4)";"Psychology"
1083;25057;"Mathematical Social Sciences";journal;"01654896";"Elsevier B.V.";No;No;0,249;Q3;46;63;173;1782;120;173;0,71;28,29;20,00;0;Netherlands;Western Europe;"Elsevier B.V.";"1980-2026";"Psychology (miscellaneous) (Q3); Social Sciences (miscellaneous) (Q3); Sociology and Political Science (Q3); Statistics, Probability and Uncertainty (Q4)";"Decision Sciences; Psychology; Social Sciences"
1084;18135;"PPmP Psychotherapie Psychosomatik Medizinische Psychologie";journal;"14391058, 09372032";"Georg Thieme Verlag";Yes;No;0,249;Q3;50;79;259;1816;124;176;0,45;22,99;58,96;0;Germany;Western Europe;"Georg Thieme Verlag";"1980-2026";"Clinical Psychology (Q3); Applied Psychology (Q4); Psychiatry and Mental Health (Q4)";"Medicine; Psychology"
1085;13990;"Psychologie Francaise";journal;"00332984";"Elsevier Masson s.r.l.";No;No;0,248;Q3;20;27;82;1940;56;81;0,81;71,85;64,38;0;France;Western Europe;"Elsevier Masson s.r.l.";"2004-2026";"Psychology (miscellaneous) (Q3)";"Psychology"
1086;19700188499;"Suma Psicologica";journal;"21459797, 01214381";"Konrad Lorenz Editores";Yes;Yes;0,248;Q3;20;11;48;617;39;48;0,63;56,09;50,00;0;Colombia;Latin America;"Konrad Lorenz Editores";"2010-2025";"Psychology (miscellaneous) (Q3)";"Psychology"
1087;21100900143;"Journal of Social Ontology";journal;"21969663";"University of Vienna";Yes;Yes;0,247;Q4;16;6;33;370;23;30;0,59;61,67;33,33;0;Austria;Western Europe;"University of Vienna";"2015-2025";"Anthropology (Q2); Linguistics and Language (Q2); Philosophy (Q2); Communication (Q3); Economics, Econometrics and Finance (miscellaneous) (Q3); Social Psychology (Q4)";"Arts and Humanities; Economics, Econometrics and Finance; Psychology; Social Sciences"
1088;21100860773;"Journal of Sport and Health Research";journal;"19896239";"Didactic Asociation Andalucia";Yes;No;0,247;Q4;15;41;146;1315;124;146;1,01;32,07;31,90;0;Spain;Western Europe;"Didactic Asociation Andalucia";"2018-2026";"Cultural Studies (Q2); Complementary and Manual Therapy (Q3); Education (Q3); Orthopedics and Sports Medicine (Q3); Physical Therapy, Sports Therapy and Rehabilitation (Q3); Public Health, Environmental and Occupational Health (Q3); Developmental and Educational Psychology (Q4)";"Health Professions; Medicine; Psychology; Social Sciences"
1089;21100416194;"Estudos de Psicologia (Campinas)";journal;"19820275, 0103166X";"Pontificia Universidade Catolica de Campinas";Yes;Yes;0,246;Q3;20;74;149;2759;89;145;0,58;37,28;69,10;0;Brazil;Latin America;"Pontificia Universidade Catolica de Campinas";"2015-2026";"Psychology (miscellaneous) (Q3)";"Psychology"
1090;21100844910;"Learning and Teaching";journal;"17552281, 17552273";"Berghahn Journals";Yes;Yes;0,246;Q4;12;15;53;699;54;48;0,84;46,60;51,61;0;United Kingdom;Western Europe;"Berghahn Journals";"2017-2025";"Education (Q3); Sociology and Political Science (Q3); Developmental and Educational Psychology (Q4)";"Psychology; Social Sciences"
1091;21101133341;"International Journal of Systemic Therapy";journal;"2692398X, 26923998";"Routledge";No;No;0,245;Q3;24;39;53;1969;46;49;0,84;50,49;65,59;0;United States;Northern America;"Routledge";"2021-2026";"Clinical Psychology (Q3); Psychiatry and Mental Health (Q4)";"Medicine; Psychology"
1092;5700167230;"Psychoanalysis, Culture and Society";journal;"10880763, 15433390";"Palgrave Macmillan Ltd.";No;No;0,244;Q4;15;81;121;2703;71;117;0,60;33,37;41,00;0;United Kingdom;Western Europe;"Palgrave Macmillan Ltd.";"2004-2005, 2013-2025";"Cultural Studies (Q2); Health (social science) (Q3); Sociology and Political Science (Q3); Applied Psychology (Q4); Social Psychology (Q4)";"Psychology; Social Sciences"
1093;21100211343;"Hellenic Journal of Psychology";journal;"17901391, 27327027";"Psychological Society of Northern Greece";No;No;0,243;Q3;15;12;42;770;33;42;0,64;64,17;60,00;0;Greece;Western Europe;"Psychological Society of Northern Greece";"2011-2025";"Education (Q3); Psychology (miscellaneous) (Q3)";"Psychology; Social Sciences"
1094;21100244625;"Revista Espanola de Orientacion y Psicopedagogia";journal;"11397853, 19897448";"Universidad Nacional de Educacion a Distancia (UNED)";Yes;Yes;0,243;Q4;20;32;84;1437;68;76;0,66;44,91;75,61;0;Spain;Western Europe;"Universidad Nacional de Educacion a Distancia (UNED)";"2010-2025";"Education (Q3); Applied Psychology (Q4)";"Psychology; Social Sciences"
1095;21100896229;"Phenomenology and Mind";journal;"22807853, 22394028";"Rosenberg and Sellier";Yes;Yes;0,242;Q3;10;0;80;0;34;75;0,09;0,00;0,00;0;Italy;Western Europe;"Rosenberg and Sellier";"2018-2024";"Philosophy (Q2); Psychology (miscellaneous) (Q3); Cognitive Neuroscience (Q4)";"Arts and Humanities; Neuroscience; Psychology"
1096;21100858550;"Psychological Thought";journal;"21937281";"South-West University "Neofit Rilski"";Yes;No;0,242;Q3;11;20;71;880;59;65;0,61;44,00;52,27;0;Bulgaria;Eastern Europe;"South-West University "Neofit Rilski"";"2017-2025";"Psychology (miscellaneous) (Q3)";"Psychology"
1097;5800207419;"Tizard Learning Disability Review";journal;"13595474";"Emerald Group Publishing Ltd.";No;No;0,242;Q3;22;40;55;976;44;42;0,78;24,40;62,86;0;United Kingdom;Western Europe;"Emerald Group Publishing Ltd.";"1996-2026";"Clinical Psychology (Q3); Developmental and Educational Psychology (Q4); Psychiatry and Mental Health (Q4); Social Psychology (Q4)";"Medicine; Psychology"
1098;17600155139;"Adultspan Journal";journal;"21610029, 15246817";"American Counseling Association";No;No;0,242;Q4;16;6;23;205;14;23;0,61;34,17;56,25;0;United States;Northern America;"American Counseling Association";"1999, 2009-2025";"Developmental and Educational Psychology (Q4)";"Psychology"
1099;21100900514;"Obrazovanie i Nauka";journal;"19945639, 23105828";"Russian State Vocational Pedagogical University";Yes;No;0,242;Q4;17;69;210;3147;224;210;1,16;45,61;69,48;0;Russian Federation;Eastern Europe;"Russian State Vocational Pedagogical University";"2018-2026";"Cultural Studies (Q2); Philosophy (Q2); Education (Q3); Physical Therapy, Sports Therapy and Rehabilitation (Q3); Sociology and Political Science (Q3); Developmental and Educational Psychology (Q4)";"Arts and Humanities; Health Professions; Psychology; Social Sciences"
1100;21100901172;"Military Behavioral Health";journal;"21635781, 21635803";"Taylor and Francis Ltd.";No;No;0,241;Q3;20;0;84;0;72;84;0,58;0,00;0,00;0;United Kingdom;Western Europe;"Taylor and Francis Ltd.";"2015-2024";"Psychology (miscellaneous) (Q3); Social Sciences (miscellaneous) (Q3)";"Psychology; Social Sciences"
1101;21100903407;"Psychoanalysis, Self and Context";journal;"24720038, 24720046";"Taylor and Francis Ltd.";No;No;0,241;Q4;18;81;168;1330;80;76;0,56;16,42;57,78;0;United Kingdom;Western Europe;"Taylor and Francis Ltd.";"2017-2026";"Clinical Psychology (Q4); Psychiatry and Mental Health (Q4)";"Medicine; Psychology"
1102;21100456834;"Counseling Outcome Research and Evaluation";journal;"21501378, 21501386";"Taylor and Francis Ltd.";No;No;0,240;Q3;17;12;36;587;39;35;0,91;48,92;56,82;0;United Kingdom;Western Europe;"Taylor and Francis Ltd.";"2014-2026";"Psychology (miscellaneous) (Q3)";"Psychology"
1103;14888;"International Journal of Comparative Psychology";journal;"08893667, 21683344";"eScholarship";Yes;Yes;0,240;Q3;15;15;29;669;19;29;0,71;44,60;56,25;0;United States;Northern America;"eScholarship";"1992, 1995, 2001-2004, 2007, 2015-2025";"Psychology (miscellaneous) (Q3)";"Psychology"
1104;12748;"New Zealand Journal of Psychology";journal;"0112109X";"New Zealand Psychological Society";No;No;0,239;Q3;41;27;43;1607;30;41;0,72;59,52;66,67;0;New Zealand;Pacific Region;"New Zealand Psychological Society";"1996-2025";"Psychology (miscellaneous) (Q3)";"Psychology"
1105;21100469696;"Art and Perception";journal;"22134905, 22134913";"Brill Academic Publishers";No;No;0,239;Q4;15;7;30;540;26;28;0,70;77,14;60,00;0;Netherlands;Western Europe;"Brill Academic Publishers";"2013-2026";"History (Q1); Visual Arts and Performing Arts (Q1); Applied Psychology (Q4)";"Arts and Humanities; Psychology"
1106;145109;"Australian and New Zealand Journal of Family Therapy";journal;"14678438, 0814723X";"John Wiley and Sons Inc";No;No;0,238;Q3;30;42;120;1772;96;106;0,87;42,19;60,24;1;United Kingdom;Western Europe;"John Wiley and Sons Inc";"1979-1995, 2001-2003, 2005-2026";"Psychology (miscellaneous) (Q3); Sociology and Political Science (Q3)";"Psychology; Social Sciences"
1107;21101030143;"Psychology Hub";journal;"2723973X, 27242943";"Sapienza Universita Editrice";No;No;0,238;Q3;12;24;89;1508;59;86;0,75;62,83;61,43;0;Italy;Western Europe;"Sapienza Universita Editrice";"2020-2025";"Psychology (miscellaneous) (Q3); Behavioral Neuroscience (Q4); Psychiatry and Mental Health (Q4)";"Medicine; Neuroscience; Psychology"
1108;21100790339;"Integration of Education";journal;"19919468, 23081058";"National Research Ogarev Mordovia State University";Yes;Yes;0,238;Q4;14;40;116;1236;125;116;0,96;30,90;70,37;0;Russian Federation;Eastern Europe;"National Research Ogarev Mordovia State University";"2016-2025";"Cultural Studies (Q2); Linguistics and Language (Q2); Education (Q3); Developmental and Educational Psychology (Q4)";"Psychology; Social Sciences"
1109;21100842866;"Primenjena Psihologija";journal;"23347287, 18210147";"Faculty of Philosophy, University of Novi Sad, Serbia";Yes;Yes;0,238;Q4;9;20;61;1189;42;60;0,61;59,45;73,33;0;Serbia;Eastern Europe;"Faculty of Philosophy, University of Novi Sad, Serbia";"2017-2025";"Applied Psychology (Q4)";"Psychology"
1110;21101155948;"Experimental Psychology (Russia)";journal;"20727593, 23117036";"Moscow State University of Psychology and Education";Yes;Yes;0,237;Q3;9;56;168;1824;98;168;0,64;32,57;56,82;0;Russian Federation;Eastern Europe;"Moscow State University of Psychology and Education";"2019-2025";"Psychology (miscellaneous) (Q3); Experimental and Cognitive Psychology (Q4); Neuropsychology and Physiological Psychology (Q4)";"Psychology"
1111;15925;"Journal of Parapsychology";journal;"00223387";"Rhine Research Center";No;No;0,236;Q3;24;0;20;0;6;11;0,15;0,00;0,00;0;United States;Northern America;"Rhine Research Center";"1946-1949, 1973-1977, 1996-2024";"Psychology (miscellaneous) (Q3)";"Psychology"
1112;21101117183;"Environment and Social Psychology";journal;"24248975, 24247979";"Arts and Science Press Pte. Ltd.";No;No;0,236;Q4;16;549;507;27450;833;503;1,68;50,00;45,67;0;Singapore;Asiatic Region;"Arts and Science Press Pte. Ltd.";"2019-2026";"Health (social science) (Q3); Developmental and Educational Psychology (Q4); Neuropsychology and Physiological Psychology (Q4); Social Psychology (Q4)";"Psychology; Social Sciences"
1113;13423;"Psychoanalytic Review";journal;"19433301, 00332836";"Guilford Publications";No;No;0,235;Q4;24;30;86;646;31;69;0,13;21,53;50,00;0;United States;Northern America;"Guilford Publications";"1945-1957, 1963-2025";"Clinical Psychology (Q4)";"Psychology"
1114;21100996943;"Psychological Science and Education";journal;"18142052, 23117273";"Moscow State University of Psychology and Education";Yes;Yes;0,235;Q4;17;71;201;2090;143;189;0,65;29,44;76,68;0;Russian Federation;Eastern Europe;"Moscow State University of Psychology and Education";"1999, 2004-2025";"Education (Q3); Developmental and Educational Psychology (Q4); Psychology (miscellaneous) (Q4); Social Psychology (Q4)";"Psychology; Social Sciences"
1115;21100942816;"Shagi/ Steps";journal;"27821765, 24129410";"Russian Presidential Academy of National Economy and Public Administration";Yes;Yes;0,235;Q4;4;73;206;2392;24;198;0,13;32,77;59,26;0;Russian Federation;Eastern Europe;"Russian Presidential Academy of National Economy and Public Administration";"2019-2025";"Arts and Humanities (miscellaneous) (Q2); Social Sciences (miscellaneous) (Q3); Psychology (miscellaneous) (Q4)";"Arts and Humanities; Psychology; Social Sciences"
1116;14211;"Archives of Psychiatry and Psychotherapy";journal;"2083828X, 15092046";"Polish Psychiatric Association";Yes;No;0,234;Q4;19;29;109;1260;76;98;0,73;43,45;61,05;0;Poland;Eastern Europe;"Polish Psychiatric Association";"2001-2025";"Clinical Psychology (Q4); Psychiatry and Mental Health (Q4)";"Medicine; Psychology"
1117;21100902624;"Journal of Consumer Satisfaction, Dissatisfaction and Complaining Behavior";journal;"08998620";"University of Nevada";No;No;0,234;Q4;11;22;57;1554;102;48;2,15;70,64;33,33;0;United States;Northern America;"University of Nevada";"2018-2025";"Business and International Management (Q3); Applied Psychology (Q4); Marketing (Q4); Social Psychology (Q4)";"Business, Management and Accounting; Psychology"
1118;145096;"Neuropsychopharmacologia Hungarica";journal;"20642512, 14198711";"Hungarian Association of Psychopharmacology";Yes;No;0,234;Q4;21;22;69;462;51;57;0,44;21,00;59,68;0;Hungary;Eastern Europe;"Hungarian Association of Psychopharmacology";"2004-2025";"Pharmacology, Toxicology and Pharmaceutics (miscellaneous) (Q3); Neurology (clinical) (Q4); Neuropsychology and Physiological Psychology (Q4); Neuroscience (miscellaneous) (Q4)";"Medicine; Neuroscience; Pharmacology, Toxicology and Pharmaceutics; Psychology"
1119;21100786920;"Pakistan Journal of Psychological Research";journal;"10160604";"National Institute of Psychology";Yes;No;0,234;Q4;14;27;136;1113;89;136;0,42;41,22;70,31;0;Pakistan;Asiatic Region;"National Institute of Psychology";"2016-2026";"Psychology (miscellaneous) (Q4)";"Psychology"
1120;21100223575;"Educational and Child Psychology";book series;"02671611, 23968702";"British Psychological Society";No;No;0,233;Q4;36;26;57;1462;58;46;1,21;56,23;68,52;0;United Kingdom;Western Europe;"British Psychological Society";"1997-2025";"Developmental and Educational Psychology (Q4)";"Psychology"
1121;21100198212;"Psicologia Clinica dello Sviluppo";journal;"26121999, 1824078X";"Societa Editrice Il Mulino";No;No;0,233;Q4;15;40;115;905;44;110;0,46;22,63;75,00;0;Italy;Western Europe;"Societa Editrice Il Mulino";"1998-2025";"Clinical Psychology (Q4); Developmental and Educational Psychology (Q4)";"Psychology"
1122;21101032633;"Social Psychology and Society";journal;"22211527, 23117052";"Moscow State University of Psychology and Education";Yes;Yes;0,233;Q4;11;48;161;1634;103;159;0,66;34,04;74,14;0;Russian Federation;Eastern Europe;"Moscow State University of Psychology and Education";"2016-2025";"Social Sciences (miscellaneous) (Q3); Applied Psychology (Q4); Social Psychology (Q4)";"Psychology; Social Sciences"
1123;21101152855;"Addicta: the Turkish Journal on Addictions";journal;"21491305, 21487286";"AVES";Yes;Yes;0,232;Q4;13;64;139;2659;102;136;0,65;41,55;46,43;0;Turkey;Middle East;"AVES";"2019-2025";"Biological Psychiatry (Q4); Psychiatry and Mental Health (Q4); Psychology (miscellaneous) (Q4)";"Medicine; Neuroscience; Psychology"
1124;21100900129;"Childhood and Philosophy";journal;"25255061, 19845987";"State Univ of Rio de Janeiro - Center of Childhood and Philosophy Studies";Yes;Yes;0,231;Q4;8;43;118;1654;59;118;0,60;38,47;53,85;0;Brazil;Latin America;"State Univ of Rio de Janeiro - Center of Childhood and Philosophy Studies";"2018-2026";"Philosophy (Q2); Education (Q3); Developmental and Educational Psychology (Q4)";"Arts and Humanities; Psychology; Social Sciences"
1125;21100201309;"International Journal of Dream Research";journal;"18667953";"Universitaet Heidelberg";Yes;No;0,231;Q4;23;42;81;1532;43;81;0,54;36,48;50,70;0;Germany;Western Europe;"Universitaet Heidelberg";"2011-2025";"Psychology (miscellaneous) (Q4)";"Psychology"
1126;5800207553;"Linguistics in the Netherlands";journal;"09297332, 15699919";"John Benjamins Publishing Company";No;No;0,231;Q4;19;0;38;0;20;36;0,55;0,00;0,00;0;Netherlands;Western Europe;"John Benjamins Publishing Company";"1996-2023";"Health Professions (miscellaneous) (Q2); Linguistics and Language (Q2); Multidisciplinary (Q2); Social Sciences (miscellaneous) (Q3); Psychology (miscellaneous) (Q4)";"Health Professions; Multidisciplinary; Psychology; Social Sciences"
1127;21101268226;"National Psychological Journal";journal;"20796617, 23099828";"Lomonosov Moscow State University";Yes;Yes;0,231;Q4;6;48;146;1599;103;145;0,71;33,31;67,52;0;Russian Federation;Eastern Europe;"Lomonosov Moscow State University";"2020-2026";"Education (Q3); Applied Psychology (Q4); Experimental and Cognitive Psychology (Q4); Psychology (miscellaneous) (Q4)";"Psychology; Social Sciences"
1128;19900193932;"Informacios Tarsadalom";journal;"15878694";"Infonia";No;No;0,229;Q4;8;19;84;679;80;77;0,56;35,74;31,91;0;Hungary;Eastern Europe;"Infonia";"2008-2025";"Communication (Q3); Education (Q3); Management of Technology and Innovation (Q4); Social Psychology (Q4)";"Business, Management and Accounting; Psychology; Social Sciences"
1129;21100822743;"PSICOLOGIA";journal;"08742049, 21832471";"Associacao Portuguesa de Psicologia";Yes;No;0,229;Q4;9;8;45;399;30;44;0,70;49,88;81,82;0;Portugal;Western Europe;"Associacao Portuguesa de Psicologia";"2016-2025";"Psychology (miscellaneous) (Q4)";"Psychology"
1130;21100935803;"Transactions on Transport Sciences";journal;"18029876";"Palacky University in Olomouc";Yes;Yes;0,229;Q4;10;26;73;798;68;64;0,75;30,69;25,00;0;Czech Republic;Eastern Europe;"Palacky University in Olomouc";"2017-2025";"Automotive Engineering (Q3); Applied Psychology (Q4); Civil and Structural Engineering (Q4); Management, Monitoring, Policy and Law (Q4); Transportation (Q4)";"Engineering; Environmental Science; Psychology; Social Sciences"
1131;21100942847;"European Journal of Pragmatism and American Philosophy";journal;"20364091";"Associazione Culturale Pragma";Yes;Yes;0,227;Q4;8;43;122;1255;43;112;0,26;29,19;39,13;0;Italy;Western Europe;"Associazione Culturale Pragma";"2018-2025";"Philosophy (Q2); Sociology and Political Science (Q3); Applied Psychology (Q4)";"Arts and Humanities; Psychology; Social Sciences"
1132;12014;"Anuario de Psicologia";journal;"00665126, 19885253";"Universitat de Barcelona";Yes;Yes;0,226;Q4;20;13;59;822;39;59;0,40;63,23;57,89;0;Spain;Western Europe;"Universitat de Barcelona";"2002-2009, 2011-2025";"Psychiatry and Mental Health (Q4); Psychology (miscellaneous) (Q4)";"Medicine; Psychology"
1133;21100886411;"International Journal of Education and Practice";journal;"23116897, 23103868";"Conscientia Beam";No;No;0,226;Q4;17;130;168;6035;176;168;0,88;46,42;46,77;0;United States;Northern America;"Conscientia Beam";"2017-2026";"Education (Q3); Developmental and Educational Psychology (Q4)";"Psychology; Social Sciences"
1134;12831;"Ceskoslovenska Psychologie";journal;"18046436, 0009062X";"Academy of Sciences of the Czech Republic";No;No;0,225;Q4;18;28;101;1597;64;97;0,61;57,04;52,17;0;Czech Republic;Eastern Europe;"Academy of Sciences of the Czech Republic";"1960-1962, 1996-2025";"Arts and Humanities (miscellaneous) (Q2); Psychology (miscellaneous) (Q4)";"Arts and Humanities; Psychology"
1135;21101040700;"Journal of Applied Rehabilitation Counseling";journal;"00472220, 26397641";"Springer Publishing Company";No;No;0,225;Q4;7;25;44;1331;27;43;0,54;53,24;68,92;0;United States;Northern America;"Springer Publishing Company";"1970, 2019-2025";"Chiropractics (Q3); Occupational Therapy (Q3); Physical Therapy, Sports Therapy and Rehabilitation (Q3); Rehabilitation (Q3); Analysis (Q4); Applied Psychology (Q4); Public Health, Environmental and Occupational Health (Q4)";"Health Professions; Mathematics; Medicine; Psychology"
1136;21101347015;"Journal of Pedagogical Sociology and Psychology";journal;"26873788";"Duzce University, Faculty of Education";Yes;No;0,225;Q4;7;45;81;2203;83;80;1,03;48,96;39,51;0;Turkey;Middle East;"Duzce University, Faculty of Education";"2021-2025";"Education (Q3); Social Sciences (miscellaneous) (Q3); Developmental and Educational Psychology (Q4); Social Psychology (Q4)";"Psychology; Social Sciences"
1137;12002;"Journal of the History of the Behavioral Sciences";journal;"00225061, 15206696";"John Wiley &amp; Sons Inc.";No;No;0,225;Q4;35;16;68;1450;59;64;0,77;90,63;27,78;0;United States;Northern America;"John Wiley &amp; Sons Inc.";"1967, 1969-2026";"History (Q1); Psychology (miscellaneous) (Q4)";"Arts and Humanities; Psychology"
1138;21101184725;"Journal of Open Psychology Data";journal;"20509863";"Ubiquity Press";Yes;No;0,224;Q4;6;6;49;264;54;19;1,23;44,00;68,75;0;United Kingdom;Western Europe;"Ubiquity Press";"2019-2025";"Psychology (miscellaneous) (Q4)";"Psychology"
1139;21101164613;"Review of Science, Mathematics and ICT Education";journal;"1791261X, 17923999";"Department of Educational Sciences and Early Childhood Education, University of Patras";No;No;0,223;Q4;6;13;33;518;23;32;0,95;39,85;52,63;0;Greece;Western Europe;"Department of Educational Sciences and Early Childhood Education, University of Patras";"2019-2025";"Education (Q3); Developmental and Educational Psychology (Q4); Mathematical Physics (Q4); Mathematics (miscellaneous) (Q4)";"Mathematics; Psychology; Social Sciences"
1140;21101053110;"Turkish Psychological Counseling and Guidance Journal";journal;"13021370";"Turkish Psychological Counseling and Guidance Association";No;No;0,223;Q4;8;63;125;4212;87;125;0,58;66,86;51,24;0;Turkey;Middle East;"Turkish Psychological Counseling and Guidance Association";"2019-2025";"Education (Q3); Applied Psychology (Q4); Psychology (miscellaneous) (Q4)";"Psychology; Social Sciences"
1141;14368;"British Journal of Psychotherapy";journal;"17520118, 02659883";"John Wiley and Sons Inc";No;No;0,222;Q4;25;48;133;1712;70;118;0,63;35,67;46,15;0;United States;Northern America;"John Wiley and Sons Inc";"1984-2026";"Clinical Psychology (Q4); Psychiatry and Mental Health (Q4)";"Medicine; Psychology"
1142;21101048554;"Journal of Applied Arts and Health";journal;"20402465, 20402457";"Intellect Ltd.";No;No;0,222;Q4;8;30;79;697;52;67;0,76;23,23;81,36;0;United Kingdom;Western Europe;"Intellect Ltd.";"2019-2026";"Visual Arts and Performing Arts (Q1); Arts and Humanities (miscellaneous) (Q2); Cultural Studies (Q2); Music (Q2); Philosophy (Q2); Clinical Psychology (Q4)";"Arts and Humanities; Psychology; Social Sciences"
1143;21101297679;"Applied Cybersecurity and Internet Governance";journal;"29564395, 29563119";"NASK National Research Insitute";Yes;No;0,221;Q4;5;16;60;760;74;56;1,00;47,50;29,03;0;Poland;Eastern Europe;"NASK National Research Insitute";"2022-2025";"Computer Science (miscellaneous) (Q3); Political Science and International Relations (Q3); Human-Computer Interaction (Q4); Psychology (miscellaneous) (Q4)";"Computer Science; Psychology; Social Sciences"
1144;14769;"History of Psychology";journal;"19390610, 10934510";"American Psychological Association";No;No;0,221;Q4;32;17;71;547;55;70;0,82;32,18;48,15;0;United States;Northern America;"American Psychological Association";"1998-2025";"History (Q1); Psychology (miscellaneous) (Q4)";"Arts and Humanities; Psychology"
1145;21100905324;"Journal of Brand Strategy";journal;"2045855X, 20458568";"Henry Stewart Publications";No;No;0,220;Q4;11;30;99;1372;62;85;0,48;45,73;41,51;0;United Kingdom;Western Europe;"Henry Stewart Publications";"2018-2025";"Communication (Q3); Management of Technology and Innovation (Q4); Marketing (Q4); Social Psychology (Q4); Strategy and Management (Q4)";"Business, Management and Accounting; Psychology; Social Sciences"
1146;21100229177;"Journal of Psychological and Educational Research";journal;"22471537";"Universitatea din Oradea";No;No;0,220;Q4;12;28;51;1423;56;50;1,06;50,82;73,81;0;Romania;Eastern Europe;"Universitatea din Oradea";"2011-2025";"Education (Q3); Applied Psychology (Q4); Developmental and Educational Psychology (Q4)";"Psychology; Social Sciences"
1147;21100200647;"Polish Psychological Bulletin";journal;"16417844, 00792993";"Polish Academy of Sciences, Committee for Psychological Science";Yes;No;0,220;Q4;23;10;84;567;57;84;0,69;56,70;53,85;0;Poland;Eastern Europe;"Polish Academy of Sciences, Committee for Psychological Science";"2008-2025";"Psychology (miscellaneous) (Q4)";"Psychology"
1148;21100945163;"Romanian Journal of Applied Psychology";journal;"2392845X, 23928441";"Sciendo";Yes;Yes;0,220;Q4;4;11;14;647;13;14;1,11;58,82;37,50;0;Romania;Eastern Europe;"Sciendo";"2019-2026";"Applied Psychology (Q4)";"Psychology"
1149;21100854898;"NeuroRegulation";journal;"23730587";"International Society for Neurofeedback and Research";Yes;Yes;0,219;Q4;15;20;63;974;47;63;0,65;48,70;36,21;0;United States;Northern America;"International Society for Neurofeedback and Research";"2014-2025";"Applied Psychology (Q4); Behavioral Neuroscience (Q4); Biological Psychiatry (Q4); Experimental and Cognitive Psychology (Q4); Neurology (clinical) (Q4); Neuropsychology and Physiological Psychology (Q4); Physiology (medical) (Q4); Psychiatry and Mental Health (Q4)";"Medicine; Neuroscience; Psychology"
1150;21100870922;"Journal of Behavioral Science";journal;"19064675";"Srinakharinwirot University-Behavioral Science Research Institute";No;No;0,218;Q4;13;26;77;1010;87;77;0,98;38,85;66,67;0;Thailand;Asiatic Region;"Srinakharinwirot University-Behavioral Science Research Institute";"2018-2025";"Social Sciences (miscellaneous) (Q3); Applied Psychology (Q4); Psychology (miscellaneous) (Q4); Social Psychology (Q4)";"Psychology; Social Sciences"
1151;21100784273;"Journal of Intellectual Disability - Diagnosis and Treatment";journal;"22922598";"Lifescience Global";No;No;0,218;Q4;12;23;86;961;99;86;0,92;41,78;40,70;0;Canada;Northern America;"Lifescience Global";"2013-2025";"Applied Psychology (Q4); Developmental and Educational Psychology (Q4); Health (social science) (Q4); Neurology (Q4); Neurology (clinical) (Q4); Psychiatry and Mental Health (Q4)";"Medicine; Neuroscience; Psychology; Social Sciences"
1152;21100852103;"Psihologia Resurselor Umane";journal;"23928077, 15837327";"Association of Industrial and Organizational Psychology (APIO)";Yes;No;0,218;Q4;7;9;31;499;21;25;0,52;55,44;64,71;0;Romania;Eastern Europe;"Association of Industrial and Organizational Psychology (APIO)";"2017-2025";"Clinical Psychology (Q4); Organizational Behavior and Human Resource Management (Q4)";"Business, Management and Accounting; Psychology"
1153;21100976770;"Medico-Biological and Socio-Psychological Issues of Safety in Emergency Situations";journal;"25417487, 19954441";"Nikiforov Russian Center of Emergency and Radiation Medicine, EMERCOM of Russia";Yes;No;0,217;Q4;7;37;117;674;64;117;0,65;18,22;32,91;0;Russian Federation;Eastern Europe;"Nikiforov Russian Center of Emergency and Radiation Medicine, EMERCOM of Russia";"2019-2025";"Emergency Medical Services (Q2); Emergency Medicine (Q3); Clinical Psychology (Q4); Psychiatry and Mental Health (Q4); Public Health, Environmental and Occupational Health (Q4)";"Health Professions; Medicine; Psychology"
1154;21101152124;"Psychology and Law";journal;"22225196";"Moscow State University of Psychology and Education";Yes;Yes;0,217;Q4;5;68;201;1824;103;199;0,61;26,82;72,09;0;Russian Federation;Eastern Europe;"Moscow State University of Psychology and Education";"2022-2025";"Applied Psychology (Q4); Clinical Psychology (Q4); Experimental and Cognitive Psychology (Q4); Social Psychology (Q4)";"Psychology"
1155;29474;"American Journal of Psychology";journal;"19398298, 00029556";"University of Illinois Press";No;No;0,216;Q4;55;21;86;1320;53;81;0,33;62,86;43,18;0;United States;Northern America;"University of Illinois Press";"1945-2025";"Arts and Humanities (miscellaneous) (Q2); Developmental and Educational Psychology (Q4); Experimental and Cognitive Psychology (Q4)";"Arts and Humanities; Psychology"
1156;21101018933;"Habitat Sustentable";journal;"07190700";"Universidad del Bio Bio";Yes;Yes;0,216;Q4;7;21;59;665;48;52;0,90;31,67;45,45;0;Chile;Latin America;"Universidad del Bio Bio";"2019-2025";"Architecture (Q2); Geography, Planning and Development (Q3); Urban Studies (Q3); Building and Construction (Q4); Experimental and Cognitive Psychology (Q4); Materials Science (miscellaneous) (Q4); Renewable Energy, Sustainability and the Environment (Q4)";"Energy; Engineering; Materials Science; Psychology; Social Sciences"
1157;19400158242;"Rivista di Psicoanalisi";journal;"19744722, 00356492";"Raffaello Cortina Editore";No;No;0,216;Q4;7;61;201;1846;24;129;0,11;30,26;52,38;0;Italy;Western Europe;"Raffaello Cortina Editore";"1960, 2010-2025";"Clinical Psychology (Q4); Psychiatry and Mental Health (Q4)";"Medicine; Psychology"
1158;75220;"Therapeutic Communities";journal;"09641866";"Emerald Group Publishing Ltd.";No;No;0,216;Q4;21;11;23;258;12;21;0,33;23,45;44,44;0;United Kingdom;Western Europe;"Emerald Group Publishing Ltd.";"1992-2025";"Health Professions (miscellaneous) (Q3); Clinical Psychology (Q4); Psychiatry and Mental Health (Q4)";"Health Professions; Medicine; Psychology"
1159;21101185424;"Aviation Psychology and Applied Human Factors";journal;"21920923, 21920931";"Hogrefe Publishing GmbH";No;No;0,215;Q4;8;16;48;646;37;42;0,78;40,38;42,00;1;Germany;Western Europe;"Hogrefe Publishing GmbH";"2019-2025";"Aerospace Engineering (Q4); Applied Psychology (Q4)";"Engineering; Psychology"
1160;21101054407;"Cyprus Turkish Journal of Psychiatry and Psychology";journal;"13027840, 26678225";"Cyprus Mental Health Institute";No;No;0,215;Q4;7;52;127;1845;64;116;0,50;35,48;55,00;0;Turkey;Middle East;"Cyprus Mental Health Institute";"2020-2025";"Applied Psychology (Q4); Clinical Psychology (Q4); Psychiatry and Mental Health (Q4)";"Medicine; Psychology"
1161;12691;"Merrill-Palmer Quarterly";journal;"0272930X, 15350266";"Wayne State University Press";No;No;0,215;Q4;83;6;61;368;27;60;0,24;61,33;55,56;0;United States;Northern America;"Wayne State University Press";"1973, 1982, 1985, 1991, 1994, 1996-2025";"Education (Q3); Social Sciences (miscellaneous) (Q3); Developmental and Educational Psychology (Q4)";"Psychology; Social Sciences"
1162;21100899503;"Transactional Analysis Journal";journal;"23295244, 03621537";"Taylor and Francis Ltd.";No;No;0,215;Q4;11;34;95;1153;130;75;1,02;33,91;59,46;0;United Kingdom;Western Europe;"Taylor and Francis Ltd.";"2018-2026";"Decision Sciences (miscellaneous) (Q3); Education (Q3); Clinical Psychology (Q4); Developmental and Educational Psychology (Q4); Psychiatry and Mental Health (Q4)";"Decision Sciences; Medicine; Psychology; Social Sciences"
1163;7000153258;"International Journal of Psychology and Psychological Therapy";journal;"15777057";"Asociación de Análisis del Comportamiento";No;No;0,213;Q4;42;22;65;1055;36;65;0,36;47,95;43,94;0;Spain;Western Europe;"Asociación de Análisis del Comportamiento";"2001-2025";"Clinical Psychology (Q4); Developmental and Educational Psychology (Q4); Experimental and Cognitive Psychology (Q4)";"Psychology"
1164;21100829905;"Bulletin of Educational Psychology";journal;"10115714";"National Taiwan Normal University";No;No;0,212;Q4;9;19;109;1507;59;109;0,39;79,32;40,68;0;Taiwan;Asiatic Region;"National Taiwan Normal University";"2015-2025";"Education (Q3); Developmental and Educational Psychology (Q4)";"Psychology; Social Sciences"
1165;21100396634;"Journal of Educational, Cultural and Psychological Studies";journal;"20377924, 20377932";"LED Edizioni Universitarie";Yes;Yes;0,211;Q4;14;13;73;371;47;66;0,55;28,54;67,65;0;Italy;Western Europe;"LED Edizioni Universitarie";"2014-2026";"Education (Q3); Developmental and Educational Psychology (Q4); Social Psychology (Q4)";"Psychology; Social Sciences"
1166;16813;"Journal of Rehabilitation";journal;"00224154";"National Rehabilitation Association";No;No;0,211;Q4;43;0;22;0;18;22;0,71;0,00;0,00;0;United States;Northern America;"National Rehabilitation Association";"1945-1984, 1991, 1996-2023";"Rehabilitation (Q3); Clinical Psychology (Q4); Psychiatry and Mental Health (Q4); Public Health, Environmental and Occupational Health (Q4)";"Medicine; Psychology"
1167;21100780996;"Psychology, Journal of the Higher School of Economics";journal;"18138918";"National Research University Higher School of Economics (HSE University)";No;No;0,211;Q4;12;46;141;1785;79;133;0,61;38,80;59,05;0;Russian Federation;Eastern Europe;"National Research University Higher School of Economics (HSE University)";"2016-2025";"Cultural Studies (Q2); Education (Q3); Psychology (miscellaneous) (Q4)";"Psychology; Social Sciences"
1168;21100910239;"Journal of Elementary Education";journal;"23504803, 18554431";"University of Maribor Press";Yes;Yes;0,210;Q4;9;38;109;1347;65;105;0,57;35,45;59,77;0;Slovenia;Eastern Europe;"University of Maribor Press";"2015-2025";"Education (Q3); Developmental and Educational Psychology (Q4)";"Psychology; Social Sciences"
1169;21100925743;"Journal of Youth Development";journal;"23254009, 23254017";"Clemson University/TigerPrints";Yes;Yes;0,210;Q4;15;33;79;1688;70;75;0,68;51,15;70,94;0;United States;Northern America;"Clemson University/TigerPrints";"2006, 2008, 2011-2014, 2016-2017, 2019-2025";"Developmental and Educational Psychology (Q4); Life-span and Life-course Studies (Q4)";"Psychology; Social Sciences"
1170;21100388418;"BPA Applied Psychology Bulletin";journal;"00066761";"Giunti Psychometrics";No;No;0,209;Q4;14;13;48;573;23;48;0,44;44,08;54,32;0;Italy;Western Europe;"Giunti Psychometrics";"2014-2025";"Applied Psychology (Q4)";"Psychology"
1171;21101034432;"Archives of Mental Health";journal;"2589918X, 25899171";"Wolters Kluwer Medknow Publications";Yes;Yes;0,207;Q4;7;34;93;1034;46;88;0,42;30,41;52,17;0;India;Asiatic Region;"Wolters Kluwer Medknow Publications";"2018-2025";"Clinical Psychology (Q4); Psychiatry and Mental Health (Q4)";"Medicine; Psychology"
1172;21100979307;"Counseling Psychology and Psychotherapy";journal;"20753470, 23119446";"Moscow State University of Psychology and Education";Yes;Yes;0,206;Q4;13;25;114;628;65;104;0,64;25,12;68,25;0;Russian Federation;Eastern Europe;"Moscow State University of Psychology and Education";"2016-2025";"Clinical Psychology (Q4); Developmental and Educational Psychology (Q4); Health (social science) (Q4)";"Psychology; Social Sciences"
1173;5700181944;"Deutsche Sprache";journal;"03409341, 1868775X";"Erich Schmidt Verlag GmbH and Co Berlin";No;No;0,206;Q4;11;7;36;237;10;35;0,08;33,86;50,00;0;Germany;Western Europe;"Erich Schmidt Verlag GmbH and Co Berlin";"2002-2011, 2017-2025";"Linguistics and Language (Q2); Social Sciences (miscellaneous) (Q3); Psychology (miscellaneous) (Q4)";"Psychology; Social Sciences"
1174;21101134692;"Studia Warminskie";journal;"01376624";"University of Warmia and Mazury";Yes;Yes;0,206;Q4;7;28;96;865;31;95;0,33;30,89;42,42;0;Poland;Eastern Europe;"University of Warmia and Mazury";"2019-2025";"History (Q1); Philosophy (Q2); Religious Studies (Q2); Law (Q3); Social Sciences (miscellaneous) (Q3); Developmental and Educational Psychology (Q4); Social Psychology (Q4)";"Arts and Humanities; Psychology; Social Sciences"
1175;21100903472;"Iranian Journal of Psychiatry and Clinical Psychology";journal;"22287515, 17354315";"Iran University of Medical Sciences";No;No;0,205;Q4;12;25;108;1129;67;104;0,55;45,16;48,10;0;Iran;Middle East;"Iran University of Medical Sciences";"2018-2025";"Clinical Psychology (Q4); Psychiatry and Mental Health (Q4)";"Medicine; Psychology"
1176;21101153195;"Clinical Psychology and Special Education";journal;"23040394";"Moscow State University of Psychology and Education";Yes;Yes;0,204;Q4;6;45;85;1229;68;85;0,80;27,31;77,48;0;Russian Federation;Eastern Europe;"Moscow State University of Psychology and Education";"2022-2025";"Clinical Psychology (Q4); Developmental and Educational Psychology (Q4); Experimental and Cognitive Psychology (Q4); Neuropsychology and Physiological Psychology (Q4)";"Psychology"
1177;16800154752;"Journal of Cognition and Culture";journal;"15677095, 15685373";"Brill Academic Publishers";No;No;0,204;Q4;52;32;64;1348;48;64;0,73;42,13;52,17;0;Netherlands;Western Europe;"Brill Academic Publishers";"2001-2025";"Arts and Humanities (miscellaneous) (Q2); Cultural Studies (Q2); Experimental and Cognitive Psychology (Q4); Social Psychology (Q4)";"Arts and Humanities; Psychology; Social Sciences"
1178;4700152401;"Psychoanalytic Social Work";journal;"15229033, 15228878";"Routledge";No;No;0,204;Q4;15;22;37;780;15;36;0,36;35,45;56,67;0;United States;Northern America;"Routledge";"1999-2025";"Social Sciences (miscellaneous) (Q3); Social Psychology (Q4); Social Work (Q4)";"Psychology; Social Sciences"
1179;21100887416;"Marketing, Zeitschrift fur Forschung und Praxis";journal;"03441369";"C.H.BECK";No;No;0,203;Q4;8;0;32;0;19;25;0,79;0,00;0,00;0;Germany;Western Europe;"C.H.BECK";"2018-2023";"Marketing (Q4); Social Psychology (Q4)";"Business, Management and Accounting; Psychology"
1180;21101037305;"Russian Psychological Journal";journal;"18121853, 24115789";"Russian Psychological Society";Yes;No;0,203;Q4;6;35;183;1411;85;183;0,45;40,31;72,28;0;Russian Federation;Eastern Europe;"Russian Psychological Society";"2019-2025";"Philosophy (Q2); Cognitive Neuroscience (Q4); Education (Q4); Psychology (miscellaneous) (Q4)";"Arts and Humanities; Neuroscience; Psychology; Social Sciences"
1181;110337;"Zhurnal Nevrologii i Psihiatrii imeni S.S. Korsakova";journal;"23094729, 19977298";"Media Sphera Publishing Group";No;No;0,203;Q4;26;351;1056;11680;756;1042;0,74;33,28;65,73;0;Russian Federation;Eastern Europe;"Media Sphera Publishing Group";"1952-2026";"History and Philosophy of Science (Q3); Clinical Psychology (Q4); Neurology (Q4); Neurology (clinical) (Q4); Psychiatry and Mental Health (Q4)";"Arts and Humanities; Medicine; Neuroscience; Psychology"
1182;21101053580;"Journal of Psychosocial Studies";journal;"14786737";"Policy Press";No;No;0,201;Q4;8;20;68;495;52;59;0,84;24,75;58,33;0;United Kingdom;Western Europe;"Policy Press";"2019-2025";"Cultural Studies (Q2); Social Sciences (miscellaneous) (Q3); Sociology and Political Science (Q3); Social Psychology (Q4)";"Psychology; Social Sciences"
1183;29521;"Annales Medico-Psychologiques";journal;"00034487, 17696631";"Elsevier Masson s.r.l.";No;No;0,200;Q4;28;184;484;6488;206;457;0,36;35,26;50,37;1;France;Western Europe;"Elsevier Masson s.r.l.";"1946-1947, 1949-2026";"Arts and Humanities (miscellaneous) (Q2); Applied Psychology (Q4); Psychiatry and Mental Health (Q4)";"Arts and Humanities; Medicine; Psychology"
1184;1000147119;"Zeitschrift fur Germanistische Linguistik";journal;"16130626, 03013294";"Walter de Gruyter GmbH";No;No;0,200;Q4;19;20;70;1050;23;68;0,20;52,50;46,34;0;Germany;Western Europe;"Walter de Gruyter GmbH";"1973-2025";"Linguistics and Language (Q2); Developmental and Educational Psychology (Q4)";"Psychology; Social Sciences"
1185;17900156713;"International Journal of Applied Psychoanalytic Studies";journal;"17423341, 15569187";"Wiley-Blackwell";No;No;0,196;Q4;20;26;130;1606;79;108;0,45;61,77;39,02;0;United States;Northern America;"Wiley-Blackwell";"2009-2026";"Psychology (miscellaneous) (Q4)";"Psychology"
1186;21101162635;"Review of Behavioral Economics";journal;"23266201, 23266198";"Now Publishers Inc";No;No;0,196;Q4;7;19;51;1006;27;49;0,53;52,95;14,71;0;United States;Northern America;"Now Publishers Inc";"2019-2025";"Economics, Econometrics and Finance (miscellaneous) (Q3); Social Sciences (miscellaneous) (Q3); Social Psychology (Q4)";"Economics, Econometrics and Finance; Psychology; Social Sciences"
1187;21100901169;"Revista CES Psicologia";journal;"20113080";"Universidad CES";Yes;Yes;0,196;Q4;10;28;98;1588;59;97;0,51;56,71;51,14;0;Colombia;Latin America;"Universidad CES";"2018-2025";"Psychology (miscellaneous) (Q4)";"Psychology"
1188;21100400192;"Annals of Psychology";journal;"24514306";"";Yes;No;0,195;Q4;12;12;55;691;38;55;0,57;57,58;70,97;0;Poland;Eastern Europe;"";"2014-2025";"Psychology (miscellaneous) (Q4)";"Psychology"
1189;21100898040;"Childhood Education";journal;"00094056, 21620725";"Taylor and Francis Ltd.";No;No;0,195;Q4;33;65;189;200;79;185;0,43;3,08;72,15;0;United Kingdom;Western Europe;"Taylor and Francis Ltd.";"1955-1956, 1979, 1984-1992, 1994-2026";"Developmental and Educational Psychology (Q4); Education (Q4); Management of Technology and Innovation (Q4)";"Business, Management and Accounting; Psychology; Social Sciences"
1190;21100920054;"Community Psychology in Global Perspective.";journal;"24212113";"University of Salento";Yes;Yes;0,195;Q4;14;10;50;777;32;50;0,56;77,70;61,76;0;Italy;Western Europe;"University of Salento";"2019-2026";"Health (social science) (Q4); Social Psychology (Q4)";"Psychology; Social Sciences"
1191;13437;"Psychologia";journal;"00332852, 13475916";"Psychologia Society";No;No;0,195;Q4;31;10;41;531;22;37;0,47;53,10;37,93;0;Japan;Asiatic Region;"Psychologia Society";"1996-2025";"Psychology (miscellaneous) (Q4)";"Psychology"
1192;21101194210;"Proceedings of the International Group for the Psychology of Mathematics Education";conference and proceedings;"0771100X, 27903648";"Psychology of Mathematics Education (PME)";No;No;0,194;-;9;111;1099;1614;173;1085;0,14;14,54;63,75;0;Germany;Western Europe;"Psychology of Mathematics Education (PME)";"2019, 2021-2025";"Developmental and Educational Psychology; Education; Experimental and Cognitive Psychology; Mathematics (miscellaneous)";"Mathematics; Psychology; Social Sciences"
1193;21100860060;"Cognition, Brain, Behavior. An Interdisciplinary Journal";journal;"2601226X, 22479228";"ASCR Press";No;No;0,193;Q4;10;12;34;833;21;33;0,57;69,42;62,50;0;Romania;Eastern Europe;"ASCR Press";"2017-2025";"Experimental and Cognitive Psychology (Q4)";"Psychology"
1194;21101281057;"Indonesian Journal of Criminal Law Studies";journal;"25481576, 25481568";"Universitas Negeri Semarang";No;No;0,193;Q4;2;28;26;1264;19;26;0,73;45,14;33,80;0;Indonesia;Asiatic Region;"Universitas Negeri Semarang";"2023-2025";"Gender Studies (Q3); Law (Q3); Social Sciences (miscellaneous) (Q3); Social Psychology (Q4)";"Psychology; Social Sciences"
1195;30046;"Journal of Phenomenological Psychology";journal;"15691624, 00472662";"Brill Academic Publishers";No;No;0,192;Q4;29;6;27;191;21;25;0,68;31,83;25,00;0;Netherlands;Western Europe;"Brill Academic Publishers";"1970-2025";"Psychology (miscellaneous) (Q4)";"Psychology"
1196;21101271735;"Revista Digital de Investigacion en Docencia Universitaria";journal;"22232516";"Universidad Peruana de Ciencias Aplicadas";Yes;Yes;0,192;Q4;11;22;58;1293;49;53;0,59;58,77;50,00;0;Peru;Latin America;"Universidad Peruana de Ciencias Aplicadas";"2020-2026";"Cultural Studies (Q2); Developmental and Educational Psychology (Q4); Education (Q4)";"Psychology; Social Sciences"
1197;144836;"Scandinavian Psychoanalytic Review";journal;"01062301, 16000803";"Routledge";No;No;0,192;Q4;13;20;45;428;17;39;0,34;21,40;42,11;0;United Kingdom;Western Europe;"Routledge";"1978-2026";"Clinical Psychology (Q4); Psychiatry and Mental Health (Q4)";"Medicine; Psychology"
1198;21101169886;"Sovremennaa Terapia Psihiceskih Rasstrojstv";journal;"23064137";"";Yes;Yes;0,192;Q4;4;32;50;1408;61;50;1,22;44,00;52,34;0;Iran;Middle East;"";"2023-2025";"Physiology (medical) (Q4); Psychiatry and Mental Health (Q4); Psychology (miscellaneous) (Q4)";"Medicine; Psychology"
1199;21100205744;"Health and Addictions / Salud y Drogas";journal;"15785319, 1988205X";"Instituto de Investigacion de Drogodependencias";Yes;No;0,191;Q4;17;16;98;742;50;95;0,50;46,38;51,79;0;Spain;Western Europe;"Instituto de Investigacion de Drogodependencias";"2009-2025";"Developmental and Educational Psychology (Q4); Health (social science) (Q4); Neuropsychology and Physiological Psychology (Q4); Psychiatry and Mental Health (Q4)";"Medicine; Psychology; Social Sciences"
1200;14768;"Hispanic Journal of Behavioral Sciences";journal;"15526364, 07399863";"SAGE Publications Inc.";No;No;0,191;Q4;76;21;33;1167;24;33;0,70;55,57;68,37;0;United States;Northern America;"SAGE Publications Inc.";"1979-2026";"Cultural Studies (Q2); Linguistics and Language (Q2); Anthropology (Q3); Social Psychology (Q4)";"Psychology; Social Sciences"
1201;21100902939;"Language Learning and Language Teaching";book series;"15699471";"John Benjamins Publishing Company";No;No;0,191;Q4;64;0;47;0;86;1;2,19;0,00;0,00;0;Netherlands;Western Europe;"John Benjamins Publishing Company";"2002-2016, 2018-2020, 2022-2025";"Linguistics and Language (Q2); Developmental and Educational Psychology (Q4); Education (Q4)";"Psychology; Social Sciences"
1202;4600151402;"Volta Review";journal;"00428639, 21625158";"Alexander Graham Bell Association";No;No;0,191;Q4;33;4;15;222;9;14;0,38;55,50;80,00;0;United States;Northern America;"Alexander Graham Bell Association";"1946-1948, 1973, 1988, 1996-2001, 2004-2015, 2017-2025";"Arts and Humanities (miscellaneous) (Q2); Cultural Studies (Q2); Developmental and Educational Psychology (Q4)";"Arts and Humanities; Psychology; Social Sciences"
1203;5700169412;"Acta Comportamentalia";journal;"01888145";"Universidad Nacional Autonoma de Mexico";No;No;0,189;Q4;6;37;108;1535;23;107;0,18;41,49;42,17;0;Mexico;Latin America;"Universidad Nacional Autonoma de Mexico";"2017-2025";"Linguistics and Language (Q2); Applied Psychology (Q4); Developmental and Educational Psychology (Q4); Education (Q4)";"Psychology; Social Sciences"
1204;5700154120;"Giornale Italiano di Psicologia";journal;"26122413, 03905349";"Societa Editrice Il Mulino";No;No;0,189;Q4;20;66;183;2390;66;171;0,40;36,21;50,43;0;Italy;Western Europe;"Societa Editrice Il Mulino";"2001-2002, 2011-2025";"Psychology (miscellaneous) (Q4)";"Psychology"
1205;5700164134;"Interamerican Journal of Psychology";journal;"00349690";"Sociedad Interamericana de Psicologia";Yes;Yes;0,189;Q4;28;31;92;1483;45;92;0,45;47,84;50,00;0;United States;Northern America;"Sociedad Interamericana de Psicologia";"2000-2025";"Psychology (miscellaneous) (Q4)";"Psychology"
1206;21100901563;"Korean Journal of Physical, Multiple and Health Disabilities";journal;"22883843";"";No;No;0,188;Q4;10;39;111;1569;63;111;0,66;40,23;55,22;0;South Korea;Asiatic Region;"";"2018-2025";"Developmental and Educational Psychology (Q4); Education (Q4); Physical Therapy, Sports Therapy and Rehabilitation (Q4)";"Health Professions; Psychology; Social Sciences"
1207;21634;"Revija za Kriminalistiko in Kriminologijo";journal;"0034690X";"Ministrstvo za notranje zadeve Republike Slovenije Policija";No;No;0,188;Q4;10;32;56;1361;17;41;0,34;42,53;46,88;0;Slovenia;Eastern Europe;"Ministrstvo za notranje zadeve Republike Slovenije Policija";"1981, 2011-2025";"Law (Q3); Pathology and Forensic Medicine (Q4); Social Psychology (Q4)";"Medicine; Psychology; Social Sciences"
1208;21100843526;"Ricerche di Psicologia";journal;"03916081, 19725620";"FrancoAngeli";No;No;0,187;Q4;14;9;85;369;31;84;0,17;41,00;72,97;0;Italy;Western Europe;"FrancoAngeli";"2000, 2002-2025";"Psychology (miscellaneous) (Q4)";"Psychology"
1209;18300156721;"Zeitschrift fur Sportpsychologie";journal;"21906300, 16125010";"Hogrefe Publishing";No;No;0,187;Q4;14;0;52;0;22;25;0,32;0,00;0,00;0;Germany;Western Europe;"Hogrefe Publishing";"2008-2023";"Applied Psychology (Q4); Physical Therapy, Sports Therapy and Rehabilitation (Q4); Social Psychology (Q4)";"Health Professions; Psychology"
1210;21100860442;"Asia-Pacific Journal of Research in Early Childhood Education";journal;"19761961, 22335234";"Pacific Early Childhood Education Research Association";No;No;0,186;Q4;8;24;74;1116;33;74;0,34;46,50;81,36;0;China;Asiatic Region;"Pacific Early Childhood Education Research Association";"2018-2026";"Developmental and Educational Psychology (Q4); Education (Q4)";"Psychology; Social Sciences"
1211;21101047721;"Human Research in Rehabilitation";journal;"22329935, 2232996X";"Institute for Human Rehabilitation";Yes;Yes;0,186;Q4;6;43;93;1521;63;93;0,70;35,37;49,41;0;Bosnia and Herzegovina;Eastern Europe;"Institute for Human Rehabilitation";"2019-2025";"Education (Q4); Rehabilitation (Q4); Social Psychology (Q4)";"Medicine; Psychology; Social Sciences"
1212;21100256950;"Movement and Sports Sciences - Science et Motricite";journal;"21185735, 21185743";"EDP Sciences";No;No;0,186;Q4;19;43;83;2231;31;80;0,29;51,88;38,89;0;France;Western Europe;"EDP Sciences";"2010-2025";"Multidisciplinary (Q3); Social Sciences (miscellaneous) (Q3); Neuropsychology and Physiological Psychology (Q4); Orthopedics and Sports Medicine (Q4); Physical Therapy, Sports Therapy and Rehabilitation (Q4); Physiology (Q4); Physiology (medical) (Q4); Psychology (miscellaneous) (Q4)";"Biochemistry, Genetics and Molecular Biology; Health Professions; Medicine; Multidisciplinary; Psychology; Social Sciences"
1213;4700152605;"Psicologia: Teoria e Pesquisa";journal;"01023772, 18063446";"Universidade de Brasilia";Yes;Yes;0,186;Q4;27;49;150;2219;83;150;0,55;45,29;62,12;0;Brazil;Latin America;"Universidade de Brasilia";"2000-2001, 2006-2025";"Psychology (miscellaneous) (Q4)";"Psychology"
1214;21101290843;"Revista de Psicoterapia";journal;"23397950, 11305142";"Grupo Editorial Psicofundacion";No;No;0,186;Q4;5;25;118;1371;52;110;0,44;54,84;37,50;0;Spain;Western Europe;"Grupo Editorial Psicofundacion";"2021-2025";"Clinical Psychology (Q4)";"Psychology"
1215;19700174668;"Annual Review of CyberTherapy and Telemedicine";journal;"15548716";"Virtual Reality Medical Institute";Yes;No;0,185;Q4;24;42;107;806;63;99;0,51;19,19;50,83;0;Belgium;Western Europe;"Virtual Reality Medical Institute";"2009-2025";"Computer Science (miscellaneous) (Q4); Neuroscience (miscellaneous) (Q4); Psychology (miscellaneous) (Q4); Rehabilitation (Q4)";"Computer Science; Medicine; Neuroscience; Psychology"
1216;5700157895;"Enfance";journal;"19696981, 00137545";"Presses Universitaires de France";Yes;No;0,185;Q4;17;16;92;543;21;82;0,20;33,94;80,95;4;France;Western Europe;"Presses Universitaires de France";"1949-1953, 2002-2025";"Arts and Humanities (miscellaneous) (Q2); Pediatrics, Perinatology and Child Health (Q3); Developmental and Educational Psychology (Q4); Education (Q4); Health (social science) (Q4)";"Arts and Humanities; Medicine; Psychology; Social Sciences"
1217;5100155040;"Psychiatria i Psychologia Kliniczna";journal;"16446313, 24510645";"Medical Communications";Yes;Yes;0,185;Q4;13;24;127;1191;43;125;0,39;49,63;60,56;0;Poland;Eastern Europe;"Medical Communications";"2006-2025";"Clinical Psychology (Q4); Psychiatry and Mental Health (Q4)";"Medicine; Psychology"
1218;21100812627;"Publicaciones de la Facultad de Educacion y Humanidades del Campus de Melilla";journal;"25309269, 15774147";"Universidad de Granada";Yes;Yes;0,185;Q4;13;20;62;869;41;55;0,58;43,45;43,33;0;Spain;Western Europe;"Universidad de Granada";"2012-2025";"Developmental and Educational Psychology (Q4); Education (Q4)";"Psychology; Social Sciences"
1219;19846;"International Journal of Sport Psychology";journal;"00470767";"Edizioni Luigi Pozzi S.r.l.";No;No;0,184;Q4;60;1;1;59;1;1;1,00;59,00;80,00;0;Italy;Western Europe;"Edizioni Luigi Pozzi S.r.l.";"1973-1974, 1996-2021, 2023, 2025";"Applied Psychology (Q4)";"Psychology"
1220;18621;"Praxis der Kinderpsychologie und Kinderpsychiatrie";journal;"21968225, 00327034";"Vandenhoeck and Ruprecht GmbH and Co. KG";No;No;0,184;Q4;23;44;127;1586;56;110;0,28;36,05;71,00;0;Germany;Western Europe;"Vandenhoeck and Ruprecht GmbH and Co. KG";"1961-2026";"Developmental and Educational Psychology (Q4); Psychiatry and Mental Health (Q4)";"Medicine; Psychology"
1221;21101192675;"Revista de Estudios e Investigacion en Psicologia y Educacion";journal;"23867418";"Publications Service of the University of A Coruna - Elvina Campus";Yes;Yes;0,183;Q4;7;19;73;960;40;72;0,60;50,53;50,00;0;Spain;Western Europe;"Publications Service of the University of A Coruna - Elvina Campus";"2019-2025";"Education (Q4); Psychology (miscellaneous) (Q4)";"Psychology; Social Sciences"
1222;21100929891;"Changing Societies and Personalities";journal;"25876104, 25878964";"Ural Federal University";Yes;Yes;0,182;Q4;8;39;139;1824;95;128;0,66;46,77;50,65;0;Russian Federation;Eastern Europe;"Ural Federal University";"2017-2025";"Cultural Studies (Q2); Sociology and Political Science (Q3); Social Psychology (Q4)";"Psychology; Social Sciences"
1223;21101091713;"European Journal for Qualitative Research in Psychotherapy";journal;"17567599";"Liverpool John Moores University";No;No;0,181;Q4;7;0;22;0;16;19;0,58;0,00;0,00;0;Ireland;Western Europe;"Liverpool John Moores University";"2018-2024";"Applied Psychology (Q4); Clinical Psychology (Q4); Psychology (miscellaneous) (Q4); Social Psychology (Q4)";"Psychology"
1224;21100451188;"European Journal of Adapted Physical Activity";journal;"18033857";"European Federation of Adapted Physical Activity";Yes;Yes;0,181;Q4;13;5;40;242;23;39;0,53;48,40;31,58;0;Czech Republic;Eastern Europe;"European Federation of Adapted Physical Activity";"2015-2025";"Education (Q4); Health (social science) (Q4); Physical Therapy, Sports Therapy and Rehabilitation (Q4); Social Psychology (Q4)";"Health Professions; Psychology; Social Sciences"
1225;21101176726;"Creative Arts in Education and Therapy";journal;"24682306, 2451876X";"Inspirees Publishing";Yes;Yes;0,180;Q4;5;20;59;455;21;53;0,28;22,75;65,91;0;Netherlands;Western Europe;"Inspirees Publishing";"2021-2025";"Visual Arts and Performing Arts (Q1); Arts and Humanities (miscellaneous) (Q2); Applied Psychology (Q4); Psychology (miscellaneous) (Q4)";"Arts and Humanities; Psychology"
1226;21100200606;"International Journal of Transpersonal Studies";journal;"13210122, 19423241";"International Transpersonal Association";Yes;No;0,180;Q4;16;12;43;761;18;38;0,51;63,42;31,25;0;United States;Northern America;"International Transpersonal Association";"2011-2025";"Philosophy (Q2); Religious Studies (Q2); Applied Psychology (Q4)";"Arts and Humanities; Psychology"
1227;15300154805;"Clinical Psychology Forum";journal;"17475732";"British Psychological Society";No;No;0,179;Q4;19;95;279;1102;58;198;0,19;11,60;78,07;0;United Kingdom;Western Europe;"British Psychological Society";"2005-2025";"Clinical Psychology (Q4)";"Psychology"
1228;21100253384;"International Journal of Cyber Behavior, Psychology and Learning";journal;"21557136, 21557144";"IGI Global Publishing";No;No;0,179;Q4;23;4;45;189;32;45;0,77;47,25;55,56;0;United States;Northern America;"IGI Global Publishing";"2011-2025";"Developmental and Educational Psychology (Q4); Education (Q4); Experimental and Cognitive Psychology (Q4)";"Psychology; Social Sciences"
1229;21101102055;"International Journal of Sport and Society";journal;"21527865, 21527857";"Common Ground Research Networks";No;No;0,176;Q4;5;23;73;1448;53;73;0,86;62,96;52,94;0;United States;Northern America;"Common Ground Research Networks";"2019-2025";"Health Professions (miscellaneous) (Q3); Social Sciences (miscellaneous) (Q3); Education (Q4); Medicine (miscellaneous) (Q4); Psychology (miscellaneous) (Q4); Urology (Q4)";"Health Professions; Medicine; Psychology; Social Sciences"
1230;19700200986;"International Review of Pragmatics";journal;"18773109, 18773095";"Brill Academic Publishers";No;No;0,176;Q4;16;16;40;681;22;37;0,54;42,56;50,00;0;Netherlands;Western Europe;"Brill Academic Publishers";"2009, 2013-2026";"Linguistics and Language (Q2); Communication (Q3); Psychology (miscellaneous) (Q4)";"Psychology; Social Sciences"
1231;19700177314;"Revista de Cercetare si Interventie Sociala";journal;"15833410, 15845397";"Expert Projects";Yes;No;0,176;Q4;19;43;145;1504;91;145;0,54;34,98;48,00;0;Romania;Eastern Europe;"Expert Projects";"2008-2025";"Sociology and Political Science (Q3); Health (social science) (Q4); Social Psychology (Q4)";"Psychology; Social Sciences"
1232;7200153128;"Zeitschrift fur Evaluation";journal;"16195515";"Waxmann Verlag GmbH";No;No;0,176;Q4;8;33;68;677;17;39;0,33;20,52;45,71;0;Germany;Western Europe;"Waxmann Verlag GmbH";"2006-2013, 2015-2025";"Communication (Q3); Social Sciences (miscellaneous) (Q3); Applied Psychology (Q4); Education (Q4); Statistics and Probability (Q4); Strategy and Management (Q4)";"Business, Management and Accounting; Mathematics; Psychology; Social Sciences"
1233;21101121506;"Psychology";journal;"11065737, 27326640";"National Documentation Centre";Yes;Yes;0,175;Q4;6;33;103;2353;52;100;0,46;71,30;62,96;0;Greece;Western Europe;"National Documentation Centre";"2010, 2012-2013, 2016, 2018-2026";"Psychology (miscellaneous) (Q4)";"Psychology"
1234;29523;"Annee Psychologique";journal;"19552580, 00035033";"Presses Universitaires de France";No;No;0,174;Q4;30;23;91;1501;30;88;0,25;65,26;63,33;0;France;Western Europe;"Presses Universitaires de France";"1952-1961, 1964-1984, 1995-2025";"Arts and Humanities (miscellaneous) (Q2); Psychology (miscellaneous) (Q4)";"Arts and Humanities; Psychology"
1235;21100926538;"Sibirskiy Psikhologicheskiy Zhurnal";journal;"17267080, 24110809";"Tomsk State University";Yes;No;0,174;Q4;7;46;120;1689;53;120;0,47;36,72;63,48;0;Russian Federation;Eastern Europe;"Tomsk State University";"2019-2025";"Psychology (miscellaneous) (Q4)";"Psychology"
1236;12700154701;"Journal for Geometry and Graphics";journal;"14338157";"Heldermann Verlag";No;No;0,173;Q4;21;20;65;246;14;65;0,15;12,30;23,81;0;Germany;Western Europe;"Heldermann Verlag";"1997-2025";"Applied Mathematics (Q4); Applied Psychology (Q4); Geometry and Topology (Q4)";"Mathematics; Psychology"
1237;21100211304;"Psicologia Escolar e Educacional";journal;"14138557, 21753539";"Associacao Brasileira de Psicologia Escolar e Educacional";Yes;Yes;0,173;Q4;17;28;111;719;39;107;0,29;25,68;68,75;0;Brazil;Latin America;"Associacao Brasileira de Psicologia Escolar e Educacional";"2012-2025";"Developmental and Educational Psychology (Q4); Social Psychology (Q4)";"Psychology"
1238;4100151502;"Psychologie du Travail et des Organisations";journal;"14202530";"Elsevier Masson s.r.l.";No;No;0,173;Q4;13;25;55;1424;31;52;0,54;56,96;50,00;0;France;Western Europe;"Elsevier Masson s.r.l.";"2005-2006, 2008-2025";"Human Factors and Ergonomics (Q4); Social Psychology (Q4)";"Psychology; Social Sciences"
1239;19700188207;"Revista Mexicana de Analisis de la Conducta";journal;"20070802, 01854534";"Sociedad Mexicana de Analisis de la Conducta";No;No;0,173;Q4;13;19;47;748;8;45;0,14;39,37;50,00;0;Mexico;Latin America;"Sociedad Mexicana de Analisis de la Conducta";"1975, 2010-2025";"Applied Psychology (Q4); Experimental and Cognitive Psychology (Q4)";"Psychology"
1240;20008;"Chinese Journal of Psychiatry";journal;"10067884";"Chinese Medical Journals Publishing House Co.Ltd";No;No;0,172;Q4;10;100;253;4299;129;248;0,38;42,99;52,81;0;China;Asiatic Region;"Chinese Medical Journals Publishing House Co.Ltd";"1998-1999, 2019-2026";"Biological Psychiatry (Q4); Clinical Psychology (Q4); Cognitive Neuroscience (Q4); Psychiatry and Mental Health (Q4)";"Medicine; Neuroscience; Psychology"
1241;21100204931;"Sistemi Intelligenti";journal;"11209550, 19738226";"Societa Editrice Il Mulino";No;No;0,172;Q4;10;29;119;1682;57;110;0,70;58,00;58,93;0;Italy;Western Europe;"Societa Editrice Il Mulino";"1997-2025";"Linguistics and Language (Q2); Artificial Intelligence (Q4); Cognitive Neuroscience (Q4); Experimental and Cognitive Psychology (Q4)";"Computer Science; Neuroscience; Psychology; Social Sciences"
1242;15600;"Neuropsychiatrie de l'Enfance et de l'Adolescence";journal;"02229617, 17696615";"Elsevier Masson s.r.l.";No;No;0,170;Q4;22;60;154;2406;61;147;0,31;40,10;59,70;0;France;Western Europe;"Elsevier Masson s.r.l.";"1979-2026";"Pediatrics, Perinatology and Child Health (Q3); Developmental and Educational Psychology (Q4); Psychiatry and Mental Health (Q4)";"Medicine; Psychology"
1243;5400152702;"Estudos de Psicologia (Natal)";journal;"16784669, 1413294X";"Universidade Federal do Rio Grande do Norte";Yes;No;0,169;Q4;18;0;129;0;53;127;0,35;0,00;0,00;0;Brazil;Latin America;"Universidade Federal do Rio Grande do Norte";"2006-2024";"Psychology (miscellaneous) (Q4)";"Psychology"
1244;21101190210;"International Journal for Research in Learning Disabilities";journal;"2325565X, 23293764";"International Academy for Research in Learning Disabilities (IARLD)";No;No;0,169;Q4;4;2;16;115;11;15;0,60;57,50;57,14;0;United States;Northern America;"International Academy for Research in Learning Disabilities (IARLD)";"2019-2026";"Education (Q4); Medicine (miscellaneous) (Q4); Neuroscience (miscellaneous) (Q4); Psychology (miscellaneous) (Q4)";"Medicine; Neuroscience; Psychology; Social Sciences"
1245;21100925826;"Specijalna Edukacija i Rehabilitacija";journal;"14527367, 24061328";"University of Belgrade - Faculty of Special Education and Rehabilitation";Yes;Yes;0,168;Q4;4;26;63;1034;35;63;0,36;39,77;87,10;0;Serbia;Eastern Europe;"University of Belgrade - Faculty of Special Education and Rehabilitation";"2018-2025";"Developmental and Educational Psychology (Q4); Education (Q4)";"Psychology; Social Sciences"
1246;5200152834;"Torture";journal;"10188185, 19973322";"International Rehabilitation Council for Torture Victims";Yes;Yes;0,168;Q4;28;28;100;1044;43;75;0,48;37,29;50,00;0;Denmark;Western Europe;"International Rehabilitation Council for Torture Victims";"1991-2025";"Clinical Psychology (Q4); Health (social science) (Q4); Psychiatry and Mental Health (Q4); Public Health, Environmental and Occupational Health (Q4); Rehabilitation (Q4)";"Medicine; Psychology; Social Sciences"
1247;21100860444;"Dog Behavior";journal;"24210684, 24215678";"Edizioni ETS";No;No;0,167;Q4;12;7;37;230;18;37;0,59;32,86;68,75;0;Italy;Western Europe;"Edizioni ETS";"2015-2026";"Animal Science and Zoology (Q4); Applied Psychology (Q4); Small Animals (Q4)";"Agricultural and Biological Sciences; Psychology; Veterinary"
1248;21101184419;"Indonesian Journal of Occupational Safety and Health";journal;"23018046, 25407872";"Airlangga University Faculty of Public Health";Yes;Yes;0,167;Q4;7;37;155;1292;79;151;0,48;34,92;52,22;0;Indonesia;Asiatic Region;"Airlangga University Faculty of Public Health";"2019-2025";"Applied Psychology (Q4); Health, Toxicology and Mutagenesis (Q4); Public Health, Environmental and Occupational Health (Q4)";"Environmental Science; Medicine; Psychology"
1249;21101375575;"International Journal of Narrative Therapy and Community Work";journal;"29818818";"Dulwich Centre Foundation";Yes;No;0,166;Q4;3;19;53;334;19;51;0,21;17,58;70,59;0;Australia;Pacific Region;"Dulwich Centre Foundation";"2023-2025";"Health Professions (miscellaneous) (Q3); Social Sciences (miscellaneous) (Q3); Psychology (miscellaneous) (Q4)";"Health Professions; Psychology; Social Sciences"
1250;21101142416;"Journal of Underrepresented and Minority Progress";journal;"25743465, 25743481";"STAR Scholars Network";No;No;0,166;Q4;6;41;61;1775;46;59;0,80;43,29;63,41;0;United States;Northern America;"STAR Scholars Network";"2019-2025";"Cultural Studies (Q2); Philosophy (Q2); Sociology and Political Science (Q3); Education (Q4); Psychology (miscellaneous) (Q4)";"Arts and Humanities; Psychology; Social Sciences"
1251;21100877822;"Revista Argentina de Ciencias del Comportamiento";journal;"18524206";"Universidad Nacional de Cordoba - Facultad de Psicologia";Yes;Yes;0,166;Q4;10;24;100;1286;45;99;0,43;53,58;50,62;0;Argentina;Latin America;"Universidad Nacional de Cordoba - Facultad de Psicologia";"2018-2025";"Linguistics and Language (Q2); Behavioral Neuroscience (Q4); Developmental and Educational Psychology (Q4); Experimental and Cognitive Psychology (Q4)";"Neuroscience; Psychology; Social Sciences"
1252;13415;"Contemporary Psychoanalysis";journal;"00107530, 23309091";"Taylor and Francis Ltd.";No;No;0,165;Q4;37;0;90;0;30;75;0,21;0,00;0,00;0;United Kingdom;Western Europe;"Taylor and Francis Ltd.";"1964-2024";"Clinical Psychology (Q4); Psychiatry and Mental Health (Q4)";"Medicine; Psychology"
1253;21100788963;"International Journal of High Risk Behaviors and Addiction";journal;"2251872X, 22518711";"Brieflands";Yes;No;0,165;Q4;21;29;83;947;43;78;0,39;32,66;46,39;0;Netherlands;Western Europe;"Brieflands";"2012, 2014-2026";"Clinical Psychology (Q4); Medicine (miscellaneous) (Q4); Psychiatry and Mental Health (Q4)";"Medicine; Psychology"
1254;21101146415;"Jurnal Pengukuran Psikologi dan Pendidikan Indonesia";journal;"20896247, 26545713";"Syarif Hidayatullah State Islamic University (UIN) Jakarta";Yes;Yes;0,165;Q4;4;13;43;744;25;42;0,56;57,23;40,63;0;Indonesia;Asiatic Region;"Syarif Hidayatullah State Islamic University (UIN) Jakarta";"2019-2025";"Applied Psychology (Q4); Developmental and Educational Psychology (Q4); Education (Q4); Psychology (miscellaneous) (Q4)";"Psychology; Social Sciences"
1255;4700152865;"Psicologia e Sociedade";journal;"18070310, 01027182";"Associacao Brasileira de Psicologia Social";Yes;Yes;0,165;Q4;24;49;109;1645;15;107;0,10;33,57;60,00;0;Brazil;Latin America;"Associacao Brasileira de Psicologia Social";"2006-2025";"Social Psychology (Q4)";"Psychology"
1256;21100981168;"International Journal of Body, Mind and Culture";journal;"23455802";"Behi Academy Publications";Yes;Yes;0,164;Q4;8;227;223;6498;141;211;0,65;28,63;53,11;0;Iran;Middle East;"Behi Academy Publications";"2019-2026";"Applied Psychology (Q4); Care Planning (Q4); Psychiatry and Mental Health (Q4); Social Psychology (Q4)";"Medicine; Nursing; Psychology"
1257;18000156708;"Neuropsychiatria i Neuropsychologia";journal;"20849885, 18966764";"Termedia Publishing House Ltd.";No;No;0,164;Q4;11;14;66;601;41;65;0,63;42,93;54,29;0;Poland;Eastern Europe;"Termedia Publishing House Ltd.";"2009-2025";"Behavioral Neuroscience (Q4); Neuropsychology and Physiological Psychology (Q4); Psychiatry and Mental Health (Q4)";"Medicine; Neuroscience; Psychology"
1258;21101144405;"Psicogente";journal;"2027212X, 01240137";"Simon Bolivar University (Barranquilla)";Yes;Yes;0,164;Q4;8;18;55;1078;31;55;0,39;59,89;45,00;0;Colombia;Latin America;"Simon Bolivar University (Barranquilla)";"2019-2025";"Applied Psychology (Q4); Experimental and Cognitive Psychology (Q4)";"Psychology"
1259;21100845670;"Studies in American Humor";journal;"23339934, 0095280X";"Penn State University Press";No;No;0,164;Q4;7;9;43;346;13;33;0,36;38,44;33,33;0;United States;Northern America;"Penn State University Press";"2017-2025";"Literature and Literary Theory (Q1); Cultural Studies (Q2); History (Q2); Linguistics and Language (Q2); Visual Arts and Performing Arts (Q2); Psychology (miscellaneous) (Q4)";"Arts and Humanities; Psychology; Social Sciences"
1260;5200152705;"Avances en Psicologia Latinoamericana";journal;"17944724, 21454515";"Fundacion para el Avance de la Psicologia";Yes;Yes;0,163;Q4;19;16;89;849;30;85;0,27;53,06;72,55;0;Colombia;Latin America;"Fundacion para el Avance de la Psicologia";"1983, 2006-2025";"Clinical Psychology (Q4)";"Psychology"
1261;21101295546;"Journal of Clinical Psychology Research";journal;"26024438";"Association for Clinical Psychology Research";Yes;No;0,162;Q4;5;26;83;2055;27;83;0,28;79,04;70,69;0;Turkey;Middle East;"Association for Clinical Psychology Research";"2021-2026";"Applied Psychology (Q4); Clinical Psychology (Q4); Developmental and Educational Psychology (Q4)";"Psychology"
1262;21101259362;"Journal of Korean Biological Nursing Science";journal;"23836423, 23836415";"";No;No;0,162;Q4;5;63;91;2359;48;90;0,60;37,44;77,70;0;South Korea;Asiatic Region;"";"2020-2025";"Embryology (Q3); Psychology (miscellaneous) (Q4)";"Medicine; Psychology"
1263;21100871683;"Revista de Psicologia de la Salud";journal;"02146118, 23862300";"Universidad Miguel Hernandez";No;No;0,162;Q4;5;41;50;1486;22;47;0,19;36,24;51,61;0;Spain;Western Europe;"Universidad Miguel Hernandez";"2018-2025";"Clinical Psychology (Q4); Public Health, Environmental and Occupational Health (Q4)";"Medicine; Psychology"
1264;21100942914;"Organizatsionnaya Psikhologiya";journal;"23125942";"National Research University Higher School of Economics (HSE University)";Yes;No;0,161;Q4;8;42;153;2381;76;151;0,36;56,69;60,44;0;Russian Federation;Eastern Europe;"National Research University Higher School of Economics (HSE University)";"2019-2025";"Applied Psychology (Q4); Organizational Behavior and Human Resource Management (Q4); Social Psychology (Q4)";"Business, Management and Accounting; Psychology"
1265;21101108505;"Actualidades en Psicologia";journal;"02586444, 22153535";"Universidad de Costa Rica";Yes;Yes;0,160;Q4;4;5;52;285;26;52;0,47;57,00;42,86;0;Costa Rica;Latin America;"Universidad de Costa Rica";"2019, 2022-2025";"Psychology (miscellaneous) (Q4)";"Psychology"
1266;21101210854;"Obozrenie Psihiatrii i Medicinskoj Psihologii Imeni V.M. Bekhtereva";journal;"2713055X, 23137053";"FSBI V M Bekhterev National Research Medical Center for Psychiatry and Neurology of of the Russian Federation Ministry of Health";Yes;Yes;0,160;Q4;8;54;130;2158;66;129;0,59;39,96;50,29;0;Russian Federation;Eastern Europe;"FSBI V M Bekhterev National Research Medical Center for Psychiatry and Neurology of of the Russian Federation Ministry of Health";"2020-2025";"Clinical Psychology (Q4); Physiology (medical) (Q4); Psychiatry and Mental Health (Q4)";"Medicine; Psychology"
1267;19700180913;"Psicologia USP";journal;"01036564, 16785177";"Instituto de Psicologia da Universidade de Sao Paulo";Yes;Yes;0,160;Q4;14;67;119;2453;26;119;0,18;36,61;66,39;0;Brazil;Latin America;"Instituto de Psicologia da Universidade de Sao Paulo";"2006-2025";"Psychology (miscellaneous) (Q4)";"Psychology"
1268;18741;"Psychodynamic Practice";journal;"14753634, 14753626";"Routledge";No;No;0,160;Q4;23;39;79;1184;43;57;0,46;30,36;37,14;0;United Kingdom;Western Europe;"Routledge";"2002-2026";"Clinical Psychology (Q4)";"Psychology"
1269;21100392550;"Revista Mexicana de Trastornos Alimentarios";journal;"20071523";"Elsevier B.V.";Yes;Yes;0,160;Q4;14;24;51;961;21;51;0,41;40,04;70,59;0;Netherlands;Western Europe;"Elsevier B.V.";"2011, 2014-2025";"Clinical Psychology (Q4); Psychiatry and Mental Health (Q4)";"Medicine; Psychology"
1270;21100935905;"Boyhood Studies";journal;"23759240, 23759267";"Berghahn Journals";No;No;0,159;Q4;8;13;39;588;11;38;0,37;45,23;57,89;0;United Kingdom;Western Europe;"Berghahn Journals";"2007, 2018-2025";"Cultural Studies (Q2); Gender Studies (Q3); Developmental and Educational Psychology (Q4); Education (Q4); Life-span and Life-course Studies (Q4); Social Psychology (Q4)";"Psychology; Social Sciences"
1271;21101265520;"Logopaedica Lodziensia";journal;"25447238, 26574381";"Lodz University Press";Yes;Yes;0,159;Q4;1;19;26;672;4;25;0,15;35,37;90,00;0;Poland;Eastern Europe;"Lodz University Press";"2019, 2024-2025";"Linguistics and Language (Q3); Developmental and Educational Psychology (Q4); Psychology (miscellaneous) (Q4); Speech and Hearing (Q4)";"Health Professions; Psychology; Social Sciences"
1272;145694;"Ethical Human Psychology and Psychiatry";journal;"15594343, 19389000";"Springer Publishing Company";No;No;0,158;Q4;18;13;35;627;23;31;0,76;48,23;51,52;0;United States;Northern America;"Springer Publishing Company";"2004-2025";"Clinical Psychology (Q4); Psychiatry and Mental Health (Q4)";"Medicine; Psychology"
1273;26274;"Metiers de la Petite Enfance";journal;"1258780X";"Elsevier Masson s.r.l.";No;No;0,158;Q4;4;143;411;387;11;345;0,04;2,71;91,18;0;France;Western Europe;"Elsevier Masson s.r.l.";"2002-2026";"Pharmacology (nursing) (Q2); Developmental and Educational Psychology (Q4)";"Nursing; Psychology"
1274;700147004;"Psicoterapia e Scienze Umane";journal;"03942864, 19725043";"FrancoAngeli";No;No;0,158;Q4;12;38;124;1523;5;115;0,05;40,08;18,75;0;Italy;Western Europe;"FrancoAngeli";"2005-2025";"Clinical Psychology (Q4)";"Psychology"
1275;21101245328;"Sichuan Jingshen Weisheng";journal;"10073256";"";Yes;No;0,158;Q4;5;72;300;2277;92;300;0,32;31,63;42,52;0;China;Asiatic Region;"";"2020-2025";"Psychiatry and Mental Health (Q4); Psychology (miscellaneous) (Q4)";"Medicine; Psychology"
1276;21100888252;"Perspektivy Nauki i Obrazovania";journal;"23072334";"LLC Ecological Help";No;No;0,157;Q4;12;136;789;5575;310;789;0,43;40,99;71,57;0;Russian Federation;Eastern Europe;"LLC Ecological Help";"2018-2025";"Philosophy (Q2); Developmental and Educational Psychology (Q4); Education (Q4)";"Arts and Humanities; Psychology; Social Sciences"
1277;3900148501;"North American Journal of Psychology";journal;"15277143";"North American Journal of Psychology";No;No;0,156;Q4;35;94;159;3625;70;155;0,38;38,56;54,19;0;United States;Northern America;"North American Journal of Psychology";"2005-2025";"Developmental and Educational Psychology (Q4); Education (Q4); Psychology (miscellaneous) (Q4); Sociology and Political Science (Q4)";"Psychology; Social Sciences"
1278;21100203701;"Stem-, Spraak- en Taalpathologie";journal;"09247025";"Secretariaat cluster Nederlands - Rijksuniversiteit Groningen";Yes;Yes;0,156;Q4;4;4;23;249;11;21;0,20;62,25;53,85;0;Netherlands;Western Europe;"Secretariaat cluster Nederlands - Rijksuniversiteit Groningen";"2011-2025";"Linguistics and Language (Q3); Developmental and Educational Psychology (Q4); Otorhinolaryngology (Q4); Speech and Hearing (Q4)";"Health Professions; Medicine; Psychology; Social Sciences"
1279;21100923615;"Rivista Internazionale di Filosofia e Psicologia";journal;"20394667, 22392629";"MIMESIS EDIZIONI";Yes;Yes;0,155;Q4;6;12;52;605;18;50;0,24;50,42;15,38;0;Italy;Western Europe;"MIMESIS EDIZIONI";"2019-2025";"Philosophy (Q2); Experimental and Cognitive Psychology (Q4); Social Psychology (Q4)";"Arts and Humanities; Psychology"
1280;19800188011;"Geriatrie et Psychologie Neuropsychiatrie du Vieillissement";journal;"21158789, 21157863";"John Libbey";No;No;0,154;Q4;23;57;180;2018;55;160;0,32;35,40;56,49;0;France;Western Europe;"John Libbey";"2011-2025";"Biological Psychiatry (Q4); Geriatrics and Gerontology (Q4); Medicine (miscellaneous) (Q4); Neurology (clinical) (Q4); Neuropsychology and Physiological Psychology (Q4)";"Medicine; Neuroscience; Psychology"
1281;19900193879;"Neuropsychological Trends";journal;"19703201, 1970321X";"LED Edizioni Universitarie";Yes;Yes;0,154;Q4;13;13;38;744;21;38;0,71;57,23;54,29;0;Italy;Western Europe;"LED Edizioni Universitarie";"2011-2025";"Cellular and Molecular Neuroscience (Q4); Neuropsychology and Physiological Psychology (Q4)";"Neuroscience; Psychology"
1282;21100244949;"Psicologia della Salute";journal;"17210321, 19725167";"FrancoAngeli Edizioni";No;No;0,154;Q4;17;30;93;1022;26;83;0,23;34,07;75,00;0;Italy;Western Europe;"FrancoAngeli Edizioni";"2000-2025";"Applied Psychology (Q4); Health (social science) (Q4)";"Psychology; Social Sciences"
1283;14774;"Sante Mentale au Quebec";journal;"17083923, 03836320";"";No;No;0,154;Q4;15;38;84;1144;23;67;0,15;30,11;71,26;0;Canada;Northern America;"";"1990-1998, 2004-2025";"Clinical Psychology (Q4); Medicine (miscellaneous) (Q4); Psychiatry and Mental Health (Q4)";"Medicine; Psychology"
1284;15355;"Travail Humain";journal;"00411868";"";No;No;0,154;Q4;27;0;30;0;13;29;0,38;0,00;0,00;0;France;Western Europe;"";"1947-1949, 1972-1993, 1996-2024";"Applied Psychology (Q4); Human Factors and Ergonomics (Q4); Industrial Relations (Q4); Psychology (miscellaneous) (Q4)";"Business, Management and Accounting; Psychology; Social Sciences"
1285;21100898990;"Dynamic Relationships Management Journal";journal;"2350367X, 22325867";"Slovenian Academy of Management";Yes;Yes;0,153;Q4;5;8;41;544;31;38;0,57;68,00;30,00;0;Slovenia;Eastern Europe;"Slovenian Academy of Management";"2018-2025";"Economics, Econometrics and Finance (miscellaneous) (Q4); Organizational Behavior and Human Resource Management (Q4); Social Psychology (Q4); Strategy and Management (Q4)";"Business, Management and Accounting; Economics, Econometrics and Finance; Psychology"
1286;21101197368;"Limite (Chile)";journal;"07185065";"Universidad de Tarapaca";No;No;0,153;Q4;3;25;69;1257;25;69;0,33;50,28;39,06;0;Chile;Latin America;"Universidad de Tarapaca";"2019-2026";"Philosophy (Q2); Psychology (miscellaneous) (Q4)";"Arts and Humanities; Psychology"
1287;6800153105;"Mentalhigiene es Pszichoszomatika";journal;"17863759, 14198126";"Akademiai Kiado";No;No;0,153;Q4;17;14;53;1101;19;52;0,33;78,64;51,61;0;Hungary;Eastern Europe;"Akademiai Kiado";"2007-2025";"Neuropsychology and Physiological Psychology (Q4); Psychiatry and Mental Health (Q4)";"Medicine; Psychology"
1288;21101021436;"Per Linguam";journal;"22240012, 02592312";"Department of General Linguistics, Stellenbosch University";Yes;No;0,153;Q4;5;8;46;358;26;39;0,57;44,75;30,00;0;South Africa;Africa;"Department of General Linguistics, Stellenbosch University";"2020-2025";"Linguistics and Language (Q3); Developmental and Educational Psychology (Q4); Education (Q4)";"Psychology; Social Sciences"
1289;21100330713;"Psychoanalytic Perspectives";journal;"1551806X, 21636958";"Routledge";No;No;0,153;Q4;15;46;102;717;19;76;0,19;15,59;58,33;0;United States;Northern America;"Routledge";"2003-2026";"Psychology (miscellaneous) (Q4)";"Psychology"
1290;21101201501;"Turkish Journal of Child and Adolescent Mental Health";journal;"26873532";"Galenos Publishing House";No;No;0,152;Q4;4;31;106;1062;36;92;0,39;34,26;67,06;0;Turkey;Middle East;"Galenos Publishing House";"2020-2025";"Epidemiology (Q4); Experimental and Cognitive Psychology (Q4); Genetics (clinical) (Q4); Neuropsychology and Physiological Psychology (Q4); Psychiatry and Mental Health (Q4); Psychology (miscellaneous) (Q4)";"Medicine; Psychology"
1291;11700154711;"Psicooncologia";journal;"19888287, 16967240";"Universidad Complutense Madrid";Yes;Yes;0,150;Q4;15;22;65;768;24;62;0,35;34,91;74,29;0;Spain;Western Europe;"Universidad Complutense Madrid";"2008-2025";"Clinical Psychology (Q4); Oncology (Q4)";"Medicine; Psychology"
1292;21100812388;"Revista Criminalidad";journal;"17943108, 22565531";"Policia Nacional de Colombia";Yes;Yes;0,149;Q4;9;26;98;1397;38;94;0,30;53,73;27,27;0;Colombia;Latin America;"Policia Nacional de Colombia";"2015-2025";"Arts and Humanities (miscellaneous) (Q3); Law (Q3); Social Psychology (Q4); Social Sciences (miscellaneous) (Q4); Sociology and Political Science (Q4)";"Arts and Humanities; Psychology; Social Sciences"
1293;21101141651;"Revista Guillermo de Ockham";journal;"1794192X, 22563202";"University of San Buenaventura - Cali";Yes;Yes;0,149;Q4;6;20;108;1022;39;98;0,34;51,10;41,03;0;Colombia;Latin America;"University of San Buenaventura - Cali";"2019-2025";"Arts and Humanities (miscellaneous) (Q3); Psychology (miscellaneous) (Q4); Social Sciences (miscellaneous) (Q4)";"Arts and Humanities; Psychology; Social Sciences"
1294;21100921057;"Ricerche di Pedagogia e Didattica";journal;"19702221";"University of Bologna";Yes;Yes;0,149;Q4;7;28;80;1366;30;78;0,53;48,79;69,81;0;Italy;Western Europe;"University of Bologna";"2019-2025";"Developmental and Educational Psychology (Q4); Education (Q4)";"Psychology; Social Sciences"
1295;21100258632;"International Journal of Pedagogy and Curriculum";journal;"23277963, 23279133";"Common Ground Research Networks";No;No;0,147;Q4;7;22;45;1045;25;45;0,76;47,50;47,50;0;United States;Northern America;"Common Ground Research Networks";"2013-2025";"Developmental and Educational Psychology (Q4); Education (Q4)";"Psychology; Social Sciences"
1296;21101083977;"Rossijskij Psihiatriceskij Zurnal";journal;"1560957X";"V. Serbsky National Medical Research Centre for Psychiatry and Narcology";No;No;0,147;Q4;7;50;177;1941;62;175;0,34;38,82;57,04;0;Russian Federation;Eastern Europe;"V. Serbsky National Medical Research Centre for Psychiatry and Narcology";"2019-2025";"Applied Psychology (Q4); Public Health, Environmental and Occupational Health (Q4)";"Medicine; Psychology"
1297;13329;"Pratiques Psychologiques";journal;"1878092X, 12691763";"Elsevier Masson s.r.l.";No;No;0,146;Q4;17;26;51;1549;22;48;0,40;59,58;62,20;0;France;Western Europe;"Elsevier Masson s.r.l.";"2004-2026";"Psychology (miscellaneous) (Q4)";"Psychology"
1298;7500153128;"Universitas Psychologica";journal;"16579267, 20112777";"Pontificia Universidad Javeriana";Yes;No;0,146;Q4;37;28;77;1691;32;77;0,21;60,39;44,74;0;Colombia;Latin America;"Pontificia Universidad Javeriana";"2007-2026";"Psychology (miscellaneous) (Q4); Social Psychology (Q4)";"Psychology"
1299;14173;"Forum der Psychoanalyse";journal;"14370751, 01787667";"Springer Verlag";No;No;0,145;Q4;13;37;111;933;13;93;0,15;25,22;41,67;0;Germany;Western Europe;"Springer Verlag";"1987-2026";"Clinical Psychology (Q4); Psychiatry and Mental Health (Q4)";"Medicine; Psychology"
1300;21100211372;"Life Span and Disability";journal;"20355963";"Oasi Editrice";Yes;Yes;0,145;Q4;19;8;35;370;18;35;0,52;46,25;58,82;0;Italy;Western Europe;"Oasi Editrice";"2005, 2009-2025";"Developmental and Educational Psychology (Q4); Health (social science) (Q4); Life-span and Life-course Studies (Q4)";"Psychology; Social Sciences"
1301;15233;"Australasian Journal of Disaster and Trauma Studies";journal;"11744707";"Massey University";Yes;No;0,144;Q4;24;0;30;0;21;30;0,78;0,00;0,00;0;New Zealand;Pacific Region;"Massey University";"1997, 2004-2008, 2010-2024";"Applied Psychology (Q4)";"Psychology"
1302;21100258631;"International Journal of Early Childhood Learning";journal;"23278722, 23277939";"Common Ground Research Networks";No;No;0,144;Q4;5;13;26;898;17;26;0,84;69,08;65,52;0;United States;Northern America;"Common Ground Research Networks";"2012-2025";"Developmental and Educational Psychology (Q4); Education (Q4)";"Psychology; Social Sciences"
1303;21100781873;"Journal of Drug and Alcohol Research";journal;"20908342, 20908334";"Ashdin Publishing";No;No;0,144;Q4;13;50;177;3007;78;173;0,57;60,14;38,93;0;Egypt;Africa/Middle East;"Ashdin Publishing";"2012, 2015-2025";"Clinical Psychology (Q4); Psychiatry and Mental Health (Q4)";"Medicine; Psychology"
1304;21101111533;"Ethiopian Renaissance Journal of Social Sciences and Humanities";journal;"24096377, 24096385";"University of Gondar";No;No;0,143;Q4;5;19;60;850;30;59;0,37;44,74;30,23;0;Ethiopia;Africa;"University of Gondar";"2019-2026";"Anthropology (Q3); Arts and Humanities (miscellaneous) (Q3); Demography (Q4); Developmental and Educational Psychology (Q4); Gender Studies (Q4)";"Arts and Humanities; Psychology; Social Sciences"
1305;21100204509;"Exceptionality Education International";journal;"19185227";"Scholarship at Western";No;No;0,143;Q4;17;5;30;299;13;30;0,24;59,80;83,33;0;Canada;Northern America;"Scholarship at Western";"2012-2026";"Developmental and Educational Psychology (Q4); Education (Q4)";"Psychology; Social Sciences"
1306;21101034439;"Studia Sportiva";journal;"25708783, 18027679";"Masaryk University";No;No;0,143;Q4;5;34;106;1321;34;106;0,33;38,85;34,31;0;Czech Republic;Eastern Europe;"Masaryk University";"2019-2026";"Applied Psychology (Q4); Education (Q4); Health (social science) (Q4); Orthopedics and Sports Medicine (Q4); Physical Therapy, Sports Therapy and Rehabilitation (Q4); Tourism, Leisure and Hospitality Management (Q4)";"Business, Management and Accounting; Health Professions; Medicine; Psychology; Social Sciences"
1307;21100211112;"Activitas Nervosa Superior Rediviva";journal;"1337933X, 13384015";"Slovak Academy of Sciences";No;No;0,142;Q4;13;9;55;383;15;54;0,23;42,56;43,86;0;Slovakia;Eastern Europe;"Slovak Academy of Sciences";"2009-2026";"Neuropsychology and Physiological Psychology (Q4); Psychiatry and Mental Health (Q4)";"Medicine; Psychology"
1308;21100945755;"Archives of Psychiatry Research";journal;"26711079, 26712008";"Dr. Mladen Stojanovic University Hospital";Yes;Yes;0,142;Q4;11;29;101;1025;30;87;0,32;35,34;49,17;0;Croatia;Eastern Europe;"Dr. Mladen Stojanovic University Hospital";"2019-2025";"Clinical Psychology (Q4); Health (social science) (Q4); Medicine (miscellaneous) (Q4); Psychiatry and Mental Health (Q4)";"Medicine; Psychology; Social Sciences"
1309;21100792739;"Psychiatry, Psychotherapy and Clinical Psychology";journal;"24142212, 22201122";"Professionalnye Izdaniya";No;No;0,142;Q4;6;67;127;1880;37;127;0,38;28,06;59,43;0;Belarus;Eastern Europe;"Professionalnye Izdaniya";"2016-2025";"Clinical Psychology (Q4); Psychiatry and Mental Health (Q4)";"Medicine; Psychology"
1310;21101199387;"Journal of the Association for Music and Imagery";journal;"10988009";"Association for Music and Imagery";No;No;0,141;Q4;2;6;15;222;4;15;0,30;37,00;64,00;0;United States;Northern America;"Association for Music and Imagery";"2020-2025";"Music (Q2); Clinical Psychology (Q4); Psychology (miscellaneous) (Q4)";"Arts and Humanities; Psychology"
1311;19174;"Psychoterapia";journal;"23915862, 02394170";"Komitet Redakcyjno Wydawniczy Polskiego Towarzystwa Psychiatrycznego";Yes;No;0,141;Q4;8;17;64;425;7;55;0,09;25,00;71,43;0;Poland;Eastern Europe;"Komitet Redakcyjno Wydawniczy Polskiego Towarzystwa Psychiatrycznego";"2001-2025";"Clinical Psychology (Q4); Psychiatry and Mental Health (Q4)";"Medicine; Psychology"
1312;21101185531;"Anthropological Researches and Studies";journal;"23603445";"Romanian Academy Francisc I Rainer Institute of Anthropology";Yes;No;0,140;Q4;2;32;73;1524;14;73;0,13;47,63;73,63;0;Romania;Eastern Europe;"Romanian Academy Francisc I Rainer Institute of Anthropology";"2022-2026";"Anthropology (Q3); Biological Psychiatry (Q4); Epidemiology (Q4); Experimental and Cognitive Psychology (Q4); Neuropsychology and Physiological Psychology (Q4); Physical Therapy, Sports Therapy and Rehabilitation (Q4); Psychiatry and Mental Health (Q4)";"Health Professions; Medicine; Neuroscience; Psychology; Social Sciences"
1313;21100827186;"Socialni Prace";journal;"1805885X, 12136204";"Association of Educators in Social Work";No;No;0,140;Q4;8;48;157;1749;18;123;0,06;36,44;69,70;0;Czech Republic;Eastern Europe;"Association of Educators in Social Work";"2017-2025";"Applied Psychology (Q4); Health (social science) (Q4); Social Sciences (miscellaneous) (Q4); Sociology and Political Science (Q4)";"Psychology; Social Sciences"
1314;21100924303;"Indo-European Linguistics";journal;"22125892, 22125884";"Brill Academic Publishers";Yes;Yes;0,139;Q4;9;6;24;442;7;23;0,20;73,67;33,33;0;Netherlands;Western Europe;"Brill Academic Publishers";"2015-2025";"History (Q2); Cultural Studies (Q3); Linguistics and Language (Q3); Communication (Q4); Experimental and Cognitive Psychology (Q4)";"Arts and Humanities; Psychology; Social Sciences"
1315;21100792504;"Journal of Cognitive Science";journal;"15982327, 19766939";"Seoul National University, Institute for Cognitive Science";Yes;No;0,139;Q4;9;16;52;749;14;52;0,29;46,81;42,31;0;South Korea;Asiatic Region;"Seoul National University, Institute for Cognitive Science";"2016-2025";"Linguistics and Language (Q3); Artificial Intelligence (Q4); Cognitive Neuroscience (Q4); Experimental and Cognitive Psychology (Q4)";"Computer Science; Neuroscience; Psychology; Social Sciences"
1316;4700152636;"Mind and Society";journal;"15937879, 18601839";"Springer Science and Business Media Deutschland GmbH";No;No;0,139;Q4;25;52;27;3228;26;27;0,94;62,08;28,24;0;Germany;Western Europe;"Springer Science and Business Media Deutschland GmbH";"2005-2025";"History (Q2); Cultural Studies (Q3); Philosophy (Q3); Economics, Econometrics and Finance (miscellaneous) (Q4); Experimental and Cognitive Psychology (Q4); Social Psychology (Q4); Social Sciences (miscellaneous) (Q4); Sociology and Political Science (Q4)";"Arts and Humanities; Economics, Econometrics and Finance; Psychology; Social Sciences"
1317;21100886538;"Quadernos de Psicologia";journal;"02113481, 20144520";"Universitat Autonoma de Barcelona";Yes;Yes;0,139;Q4;8;36;105;1541;29;104;0,25;42,81;60,00;0;Spain;Western Europe;"Universitat Autonoma de Barcelona";"2018-2025";"Psychology (miscellaneous) (Q4)";"Psychology"
1318;17658;"American Imago";journal;"10857931, 0065860X";"Johns Hopkins University Press";No;No;0,138;Q4;20;22;94;956;17;76;0,18;43,45;43,48;0;United States;Northern America;"Johns Hopkins University Press";"1946-1953, 1964-1980, 1996-2025";"Literature and Literary Theory (Q2); Anthropology (Q3); Arts and Humanities (miscellaneous) (Q3); Music (Q3); Experimental and Cognitive Psychology (Q4)";"Arts and Humanities; Psychology; Social Sciences"
1319;19900193866;"Gedrag en Organisatie";journal;"09215077, 18757235";"Amsterdam University Press";No;No;0,138;Q4;15;16;53;843;14;48;0,29;52,69;45,95;0;Netherlands;Western Europe;"Amsterdam University Press";"2008-2025";"Organizational Behavior and Human Resource Management (Q4); Social Psychology (Q4); Strategy and Management (Q4)";"Business, Management and Accounting; Psychology"
1320;21100239659;"Maltrattamento e Abuso all'Infanzia";journal;"15914267, 19725140";"FrancoAngeli";No;No;0,138;Q4;13;12;72;587;13;67;0,13;48,92;92,59;0;Italy;Western Europe;"FrancoAngeli";"2000-2005, 2013-2025";"Developmental and Educational Psychology (Q4); Health (social science) (Q4); Social Psychology (Q4)";"Psychology; Social Sciences"
1321;21100877342;"Problemi";journal;"05552419";"Society for Theoretical Psychoanalysis";No;No;0,138;Q4;5;48;121;959;13;47;0,09;19,98;15,38;0;Slovenia;Eastern Europe;"Society for Theoretical Psychoanalysis";"2017-2025";"Literature and Literary Theory (Q2); Linguistics and Language (Q3); Philosophy (Q3); Applied Psychology (Q4)";"Arts and Humanities; Psychology; Social Sciences"
1322;21101023107;"Reti Saperi Linguaggi";journal;"22797777, 18268889";"Societa Editrice Il Mulino";No;No;0,138;Q4;6;11;75;436;20;74;0,31;39,64;58,82;0;Italy;Western Europe;"Societa Editrice Il Mulino";"2019-2025";"Linguistics and Language (Q3); Behavioral Neuroscience (Q4); Communication (Q4); Developmental Biology (Q4); Experimental and Cognitive Psychology (Q4)";"Biochemistry, Genetics and Molecular Biology; Neuroscience; Psychology; Social Sciences"
1323;21100403825;"Avaliacao Psicologica";journal;"21753431, 16770471";"Instituto Brasileiro de Avaliacao Psicologica";Yes;No;0,137;Q4;13;42;117;1715;26;109;0,12;40,83;57,69;0;Brazil;Latin America;"Instituto Brasileiro de Avaliacao Psicologica";"2015-2025";"Psychology (miscellaneous) (Q4)";"Psychology"
1324;4700152863;"Psicologia em Estudo";journal;"18070329, 14137372";"Universidade Estadual de Maringa";Yes;Yes;0,137;Q4;20;15;128;449;29;128;0,17;29,93;59,38;0;Brazil;Latin America;"Universidade Estadual de Maringa";"2006-2025";"Psychology (miscellaneous) (Q4)";"Psychology"
1325;21101090588;"Journal of Army Medical University";journal;"20970927";"Editorial Office of Journal of Third Military Medical University";Yes;No;0,136;Q4;6;248;927;7837;285;927;0,32;31,60;44,89;0;China;Asiatic Region;"Editorial Office of Journal of Third Military Medical University";"2022-2025";"Clinical Psychology (Q4); Medicine (miscellaneous) (Q4); Neuroscience (miscellaneous) (Q4)";"Medicine; Neuroscience; Psychology"
1326;21100228079;"Analise Psicologica";journal;"16466020, 08708231";"Instituto Superior de Psicologia Aplicada";Yes;No;0,135;Q4;16;11;48;534;17;48;0,13;48,55;75,76;0;Portugal;Western Europe;"Instituto Superior de Psicologia Aplicada";"2010-2026";"Education (Q4); Psychology (miscellaneous) (Q4)";"Psychology; Social Sciences"
1327;21100932468;"Counselling Psychology Review";journal;"17572142, 23968672";"The British Psychological Society";No;No;0,135;Q4;4;0;31;0;9;25;0,11;0,00;0,00;0;United Kingdom;Western Europe;"The British Psychological Society";"2019-2024";"Applied Psychology (Q4); Clinical Psychology (Q4); Psychiatry and Mental Health (Q4)";"Medicine; Psychology"
1328;4700152269;"Journal of Japanese Studies";journal;"00956848, 15494721";"Society for Japanese Studies";No;No;0,135;Q4;24;13;36;835;14;33;0,41;64,23;33,33;0;United States;Northern America;"Society for Japanese Studies";"1988, 1998-2002, 2005-2026";"Anthropology (Q3); Cultural Studies (Q3); Linguistics and Language (Q3); Social Psychology (Q4)";"Psychology; Social Sciences"
1329;30013;"Journal of Mind and Behavior";journal;"29949602, 02710137";"Institute of Mind and Behavior Inc.";No;No;0,134;Q4;21;43;43;1946;13;41;0,41;45,26;44,29;0;United States;Northern America;"Institute of Mind and Behavior Inc.";"1996-2025";"Arts and Humanities (miscellaneous) (Q3); Experimental and Cognitive Psychology (Q4)";"Arts and Humanities; Psychology"
1330;21100268073;"Advances in Motivation and Achievement";book series;"07497423";"Emerald Group Publishing Ltd.";No;No;0,133;Q4;24;11;8;609;4;1;0,50;55,36;33,33;0;United Kingdom;Western Europe;"Emerald Group Publishing Ltd.";"2010, 2012, 2014, 2016, 2019, 2021, 2023, 2025-2026";"Applied Psychology (Q4); Social Psychology (Q4)";"Psychology"
1331;21100902943;"Discourse Approaches to Politics, Society and Culture";book series;"15699463";"John Benjamins Publishing Company";No;No;0,133;Q4;9;13;65;878;49;1;0,12;67,54;100,00;0;Netherlands;Western Europe;"John Benjamins Publishing Company";"2018-2023, 2025";"Linguistics and Language (Q3); Communication (Q4); Gender Studies (Q4); Social Psychology (Q4); Sociology and Political Science (Q4)";"Psychology; Social Sciences"
1332;21101320339;"Journal of Child and Adolescent Substance Use";journal;"29973376";"Taylor and Francis Ltd.";No;No;0,133;Q4;39;22;2;1343;0;1;0,00;61,05;62,50;0;United Kingdom;Western Europe;"Taylor and Francis Ltd.";"2025-2026";"Education (Q4); Psychology (miscellaneous) (Q4); Public Health, Environmental and Occupational Health (Q4); Social Psychology (Q4)";"Medicine; Psychology; Social Sciences"
1333;21100903064;"Language Acquisition and Language Disorders";book series;"09250123";"John Benjamins Publishing Company";No;No;0,133;Q4;6;0;41;0;14;1;0,14;0,00;0,00;0;Netherlands;Western Europe;"John Benjamins Publishing Company";"2001, 2018-2024";"Linguistics and Language (Q3); Developmental and Educational Psychology (Q4); Speech and Hearing (Q4)";"Health Professions; Psychology; Social Sciences"
1334;21101066327;"MedUNAB";journal;"01237047, 23824603";"Universidad Autonoma de Bucaramanga";Yes;Yes;0,133;Q4;6;8;101;190;18;86;0,04;23,75;70,00;0;Colombia;Latin America;"Universidad Autonoma de Bucaramanga";"2019-2025";"Nurse Assisting (Q3); Health Professions (miscellaneous) (Q4); Medicine (miscellaneous) (Q4); Nursing (miscellaneous) (Q4); Psychology (miscellaneous) (Q4); Public Health, Environmental and Occupational Health (Q4)";"Health Professions; Medicine; Nursing; Psychology"
1335;21101070989;"Psychiatry (Moscow)";journal;"26186667, 16838319";"Medicinskoe Informacionnoe agentstvo";No;No;0,133;Q4;7;67;270;2396;74;269;0,46;35,76;59,73;0;Russian Federation;Eastern Europe;"Medicinskoe Informacionnoe agentstvo";"2019-2025";"Biological Psychiatry (Q4); Clinical Psychology (Q4); Psychiatry and Mental Health (Q4)";"Medicine; Neuroscience; Psychology"
1336;21100208021;"Infant Observation";journal;"17458943, 13698036";"Taylor and Francis Ltd.";No;No;0,132;Q4;8;10;35;147;12;30;0,38;14,70;72,73;0;United Kingdom;Western Europe;"Taylor and Francis Ltd.";"2012-2026";"Applied Psychology (Q4); Clinical Psychology (Q4); Developmental and Educational Psychology (Q4); Social Psychology (Q4)";"Psychology"
1337;5700175216;"Magyar Pszichologiai Szemle";journal;"00250279, 15882799";"Akademiai Kiado";No;No;0,132;Q4;11;43;92;2442;29;88;0,34;56,79;75,45;0;Hungary;Eastern Europe;"Akademiai Kiado";"2007-2025";"Psychology (miscellaneous) (Q4)";"Psychology"
1338;130167;"Psicoterapia Cognitiva e Comportamentale";journal;"11261072";"Edizioni Centro Studi Erickson";No;No;0,131;Q4;17;21;48;805;9;39;0,18;38,33;63,46;0;Italy;Western Europe;"Edizioni Centro Studi Erickson";"2004-2025";"Clinical Psychology (Q4)";"Psychology"
1339;29439;"Advances in Child Development and Behavior";book series;"00652407";"Academic Press Inc.";No;No;0,129;Q4;60;19;63;2057;183;2;2,24;108,26;79,63;0;United States;Northern America;"Academic Press Inc.";"1964-1965, 1967, 1969-1971, 1973-1976, 1978-1980, 1982, 1984-1985, 1987, 1989, 1991, 1993-1994, 1996, 1999, 2002-2025";"Behavioral Neuroscience (Q4); Developmental and Educational Psychology (Q4); Pediatrics, Perinatology and Child Health (Q4)";"Medicine; Neuroscience; Psychology"
1340;21100889413;"Language and Psychoanalysis";journal;"2049324X";"University of Edinburgh";Yes;Yes;0,129;Q4;4;0;3;0;2;3;0,00;0,00;0,00;0;United Kingdom;Western Europe;"University of Edinburgh";"2018-2022";"Linguistics and Language (Q3); Clinical Psychology (Q4); Psychiatry and Mental Health (Q4)";"Medicine; Psychology; Social Sciences"
1341;17900156712;"Jung Journal: Culture and Psyche";journal;"19342039, 19342047";"Taylor and Francis Ltd.";No;No;0,128;Q4;8;72;173;956;12;127;0,03;13,28;58,33;0;United Kingdom;Western Europe;"Taylor and Francis Ltd.";"2007-2025";"Literature and Literary Theory (Q2); Visual Arts and Performing Arts (Q2); Cultural Studies (Q3); Applied Psychology (Q4)";"Arts and Humanities; Psychology; Social Sciences"
1342;21101323183;"Jurnal Gramatika";journal;"24428485, 24606316";"Universitas PGRI Sumatera Barat";Yes;No;0,128;Q4;3;20;60;1009;17;60;0,40;50,45;57,14;0;Indonesia;Asiatic Region;"Universitas PGRI Sumatera Barat";"2022-2025";"Literature and Literary Theory (Q2); Linguistics and Language (Q3); Education (Q4); Psychology (miscellaneous) (Q4)";"Arts and Humanities; Psychology; Social Sciences"
1343;19905;"Medicina Paliativa";journal;"1134248X";"Sociedad Espanola de Cuidados Paliativos";No;No;0,128;Q4;16;8;76;147;15;57;0,13;18,38;76,47;0;Spain;Western Europe;"Sociedad Espanola de Cuidados Paliativos";"2000-2025";"Anesthesiology and Pain Medicine (Q4); Clinical Psychology (Q4); Medical and Surgical Nursing (Q4); Medicine (miscellaneous) (Q4); Nursing (miscellaneous) (Q4)";"Medicine; Nursing; Psychology"
1344;21100792099;"International Sports Studies";journal;"14430770";"International Society for Comparative Physical Education and Sport (ISCPES)";No;No;0,127;Q4;7;18;40;786;17;34;0,39;43,67;40,43;0;Spain;Western Europe;"International Society for Comparative Physical Education and Sport (ISCPES)";"2015-2025";"Applied Psychology (Q4); Education (Q4)";"Psychology; Social Sciences"
1345;21101260625;"Gedragstherapie: Tijdschrift voor Gedragstherapie en Cognitieve Therapie";journal;"2468953X, 01677454";"Boom Uitgevers";No;No;0,126;Q4;2;15;81;439;4;61;0,05;29,27;58,82;0;Netherlands;Western Europe;"Boom Uitgevers";"2020-2025";"Clinical Psychology (Q4); Developmental and Educational Psychology (Q4); Experimental and Cognitive Psychology (Q4); Psychology (miscellaneous) (Q4)";"Psychology"
1346;21100433805;"Youth Voice Journal";journal;"20562969, 20492073";"RJ4All Publications";No;No;0,126;Q4;8;37;221;1389;51;209;0,27;37,54;62,11;0;United Kingdom;Western Europe;"RJ4All Publications";"2015-2025";"Social Psychology (Q4); Sociology and Political Science (Q4)";"Psychology; Social Sciences"
1347;21100456125;"Psiholoska Obzorja";journal;"13181874, 23505141";"Slovenian Psychologists' Association";Yes;Yes;0,125;Q4;14;21;52;1365;13;50;0,13;65,00;82,50;0;Slovenia;Eastern Europe;"Slovenian Psychologists' Association";"2000-2025";"Psychology (miscellaneous) (Q4)";"Psychology"
1348;25369;"Revista Critica de Ciencias Sociais";journal;"02541106, 21827435";"Centro de Estudos Sociais da Universidade de Coimbra";Yes;Yes;0,125;Q4;11;8;85;405;22;76;0,28;50,63;50,00;0;Portugal;Western Europe;"Centro de Estudos Sociais da Universidade de Coimbra";"2001, 2015-2025";"Psychology (miscellaneous) (Q4); Social Sciences (miscellaneous) (Q4)";"Psychology; Social Sciences"
1349;21101034433;"Musical Art and Education";journal;"23091428";"Moscow Pedagogical State University";Yes;No;0,124;Q4;5;27;127;685;11;127;0,09;25,37;67,50;0;Russian Federation;Eastern Europe;"Moscow Pedagogical State University";"2019-2025";"Music (Q3); Developmental and Educational Psychology (Q4); Education (Q4)";"Arts and Humanities; Psychology; Social Sciences"
1350;21101060914;"Rivista di Psicolinguistica Applicata";journal;"17240646, 15921328";"Fabrizio Serra Editore Srl";No;No;0,124;Q4;3;6;38;291;10;35;0,24;48,50;71,43;0;Italy;Western Europe;"Fabrizio Serra Editore Srl";"2019-2025";"Linguistics and Language (Q3); Developmental and Educational Psychology (Q4); Social Psychology (Q4)";"Psychology; Social Sciences"
1351;14806;"Shinrigaku Kenkyu";journal;"00215236";"Japanese Psychological Association";No;No;0,124;Q4;23;39;134;1317;24;132;0,09;33,77;32,11;0;Japan;Asiatic Region;"Japanese Psychological Association";"1926-1938, 1941-1943, 1948-2026";"Psychology (miscellaneous) (Q4)";"Psychology"
1352;19200157024;"Revista Latinoamericana de Psicopatologia Fundamental";journal;"19840381, 14154714";"Associacao Universitaria de Pesquisa em Psicopatologia Fundamental";Yes;Yes;0,123;Q4;11;46;127;1530;12;113;0,06;33,26;55,41;0;Brazil;Latin America;"Associacao Universitaria de Pesquisa em Psicopatologia Fundamental";"2008-2025";"Clinical Psychology (Q4); Psychiatry and Mental Health (Q4)";"Medicine; Psychology"
1353;17600155045;"Staps";journal;"17821568, 0247106X";"De Boeck Supérieur";No;No;0,123;Q4;13;21;82;940;17;77;0,18;44,76;29,17;0;Belgium;Western Europe;"De Boeck Supérieur";"2001-2022, 2024-2025";"Cultural Studies (Q3); History (Q3); Anthropology (Q4); Education (Q4); Multidisciplinary (Q4); Psychology (miscellaneous) (Q4); Social Sciences (miscellaneous) (Q4); Sociology and Political Science (Q4)";"Arts and Humanities; Multidisciplinary; Psychology; Social Sciences"
1354;12000154490;"Agora";journal;"15161498, 18094414";"Instituto de Psicologia da Universidade Federal do Rio de Janeiro - UFRJ";Yes;Yes;0,122;Q4;5;17;77;458;11;75;0,13;26,94;42,86;0;Brazil;Latin America;"Instituto de Psicologia da Universidade Federal do Rio de Janeiro - UFRJ";"2008-2025";"Psychiatry and Mental Health (Q4); Psychology (miscellaneous) (Q4)";"Medicine; Psychology"
1355;21100841704;"Journal of Cognitive Education and Psychology";journal;"18107621, 19458959";"Springer Publishing Company";No;No;0,122;Q4;10;0;13;0;5;13;0,00;0,00;0,00;0;United States;Northern America;"Springer Publishing Company";"2008, 2017-2022";"Developmental and Educational Psychology (Q4); Education (Q4); Experimental and Cognitive Psychology (Q4)";"Psychology; Social Sciences"
1356;21101020019;"Chinese Journal of Neuromedicine";journal;"16718925";"Chinese Medical Journals Publishing House Co.Ltd";No;No;0,121;Q4;6;146;529;5823;137;527;0,30;39,88;43,37;0;China;Asiatic Region;"Chinese Medical Journals Publishing House Co.Ltd";"2020-2026";"Neurology (Q4); Neurology (clinical) (Q4); Neuropsychology and Physiological Psychology (Q4); Psychiatry and Mental Health (Q4)";"Medicine; Neuroscience; Psychology"
1357;17600155117;"Devenir";journal;"10158154";"Editions Medecine et Hygiene";No;No;0,121;Q4;15;0;20;0;6;20;0,08;0,00;0,00;0;Switzerland;Western Europe;"Editions Medecine et Hygiene";"2001-2024";"Developmental and Educational Psychology (Q4); Developmental Neuroscience (Q4); Life-span and Life-course Studies (Q4); Pediatrics (Q4); Pediatrics, Perinatology and Child Health (Q4)";"Medicine; Neuroscience; Nursing; Psychology; Social Sciences"
1358;21101163244;"Journal for the Cognitive Science of Religion";journal;"20497563, 20497555";"Equinox Publishing Ltd";No;No;0,121;Q4;8;19;31;665;12;26;0,83;35,00;17,39;0;United Kingdom;Western Europe;"Equinox Publishing Ltd";"2019-2022, 2024-2025";"Religious Studies (Q3); Cognitive Neuroscience (Q4); Experimental and Cognitive Psychology (Q4); Neuropsychology and Physiological Psychology (Q4)";"Arts and Humanities; Neuroscience; Psychology"
1359;21101289971;"Psychiatry, Neurology and Medical Psychology";journal;"23125675, 2411166X";"V N Karazin Kharkiv National University";Yes;No;0,120;Q4;3;64;64;1868;21;64;0,34;29,19;68,67;0;Ukraine;Eastern Europe;"V N Karazin Kharkiv National University";"2021-2025";"Clinical Psychology (Q4); Education (Q4); Medicine (miscellaneous) (Q4); Psychiatry and Mental Health (Q4)";"Medicine; Psychology; Social Sciences"
1360;21100929577;"Psychoterapie";journal;"26950200, 18023983";"Masaryk University";No;No;0,120;Q4;3;0;48;0;5;39;0,03;0,00;0,00;0;Czech Republic;Eastern Europe;"Masaryk University";"2019-2024";"Clinical Psychology (Q4); Psychiatry and Mental Health (Q4)";"Medicine; Psychology"
1361;19500157813;"Suchttherapie";journal;"1439989X, 14399903";"Georg Thieme Verlag";No;No;0,120;Q4;12;29;108;688;12;69;0,11;23,72;35,37;0;Germany;Western Europe;"Georg Thieme Verlag";"2000-2026";"Applied Psychology (Q4); Psychiatry and Mental Health (Q4)";"Medicine; Psychology"
1362;21100198239;"Enfances, Familles, Generations";journal;"17086310";"Centre - Urbanisation Culture Societe de l'INRS";Yes;Yes;0,119;Q4;10;0;98;0;8;98;0,08;0,00;0,00;0;Canada;Northern America;"Centre - Urbanisation Culture Societe de l'INRS";"2011-2024";"Anthropology (Q4); Social Psychology (Q4); Social Sciences (miscellaneous) (Q4)";"Psychology; Social Sciences"
1363;21101182140;"Journal of Sexual and Mental Health";journal;"29565677";"Via Medica";No;No;0,119;Q4;8;14;37;652;11;36;0,65;46,57;62,22;0;Poland;Eastern Europe;"Via Medica";"2022-2025";"Endocrinology, Diabetes and Metabolism (Q4); Psychiatry and Mental Health (Q4); Psychology (miscellaneous) (Q4); Reproductive Medicine (Q4)";"Medicine; Psychology"
1364;17515;"ANAE - Approche Neuropsychologique des Apprentissages chez l'Enfant";journal;"0999792X";"A.N.A.E";No;No;0,118;Q4;12;61;203;2190;27;163;0,13;35,90;60,53;0;France;Western Europe;"A.N.A.E";"1996-2025";"Developmental and Educational Psychology (Q4); Neuropsychology and Physiological Psychology (Q4)";"Psychology"
1365;21100900132;"Interacao em Psicologia";journal;"19818076, 19818068";"Universidade Federal do Parana - Departamento de Psicologia";Yes;Yes;0,118;Q4;6;26;103;1010;18;101;0,18;38,85;63,08;0;Brazil;Latin America;"Universidade Federal do Parana - Departamento de Psicologia";"2018-2025";"Psychology (miscellaneous) (Q4)";"Psychology"
1366;89489;"Voprosy Psikhologii";journal;"00428841";"Akademiia pedagogicheskikh nauk RSFSR";No;No;0,118;Q4;12;24;187;627;25;186;0,15;26,13;74,51;0;Russian Federation;Eastern Europe;"Akademiia pedagogicheskikh nauk RSFSR";"1960-1962, 1973-1975, 1996-2025";"Psychology (miscellaneous) (Q4)";"Psychology"
1367;14732;"Revista Mexicana de Psicologia";journal;"01856073";"Sociedad Mexicana de Psicologia";No;No;0,117;Q4;21;0;6;0;2;6;0,00;0,00;0,00;0;Mexico;Latin America;"Sociedad Mexicana de Psicologia";"1996-2022";"Psychology (miscellaneous) (Q4)";"Psychology"
1368;21101181769;"Consciousness, Literature and the Arts";book series;"15732193";"Brill Rodopi";No;No;0,116;Q4;4;6;2;444;0;2;0,00;74,00;0,00;0;Netherlands;Western Europe;"Brill Rodopi";"2006-2020, 2022, 2024-2025";"Literature and Literary Theory (Q3); Visual Arts and Performing Arts (Q3); Psychology (miscellaneous) (Q4)";"Arts and Humanities; Psychology"
1369;21101021922;"Human Cognitive Processing";book series;"13876724";"John Benjamins Publishing Company";No;No;0,116;Q4;35;0;46;0;27;2;1,00;0,00;0,00;0;Netherlands;Western Europe;"John Benjamins Publishing Company";"1998-1999, 2001-2020, 2022-2024";"Linguistics and Language (Q3); Cognitive Neuroscience (Q4); Computer Science Applications (Q4); Experimental and Cognitive Psychology (Q4)";"Computer Science; Neuroscience; Psychology; Social Sciences"
1370;21101239978;"Journal of Applied Psychological Research";journal;"22518126, 26764504";"University of Tehran";Yes;No;0,116;Q4;4;72;245;3553;32;244;0,07;49,35;45,32;0;Iran;Middle East;"University of Tehran";"2020-2025";"Applied Psychology (Q4); Developmental and Educational Psychology (Q4); Experimental and Cognitive Psychology (Q4); Psychology (miscellaneous) (Q4)";"Psychology"
1371;12100156089;"Ljetopis Socijalnog Rada";journal;"18465412";"University of Zagreb";Yes;Yes;0,116;Q4;12;0;67;0;13;62;0,14;0,00;0,00;0;Croatia;Eastern Europe;"University of Zagreb";"2008-2024";"Developmental and Educational Psychology (Q4); Education (Q4); Social Work (Q4); Sociology and Political Science (Q4)";"Psychology; Social Sciences"
1372;5800208032;"Suvremena Psihologija";journal;"13319264";"Naklada Slap d.o.o";No;No;0,116;Q4;10;5;32;193;4;27;0,05;38,60;83,33;0;Croatia;Eastern Europe;"Naklada Slap d.o.o";"2008-2025";"Psychology (miscellaneous) (Q4)";"Psychology"
1373;29469;"American Journal of Forensic Psychology";journal;"07331290";"American College of Forensic Psychology";No;No;0,115;Q4;21;0;13;0;1;8;0,00;0,00;0,00;0;United States;Northern America;"American College of Forensic Psychology";"1991, 1996-2022";"Applied Psychology (Q4); Pathology and Forensic Medicine (Q4)";"Medicine; Psychology"
1374;21100372604;"Journal of Applied Research on Children";journal;"21555834";"Texas Medical Center Library";Yes;Yes;0,115;Q4;17;0;30;0;5;25;0,07;0,00;0,00;0;United States;Northern America;"Texas Medical Center Library";"2010, 2014-2023";"Developmental and Educational Psychology (Q4); Education (Q4); Sociology and Political Science (Q4)";"Psychology; Social Sciences"
1375;21101292644;"Review of Disability Studies An International Journal";journal;"15529215, 15533697";"University of Hawai'i at Manoa Center on Disability Studies";No;No;0,115;Q4;4;18;94;467;16;85;0,12;25,94;63,64;0;United States;Northern America;"University of Hawai'i at Manoa Center on Disability Studies";"2021-2025";"Cultural Studies (Q3); Developmental and Educational Psychology (Q4); Education (Q4); Political Science and International Relations (Q4)";"Psychology; Social Sciences"
1376;21100896480;"Education et Didactique";journal;"21114838, 19563485";"Presses Universitaires de Rennes";No;No;0,114;Q4;5;0;77;0;7;65;0,11;0,00;0,00;0;France;Western Europe;"Presses Universitaires de Rennes";"2018-2024";"Developmental and Educational Psychology (Q4); Education (Q4); Social Sciences (miscellaneous) (Q4)";"Psychology; Social Sciences"
1377;5700184173;"Histoire Epistemologie Langage";journal;"07508069, 16381580";"Society for the History and Epistemology of Language Sciences";Yes;Yes;0,114;Q4;7;11;54;812;7;47;0,13;73,82;50,00;0;France;Western Europe;"Society for the History and Epistemology of Language Sciences";"2011-2013, 2015-2026";"Philosophy (Q3); Linguistics and Language (Q4); Psychology (miscellaneous) (Q4)";"Arts and Humanities; Psychology; Social Sciences"
1378;21100899925;"Nomadas";journal;"25394762, 01217550";"Universidad Central";Yes;Yes;0,114;Q4;8;0;49;0;8;46;0,06;0,00;0,00;0;Colombia;Latin America;"Universidad Central";"2018-2024";"Cultural Studies (Q3); Philosophy (Q3); Anthropology (Q4); Education (Q4); Psychology (miscellaneous) (Q4); Social Sciences (miscellaneous) (Q4)";"Arts and Humanities; Psychology; Social Sciences"
1379;21101197373;"Process Studies";journal;"03606503, 21543682";"University of Illinois Press";No;No;0,114;Q4;4;12;41;382;16;36;0,54;31,83;0,00;0;United States;Northern America;"University of Illinois Press";"1971, 2019-2025";"Religious Studies (Q3); Developmental and Educational Psychology (Q4); Social Psychology (Q4)";"Arts and Humanities; Psychology"
1380;19700200805;"Psychological Perspectives";journal;"00332925, 15563030";"Taylor and Francis Ltd.";No;No;0,114;Q4;8;51;189;534;13;114;0,08;10,47;46,43;0;United Kingdom;Western Europe;"Taylor and Francis Ltd.";"1970-2025";"Psychology (miscellaneous) (Q4)";"Psychology"
1381;21100202508;"Revista Brasileira de Orientacao Profissional";journal;"16793390, 19847270";"Associacao Brasileira de Orientadores Profissionais";Yes;Yes;0,114;Q4;13;0;59;0;12;55;0,09;0,00;0,00;0;Brazil;Latin America;"Associacao Brasileira de Orientadores Profissionais";"2011-2024";"Applied Psychology (Q4); Education (Q4); Organizational Behavior and Human Resource Management (Q4)";"Business, Management and Accounting; Psychology; Social Sciences"
1382;21100866386;"Organisational and Social Dynamics";journal;"14742780, 20443765";"Phoenix Publishing House";No;No;0,113;Q4;5;7;46;237;12;44;0,24;33,86;62,50;0;United Kingdom;Western Europe;"Phoenix Publishing House";"2017-2025";"Social Psychology (Q4)";"Psychology"
1383;21101248362;"Psiquemag";journal;"23070846";"Cesar Vallejo University";Yes;Yes;0,113;Q4;4;27;61;1265;13;61;0,13;46,85;47,56;0;Peru;Latin America;"Cesar Vallejo University";"2020-2025";"Applied Psychology (Q4); Clinical Psychology (Q4); Developmental and Educational Psychology (Q4); Psychiatry and Mental Health (Q4)";"Medicine; Psychology"
1384;5600155562;"Sciences de l'Education pour l'Ere Nouvelle";journal;"22593764, 07559593";"Centre d'Etudes et de Recherche en Sciences de l'Education (CERSE)";No;No;0,113;Q4;6;0;40;0;3;35;0,05;0,00;0,00;0;France;Western Europe;"Centre d'Etudes et de Recherche en Sciences de l'Education (CERSE)";"2011, 2013-2022, 2024";"Developmental and Educational Psychology (Q4); Education (Q4)";"Psychology; Social Sciences"
1385;23263;"Sprache Stimme Gehor";journal;"03420477, 14391260";"Georg Thieme Verlag";No;No;0,113;Q4;12;67;214;469;9;110;0,03;7,00;65,08;0;Germany;Western Europe;"Georg Thieme Verlag";"1980-2026";"Applied Psychology (Q4); Psychiatry and Mental Health (Q4); Speech and Hearing (Q4)";"Health Professions; Medicine; Psychology"
1386;11600153426;"Advances in Consumer Research";journal;"00989258";"Association for Consumer Research";No;No;0,112;Q4;32;0;48;0;8;46;0,09;0,00;0,00;0;United States;Northern America;"Association for Consumer Research";"1993-1994, 2006-2012, 2016-2017, 2019-2023";"Applied Psychology (Q4); Economics and Econometrics (Q4); Marketing (Q4)";"Business, Management and Accounting; Economics, Econometrics and Finance; Psychology"
1387;21100223584;"Specialusis Ugdymas";journal;"24243299, 13925369";"Vilnius University Press";Yes;Yes;0,112;Q4;7;3;16;110;3;15;0,20;36,67;83,33;0;Lithuania;Eastern Europe;"Vilnius University Press";"2016-2025";"Developmental and Educational Psychology (Q4); Education (Q4)";"Psychology; Social Sciences"
1388;21101168053;"Bilingual Processing and Acquisition";book series;"23520531";"John Benjamins Publishing Company";No;No;0,111;Q4;8;0;64;0;63;3;0,73;0,00;0,00;0;Netherlands;Western Europe;"John Benjamins Publishing Company";"2019-2024";"Developmental and Educational Psychology (Q4); Education (Q4); Linguistics and Language (Q4)";"Psychology; Social Sciences"
1389;21100258757;"Journal of Classroom Interaction";journal;"07494025";"University of Houston";No;No;0,111;Q4;14;0;3;0;0;3;0,00;0,00;0,00;0;United States;Northern America;"University of Houston";"2009, 2014-2020, 2023";"Developmental and Educational Psychology (Q4); Education (Q4)";"Psychology; Social Sciences"
1390;21101289831;"Moral Development and Citizenship Education";book series;"23525770";"Brill Academic Publishers";No;No;0,111;Q4;11;19;58;650;18;3;0,11;34,21;0,00;0;Netherlands;Western Europe;"Brill Academic Publishers";"2008, 2010-2013, 2015-2019, 2021-2023, 2025-2026";"Developmental and Educational Psychology (Q4); Education (Q4)";"Psychology; Social Sciences"
1391;21100912973;"Swiss Archives of Neurology, Psychiatry and Psychotherapy";journal;"22976981, 22977007";"EMH Schweizerischer Arzteverlag AG";Yes;Yes;0,110;Q4;16;0;57;0;4;43;0,10;0,00;0,00;0;Switzerland;Western Europe;"EMH Schweizerischer Arzteverlag AG";"2016-2024";"Clinical Psychology (Q4); Neurology (clinical) (Q4); Psychiatry and Mental Health (Q4)";"Medicine; Psychology"
1392;21101152624;"Clinical Psychology Today";journal;"25655698";"University of Galway";Yes;Yes;0,109;Q4;2;8;28;380;1;23;0,00;47,50;73,68;0;Ireland;Western Europe;"University of Galway";"2019-2025";"Clinical Psychology (Q4)";"Psychology"
1393;21100213000;"Dialogue";journal;"02428962";"Korean Neurological Association";No;No;0,109;Q4;11;0;118;0;12;110;0,12;0,00;0,00;0;South Korea;Asiatic Region;"Korean Neurological Association";"2001-2024";"Development (Q4); Health (social science) (Q4); Philosophy (Q4); Social Psychology (Q4)";"Arts and Humanities; Psychology; Social Sciences"
1394;12027;"Japanese Journal of Educational Psychology";journal;"00215015, 21863075";"Japanese Association of Educational Psychology";No;No;0,109;Q4;20;17;68;538;7;68;0,05;31,65;30,77;0;Japan;Asiatic Region;"Japanese Association of Educational Psychology";"1961-2025";"Developmental and Educational Psychology (Q4); Education (Q4)";"Psychology; Social Sciences"
1395;21100239231;"Contemporary Hypnosis and Integrative Therapy";journal;"20492154, 20492146";"Crown House Publishing";No;No;0,108;Q4;9;0;5;0;0;4;0,00;0,00;0,00;0;United Kingdom;Western Europe;"Crown House Publishing";"2011-2017, 2021-2022";"Clinical Psychology (Q4); Complementary and Manual Therapy (Q4)";"Health Professions; Psychology"
1396;14068;"Psychotherapies";journal;"0251737X";"Editions Medecine et Hygiene";Yes;No;0,107;Q4;11;0;43;0;2;36;0,00;0,00;0,00;0;Switzerland;Western Europe;"Editions Medecine et Hygiene";"1990-2023";"Clinical Psychology (Q4); Psychiatry and Mental Health (Q4)";"Medicine; Psychology"
1397;145561;"Groupwork";journal;"17466091, 0951824X";"Whiting and Birch";No;No;0,106;Q4;12;7;47;156;8;41;0,13;22,29;85,71;0;United Kingdom;Western Europe;"Whiting and Birch";"2005-2014, 2017-2018, 2020-2025";"Applied Psychology (Q4); Public Health, Environmental and Occupational Health (Q4)";"Medicine; Psychology"
1398;21100206246;"Orientation Scolaire et Professionnelle";journal;"02496739, 21043795";"Inetop-Cnam";No;No;0,106;Q4;8;5;85;107;8;72;0,11;21,40;100,00;0;France;Western Europe;"Inetop-Cnam";"2011-2025";"Developmental and Educational Psychology (Q4); Education (Q4); Social Psychology (Q4)";"Psychology; Social Sciences"
1399;14736;"Revue Francaise de Psychanalyse";journal;"00352942";"Presses Universitaires de France";No;No;0,106;Q4;18;0;310;0;7;291;0,02;0,00;0,00;0;France;Western Europe;"Presses Universitaires de France";"1951-1979, 2001-2024";"Clinical Psychology (Q4); Psychiatry and Mental Health (Q4)";"Medicine; Psychology"
1400;17600155046;"Travailler";journal;"21025150, 16205340";"Martin Media";No;No;0,106;Q4;15;0;37;0;3;31;0,05;0,00;0,00;0;France;Western Europe;"Martin Media";"2001-2023";"Clinical Psychology (Q4); Health (social science) (Q4); Social Psychology (Q4)";"Psychology; Social Sciences"
1401;17600155214;"Empan";journal;"11523336";"Editions Eres";No;No;0,105;Q4;8;0;176;0;8;154;0,01;0,00;0,00;0;France;Western Europe;"Editions Eres";"2002-2024";"Health (social science) (Q4); Social Psychology (Q4); Sociology and Political Science (Q4)";"Psychology; Social Sciences"
1402;19400157157;"Research in Social Psychology";journal;"09161503";"Japanese Society of Social Psychology";No;No;0,105;Q4;9;12;38;446;2;38;0,06;37,17;44,00;0;Japan;Asiatic Region;"Japanese Society of Social Psychology";"2007-2025";"Social Psychology (Q4)";"Psychology"
1403;13480;"Current Research in Social Psychology";journal;"10887423";"University of Iowa";Yes;No;0,104;Q4;27;1;12;16;2;12;0,13;16,00;66,67;0;United States;Northern America;"University of Iowa";"1996-2018, 2022-2025";"Social Psychology (Q4)";"Psychology"
1404;36252;"Neurologia, Neurocirugia y Psiquiatria";journal;"00283851";"Sociedad Mexicana de Neurologia y Psiquiatria";No;No;0,104;Q4;3;0;55;0;5;43;0,10;0,00;0,00;0;Mexico;Latin America;"Sociedad Mexicana de Neurologia y Psiquiatria";"1969-1979, 2008-2011, 2017-2023";"Clinical Psychology (Q4); Neurology (Q4); Neurology (clinical) (Q4); Psychiatry and Mental Health (Q4)";"Medicine; Neuroscience; Psychology"
1405;17700156012;"Cahiers de Psychologie Clinique";journal;"1370074X, 17821401";"De Boeck Supérieur";No;No;0,103;Q4;10;0;73;0;2;67;0,03;0,00;0,00;0;Belgium;Western Europe;"De Boeck Supérieur";"2001-2024";"Clinical Psychology (Q4); Psychiatry and Mental Health (Q4)";"Medicine; Psychology"
1406;5800169793;"Connexions";journal;"17762804, 03373126";"Editions Eres";No;No;0,103;Q4;11;0;81;0;1;68;0,00;0,00;0,00;0;France;Western Europe;"Editions Eres";"2001-2024";"Clinical Psychology (Q4); Social Psychology (Q4)";"Psychology"
1407;17600155116;"Imaginaire et Inconscient";journal;"16289676";"Esprit";No;No;0,103;Q4;4;0;15;0;0;12;0,00;0,00;0,00;0;France;Western Europe;"Esprit";"2001-2020, 2022";"Clinical Psychology (Q4)";"Psychology"
1408;21101027243;"Psychologie Clinique et Projective";journal;"21184496, 12655449";"ERES";No;No;0,103;Q4;2;0;26;0;2;23;0,06;0,00;0,00;0;France;Western Europe;"ERES";"2019-2020, 2022-2023";"Clinical Psychology (Q4); Psychiatry and Mental Health (Q4)";"Medicine; Psychology"
1409;17700156011;"Enfances et Psy";journal;"12865559, 17762820";"ERES";No;No;0,102;Q4;10;0;115;0;8;101;0,08;0,00;0,00;0;France;Western Europe;"ERES";"2000-2024";"Developmental and Educational Psychology (Q4); Education (Q4); Sociology and Political Science (Q4)";"Psychology; Social Sciences"
1410;21100227422;"Revista da Abordagem Gestaltica";journal;"19843542, 18096867";"Instituto de Treinamento e Pesquisa em Gestalt-terapia de Goiania";No;No;0,102;Q4;7;0;21;0;0;19;0,00;0,00;0,00;0;Brazil;Latin America;"Instituto de Treinamento e Pesquisa em Gestalt-terapia de Goiania";"2012-2022";"Social Psychology (Q4); Sociology and Political Science (Q4)";"Psychology; Social Sciences"
1411;21101230599;"Suomalaisen Kirjallisuuden Seuran Toimituksia";book series;"03551768, 26702401";"Suomalaisen Kirjallisuuden Seura";No;No;0,102;Q4;6;71;165;4042;31;20;0,14;56,93;0,00;0;Finland;Western Europe;"Suomalaisen Kirjallisuuden Seura";"2020-2025";"Arts and Humanities (miscellaneous) (Q4); Developmental and Educational Psychology (Q4); Developmental Neuroscience (Q4); Education (Q4); Psychiatry and Mental Health (Q4)";"Arts and Humanities; Medicine; Neuroscience; Psychology; Social Sciences"
1412;17700155037;"Cahiers Critiques de Therapie Familiale et de Pratiques de Reseaux";journal;"17821398, 13728202";"De Boeck Supérieur";No;No;0,101;Q4;9;0;53;0;3;50;0,03;0,00;0,00;0;Belgium;Western Europe;"De Boeck Supérieur";"2001-2024";"Clinical Psychology (Q4); Social Psychology (Q4)";"Psychology"
1413;21100844825;"European Judaism";journal;"00143006, 17522323";"Berghahn Journals";No;No;0,101;Q4;5;31;70;540;8;66;0,09;17,42;25,00;0;United States;Northern America;"Berghahn Journals";"2012, 2017-2025";"Applied Psychology (Q4); Cultural Studies (Q4); History (Q4); Philosophy (Q4); Religious Studies (Q4)";"Arts and Humanities; Psychology; Social Sciences"
1414;21101017897;"European Yearbook of the History of Psychology";journal;"22955267, 25070304";"Brepols Publishers";No;No;0,101;Q4;5;0;30;0;0;28;0,00;0,00;0,00;0;Belgium;Western Europe;"Brepols Publishers";"2015-2024";"History (Q4); Psychology (miscellaneous) (Q4)";"Arts and Humanities; Psychology"
1415;74728;"Psihoterapija";journal;"03503186";"Medicinska Naklada Zagreb";No;No;0,101;Q4;5;0;28;0;0;27;0,00;0,00;0,00;0;Croatia;Eastern Europe;"Medicinska Naklada Zagreb";"1973, 1999, 2016-2024, 2026";"Clinical Psychology (Q4); Psychiatry and Mental Health (Q4)";"Medicine; Psychology"
1416;14006;"Psychologist";journal;"09528229, 23981598";"British Psychological Society";No;No;0,101;Q4;40;136;300;153;27;97;0,05;1,13;63,16;0;United Kingdom;Western Europe;"British Psychological Society";"1990, 1996-2026";"Psychology (miscellaneous) (Q4)";"Psychology"
1417;17600155216;"Savoirs et Clinique";journal;"16343298, 17762871";"ERES";No;No;0,101;Q4;4;0;52;0;1;48;0,00;0,00;0,00;0;France;Western Europe;"ERES";"2002-2010, 2012-2022";"Clinical Psychology (Q4); Psychiatry and Mental Health (Q4)";"Medicine; Psychology"
1418;17700155818;"Topique";journal;"00409375";"Esprit";No;No;0,101;Q4;7;0;79;0;2;72;0,00;0,00;0,00;0;France;Western Europe;"Esprit";"2001-2023";"Clinical Psychology (Q4); Psychiatry and Mental Health (Q4)";"Medicine; Psychology"
1419;20000195024;"Verhaltenstherapie und Verhaltensmedizin";journal;"10131973";"Pabst Science Publishers";No;No;0,101;Q4;4;5;78;151;1;67;0,00;30,20;0,00;0;Germany;Western Europe;"Pabst Science Publishers";"2011-2025";"Clinical Psychology (Q4); Psychiatry and Mental Health (Q4)";"Medicine; Psychology"
1420;17600154904;"Cliniques Mediterraneennes";journal;"07627491, 17762790";"ERES";No;No;0,100;Q4;10;0;96;0;2;88;0,02;0,00;0,00;0;France;Western Europe;"ERES";"2001-2024";"Clinical Psychology (Q4); Psychiatry and Mental Health (Q4)";"Medicine; Psychology"
1421;21100820884;"Existenzanalyse";journal;"10247033, 24097306";"Gesellschaft fur Logotherapie und Existenzanalyse";No;No;0,100;Q4;5;0;81;0;1;73;0,00;0,00;0,00;0;Austria;Western Europe;"Gesellschaft fur Logotherapie und Existenzanalyse";"2016-2024";"Applied Psychology (Q4); Clinical Psychology (Q4); Psychiatry and Mental Health (Q4); Social Psychology (Q4)";"Medicine; Psychology"
1422;17700156013;"Figures de la Psychanalyse";journal;"17762847, 16233883";"ERES";No;No;0,100;Q4;6;0;67;0;1;64;0,00;0,00;0,00;0;France;Western Europe;"ERES";"2001-2007, 2009-2022, 2024";"Clinical Psychology (Q4); Psychiatry and Mental Health (Q4)";"Medicine; Psychology"
1423;17600154905;"Gestalt";journal;"11545232";"Societe Francaise de Gestalt";No;No;0,100;Q4;3;0;66;0;0;56;0,00;0,00;0,00;0;France;Western Europe;"Societe Francaise de Gestalt";"2002-2024";"Clinical Psychology (Q4)";"Psychology"
1424;21100856790;"Kairos";journal;"25361597, 18549373";"Slovenian Umbrella Association for Psychotherapy";Yes;No;0,100;Q4;5;0;81;0;0;72;0,00;0,00;0,00;0;Slovenia;Eastern Europe;"Slovenian Umbrella Association for Psychotherapy";"2017-2020, 2022-2024";"Clinical Psychology (Q4); Psychiatry and Mental Health (Q4)";"Medicine; Psychology"
1425;3900148508;"Ortho Magazine";journal;"12624586";"Elsevier Masson s.r.l.";No;No;0,100;Q4;1;62;200;286;1;170;0,01;4,61;84,31;0;France;Western Europe;"Elsevier Masson s.r.l.";"2006-2026";"Developmental and Educational Psychology (Q4); Pediatrics, Perinatology and Child Health (Q4)";"Medicine; Psychology"
1426;19259;"Revista Brasileira de Neurologia e Psiquiatria";journal;"14140365";"Editora Cientifica Nacional Ltda";No;No;0,100;Q4;4;0;72;0;0;66;0,00;0,00;0,00;0;Brazil;Latin America;"Editora Cientifica Nacional Ltda";"1999-2000, 2008-2010, 2013-2024";"Neurology (Q4); Neurology (clinical) (Q4); Neuropsychology and Physiological Psychology (Q4); Psychiatry and Mental Health (Q4)";"Medicine; Neuroscience; Psychology"
1427;17600155223;"Revue de Psychotherapie Psychanalytique de Groupe";journal;"17762863, 02971194";"ERES";No;No;0,100;Q4;12;0;73;0;0;69;0,00;0,00;0,00;0;France;Western Europe;"ERES";"2001-2024";"Clinical Psychology (Q4); Psychiatry and Mental Health (Q4)";"Medicine; Psychology"
1428;17600155215;"Spirale";journal;"12784699";"Editions Eres";No;No;0,100;Q4;7;0;173;0;0;157;0,00;0,00;0,00;0;France;Western Europe;"Editions Eres";"2001-2024";"Developmental and Educational Psychology (Q4); Education (Q4); Health (social science) (Q4)";"Psychology; Social Sciences"
1429;21100199715;"Tempo Psicanalitico";journal;"23166576, 01014838";"Sociedade de Psicanalise Iracy Doyle";Yes;Yes;0,100;Q4;5;18;87;541;4;85;0,00;30,06;63,64;0;Brazil;Latin America;"Sociedade de Psicanalise Iracy Doyle";"2010-2025";"Clinical Psychology (Q4); Psychiatry and Mental Health (Q4)";"Medicine; Psychology"
1430;21100967053;"Versus";journal;"26120909, 03938255";"Societa Editrice Il Mulino";No;No;0,100;Q4;4;14;70;491;3;70;0,04;35,07;30,77;0;Italy;Western Europe;"Societa Editrice Il Mulino";"2019-2025";"Applied Psychology (Q4); Linguistics and Language (Q4); Philosophy (Q4)";"Arts and Humanities; Psychology; Social Sciences"
1431;4100151532;"Advances in Experimental Social Psychology";book series;"00652601";"Academic Press Inc.";No;No;;-;109;10;30;2358;221;0;8,15;235,80;45,00;0;United States;Northern America;"Academic Press Inc.";"1964-1967, 1969-1970, 1972, 1974-1984, 1986-1992, 1994-2026";"Social Psychology";"Psychology"
1432;21100461944;"Advances in Positive Organizational Psychology";book series;"20464118, 2046410X";"Emerald Group Publishing Ltd.";No;No;;-;12;1;0;0;0;0;0,00;0,00;0,00;0;United Kingdom;Western Europe;"Emerald Group Publishing Ltd.";"2013, 2025";"Archeology; Organizational Behavior and Human Resource Management; Social Psychology";"Business, Management and Accounting; Psychology; Social Sciences"
1433;5000157601;"Advances in Special Education";book series;"02704013";"Emerald Group Publishing Ltd.";No;No;;-;12;44;15;1913;1;0;0,07;43,48;62,16;0;United Kingdom;Western Europe;"Emerald Group Publishing Ltd.";"2001, 2003-2004, 2006, 2008-2016, 2018-2019, 2024-2026";"Clinical Psychology; Education";"Psychology; Social Sciences"
1434;27618;"American Journal of Health Behavior (discontinued)";journal;"10873244, 19457359";"PNG Publications";No;No;;-;82;40;340;1802;267;340;0,63;45,05;49,01;0;United States;Northern America;"PNG Publications";"1996-2025";"Health (social science); Public Health, Environmental and Occupational Health; Social Psychology";"Medicine; Psychology; Social Sciences"
1435;21100838563;"Annals of Applied Sport Science (discontinued)";journal;"24764981, 23224479";"";Yes;No;;-;15;110;178;2972;191;177;1,20;27,02;37,04;0;Iran;Middle East;"";"2017-2025";"Applied Psychology; Orthopedics and Sports Medicine; Physical Therapy, Sports Therapy and Rehabilitation; Social Sciences (miscellaneous); Tourism, Leisure and Hospitality Management";"Business, Management and Accounting; Health Professions; Medicine; Psychology; Social Sciences"
1436;5600155292;"Contemporary Perspectives in Family Research";book series;"15303535";"Emerald Group Publishing Ltd.";No;No;;-;12;51;81;2193;34;0;0,39;43,00;33,33;0;United Kingdom;Western Europe;"Emerald Group Publishing Ltd.";"2003, 2014-2026";"Developmental and Educational Psychology; Social Psychology; Sociology and Political Science";"Psychology; Social Sciences"
1437;21100896854;"Eurasian Journal of Applied Linguistics (discontinued)";journal;"21491135";"Hacettepe University";Yes;No;;-;17;48;212;1990;215;212;1,06;41,46;73,08;0;Turkey;Middle East;"Hacettepe University";"2018-2025";"Education; Linguistics and Language; Social Psychology";"Psychology; Social Sciences"
1438;21100407161;"Human-Animal Studies";book series;"15734226";"Brill Academic Publishers";No;No;;-;17;1;32;1357;9;0;0,41;1357,00;100,00;0;Netherlands;Western Europe;"Brill Academic Publishers";"2006-2013, 2017-2020, 2022-2023, 2025";"Animal Science and Zoology; Anthropology; Experimental and Cognitive Psychology";"Agricultural and Biological Sciences; Psychology; Social Sciences"
1439;21101160593;"Insight (discontinued)";journal;"26646005, 2663970X";"Faculty of Psychology, History and Sociology, Kherson State University";Yes;Yes;;-;14;25;87;916;125;81;1,59;36,64;60,81;0;Ukraine;Eastern Europe;"Faculty of Psychology, History and Sociology, Kherson State University";"2019-2025";"Developmental and Educational Psychology; Experimental and Cognitive Psychology; Psychology (miscellaneous); Social Psychology";"Psychology"
1440;21100216328;"International Review of Research in Developmental Disabilities";book series;"22116095";"Academic Press Inc.";No;No;;-;23;12;40;1040;87;0;1,40;86,67;83,87;0;United States;Northern America;"Academic Press Inc.";"2011-2025";"Developmental and Educational Psychology; Psychiatry and Mental Health";"Medicine; Psychology"
1441;15370;"Journal of Abnormal Psychology";journal;"0021843X";"American Psychological Association";No;No;;-;233;1;0;210;0;0;0,00;210,00;23,81;1;United States;Northern America;"American Psychological Association";"1946, 1949, 1953-1955, 1957-1958, 1965-2021, 2025";"Biological Psychiatry; Clinical Psychology; Developmental and Educational Psychology; Psychiatry and Mental Health";"Medicine; Neuroscience; Psychology"
1442;21101390655;"Lomonosov Psychology Journal";journal;"01370936, 23099852";"Lomonosov Moscow State University";No;No;;-;1;52;0;1659;0;0;0,00;31,90;72,32;0;Russian Federation;Eastern Europe;"Lomonosov Moscow State University";"2025-2026";"Arts and Humanities (miscellaneous); Clinical Psychology; Cultural Studies; Developmental and Educational Psychology; Neuropsychology and Physiological Psychology; Psychology (miscellaneous); Social Sciences (miscellaneous)";"Arts and Humanities; Psychology; Social Sciences"
1443;4100151531;"Research in Ethical Issues in Organizations";book series;"15292096";"Emerald Group Publishing Ltd.";No;No;;-;12;23;24;402;10;0;0,55;17,48;40,00;0;United Kingdom;Western Europe;"Emerald Group Publishing Ltd.";"2000-2003, 2005-2006, 2012-2020, 2022-2023, 2025-2026";"Cultural Studies; Organizational Behavior and Human Resource Management; Social Psychology; Sociology and Political Science";"Business, Management and Accounting; Psychology; Social Sciences"
1444;21100297603;"Research in the Sociology of Sport";book series;"14762854";"Emerald Group Publishing Ltd.";No;No;;-;13;17;113;888;85;0;0,27;52,24;0,00;0;United Kingdom;Western Europe;"Emerald Group Publishing Ltd.";"2012-2014, 2016-2020, 2022-2026";"Social Psychology; Social Sciences (miscellaneous); Sociology and Political Science";"Psychology; Social Sciences"
1445;21100296641;"Research on Professional Responsibility and Ethics in Accounting";book series;"15740765";"Emerald Group Publishing Ltd.";No;No;;-;12;12;9;127;4;0;0,44;10,58;0,00;0;United Kingdom;Western Europe;"Emerald Group Publishing Ltd.";"2007-2008, 2010-2016, 2018-2021, 2024-2026";"Accounting; Psychology (miscellaneous)";"Business, Management and Accounting; Psychology"
1446;17700156017;"Revista de Psicologia del Deporte (discontinued)";journal;"19885636, 1132239X";"Sociedad Revista de Psicologia del Deporte";Yes;No;;-;38;19;358;706;228;358;0,68;37,16;34,55;0;Spain;Western Europe;"Sociedad Revista de Psicologia del Deporte";"2008-2025";"Applied Psychology; Sports Science";"Health Professions; Psychology"
1447;21101185818;"Social and Legal Studios (discontinued)";journal;"26174170, 26174162";"Lviv State University of Internal Affairs";Yes;No;;-;12;54;209;3091;321;209;1,68;57,24;56,38;0;Ukraine;Eastern Europe;"Lviv State University of Internal Affairs";"2019-2025";"Economics, Econometrics and Finance (miscellaneous); Law; Social Psychology";"Economics, Econometrics and Finance; Psychology; Social Sciences"
1448;21100228948;"TPM - Testing, Psychometrics, Methodology in Applied Psychology (discontinued)";journal;"19726325";"Cises srl";No;No;;-;36;430;98;10817;125;96;1,25;25,16;43,51;0;Italy;Western Europe;"Cises srl";"2005, 2007-2025";"Applied Psychology; Psychology (miscellaneous); Social Psychology";"Psychology"
