Rank;Sourceid;Title;Type;Issn;Publisher;Open Access;Open Access Diamond;SJR;SJR Best Quartile;H index;Total Docs. (2021);Total Docs. (3years);Total Refs.;Total Citations (3years);Citable Docs. (3years);Citations / Doc. (2years);Ref. / Doc.;%Female;Overton;Country;Region;Publisher;Coverage;Categories;Areas
1;17500;"Journal of Finance";journal;"00221082, 15406261";"Wiley-Blackwell Publishing Ltd";No;No;16,463;Q1;386;79;217;4143;1816;213;7,00;52,44;14,46;66;United Kingdom;Western Europe;"Wiley-Blackwell Publishing Ltd";"1946-2026";"Accounting (Q1); Economics and Econometrics (Q1); Finance (Q1)";"Business, Management and Accounting; Economics, Econometrics and Finance"
2;19900191906;"Academy of Management Annals";journal;"19416520, 19416067";"Academy of Management";No;No;14,781;Q1;132;18;80;4228;1583;79;17,39;234,89;41,07;4;United States;Northern America;"Academy of Management";"2007, 2010-2025";"Business and International Management (Q1); Organizational Behavior and Human Resource Management (Q1)";"Business, Management and Accounting"
3;16161;"Review of Financial Studies";journal;"14657368, 08939454";"Oxford University Press";No;No;11,670;Q1;268;162;366;9314;2854;366;7,85;57,49;18,50;116;United Kingdom;Western Europe;"Oxford University Press";"1996-2026";"Accounting (Q1); Economics and Econometrics (Q1); Finance (Q1)";"Business, Management and Accounting; Economics, Econometrics and Finance"
4;20191;"Academy of Management Journal";journal;"00014273";"Academy of Management";No;No;10,874;Q1;410;81;235;8862;2719;234;9,26;109,41;34,00;2;United States;Northern America;"Academy of Management";"1961, 1966-1968, 1973, 1975-2025";"Business and International Management (Q1); Business, Management and Accounting (miscellaneous) (Q1); Management of Technology and Innovation (Q1); Strategy and Management (Q1)";"Business, Management and Accounting"
5;24379;"Journal of Financial Economics";journal;"0304405X";"Elsevier B.V.";No;No;10,418;Q1;355;209;400;11709;3402;399;7,00;56,02;19,05;161;Netherlands;Western Europe;"Elsevier B.V.";"1974-2026";"Accounting (Q1); Economics and Econometrics (Q1); Finance (Q1); Strategy and Management (Q1)";"Business, Management and Accounting; Economics, Econometrics and Finance"
6;23157;"Strategic Management Journal";journal;"10970266, 01432095";"John Wiley and Sons Ltd";No;No;9,443;Q1;370;89;321;6944;3024;316;6,52;78,02;24,20;32;United Kingdom;Western Europe;"John Wiley and Sons Ltd";"1980-2026";"Business and International Management (Q1); Strategy and Management (Q1)";"Business, Management and Accounting"
7;21100863710;"Annual Review of Organizational Psychology and Organizational Behavior";journal;"23270608";"Annual Reviews Inc.";No;No;8,656;Q1;98;13;59;1378;1075;56;11,00;106,00;38,71;5;United States;Northern America;"Annual Reviews Inc.";"2014-2025";"Applied Psychology (Q1); Organizational Behavior and Human Resource Management (Q1); Social Psychology (Q1)";"Business, Management and Accounting; Psychology"
8;20206;"Academy of Management Review";journal;"03637425";"Academy of Management";No;No;7,618;Q1;334;52;162;4920;1464;135;7,78;94,62;24,56;11;United States;Northern America;"Academy of Management";"1976-1991, 1993-2025";"Business, Management and Accounting (miscellaneous) (Q1); Management of Technology and Innovation (Q1); Strategy and Management (Q1)";"Business, Management and Accounting"
9;22951;"Journal of Marketing";journal;"15477185, 00222429";"American Marketing Association";No;No;7,461;Q1;309;73;149;4360;1760;142;12,35;59,73;37,08;16;United States;Northern America;"American Marketing Association";"1939, 1941, 1956, 1958-1959, 1969-1981, 1984-1991, 1993-2026";"Business and International Management (Q1); Economics and Econometrics (Q1); Marketing (Q1)";"Business, Management and Accounting; Economics, Econometrics and Finance"
10;29838;"Journal of Accounting and Economics";journal;"01654101";"Elsevier B.V.";No;No;7,346;Q1;207;50;125;2947;796;123;5,40;58,94;30,25;14;Netherlands;Western Europe;"Elsevier B.V.";"1979-2026";"Accounting (Q1); Economics and Econometrics (Q1); Finance (Q1)";"Business, Management and Accounting; Economics, Econometrics and Finance"
11;21789;"Manufacturing and Service Operations Management";journal;"15265498, 15234614";"INFORMS Inst.for Operations Res.and the Management Sciences";No;No;7,127;Q1;123;100;180;4829;1399;178;6,55;48,29;25,41;3;United States;Northern America;"INFORMS Inst.for Operations Res.and the Management Sciences";"1999-2026";"Management Science and Operations Research (Q1); Strategy and Management (Q1)";"Business, Management and Accounting; Decision Sciences"
12;20635;"Journal of Management";journal;"01492063, 15571211";"SAGE Publications Inc.";No;No;7,121;Q1;315;83;292;8509;3628;282;11,28;102,52;28,09;24;United States;Northern America;"SAGE Publications Inc.";"1975-2026";"Finance (Q1); Strategy and Management (Q1)";"Business, Management and Accounting; Economics, Econometrics and Finance"
13;21100926579;"Review of Corporate Finance Studies";journal;"20469136, 20469128";"Oxford University Press";No;No;7,118;Q1;30;23;39;1026;400;39;12,25;44,61;26,92;15;United States;Northern America;"Oxford University Press";"2012-2026";"Business and International Management (Q1); Economics and Econometrics (Q1); Finance (Q1)";"Business, Management and Accounting; Economics, Econometrics and Finance"
14;22899;"Journal of Consumer Research";journal;"00935301, 15375277";"Oxford University Press";No;No;7,117;Q1;248;68;164;4722;1362;162;6,99;69,44;52,32;3;United Kingdom;Western Europe;"Oxford University Press";"1975, 1977-1978, 1984, 1988, 1991-1992, 1996-2026";"Anthropology (Q1); Arts and Humanities (miscellaneous) (Q1); Business and International Management (Q1); Economics and Econometrics (Q1); Marketing (Q1)";"Arts and Humanities; Business, Management and Accounting; Economics, Econometrics and Finance; Social Sciences"
15;22324;"Organization Science";journal;"15265455, 10477039";"INFORMS Inst.for Operations Res.and the Management Sciences";No;No;6,871;Q1;308;69;209;7104;1039;209;3,96;102,96;35,80;17;United States;Northern America;"INFORMS Inst.for Operations Res.and the Management Sciences";"1992-1994, 1996-2026";"Management of Technology and Innovation (Q1); Organizational Behavior and Human Resource Management (Q1); Strategy and Management (Q1)";"Business, Management and Accounting"
16;23714;"Marketing Science";journal;"07322399, 1526548X";"INFORMS Institute for Operations Research and the Management Sciences";No;No;6,584;Q1;166;56;165;2297;824;159;5,06;41,02;25,74;25;United States;Northern America;"INFORMS Institute for Operations Research and the Management Sciences";"1985, 1991, 1993, 1995-2026";"Business and International Management (Q1); Economics and Econometrics (Q1); Marketing (Q1)";"Business, Management and Accounting; Economics, Econometrics and Finance"
17;29857;"Journal of Accounting Research";journal;"1475679X, 00218456";"Wiley-Blackwell Publishing Ltd";No;No;5,922;Q1;186;39;96;2391;489;96;3,70;61,31;30,11;0;United Kingdom;Western Europe;"Wiley-Blackwell Publishing Ltd";"1996-2026";"Accounting (Q1); Economics and Econometrics (Q1); Finance (Q1)";"Business, Management and Accounting; Economics, Econometrics and Finance"
18;23860;"Journal of Business Venturing";journal;"08839026";"Elsevier Inc.";No;No;5,829;Q1;246;67;155;7392;1938;150;10,88;110,33;31,05;17;United States;Northern America;"Elsevier Inc.";"1985-2026";"Business and International Management (Q1); Management of Technology and Innovation (Q1)";"Business, Management and Accounting"
19;20246;"Journal of Labor Economics";journal;"0734306X, 15375307";"University of Chicago Press";No;No;5,389;Q1;143;50;119;2221;522;118;3,87;44,42;29,27;45;United States;Northern America;"University of Chicago Press";"1985-1989, 1991, 1993, 1995-2026";"Economics and Econometrics (Q1); Industrial Relations (Q1)";"Business, Management and Accounting; Economics, Econometrics and Finance"
20;22961;"Journal of Marketing Research";journal;"00222437, 15477193";"SAGE Publications Ltd";No;No;5,372;Q1;221;60;180;3711;1111;178;5,88;61,85;34,21;14;United States;Northern America;"SAGE Publications Ltd";"1967-1968, 1971-1973, 1976-1981, 1983, 1986-1987, 1989-2026";"Business and International Management (Q1); Economics and Econometrics (Q1); Marketing (Q1)";"Business, Management and Accounting; Economics, Econometrics and Finance"
21;22330;"Organizational Research Methods";journal;"15527425, 10944281";"SAGE Publications Inc.";No;No;5,195;Q1;158;32;103;2224;904;96;7,91;69,50;24,71;9;United States;Northern America;"SAGE Publications Inc.";"1998-2026";"Decision Sciences (miscellaneous) (Q1); Management of Technology and Innovation (Q1); Strategy and Management (Q1)";"Business, Management and Accounting; Decision Sciences"
22;21307;"Management Science";journal;"00251909, 15265501";"INFORMS Inst.for Operations Res.and the Management Sciences";Yes;No;5,094;Q1;321;384;944;21344;5385;934;5,00;55,58;22,77;138;United States;Northern America;"INFORMS Inst.for Operations Res.and the Management Sciences";"1965-1966, 1968-2025";"Management Science and Operations Research (Q1); Strategy and Management (Q1)";"Business, Management and Accounting; Decision Sciences"
23;12817;"Personnel Psychology";journal;"00315826, 17446570";"Wiley-Blackwell";No;No;5,077;Q1;183;27;67;2878;460;63;4,96;106,59;41,49;5;United States;Northern America;"Wiley-Blackwell";"1948-2026";"Applied Psychology (Q1); Organizational Behavior and Human Resource Management (Q1)";"Business, Management and Accounting; Psychology"
24;21101041823;"Strategy Science";journal;"23332077, 23332050";"INFORMS Inst.for Operations Res.and the Management Sciences";No;No;5,054;Q1;37;30;66;2357;215;61;2,66;78,57;26,23;0;United States;Northern America;"INFORMS Inst.for Operations Res.and the Management Sciences";"2016-2025";"Business and International Management (Q1); Management of Technology and Innovation (Q1); Management Science and Operations Research (Q1); Strategy and Management (Q1)";"Business, Management and Accounting; Decision Sciences"
25;28418;"Brookings Papers on Economic Activity";journal;"00072303, 15334465";"Brookings Institution Press";No;No;5,021;Q1;104;16;51;754;246;50;3,92;47,13;28,21;13;United States;Northern America;"Brookings Institution Press";"1990, 1992, 1996-2024";"Business, Management and Accounting (miscellaneous) (Q1); Economics and Econometrics (Q1)";"Business, Management and Accounting; Economics, Econometrics and Finance"
26;21149;"Leadership Quarterly";journal;"10489843";"Elsevier Inc.";No;No;4,907;Q1;214;45;145;5564;1559;140;8,14;123,64;39,16;12;United States;Northern America;"Elsevier Inc.";"1990-2026";"Applied Psychology (Q1); Business and International Management (Q1); Organizational Behavior and Human Resource Management (Q1); Sociology and Political Science (Q1)";"Business, Management and Accounting; Psychology; Social Sciences"
27;21100217630;"Strategic Entrepreneurship Journal";journal;"19324391, 1932443X";"John Wiley &amp; Sons Inc.";No;No;4,839;Q1;82;31;81;3036;792;74;4,74;97,94;13,41;8;United States;Northern America;"John Wiley &amp; Sons Inc.";"2008, 2011-2026";"Business and International Management (Q1); Economics and Econometrics (Q1); Strategy and Management (Q1)";"Business, Management and Accounting; Economics, Econometrics and Finance"
28;28096;"Accounting Review";journal;"00014826, 15587967";"American Accounting Association";No;No;4,674;Q1;217;88;257;5319;1256;256;4,20;60,44;29,22;0;United States;Northern America;"American Accounting Association";"1996-2026";"Accounting (Q1); Economics and Econometrics (Q1); Finance (Q1)";"Business, Management and Accounting; Economics, Econometrics and Finance"
29;20650;"Journal of Management Studies";journal;"00222380, 14676486";"Wiley-Blackwell Publishing Ltd";No;No;4,638;Q1;246;105;180;7449;1394;159;6,64;70,94;34,11;22;United Kingdom;Western Europe;"Wiley-Blackwell Publishing Ltd";"1964-2026";"Business and International Management (Q1); Management of Technology and Innovation (Q1); Strategy and Management (Q1)";"Business, Management and Accounting"
30;15631;"International Journal of Information Management";journal;"02684012";"Elsevier Ltd";No;No;4,584;Q1;215;159;504;16248;10146;496;20,23;102,19;29,82;31;United Kingdom;Western Europe;"Elsevier Ltd";"1970, 1986-2026";"Artificial Intelligence (Q1); Computer Networks and Communications (Q1); Information Systems (Q1); Information Systems and Management (Q1); Library and Information Sciences (Q1); Management Information Systems (Q1); Marketing (Q1)";"Business, Management and Accounting; Computer Science; Decision Sciences; Social Sciences"
31;12402;"MIS Quarterly: Management Information Systems";journal;"02767783, 21629730";"University of Minnesota";No;No;4,495;Q1;294;71;187;7056;1922;184;9,64;99,38;31,77;0;United States;Northern America;"University of Minnesota";"1980-2025";"Computer Science Applications (Q1); Information Systems (Q1); Information Systems and Management (Q1); Management Information Systems (Q1)";"Business, Management and Accounting; Computer Science; Decision Sciences"
32;24385;"Journal of the Academy of Marketing Science";journal;"00920703, 15527824";"Springer New York";No;No;4,433;Q1;234;61;180;4637;2077;163;12,50;76,02;28,25;8;United States;Northern America;"Springer New York";"1973-2026";"Business and International Management (Q1); Economics and Econometrics (Q1); Marketing (Q1)";"Business, Management and Accounting; Economics, Econometrics and Finance"
33;24392;"Journal of International Business Studies";journal;"00472506, 14786990";"Palgrave Macmillan";No;No;4,390;Q1;254;81;212;8082;2294;186;9,72;99,78;25,38;28;United Kingdom;Western Europe;"Palgrave Macmillan";"1975-2026";"Business and International Management (Q1); Business, Management and Accounting (miscellaneous) (Q1); Economics and Econometrics (Q1); Management of Technology and Innovation (Q1); Strategy and Management (Q1)";"Business, Management and Accounting; Economics, Econometrics and Finance"
34;15700;"Journal of Management Information Systems";journal;"1557928X, 07421222";"M.E. Sharpe Inc.";No;No;4,365;Q1;189;46;137;3284;1386;125;7,20;71,39;20,00;6;United States;Northern America;"M.E. Sharpe Inc.";"1987-2025";"Computer Science Applications (Q1); Information Systems and Management (Q1); Management Information Systems (Q1); Management Science and Operations Research (Q1)";"Business, Management and Accounting; Computer Science; Decision Sciences"
35;4700152287;"Academy of Management Perspectives";journal;"15589080";"Academy of Management";No;No;4,070;Q1;177;43;89;3230;765;85;6,16;75,12;37,27;5;United States;Northern America;"Academy of Management";"1988, 1990, 1992-1993, 2006-2025";"Business and International Management (Q1); Marketing (Q1); Strategy and Management (Q1)";"Business, Management and Accounting"
36;12396;"Journal of Strategic Information Systems";journal;"09638687";"Elsevier B.V.";No;No;4,021;Q1;120;23;77;2330;1178;64;16,79;101,30;34,62;2;Netherlands;Western Europe;"Elsevier B.V.";"1991-2026";"Information Systems (Q1); Information Systems and Management (Q1); Management Information Systems (Q1)";"Business, Management and Accounting; Computer Science; Decision Sciences"
37;144974;"Journal of Service Research";journal;"10946705, 15527379";"SAGE Publications Inc.";No;No;4,010;Q1;165;36;87;2825;972;81;7,68;78,47;46,30;3;United States;Northern America;"SAGE Publications Inc.";"1998-2026";"Information Systems (Q1); Organizational Behavior and Human Resource Management (Q1); Sociology and Political Science (Q1)";"Business, Management and Accounting; Computer Science; Social Sciences"
38;12963;"Review of Accounting Studies";journal;"15737136, 13806653";"Springer New York";No;No;3,998;Q1;118;40;125;2626;554;125;3,44;65,65;28,95;10;United States;Northern America;"Springer New York";"1996-2026";"Accounting (Q1); Business, Management and Accounting (miscellaneous) (Q1)";"Business, Management and Accounting"
39;30020;"Journal of Organizational Behavior";journal;"10991379, 08943796";"John Wiley and Sons Ltd";No;No;3,880;Q1;242;70;217;7345;1767;205;7,37;104,93;45,45;13;United Kingdom;Western Europe;"John Wiley and Sons Ltd";"1981-1982, 1984-2026";"Applied Psychology (Q1); Organizational Behavior and Human Resource Management (Q1); Psychology (miscellaneous) (Q1); Sociology and Political Science (Q1)";"Business, Management and Accounting; Psychology; Social Sciences"
40;14130;"Research in Organizational Behavior";journal;"01913085";"Emerald Publishing";No;No;3,871;Q1;87;7;21;920;157;19;0,27;131,43;57,14;0;United Kingdom;Western Europe;"Emerald Publishing";"2000-2004, 2006, 2008-2025";"Experimental and Cognitive Psychology (Q1); Organizational Behavior and Human Resource Management (Q1); Social Psychology (Q1)";"Business, Management and Accounting; Psychology"
41;28312;"Organization Studies";journal;"17413044, 01708406";"SAGE Publications Ltd";No;No;3,861;Q1;197;77;227;5873;1332;220;5,44;76,27;47,26;19;United Kingdom;Western Europe;"SAGE Publications Ltd";"1980-2026";"Management of Technology and Innovation (Q1); Organizational Behavior and Human Resource Management (Q1); Strategy and Management (Q1)";"Business, Management and Accounting"
42;20037;"International Journal of Management Reviews";journal;"14608545, 14682370";"Wiley-Blackwell Publishing Ltd";No;No;3,851;Q1;151;25;89;4069;1072;87;7,02;162,76;45,76;7;United Kingdom;Western Europe;"Wiley-Blackwell Publishing Ltd";"1999-2002, 2004-2026";"Decision Sciences (miscellaneous) (Q1); Management of Technology and Innovation (Q1); Strategy and Management (Q1)";"Business, Management and Accounting; Decision Sciences"
43;15574;"Information Systems Research";journal;"15265536, 10477047";"INFORMS Inst.for Operations Res.and the Management Sciences";No;No;3,816;Q1;203;73;199;5376;1489;195;6,09;73,64;29,38;3;United States;Northern America;"INFORMS Inst.for Operations Res.and the Management Sciences";"1990-2025";"Computer Networks and Communications (Q1); Information Systems (Q1); Information Systems and Management (Q1); Library and Information Sciences (Q1); Management Information Systems (Q1)";"Business, Management and Accounting; Computer Science; Decision Sciences; Social Sciences"
44;15823;"Journal of Public Administration Research and Theory";journal;"14779803, 10531858";"Oxford University Press";No;No;3,811;Q1;157;48;107;3759;671;106;4,54;78,31;35,04;22;United Kingdom;Western Europe;"Oxford University Press";"1991-2025";"Marketing (Q1); Public Administration (Q1); Sociology and Political Science (Q1)";"Business, Management and Accounting; Social Sciences"
45;16160;"Review of Finance";journal;"1573692X, 15723097";"Oxford University Press";No;No;3,804;Q1;91;47;121;2608;515;121;4,24;55,49;21,71;29;United Kingdom;Western Europe;"Oxford University Press";"2001-2002, 2004-2026";"Accounting (Q1); Economics and Econometrics (Q1); Finance (Q1)";"Business, Management and Accounting; Economics, Econometrics and Finance"
46;21341;"California Management Review";journal;"21628564, 00081256";"SAGE Publications Ltd";No;No;3,793;Q1;171;24;82;0;1252;80;15,18;0,00;42,86;8;United Kingdom;Western Europe;"SAGE Publications Ltd";"1970-2026";"Strategy and Management (Q1)";"Business, Management and Accounting"
47;29745;"Information and Organization";journal;"14717727";"Elsevier Ltd";No;No;3,623;Q1;83;21;48;1432;535;47;7,26;68,19;51,02;7;United Kingdom;Western Europe;"Elsevier Ltd";"1996-1997, 2001-2026";"Information Systems (Q1); Library and Information Sciences (Q1); Management Information Systems (Q1); Management of Technology and Innovation (Q1); Organizational Behavior and Human Resource Management (Q1)";"Business, Management and Accounting; Computer Science; Social Sciences"
48;22928;"Journal of Interactive Marketing";journal;"10949968, 15206653";"SAGE Publications Inc.";No;No;3,620;Q1;142;34;99;2391;1032;98;10,72;70,32;30,97;4;United States;Northern America;"SAGE Publications Inc.";"1997-2026";"Business and International Management (Q1); Marketing (Q1)";"Business, Management and Accounting"
49;39139;"International Organization";journal;"15315088, 00208183";"Cambridge University Press";No;No;3,606;Q1;180;41;99;3234;661;99;5,62;78,88;28,95;0;United Kingdom;Western Europe;"Cambridge University Press";"1947-2026";"Law (Q1); Organizational Behavior and Human Resource Management (Q1); Political Science and International Relations (Q1); Sociology and Political Science (Q1)";"Business, Management and Accounting; Social Sciences"
50;80370;"Journal of Financial and Quantitative Analysis";journal;"00221090, 17566916";"Cambridge University Press";No;No;3,563;Q1;164;90;246;4785;942;246;3,26;53,17;21,98;0;United Kingdom;Western Europe;"Cambridge University Press";"1966-2026";"Accounting (Q1); Economics and Econometrics (Q1); Finance (Q1)";"Business, Management and Accounting; Economics, Econometrics and Finance"
51;22900;"Research Policy";journal;"00487333";"Elsevier B.V.";No;No;3,533;Q1;318;156;501;13741;4902;489;8,75;88,08;29,72;87;Netherlands;Western Europe;"Elsevier B.V.";"1971-2026";"Engineering (miscellaneous) (Q1); Management of Technology and Innovation (Q1); Management Science and Operations Research (Q1); Strategy and Management (Q1)";"Business, Management and Accounting; Decision Sciences; Engineering"
52;16547;"Tourism Management";journal;"02615177, 18793193";"Elsevier Ltd";No;No;3,383;Q1;296;166;609;13445;7885;607;12,41;80,99;39,10;29;United Kingdom;Western Europe;"Elsevier Ltd";"1982-2026";"Development (Q1); Strategy and Management (Q1); Tourism, Leisure and Hospitality Management (Q1); Transportation (Q1)";"Business, Management and Accounting; Social Sciences"
53;19169;"Journal of Operations Management";journal;"18731317, 02726963";"John Wiley &amp; Sons Inc.";No;No;3,363;Q1;238;42;113;3726;758;105;5,33;88,71;18,49;5;Netherlands;Western Europe;"John Wiley &amp; Sons Inc.";"1980-1991, 1993-2026";"Computer Science Applications (Q1); Industrial and Manufacturing Engineering (Q1); Management Science and Operations Research (Q1); Strategy and Management (Q1)";"Business, Management and Accounting; Computer Science; Decision Sciences; Engineering"
54;100147318;"Entrepreneurship Theory and Practice";journal;"10422587, 15406520";"SAGE Publications Ltd";No;No;3,353;Q1;224;54;136;5919;1352;115;9,39;109,61;32,58;26;United States;Northern America;"SAGE Publications Ltd";"1989, 1994, 2004-2026";"Business and International Management (Q1); Economics and Econometrics (Q1)";"Business, Management and Accounting; Economics, Econometrics and Finance"
55;22405;"Production and Operations Management";journal;"10591478, 19375956";"SAGE Publications Inc.";No;No;3,344;Q1;161;236;435;13480;2317;430;4,26;57,12;29,22;21;United States;Northern America;"SAGE Publications Inc.";"1992-2026";"Industrial and Manufacturing Engineering (Q1); Management of Technology and Innovation (Q1); Management Science and Operations Research (Q1)";"Business, Management and Accounting; Decision Sciences; Engineering"
56;14813;"Journal of Travel Research";journal;"15526763, 00472875";"SAGE Publications Ltd";No;No;3,291;Q1;193;111;259;9197;2614;253;8,82;82,86;36,40;19;United Kingdom;Western Europe;"SAGE Publications Ltd";"1969-2026";"Geography, Planning and Development (Q1); Tourism, Leisure and Hospitality Management (Q1); Transportation (Q1)";"Business, Management and Accounting; Social Sciences"
57;19600166404;"Innovation Policy and the Economy";book series;"15313468, 15372618";"University of Chicago Press";No;No;3,273;Q1;26;0;20;0;105;11;6,93;0,00;0,00;0;United States;Northern America;"University of Chicago Press";"2009, 2011-2020";"Economics and Econometrics (Q1); Management of Technology and Innovation (Q1); Strategy and Management (Q1)";"Business, Management and Accounting; Economics, Econometrics and Finance"
58;21203;"Long Range Planning";journal;"00246301, 18731872";"Elsevier Ltd";No;No;3,239;Q1;142;51;165;5354;1681;161;7,54;104,98;21,74;8;United Kingdom;Western Europe;"Elsevier Ltd";"1968-2026";"Finance (Q1); Geography, Planning and Development (Q1); Strategy and Management (Q1)";"Business, Management and Accounting; Economics, Econometrics and Finance; Social Sciences"
59;30718;"Annals of Tourism Research";journal;"01607383";"Elsevier Ltd";No;No;3,145;Q1;238;192;436;10372;4183;429;9,55;54,02;42,80;46;United Kingdom;Western Europe;"Elsevier Ltd";"1973-2026";"Development (Q1); Tourism, Leisure and Hospitality Management (Q1)";"Business, Management and Accounting; Social Sciences"
60;15392;"Journal of Business and Psychology";journal;"1573353X, 08893268";"Kluwer Academic/Human Sciences Press Inc.";No;No;3,093;Q1;115;65;147;5508;974;144;6,35;84,74;46,80;7;United States;Northern America;"Kluwer Academic/Human Sciences Press Inc.";"1986-2026";"Applied Psychology (Q1); Business and International Management (Q1); Business, Management and Accounting (miscellaneous) (Q1); Psychology (miscellaneous) (Q1)";"Business, Management and Accounting; Psychology"
61;28181;"Journal of Consumer Psychology";journal;"15327663, 10577408";"John Wiley and Sons Inc";No;No;3,054;Q1;158;53;153;3123;601;147;3,43;58,92;41,41;8;United States;Northern America;"John Wiley and Sons Inc";"1992-2026";"Applied Psychology (Q1); Marketing (Q1)";"Business, Management and Accounting; Psychology"
62;100147317;"Journal of Supply Chain Management";journal;"15232409, 1745493X";"Wiley-Blackwell";No;No;3,034;Q1;125;22;54;1673;350;51;5,15;76,05;41,67;13;United States;Northern America;"Wiley-Blackwell";"1999-2026";"Economics, Econometrics and Finance (miscellaneous) (Q1); Information Systems (Q1); Management Information Systems (Q1); Marketing (Q1)";"Business, Management and Accounting; Computer Science; Economics, Econometrics and Finance"
63;29113;"Contemporary Accounting Research";journal;"08239150, 19113846";"John Wiley and Sons Inc";No;No;3,017;Q1;141;95;251;6594;960;251;3,64;69,41;29,57;12;Canada;Northern America;"John Wiley and Sons Inc";"1984-2026";"Accounting (Q1); Economics and Econometrics (Q1); Finance (Q1)";"Business, Management and Accounting; Economics, Econometrics and Finance"
64;27069;"Human Relations";journal;"00187267, 1741282X";"SAGE Publications Ltd";No;No;2,901;Q1;181;79;209;6313;1266;204;5,94;79,91;43,85;15;United Kingdom;Western Europe;"SAGE Publications Ltd";"1947-2026";"Arts and Humanities (miscellaneous) (Q1); Management of Technology and Innovation (Q1); Social Sciences (miscellaneous) (Q1); Strategy and Management (Q1)";"Arts and Humanities; Business, Management and Accounting; Social Sciences"
65;144981;"Quantitative Marketing and Economics";journal;"15707156, 1573711X";"Kluwer Academic Publishers";No;No;2,882;Q1;41;13;37;498;67;37;1,00;38,31;27,27;3;Netherlands;Western Europe;"Kluwer Academic Publishers";"2005-2026";"Economics, Econometrics and Finance (miscellaneous) (Q1); Marketing (Q1)";"Business, Management and Accounting; Economics, Econometrics and Finance"
66;21100409642;"Global Strategy Journal";journal;"20425805";"John Wiley &amp; Sons Inc.";No;No;2,865;Q1;60;28;83;2523;648;81;6,38;90,11;22,67;8;United States;Northern America;"John Wiley &amp; Sons Inc.";"2014-2026";"Business and International Management (Q1); Strategy and Management (Q1)";"Business, Management and Accounting"
67;19600157901;"Journal of Service Management";journal;"17575818";"Emerald Group Publishing Ltd.";No;No;2,851;Q1;106;27;140;2292;1301;134;6,78;84,89;48,31;0;United Kingdom;Western Europe;"Emerald Group Publishing Ltd.";"2009-2026";"Business, Management and Accounting (miscellaneous) (Q1); Strategy and Management (Q1); Tourism, Leisure and Hospitality Management (Q1)";"Business, Management and Accounting"
68;24719;"Human Resource Management Review";journal;"10534822";"Elsevier Ltd";No;No;2,840;Q1;141;35;115;4272;1144;111;9,52;122,06;44,44;9;United Kingdom;Western Europe;"Elsevier Ltd";"1991-2026";"Applied Psychology (Q1); Organizational Behavior and Human Resource Management (Q1)";"Business, Management and Accounting; Psychology"
69;20909;"Transportation Research Part E: Logistics and Transportation Review";journal;"13665545";"Elsevier Ltd";No;No;2,835;Q1;170;275;608;16930;5786;598;9,59;61,56;29,56;20;United Kingdom;Western Europe;"Elsevier Ltd";"1997-2026";"Business and International Management (Q1); Civil and Structural Engineering (Q1); Management Science and Operations Research (Q1); Transportation (Q1)";"Business, Management and Accounting; Decision Sciences; Engineering; Social Sciences"
70;22326;"Organizational Behavior and Human Decision Processes";journal;"07495978, 10959920";"Academic Press Inc.";No;No;2,834;Q1;195;85;183;6888;877;179;4,40;81,04;41,08;21;United States;Northern America;"Academic Press Inc.";"1985-2026";"Applied Psychology (Q1); Organizational Behavior and Human Resource Management (Q1)";"Business, Management and Accounting; Psychology"
71;19165;"International Journal of Production Economics";journal;"09255273";"Elsevier B.V.";No;No;2,808;Q1;264;318;917;22784;9187;905;10,41;71,65;27,37;29;Netherlands;Western Europe;"Elsevier B.V.";"1991-2026";"Business, Management and Accounting (miscellaneous) (Q1); Economics and Econometrics (Q1); Industrial and Manufacturing Engineering (Q1); Management Science and Operations Research (Q1)";"Business, Management and Accounting; Decision Sciences; Economics, Econometrics and Finance; Engineering"
72;12006;"Journal of Vocational Behavior";journal;"10959084, 00018791";"Academic Press Inc.";No;No;2,805;Q1;209;90;317;8030;2884;299;9,83;89,22;56,11;17;United States;Northern America;"Academic Press Inc.";"1971-2026";"Applied Psychology (Q1); Education (Q1); Life-span and Life-course Studies (Q1); Organizational Behavior and Human Resource Management (Q1)";"Business, Management and Accounting; Psychology; Social Sciences"
73;17167;"Public Administration Review";journal;"00333352, 15406210";"Wiley-Blackwell";No;No;2,788;Q1;196;110;314;6050;1850;257;6,48;55,00;32,55;45;United Kingdom;Western Europe;"Wiley-Blackwell";"1978-1983, 1985, 1988, 1996-2026";"Marketing (Q1); Public Administration (Q1); Sociology and Political Science (Q1)";"Business, Management and Accounting; Social Sciences"
74;27656;"International Journal of Production Research";journal;"00207543, 1366588X";"Taylor and Francis Ltd.";No;No;2,780;Q1;217;376;1241;22924;11972;1209;9,82;60,97;27,77;24;United Kingdom;Western Europe;"Taylor and Francis Ltd.";"1961, 1963-1968, 1970-2026";"Industrial and Manufacturing Engineering (Q1); Management Science and Operations Research (Q1); Strategy and Management (Q1)";"Business, Management and Accounting; Decision Sciences; Engineering"
75;27679;"Journal of Product Innovation Management";journal;"15405885, 07376782";"Wiley-Blackwell Publishing Ltd";No;No;2,758;Q1;189;38;122;3567;925;100;7,12;93,87;29,03;7;United Kingdom;Western Europe;"Wiley-Blackwell Publishing Ltd";"1984-2026";"Engineering (miscellaneous) (Q1); Management of Technology and Innovation (Q1); Strategy and Management (Q1)";"Business, Management and Accounting; Engineering"
76;21915;"Omega (United Kingdom)";journal;"03050483";"Elsevier B.V.";No;No;2,741;Q1;183;227;396;12185;3315;392;8,22;53,68;27,61;8;United Kingdom;Western Europe;"Elsevier B.V.";"1973-2026";"Information Systems and Management (Q1); Management Science and Operations Research (Q1); Strategy and Management (Q1)";"Business, Management and Accounting; Decision Sciences"
77;29400;"Journal of World Business";journal;"10909516";"Elsevier Inc.";No;No;2,727;Q1;158;63;177;7482;1518;172;6,80;118,76;33,52;16;United States;Northern America;"Elsevier Inc.";"1997-2026";"Business and International Management (Q1); Finance (Q1); Marketing (Q1)";"Business, Management and Accounting; Economics, Econometrics and Finance"
78;11800154593;"Strategic Organization";journal;"1741315X, 14761270";"SAGE Publications Ltd";No;No;2,719;Q1;88;34;72;2427;379;69;3,98;71,38;30,99;6;United Kingdom;Western Europe;"SAGE Publications Ltd";"2003-2026";"Business and International Management (Q1); Education (Q1); Industrial Relations (Q1); Strategy and Management (Q1)";"Business, Management and Accounting; Social Sciences"
79;20143;"Business and Society";journal;"00076503, 15524205";"SAGE Publications Ltd";No;No;2,717;Q1;114;63;145;5860;1064;137;7,00;93,02;39,19;23;United Kingdom;Western Europe;"SAGE Publications Ltd";"1960-1978, 1980-1981, 1983-2026";"Business, Management and Accounting (miscellaneous) (Q1); Social Sciences (miscellaneous) (Q1)";"Business, Management and Accounting; Social Sciences"
80;28179;"Journal of Advertising";journal;"15577805, 00913367";"Routledge";No;No;2,701;Q1;151;43;113;2704;738;108;4,99;62,88;43,30;5;United States;Northern America;"Routledge";"1972-2026";"Business and International Management (Q1); Communication (Q1); Marketing (Q1)";"Business, Management and Accounting; Social Sciences"
81;24718;"Human Resource Management";journal;"00904848, 1099050X";"Wiley-Liss Inc.";No;No;2,698;Q1;133;49;164;5400;1049;161;5,92;110,20;41,29;10;United States;Northern America;"Wiley-Liss Inc.";"1961-2026";"Applied Psychology (Q1); Management of Technology and Innovation (Q1); Organizational Behavior and Human Resource Management (Q1); Strategy and Management (Q1)";"Business, Management and Accounting; Psychology"
82;29104;"Small Business Economics";journal;"15730913, 0921898X";"Springer Netherlands";No;No;2,630;Q1;196;189;332;14791;2755;329;7,85;78,26;33,33;107;Netherlands;Western Europe;"Springer Netherlands";"1989-2026";"Business, Management and Accounting (miscellaneous) (Q1); Economics and Econometrics (Q1)";"Business, Management and Accounting; Economics, Econometrics and Finance"
83;24870;"Journal of Human Resources";journal;"15488004, 0022166X";"University of Wisconsin Press";No;No;2,559;Q1;135;37;126;1737;409;126;2,78;46,95;33,33;2;United States;Northern America;"University of Wisconsin Press";"1976-1982, 1988, 1990, 1992-2025";"Economics and Econometrics (Q1); Management of Technology and Innovation (Q1); Organizational Behavior and Human Resource Management (Q1); Strategy and Management (Q1)";"Business, Management and Accounting; Economics, Econometrics and Finance"
84;12303;"Information and Management";journal;"03787206";"Elsevier B.V.";No;No;2,558;Q1;214;122;279;11239;2874;276;9,39;92,12;32,29;8;Netherlands;Western Europe;"Elsevier B.V.";"1977-2026";"Information Systems (Q1); Information Systems and Management (Q1); Management Information Systems (Q1)";"Business, Management and Accounting; Computer Science; Decision Sciences"
85;22833;"International Journal of Research in Marketing";journal;"01678116";"Elsevier B.V.";No;No;2,530;Q1;135;61;131;4254;857;125;7,39;69,74;35,90;5;Netherlands;Western Europe;"Elsevier B.V.";"1984-2026";"Marketing (Q1)";"Business, Management and Accounting"
86;28686;"International Journal of Hospitality Management";journal;"02784319";"Elsevier Ltd";No;No;2,512;Q1;204;314;717;25228;6925;700;9,25;80,34;43,02;46;United Kingdom;Western Europe;"Elsevier Ltd";"1982-2026";"Strategy and Management (Q1); Tourism, Leisure and Hospitality Management (Q1)";"Business, Management and Accounting"
87;22990;"Journal of Retailing";journal;"00224359";"Elsevier B.V.";No;No;2,511;Q1;177;52;104;3257;736;87;7,73;62,63;34,07;8;United Kingdom;Western Europe;"Elsevier B.V.";"1981, 1985, 1993-2026";"Marketing (Q1)";"Business, Management and Accounting"
88;3600148105;"Human Resource Management Journal";journal;"17488583, 09545395";"John Wiley and Sons Inc";No;No;2,500;Q1;107;58;113;4088;763;112;6,24;70,48;43,53;13;United States;Northern America;"John Wiley and Sons Inc";"1990-2026";"Organizational Behavior and Human Resource Management (Q1)";"Business, Management and Accounting"
89;4000148307;"Family Business Review";journal;"17416248, 08944865";"SAGE Publications Inc.";No;No;2,499;Q1;140;21;68;2119;479;49;5,24;100,90;43,40;4;United States;Northern America;"SAGE Publications Inc.";"1988-2026";"Business, Management and Accounting (miscellaneous) (Q1); Finance (Q1)";"Business, Management and Accounting; Economics, Econometrics and Finance"
90;19696;"International Journal of Project Management";journal;"02637863";"Elsevier B.V.";No;No;2,495;Q1;200;73;196;6730;1817;188;8,67;92,19;32,65;7;United Kingdom;Western Europe;"Elsevier B.V.";"1983-2026";"Business and International Management (Q1); Management, Monitoring, Policy and Law (Q1); Management of Technology and Innovation (Q1)";"Business, Management and Accounting; Environmental Science"
91;14811;"Journal of Sustainable Tourism";journal;"09669582, 17477646";"Taylor and Francis Ltd.";No;No;2,476;Q1;168;91;364;7329;3974;360;11,75;80,54;49,76;31;United Kingdom;Western Europe;"Taylor and Francis Ltd.";"1993-2026";"Geography, Planning and Development (Q1); Tourism, Leisure and Hospitality Management (Q1)";"Business, Management and Accounting; Social Sciences"
92;23859;"Journal of Business Ethics";journal;"15730697, 01674544";"Springer Netherlands";No;No;2,438;Q1;304;318;1194;28878;8166;1164;5,83;90,81;39,88;62;Netherlands;Western Europe;"Springer Netherlands";"1982-2026";"Arts and Humanities (miscellaneous) (Q1); Business and International Management (Q1); Business, Management and Accounting (miscellaneous) (Q1); Economics and Econometrics (Q1); Law (Q1)";"Arts and Humanities; Business, Management and Accounting; Economics, Econometrics and Finance; Social Sciences"
93;19251;"Work, Employment and Society";journal;"14698722, 09500170";"SAGE Publications Ltd";No;No;2,405;Q1;112;64;188;3133;1027;184;5,46;48,95;63,16;33;United Kingdom;Western Europe;"SAGE Publications Ltd";"1987-2026";"Accounting (Q1); Economics and Econometrics (Q1); Organizational Behavior and Human Resource Management (Q1); Sociology and Political Science (Q1)";"Business, Management and Accounting; Economics, Econometrics and Finance; Social Sciences"
94;19680;"ILR Review";journal;"00197939, 2162271X";"SAGE Publications Ltd";No;No;2,398;Q1;100;45;136;2581;579;126;3,80;57,36;35,48;22;United States;Northern America;"SAGE Publications Ltd";"1958, 1960-1961, 1965-1966, 1969, 1971-1972, 1976, 1978, 1981-1982, 1984-1985, 1987, 1996-2026";"Management of Technology and Innovation (Q1); Organizational Behavior and Human Resource Management (Q1); Strategy and Management (Q1)";"Business, Management and Accounting"
95;130068;"European Business Review";journal;"0955534X";"Emerald Group Publishing Ltd.";No;No;2,387;Q1;65;40;133;3774;1486;129;14,40;94,35;41,35;0;United Kingdom;Western Europe;"Emerald Group Publishing Ltd.";"1970, 1989-2026";"Business and International Management (Q1); Business, Management and Accounting (miscellaneous) (Q1)";"Business, Management and Accounting"
96;23644;"Supply Chain Management";journal;"13598546";"Emerald Publishing";No;No;2,385;Q1;162;33;145;3000;1411;144;9,19;90,91;32,61;0;United Kingdom;Western Europe;"Emerald Publishing";"1996-2026";"Business, Management and Accounting (miscellaneous) (Q1); Strategy and Management (Q1)";"Business, Management and Accounting"
97;20209;"Business Horizons";journal;"00076813";"Elsevier Ltd";No;No;2,382;Q1;141;77;249;2834;2520;198;11,19;36,81;33,33;11;United Kingdom;Western Europe;"Elsevier Ltd";"1957-2026";"Business and International Management (Q1); Marketing (Q1)";"Business, Management and Accounting"
98;21100869398;"Work, Aging and Retirement";journal;"20544650";"Oxford University Press";No;No;2,380;Q1;45;27;77;2160;350;76;4,60;80,00;52,38;8;United States;Northern America;"Oxford University Press";"2015-2026";"Economics, Econometrics and Finance (miscellaneous) (Q1); Geriatrics and Gerontology (Q1); Industrial Relations (Q1); Life-span and Life-course Studies (Q1); Organizational Behavior and Human Resource Management (Q1); Sociology and Political Science (Q1)";"Business, Management and Accounting; Economics, Econometrics and Finance; Medicine; Social Sciences"
99;14704;"Technological Forecasting and Social Change";journal;"00401625";"Elsevier Inc.";No;No;2,336;Q1;241;718;1213;57529;13464;1188;10,54;80,12;33,83;188;United States;Northern America;"Elsevier Inc.";"1970-2026";"Applied Psychology (Q1); Business and International Management (Q1); Management of Technology and Innovation (Q1)";"Business, Management and Accounting; Psychology"
100;19250;"Work and Occupations";journal;"07308884, 15528464";"SAGE Publications Inc.";No;No;2,334;Q1;88;14;46;1027;198;46;2,83;73,36;51,72;5;United States;Northern America;"SAGE Publications Inc.";"1974-2026";"Organizational Behavior and Human Resource Management (Q1); Sociology and Political Science (Q1)";"Business, Management and Accounting; Social Sciences"
101;20550;"Journal of Business Research";journal;"01482963";"Elsevier Inc.";No;No;2,316;Q1;322;990;1787;85094;17179;1751;9,80;85,95;36,99;146;United States;Northern America;"Elsevier Inc.";"1973-2026";"Marketing (Q1)";"Business, Management and Accounting"
102;20039;"International Journal of Operations and Production Management";journal;"17586593, 01443577";"Emerald Group Publishing Ltd.";No;No;2,291;Q1;177;86;237;6861;1825;228;7,05;79,78;32,81;0;United Kingdom;Western Europe;"Emerald Group Publishing Ltd.";"1985, 1993-2026";"Decision Sciences (miscellaneous) (Q1); Management of Technology and Innovation (Q1); Strategy and Management (Q1)";"Business, Management and Accounting; Decision Sciences"
103;144742;"International Journal of Contemporary Hospitality Management";journal;"09596119";"Emerald Group Publishing Ltd.";No;No;2,288;Q1;155;192;608;15823;4877;600;7,58;82,41;40,28;0;United Kingdom;Western Europe;"Emerald Group Publishing Ltd.";"1989-2026";"Tourism, Leisure and Hospitality Management (Q1)";"Business, Management and Accounting"
104;16544;"Tourism Geographies";journal;"14701340, 14616688";"Routledge";No;No;2,273;Q1;105;38;198;2827;2400;150;16,51;74,39;43,24;9;United Kingdom;Western Europe;"Routledge";"1999-2026";"Geography, Planning and Development (Q1); Tourism, Leisure and Hospitality Management (Q1)";"Business, Management and Accounting; Social Sciences"
105;19900193252;"Journal of the American Taxation Association";journal;"15588017, 01989073";"American Accounting Association";No;No;2,271;Q1;36;11;36;632;57;32;0,88;57,45;25,00;0;United States;Northern America;"American Accounting Association";"1999, 2001, 2003-2004, 2007, 2009-2025";"Accounting (Q1); Finance (Q1)";"Business, Management and Accounting; Economics, Econometrics and Finance"
106;22992;"Journal of Retailing and Consumer Services";journal;"09696989";"Elsevier Ltd";No;No;2,261;Q1;190;424;721;33860;7205;716;9,80;79,86;37,78;37;United Kingdom;Western Europe;"Elsevier Ltd";"1994-2026";"Marketing (Q1)";"Business, Management and Accounting"
107;23406;"Business Strategy and the Environment";journal;"10990836, 09644733";"John Wiley and Sons Ltd";No;No;2,241;Q1;199;259;486;23392;4931;482;9,98;90,32;36,30;62;United Kingdom;Western Europe;"John Wiley and Sons Ltd";"1992-2026";"Business and International Management (Q1); Geography, Planning and Development (Q1); Management, Monitoring, Policy and Law (Q1); Strategy and Management (Q1)";"Business, Management and Accounting; Environmental Science; Social Sciences"
108;12815;"Journal of Information Technology";journal;"14664437, 02683962";"Palgrave Macmillan Ltd.";No;No;2,229;Q1;102;31;69;2392;544;55;4,33;77,16;22,22;4;United Kingdom;Western Europe;"Palgrave Macmillan Ltd.";"1987-2026";"Information Systems (Q1); Library and Information Sciences (Q1); Strategy and Management (Q1)";"Business, Management and Accounting; Computer Science; Social Sciences"
109;20891;"Transportation Research Part A: Policy and Practice";journal;"09658564";"Elsevier Ltd";No;No;2,228;Q1;199;227;927;13510;6783;912;7,07;59,52;30,91;86;United Kingdom;Western Europe;"Elsevier Ltd";"1992-2026";"Aerospace Engineering (Q1); Business, Management and Accounting (miscellaneous) (Q1); Civil and Structural Engineering (Q1); Management Science and Operations Research (Q1); Transportation (Q1)";"Business, Management and Accounting; Decision Sciences; Engineering; Social Sciences"
110;22792;"Industrial Marketing Management";journal;"00198501";"Elsevier Inc.";No;No;2,206;Q1;199;202;631;18294;4851;599;7,44;90,56;32,39;32;United States;Northern America;"Elsevier Inc.";"1971-2026";"Marketing (Q1)";"Business, Management and Accounting"
111;28094;"Accounting, Organizations and Society";journal;"03613682";"Elsevier Ltd";No;No;2,204;Q1;170;37;120;2819;505;111;3,66;76,19;40,74;3;United Kingdom;Western Europe;"Elsevier Ltd";"1976-2026";"Accounting (Q1); Applied Psychology (Q1); Information Systems and Management (Q1); Organizational Behavior and Human Resource Management (Q1); Sociology and Political Science (Q1)";"Business, Management and Accounting; Decision Sciences; Psychology; Social Sciences"
112;22972;"Journal of Purchasing and Supply Management";journal;"14784092";"Elsevier Ltd";No;No;2,204;Q1;109;30;116;2346;728;109;6,45;78,20;30,88;3;United Kingdom;Western Europe;"Elsevier Ltd";"2003-2026";"Marketing (Q1); Strategy and Management (Q1)";"Business, Management and Accounting"
113;15074;"European Journal of Information Systems";journal;"0960085X, 14769344";"Taylor and Francis Ltd.";No;No;2,201;Q1;151;35;121;3062;1171;107;10,92;87,49;31,11;0;United Kingdom;Western Europe;"Taylor and Francis Ltd.";"1995-2026";"Information Systems (Q1); Information Systems and Management (Q1); Library and Information Sciences (Q1); Management Information Systems (Q1)";"Business, Management and Accounting; Computer Science; Decision Sciences; Social Sciences"
114;24772;"Knowledge-Based Systems";journal;"09507051";"Elsevier B.V.";No;No;2,192;Q1;206;877;1536;49384;13996;1534;8,60;56,31;29,59;7;Netherlands;Western Europe;"Elsevier B.V.";"1987-2026";"Artificial Intelligence (Q1); Information Systems and Management (Q1); Management Information Systems (Q1); Software (Q1)";"Business, Management and Accounting; Computer Science; Decision Sciences"
115;74502;"Financial Management";journal;"1755053X, 00463892";"John Wiley and Sons Inc";No;No;2,180;Q1;88;36;105;2019;343;104;3,49;56,08;24,49;9;United States;Northern America;"John Wiley and Sons Inc";"1996-2026";"Accounting (Q1); Economics and Econometrics (Q1); Finance (Q1)";"Business, Management and Accounting; Economics, Econometrics and Finance"
116;21100932830;"Journal of Innovation and Knowledge";journal;"2444569X, 25307614";"Elsevier B.V.";Yes;No;2,167;Q1;89;28;84;2221;920;83;10,23;79,32;35,56;8;Netherlands;Western Europe;"Elsevier B.V.";"2016-2026";"Business and International Management (Q1); Economics and Econometrics (Q1); Management of Technology and Innovation (Q1); Marketing (Q1)";"Business, Management and Accounting; Economics, Econometrics and Finance"
117;24900;"Real Estate Economics";journal;"15406229, 10808620";"Wiley-Blackwell Publishing Ltd";No;No;2,128;Q1;76;60;92;2375;224;91;2,40;39,58;17,99;26;United Kingdom;Western Europe;"Wiley-Blackwell Publishing Ltd";"1973-2026";"Accounting (Q1); Economics and Econometrics (Q1); Finance (Q1)";"Business, Management and Accounting; Economics, Econometrics and Finance"
118;19900192439;"IMF Economic Review";journal;"2041417X, 20414161";"Palgrave Macmillan Ltd.";No;No;2,107;Q1;88;23;75;963;201;68;2,18;41,87;23,40;16;United Kingdom;Western Europe;"Palgrave Macmillan Ltd.";"2010-2026";"Business, Management and Accounting (miscellaneous) (Q1); Economics, Econometrics and Finance (miscellaneous) (Q1)";"Business, Management and Accounting; Economics, Econometrics and Finance"
119;17496;"Journal of Corporate Finance";journal;"09291199";"Elsevier B.V.";No;No;2,103;Q1;166;281;471;19470;2429;469;4,21;69,29;26,70;82;Netherlands;Western Europe;"Elsevier B.V.";"1994-2026";"Business and International Management (Q1); Economics and Econometrics (Q1); Finance (Q1); Strategy and Management (Q1)";"Business, Management and Accounting; Economics, Econometrics and Finance"
120;14726;"Technovation";journal;"01664972";"Elsevier Ltd";No;No;2,069;Q1;180;94;114;9040;1086;105;10,38;96,17;31,35;28;United Kingdom;Western Europe;"Elsevier Ltd";"1981-2026";"Engineering (miscellaneous) (Q1); Management of Technology and Innovation (Q1)";"Business, Management and Accounting; Engineering"
121;21100934923;"IEEE Communications Standards Magazine";journal;"24712825";"Institute of Electrical and Electronics Engineers Inc.";No;No;2,063;Q1;50;75;145;904;589;92;3,33;12,05;18,60;0;United States;Northern America;"Institute of Electrical and Electronics Engineers Inc.";"2017-2026";"Computer Networks and Communications (Q1); Law (Q1); Management of Technology and Innovation (Q1); Safety, Risk, Reliability and Quality (Q1)";"Business, Management and Accounting; Computer Science; Engineering; Social Sciences"
122;27663;"Journal of Conflict Resolution";journal;"15528766, 00220027";"SAGE Publications Inc.";No;No;2,062;Q1;138;67;241;4392;870;240;3,32;65,55;30,58;37;United States;Northern America;"SAGE Publications Inc.";"1957-2026";"Business, Management and Accounting (miscellaneous) (Q1); Political Science and International Relations (Q1); Sociology and Political Science (Q1)";"Business, Management and Accounting; Social Sciences"
123;14812;"Journal of Travel and Tourism Marketing";journal;"10548408, 15407306";"Routledge";No;No;2,054;Q1;118;64;230;4935;1789;225;7,62;77,11;41,52;10;United States;Northern America;"Routledge";"1992-2025";"Marketing (Q1); Tourism, Leisure and Hospitality Management (Q1)";"Business, Management and Accounting"
124;15821;"Journal of Policy Analysis and Management";journal;"02768739, 15206688";"Wiley-Liss Inc.";No;No;2,052;Q1;109;63;179;2617;497;128;2,62;41,54;43,48;32;United States;Northern America;"Wiley-Liss Inc.";"1981-2026";"Business, Management and Accounting (miscellaneous) (Q1); Public Administration (Q1); Sociology and Political Science (Q1)";"Business, Management and Accounting; Social Sciences"
125;20842;"British Journal of Management";journal;"10453172, 14678551";"Wiley-Blackwell Publishing Ltd";No;No;2,047;Q1;149;74;151;6654;981;149;6,36;89,92;38,50;12;United Kingdom;Western Europe;"Wiley-Blackwell Publishing Ltd";"1990-2026";"Business, Management and Accounting (miscellaneous) (Q1); Management of Technology and Innovation (Q1); Strategy and Management (Q1)";"Business, Management and Accounting"
126;21100405117;"Organizational Psychology Review";journal;"20413866, 20413874";"SAGE Publications Inc.";No;No;2,014;Q1;51;12;32;1634;136;28;4,22;136,17;56,52;4;United Kingdom;Western Europe;"SAGE Publications Inc.";"2011-2026";"Applied Psychology (Q1); Organizational Behavior and Human Resource Management (Q1); Social Psychology (Q1)";"Business, Management and Accounting; Psychology"
127;17627;"New Technology, Work and Employment";journal;"02681072, 1468005X";"Wiley-Blackwell Publishing Ltd";No;No;2,011;Q1;72;19;58;1152;385;58;4,76;60,63;35,71;9;United Kingdom;Western Europe;"Wiley-Blackwell Publishing Ltd";"1986-2026";"Human Factors and Ergonomics (Q1); Management of Technology and Innovation (Q1); Strategy and Management (Q1)";"Business, Management and Accounting; Social Sciences"
128;19700183600;"Journal of Hospitality Marketing and Management";journal;"19368631, 19368623";"Routledge";No;No;1,999;Q1;95;42;144;3652;1315;141;9,57;86,95;33,63;2;United States;Northern America;"Routledge";"2009-2026";"Management Information Systems (Q1); Marketing (Q1); Tourism, Leisure and Hospitality Management (Q1)";"Business, Management and Accounting"
129;22944;"Journal of International Marketing";journal;"15477215, 1069031X";"SAGE Publications Ltd";No;No;1,992;Q1;113;21;60;1654;346;56;3,95;78,76;29,17;0;United States;Northern America;"SAGE Publications Ltd";"1995-2026";"Business and International Management (Q1); Economics and Econometrics (Q1); Marketing (Q1)";"Business, Management and Accounting; Economics, Econometrics and Finance"
130;22706;"International Journal of Forecasting";journal;"01692070";"Elsevier B.V.";No;No;1,990;Q1;135;124;296;5082;1541;257;5,31;40,98;19,00;43;Netherlands;Western Europe;"Elsevier B.V.";"1985-2026";"Business and International Management (Q1)";"Business, Management and Accounting"
131;19700201522;"Journal of Business Logistics";journal;"21581592, 07353766";"John Wiley &amp; Sons Inc.";No;No;1,985;Q1;107;25;64;2027;330;49;5,00;81,08;21,21;10;United States;Northern America;"John Wiley &amp; Sons Inc.";"2001-2026";"Business, Management and Accounting (miscellaneous) (Q1); Management Science and Operations Research (Q1)";"Business, Management and Accounting; Decision Sciences"
132;21933;"Decision Support Systems";journal;"01679236";"Elsevier B.V.";No;No;1,973;Q1;203;121;334;6697;2813;332;7,31;55,35;24,06;7;Netherlands;Western Europe;"Elsevier B.V.";"1985-2026";"Arts and Humanities (miscellaneous) (Q1); Developmental and Educational Psychology (Q1); Information Systems (Q1); Information Systems and Management (Q1); Management Information Systems (Q1)";"Arts and Humanities; Business, Management and Accounting; Computer Science; Decision Sciences; Psychology"
133;30017;"Journal of Occupational and Organizational Psychology";journal;"20448325, 09631798";"Wiley-Blackwell";No;No;1,971;Q1;152;34;120;3006;592;119;4,09;88,41;54,76;11;United States;Northern America;"Wiley-Blackwell";"1992-2026";"Applied Psychology (Q1); Organizational Behavior and Human Resource Management (Q1)";"Business, Management and Accounting; Psychology"
134;144922;"International Journal of Physical Distribution and Logistics Management";journal;"09600035";"Emerald Group Publishing Ltd.";No;No;1,950;Q1;151;50;144;3236;1043;131;5,54;64,72;38,21;0;United Kingdom;Western Europe;"Emerald Group Publishing Ltd.";"1990-2026";"Management of Technology and Innovation (Q1); Transportation (Q1)";"Business, Management and Accounting; Social Sciences"
135;21873;"Corporate Social Responsibility and Environmental Management";journal;"15353958, 15353966";"John Wiley and Sons Ltd";No;No;1,945;Q1;146;142;452;11130;3733;450;8,13;78,38;38,65;17;United Kingdom;Western Europe;"John Wiley and Sons Ltd";"2003-2026";"Development (Q1); Management, Monitoring, Policy and Law (Q1); Strategy and Management (Q1)";"Business, Management and Accounting; Environmental Science; Social Sciences"
136;19167;"Journal of Cleaner Production";journal;"09596526, 18791786";"Elsevier Ltd";Yes;No;1,921;Q1;397;5327;12745;362574;142679;12724;10,93;68,06;34,50;747;United Kingdom;Western Europe;"Elsevier Ltd";"1993-2026";"Environmental Science (miscellaneous) (Q1); Industrial and Manufacturing Engineering (Q1); Renewable Energy, Sustainability and the Environment (Q1); Strategy and Management (Q1)";"Business, Management and Accounting; Energy; Engineering; Environmental Science"
137;18644;"Journal of Manufacturing Technology Management";journal;"1741038X";"Emerald Group Publishing Ltd.";No;No;1,898;Q1;108;73;206;5242;1831;200;8,58;71,81;30,26;0;United Kingdom;Western Europe;"Emerald Group Publishing Ltd.";"2004-2026";"Computer Science Applications (Q1); Control and Systems Engineering (Q1); Industrial and Manufacturing Engineering (Q1); Software (Q1); Strategy and Management (Q1)";"Business, Management and Accounting; Computer Science; Engineering"
138;7100153132;"Human Resource Development Review";journal;"15526712, 15344843";"SAGE Publications Ltd";No;No;1,874;Q1;74;22;56;1916;281;45;5,14;87,09;47,06;3;United Kingdom;Western Europe;"SAGE Publications Ltd";"2002-2026";"Organizational Behavior and Human Resource Management (Q1)";"Business, Management and Accounting"
139;5600155055;"Review of Public Personnel Administration";journal;"1552759X, 0734371X";"SAGE Publications Inc.";No;No;1,853;Q1;68;35;79;2690;417;78;4,74;76,86;46,43;0;United States;Northern America;"SAGE Publications Inc.";"1980-2026";"Organizational Behavior and Human Resource Management (Q1); Public Administration (Q1)";"Business, Management and Accounting; Social Sciences"
140;28324;"Current Issues in Tourism";journal;"17477603, 13683500";"Routledge";No;No;1,838;Q1;135;245;526;13942;3711;402;6,81;56,91;39,16;28;United Kingdom;Western Europe;"Routledge";"1998-2026";"Geography, Planning and Development (Q1); Tourism, Leisure and Hospitality Management (Q1)";"Business, Management and Accounting; Social Sciences"
141;29139;"Public Relations Review";journal;"03638111";"Elsevier B.V.";No;No;1,829;Q1;118;106;257;7768;1290;255;4,90;73,28;56,77;6;Netherlands;Western Europe;"Elsevier B.V.";"1975-2026";"Communication (Q1); Marketing (Q1); Organizational Behavior and Human Resource Management (Q1)";"Business, Management and Accounting; Social Sciences"
142;28552;"International Small Business Journal: Researching Entrepreneurship";journal;"02662426, 17412870";"SAGE Publications Ltd";No;No;1,819;Q1;126;35;113;2791;788;111;6,93;79,74;47,06;20;United Kingdom;Western Europe;"SAGE Publications Ltd";"1982-2026";"Business and International Management (Q1)";"Business, Management and Accounting"
143;21100886545;"Journal of Interactive Advertising";journal;"15252019";"Taylor and Francis Ltd.";No;No;1,813;Q1;32;23;52;1431;336;48;6,90;62,22;45,45;3;United Kingdom;Western Europe;"Taylor and Francis Ltd.";"2007, 2013, 2018-2026";"Communication (Q1); Marketing (Q1)";"Business, Management and Accounting; Social Sciences"
144;17557;"Journal of Money, Credit and Banking";journal;"15384616, 00222879";"Wiley-Blackwell";No;No;1,796;Q1;133;72;231;3138;399;228;1,52;43,58;17,65;42;United States;Northern America;"Wiley-Blackwell";"1996-2026";"Accounting (Q1); Economics and Econometrics (Q1); Finance (Q1)";"Business, Management and Accounting; Economics, Econometrics and Finance"
145;24928;"Service Industries Journal";journal;"17439507, 02642069";"Taylor and Francis Ltd.";No;No;1,796;Q1;98;51;168;4454;1166;162;8,08;87,33;39,42;4;United Kingdom;Western Europe;"Taylor and Francis Ltd.";"1983-2026";"Management of Technology and Innovation (Q1); Strategy and Management (Q1)";"Business, Management and Accounting"
146;4700152638;"Review of International Organizations";journal;"1559744X, 15597431";"Springer";No;No;1,783;Q1;61;33;80;2398;404;74;5,50;72,67;42,42;19;United States;Northern America;"Springer";"2006-2026";"Economics and Econometrics (Q1); Organizational Behavior and Human Resource Management (Q1); Political Science and International Relations (Q1)";"Business, Management and Accounting; Economics, Econometrics and Finance; Social Sciences"
147;28561;"Auditing";journal;"15587991, 02780380";"American Accounting Association";No;No;1,777;Q1;111;28;113;1936;370;111;3,17;69,14;33,33;0;United States;Northern America;"American Accounting Association";"1996-2026";"Accounting (Q1); Economics and Econometrics (Q1); Finance (Q1)";"Business, Management and Accounting; Economics, Econometrics and Finance"
148;22322;"Organization";journal;"13505084, 14617323";"SAGE Publications Ltd";No;No;1,770;Q1;130;52;147;4313;574;143;3,56;82,94;46,15;14;United Kingdom;Western Europe;"SAGE Publications Ltd";"1994-2026";"Business, Management and Accounting (miscellaneous) (Q1); Management of Technology and Innovation (Q1); Strategy and Management (Q1)";"Business, Management and Accounting"
149;20662;"Entrepreneurship and Regional Development";journal;"14645114, 08985626";"Routledge";No;No;1,767;Q1;125;43;142;3653;883;131;6,08;84,95;48,82;8;United Kingdom;Western Europe;"Routledge";"1989-2026";"Business and International Management (Q1); Development (Q1); Economics and Econometrics (Q1)";"Business, Management and Accounting; Economics, Econometrics and Finance; Social Sciences"
150;5200152701;"Academy of Management Learning and Education";journal;"1537260X";"George Washington University";No;No;1,761;Q1;106;30;109;2778;422;100;3,84;92,60;50,62;2;United States;Northern America;"George Washington University";"2003, 2005-2025";"Education (Q1); Organizational Behavior and Human Resource Management (Q1)";"Business, Management and Accounting; Social Sciences"
151;21100202157;"Tourism Management Perspectives";journal;"22119736";"Elsevier B.V.";No;No;1,761;Q1;104;127;342;11221;2742;340;7,45;88,35;40,61;16;Netherlands;Western Europe;"Elsevier B.V.";"2012-2026";"Tourism, Leisure and Hospitality Management (Q1)";"Business, Management and Accounting"
152;21100228536;"Journal of Destination Marketing and Management";journal;"2212571X";"Elsevier Ltd";No;No;1,754;Q1;100;124;277;10579;2241;276;6,74;85,31;40,79;15;United Kingdom;Western Europe;"Elsevier Ltd";"2012-2026";"Business and International Management (Q1); Marketing (Q1); Strategy and Management (Q1); Tourism, Leisure and Hospitality Management (Q1)";"Business, Management and Accounting"
153;144668;"Journal of Knowledge Management";journal;"17587484, 13673270";"Emerald Publishing";No;No;1,743;Q1;161;70;348;7001;2368;344;5,95;100,01;38,12;0;United Kingdom;Western Europe;"Emerald Publishing";"1997-2026";"Management of Technology and Innovation (Q1); Strategy and Management (Q1)";"Business, Management and Accounting"
154;10600153348;"International Journal of Advertising";journal;"17593948, 02650487";"Taylor and Francis Ltd.";No;No;1,741;Q1;95;61;193;3925;939;172;4,93;64,34;53,79;8;United Kingdom;Western Europe;"Taylor and Francis Ltd.";"1982-2026";"Communication (Q1); Marketing (Q1)";"Business, Management and Accounting; Social Sciences"
155;28945;"Industrial and Corporate Change";journal;"14643650, 09606491";"Oxford University Press";No;No;1,735;-;137;86;197;6417;720;194;2,76;74,62;30,21;35;United Kingdom;Western Europe;"Oxford University Press";"1992-2026";"Economics and Econometrics (Q1)";"Economics, Econometrics and Finance"
156;21100369735;"Journal of Business Venturing Insights";journal;"23526734";"Elsevier Inc.";No;No;1,722;Q1;53;74;129;3845;772;127;6,30;51,96;33,33;18;United States;Northern America;"Elsevier Inc.";"2014-2026";"Business and International Management (Q1); Management of Technology and Innovation (Q1)";"Business, Management and Accounting"
157;19691;"International Journal of Electronic Commerce";journal;"10864415, 15579301";"M.E. Sharpe Inc.";No;No;1,719;Q1;104;26;70;1642;373;61;5,65;63,15;35,29;0;United States;Northern America;"M.E. Sharpe Inc.";"1996-2025";"Business and International Management (Q1); Economics and Econometrics (Q1)";"Business, Management and Accounting; Economics, Econometrics and Finance"
158;17500155110;"Foundations and Trends in Entrepreneurship";journal;"15513114, 15513122";"Now Publishers Inc";No;No;1,714;Q1;42;7;20;1455;109;19;2,40;207,86;23,08;2;United States;Northern America;"Now Publishers Inc";"2005-2025";"Business and International Management (Q1); Economics and Econometrics (Q1)";"Business, Management and Accounting; Economics, Econometrics and Finance"
159;16800154723;"Marketing Theory";journal;"14705931, 1741301X";"SAGE Publications Ltd";No;No;1,699;Q1;89;29;92;2253;331;80;3,37;77,69;46,15;1;United Kingdom;Western Europe;"SAGE Publications Ltd";"2001-2026";"Marketing (Q1)";"Business, Management and Accounting"
160;23665;"International Business Review";journal;"09695931";"Elsevier Ltd";No;No;1,690;Q1;142;84;272;9322;1892;271;6,92;110,98;36,49;10;United Kingdom;Western Europe;"Elsevier Ltd";"1993-2026";"Business and International Management (Q1); Finance (Q1); Marketing (Q1)";"Business, Management and Accounting; Economics, Econometrics and Finance"
161;21926;"Decision Sciences";journal;"00117315, 15405915";"Wiley-Blackwell Publishing Ltd";No;No;1,674;Q1;134;47;122;3052;534;121;4,41;64,94;22,58;2;United Kingdom;Western Europe;"Wiley-Blackwell Publishing Ltd";"1970-2026";"Business, Management and Accounting (miscellaneous) (Q1); Information Systems and Management (Q1); Management of Technology and Innovation (Q1); Strategy and Management (Q1)";"Business, Management and Accounting; Decision Sciences"
162;18658;"Production Planning and Control";journal;"09537287, 13665871";"Taylor and Francis Ltd.";No;No;1,661;Q1;121;80;284;6964;2028;272;5,62;87,05;28,63;8;United Kingdom;Western Europe;"Taylor and Francis Ltd.";"1990-2026";"Computer Science Applications (Q1); Industrial and Manufacturing Engineering (Q1); Management Science and Operations Research (Q1); Strategy and Management (Q1)";"Business, Management and Accounting; Computer Science; Decision Sciences; Engineering"
163;4700152304;"European Journal of Work and Organizational Psychology";journal;"1359432X, 14640643";"Routledge";No;No;1,660;Q1;107;64;192;5581;908;190;4,86;87,20;52,36;0;United Kingdom;Western Europe;"Routledge";"2005-2026";"Applied Psychology (Q1); Organizational Behavior and Human Resource Management (Q1)";"Business, Management and Accounting; Psychology"
164;20639;"Journal of Management Inquiry";journal;"15526542, 10564926";"SAGE Publications Inc.";No;No;1,658;Q1;85;43;151;2509;457;148;2,71;58,35;45,71;5;United States;Northern America;"SAGE Publications Inc.";"1992-2026";"Business, Management and Accounting (miscellaneous) (Q1); Management of Technology and Innovation (Q1); Strategy and Management (Q1)";"Business, Management and Accounting"
165;14733;"Financial Analysts Journal";journal;"0015198X";"Taylor and Francis Ltd.";No;No;1,657;Q1;99;27;93;1071;246;78;2,24;39,67;21,21;0;United Kingdom;Western Europe;"Taylor and Francis Ltd.";"1996-2026";"Accounting (Q1); Economics and Econometrics (Q1); Finance (Q1)";"Business, Management and Accounting; Economics, Econometrics and Finance"
166;16956;"Cities";journal;"02642751";"Elsevier Ltd";No;No;1,656;Q1;162;379;958;26115;6704;951;6,44;68,91;39,41;103;United Kingdom;Western Europe;"Elsevier Ltd";"1983-2026";"Development (Q1); Sociology and Political Science (Q1); Tourism, Leisure and Hospitality Management (Q1); Urban Studies (Q1)";"Business, Management and Accounting; Social Sciences"
167;28988;"Journal of Economics and Management Strategy";journal;"15309134, 10586407";"Wiley-Blackwell Publishing Ltd";No;No;1,650;Q1;85;40;126;1835;285;126;2,16;45,88;18,18;9;United Kingdom;Western Europe;"Wiley-Blackwell Publishing Ltd";"1992-2026";"Business, Management and Accounting (miscellaneous) (Q1); Economics and Econometrics (Q1); Management of Technology and Innovation (Q1); Strategy and Management (Q1)";"Business, Management and Accounting; Economics, Econometrics and Finance"
168;12512;"Journal of Management in Engineering";journal;"19435479, 0742597X";"American Society of Civil Engineers (ASCE)";No;No;1,619;Q1;112;116;287;8264;1833;286;6,22;71,24;30,72;0;United States;Northern America;"American Society of Civil Engineers (ASCE)";"1985-2026";"Engineering (miscellaneous) (Q1); Industrial Relations (Q1); Management Science and Operations Research (Q1); Strategy and Management (Q1)";"Business, Management and Accounting; Decision Sciences; Engineering"
169;29861;"Organization and Environment";journal;"15527417, 10860266";"SAGE Publications Inc.";No;No;1,616;Q1;91;30;74;1974;414;71;5,34;65,80;43,04;8;United States;Northern America;"SAGE Publications Inc.";"1987-2026";"Environmental Science (miscellaneous) (Q1); Organizational Behavior and Human Resource Management (Q1)";"Business, Management and Accounting; Environmental Science"
170;16051;"American Review of Public Administration";journal;"15523357, 02750740";"SAGE Publications Inc.";No;No;1,612;Q1;90;41;210;3119;943;206;4,84;76,07;38,96;11;United States;Northern America;"SAGE Publications Inc.";"1967-1983, 1987-2026";"Marketing (Q1); Public Administration (Q1); Sociology and Political Science (Q1)";"Business, Management and Accounting; Social Sciences"
171;21100255484;"Journal of Hospitality and Tourism Management";journal;"18395260, 14476770";"Elsevier Ltd";No;No;1,611;Q1;98;215;278;16760;2008;274;6,68;77,95;45,01;12;United Kingdom;Western Europe;"Elsevier Ltd";"2006-2026";"Tourism, Leisure and Hospitality Management (Q1)";"Business, Management and Accounting"
172;144651;"Journal of Technology Transfer";journal;"08929912, 15737047";"Springer";No;No;1,609;Q1;115;76;225;6100;1406;224;6,06;80,26;32,43;36;United States;Northern America;"Springer";"1977-2026";"Accounting (Q1); Business and International Management (Q1); Engineering (miscellaneous) (Q1)";"Business, Management and Accounting; Engineering"
173;21101058910;"Internet of Things (The Netherlands)";journal;"25426605";"Elsevier B.V.";No;No;1,607;Q1;87;118;214;5768;1983;208;8,75;48,88;18,63;5;Netherlands;Western Europe;"Elsevier B.V.";"2018-2026";"Artificial Intelligence (Q1); Computer Science Applications (Q1); Computer Science (miscellaneous) (Q1); Engineering (miscellaneous) (Q1); Hardware and Architecture (Q1); Information Systems (Q1); Management of Technology and Innovation (Q1); Software (Q1)";"Business, Management and Accounting; Computer Science; Engineering"
174;17743;"British Journal of Industrial Relations";journal;"14678543, 00071080";"Wiley-Blackwell Publishing Ltd";No;No;1,599;Q1;85;39;95;2669;301;94;2,34;68,44;38,30;26;United Kingdom;Western Europe;"Wiley-Blackwell Publishing Ltd";"1963, 1965, 1967-1968, 1970-2026";"Business, Management and Accounting (miscellaneous) (Q1); Management of Technology and Innovation (Q1); Organizational Behavior and Human Resource Management (Q1)";"Business, Management and Accounting"
175;130049;"Journal of Services Marketing";journal;"08876045";"Emerald Group Publishing Ltd.";No;No;1,599;Q1;137;56;246;4411;1136;241;3,84;78,77;59,54;0;United Kingdom;Western Europe;"Emerald Group Publishing Ltd.";"1987-2026";"Marketing (Q1)";"Business, Management and Accounting"
176;18997;"ACM Transactions on Information Systems";journal;"10468188, 15582868";"Association for Computing Machinery";No;No;1,585;Q1;107;45;121;2881;797;121;6,61;64,02;30,18;0;United States;Northern America;"Association for Computing Machinery";"1983-2026";"Business, Management and Accounting (miscellaneous) (Q1); Computer Science Applications (Q1); Information Systems (Q1)";"Business, Management and Accounting; Computer Science"
177;12100156754;"Sport Management Review";journal;"14413523";"Taylor and Francis Ltd.";No;No;1,579;Q1;93;40;169;2992;981;168;4,73;74,80;37,38;4;United Kingdom;Western Europe;"Taylor and Francis Ltd.";"1998-2026";"Business and International Management (Q1); Management Science and Operations Research (Q1); Marketing (Q1); Organizational Behavior and Human Resource Management (Q1); Sports Science (Q1); Strategy and Management (Q1); Tourism, Leisure and Hospitality Management (Q1)";"Business, Management and Accounting; Decision Sciences; Health Professions"
178;4700152631;"International Entrepreneurship and Management Journal";journal;"15547191, 15551938";"Springer";No;No;1,578;Q1;97;80;185;7313;1318;180;6,65;91,41;43,38;10;United States;Northern America;"Springer";"2006-2026";"Management Information Systems (Q1); Management of Technology and Innovation (Q1)";"Business, Management and Accounting"
179;19700201414;"Journal of Research in Interactive Marketing";journal;"20407122";"Emerald Group Publishing Ltd.";No;No;1,563;Q1;80;37;79;2960;633;79;7,75;80,00;52,33;0;United Kingdom;Western Europe;"Emerald Group Publishing Ltd.";"2010-2026";"Marketing (Q1)";"Business, Management and Accounting"
180;20532;"Journal of Air Transport Management";journal;"09696997";"Elsevier Ltd";No;No;1,556;Q1;107;140;365;8064;2175;360;5,99;57,60;27,13;28;United Kingdom;Western Europe;"Elsevier Ltd";"1994-1995, 1997-2026";"Law (Q1); Management, Monitoring, Policy and Law (Q1); Strategy and Management (Q1); Transportation (Q1)";"Business, Management and Accounting; Environmental Science; Social Sciences"
181;27365;"World Bank Economic Review";journal;"1564698X, 02586770";"Oxford University Press";No;No;1,546;Q1;111;49;125;2111;315;124;2,16;43,08;38,36;48;United Kingdom;Western Europe;"Oxford University Press";"1986-2026";"Accounting (Q1); Development (Q1); Economics and Econometrics (Q1); Finance (Q1)";"Business, Management and Accounting; Economics, Econometrics and Finance; Social Sciences"
182;24840;"International Journal of Human Resource Management";journal;"09585192, 14664399";"Routledge";No;No;1,544;Q1;158;167;382;13757;1934;365;4,90;82,38;46,70;32;United Kingdom;Western Europe;"Routledge";"1990-2026";"Business and International Management (Q1); Industrial Relations (Q1); Management of Technology and Innovation (Q1); Organizational Behavior and Human Resource Management (Q1); Strategy and Management (Q1)";"Business, Management and Accounting"
183;22717;"Business Ethics Quarterly";journal;"1052150X, 21533326";"Cambridge University Press";No;No;1,535;Q1;103;22;63;1913;182;56;2,60;86,95;22,58;4;United Kingdom;Western Europe;"Cambridge University Press";"1993, 1996-2026";"Business, Management and Accounting (miscellaneous) (Q1); Economics and Econometrics (Q1); Philosophy (Q1)";"Arts and Humanities; Business, Management and Accounting; Economics, Econometrics and Finance"
184;19088;"Governance";journal;"09521895, 14680491";"Wiley-Blackwell Publishing Ltd";No;No;1,525;Q1;103;58;129;3677;484;128;3,24;63,40;38,93;22;United Kingdom;Western Europe;"Wiley-Blackwell Publishing Ltd";"1988-2026";"Marketing (Q1); Public Administration (Q1); Sociology and Political Science (Q1)";"Business, Management and Accounting; Social Sciences"
185;21101021536;"Journal of Industrial Integration and Management";journal;"24248630, 24248622";"World Scientific";No;No;1,517;Q1;32;25;60;1589;490;59;9,89;63,56;19,15;0;Singapore;Asiatic Region;"World Scientific";"2016-2026";"Business and International Management (Q1); Engineering (miscellaneous) (Q1); Management of Technology and Innovation (Q1); Strategy and Management (Q1)";"Business, Management and Accounting; Engineering"
186;29806;"International Journal of Accounting Information Systems";journal;"14670895";"Elsevier Inc.";No;No;1,516;Q1;74;17;57;1315;394;55;5,78;77,35;35,29;1;United States;Northern America;"Elsevier Inc.";"2000-2026";"Accounting (Q1); Finance (Q1); Information Systems and Management (Q1); Management Information Systems (Q1)";"Business, Management and Accounting; Decision Sciences; Economics, Econometrics and Finance"
187;29412;"Group and Organization Management";journal;"15523993, 10596011";"SAGE Publications Inc.";No;No;1,502;Q1;113;34;96;3233;371;87;3,69;95,09;50,00;4;United States;Northern America;"SAGE Publications Inc.";"1976-2026";"Applied Psychology (Q1); Arts and Humanities (miscellaneous) (Q1); Organizational Behavior and Human Resource Management (Q1)";"Arts and Humanities; Business, Management and Accounting; Psychology"
188;19700201449;"International Journal of Logistics Management";journal;"17586550, 09574093";"Emerald Group Publishing Ltd.";No;No;1,498;Q1;108;51;174;4076;1127;167;4,28;79,92;26,49;0;United Kingdom;Western Europe;"Emerald Group Publishing Ltd.";"1990-2026";"Business and International Management (Q1); Transportation (Q1)";"Business, Management and Accounting; Social Sciences"
189;18961;"European Journal of Industrial Relations";journal;"14617129, 09596801";"SAGE Publications Ltd";No;No;1,494;Q1;53;24;83;1101;211;73;2,69;45,88;50,00;12;United Kingdom;Western Europe;"SAGE Publications Ltd";"1995-2026";"Business, Management and Accounting (miscellaneous) (Q1); Management of Technology and Innovation (Q1); Organizational Behavior and Human Resource Management (Q1); Strategy and Management (Q1)";"Business, Management and Accounting"
190;14453;"Emerging Markets Review";journal;"18736173, 15660141";"Elsevier B.V.";No;No;1,491;Q1;83;61;166;4084;770;166;3,81;66,95;41,32;8;Netherlands;Western Europe;"Elsevier B.V.";"2000-2026";"Business and International Management (Q1); Economics and Econometrics (Q1)";"Business, Management and Accounting; Economics, Econometrics and Finance"
191;19875;"Journal of Common Market Studies";journal;"14685965, 00219886";"Wiley-Blackwell Publishing Ltd";No;No;1,491;Q1;118;103;310;5419;1191;304;2,71;52,61;36,31;43;United Kingdom;Western Europe;"Wiley-Blackwell Publishing Ltd";"1962-2026";"Business and International Management (Q1); Business, Management and Accounting (miscellaneous) (Q1); Economics and Econometrics (Q1); Political Science and International Relations (Q1)";"Business, Management and Accounting; Economics, Econometrics and Finance; Social Sciences"
192;21283;"Management Learning";journal;"14617307, 13505076";"SAGE Publications Ltd";No;No;1,488;Q1;96;33;98;2490;380;93;3,47;75,45;53,62;1;United Kingdom;Western Europe;"SAGE Publications Ltd";"1970-2026";"Decision Sciences (miscellaneous) (Q1); Management of Technology and Innovation (Q1); Strategy and Management (Q1)";"Business, Management and Accounting; Decision Sciences"
193;21100248909;"Tourism Review";journal;"17598451, 16605373";"Emerald Group Publishing Ltd.";No;No;1,484;Q1;82;68;234;4839;1398;229;5,78;71,16;39,25;0;United Kingdom;Western Europe;"Emerald Group Publishing Ltd.";"2001-2026";"Geography, Planning and Development (Q1); Tourism, Leisure and Hospitality Management (Q1)";"Business, Management and Accounting; Social Sciences"
194;22199;"European Journal of Marketing";journal;"03090566";"Emerald Group Publishing Ltd.";No;No;1,483;Q1;173;114;372;10365;1828;352;4,79;90,92;37,35;0;United Kingdom;Western Europe;"Emerald Group Publishing Ltd.";"1967-2026";"Marketing (Q1)";"Business, Management and Accounting"
195;22491;"European Management Journal";journal;"02632373";"Elsevier Ltd";No;No;1,477;Q1;141;73;216;6227;1285;211;5,47;85,30;36,00;12;United Kingdom;Western Europe;"Elsevier Ltd";"1982-2026";"Strategy and Management (Q1)";"Business, Management and Accounting"
196;130105;"Accounting, Auditing and Accountability Journal";journal;"09513574, 20513151";"Emerald Group Publishing Ltd.";No;No;1,465;Q1;136;95;302;6243;1256;274;3,59;65,72;41,04;0;United Kingdom;Western Europe;"Emerald Group Publishing Ltd.";"1988-2025";"Accounting (Q1); Economics, Econometrics and Finance (miscellaneous) (Q1)";"Business, Management and Accounting; Economics, Econometrics and Finance"
197;21101021052;"Journal of the Association for Consumer Research";journal;"23781823, 23781815";"University of Chicago Press";No;No;1,463;Q1;36;51;133;2414;283;121;1,79;47,33;57,66;1;United States;Northern America;"University of Chicago Press";"2016-2026";"Applied Psychology (Q1); Economics and Econometrics (Q1); Marketing (Q1)";"Business, Management and Accounting; Economics, Econometrics and Finance; Psychology"
198;5000158708;"Accounting Horizons";journal;"08887993, 15587975";"American Accounting Association";No;No;1,454;Q1;98;40;109;2459;297;103;2,18;61,48;27,78;0;United States;Northern America;"American Accounting Association";"1996-2025";"Accounting (Q1)";"Business, Management and Accounting"
199;16400154731;"School Leadership and Management";journal;"13632434, 13642626";"Brill Academic Publishers";No;No;1,443;Q1;62;27;89;1215;318;76;4,30;45,00;55,32;12;United Kingdom;Western Europe;"Brill Academic Publishers";"1996-2026";"Arts and Humanities (miscellaneous) (Q1); Education (Q1); Strategy and Management (Q1)";"Arts and Humanities; Business, Management and Accounting; Social Sciences"
200;17400154830;"Review of Managerial Science";journal;"18636683, 18636691";"Springer Verlag";No;No;1,435;Q1;74;85;130;8459;815;127;5,44;99,52;37,78;7;Germany;Western Europe;"Springer Verlag";"2007, 2009-2026";"Business, Management and Accounting (miscellaneous) (Q1)";"Business, Management and Accounting"
201;20146;"Industrial Relations";journal;"00198676, 1468232X";"Wiley-Blackwell Publishing Ltd";No;No;1,427;Q1;68;16;57;841;123;57;1,78;52,56;37,50;9;United Kingdom;Western Europe;"Wiley-Blackwell Publishing Ltd";"1961-2026";"Industrial Relations (Q1); Management of Technology and Innovation (Q1); Organizational Behavior and Human Resource Management (Q1); Strategy and Management (Q1)";"Business, Management and Accounting"
202;22486;"R and D Management";journal;"14679310, 00336807";"Wiley-Blackwell Publishing Ltd";No;No;1,415;Q1;127;37;137;2366;718;132;4,81;63,95;39,58;12;United Kingdom;Western Europe;"Wiley-Blackwell Publishing Ltd";"1970-2026";"Business and International Management (Q1); Business, Management and Accounting (miscellaneous) (Q1); Management of Technology and Innovation (Q1); Strategy and Management (Q1)";"Business, Management and Accounting"
203;21100410629;"Intelligent Systems in Accounting, Finance and Management";journal;"15501949, 21600074";"John Wiley and Sons Inc";No;No;1,413;Q1;29;16;43;1033;249;43;3,24;64,56;21,95;0;United Kingdom;Western Europe;"John Wiley and Sons Inc";"2011-2013, 2015-2026";"Business, Management and Accounting (miscellaneous) (Q1); Finance (Q1)";"Business, Management and Accounting; Economics, Econometrics and Finance"
204;18173;"Mathematical Finance";journal;"09601627, 14679965";"Wiley-Blackwell Publishing Ltd";No;No;1,406;Q1;92;41;121;1686;280;121;2,69;41,12;18,69;0;United Kingdom;Western Europe;"Wiley-Blackwell Publishing Ltd";"1991-2026";"Accounting (Q1); Applied Mathematics (Q1); Economics and Econometrics (Q1); Finance (Q1); Social Sciences (miscellaneous) (Q1)";"Business, Management and Accounting; Economics, Econometrics and Finance; Mathematics; Social Sciences"
205;21100886529;"International Journal of Systems Science: Operations and Logistics";journal;"23302674, 23302682";"Taylor and Francis Ltd.";No;No;1,395;Q1;36;23;78;1184;488;78;6,94;51,48;21,05;0;United Kingdom;Western Europe;"Taylor and Francis Ltd.";"2014-2026";"Information Systems (Q1); Information Systems and Management (Q1); Management Information Systems (Q1); Management Science and Operations Research (Q1)";"Business, Management and Accounting; Computer Science; Decision Sciences"
206;16800154721;"Journal of Hospitality and Tourism Research";journal;"10963480, 15577554";"SAGE Publications Inc.";No;No;1,395;Q1;100;60;180;3523;884;177;4,20;58,72;38,04;1;United States;Northern America;"SAGE Publications Inc.";"1976-1981, 1983-1985, 1987-2026";"Education (Q1); Tourism, Leisure and Hospitality Management (Q1)";"Business, Management and Accounting; Social Sciences"
207;26043;"Economy and Society";journal;"03085147, 14695766";"Routledge";No;No;1,384;Q1;109;31;82;2164;303;82;3,80;69,81;41,86;13;United Kingdom;Western Europe;"Routledge";"1972-2026";"Business and International Management (Q1); Economics and Econometrics (Q1); Economics, Econometrics and Finance (miscellaneous) (Q1); History (Q1); Social Sciences (miscellaneous) (Q1)";"Arts and Humanities; Business, Management and Accounting; Economics, Econometrics and Finance; Social Sciences"
208;20633;"Journal of International Management";journal;"10754253";"Elsevier Inc.";No;No;1,384;Q1;96;60;106;7372;561;104;4,19;122,87;31,61;7;United States;Northern America;"Elsevier Inc.";"1998-2026";"Business and International Management (Q1); Finance (Q1); Strategy and Management (Q1)";"Business, Management and Accounting; Economics, Econometrics and Finance"
209;19700190346;"Consumption Markets and Culture";journal;"10253866, 1477223X";"Routledge";No;No;1,383;Q1;47;37;103;2511;265;98;2,94;67,86;45,90;2;United States;Northern America;"Routledge";"2003, 2007, 2010-2026";"Anthropology (Q1); Economics and Econometrics (Q1); Marketing (Q1); Social Psychology (Q1)";"Business, Management and Accounting; Economics, Econometrics and Finance; Psychology; Social Sciences"
210;29170;"Critical Perspectives on Accounting";journal;"10452354, 10959955";"Academic Press";No;No;1,381;Q1;97;50;116;4829;444;107;4,28;96,58;30,91;5;United States;Northern America;"Academic Press";"1990-2026";"Accounting (Q1); Finance (Q1); Information Systems and Management (Q1); Sociology and Political Science (Q1)";"Business, Management and Accounting; Decision Sciences; Economics, Econometrics and Finance; Social Sciences"
211;15057;"Electronic Commerce Research and Applications";journal;"15674223";"Elsevier B.V.";No;No;1,365;Q1;116;73;250;5473;1722;250;5,55;74,97;46,26;3;Netherlands;Western Europe;"Elsevier B.V.";"2002-2026";"Computer Networks and Communications (Q1); Computer Science Applications (Q1); Management of Technology and Innovation (Q1); Marketing (Q1)";"Business, Management and Accounting; Computer Science"
212;28581;"Journal of Small Business Management";journal;"00472778, 1540627X";"Taylor and Francis Ltd.";No;No;1,361;Q1;148;57;206;5071;1182;200;5,18;88,96;33,82;18;United Kingdom;Western Europe;"Taylor and Francis Ltd.";"1996-2026";"Business, Management and Accounting (miscellaneous) (Q1); Management of Technology and Innovation (Q1); Strategy and Management (Q1)";"Business, Management and Accounting"
213;29011;"Journal of Risk and Uncertainty";journal;"15730476, 08955646";"Springer Netherlands";No;No;1,339;Q1;87;23;71;1248;207;70;3,09;54,26;26,15;7;Netherlands;Western Europe;"Springer Netherlands";"1988-2026";"Accounting (Q1); Economics and Econometrics (Q1); Finance (Q1)";"Business, Management and Accounting; Economics, Econometrics and Finance"
214;28180;"Journal of Advertising Research";journal;"00218499, 17401909";"Taylor and Francis Ltd.";No;No;1,332;Q1;107;34;127;1865;383;103;2,32;54,85;41,38;0;United Kingdom;Western Europe;"Taylor and Francis Ltd.";"1972, 1991, 1996-2025";"Communication (Q1); Marketing (Q1)";"Business, Management and Accounting; Social Sciences"
215;22839;"International Marketing Review";journal;"02651335";"Emerald Group Publishing Ltd.";No;No;1,329;Q1;117;48;164;4616;798;160;4,52;96,17;33,58;0;United Kingdom;Western Europe;"Emerald Group Publishing Ltd.";"1983-2026";"Business and International Management (Q1); Economics and Econometrics (Q1); Marketing (Q1)";"Business, Management and Accounting; Economics, Econometrics and Finance"
216;100147313;"Journal of Business Finance and Accounting";journal;"0306686X, 14685957";"Wiley-Blackwell Publishing Ltd";No;No;1,324;Q1;102;61;136;4310;374;136;2,61;70,66;32,52;4;United Kingdom;Western Europe;"Wiley-Blackwell Publishing Ltd";"1974-2026";"Accounting (Q1); Business, Management and Accounting (miscellaneous) (Q1); Finance (Q1)";"Business, Management and Accounting; Economics, Econometrics and Finance"
217;28634;"British Accounting Review";journal;"10958347, 08908389";"Academic Press";No;No;1,316;Q1;100;44;111;3991;600;107;3,95;90,70;40,57;5;United States;Northern America;"Academic Press";"1988-2026";"Accounting (Q1)";"Business, Management and Accounting"
218;145211;"Asia Pacific Journal of Management";journal;"02174561, 15729958";"Springer";No;No;1,315;Q1;105;56;137;5416;583;132;3,18;96,71;34,62;3;United States;Northern America;"Springer";"1983-2026";"Business and International Management (Q1); Economics, Econometrics and Finance (miscellaneous) (Q1); Strategy and Management (Q1)";"Business, Management and Accounting; Economics, Econometrics and Finance"
219;27677;"Journal of Manufacturing Processes";journal;"15266125";"Elsevier B.V.";No;No;1,315;Q1;124;792;1596;33475;9311;1593;5,58;42,27;22,74;3;Netherlands;Western Europe;"Elsevier B.V.";"1999-2026";"Industrial and Manufacturing Engineering (Q1); Management Science and Operations Research (Q1); Strategy and Management (Q1)";"Business, Management and Accounting; Decision Sciences; Engineering"
220;19600161806;"Journal of Family Business Strategy";journal;"18778585";"Elsevier Ltd";No;No;1,309;Q1;79;29;84;2962;360;67;4,12;102,14;49,41;4;United Kingdom;Western Europe;"Elsevier Ltd";"2010-2026";"Economics and Econometrics (Q1); Strategy and Management (Q1)";"Business, Management and Accounting; Economics, Econometrics and Finance"
221;21100265668;"Journal of Accounting Literature";journal;"07374607";"Emerald Publishing";No;No;1,303;Q1;31;0;29;0;175;29;4,31;0,00;0,00;0;United Kingdom;Western Europe;"Emerald Publishing";"2013-2019, 2022-2026";"Accounting (Q1)";"Business, Management and Accounting"
222;19295;"Gender, Work and Organization";journal;"14680432, 09686673";"Wiley-Blackwell Publishing Ltd";No;No;1,301;Q1;108;185;249;10388;1077;236;4,39;56,15;81,25;64;United Kingdom;Western Europe;"Wiley-Blackwell Publishing Ltd";"1994-2026";"Gender Studies (Q1); Organizational Behavior and Human Resource Management (Q1)";"Business, Management and Accounting; Social Sciences"
223;19990;"International Journal of Industrial Organization";journal;"01677187";"Elsevier Inc.";No;No;1,298;Q1;100;60;215;2690;394;210;1,77;44,83;20,59;27;United States;Northern America;"Elsevier Inc.";"1983-2026";"Aerospace Engineering (Q1); Economics and Econometrics (Q1); Economics, Econometrics and Finance (miscellaneous) (Q1); Industrial and Manufacturing Engineering (Q1); Industrial Relations (Q1); Strategy and Management (Q1)";"Business, Management and Accounting; Economics, Econometrics and Finance; Engineering"
224;4100151524;"Research in Personnel and Human Resources Management";book series;"07427301";"Emerald Group Publishing Ltd.";No;No;1,283;Q1;48;8;21;1119;45;7;1,50;139,88;0,00;0;United Kingdom;Western Europe;"Emerald Group Publishing Ltd.";"2000-2012, 2014-2022, 2024-2026";"Organizational Behavior and Human Resource Management (Q1)";"Business, Management and Accounting"
225;6300153120;"Educational Management Administration and Leadership";journal;"17411440, 17411432";"SAGE Publications Ltd";No;No;1,282;Q1;73;58;179;3491;522;160;1,96;60,19;47,62;15;United Kingdom;Western Europe;"SAGE Publications Ltd";"1972-1993, 1995-1999, 2003-2026";"Education (Q1); Strategy and Management (Q1)";"Business, Management and Accounting; Social Sciences"
226;23434;"Journal of Risk Research";journal;"14664461, 13669877";"Routledge";No;No;1,282;Q1;87;102;314;5932;1561;308;5,83;58,16;38,71;30;United Kingdom;Western Europe;"Routledge";"1998-2026";"Engineering (miscellaneous) (Q1); Safety, Risk, Reliability and Quality (Q1); Social Sciences (miscellaneous) (Q1); Strategy and Management (Q1)";"Business, Management and Accounting; Engineering; Social Sciences"
227;21100222556;"Journal of Contextual Behavioral Science";journal;"22121447";"Elsevier Inc.";No;No;1,272;Q1;58;77;239;4195;1059;226;4,67;54,48;59,07;8;United States;Northern America;"Elsevier Inc.";"2012-2026";"Applied Psychology (Q1); Behavioral Neuroscience (Q1); Ecology, Evolution, Behavior and Systematics (Q1); Health (social science) (Q1); Organizational Behavior and Human Resource Management (Q1)";"Agricultural and Biological Sciences; Business, Management and Accounting; Neuroscience; Psychology; Social Sciences"
228;27094;"Fiscal Studies";journal;"01435671, 14755890";"Wiley-Blackwell";No;No;1,271;Q1;54;29;84;1215;381;79;5,65;41,90;45,45;21;United States;Northern America;"Wiley-Blackwell";"1979-2026";"Accounting (Q1); Economics and Econometrics (Q1); Finance (Q1)";"Business, Management and Accounting; Economics, Econometrics and Finance"
229;21078;"Journal of Sport Management";journal;"1543270X, 08884773";"Human Kinetics Publishers Inc.";No;No;1,270;Q1;96;42;143;2701;419;136;2,53;64,31;30,36;0;United States;Northern America;"Human Kinetics Publishers Inc.";"1987, 1989, 1995-2026";"Decision Sciences (miscellaneous) (Q1); Organizational Behavior and Human Resource Management (Q1); Orthopedics and Sports Medicine (Q1); Physical Therapy, Sports Therapy and Rehabilitation (Q1); Sports Science (Q1)";"Business, Management and Accounting; Decision Sciences; Health Professions; Medicine"
230;21100286906;"Eurasian Mining";journal;"24140120, 20720823";"Ore and Metals Publishing house";No;No;1,261;Q1;21;37;79;860;195;79;2,22;23,24;36,46;0;Russian Federation;Eastern Europe;"Ore and Metals Publishing house";"2013-2025";"Business and International Management (Q1); Economic Geology (Q1); Geotechnical Engineering and Engineering Geology (Q1); Industrial and Manufacturing Engineering (Q1); Management of Technology and Innovation (Q1)";"Business, Management and Accounting; Earth and Planetary Sciences; Engineering"
231;5200153112;"European Financial Management";journal;"13547798, 1468036X";"Wiley-Blackwell Publishing Ltd";No;No;1,260;Q1;82;35;121;1933;257;120;2,06;55,23;25,30;10;United Kingdom;Western Europe;"Wiley-Blackwell Publishing Ltd";"1995-2026";"Accounting (Q1); Economics, Econometrics and Finance (miscellaneous) (Q1)";"Business, Management and Accounting; Economics, Econometrics and Finance"
232;15806;"International Public Management Journal";journal;"15593169, 10967494";"Routledge";No;No;1,258;Q1;63;40;114;2619;288;108;2,44;65,48;40,00;7;United Kingdom;Western Europe;"Routledge";"1998-2026";"Business and International Management (Q1); Public Administration (Q1)";"Business, Management and Accounting; Social Sciences"
233;19700187623;"Journal of Marketing Management";journal;"0267257X, 14721376";"Taylor and Francis Ltd.";No;No;1,244;Q1;105;84;222;7277;861;184;4,19;86,63;57,69;0;United Kingdom;Western Europe;"Taylor and Francis Ltd.";"1985-1997, 2001, 2006, 2008-2026";"Marketing (Q1); Strategy and Management (Q1)";"Business, Management and Accounting"
234;11000153782;"Management International Review";journal;"09388249, 18618901";"Springer Science and Business Media Deutschland GmbH";No;No;1,243;Q1;79;24;103;3151;369;100;3,23;131,29;20,00;1;Germany;Western Europe;"Springer Science and Business Media Deutschland GmbH";"2005-2026";"Business and International Management (Q1); Strategy and Management (Q1)";"Business, Management and Accounting"
235;5600153495;"Journal of Industrial Relations";journal;"00221856, 14729296";"SAGE Publications Inc.";No;No;1,239;Q1;47;36;100;2046;287;97;3,16;56,83;52,24;16;United Kingdom;Western Europe;"SAGE Publications Inc.";"1959-2026";"Business and International Management (Q1); Industrial Relations (Q1)";"Business, Management and Accounting"
236;19900193253;"Behavioral Research in Accounting";journal;"15588009, 10504753";"American Accounting Association";No;No;1,238;Q1;36;7;50;387;104;47;1,77;55,29;38,89;0;United States;Northern America;"American Accounting Association";"2007-2025";"Accounting (Q1); Organizational Behavior and Human Resource Management (Q1)";"Business, Management and Accounting"
237;21184;"Journal of Quality Technology";journal;"00224065";"Taylor and Francis Ltd.";No;No;1,237;Q1;102;42;95;1468;248;90;1,95;34,95;36,14;2;United States;Northern America;"Taylor and Francis Ltd.";"1969-1980, 1982-1985, 1987-1988, 1990, 1992-2026";"Industrial and Manufacturing Engineering (Q1); Management Science and Operations Research (Q1); Safety, Risk, Reliability and Quality (Q1); Strategy and Management (Q1)";"Business, Management and Accounting; Decision Sciences; Engineering"
238;6500153243;"International Review of Environmental and Resource Economics";journal;"19321465, 19321473";"Now Publishers Inc";No;No;1,231;Q1;36;11;28;901;81;28;2,18;81,91;38,46;1;United States;Northern America;"Now Publishers Inc";"2007-2025";"Accounting (Q1); Economics and Econometrics (Q1); Finance (Q1); Management, Monitoring, Policy and Law (Q1)";"Business, Management and Accounting; Economics, Econometrics and Finance; Environmental Science"
239;15398;"Journal of Career Assessment";journal;"10690727, 15524590";"SAGE Publications Inc.";No;No;1,229;Q1;87;38;126;2546;464;126;3,24;67,00;53,23;4;United States;Northern America;"SAGE Publications Inc.";"1993-2026";"Applied Psychology (Q1); Organizational Behavior and Human Resource Management (Q1); Psychology (miscellaneous) (Q1)";"Business, Management and Accounting; Psychology"
240;5700161512;"Journal of Consumer Culture";journal;"14695405, 17412900";"SAGE Publications Ltd";No;No;1,229;Q1;75;49;91;2779;296;89;2,44;56,71;50,60;9;United Kingdom;Western Europe;"SAGE Publications Ltd";"2001-2026";"Arts and Humanities (miscellaneous) (Q1); Business and International Management (Q1); Economics and Econometrics (Q1); Marketing (Q1); Social Psychology (Q1); Sociology and Political Science (Q1)";"Arts and Humanities; Business, Management and Accounting; Economics, Econometrics and Finance; Psychology; Social Sciences"
241;11700154366;"Journal of Leadership and Organizational Studies";journal;"19397089, 15480518";"SAGE Publications Inc.";No;No;1,227;Q1;74;32;92;2500;381;91;3,68;78,13;50,53;1;United States;Northern America;"SAGE Publications Inc.";"1996-1999, 2003, 2008-2026";"Business and International Management (Q1); Management Science and Operations Research (Q1); Organizational Behavior and Human Resource Management (Q1); Sociology and Political Science (Q1); Strategy and Management (Q1)";"Business, Management and Accounting; Decision Sciences; Social Sciences"
242;6400153171;"ASTIN Bulletin";journal;"05150361, 17831350";"Cambridge University Press";No;No;1,223;Q1;53;30;110;1056;198;108;1,73;35,20;25,00;1;United Kingdom;Western Europe;"Cambridge University Press";"1958-1969, 1971-1975, 1977-1982, 1984-2026";"Accounting (Q1); Economics and Econometrics (Q1); Finance (Q1)";"Business, Management and Accounting; Economics, Econometrics and Finance"
243;23687;"Marketing Letters";journal;"1573059X, 09230645";"Springer New York";No;No;1,220;Q1;94;39;99;1144;290;94;2,62;29,33;48,65;2;United States;Northern America;"Springer New York";"1989-2026";"Business and International Management (Q1); Economics and Econometrics (Q1); Marketing (Q1)";"Business, Management and Accounting; Economics, Econometrics and Finance"
244;20654;"Journal of Managerial Psychology";journal;"02683946";"Emerald Group Publishing Ltd.";No;No;1,218;Q1;110;39;115;2269;458;112;4,01;58,18;62,61;0;United Kingdom;Western Europe;"Emerald Group Publishing Ltd.";"1986-2026";"Applied Psychology (Q1); Management Science and Operations Research (Q1); Organizational Behavior and Human Resource Management (Q1); Social Psychology (Q1)";"Business, Management and Accounting; Decision Sciences; Psychology"
245;15492;"Journal of Organizational and End User Computing";journal;"15465012, 15462234";"IGI Publishing";No;No;1,209;Q1;52;51;57;3112;568;57;8,19;61,02;41,78;0;United States;Northern America;"IGI Publishing";"1993, 1995, 2004-2026";"Computer Science Applications (Q1); Human-Computer Interaction (Q1); Strategy and Management (Q1)";"Business, Management and Accounting; Computer Science"
246;144744;"International Journal of Entrepreneurial Behaviour and Research";journal;"13552554";"Emerald Group Publishing Ltd.";No;No;1,206;Q1;110;95;241;8854;1506;228;6,09;93,20;44,26;0;United Kingdom;Western Europe;"Emerald Group Publishing Ltd.";"1995-2026";"Business and International Management (Q1); Business, Management and Accounting (miscellaneous) (Q1)";"Business, Management and Accounting"
247;21100220156;"Journal of Hospitality and Tourism Technology";journal;"17579880, 17579899";"Emarald Group Publishing Ltd";No;No;1,205;Q1;66;44;117;2496;669;114;5,73;56,73;40,50;0;United Kingdom;Western Europe;"Emarald Group Publishing Ltd";"2010-2026";"Computer Science Applications (Q1); Information Systems (Q1); Tourism, Leisure and Hospitality Management (Q1)";"Business, Management and Accounting; Computer Science"
248;20870;"Telecommunications Policy";journal;"03085961";"Elsevier Ltd";No;No;1,203;Q1;101;99;230;5919;1134;218;4,89;59,79;27,05;48;United Kingdom;Western Europe;"Elsevier Ltd";"1976-2026";"Economics and Econometrics (Q1); Electrical and Electronic Engineering (Q1); Human Factors and Ergonomics (Q1); Information Systems (Q1); Library and Information Sciences (Q1); Management Information Systems (Q1); Management, Monitoring, Policy and Law (Q1)";"Business, Management and Accounting; Computer Science; Economics, Econometrics and Finance; Engineering; Environmental Science; Social Sciences"
249;14014;"Psychology and Marketing";journal;"07426046, 15206793";"Wiley-Liss Inc.";No;No;1,200;Q1;166;148;284;13247;1240;277;4,08;89,51;45,69;13;United States;Northern America;"Wiley-Liss Inc.";"1984-2026";"Applied Psychology (Q1); Marketing (Q1)";"Business, Management and Accounting; Psychology"
250;16922;"Labour Economics";journal;"09275371";"Elsevier B.V.";No;No;1,197;Q1;103;82;302;3697;586;299;1,74;45,09;35,23;70;Netherlands;Western Europe;"Elsevier B.V.";"1993-2026";"Economics and Econometrics (Q1); Organizational Behavior and Human Resource Management (Q1)";"Business, Management and Accounting; Economics, Econometrics and Finance"
251;21100781509;"Journal of Public Policy and Marketing";journal;"07439156, 15477207";"SAGE Publications Ltd";No;No;1,192;Q1;98;47;90;2861;391;78;5,14;60,87;52,70;8;United States;Northern America;"SAGE Publications Ltd";"1984, 1992-1993, 1995-2026";"Business and International Management (Q1); Economics and Econometrics (Q1); Marketing (Q1)";"Business, Management and Accounting; Economics, Econometrics and Finance"
252;21100827923;"Eurasian Business Review";journal;"13094297, 21474281";"Springer International Publishing AG";Yes;No;1,190;Q1;38;28;75;1828;322;74;4,40;65,29;30,56;10;Switzerland;Western Europe;"Springer International Publishing AG";"2011-2026";"Business, Management and Accounting (miscellaneous) (Q1); Economics, Econometrics and Finance (miscellaneous) (Q1)";"Business, Management and Accounting; Economics, Econometrics and Finance"
253;16032;"Administration and Society";journal;"00953997, 15523039";"SAGE Publications Inc.";No;No;1,187;Q1;86;67;191;4029;548;170;3,34;60,13;31,82;15;United States;Northern America;"SAGE Publications Inc.";"1969-2026";"Marketing (Q1); Public Administration (Q1); Sociology and Political Science (Q1)";"Business, Management and Accounting; Social Sciences"
254;15688;"Journal of Information Systems";journal;"08887985, 15587959";"American Accounting Association";No;No;1,183;Q1;52;24;88;1458;203;85;2,21;60,75;22,39;2;United States;Northern America;"American Accounting Association";"2006, 2009-2025";"Accounting (Q1); Human-Computer Interaction (Q1); Information Systems (Q1); Information Systems and Management (Q1); Management Information Systems (Q1); Management of Technology and Innovation (Q1); Software (Q1)";"Business, Management and Accounting; Computer Science; Decision Sciences"
255;22009;"Corporate Governance: An International Review";journal;"09648410, 14678683";"Emerald Group Publishing Ltd.";No;No;1,182;Q1;120;28;81;2846;300;72;2,56;101,64;37,04;1;United Kingdom;Western Europe;"Emerald Group Publishing Ltd.";"1993-2026";"Business, Management and Accounting (miscellaneous) (Q1); Management of Technology and Innovation (Q1); Strategy and Management (Q1)";"Business, Management and Accounting"
256;21101041413;"AMS Review";journal;"18698182, 1869814X";"Springer New York";No;No;1,180;Q1;38;36;77;2588;284;48;4,07;71,89;40,91;2;United States;Northern America;"Springer New York";"2011-2025";"Marketing (Q1)";"Business, Management and Accounting"
257;8300153135;"Global Journal of Flexible Systems Management";journal;"09722696, 09740198";"Springer";No;No;1,176;Q1;56;33;86;3169;495;82;6,53;96,03;30,85;5;India;Asiatic Region;"Springer";"2000-2026";"Business and International Management (Q1); Business, Management and Accounting (miscellaneous) (Q1); Management Information Systems (Q1); Strategy and Management (Q1)";"Business, Management and Accounting"
258;11900154357;"Scandinavian Journal of Hospitality and Tourism";journal;"15022269, 15022250";"Routledge";No;No;1,173;Q1;67;36;88;2532;408;77;4,55;70,33;50,62;7;United Kingdom;Western Europe;"Routledge";"2001-2026";"Tourism, Leisure and Hospitality Management (Q1)";"Business, Management and Accounting"
259;27471;"Applied Geography";journal;"01436228";"Elsevier B.V.";No;No;1,169;Q1;143;138;475;8664;2648;474;5,03;62,78;31,21;32;Netherlands;Western Europe;"Elsevier B.V.";"1981-2026";"Environmental Science (miscellaneous) (Q1); Forestry (Q1); Geography, Planning and Development (Q1); Tourism, Leisure and Hospitality Management (Q1)";"Agricultural and Biological Sciences; Business, Management and Accounting; Environmental Science; Social Sciences"
260;144669;"Journal of Intellectual Capital";journal;"17587468, 14691930";"Emerald Publishing";No;No;1,159;Q1;124;54;150;5122;993;144;6,20;94,85;34,69;0;United Kingdom;Western Europe;"Emerald Publishing";"2000-2026";"Business, Management and Accounting (miscellaneous) (Q1); Education (Q1)";"Business, Management and Accounting; Social Sciences"
261;144656;"Management Decision";journal;"00251747";"Emerald Group Publishing Ltd.";No;No;1,155;Q1;147;80;541;5884;2612;525;4,54;73,55;46,01;0;United Kingdom;Western Europe;"Emerald Group Publishing Ltd.";"1967-2026";"Business, Management and Accounting (miscellaneous) (Q1); Management Science and Operations Research (Q1)";"Business, Management and Accounting; Decision Sciences"
262;19700182654;"Project Management Journal";journal;"19389507, 87569728";"SAGE Publications Inc.";No;No;1,148;Q1;72;42;142;3225;627;127;4,28;76,79;37,63;2;United States;Northern America;"SAGE Publications Inc.";"1986, 2000, 2009-2026";"Business and International Management (Q1); Management of Technology and Innovation (Q1); Strategy and Management (Q1)";"Business, Management and Accounting"
263;12300154722;"International Journal of Tourism Research";journal;"10992340, 15221970";"John Wiley and Sons Ltd";No;No;1,139;Q1;96;86;210;6819;903;210;4,36;79,29;36,13;4;United Kingdom;Western Europe;"John Wiley and Sons Ltd";"2008-2026";"Geography, Planning and Development (Q1); Nature and Landscape Conservation (Q1); Tourism, Leisure and Hospitality Management (Q1); Transportation (Q2)";"Business, Management and Accounting; Environmental Science; Social Sciences"
264;28888;"Computer Law and Security Review";journal;"22124748, 2212473X";"Elsevier Ltd";No;No;1,138;Q1;70;87;212;1138;908;196;3,86;13,08;33,78;23;United Kingdom;Western Europe;"Elsevier Ltd";"1985-2026";"Business, Management and Accounting (miscellaneous) (Q1); Computer Networks and Communications (Q1); Law (Q1)";"Business, Management and Accounting; Computer Science; Social Sciences"
265;20574;"Journal of Contingencies and Crisis Management";journal;"14685973, 09660879";"Wiley-Blackwell Publishing Ltd";No;No;1,138;Q1;76;37;131;2271;676;126;4,53;61,38;47,52;10;United Kingdom;Western Europe;"Wiley-Blackwell Publishing Ltd";"1993-2026";"Management Information Systems (Q1); Management, Monitoring, Policy and Law (Q1)";"Business, Management and Accounting; Environmental Science"
266;18676;"Technology in Society";journal;"0160791X";"Elsevier Ltd";No;No;1,138;Q1;137;328;376;25030;2809;375;7,60;76,31;37,89;67;United Kingdom;Western Europe;"Elsevier Ltd";"1979-2026";"Business and International Management (Q1); Education (Q1); Human Factors and Ergonomics (Q1); Sociology and Political Science (Q1)";"Business, Management and Accounting; Social Sciences"
267;22965;"Journal of Personal Selling and Sales Management";journal;"15577813, 08853134";"Taylor and Francis Ltd.";No;No;1,137;Q1;84;20;75;1482;238;68;3,00;74,10;33,33;0;United Kingdom;Western Europe;"Taylor and Francis Ltd.";"1981-2026";"Business and International Management (Q1); Human Factors and Ergonomics (Q1); Management of Technology and Innovation (Q1); Marketing (Q2)";"Business, Management and Accounting; Social Sciences"
268;144958;"Journal of Macromarketing";journal;"15526534, 02761467";"SAGE Publications Inc.";No;No;1,135;Q2;76;44;105;4180;286;92;1,97;95,00;45,83;2;United States;Northern America;"SAGE Publications Inc.";"1981-2026";"Marketing (Q2)";"Business, Management and Accounting"
269;5800175970;"Leadership";journal;"17427150, 17427169";"SAGE Publications Ltd";No;No;1,134;Q1;66;46;120;2577;416;116;3,46;56,02;59,74;3;United Kingdom;Western Europe;"SAGE Publications Ltd";"2005-2026";"Sociology and Political Science (Q1); Strategy and Management (Q1)";"Business, Management and Accounting; Social Sciences"
270;21100853526;"ACM Transactions on Economics and Computation";journal;"21678375, 21678383";"Association for Computing Machinery";No;No;1,134;Q2;27;25;65;784;171;61;3,16;31,36;19,35;1;United States;Northern America;"Association for Computing Machinery";"2013-2025";"Computational Mathematics (Q1); Computer Science (miscellaneous) (Q1); Economics and Econometrics (Q1); Statistics and Probability (Q1); Marketing (Q2)";"Business, Management and Accounting; Computer Science; Economics, Econometrics and Finance; Mathematics"
271;21100317418;"International Journal of Precision Engineering and Manufacturing - Green Technology";journal;"21980810, 22886206";"Springer Science + Business Media";No;No;1,129;Q1;65;118;235;5702;1319;232;5,09;48,32;19,00;0;United States;Northern America;"Springer Science + Business Media";"2014-2026";"Industrial and Manufacturing Engineering (Q1); Management of Technology and Innovation (Q1); Materials Science (miscellaneous) (Q1); Mechanical Engineering (Q1); Renewable Energy, Sustainability and the Environment (Q2)";"Business, Management and Accounting; Energy; Engineering; Materials Science"
272;16242;"Journal of Law, Economics, and Organization";journal;"14657341, 87566222";"Oxford University Press";No;No;1,124;Q1;84;20;56;895;91;56;0,92;44,75;23,91;2;United Kingdom;Western Europe;"Oxford University Press";"1985-2026";"Economics and Econometrics (Q1); Law (Q1); Organizational Behavior and Human Resource Management (Q1)";"Business, Management and Accounting; Economics, Econometrics and Finance; Social Sciences"
273;5800169457;"Public Performance and Management Review";journal;"15309576, 15579271";"Routledge";No;No;1,122;Q1;48;56;154;3974;472;153;3,00;70,96;33,33;12;United States;Northern America;"Routledge";"2007-2008, 2011-2026";"Public Administration (Q1); Strategy and Management (Q1)";"Business, Management and Accounting; Social Sciences"
274;7100153129;"European Accounting Review";journal;"09638180, 14684497";"Routledge";No;No;1,112;Q1;98;37;115;2826;364;111;2,79;76,38;31,96;3;United Kingdom;Western Europe;"Routledge";"1992-2026";"Accounting (Q1); Business and International Management (Q1); Business, Management and Accounting (miscellaneous) (Q1); Economics and Econometrics (Q1); Economics, Econometrics and Finance (miscellaneous) (Q1); Engineering (miscellaneous) (Q1); Finance (Q1); History (Q1)";"Arts and Humanities; Business, Management and Accounting; Economics, Econometrics and Finance; Engineering"
275;9700153238;"International Transactions in Operational Research";journal;"09696016, 14753995";"John Wiley and Sons Inc";No;No;1,112;Q1;75;135;325;6367;1278;320;3,95;47,16;34,21;8;Denmark;Western Europe;"John Wiley and Sons Inc";"1994-2026";"Business and International Management (Q1); Computer Science Applications (Q1); Management of Technology and Innovation (Q1); Management Science and Operations Research (Q1); Strategy and Management (Q1)";"Business, Management and Accounting; Computer Science; Decision Sciences"
276;23865;"Journal of Economic Behavior and Organization";journal;"01672681";"Elsevier B.V.";No;No;1,107;Q1;153;503;960;26855;1891;954;1,78;53,39;28,27;221;Netherlands;Western Europe;"Elsevier B.V.";"1980-2026";"Economics and Econometrics (Q1); Organizational Behavior and Human Resource Management (Q1)";"Business, Management and Accounting; Economics, Econometrics and Finance"
277;21255;"Feminist Economics";journal;"14664372, 13545701";"Routledge";No;No;1,100;Q1;80;41;97;1433;303;94;2,69;34,95;75,58;35;United Kingdom;Western Europe;"Routledge";"1995-2026";"Arts and Humanities (miscellaneous) (Q1); Business, Management and Accounting (miscellaneous) (Q1); Economics and Econometrics (Q1); Gender Studies (Q1)";"Arts and Humanities; Business, Management and Accounting; Economics, Econometrics and Finance; Social Sciences"
278;29849;"Journal of Accounting and Public Policy";journal;"18732070, 02784254";"Elsevier Inc.";No;No;1,095;Q1;104;48;96;3273;355;93;3,17;68,19;29,77;4;United States;Northern America;"Elsevier Inc.";"1982-2026";"Accounting (Q1); Sociology and Political Science (Q1)";"Business, Management and Accounting; Social Sciences"
279;18291;"Socio-Economic Planning Sciences";journal;"00380121";"Elsevier Ltd";No;No;1,095;Q1;83;130;251;7404;1182;245;4,00;56,95;38,20;23;United Kingdom;Western Europe;"Elsevier Ltd";"1967-2026";"Economics and Econometrics (Q1); Geography, Planning and Development (Q1); Management Science and Operations Research (Q1); Statistics, Probability and Uncertainty (Q1); Strategy and Management (Q1)";"Business, Management and Accounting; Decision Sciences; Economics, Econometrics and Finance; Social Sciences"
280;14761;"International Journal of Stress Management";journal;"10725245, 15733424";"American Psychological Association";No;No;1,082;Q1;81;25;118;2278;447;116;3,90;91,12;45,24;2;United States;Northern America;"American Psychological Association";"1994-2026";"Applied Psychology (Q1); Business, Management and Accounting (miscellaneous) (Q1); Education (Q1); Medicine (miscellaneous) (Q1); Psychology (miscellaneous) (Q1)";"Business, Management and Accounting; Medicine; Psychology; Social Sciences"
281;21100407241;"Journal of Service Theory and Practice";journal;"20556225";"Emerald Group Publishing Ltd.";No;No;1,080;Q1;108;34;98;3439;427;94;3,63;101,15;40,21;0;United Kingdom;Western Europe;"Emerald Group Publishing Ltd.";"2015-2026";"Strategy and Management (Q1)";"Business, Management and Accounting"
282;25468;"Public Personnel Management";journal;"00910260, 19457421";"SAGE Publications Inc.";No;No;1,077;Q1;60;25;73;2032;214;69;2,47;81,28;33,33;5;United States;Northern America;"SAGE Publications Inc.";"1973, 1981-1984, 1989, 1993, 1995-2026";"Management of Technology and Innovation (Q1); Organizational Behavior and Human Resource Management (Q1); Public Administration (Q1); Strategy and Management (Q1)";"Business, Management and Accounting; Social Sciences"
283;23590;"Science and Engineering Ethics";journal;"13533452, 14715546";"Springer Netherlands";No;No;1,073;Q1;90;62;405;3653;1674;342;3,72;58,92;43,95;13;Netherlands;Western Europe;"Springer Netherlands";"1995-2026";"Health Policy (Q1); Health (social science) (Q1); Issues, Ethics and Legal Aspects (Q1); Management of Technology and Innovation (Q1)";"Business, Management and Accounting; Medicine; Nursing; Social Sciences"
284;16273;"Journal of Construction Engineering and Management";journal;"19437862, 07339364";"American Society of Civil Engineers (ASCE)";No;No;1,070;Q1;158;250;524;15096;2573;517;4,86;60,38;29,36;0;United States;Northern America;"American Society of Civil Engineers (ASCE)";"1982-2026";"Building and Construction (Q1); Civil and Structural Engineering (Q1); Industrial Relations (Q1); Strategy and Management (Q1)";"Business, Management and Accounting; Engineering"
285;12277;"Management Accounting Research";journal;"10445005, 10961224";"Academic Press";No;No;1,068;Q1;109;16;51;1170;152;49;2,50;73,13;34,21;0;United States;Northern America;"Academic Press";"1990-2026";"Accounting (Q1); Finance (Q1); Information Systems and Management (Q1)";"Business, Management and Accounting; Decision Sciences; Economics, Econometrics and Finance"
286;17700155010;"Australasian Marketing Journal";journal;"14413582, 18393349";"SAGE Publications Ltd";No;No;1,068;Q2;67;36;133;2661;588;120;5,42;73,92;43,37;3;Australia;Pacific Region;"SAGE Publications Ltd";"2003-2026";"Economics and Econometrics (Q1); Marketing (Q2)";"Business, Management and Accounting; Economics, Econometrics and Finance"
287;11400153310;"International Journal of Logistics Research and Applications";journal;"13675567, 1469848X";"Taylor and Francis Ltd.";No;No;1,056;Q1;71;29;100;2507;450;98;3,76;86,45;32,43;7;United Kingdom;Western Europe;"Taylor and Francis Ltd.";"2003-2026";"Business and International Management (Q1); Computer Science Applications (Q1); Control and Systems Engineering (Q1); Information Systems (Q1); Management Information Systems (Q1); Management of Technology and Innovation (Q1); Management Science and Operations Research (Q1); Strategy and Management (Q1)";"Business, Management and Accounting; Computer Science; Decision Sciences; Engineering"
288;21100435972;"Journal of Global Fashion Marketing";journal;"20932685, 23254483";"Taylor and Francis Ltd.";No;No;1,050;Q1;43;24;74;1335;279;74;3,57;55,63;63,16;0;United Kingdom;Western Europe;"Taylor and Francis Ltd.";"2010-2011, 2013-2026";"Cultural Studies (Q1); Management of Technology and Innovation (Q1); Strategy and Management (Q1); Marketing (Q2)";"Business, Management and Accounting; Social Sciences"
289;21101019771;"Journal of Organization Design";journal;"2245408X";"SpringerOpen";Yes;No;1,048;Q1;23;16;63;428;179;54;1,51;26,75;29,63;0;United Kingdom;Western Europe;"SpringerOpen";"2013, 2016-2026";"Strategy and Management (Q1)";"Business, Management and Accounting"
290;21463;"International Journal of Health Geographics";journal;"1476072X";"BioMed Central Ltd";Yes;No;1,047;Q1;99;45;130;2433;702;129;5,25;54,07;44,40;13;United Kingdom;Western Europe;"BioMed Central Ltd";"2002-2026";"Business, Management and Accounting (miscellaneous) (Q1); Computer Science (miscellaneous) (Q1); Public Health, Environmental and Occupational Health (Q1)";"Business, Management and Accounting; Computer Science; Medicine"
291;12056;"Research in International Business and Finance";journal;"02755319";"Elsevier B.V.";No;No;1,043;Q1;99;165;478;9116;2404;478;5,37;55,25;29,04;18;Netherlands;Western Europe;"Elsevier B.V.";"2004-2026";"Business, Management and Accounting (miscellaneous) (Q1); Finance (Q1)";"Business, Management and Accounting; Economics, Econometrics and Finance"
292;20575;"Journal of Engineering and Technology Management - JET-M";journal;"18791719, 09234748";"Elsevier B.V.";No;No;1,042;Q1;84;28;80;2405;424;74;4,27;85,89;31,17;2;Netherlands;Western Europe;"Elsevier B.V.";"1989-2026";"Engineering (miscellaneous) (Q1); Industrial Relations (Q1); Information Systems and Management (Q1); Management Science and Operations Research (Q1); Strategy and Management (Q1)";"Business, Management and Accounting; Decision Sciences; Engineering"
293;21100304858;"Information Technology and Tourism";journal;"10983058, 19434294";"Springer Science + Business Media";No;No;1,041;Q1;51;24;82;1718;442;75;6,06;71,58;39,44;3;Germany;Western Europe;"Springer Science + Business Media";"2014-2026";"Computer Science Applications (Q1); Information Systems (Q1); Tourism, Leisure and Hospitality Management (Q1)";"Business, Management and Accounting; Computer Science"
294;21100886542;"Journal of Management Analytics";journal;"23270039, 23270012";"Taylor and Francis Ltd.";No;No;1,041;Q1;41;32;70;1934;461;70;6,47;60,44;35,44;0;United Kingdom;Western Europe;"Taylor and Francis Ltd.";"2014-2026";"Business, Management and Accounting (miscellaneous) (Q1); Statistics and Probability (Q1); Statistics, Probability and Uncertainty (Q2)";"Business, Management and Accounting; Decision Sciences; Mathematics"
295;21101036141;"Journal of Management Science and Engineering";journal;"20962320, 25895532";"KeAi Communications Co.";Yes;Yes;1,040;Q1;29;32;48;1353;231;47;5,28;42,28;32,41;2;China;Asiatic Region;"KeAi Communications Co.";"2016-2026";"Business and International Management (Q1); Control and Systems Engineering (Q1); Decision Sciences (miscellaneous) (Q1); Engineering (miscellaneous) (Q1); Management Information Systems (Q1); Management of Technology and Innovation (Q1); Strategy and Management (Q1)";"Business, Management and Accounting; Decision Sciences; Engineering"
296;21100198497;"Quality Technology and Quantitative Management";journal;"16843703";"Taylor and Francis Ltd.";No;No;1,040;Q1;33;36;121;1292;320;121;2,52;35,89;32,89;0;United Kingdom;Western Europe;"Taylor and Francis Ltd.";"2011-2026";"Business and International Management (Q1); Industrial Relations (Q1); Information Systems and Management (Q1); Management of Technology and Innovation (Q1); Management Science and Operations Research (Q1)";"Business, Management and Accounting; Decision Sciences"
297;23013;"Industry and Innovation";journal;"13662716, 14698390";"Routledge";No;No;1,039;Q1;79;49;148;3660;478;143;2,84;74,69;29,66;14;United Kingdom;Western Europe;"Routledge";"1997-2026";"Business, Management and Accounting (miscellaneous) (Q1); Management of Technology and Innovation (Q1)";"Business, Management and Accounting"
298;14200154735;"Educational Assessment, Evaluation and Accountability";journal;"18748597, 18748600";"Springer Netherlands";No;No;1,038;Q1;47;30;65;1449;212;53;3,38;48,30;48,08;6;Netherlands;Western Europe;"Springer Netherlands";"2009-2026";"Education (Q1); Organizational Behavior and Human Resource Management (Q1)";"Business, Management and Accounting; Social Sciences"
299;21100465205;"European Research on Management and Business Economics";journal;"24448834";"European Academy of Management and Business Economics";Yes;No;1,035;Q1;50;25;64;2118;429;64;4,84;84,72;31,94;4;Spain;Western Europe;"European Academy of Management and Business Economics";"2016-2026";"Business and International Management (Q1); Strategy and Management (Q1); Economics and Econometrics (Q2); Marketing (Q2)";"Business, Management and Accounting; Economics, Econometrics and Finance"
300;16543;"Tourism Economics";journal;"20440375, 13548166";"SAGE Publications Inc.";No;No;1,035;Q1;83;103;211;5632;883;199;4,70;54,68;30,52;13;United Kingdom;Western Europe;"SAGE Publications Inc.";"1995-2026";"Geography, Planning and Development (Q1); Tourism, Leisure and Hospitality Management (Q1)";"Business, Management and Accounting; Social Sciences"
301;21100218042;"Journal of Media Business Studies";journal;"16522354";"Taylor and Francis Ltd.";No;No;1,034;Q1;31;16;50;1086;145;48;2,00;67,88;45,16;3;United Kingdom;Western Europe;"Taylor and Francis Ltd.";"2004-2026";"Business and International Management (Q1); Communication (Q1); Strategy and Management (Q1)";"Business, Management and Accounting; Social Sciences"
302;19600157911;"Electronic Markets";journal;"14228890, 10196781";"Springer Verlag";No;No;1,033;Q1;76;57;143;4927;840;120;5,96;86,44;22,45;11;Germany;Western Europe;"Springer Verlag";"2009-2026";"Business and International Management (Q1); Computer Science Applications (Q1); Management of Technology and Innovation (Q1); Economics and Econometrics (Q2); Marketing (Q2)";"Business, Management and Accounting; Computer Science; Economics, Econometrics and Finance"
303;21100201769;"Journal of Communication Management";journal;"1363254X";"Emerald Group Publishing Ltd.";No;No;1,030;Q1;56;25;83;1419;249;82;2,43;56,76;65,00;0;United Kingdom;Western Europe;"Emerald Group Publishing Ltd.";"1995-2026";"Communication (Q1); Strategy and Management (Q1)";"Business, Management and Accounting; Social Sciences"
304;4700152289;"Human Resource Development Quarterly";journal;"15321096, 10448004";"Wiley-Blackwell";No;No;1,029;Q1;87;31;69;2372;272;57;3,18;76,52;55,07;3;United States;Northern America;"Wiley-Blackwell";"1990-2026";"Arts and Humanities (miscellaneous) (Q1); Organizational Behavior and Human Resource Management (Q1)";"Arts and Humanities; Business, Management and Accounting"
305;144961;"European Journal of Innovation Management";journal;"14601060";"Emerald Group Publishing Ltd.";No;No;1,023;Q1;97;49;174;4920;806;173;4,29;100,41;39,22;0;United Kingdom;Western Europe;"Emerald Group Publishing Ltd.";"1998-2026";"Management of Technology and Innovation (Q1)";"Business, Management and Accounting"
306;20537;"Journal of Behavioral Decision Making";journal;"08943257, 10990771";"John Wiley and Sons Ltd";No;No;1,013;Q1;99;51;143;3049;407;142;3,02;59,78;38,82;2;United Kingdom;Western Europe;"John Wiley and Sons Ltd";"1988-2026";"Arts and Humanities (miscellaneous) (Q1); Decision Sciences (miscellaneous) (Q1); Sociology and Political Science (Q1); Strategy and Management (Q1); Applied Psychology (Q2)";"Arts and Humanities; Business, Management and Accounting; Decision Sciences; Psychology; Social Sciences"
307;19170;"Industrial Management and Data Systems";journal;"02635577";"Emerald Group Publishing Ltd.";No;No;1,006;Q1;141;113;317;7650;1639;313;4,63;67,70;29,56;0;United Kingdom;Western Europe;"Emerald Group Publishing Ltd.";"1980-2026";"Computer Science Applications (Q1); Industrial and Manufacturing Engineering (Q1); Industrial Relations (Q1); Management Information Systems (Q1); Strategy and Management (Q1)";"Business, Management and Accounting; Computer Science; Engineering"
308;21100817620;"Career Development and Transition for Exceptional Individuals";journal;"21651442, 21651434";"SAGE Publications Inc.";No;No;1,004;Q1;29;21;80;777;162;73;2,50;37,00;72,53;10;United States;Northern America;"SAGE Publications Inc.";"2015-2026";"Education (Q1); Organizational Behavior and Human Resource Management (Q1)";"Business, Management and Accounting; Social Sciences"
309;145670;"Journal of International Entrepreneurship";journal;"15737349, 15707385";"Springer";No;No;1,004;Q1;62;21;66;2033;266;55;3,38;96,81;46,81;1;Netherlands;Western Europe;"Springer";"2005-2025";"Business, Management and Accounting (miscellaneous) (Q1)";"Business, Management and Accounting"
310;144666;"Journal of Product and Brand Management";journal;"10610421";"Emerald Publishing";No;No;0,999;Q1;117;42;242;4591;967;231;4,02;109,31;47,83;0;United Kingdom;Western Europe;"Emerald Publishing";"1992-2026";"Management of Technology and Innovation (Q1); Strategy and Management (Q1); Marketing (Q2)";"Business, Management and Accounting"
311;15136;"Information Society";journal;"01972243, 10876537";"Taylor and Francis Ltd.";No;No;0,995;Q1;95;18;71;1346;313;68;2,43;74,78;43,59;7;United Kingdom;Western Europe;"Taylor and Francis Ltd.";"1981-1990, 1992-2026";"Cultural Studies (Q1); Information Systems (Q1); Management Information Systems (Q1); Political Science and International Relations (Q1)";"Business, Management and Accounting; Computer Science; Social Sciences"
312;21100356018;"Big Data Research";journal;"22145796, 2214580X";"Elsevier Inc.";No;No;0,994;Q1;51;84;61;3765;283;54;3,74;44,82;28,78;0;United States;Northern America;"Elsevier Inc.";"2014-2026";"Computer Science Applications (Q1); Information Systems (Q1); Information Systems and Management (Q1); Management Information Systems (Q1)";"Business, Management and Accounting; Computer Science; Decision Sciences"
313;22336;"Harvard Business Review";journal;"00178012";"Harvard Business School Publishing";No;No;0,989;Q1;221;90;327;0;650;84;1,02;0,00;32,82;0;United States;Northern America;"Harvard Business School Publishing";"1974, 1978-1987, 1989-2025";"Business and International Management (Q1); Business, Management and Accounting (miscellaneous) (Q1); Management of Technology and Innovation (Q1); Medicine (miscellaneous) (Q1); Strategy and Management (Q1); Economics and Econometrics (Q2)";"Business, Management and Accounting; Economics, Econometrics and Finance; Medicine"
314;16509;"Journal of Futures Markets";journal;"10969934, 02707314";"Wiley-Liss Inc.";No;No;0,989;Q1;69;93;250;4383;532;240;2,12;47,13;24,15;4;United States;Northern America;"Wiley-Liss Inc.";"1981-2026";"Accounting (Q1); Business, Management and Accounting (miscellaneous) (Q1); Finance (Q1); Economics and Econometrics (Q2)";"Business, Management and Accounting; Economics, Econometrics and Finance"
315;5700167235;"International Journal of Consumer Studies";journal;"14706423, 14706431";"Wiley-Blackwell Publishing Ltd";No;No;0,986;Q2;121;75;182;8366;999;179;5,85;111,55;56,25;13;United Kingdom;Western Europe;"Wiley-Blackwell Publishing Ltd";"2001-2026";"Public Health, Environmental and Occupational Health (Q1); Applied Psychology (Q2); Economics and Econometrics (Q2); Marketing (Q2)";"Business, Management and Accounting; Economics, Econometrics and Finance; Medicine; Psychology"
316;21100855756;"Spanish Journal of Marketing - ESIC";journal;"24449709, 24449695";"Emerald Group Publishing Ltd.";Yes;Yes;0,980;Q2;44;15;65;1429;325;65;4,28;95,27;47,50;0;Spain;Western Europe;"Emerald Group Publishing Ltd.";"2016-2026";"Marketing (Q2)";"Business, Management and Accounting"
317;18700156709;"Management and Organization Review";journal;"17408776, 17408784";"Cambridge University Press";No;No;0,972;Q1;82;61;136;2882;307;100;2,11;47,25;40,91;7;United Kingdom;Western Europe;"Cambridge University Press";"2005-2026";"Business and International Management (Q1); Strategy and Management (Q1)";"Business, Management and Accounting"
318;5700153461;"Management Communication Quarterly";journal;"08933189, 15526798";"SAGE Publications Inc.";No;No;0,972;Q1;86;27;76;1326;196;75;2,38;49,11;68,18;1;United States;Northern America;"SAGE Publications Inc.";"1987-2026";"Communication (Q1); Strategy and Management (Q1)";"Business, Management and Accounting; Social Sciences"
319;22920;"Journal of Fashion Marketing and Management";journal;"13612026";"Emerald Group Publishing Ltd.";No;No;0,971;Q1;79;26;121;1891;511;119;3,94;72,73;68,06;0;United Kingdom;Western Europe;"Emerald Group Publishing Ltd.";"1996-2026";"Business and International Management (Q1); Marketing (Q2)";"Business, Management and Accounting"
320;23064;"Scandinavian Journal of Management";journal;"09565221, 18733387";"Elsevier Ltd";No;No;0,971;Q1;77;25;79;1997;227;76;2,50;79,88;48,08;0;United Kingdom;Western Europe;"Elsevier Ltd";"1988-2026";"Strategy and Management (Q1); Applied Psychology (Q2)";"Business, Management and Accounting; Psychology"
321;25561;"Futures";journal;"00163287";"Elsevier Ltd";No;No;0,970;Q1;114;138;302;8722;1259;300;4,35;63,20;37,92;45;United Kingdom;Western Europe;"Elsevier Ltd";"1968-2026";"Business and International Management (Q1); Development (Q1); Sociology and Political Science (Q1)";"Business, Management and Accounting; Social Sciences"
322;130065;"Journal of Enterprise Information Management";journal;"17410398";"Emerald Publishing";No;No;0,968;Q2;100;46;200;4282;1090;196;4,87;93,09;22,46;0;United Kingdom;Western Europe;"Emerald Publishing";"2004-2026";"Information Systems (Q1); Library and Information Sciences (Q1); Decision Sciences (miscellaneous) (Q2); Management of Technology and Innovation (Q2)";"Business, Management and Accounting; Computer Science; Decision Sciences; Social Sciences"
323;17914;"Venture Capital";journal;"14645343, 13691066";"Routledge";No;No;0,966;Q1;71;15;49;1019;212;46;4,19;67,93;35,48;5;United Kingdom;Western Europe;"Routledge";"1999-2026";"Business and International Management (Q1); Finance (Q1)";"Business, Management and Accounting; Economics, Econometrics and Finance"
324;144921;"International Journal of Retail and Distribution Management";journal;"09590552";"Emerald Publishing";No;No;0,964;Q1;113;78;218;6093;1065;216;4,11;78,12;55,39;0;United Kingdom;Western Europe;"Emerald Publishing";"1990-2026";"Business and International Management (Q1); Tourism, Leisure and Hospitality Management (Q1); Marketing (Q2)";"Business, Management and Accounting"
325;88345;"Journal of Global Optimization";journal;"09255001, 15732916";"Springer Netherlands";No;No;0,962;Q1;105;121;370;4363;806;363;1,90;36,06;25,83;2;Netherlands;Western Europe;"Springer Netherlands";"1991-2026";"Applied Mathematics (Q1); Business, Management and Accounting (miscellaneous) (Q1); Control and Optimization (Q1); Computer Science Applications (Q2); Management Science and Operations Research (Q2)";"Business, Management and Accounting; Computer Science; Decision Sciences; Mathematics"
326;29780;"IEEE Engineering Management Review";journal;"03608581, 19374178";"Institute of Electrical and Electronics Engineers Inc.";No;No;0,960;Q1;49;79;254;2264;895;248;4,30;28,66;27,17;0;United States;Northern America;"Institute of Electrical and Electronics Engineers Inc.";"1973-1987, 1991, 1993-2026";"Electrical and Electronic Engineering (Q1); Strategy and Management (Q1); Management of Technology and Innovation (Q2)";"Business, Management and Accounting; Engineering"
327;21899;"Nonprofit Management and Leadership";journal;"10486682, 15427854";"John Wiley and Sons Inc";No;No;0,959;Q1;72;40;113;2229;242;102;1,99;55,73;48,05;5;United States;Northern America;"John Wiley and Sons Inc";"1990-2026";"Strategy and Management (Q1)";"Business, Management and Accounting"
328;28708;"National Tax Journal";journal;"19447477, 00280283";"University of Chicago Press";No;No;0,958;Q1;72;35;108;1258;135;104;1,30;35,94;25,86;25;United States;Northern America;"University of Chicago Press";"1985, 1989, 1995-2026";"Accounting (Q1); Finance (Q1); Economics and Econometrics (Q2)";"Business, Management and Accounting; Economics, Econometrics and Finance"
329;16800154724;"Journal of Vacation Marketing";journal;"13567667, 14791870";"SAGE Publications Ltd";No;No;0,956;Q1;87;29;88;2289;338;88;3,89;78,93;49,40;1;United Kingdom;Western Europe;"SAGE Publications Ltd";"1994-2026";"Tourism, Leisure and Hospitality Management (Q1)";"Business, Management and Accounting"
330;11500153401;"Cornell Hospitality Quarterly";journal;"19389663, 19389655";"SAGE Publications Inc.";No;No;0,953;Q1;100;38;106;2112;300;93;2,85;55,58;41,67;2;United States;Northern America;"SAGE Publications Inc.";"2008-2026";"Tourism, Leisure and Hospitality Management (Q1)";"Business, Management and Accounting"
331;20002;"Economic Inquiry";journal;"00952583, 14657295";"Wiley-Blackwell Publishing Ltd";No;No;0,948;Q1;93;90;338;3934;550;334;1,36;43,71;19,91;38;United Kingdom;Western Europe;"Wiley-Blackwell Publishing Ltd";"1962-2026";"Business, Management and Accounting (miscellaneous) (Q1); Economics and Econometrics (Q2)";"Business, Management and Accounting; Economics, Econometrics and Finance"
332;13382;"Health Care Management Review";journal;"15505030, 03616274";"Lippincott Williams and Wilkins Ltd.";No;No;0,948;Q1;71;48;119;1648;321;108;2,28;34,33;54,70;0;United States;Northern America;"Lippincott Williams and Wilkins Ltd.";"1976-2026";"Health Policy (Q1); Leadership and Management (Q1); Strategy and Management (Q1)";"Business, Management and Accounting; Medicine; Nursing"
333;13194;"Career Development Quarterly";journal;"21610045, 08894019";"Wiley-Blackwell";No;No;0,948;Q2;70;27;81;1133;267;80;2,33;41,96;62,20;3;United States;Northern America;"Wiley-Blackwell";"1986-2026";"Psychology (miscellaneous) (Q1); Applied Psychology (Q2); Organizational Behavior and Human Resource Management (Q2)";"Business, Management and Accounting; Psychology"
334;13896;"Construction Management and Economics";journal;"01446193, 1466433X";"Taylor and Francis Ltd.";No;No;0,947;Q1;121;58;173;3945;650;161;3,42;68,02;33,73;10;United Kingdom;Western Europe;"Taylor and Francis Ltd.";"1983-2026";"Building and Construction (Q1); Industrial and Manufacturing Engineering (Q1); Management Information Systems (Q1)";"Business, Management and Accounting; Engineering"
335;28994;"Journal of Evolutionary Economics";journal;"09369937, 14321386";"Springer New York";No;No;0,946;Q1;89;55;158;3749;430;153;2,32;68,16;30,40;11;Germany;Western Europe;"Springer New York";"1991-2026";"Business, Management and Accounting (miscellaneous) (Q1); Economics and Econometrics (Q2)";"Business, Management and Accounting; Economics, Econometrics and Finance"
336;19900193217;"Journal of Emerging Technologies in Accounting";journal;"15541908, 15587940";"American Accounting Association";No;No;0,946;Q2;34;31;74;1095;240;64;2,87;35,32;40,98;0;United States;Northern America;"American Accounting Association";"2009-2025";"Accounting (Q2); Computer Science Applications (Q2)";"Business, Management and Accounting; Computer Science"
337;17700156769;"Journal of Brand Management";journal;"14791803, 1350231X";"Palgrave Macmillan Ltd.";No;No;0,942;Q1;81;42;145;3849;576;140;3,74;91,64;43,52;1;United Kingdom;Western Europe;"Palgrave Macmillan Ltd.";"2005, 2008-2026";"Strategy and Management (Q1); Marketing (Q2)";"Business, Management and Accounting"
338;144986;"Career Development International";journal;"13620436";"Emerald Group Publishing Ltd.";No;No;0,938;Q2;92;45;118;3221;423;114;2,18;71,58;53,23;0;United Kingdom;Western Europe;"Emerald Group Publishing Ltd.";"1996-2026";"Social Sciences (miscellaneous) (Q1); Organizational Behavior and Human Resource Management (Q2)";"Business, Management and Accounting; Social Sciences"
339;21100890672;"Financial Innovation";journal;"21994730";"SpringerOpen";Yes;Yes;0,937;Q2;66;93;124;5471;752;108;6,62;58,83;20,10;12;Germany;Western Europe;"SpringerOpen";"2015-2026";"Finance (Q1); Management of Technology and Innovation (Q2)";"Business, Management and Accounting; Economics, Econometrics and Finance"
340;18300156733;"Foundations and Trends in Marketing";journal;"15550761, 15550753";"Now Publishers Inc";No;No;0,935;Q2;18;1;13;127;31;13;1,38;127,00;0,00;1;United States;Northern America;"Now Publishers Inc";"2006-2007, 2009-2025";"Economics and Econometrics (Q2); Marketing (Q2)";"Business, Management and Accounting; Economics, Econometrics and Finance"
341;20500195043;"Research in Transportation Business and Management";journal;"22105395";"Elsevier B.V.";No;No;0,934;Q1;65;85;172;5657;736;162;3,80;66,55;37,83;15;Netherlands;Western Europe;"Elsevier B.V.";"2011-2026";"Business and International Management (Q1); Economics, Econometrics and Finance (miscellaneous) (Q1); Strategy and Management (Q1); Tourism, Leisure and Hospitality Management (Q1); Decision Sciences (miscellaneous) (Q2); Management Science and Operations Research (Q2); Transportation (Q2)";"Business, Management and Accounting; Decision Sciences; Economics, Econometrics and Finance; Social Sciences"
342;4700152784;"Journal of Internet Commerce";journal;"1533287X, 15332861";"Routledge";No;No;0,934;Q2;51;21;55;1940;285;55;4,83;92,38;44,44;1;United States;Northern America;"Routledge";"2002-2026";"Human-Computer Interaction (Q2); Management of Technology and Innovation (Q2)";"Business, Management and Accounting; Computer Science"
343;21101023092;"Journal of Competitiveness";journal;"18041728, 1804171X";"Tomas Bata University in Zlín";Yes;No;0,930;Q1;45;40;120;2040;524;120;4,60;51,00;42,96;2;Czech Republic;Eastern Europe;"Tomas Bata University in Zlín";"2016-2025";"Business, Management and Accounting (miscellaneous) (Q1); Economics, Econometrics and Finance (miscellaneous) (Q1)";"Business, Management and Accounting; Economics, Econometrics and Finance"
344;145732;"Tourist Studies";journal;"17413206, 14687976";"SAGE Publications Ltd";No;No;0,928;Q1;65;36;77;2368;237;77;3,14;65,78;41,79;3;United Kingdom;Western Europe;"SAGE Publications Ltd";"2001-2026";"Tourism, Leisure and Hospitality Management (Q1)";"Business, Management and Accounting"
345;144670;"Marketing Intelligence and Planning";journal;"02634503";"Emerald Group Publishing Ltd.";No;No;0,926;Q2;97;57;184;3701;698;183;3,64;64,93;33,81;0;United Kingdom;Western Europe;"Emerald Group Publishing Ltd.";"1983-2026";"Marketing (Q2)";"Business, Management and Accounting"
346;20193;"Business Ethics";journal;"09628770, 14678608";"John Wiley and Sons Inc";No;No;0,925;Q1;0;0;0;0;0;0;0,00;0,00;0,00;0;United Kingdom;Western Europe;"John Wiley and Sons Inc";"1992-1995, 1997, 1999, 2001, 2008, 2010-2021";"Business and International Management (Q1); Economics and Econometrics (Q2)";"Business, Management and Accounting; Economics, Econometrics and Finance"
347;24389;"Journal of Industrial Economics";journal;"14676451, 00221821";"Wiley-Blackwell Publishing Ltd";No;No;0,920;Q1;92;29;67;1081;88;67;0,73;37,28;24,56;9;United Kingdom;Western Europe;"Wiley-Blackwell Publishing Ltd";"1978-1989, 1996-2026";"Business, Management and Accounting (miscellaneous) (Q1); Accounting (Q2); Economics and Econometrics (Q2)";"Business, Management and Accounting; Economics, Econometrics and Finance"
348;15700154705;"Operations Management Research";journal;"19369743, 19369735";"Springer New York";No;No;0,917;Q1;57;32;35;2070;125;31;3,75;64,69;27,38;3;United States;Northern America;"Springer New York";"2008-2026";"Industrial and Manufacturing Engineering (Q1); Strategy and Management (Q1); Management of Technology and Innovation (Q2); Management Science and Operations Research (Q2)";"Business, Management and Accounting; Decision Sciences; Engineering"
349;11400153332;"Asia Pacific Journal of Human Resources";journal;"10384111, 17447941";"Wiley-Blackwell";No;No;0,917;Q2;52;31;81;1930;291;77;2,66;62,26;45,00;5;United States;Northern America;"Wiley-Blackwell";"1966-1967, 1970, 1972-1974, 1976, 1978-1999, 2007-2026";"Organizational Behavior and Human Resource Management (Q2)";"Business, Management and Accounting"
350;130081;"Leadership and Organization Development Journal";journal;"01437739";"Emerald Group Publishing Ltd.";No;No;0,913;Q1;96;76;200;4996;752;200;3,21;65,74;48,05;0;United Kingdom;Western Europe;"Emerald Group Publishing Ltd.";"1980-2026";"Business, Management and Accounting (miscellaneous) (Q1); Organizational Behavior and Human Resource Management (Q2)";"Business, Management and Accounting"
351;23839;"Journal of Business and Technical Communication";journal;"15524574, 10506519";"SAGE Publications Inc.";No;No;0,911;Q1;50;36;46;992;134;45;2,53;27,56;45,76;3;United States;Northern America;"SAGE Publications Inc.";"1987-2026";"Business and International Management (Q1); Business, Management and Accounting (miscellaneous) (Q1); Communication (Q1)";"Business, Management and Accounting; Social Sciences"
352;16082;"Economic and Industrial Democracy";journal;"0143831X, 14617099";"SAGE Publications Ltd";No;No;0,909;Q1;55;65;132;3914;266;117;1,93;60,22;40,29;0;United Kingdom;Western Europe;"SAGE Publications Ltd";"1980-2026";"Business, Management and Accounting (miscellaneous) (Q1); Strategy and Management (Q1); Management of Technology and Innovation (Q2); Organizational Behavior and Human Resource Management (Q2)";"Business, Management and Accounting"
353;22954;"Journal of Marketing Communications";journal;"14664445, 13527266";"Routledge";No;No;0,904;Q1;70;44;140;3178;460;139;2,93;72,23;48,98;1;United Kingdom;Western Europe;"Routledge";"1995-2026";"Business and International Management (Q1); Marketing (Q2)";"Business, Management and Accounting"
354;3900148211;"International Journal of Integrated Supply Management";journal;"14775360, 17418097";"Inderscience Enterprises Ltd";No;No;0,901;Q1;25;19;36;1191;110;35;3,13;62,68;30,36;0;United Kingdom;Western Europe;"Inderscience Enterprises Ltd";"2004-2025";"Strategy and Management (Q1); Marketing (Q2)";"Business, Management and Accounting"
355;22949;"Research Technology Management";journal;"19300166, 08956308";"Taylor and Francis Ltd.";No;No;0,901;Q1;86;63;197;828;412;96;1,35;13,14;34,21;3;United Kingdom;Western Europe;"Taylor and Francis Ltd.";"1988-1989, 1995-2026";"Engineering (miscellaneous) (Q1); Strategy and Management (Q1); Management of Technology and Innovation (Q2)";"Business, Management and Accounting; Engineering"
356;19700169885;"European Sport Management Quarterly";journal;"1746031X, 16184742";"Routledge";No;No;0,899;Q1;63;41;110;2434;417;107;3,66;59,37;24,78;10;United Kingdom;Western Europe;"Routledge";"2010-2026";"Strategy and Management (Q1); Tourism, Leisure and Hospitality Management (Q1); Sports Science (Q2)";"Business, Management and Accounting; Health Professions"
357;20793;"Benchmarking";journal;"14635771";"Emerald Publishing";No;No;0,894;Q1;104;85;469;8368;2140;467;4,56;98,45;28,37;0;United Kingdom;Western Europe;"Emerald Publishing";"1999-2026";"Business and International Management (Q1); Strategy and Management (Q1)";"Business, Management and Accounting"
358;63777;"Personnel Review";journal;"00483486";"Emerald Group Publishing Ltd.";No;No;0,891;Q2;104;100;283;7758;974;281;3,00;77,58;45,06;0;United Kingdom;Western Europe;"Emerald Group Publishing Ltd.";"1971-2026";"Applied Psychology (Q2); Organizational Behavior and Human Resource Management (Q2)";"Business, Management and Accounting; Psychology"
359;12117;"Asia Pacific Journal of Tourism Research";journal;"10941665, 17416507";"Taylor and Francis Ltd.";No;No;0,888;Q1;75;91;263;6733;1016;259;3,43;73,99;36,05;4;United Kingdom;Western Europe;"Taylor and Francis Ltd.";"2003-2026";"Geography, Planning and Development (Q1); Tourism, Leisure and Hospitality Management (Q1)";"Business, Management and Accounting; Social Sciences"
360;21100218364;"Creativity and Innovation Management";journal;"09631690, 14678691";"John Wiley and Sons Ltd";No;No;0,887;Q1;87;56;150;4939;509;136;3,02;88,20;39,49;6;United Kingdom;Western Europe;"John Wiley and Sons Ltd";"1992-2026";"Strategy and Management (Q1); Management of Technology and Innovation (Q2)";"Business, Management and Accounting"
361;21100278302;"Management Review Quarterly";journal;"21981639, 21981620";"Springer Nature";No;No;0,886;Q1;54;23;48;2549;266;43;4,03;110,83;33,33;7;Switzerland;Western Europe;"Springer Nature";"2014-2026";"Business, Management and Accounting (miscellaneous) (Q1); Strategy and Management (Q1)";"Business, Management and Accounting"
362;145229;"International Journal of Bank Marketing";journal;"02652323";"Emerald Group Publishing Ltd.";No;No;0,886;Q2;123;59;237;4819;1164;235;4,92;81,68;37,50;0;United Kingdom;Western Europe;"Emerald Group Publishing Ltd.";"1983-2026";"Marketing (Q2)";"Business, Management and Accounting"
363;23582;"Journal of Real Estate Finance and Economics";journal;"1573045X, 08955638";"Springer Netherlands";No;No;0,886;Q2;78;47;146;1858;254;144;1,47;39,53;27,93;10;Netherlands;Western Europe;"Springer Netherlands";"1988-2026";"Finance (Q1); Urban Studies (Q1); Accounting (Q2); Economics and Econometrics (Q2)";"Business, Management and Accounting; Economics, Econometrics and Finance; Social Sciences"
364;14788;"Human Performance";journal;"08959285, 15327043";"Routledge";No;No;0,884;Q2;87;19;47;1632;135;47;2,67;85,89;45,90;2;United States;Northern America;"Routledge";"1988-2026";"Psychology (miscellaneous) (Q1); Applied Psychology (Q2); Organizational Behavior and Human Resource Management (Q2)";"Business, Management and Accounting; Psychology"
365;5000153402;"Journal of Marketing Theory and Practice";journal;"10696679, 19447175";"Routledge";No;No;0,884;Q2;68;37;90;3004;270;86;2,52;81,19;34,44;0;United Kingdom;Western Europe;"Routledge";"1995, 1999-2000, 2002, 2005-2026";"Marketing (Q2)";"Business, Management and Accounting"
366;7000153208;"Service Business";journal;"18628508, 18628516";"Springer Verlag";No;No;0,883;Q1;54;29;90;2630;397;89;4,46;90,69;42,53;2;Germany;Western Europe;"Springer Verlag";"2007-2026";"Business and International Management (Q1); Strategy and Management (Q1)";"Business, Management and Accounting"
367;17359;"IEEE Transactions on Engineering Management";journal;"00189391, 15580040";"Institute of Electrical and Electronics Engineers Inc.";No;No;0,881;Q2;124;146;218;9848;1003;207;4,60;67,45;31,38;0;United States;Northern America;"Institute of Electrical and Electronics Engineers Inc.";"1969-2026";"Electrical and Electronic Engineering (Q1); Strategy and Management (Q2)";"Business, Management and Accounting; Engineering"
368;22236;"Journal of the Operational Research Society";journal;"01605682, 14769360";"Taylor and Francis Ltd.";No;No;0,880;Q1;134;200;442;8924;1335;436;2,85;44,62;28,15;3;United Kingdom;Western Europe;"Taylor and Francis Ltd.";"1978-2026";"Management Information Systems (Q1); Modeling and Simulation (Q1); Management Science and Operations Research (Q2); Marketing (Q2); Statistics, Probability and Uncertainty (Q2); Strategy and Management (Q2)";"Business, Management and Accounting; Decision Sciences; Mathematics"
369;16563;"Tourism Recreation Research";journal;"02508281, 23200308";"Taylor and Francis Ltd.";No;No;0,877;Q2;76;40;155;2886;560;149;3,65;72,15;36,56;5;United Kingdom;Western Europe;"Taylor and Francis Ltd.";"1976-2026";"Cultural Studies (Q1); Geography, Planning and Development (Q1); Management, Monitoring, Policy and Law (Q1); Tourism, Leisure and Hospitality Management (Q2)";"Business, Management and Accounting; Environmental Science; Social Sciences"
370;17700156774;"European Management Review";journal;"17404762, 17404754";"Wiley-Blackwell";No;No;0,874;Q1;54;48;186;3875;487;165;2,48;80,73;30,56;5;United States;Northern America;"Wiley-Blackwell";"2004, 2006, 2009-2026";"Business and International Management (Q1); Strategy and Management (Q2)";"Business, Management and Accounting"
371;21100872102;"Journal of Organizational Effectiveness";journal;"20516614, 20516622";"Emerald Group Holdings Ltd.";No;No;0,867;Q2;37;23;54;2001;193;54;3,45;87,00;46,43;0;United Kingdom;Western Europe;"Emerald Group Holdings Ltd.";"2014-2026";"Organizational Behavior and Human Resource Management (Q2)";"Business, Management and Accounting"
372;16400154777;"Asia Pacific Management Review";journal;"10293132";"National Cheng Kung University";Yes;No;0,861;Q1;51;28;90;1635;338;85;3,97;58,39;39,34;3;Taiwan;Asiatic Region;"National Cheng Kung University";"2002, 2007-2026";"Business and International Management (Q1); Strategy and Management (Q2)";"Business, Management and Accounting"
373;145349;"Business and Politics";journal;"13695258, 14693569";"Cambridge University Press";Yes;No;0,861;Q1;42;24;69;1609;184;69;2,41;67,04;33,33;7;United Kingdom;Western Europe;"Cambridge University Press";"1999-2000, 2004-2026";"Industrial Relations (Q1); Political Science and International Relations (Q1)";"Business, Management and Accounting; Social Sciences"
374;20672;"Journal of Productivity Analysis";journal;"0895562X, 15730441";"Springer Netherlands";No;No;0,861;Q1;96;26;73;1069;182;72;2,45;41,12;24,53;3;Netherlands;Western Europe;"Springer Netherlands";"1989-2026";"Business and International Management (Q1); Social Sciences (miscellaneous) (Q1); Economics and Econometrics (Q2)";"Business, Management and Accounting; Economics, Econometrics and Finance; Social Sciences"
375;21100255381;"Competition and Change";journal;"10245294, 14772221";"SAGE Publications Inc.";No;No;0,859;Q1;39;28;72;2357;207;70;3,02;84,18;33,33;13;United Kingdom;Western Europe;"SAGE Publications Inc.";"2013-2026";"Business, Management and Accounting (miscellaneous) (Q1)";"Business, Management and Accounting"
376;28034;"Accounting and Business Research";journal;"21594260, 00014788";"Routledge";No;No;0,857;Q2;77;31;105;2504;290;100;2,32;80,77;43,04;2;United Kingdom;Western Europe;"Routledge";"1970-2026";"Finance (Q1); Accounting (Q2)";"Business, Management and Accounting; Economics, Econometrics and Finance"
377;21100856611;"Journal of Responsible Innovation";journal;"23299460, 23299037";"Taylor and Francis Ltd.";Yes;No;0,856;Q2;46;27;132;1576;405;108;2,99;58,37;39,78;11;United Kingdom;Western Europe;"Taylor and Francis Ltd.";"2014-2026";"Information Systems and Management (Q1); Management of Technology and Innovation (Q2); Strategy and Management (Q2)";"Business, Management and Accounting; Decision Sciences"
378;56494;"OR Spectrum";journal;"01716468, 14366304";"Springer Verlag";No;No;0,853;Q1;85;35;107;1753;217;102;1,90;50,09;27,45;1;Germany;Western Europe;"Springer Verlag";"1979-2026";"Business, Management and Accounting (miscellaneous) (Q1); Management Science and Operations Research (Q2)";"Business, Management and Accounting; Decision Sciences"
379;21100200804;"ACM Transactions on Management Information Systems";journal;"21586578, 2158656X";"Association for Computing Machinery";No;No;0,851;Q1;45;47;57;2439;289;55;2,89;51,89;27,93;2;United States;Northern America;"Association for Computing Machinery";"2010-2025";"Computer Science (miscellaneous) (Q1); Management Information Systems (Q1)";"Business, Management and Accounting; Computer Science"
380;18500157300;"Corporate Governance (Bingley)";journal;"14720701";"Emerald Group Publishing Ltd.";No;No;0,847;Q1;94;60;225;4566;849;223;3,81;76,10;32,12;0;United Kingdom;Western Europe;"Emerald Group Publishing Ltd.";"2001-2026";"Business, Management and Accounting (miscellaneous) (Q1)";"Business, Management and Accounting"
381;21100275426;"Journal of Industrial and Business Economics";journal;"03912078, 19724977";"Springer Nature";No;No;0,846;Q1;29;32;85;1206;369;81;5,54;37,69;32,65;3;Switzerland;Western Europe;"Springer Nature";"2013-2026";"Business and International Management (Q1); Business, Management and Accounting (miscellaneous) (Q1); Economics, Econometrics and Finance (miscellaneous) (Q1); Economics and Econometrics (Q2)";"Business, Management and Accounting; Economics, Econometrics and Finance"
382;145291;"Business Process Management Journal";journal;"14637154";"Emerald Group Publishing Ltd.";No;No;0,844;Q1;108;66;262;5388;1151;254;4,13;81,64;29,53;0;United Kingdom;Western Europe;"Emerald Group Publishing Ltd.";"1997-2026";"Business and International Management (Q1); Business, Management and Accounting (miscellaneous) (Q1)";"Business, Management and Accounting"
383;22751;"Journal of Economic Inequality";journal;"15691721, 15738701";"Springer Netherlands";No;No;0,841;Q2;54;38;80;1755;140;78;1,46;46,18;20,00;24;Netherlands;Western Europe;"Springer Netherlands";"2003-2026";"Economics, Econometrics and Finance (miscellaneous) (Q1); Sociology and Political Science (Q1); Organizational Behavior and Human Resource Management (Q2)";"Business, Management and Accounting; Economics, Econometrics and Finance; Social Sciences"
384;19900191973;"Tourism Planning and Development";journal;"21568324, 21568316";"Routledge";No;No;0,840;Q1;56;36;122;2419;561;116;5,31;67,19;41,10;1;United Kingdom;Western Europe;"Routledge";"2011-2026";"Business and International Management (Q1); Development (Q1); Tourism, Leisure and Hospitality Management (Q2)";"Business, Management and Accounting; Social Sciences"
385;19400158466;"JMM International Journal on Media Management";journal;"14241250, 14241277";"Taylor and Francis Ltd.";No;No;0,839;Q2;32;11;35;890;83;33;2,32;80,91;51,85;1;United Kingdom;Western Europe;"Taylor and Francis Ltd.";"2009-2026";"Communication (Q1); Strategy and Management (Q2)";"Business, Management and Accounting; Social Sciences"
386;15725;"Voluntas";journal;"09578765, 15737888";"Cambridge University Press";No;No;0,837;Q1;77;98;284;6367;722;284;2,44;64,97;54,81;16;United States;Northern America;"Cambridge University Press";"1990-2025";"Business and International Management (Q1); Geography, Planning and Development (Q1); Public Administration (Q1); Sociology and Political Science (Q1); Strategy and Management (Q2)";"Business, Management and Accounting; Social Sciences"
387;145078;"Accounting Forum";journal;"01559982, 14676303";"Taylor and Francis Ltd.";No;No;0,836;Q2;70;19;63;1371;204;57;3,65;72,16;36,00;1;United Kingdom;Western Europe;"Taylor and Francis Ltd.";"2004-2026";"Finance (Q1); Accounting (Q2)";"Business, Management and Accounting; Economics, Econometrics and Finance"
388;24734;"American Journal of Evaluation";journal;"10982140, 15570878";"SAGE Publications Inc.";No;No;0,833;Q1;74;34;106;1777;222;100;1,92;52,26;70,30;13;United States;Northern America;"SAGE Publications Inc.";"1981-2026";"Business and International Management (Q1); Education (Q1); Health (social science) (Q1); Sociology and Political Science (Q1); Social Psychology (Q2); Strategy and Management (Q2)";"Business, Management and Accounting; Psychology; Social Sciences"
389;15496;"International Journal of Intercultural Relations";journal;"01471767";"Elsevier Ltd";No;No;0,833;Q1;113;141;190;9373;636;188;2,79;66,48;61,62;13;United Kingdom;Western Europe;"Elsevier Ltd";"1977-2026";"Business and International Management (Q1); Sociology and Political Science (Q1); Social Psychology (Q2)";"Business, Management and Accounting; Psychology; Social Sciences"
390;21101020112;"Big Data and Cognitive Computing";journal;"25042289";"Multidisciplinary Digital Publishing Institute (MDPI)";Yes;No;0,828;Q1;59;80;129;4518;639;128;4,26;56,48;25,62;9;Switzerland;Western Europe;"Multidisciplinary Digital Publishing Institute (MDPI)";"2017-2026";"Management Information Systems (Q1); Artificial Intelligence (Q2); Computer Science Applications (Q2); Information Systems (Q2)";"Business, Management and Accounting; Computer Science"
391;24378;"Journal of Economics and Business";journal;"01486195";"Elsevier Inc.";No;No;0,827;Q1;65;34;87;1570;355;85;1,78;46,18;17,65;8;United States;Northern America;"Elsevier Inc.";"1978, 1980, 1982-2026";"Business, Management and Accounting (miscellaneous) (Q1); Economics and Econometrics (Q2)";"Business, Management and Accounting; Economics, Econometrics and Finance"
392;21100788918;"Human Resource Development International";journal;"13678868, 14698374";"Taylor and Francis Ltd.";No;No;0,823;Q2;71;29;108;1623;340;93;3,77;55,97;62,96;2;United Kingdom;Western Europe;"Taylor and Francis Ltd.";"1998-2026";"Organizational Behavior and Human Resource Management (Q2)";"Business, Management and Accounting"
393;21100206607;"International Journal of Management Education";journal;"14728117";"Elsevier B.V.";No;No;0,819;Q2;74;109;140;8428;664;139;4,81;77,32;45,09;10;Netherlands;Western Europe;"Elsevier B.V.";"1970, 2012-2026";"Education (Q1); Strategy and Management (Q2)";"Business, Management and Accounting; Social Sciences"
394;21100455460;"Journal of Heritage Tourism";journal;"1743873X, 17476631";"Taylor and Francis Ltd.";No;No;0,819;Q2;55;41;127;2618;439;118;3,24;63,85;51,72;0;United Kingdom;Western Europe;"Taylor and Francis Ltd.";"2006-2026";"History (Q1); Tourism, Leisure and Hospitality Management (Q2)";"Arts and Humanities; Business, Management and Accounting"
395;24842;"International Journal of Selection and Assessment";journal;"14682389, 0965075X";"Wiley-Blackwell Publishing Ltd";No;No;0,817;Q1;79;36;91;2235;197;89;2,25;62,08;38,66;2;United Kingdom;Western Europe;"Wiley-Blackwell Publishing Ltd";"1993-2026";"Business, Management and Accounting (miscellaneous) (Q1); Applied Psychology (Q2); Management of Technology and Innovation (Q2); Psychology (miscellaneous) (Q2); Strategy and Management (Q2)";"Business, Management and Accounting; Psychology"
396;17900156718;"Journal of Strategic Marketing";journal;"0965254X, 14664488";"Routledge";No;No;0,816;Q2;76;36;133;2921;518;131;3,78;81,14;40,70;0;United Kingdom;Western Europe;"Routledge";"1984, 1993-2026";"Marketing (Q2); Strategy and Management (Q2)";"Business, Management and Accounting"
397;21100872187;"Journal of Tourism Futures";journal;"20555911, 2055592X";"Emarald Group Publishing Ltd";Yes;Yes;0,811;Q2;49;14;136;641;531;127;3,94;45,79;34,48;0;United Kingdom;Western Europe;"Emarald Group Publishing Ltd";"2015-2026";"Geography, Planning and Development (Q1); Nature and Landscape Conservation (Q1); Management, Monitoring, Policy and Law (Q2); Tourism, Leisure and Hospitality Management (Q2)";"Business, Management and Accounting; Environmental Science; Social Sciences"
398;21100248925;"International Economics";journal;"21107017";"Elsevier B.V.";No;No;0,809;Q1;44;53;134;2567;471;130;3,53;48,43;13,27;20;Netherlands;Western Europe;"Elsevier B.V.";"2010-2026";"Business, Management and Accounting (miscellaneous) (Q1); Economics, Econometrics and Finance (miscellaneous) (Q1)";"Business, Management and Accounting; Economics, Econometrics and Finance"
399;24342;"Journal of Business Economics";journal;"00442372, 18618928";"Springer Science and Business Media Deutschland GmbH";No;No;0,808;Q1;43;49;124;4014;374;113;3,06;81,92;23,08;6;Germany;Western Europe;"Springer Science and Business Media Deutschland GmbH";"1973-1979, 2013-2026";"Business and International Management (Q1); Economics and Econometrics (Q2)";"Business, Management and Accounting; Economics, Econometrics and Finance"
400;21100887531;"Administrative Theory and Praxis";journal;"19490461, 10841806";"Taylor and Francis Ltd.";No;No;0,806;Q1;23;27;94;1585;235;89;3,18;58,70;59,52;4;United Kingdom;Western Europe;"Taylor and Francis Ltd.";"2018-2026";"Business and International Management (Q1); Public Administration (Q1); Sociology and Political Science (Q1); Strategy and Management (Q2)";"Business, Management and Accounting; Social Sciences"
401;10600153365;"Economics of Innovation and New Technology";journal;"14768364, 10438599";"Routledge";No;No;0,804;Q2;75;38;133;2715;356;130;2,69;71,45;19,54;14;United Kingdom;Western Europe;"Routledge";"1990-2026";"Economics, Econometrics and Finance (miscellaneous) (Q1); Management of Technology and Innovation (Q2)";"Business, Management and Accounting; Economics, Econometrics and Finance"
402;19900193855;"Revista de Psicologia del Trabajo y de las Organizaciones";journal;"15765962, 21740534";"Colegio Oficial de Psicologos de Madrid";Yes;Yes;0,804;Q2;36;19;69;1658;242;69;3,80;87,26;60,29;0;Spain;Western Europe;"Colegio Oficial de Psicologos de Madrid";"2011-2025";"Organizational Behavior and Human Resource Management (Q2); Social Psychology (Q2)";"Business, Management and Accounting; Psychology"
403;21100247045;"Journal of Co-operative Organization and Management";journal;"2213297X";"Elsevier B.V.";No;No;0,803;Q1;27;18;34;1300;113;34;3,00;72,22;43,59;5;Netherlands;Western Europe;"Elsevier B.V.";"2013-2025";"Business and International Management (Q1); Strategy and Management (Q2)";"Business, Management and Accounting"
404;21100395911;"Asia Pacific Journal of Marketing and Logistics";journal;"13555855, 17584248";"Emerald Group Publishing Ltd.";No;No;0,799;Q1;82;66;273;5322;1000;267;3,30;80,64;37,16;0;United Kingdom;Western Europe;"Emerald Group Publishing Ltd.";"1993-2026";"Business and International Management (Q1); Marketing (Q2); Strategy and Management (Q2)";"Business, Management and Accounting"
405;28894;"Journal of Leisure Research";journal;"00222216, 21596417";"Routledge";No;No;0,799;Q2;88;32;84;1991;227;76;2,58;62,22;37,84;2;United Kingdom;Western Europe;"Routledge";"1978-1989, 1991, 1996-2016, 2018-2026";"Environmental Science (miscellaneous) (Q1); Sociology and Political Science (Q1); Tourism, Leisure and Hospitality Management (Q2)";"Business, Management and Accounting; Environmental Science; Social Sciences"
406;29852;"Journal of Accounting Education";journal;"07485751";"Elsevier B.V.";No;No;0,798;Q2;51;26;72;1412;222;67;2,59;54,31;49,21;1;United Kingdom;Western Europe;"Elsevier B.V.";"1983-2026";"Education (Q1); Accounting (Q2)";"Business, Management and Accounting; Social Sciences"
407;21100242210;"Journal of Social Marketing";journal;"20426763, 20426771";"Emerald Publishing";No;No;0,796;Q2;39;30;77;2362;244;73;3,20;78,73;42,70;0;United Kingdom;Western Europe;"Emerald Publishing";"2011-2026";"Management of Technology and Innovation (Q2); Marketing (Q2)";"Business, Management and Accounting"
408;5700154545;"International Journal of Heritage Studies";journal;"14703610, 13527258";"Taylor and Francis Ltd.";No;No;0,791;Q2;72;79;235;4396;588;224;2,58;55,65;53,91;6;United Kingdom;Western Europe;"Taylor and Francis Ltd.";"1994-2026";"Conservation (Q1); Cultural Studies (Q1); Geography, Planning and Development (Q1); History (Q1); Museology (Q1); Tourism, Leisure and Hospitality Management (Q2)";"Arts and Humanities; Business, Management and Accounting; Social Sciences"
409;11700154369;"Australian Journal of Management";journal;"13272020, 03128962";"SAGE Publications Ltd";No;No;0,790;Q1;57;32;95;2366;291;94;3,48;73,94;36,14;2;United Kingdom;Western Europe;"SAGE Publications Ltd";"1976-2026";"Business, Management and Accounting (miscellaneous) (Q1)";"Business, Management and Accounting"
410;21100377744;"International Journal of Lean Six Sigma";journal;"20404166, 20404174";"Emerald Publishing";No;No;0,790;Q2;65;40;132;3341;655;129;4,75;83,53;14,74;0;United Kingdom;Western Europe;"Emerald Publishing";"2010-2026";"Industrial and Manufacturing Engineering (Q1); Management Science and Operations Research (Q2); Strategy and Management (Q2)";"Business, Management and Accounting; Decision Sciences; Engineering"
411;5700169068;"Multinational Business Review";journal;"1525383X, 20541686";"Emerald Publishing";No;No;0,788;Q1;47;15;72;1467;199;71;2,56;97,80;28,89;0;United Kingdom;Western Europe;"Emerald Publishing";"2003-2025";"Business and International Management (Q1); Business, Management and Accounting (miscellaneous) (Q1)";"Business, Management and Accounting"
412;21100790518;"International Journal of Management Science and Engineering Management";journal;"17509653, 17509661";"Taylor and Francis Ltd.";No;No;0,783;Q2;40;25;89;1095;308;88;3,81;43,80;25,86;0;United Kingdom;Western Europe;"Taylor and Francis Ltd.";"2006-2026";"Engineering (miscellaneous) (Q1); Information Systems and Management (Q1); Mechanical Engineering (Q1); Management Science and Operations Research (Q2); Strategy and Management (Q2)";"Business, Management and Accounting; Decision Sciences; Engineering"
413;22893;"Journal of Business and Industrial Marketing";journal;"08858624";"Emerald Group Publishing Ltd.";No;No;0,782;Q1;94;148;453;12273;1468;438;2,87;82,93;41,87;0;United Kingdom;Western Europe;"Emerald Group Publishing Ltd.";"1986-2026";"Business and International Management (Q1); Marketing (Q2)";"Business, Management and Accounting"
414;23651;"System Dynamics Review";journal;"10991727, 08837066";"John Wiley and Sons Ltd";No;No;0,782;Q2;72;16;58;722;135;48;2,11;45,13;35,29;2;United Kingdom;Western Europe;"John Wiley and Sons Ltd";"1985-2026";"Social Sciences (miscellaneous) (Q1); Management of Technology and Innovation (Q2); Strategy and Management (Q2)";"Business, Management and Accounting; Social Sciences"
415;23594;"World Economy";journal;"03785920, 14679701";"Wiley-Blackwell Publishing Ltd";No;No;0,780;Q2;90;138;427;6467;869;427;2,12;46,86;23,69;59;United Kingdom;Western Europe;"Wiley-Blackwell Publishing Ltd";"1977-2026";"Finance (Q1); Political Science and International Relations (Q1); Accounting (Q2); Economics and Econometrics (Q2)";"Business, Management and Accounting; Economics, Econometrics and Finance; Social Sciences"
416;17700156755;"Tourism and Hospitality Research";journal;"14673584, 17429692";"SAGE Publications Inc.";No;No;0,776;Q2;64;37;123;2552;394;123;3,09;68,97;49,04;1;United Kingdom;Western Europe;"SAGE Publications Inc.";"2004-2026";"Geography, Planning and Development (Q1); Tourism, Leisure and Hospitality Management (Q2)";"Business, Management and Accounting; Social Sciences"
417;11700154719;"Gender in Management";journal;"17542413";"Emerald Group Publishing Ltd.";No;No;0,775;Q1;76;50;120;3660;421;115;3,34;73,20;58,16;0;United Kingdom;Western Europe;"Emerald Group Publishing Ltd.";"2008-2026";"Business, Management and Accounting (miscellaneous) (Q1); Gender Studies (Q1)";"Business, Management and Accounting; Social Sciences"
418;144957;"Journal of Marketing Education";journal;"02734753, 15526550";"SAGE Publications Inc.";No;No;0,775;Q2;72;26;65;1661;256;56;3,98;63,88;50,82;2;United States;Northern America;"SAGE Publications Inc.";"1979-2025";"Education (Q1); Marketing (Q2)";"Business, Management and Accounting; Social Sciences"
419;21100379294;"Operations Research Perspectives";journal;"22147160";"Elsevier Ltd";Yes;No;0,775;Q2;41;27;110;1567;396;109;3,61;58,04;25,00;0;United Kingdom;Western Europe;"Elsevier Ltd";"2014-2026";"Control and Optimization (Q1); Management Science and Operations Research (Q2); Statistics and Probability (Q2); Strategy and Management (Q2)";"Business, Management and Accounting; Decision Sciences; Mathematics"
420;12100155405;"Innovation: Organization and Management";journal;"14479338";"Taylor and Francis Ltd.";No;No;0,774;Q2;50;23;69;1726;178;68;2,42;75,04;32,14;4;United Kingdom;Western Europe;"Taylor and Francis Ltd.";"2008-2026";"Management of Technology and Innovation (Q2)";"Business, Management and Accounting"
421;16525;"Journal of Portfolio Management";journal;"00954918";"Portfolio Management Research";No;No;0,773;Q1;67;119;247;2505;355;234;1,47;21,05;13,30;0;United States;Northern America;"Portfolio Management Research";"1986, 1988-1990, 1995-2026";"Business, Management and Accounting (miscellaneous) (Q1); Accounting (Q2); Economics and Econometrics (Q2); Finance (Q2)";"Business, Management and Accounting; Economics, Econometrics and Finance"
422;23729;"Total Quality Management and Business Excellence";journal;"14783363, 14783371";"Routledge";No;No;0,771;Q1;105;96;301;6501;1224;296;4,18;67,72;37,23;3;United Kingdom;Western Europe;"Routledge";"2003-2026";"Business, Management and Accounting (miscellaneous) (Q1)";"Business, Management and Accounting"
423;21100286445;"Journal of Current Issues and Research in Advertising";journal;"10641734, 21647313";"Taylor and Francis Ltd.";No;No;0,769;Q2;49;25;58;1658;127;56;2,35;66,32;52,73;2;United Kingdom;Western Europe;"Taylor and Francis Ltd.";"1992-2010, 2012-2026";"Marketing (Q2)";"Business, Management and Accounting"
424;19900193216;"Journal of Management Accounting Research";journal;"15588033, 10492127";"American Accounting Association";No;No;0,768;Q1;38;31;96;2066;142;93;1,03;66,65;36,99;0;United States;Northern America;"American Accounting Association";"2008-2025";"Business and International Management (Q1); Accounting (Q2)";"Business, Management and Accounting"
425;21100922610;"Journal of Professions and Organization";journal;"20518811, 20518803";"Oxford University Press";No;No;0,768;Q1;32;21;58;1543;236;58;4,08;73,48;42,55;2;United States;Northern America;"Oxford University Press";"2014-2026";"Business and International Management (Q1); Organizational Behavior and Human Resource Management (Q2); Strategy and Management (Q2)";"Business, Management and Accounting"
426;27132;"Jahrbucher fur Nationalokonomie und Statistik";journal;"2366049X, 00214027";"Walter de Gruyter GmbH";No;No;0,767;Q1;29;29;94;1044;211;88;2,70;36,00;37,29;13;Germany;Western Europe;"Walter de Gruyter GmbH";"1863, 1896, 1898-1903, 1905-1908, 1910, 1914, 1916, 1918, 1920, 1923, 1927-1928, 1944, 1949, 1959, 1978, 1980, 1982, 1985, 1987-1990, 1992-2026";"Business, Management and Accounting (miscellaneous) (Q1); Social Sciences (miscellaneous) (Q1); Economics and Econometrics (Q2)";"Business, Management and Accounting; Economics, Econometrics and Finance; Social Sciences"
427;21101017158;"International Journal of Innovation Studies";journal;"20962487, 25892975";"KeAi Publishing Communications Ltd.";Yes;Yes;0,767;Q2;30;14;30;862;150;30;3,67;61,57;38,46;5;China;Asiatic Region;"KeAi Publishing Communications Ltd.";"2017-2026";"Information Systems and Management (Q2); Management of Technology and Innovation (Q2); Strategy and Management (Q2)";"Business, Management and Accounting; Decision Sciences"
428;19700201530;"International Journal of Sport Policy and Politics";journal;"19406940, 19406959";"Taylor and Francis Ltd.";No;No;0,762;Q2;47;43;138;2870;326;133;2,24;66,74;31,46;11;United Kingdom;Western Europe;"Taylor and Francis Ltd.";"2010-2026";"Social Sciences (miscellaneous) (Q1); Tourism, Leisure and Hospitality Management (Q2)";"Business, Management and Accounting; Social Sciences"
429;21100890635;"Business Research";journal;"21983402, 21982627";"Springer Science and Business Media Deutschland GmbH";Yes;Yes;0,757;Q1;0;0;0;0;0;0;0,00;0,00;0,00;0;Switzerland;Western Europe;"Springer Science and Business Media Deutschland GmbH";"2008-2020";"Business, Management and Accounting (miscellaneous) (Q1)";"Business, Management and Accounting"
430;130111;"Clean Technologies and Environmental Policy";journal;"1618954X, 16189558";"Springer Science and Business Media Deutschland GmbH";No;No;0,756;Q1;93;202;487;9851;2005;457;4,43;48,77;33,07;15;Germany;Western Europe;"Springer Science and Business Media Deutschland GmbH";"1998, 2002, 2004-2026";"Business, Management and Accounting (miscellaneous) (Q1); Economics and Econometrics (Q2); Environmental Chemistry (Q2); Environmental Engineering (Q2); Management, Monitoring, Policy and Law (Q2)";"Business, Management and Accounting; Economics, Econometrics and Finance; Environmental Science"
431;21100373814;"BRQ Business Research Quarterly";journal;"23409444, 23409436";"SAGE Publications Inc.";Yes;Yes;0,751;Q1;51;10;80;435;307;76;3,17;43,50;22,22;3;United Kingdom;Western Europe;"SAGE Publications Inc.";"2014-2025";"Business and International Management (Q1); Business, Management and Accounting (miscellaneous) (Q1); Economics and Econometrics (Q2); Strategy and Management (Q2)";"Business, Management and Accounting; Economics, Econometrics and Finance"
432;21100227406;"Sustainability Accounting, Management and Policy Journal";journal;"20408021, 2040803X";"Emarald Group Publishing Ltd";No;No;0,748;Q1;68;52;131;4279;477;127;3,45;82,29;44,96;0;United Kingdom;Western Europe;"Emarald Group Publishing Ltd";"2010-2026";"Business, Management and Accounting (miscellaneous) (Q1); Renewable Energy, Sustainability and the Environment (Q2)";"Business, Management and Accounting; Energy"
433;11300153733;"Management in Education";journal;"17419883, 08920206";"SAGE Publications Ltd";No;No;0,745;Q2;35;33;95;829;87;58;0,45;25,12;54,55;5;United Kingdom;Western Europe;"SAGE Publications Ltd";"1987-2026";"Education (Q1); Strategy and Management (Q2)";"Business, Management and Accounting; Social Sciences"
434;19700188267;"Accounting Education";journal;"14684489, 09639284";"Routledge";No;No;0,743;Q2;58;26;83;1943;266;80;3,55;74,73;53,42;1;United Kingdom;Western Europe;"Routledge";"1992-1996, 1998, 2000-2026";"Education (Q1); Accounting (Q2)";"Business, Management and Accounting; Social Sciences"
435;11600153707;"Journal of Public Budgeting, Accounting and Financial Management";journal;"10963367, 19451814";"Emerald Group Publishing Ltd.";No;No;0,737;Q1;32;39;115;2242;301;114;3,09;57,49;41,24;0;United Kingdom;Western Europe;"Emerald Group Publishing Ltd.";"1995-1996, 2008, 2011-2026";"Business, Management and Accounting (miscellaneous) (Q1); Economics and Econometrics (Q2); Finance (Q2); Public Administration (Q2); Strategy and Management (Q2)";"Business, Management and Accounting; Economics, Econometrics and Finance; Social Sciences"
436;19786;"Utilities Policy";journal;"09571787";"Elsevier B.V.";No;No;0,736;Q1;72;121;280;7164;953;275;3,51;59,21;26,95;34;United Kingdom;Western Europe;"Elsevier B.V.";"1990-1995, 1997-2001, 2003-2026";"Business and International Management (Q1); Development (Q1); Law (Q1); Sociology and Political Science (Q1); Management, Monitoring, Policy and Law (Q2)";"Business, Management and Accounting; Environmental Science; Social Sciences"
437;21100446517;"International Journal of Managing Projects in Business";journal;"17538378, 17538386";"Emerald Publishing";No;No;0,735;Q1;57;67;184;5477;615;179;2,82;81,75;34,12;0;United Kingdom;Western Europe;"Emerald Publishing";"2008-2026";"Business and International Management (Q1); Management of Technology and Innovation (Q2); Strategy and Management (Q2)";"Business, Management and Accounting"
438;3200147830;"Journal of Accounting, Auditing and Finance";journal;"21604061, 0148558X";"SAGE Publications Ltd";No;No;0,735;Q2;68;35;85;1707;189;85;1,97;48,77;22,47;0;United Kingdom;Western Europe;"SAGE Publications Ltd";"1986-2026";"Economics, Econometrics and Finance (miscellaneous) (Q1); Accounting (Q2); Finance (Q2)";"Business, Management and Accounting; Economics, Econometrics and Finance"
439;144659;"Journal of Small Business and Enterprise Development";journal;"14626004";"Emerald Group Publishing Ltd.";No;No;0,731;Q1;97;56;152;4921;632;148;3,56;87,88;31,03;0;United Kingdom;Western Europe;"Emerald Group Publishing Ltd.";"1994-2026";"Business, Management and Accounting (miscellaneous) (Q1); Strategy and Management (Q2)";"Business, Management and Accounting"
440;14715;"Technology Analysis and Strategic Management";journal;"14653990, 09537325";"Routledge";No;No;0,731;Q2;96;98;315;4784;999;314;3,33;48,82;37,98;18;United Kingdom;Western Europe;"Routledge";"1989-2026";"Management Science and Operations Research (Q2); Strategy and Management (Q2)";"Business, Management and Accounting; Decision Sciences"
441;21100435208;"Financial Accountability and Management";journal;"14680408, 02674424";"John Wiley &amp; Sons Inc.";No;No;0,730;Q1;58;24;74;1667;184;72;2,14;69,46;38,18;2;United States;Northern America;"John Wiley &amp; Sons Inc.";"1985-2026";"Business, Management and Accounting (miscellaneous) (Q1); Economics, Econometrics and Finance (miscellaneous) (Q1)";"Business, Management and Accounting; Economics, Econometrics and Finance"
442;19400157320;"Foundations and Trends in Accounting";journal;"15540642, 15540650";"Now Publishers Inc";No;No;0,730;Q2;22;4;11;1327;26;11;4,00;331,75;28,57;1;United States;Northern America;"Now Publishers Inc";"2006-2012, 2014-2016, 2018-2025";"Accounting (Q2); Finance (Q2)";"Business, Management and Accounting; Economics, Econometrics and Finance"
443;21100446510;"Journal of Humanitarian Logistics and Supply Chain Management";journal;"20426747, 20426755";"Emerald Publishing";Yes;Yes;0,729;Q2;42;30;69;1987;225;68;2,71;66,23;28,57;0;United Kingdom;Western Europe;"Emerald Publishing";"2011-2026";"Management Information Systems (Q2); Management Science and Operations Research (Q2)";"Business, Management and Accounting; Decision Sciences"
444;17600155227;"Asian Business and Management";journal;"14724782, 14769328";"Palgrave Macmillan Ltd.";No;No;0,725;Q2;38;26;64;2212;221;52;3,65;85,08;38,33;2;United Kingdom;Western Europe;"Palgrave Macmillan Ltd.";"2008-2026";"Political Science and International Relations (Q1); Sociology and Political Science (Q1); Business and International Management (Q2); Strategy and Management (Q2)";"Business, Management and Accounting; Social Sciences"
445;21100262310;"EuroMed Journal of Business";journal;"14502194, 1758888X";"Emerald Group Publishing Ltd.";No;No;0,721;Q1;47;20;67;1663;241;67;3,74;83,15;33,33;0;United Kingdom;Western Europe;"Emerald Group Publishing Ltd.";"2006-2026";"Business, Management and Accounting (miscellaneous) (Q1); Finance (Q2)";"Business, Management and Accounting; Economics, Econometrics and Finance"
446;21100898038;"Contemporary Educational Technology";journal;"1309517X";"Bastas";No;No;0,721;Q2;35;45;81;2243;262;81;3,82;49,84;46,61;3;Cyprus;Western Europe;"Bastas";"2013, 2018-2025";"Education (Q1); Management of Technology and Innovation (Q2)";"Business, Management and Accounting; Social Sciences"
447;30064;"Journal of Psychology";journal;"19401019, 00223980";"Routledge";No;No;0,719;Q1;88;38;122;2602;374;119;2,77;68,47;50,00;1;United States;Northern America;"Routledge";"1936-2026";"Business, Management and Accounting (miscellaneous) (Q1); Education (Q1); Psychology (miscellaneous) (Q2)";"Business, Management and Accounting; Psychology; Social Sciences"
448;18800156713;"International Journal of Construction Management";journal;"15623599, 23312327";"Taylor and Francis Ltd.";No;No;0,719;Q2;62;93;157;4977;617;155;4,27;53,52;23,98;4;United Kingdom;Western Europe;"Taylor and Francis Ltd.";"2009-2026";"Building and Construction (Q2); Management of Technology and Innovation (Q2); Strategy and Management (Q2)";"Business, Management and Accounting; Engineering"
449;21100830431;"Service Science";journal;"21643970, 21643962";"INFORMS Institute for Operations Research and the Management Sciences";No;No;0,719;Q2;29;17;60;1022;172;58;2,66;60,12;37,78;0;United States;Northern America;"INFORMS Institute for Operations Research and the Management Sciences";"2012, 2014-2025";"Business and International Management (Q2); Management Science and Operations Research (Q2); Marketing (Q2); Modeling and Simulation (Q2)";"Business, Management and Accounting; Decision Sciences; Mathematics"
450;100147335;"Abacus";journal;"00013072, 14676281";"Wiley-Blackwell Publishing Ltd";No;No;0,718;Q2;60;24;71;1773;180;65;1,57;73,88;17,91;1;United Kingdom;Western Europe;"Wiley-Blackwell Publishing Ltd";"1965-2026";"Accounting (Q2)";"Business, Management and Accounting"
451;15249;"Engineering, Construction and Architectural Management";journal;"1365232X, 09699988";"Emerald Publishing";No;No;0,717;Q1;87;99;413;6718;1417;408;3,21;67,86;31,65;0;United Kingdom;Western Europe;"Emerald Publishing";"1994-2026";"Architecture (Q1); Business, Management and Accounting (miscellaneous) (Q1); Building and Construction (Q2); Civil and Structural Engineering (Q2)";"Business, Management and Accounting; Engineering"
452;17529;"Journal of Financial Services Research";journal;"15730735, 09208550";"Springer Netherlands";No;No;0,715;Q2;66;17;68;855;78;68;1,12;50,29;29,27;6;Netherlands;Western Europe;"Springer Netherlands";"1987-2026";"Accounting (Q2); Economics and Econometrics (Q2); Finance (Q2)";"Business, Management and Accounting; Economics, Econometrics and Finance"
453;21100899309;"Research and Practice in Technology Enhanced Learning";journal;"17937078";"Asia-Pacific Society for Computers in Education";Yes;Yes;0,713;Q2;38;27;72;1290;291;72;3,49;47,78;44,00;2;Taiwan;Asiatic Region;"Asia-Pacific Society for Computers in Education";"2015-2026";"Education (Q1); Media Technology (Q1); Management of Technology and Innovation (Q2); Social Psychology (Q2)";"Business, Management and Accounting; Engineering; Psychology; Social Sciences"
454;21101042192;"World Tax Journal";journal;"23529237, 18784917";"International Bureau of Fiscal Documentation (IBFD)";No;No;0,713;Q2;11;20;36;245;26;36;0,72;12,25;38,71;2;Netherlands;Western Europe;"International Bureau of Fiscal Documentation (IBFD)";"2019-2025";"Law (Q1); Accounting (Q2); Economics and Econometrics (Q2); Finance (Q2)";"Business, Management and Accounting; Economics, Econometrics and Finance; Social Sciences"
455;29884;"Journal of International Accounting, Auditing and Taxation";journal;"10619518";"Elsevier B.V.";No;No;0,712;Q2;58;35;85;2381;265;75;2,53;68,03;24,00;2;United Kingdom;Western Europe;"Elsevier B.V.";"1992-2026";"Accounting (Q2); Finance (Q2)";"Business, Management and Accounting; Economics, Econometrics and Finance"
456;21100844181;"International Journal of Tourism Cities";journal;"20565615, 20565607";"Emerald Group Publishing Ltd.";No;No;0,711;Q2;41;49;148;3656;494;140;3,30;74,61;46,79;0;United Kingdom;Western Europe;"Emerald Group Publishing Ltd.";"2015-2024";"Geography, Planning and Development (Q1); Management, Monitoring, Policy and Law (Q2); Tourism, Leisure and Hospitality Management (Q2)";"Business, Management and Accounting; Environmental Science; Social Sciences"
457;21101019253;"Oeconomia Copernicana";journal;"23531827, 20831277";"Institute of Economic Research";Yes;No;0,711;Q2;43;35;105;2376;608;105;7,09;67,89;39,13;1;Poland;Eastern Europe;"Institute of Economic Research";"2015-2025";"Development (Q1); Economics, Econometrics and Finance (miscellaneous) (Q1); History (Q1); Business and International Management (Q2)";"Arts and Humanities; Business, Management and Accounting; Economics, Econometrics and Finance; Social Sciences"
458;21100830164;"Business and Human Rights Journal";journal;"20570198, 20570201";"Cambridge University Press";No;No;0,708;Q1;30;43;68;1496;123;68;1,71;34,79;50,75;20;United Kingdom;Western Europe;"Cambridge University Press";"2016-2026";"Industrial Relations (Q1); Law (Q1); Sociology and Political Science (Q1); Business and International Management (Q2)";"Business, Management and Accounting; Social Sciences"
459;28802;"Electricity Journal";journal;"10406190";"Elsevier Inc.";No;No;0,708;Q2;67;97;313;2700;775;290;2,77;27,84;24,14;26;United States;Northern America;"Elsevier Inc.";"1988-2026";"Law (Q1); Business and International Management (Q2); Energy (miscellaneous) (Q2); Management of Technology and Innovation (Q2)";"Business, Management and Accounting; Energy; Social Sciences"
460;19700188255;"Journal of Policy Research in Tourism, Leisure and Events";journal;"19407963, 19407971";"Routledge";No;No;0,702;Q2;41;21;88;1261;224;83;2,21;60,05;49,06;1;United States;Northern America;"Routledge";"2009-2026";"Geography, Planning and Development (Q1); Tourism, Leisure and Hospitality Management (Q2)";"Business, Management and Accounting; Social Sciences"
461;23952;"Cooperation and Conflict";journal;"00108367, 14603691";"SAGE Publications Ltd";No;No;0,701;Q2;61;24;88;1584;265;85;3,34;66,00;45,95;3;United Kingdom;Western Europe;"SAGE Publications Ltd";"1965, 1967-2026";"Development (Q1); Political Science and International Relations (Q1); Social Sciences (miscellaneous) (Q1); Strategy and Management (Q2)";"Business, Management and Accounting; Social Sciences"
462;144962;"Corporate Communications";journal;"13563289";"Emerald Group Publishing Ltd.";No;No;0,700;Q1;76;42;135;2610;289;132;1,71;62,14;58,62;0;United Kingdom;Western Europe;"Emerald Group Publishing Ltd.";"1996-2026";"Industrial Relations (Q1); Organizational Behavior and Human Resource Management (Q2)";"Business, Management and Accounting"
463;21100299408;"Supply Chain Forum";journal;"16246039, 16258312";"Taylor and Francis Ltd.";No;No;0,700;Q2;36;24;79;1694;292;73;3,98;70,58;35,29;1;United Kingdom;Western Europe;"Taylor and Francis Ltd.";"2002, 2013-2026";"Business and International Management (Q2); Management of Technology and Innovation (Q2); Management Science and Operations Research (Q2)";"Business, Management and Accounting; Decision Sciences"
464;19713;"Journal of High Technology Management Research";journal;"10478310";"Elsevier Ltd";No;No;0,699;Q2;59;12;54;970;259;54;3,38;80,83;37,04;2;United Kingdom;Western Europe;"Elsevier Ltd";"1990-2024";"Computer Science Applications (Q2); Information Systems and Management (Q2); Management of Technology and Innovation (Q2); Marketing (Q2); Strategy and Management (Q2)";"Business, Management and Accounting; Computer Science; Decision Sciences"
465;130073;"Journal of Consumer Policy";journal;"01687034, 15730700";"Springer New York";No;No;0,696;Q1;66;22;86;1355;256;80;3,38;61,59;41,03;7;United States;Northern America;"Springer New York";"1977-1981, 1983-2026";"Business, Management and Accounting (miscellaneous) (Q1); Economics and Econometrics (Q2)";"Business, Management and Accounting; Economics, Econometrics and Finance"
466;21100248934;"China Journal of Accounting Research";journal;"17553091";"Sun Yat-sen (Zhongshan) University";Yes;No;0,696;Q2;36;25;56;1193;148;55;2,74;47,72;46,81;1;China;Asiatic Region;"Sun Yat-sen (Zhongshan) University";"2013-2026";"Accounting (Q2); Finance (Q2)";"Business, Management and Accounting; Economics, Econometrics and Finance"
467;12100154706;"Baltic Journal of Management";journal;"17465273, 17465265";"Emerald Publishing";No;No;0,687;Q2;47;40;112;2850;386;108;2,57;71,25;43,75;0;United Kingdom;Western Europe;"Emerald Publishing";"2006-2026";"Business and International Management (Q2); Management of Technology and Innovation (Q2); Marketing (Q2); Organizational Behavior and Human Resource Management (Q2); Strategy and Management (Q2)";"Business, Management and Accounting"
468;4700152279;"Journal of Marketing for Higher Education";journal;"15407144, 08841241";"Routledge";No;No;0,687;Q2;51;13;49;1064;130;49;2,00;81,85;58,54;1;United States;Northern America;"Routledge";"1988-1991, 1993-2026";"Education (Q2); Marketing (Q2)";"Business, Management and Accounting; Social Sciences"
469;21100255547;"Journal of Outdoor Recreation and Tourism";journal;"22130780";"Elsevier B.V.";Yes;No;0,686;Q2;55;78;139;5550;483;136;3,62;71,15;41,63;25;United Kingdom;Western Europe;"Elsevier B.V.";"2013-2026";"Tourism, Leisure and Hospitality Management (Q2)";"Business, Management and Accounting"
470;19700201531;"Journal of Social Entrepreneurship";journal;"19420684, 19420676";"Taylor and Francis Ltd.";No;No;0,685;Q2;50;21;53;1455;220;53;3,92;69,29;48,15;3;United Kingdom;Western Europe;"Taylor and Francis Ltd.";"2010-2026";"Development (Q1); Business and International Management (Q2); Economics and Econometrics (Q2)";"Business, Management and Accounting; Economics, Econometrics and Finance; Social Sciences"
471;21100386518;"Advances in Production Engineering and Management";journal;"18556531, 18546250";"Production Engineering Institute";No;No;0,684;Q2;35;36;112;1214;375;112;3,68;33,72;22,22;0;Slovenia;Eastern Europe;"Production Engineering Institute";"2014-2025";"Industrial and Manufacturing Engineering (Q1); Management of Technology and Innovation (Q2); Management Science and Operations Research (Q2); Mechanical Engineering (Q2); Nuclear and High Energy Physics (Q2)";"Business, Management and Accounting; Decision Sciences; Engineering; Physics and Astronomy"
472;18617;"Journal of Risk and Insurance";journal;"15396975, 00224367";"Wiley-Blackwell Publishing Ltd";No;No;0,683;Q2;78;37;114;1723;174;113;1,32;46,57;27,71;12;United Kingdom;Western Europe;"Wiley-Blackwell Publishing Ltd";"1978-1979, 1996-2026";"Accounting (Q2); Economics and Econometrics (Q2); Finance (Q2)";"Business, Management and Accounting; Economics, Econometrics and Finance"
473;100906;"Museum Management and Curatorship";journal;"18729185, 09647775";"Routledge";No;No;0,679;Q2;47;41;137;1753;228;105;1,82;42,76;62,50;4;United Kingdom;Western Europe;"Routledge";"1990-2001, 2005-2026";"Visual Arts and Performing Arts (Q1); Business and International Management (Q2); Tourism, Leisure and Hospitality Management (Q2)";"Arts and Humanities; Business, Management and Accounting"
474;14500154733;"Operational Research";journal;"11092858, 18661505";"Springer Verlag";No;No;0,675;Q2;41;104;184;4713;516;181;2,75;45,32;21,97;2;Germany;Western Europe;"Springer Verlag";"2009-2026";"Computational Theory and Mathematics (Q2); Management of Technology and Innovation (Q2); Management Science and Operations Research (Q2); Modeling and Simulation (Q2); Numerical Analysis (Q2); Statistics, Probability and Uncertainty (Q2); Strategy and Management (Q2)";"Business, Management and Accounting; Computer Science; Decision Sciences; Mathematics"
475;20213;"International Labour Review";journal;"00207780, 1564913X";"Open Library of Humanities";Yes;No;0,674;Q2;59;35;82;1592;181;82;2,02;45,49;38,98;25;United Kingdom;Western Europe;"Open Library of Humanities";"1945-1948, 1973-2026";"Management of Technology and Innovation (Q2); Organizational Behavior and Human Resource Management (Q2); Strategy and Management (Q2)";"Business, Management and Accounting"
476;19700175228;"Management Research Review";journal;"20408269";"Emerald Group Publishing Ltd.";No;No;0,671;Q1;85;59;232;5600;741;229;2,83;94,92;26,17;0;United Kingdom;Western Europe;"Emerald Group Publishing Ltd.";"2009-2026";"Business, Management and Accounting (miscellaneous) (Q1)";"Business, Management and Accounting"
477;21100235632;"Asian Journal of Shipping and Logistics";journal;"20925212";"Korean Association of Shipping and Logistics, Inc.";Yes;No;0,671;Q2;45;42;81;1528;302;81;4,02;36,38;29,73;6;Netherlands;Western Europe;"Korean Association of Shipping and Logistics, Inc.";"2009-2026";"Business and International Management (Q2); Management of Technology and Innovation (Q2); Management Science and Operations Research (Q2); Transportation (Q2)";"Business, Management and Accounting; Decision Sciences; Social Sciences"
478;21100242611;"International Journal of Gender and Entrepreneurship";journal;"17566274, 17566266";"Emarald Group Publishing Ltd";No;No;0,671;Q2;56;19;62;1316;217;59;3,09;69,26;62,22;0;United Kingdom;Western Europe;"Emarald Group Publishing Ltd";"2009-2025";"Gender Studies (Q1); Business and International Management (Q2); Economics and Econometrics (Q2)";"Business, Management and Accounting; Economics, Econometrics and Finance; Social Sciences"
479;19900192221;"Journal of Management Control";journal;"2191477X, 21914761";"Physica-Verlag";No;No;0,671;Q2;37;21;56;1493;137;45;2,46;71,10;40,00;1;Germany;Western Europe;"Physica-Verlag";"2011-2026";"Accounting (Q2); Management Information Systems (Q2); Management of Technology and Innovation (Q2); Management Science and Operations Research (Q2); Strategy and Management (Q2)";"Business, Management and Accounting; Decision Sciences"
480;200147123;"Accounting and Finance";journal;"1467629X, 08105391";"Wiley-Blackwell";No;No;0,669;Q2;77;193;325;11443;874;323;2,46;59,29;36,82;12;United States;Northern America;"Wiley-Blackwell";"1979-2026";"Economics, Econometrics and Finance (miscellaneous) (Q1); Accounting (Q2); Finance (Q2)";"Business, Management and Accounting; Economics, Econometrics and Finance"
481;5600155030;"New Directions for Evaluation";journal;"1534875X, 10976736";"John Wiley and Sons Inc";No;No;0,669;Q2;53;41;140;1445;159;129;1,22;35,24;73,33;9;United States;Northern America;"John Wiley and Sons Inc";"1995-2025";"Education (Q2); Management Science and Operations Research (Q2); Strategy and Management (Q2)";"Business, Management and Accounting; Decision Sciences; Social Sciences"
482;28911;"Leisure Studies";journal;"14664496, 02614367";"Routledge";No;No;0,668;Q2;86;61;184;3658;547;172;2,71;59,97;39,39;5;United Kingdom;Western Europe;"Routledge";"1981-2026";"Geography, Planning and Development (Q1); Tourism, Leisure and Hospitality Management (Q2)";"Business, Management and Accounting; Social Sciences"
483;21100803392;"Cross Cultural and Strategic Management";journal;"20595794";"Emerald Group Publishing Ltd.";No;No;0,667;Q2;58;32;104;3047;276;100;2,43;95,22;34,29;0;United Kingdom;Western Europe;"Emerald Group Publishing Ltd.";"2016-2026";"Cultural Studies (Q1); Sociology and Political Science (Q1); Business and International Management (Q2); Organizational Behavior and Human Resource Management (Q2); Strategy and Management (Q2)";"Business, Management and Accounting; Social Sciences"
484;21100778661;"European Journal of Management and Business Economics";journal;"24448451, 24448494";"Emerald Group Publishing Ltd.";Yes;Yes;0,665;Q2;43;16;65;908;222;61;3,09;56,75;46,34;0;United Kingdom;Western Europe;"Emerald Group Publishing Ltd.";"2016-2025";"Business and International Management (Q2); Finance (Q2); Marketing (Q2); Organizational Behavior and Human Resource Management (Q2); Strategy and Management (Q2); Tourism, Leisure and Hospitality Management (Q2)";"Business, Management and Accounting; Economics, Econometrics and Finance"
485;5700161189;"Culture and Organization";journal;"14772760, 14759551";"Routledge";No;No;0,664;Q2;29;30;81;2006;145;75;2,18;66,87;34,15;0;United Kingdom;Western Europe;"Routledge";"2009-2026";"Cultural Studies (Q1); Organizational Behavior and Human Resource Management (Q2)";"Business, Management and Accounting; Social Sciences"
486;22925;"Journal of Global Marketing";journal;"08911762, 15286975";"Routledge";No;No;0,663;Q2;48;25;81;2119;205;67;2,44;84,76;39,34;0;United States;Northern America;"Routledge";"1988-2026";"Business and International Management (Q2); Marketing (Q2)";"Business, Management and Accounting"
487;19929;"Interfaces";journal;"00922102, 1526551X";"INFORMS Inst.for Operations Res.and the Management Sciences";Yes;No;0,658;Q2;74;0;48;0;82;40;0,00;0,00;0,00;0;United States;Northern America;"INFORMS Inst.for Operations Res.and the Management Sciences";"1980-1988, 1990-1991, 1993, 1996-2018";"Management of Technology and Innovation (Q2); Management Science and Operations Research (Q2); Strategy and Management (Q2)";"Business, Management and Accounting; Decision Sciences"
488;21100464775;"Hospitality and Society";journal;"20427921, 20427913";"Intellect Ltd.";No;No;0,656;Q2;25;15;49;1123;113;47;1,95;74,87;61,54;0;United Kingdom;Western Europe;"Intellect Ltd.";"2011-2026";"Social Sciences (miscellaneous) (Q1); Tourism, Leisure and Hospitality Management (Q2)";"Business, Management and Accounting; Social Sciences"
489;21100799944;"German Journal of Human Resource Management";journal;"23970022, 23970030";"SAGE Publications Inc.";No;No;0,655;Q2;28;20;49;1468;97;46;2,15;73,40;52,38;1;United Kingdom;Western Europe;"SAGE Publications Inc.";"2016-2026";"Organizational Behavior and Human Resource Management (Q2)";"Business, Management and Accounting"
490;21101023806;"Annals of Data Science";journal;"21985812, 21985804";"Springer Science and Business Media Deutschland GmbH";No;No;0,654;Q2;38;41;112;1372;277;112;2,85;33,46;19,42;0;Germany;Western Europe;"Springer Science and Business Media Deutschland GmbH";"2014-2026";"Artificial Intelligence (Q2); Business, Management and Accounting (miscellaneous) (Q2); Computer Science Applications (Q2); Statistics, Probability and Uncertainty (Q2)";"Business, Management and Accounting; Computer Science; Decision Sciences"
491;22897;"Journal of Consumer Marketing";journal;"07363761";"Emerald Group Publishing Ltd.";No;No;0,654;Q2;127;67;233;4588;590;233;2,25;68,48;45,45;0;United Kingdom;Western Europe;"Emerald Group Publishing Ltd.";"1984-2026";"Business and International Management (Q2); Marketing (Q2)";"Business, Management and Accounting"
492;21216;"MIT Sloan Management Review";journal;"15329194";"Massachusetts Institute of Technology";No;No;0,654;Q2;129;63;211;644;463;191;2,06;10,22;25,17;0;United States;Northern America;"Massachusetts Institute of Technology";"2001-2025";"Business and International Management (Q2); Decision Sciences (miscellaneous) (Q2); Management of Technology and Innovation (Q2); Strategy and Management (Q2)";"Business, Management and Accounting; Decision Sciences"
493;4700152295;"Journal of Promotion Management";journal;"10496491, 15407594";"Routledge";No;No;0,653;Q2;50;29;161;2050;370;157;2,33;70,69;48,33;0;United Kingdom;Western Europe;"Routledge";"1992-1997, 1999-2002, 2004, 2006-2026";"Marketing (Q2)";"Business, Management and Accounting"
494;21100211736;"Tourism Analysis";journal;"10835423, 19433999";"Cognizant Communication Corporation";No;No;0,653;Q2;51;23;129;989;232;119;1,69;43,00;42,86;0;United States;Northern America;"Cognizant Communication Corporation";"2001-2025";"Tourism, Leisure and Hospitality Management (Q2)";"Business, Management and Accounting"
495;144738;"Employee Relations";journal;"01425455";"Emerald Group Publishing Ltd.";No;No;0,652;Q2;78;78;224;5720;553;222;2,50;73,33;40,68;0;United Kingdom;Western Europe;"Emerald Group Publishing Ltd.";"1979-2026";"Industrial Relations (Q2); Organizational Behavior and Human Resource Management (Q2)";"Business, Management and Accounting"
496;20637;"Journal of Management Development";journal;"02621711";"Emerald Publishing";No;No;0,647;Q2;85;34;169;2553;460;167;2,41;75,09;36,47;0;United Kingdom;Western Europe;"Emerald Publishing";"1982-2026";"History (Q1); Business, Management and Accounting (miscellaneous) (Q2); Organizational Behavior and Human Resource Management (Q2)";"Arts and Humanities; Business, Management and Accounting"
497;17181;"Public Money and Management";journal;"14679302, 09540962";"Routledge";No;No;0,647;Q2;65;101;281;3240;544;235;2,14;32,08;44,55;26;United Kingdom;Western Europe;"Routledge";"1988-2026";"Sociology and Political Science (Q1); Accounting (Q2); Business, Management and Accounting (miscellaneous) (Q2); Finance (Q2); Public Administration (Q2)";"Business, Management and Accounting; Economics, Econometrics and Finance; Social Sciences"
498;21100886539;"Tourism Review International";journal;"15442721, 19434421";"Cognizant Communication Corporation";No;No;0,647;Q2;21;27;56;2118;117;53;1,94;78,44;46,27;0;United States;Northern America;"Cognizant Communication Corporation";"2016-2025";"Tourism, Leisure and Hospitality Management (Q2)";"Business, Management and Accounting"
499;4700152801;"Journal of International Consumer Marketing";journal;"08961530, 15287068";"Routledge";No;No;0,646;Q2;63;32;97;2675;237;88;2,43;83,59;34,25;4;United States;Northern America;"Routledge";"1988-1993, 1995-2026";"Management Information Systems (Q2); Marketing (Q2)";"Business, Management and Accounting"
500;11600154157;"TQM Journal";journal;"17542731";"Emerald Group Publishing Ltd.";No;No;0,646;Q2;89;80;223;6347;811;216;3,56;79,34;36,27;0;United Kingdom;Western Europe;"Emerald Group Publishing Ltd.";"2008-2026";"Business and International Management (Q2); Business, Management and Accounting (miscellaneous) (Q2); Decision Sciences (miscellaneous) (Q2); Strategy and Management (Q2)";"Business, Management and Accounting; Decision Sciences"
501;21100870602;"Journal of Sustainable Finance and Investment";journal;"20430809, 20430795";"Taylor and Francis Ltd.";No;No;0,642;Q2;52;25;64;1206;216;63;3,87;48,24;25,00;8;United Kingdom;Western Europe;"Taylor and Francis Ltd.";"2011-2026";"Economics, Econometrics and Finance (miscellaneous) (Q1); Business and International Management (Q2); Finance (Q2)";"Business, Management and Accounting; Economics, Econometrics and Finance"
502;21100794012;"Public Relations Inquiry";journal;"20461488, 2046147X";"SAGE Publications Inc.";No;No;0,641;Q2;26;21;52;1119;86;43;1,72;53,29;52,63;0;United Kingdom;Western Europe;"SAGE Publications Inc.";"2014-2026";"Communication (Q1); Linguistics and Language (Q1); Marketing (Q2); Organizational Behavior and Human Resource Management (Q2); Strategy and Management (Q2)";"Business, Management and Accounting; Social Sciences"
503;11700154614;"Journal of Management and Organization";journal;"18393527, 18333672";"Cambridge University Press";No;No;0,640;Q2;60;72;172;5979;535;163;2,19;83,04;44,27;9;United Kingdom;Western Europe;"Cambridge University Press";"1995-2026";"Business and International Management (Q2); Organizational Behavior and Human Resource Management (Q2)";"Business, Management and Accounting"
504;5700185131;"Journal of Management Education";journal;"10525629, 15526658";"SAGE Publications Inc.";No;No;0,639;Q2;68;41;125;2498;268;105;1,69;60,93;57,83;2;United States;Northern America;"SAGE Publications Inc.";"1975-1984, 1986-2026";"Business, Management and Accounting (miscellaneous) (Q2); Education (Q2)";"Business, Management and Accounting; Social Sciences"
505;144643;"Learning Organization";journal;"09696474, 17587905";"Emerald Publishing";No;No;0,637;Q2;72;33;152;1144;316;137;2,06;34,67;46,30;0;United Kingdom;Western Europe;"Emerald Publishing";"1994-2026";"Education (Q2); Organizational Behavior and Human Resource Management (Q2)";"Business, Management and Accounting; Social Sciences"
506;12964;"Review of Quantitative Finance and Accounting";journal;"0924865X, 15737179";"Springer New York";No;No;0,636;Q2;63;99;260;5989;532;260;1,98;60,49;27,27;3;United States;Northern America;"Springer New York";"1991-2026";"Accounting (Q2); Business, Management and Accounting (miscellaneous) (Q2); Finance (Q2)";"Business, Management and Accounting; Economics, Econometrics and Finance"
507;144637;"Tertiary Education and Management";journal;"13583883, 15731936";"Springer Science and Business Media B.V.";No;No;0,634;Q2;50;19;82;1109;147;78;1,62;58,37;55,36;1;Netherlands;Western Europe;"Springer Science and Business Media B.V.";"1995-2026";"Education (Q2); Organizational Behavior and Human Resource Management (Q2)";"Business, Management and Accounting; Social Sciences"
508;5700164337;"Journal of Tourism and Cultural Change";journal;"14766825, 17477654";"Routledge";No;No;0,633;Q2;46;46;117;2743;247;115;1,94;59,63;49,52;2;United Kingdom;Western Europe;"Routledge";"2003-2026";"Cultural Studies (Q1); Geography, Planning and Development (Q1); Nature and Landscape Conservation (Q2); Tourism, Leisure and Hospitality Management (Q2); Transportation (Q2)";"Business, Management and Accounting; Environmental Science; Social Sciences"
509;19900191756;"Social Responsibility Journal";journal;"1758857X, 17471117";"Emerald Group Publishing Ltd.";No;No;0,632;Q2;71;35;235;2761;728;232;3,14;78,89;45,78;0;United Kingdom;Western Europe;"Emerald Group Publishing Ltd.";"2005-2026";"Social Sciences (miscellaneous) (Q1); Business, Management and Accounting (miscellaneous) (Q2)";"Business, Management and Accounting; Social Sciences"
510;145676;"Thunderbird International Business Review";journal;"10964762, 15206874";"John Wiley and Sons Inc";No;No;0,629;Q2;59;60;211;4291;514;185;2,12;71,52;35,88;4;United States;Northern America;"John Wiley and Sons Inc";"1998-1999, 2005-2026";"Geography, Planning and Development (Q1); Political Science and International Relations (Q1); Business and International Management (Q2)";"Business, Management and Accounting; Social Sciences"
511;21100201981;"Journal of Management, Spirituality and Religion";journal;"1942258X, 14766086";"International Association of Management, Spirituality and Religion";No;No;0,626;Q2;43;30;79;2220;171;72;2,02;74,00;28,57;0;United Kingdom;Western Europe;"International Association of Management, Spirituality and Religion";"2004-2026";"Religious Studies (Q1); Organizational Behavior and Human Resource Management (Q2)";"Arts and Humanities; Business, Management and Accounting"
512;11700154380;"Biomedical Materials (Bristol)";journal;"17486041, 1748605X";"IOP Publishing Ltd.";No;No;0,625;Q2;99;238;386;17306;1610;378;3,80;72,71;41,00;0;United Kingdom;Western Europe;"IOP Publishing Ltd.";"2006-2026";"Bioengineering (Q2); Biomedical Engineering (Q2); Business and International Management (Q2); Chemistry (miscellaneous) (Q2); Mechanics of Materials (Q2); Biomaterials (Q3)";"Business, Management and Accounting; Chemical Engineering; Chemistry; Engineering; Materials Science"
513;21100286465;"International Journal of Entrepreneurship and Innovation";journal;"20436882, 14657503";"SAGE Publications Inc.";No;No;0,625;Q2;39;25;72;1407;201;68;2,70;56,28;31,48;1;United Kingdom;Western Europe;"SAGE Publications Inc.";"2013-2026";"Business and International Management (Q2); Management of Technology and Innovation (Q2)";"Business, Management and Accounting"
514;4700152828;"Journal of Human Resources in Hospitality and Tourism";journal;"15332845, 15332853";"Routledge";No;No;0,624;Q2;44;26;72;1861;174;72;1,91;71,58;52,94;0;United States;Northern America;"Routledge";"2002-2025";"Organizational Behavior and Human Resource Management (Q2); Tourism, Leisure and Hospitality Management (Q2)";"Business, Management and Accounting"
515;4700152827;"International Journal of Hospitality and Tourism Administration";journal;"15256480, 15256499";"Routledge";No;No;0,622;Q2;47;27;61;1994;190;61;3,02;73,85;38,75;0;United States;Northern America;"Routledge";"2000-2026";"Tourism, Leisure and Hospitality Management (Q2)";"Business, Management and Accounting"
516;19400158573;"Journal of Pension Economics and Finance";journal;"14747472, 14753022";"Cambridge University Press";No;No;0,619;Q2;40;32;75;881;108;75;1,73;27,53;37,50;0;United Kingdom;Western Europe;"Cambridge University Press";"2002-2025";"Economics and Econometrics (Q2); Finance (Q2); Organizational Behavior and Human Resource Management (Q2)";"Business, Management and Accounting; Economics, Econometrics and Finance"
517;28062;"International Tax and Public Finance";journal;"15736970, 09275940";"Springer New York";No;No;0,618;Q2;60;55;156;2081;215;151;1,26;37,84;29,81;25;United States;Northern America;"Springer New York";"1994-2026";"Accounting (Q2); Economics and Econometrics (Q2); Finance (Q2)";"Business, Management and Accounting; Economics, Econometrics and Finance"
518;144960;"Education and Training";journal;"00400912";"Emerald Publishing";No;No;0,614;Q2;95;78;207;5347;738;201;3,46;68,55;44,67;0;United Kingdom;Western Europe;"Emerald Publishing";"1959-2026";"Business, Management and Accounting (miscellaneous) (Q2); Education (Q2); Life-span and Life-course Studies (Q2)";"Business, Management and Accounting; Social Sciences"
519;14420;"Journal of Career Development";journal;"08948453, 15560856";"SAGE Publications Inc.";No;No;0,612;Q2;67;67;134;3705;359;132;2,60;55,30;54,89;6;United States;Northern America;"SAGE Publications Inc.";"1972-1973, 1975-2026";"Applied Psychology (Q2); Education (Q2); Organizational Behavior and Human Resource Management (Q2); Psychology (miscellaneous) (Q2)";"Business, Management and Accounting; Psychology; Social Sciences"
520;19700188331;"Journal of Change Management";journal;"14791811, 14697017";"Routledge";No;No;0,611;Q2;62;24;59;1527;191;53;3,40;63,63;36,17;7;United Kingdom;Western Europe;"Routledge";"2000-2002, 2004-2026";"Organizational Behavior and Human Resource Management (Q2); Strategy and Management (Q2)";"Business, Management and Accounting"
521;21100913309;"Maritime Business Review";journal;"23973757, 23973765";"Emerald Group Publishing Ltd.";No;No;0,611;Q2;26;16;79;835;171;73;1,93;52,19;31,11;0;United Kingdom;Western Europe;"Emerald Group Publishing Ltd.";"2016-2026";"Business and International Management (Q2); Management of Technology and Innovation (Q2); Strategy and Management (Q2); Transportation (Q2)";"Business, Management and Accounting; Social Sciences"
522;4700152306;"International Journal of Mining, Reclamation and Environment";journal;"17480949, 17480930";"Taylor and Francis Ltd.";No;No;0,610;Q2;43;38;111;2026;297;110;2,68;53,32;21,37;4;United Kingdom;Western Europe;"Taylor and Francis Ltd.";"2006-2026";"Earth-Surface Processes (Q2); Geology (Q2); Geotechnical Engineering and Engineering Geology (Q2); Management of Technology and Innovation (Q2)";"Business, Management and Accounting; Earth and Planetary Sciences"
523;21100892687;"Journal of Advances in Management Research";journal;"09727981, 20493207";"Emerald Group Publishing Ltd.";No;No;0,610;Q2;42;19;118;1387;356;114;2,63;73,00;26,67;0;United Kingdom;Western Europe;"Emerald Group Publishing Ltd.";"2003-2026";"Business, Management and Accounting (miscellaneous) (Q2)";"Business, Management and Accounting"
524;21101021576;"Journal of Finance and Data Science";journal;"24059188";"KeAi Communications Co.";Yes;No;0,610;Q2;26;7;35;340;181;35;3,06;48,57;21,05;0;China;Asiatic Region;"KeAi Communications Co.";"2015-2025";"Applied Mathematics (Q2); Business, Management and Accounting (miscellaneous) (Q2); Computer Science Applications (Q2); Economics and Econometrics (Q2); Finance (Q2); Statistics and Probability (Q2)";"Business, Management and Accounting; Computer Science; Economics, Econometrics and Finance; Mathematics"
525;144664;"British Food Journal";journal;"0007070X";"Emerald Publishing";No;No;0,609;Q2;116;281;726;18239;2415;720;3,11;64,91;50,16;0;United Kingdom;Western Europe;"Emerald Publishing";"1899-2026";"Business, Management and Accounting (miscellaneous) (Q2); Food Science (Q2)";"Agricultural and Biological Sciences; Business, Management and Accounting"
526;23588;"Journal of Real Estate Research";journal;"26911175, 08965803";"Taylor and Francis Ltd.";No;No;0,609;-;41;21;66;901;72;66;1,26;42,90;16,33;2;United States;Northern America;"Taylor and Francis Ltd.";"1990, 1992, 1995, 1998, 2001, 2003-2026";"Economics, Econometrics and Finance (miscellaneous) (Q1)";"Economics, Econometrics and Finance"
527;21100853248;"Journal of Strategy and Management";journal;"1755425X, 17554268";"Emerald Group Publishing Ltd.";No;No;0,608;Q2;47;30;94;1997;237;94;2,72;66,57;26,76;0;United Kingdom;Western Europe;"Emerald Group Publishing Ltd.";"2008-2026";"Business and International Management (Q2); Strategy and Management (Q2)";"Business, Management and Accounting"
528;21100899300;"Journal of Accounting in Emerging Economies";journal;"20421168, 20421176";"Emerald Group Publishing Ltd.";No;No;0,607;Q2;37;34;79;2865;229;79;2,56;84,26;30,43;0;United Kingdom;Western Europe;"Emerald Group Publishing Ltd.";"2015-2026";"Sociology and Political Science (Q1); Accounting (Q2); Development (Q2)";"Business, Management and Accounting; Social Sciences"
529;19700187615;"Leadership and Policy in Schools";journal;"15700763, 17445043";"Taylor and Francis Ltd.";No;No;0,606;Q2;34;40;106;2633;151;105;1,33;65,83;52,13;9;United Kingdom;Western Europe;"Taylor and Francis Ltd.";"2010-2026";"Education (Q2); Strategy and Management (Q2)";"Business, Management and Accounting; Social Sciences"
530;21100446969;"Meditari Accountancy Research";journal;"20493738, 2049372X";"Emerald Publishing";No;No;0,606;Q2;59;34;153;2739;430;151;2,52;80,56;38,46;0;United Kingdom;Western Europe;"Emerald Publishing";"2012-2026";"Economics, Econometrics and Finance (miscellaneous) (Q1); Accounting (Q2)";"Business, Management and Accounting; Economics, Econometrics and Finance"
531;21100842323;"Journal of Trust Research";journal;"2151559X, 21515581";"Routledge";No;No;0,605;Q2;30;8;36;483;99;30;2,36;60,38;37,50;3;United States;Northern America;"Routledge";"2011-2026";"Sociology and Political Science (Q1); Applied Psychology (Q2); Business, Management and Accounting (miscellaneous) (Q2); Social Psychology (Q2)";"Business, Management and Accounting; Psychology; Social Sciences"
532;5800228220;"Optimization Letters";journal;"18624472, 18624480";"Springer Verlag";No;No;0,603;Q2;60;168;421;4341;600;414;1,39;25,84;22,69;1;Germany;Western Europe;"Springer Verlag";"2007-2026";"Business, Management and Accounting (miscellaneous) (Q2); Control and Optimization (Q2)";"Business, Management and Accounting; Mathematics"
533;21100937890;"Industrial Relations Journal";journal;"14682338, 00198692";"John Wiley &amp; Sons Inc.";No;No;0,600;Q2;16;31;59;1549;88;58;1,49;49,97;46,55;13;United States;Northern America;"John Wiley &amp; Sons Inc.";"1981, 2019-2026";"Industrial Relations (Q2)";"Business, Management and Accounting"
534;21100218140;"International Journal of Culture, Tourism and Hospitality Research";journal;"17506182";"Emerald Group Publishing Ltd.";No;No;0,599;Q2;0;0;0;0;0;0;0,00;0,00;0,00;0;United Kingdom;Western Europe;"Emerald Group Publishing Ltd.";"2007-2022";"Geography, Planning and Development (Q2); Tourism, Leisure and Hospitality Management (Q2)";"Business, Management and Accounting; Social Sciences"
535;16255;"Journal of Civil Engineering and Management";journal;"18223605, 13923730";"Vilnius Gediminas Technical University";Yes;No;0,597;Q2;70;47;167;2545;562;166;3,16;54,15;23,35;0;Lithuania;Eastern Europe;"Vilnius Gediminas Technical University";"2002-2026";"Civil and Structural Engineering (Q2); Strategy and Management (Q2)";"Business, Management and Accounting; Engineering"
536;19500157013;"Journal of Contemporary Accounting and Economics";journal;"18155669";"Elsevier Ltd";No;No;0,595;Q2;46;30;76;2143;246;76;3,35;71,43;24,36;0;United Kingdom;Western Europe;"Elsevier Ltd";"2009-2026";"Accounting (Q2)";"Business, Management and Accounting"
537;21100838016;"Quarterly Journal of Finance";journal;"20101406, 20101392";"World Scientific";No;No;0,595;Q2;28;20;61;889;51;60;1,03;44,45;25,58;0;Singapore;Asiatic Region;"World Scientific";"2011-2026";"Economics and Econometrics (Q2); Finance (Q2); Strategy and Management (Q2)";"Business, Management and Accounting; Economics, Econometrics and Finance"
538;20606;"Journal of Forecasting";journal;"02776693, 1099131X";"John Wiley and Sons Ltd";No;No;0,594;Q2;74;83;192;3801;481;192;2,63;45,80;22,16;7;United Kingdom;Western Europe;"John Wiley and Sons Ltd";"1982-2026";"Computer Science Applications (Q2); Management Science and Operations Research (Q2); Modeling and Simulation (Q2); Statistics, Probability and Uncertainty (Q2); Strategy and Management (Q2)";"Business, Management and Accounting; Computer Science; Decision Sciences; Mathematics"
539;29447;"Review of Industrial Organization";journal;"0889938X, 15737160";"Springer Netherlands";No;No;0,593;Q2;69;58;192;1755;212;183;1,19;30,26;19,84;18;Netherlands;Western Europe;"Springer Netherlands";"1984-1986, 1988-2026";"Economics and Econometrics (Q2); Management of Technology and Innovation (Q2); Organizational Behavior and Human Resource Management (Q2); Strategy and Management (Q2)";"Business, Management and Accounting; Economics, Econometrics and Finance"
540;4700152756;"Journal of Relationship Marketing";journal;"15332675, 15332667";"Routledge";No;No;0,591;Q2;39;10;49;848;151;49;3,06;84,80;32,00;0;United States;Northern America;"Routledge";"2002-2026";"Marketing (Q2)";"Business, Management and Accounting"
541;18300156707;"Visitor Studies";journal;"10645578, 19347715";"Routledge";No;No;0,591;Q2;32;6;46;323;80;44;1,65;53,83;66,67;0;United Kingdom;Western Europe;"Routledge";"1988-1989, 1992-1993, 2007-2025";"Communication (Q1); Museology (Q1); Education (Q2); Tourism, Leisure and Hospitality Management (Q2)";"Arts and Humanities; Business, Management and Accounting; Social Sciences"
542;28910;"Leisure Sciences";journal;"15210588, 01490400";"Taylor and Francis Ltd.";No;No;0,590;Q2;89;76;127;2457;350;121;2,95;32,33;52,54;11;United Kingdom;Western Europe;"Taylor and Francis Ltd.";"1977-2026";"Sociology and Political Science (Q1); Environmental Science (miscellaneous) (Q2); Tourism, Leisure and Hospitality Management (Q2)";"Business, Management and Accounting; Environmental Science; Social Sciences"
543;21100374809;"Journal of Science and Technology Policy Management";journal;"20534639, 20534620";"Emerald Group Publishing Ltd.";No;No;0,588;Q2;41;18;120;1053;447;114;2,70;58,50;47,22;0;United Kingdom;Western Europe;"Emerald Group Publishing Ltd.";"2014-2026";"Industrial Relations (Q2); Management of Technology and Innovation (Q2); Management Science and Operations Research (Q2); Strategy and Management (Q2)";"Business, Management and Accounting; Decision Sciences"
544;144740;"International Journal of Quality and Reliability Management";journal;"0265671X";"Emerald Group Publishing Ltd.";No;No;0,587;Q2;108;72;302;4291;939;300;2,81;59,60;30,30;0;United Kingdom;Western Europe;"Emerald Group Publishing Ltd.";"1970, 1984-2026";"Business, Management and Accounting (miscellaneous) (Q2); Strategy and Management (Q2)";"Business, Management and Accounting"
545;4700151710;"International Journal of Public Administration";journal;"15324265, 01900692";"Taylor and Francis Ltd.";No;No;0,586;Q2;67;119;345;6488;736;338;2,30;54,52;41,90;26;United Kingdom;Western Europe;"Taylor and Francis Ltd.";"1979-2026";"Business and International Management (Q2); Public Administration (Q2)";"Business, Management and Accounting; Social Sciences"
546;21100385808;"Journal of Asia Business Studies";journal;"15592243, 15587894";"Emerald Group Publishing Ltd.";No;No;0,584;Q2;43;38;114;3292;378;113;3,46;86,63;32,97;0;United Kingdom;Western Europe;"Emerald Group Publishing Ltd.";"2006-2026";"Economics, Econometrics and Finance (miscellaneous) (Q1); Business and International Management (Q2); Strategy and Management (Q2)";"Business, Management and Accounting; Economics, Econometrics and Finance"
547;21100852014;"International Journal of Business Communication";journal;"23294884, 23294892";"SAGE Publications Inc.";No;No;0,583;Q2;72;25;77;1663;182;73;2,27;66,52;59,57;0;United States;Northern America;"SAGE Publications Inc.";"2015-2026";"Economics, Econometrics and Finance (miscellaneous) (Q1); Business, Management and Accounting (miscellaneous) (Q2)";"Business, Management and Accounting; Economics, Econometrics and Finance"
548;21100215165;"Knowledge Management and E-Learning";journal;"20737904";"Hong Kong Bao Long Accounting And Secretarial Limited";Yes;Yes;0,583;Q2;37;31;75;1799;204;75;2,39;58,03;50,00;1;Hong Kong;Asiatic Region;"Hong Kong Bao Long Accounting And Secretarial Limited";"2009-2025";"Education (Q2); E-learning (Q2); Management of Technology and Innovation (Q2)";"Business, Management and Accounting; Social Sciences"
549;21100899438;"Communication Research and Practice";journal;"22063374";"Taylor and Francis Ltd.";No;No;0,582;Q2;23;25;85;1295;196;69;1,64;51,80;44,74;3;United Kingdom;Western Europe;"Taylor and Francis Ltd.";"2016, 2018-2025";"Political Science and International Relations (Q1); Communication (Q2); Computer Networks and Communications (Q2); Marketing (Q2); Human-Computer Interaction (Q3)";"Business, Management and Accounting; Computer Science; Social Sciences"
550;4700152735;"Journal of Quality Assurance in Hospitality and Tourism";journal;"1528008X, 15280098";"Routledge";No;No;0,582;Q2;54;32;96;2525;265;88;2,61;78,91;44,05;0;United States;Northern America;"Routledge";"2000-2026";"Tourism, Leisure and Hospitality Management (Q2)";"Business, Management and Accounting"
551;145295;"4OR";journal;"16142411, 16194500";"Springer";No;No;0,579;Q2;50;25;67;804;124;54;2,21;32,16;32,76;0;Germany;Western Europe;"Springer";"2003-2026";"Computational Theory and Mathematics (Q2); Management Information Systems (Q2); Management Science and Operations Research (Q2); Theoretical Computer Science (Q3)";"Business, Management and Accounting; Computer Science; Decision Sciences; Mathematics"
552;20636;"Journal of Management and Governance";journal;"1572963X, 13853457";"Springer";No;No;0,579;Q2;71;46;126;3666;279;118;2,19;79,70;53,39;6;United States;Northern America;"Springer";"1997-2026";"Business and International Management (Q2)";"Business, Management and Accounting"
553;19600166406;"European Business Organization Law Review";journal;"17416205, 15667529";"Springer International Publishing AG";No;No;0,578;Q2;37;23;93;1853;242;89;2,70;80,57;31,43;10;Switzerland;Western Europe;"Springer International Publishing AG";"2000-2026";"Law (Q1); Political Science and International Relations (Q1); Business and International Management (Q2)";"Business, Management and Accounting; Social Sciences"
554;145293;"International Journal of Productivity and Performance Management";journal;"17410401";"Emerald Group Publishing Ltd.";No;No;0,578;Q2;91;90;299;7088;913;288;3,09;78,76;26,69;0;United Kingdom;Western Europe;"Emerald Group Publishing Ltd.";"2004-2026";"Business, Management and Accounting (miscellaneous) (Q2); Strategy and Management (Q2)";"Business, Management and Accounting"
555;21100976150;"Business Strategy and Development";journal;"25723170";"John Wiley &amp; Sons Inc.";No;No;0,577;Q2;39;39;110;2726;297;107;2,70;69,90;37,96;6;United States;Northern America;"John Wiley &amp; Sons Inc.";"2018-2026";"Economics, Econometrics and Finance (miscellaneous) (Q1); Development (Q2); Strategy and Management (Q2)";"Business, Management and Accounting; Economics, Econometrics and Finance; Social Sciences"
556;21100446531;"Journal of Entrepreneurship in Emerging Economies";journal;"20534604, 20534612";"Emerald Publishing";No;No;0,577;Q2;47;49;93;4484;390;93;4,30;91,51;29,31;0;United Kingdom;Western Europe;"Emerald Publishing";"2014-2026";"Economics, Econometrics and Finance (miscellaneous) (Q1); Business and International Management (Q2); Marketing (Q2); Strategy and Management (Q2)";"Business, Management and Accounting; Economics, Econometrics and Finance"
557;16902;"Labour";journal;"11217081, 14679914";"John Wiley and Sons Inc";No;No;0,577;Q2;43;20;63;857;72;63;1,14;42,85;35,14;4;United Kingdom;Western Europe;"John Wiley and Sons Inc";"1987-2026";"History (Q1); Demography (Q2); Geography, Planning and Development (Q2); Industrial Relations (Q2); Organizational Behavior and Human Resource Management (Q2)";"Arts and Humanities; Business, Management and Accounting; Social Sciences"
558;12909;"Systems Research and Behavioral Science";journal;"10991743, 10927026";"John Wiley and Sons Ltd";No;No;0,576;Q2;64;69;209;4298;505;197;2,35;62,29;36,65;2;United Kingdom;Western Europe;"John Wiley and Sons Ltd";"1969, 1973, 1996-2026";"Social Sciences (miscellaneous) (Q1); Information Systems and Management (Q2); Strategy and Management (Q2)";"Business, Management and Accounting; Decision Sciences; Social Sciences"
559;21100794600;"Managing Sport and Leisure";journal;"23750480, 23750472";"Taylor and Francis Ltd.";No;No;0,572;Q2;50;34;102;2118;229;94;2,34;62,29;40,58;1;United Kingdom;Western Europe;"Taylor and Francis Ltd.";"2015-2026";"Tourism, Leisure and Hospitality Management (Q2)";"Business, Management and Accounting"
560;21100242603;"Journal of Place Management and Development";journal;"17538343, 17538335";"Emerald Group Publishing Ltd.";No;No;0,571;Q2;46;20;99;1174;222;94;1,93;58,70;45,90;0;United Kingdom;Western Europe;"Emerald Group Publishing Ltd.";"2008-2026";"Urban Studies (Q1); Business and International Management (Q2); Geography, Planning and Development (Q2); Marketing (Q2); Strategy and Management (Q2); Tourism, Leisure and Hospitality Management (Q2)";"Business, Management and Accounting; Social Sciences"
561;18895;"Journal of Advanced Transportation";journal;"01976729, 20423195";"John Wiley and Sons Ltd";Yes;No;0,569;Q2;77;450;966;18721;2634;949;2,50;41,60;32,71;115;United Kingdom;Western Europe;"John Wiley and Sons Ltd";"1979-2026";"Automotive Engineering (Q2); Computer Science Applications (Q2); Economics and Econometrics (Q2); Mechanical Engineering (Q2); Strategy and Management (Q2)";"Business, Management and Accounting; Computer Science; Economics, Econometrics and Finance; Engineering"
562;22819;"International Journal of Market Research";journal;"25152173, 14707853";"SAGE Publications Ltd";No;No;0,568;Q2;69;50;160;2504;326;135;2,20;50,08;42,86;4;United Kingdom;Western Europe;"SAGE Publications Ltd";"1996-2026";"Business and International Management (Q2); Economics and Econometrics (Q2); Marketing (Q2)";"Business, Management and Accounting; Economics, Econometrics and Finance"
563;4900152206;"Data Base for Advances in Information Systems";journal;"23311622, 15320936";"Association for Computing Machinery";No;No;0,567;Q2;73;31;87;2157;167;79;1,84;69,58;29,73;0;United States;Northern America;"Association for Computing Machinery";"1969-2026";"Computer Networks and Communications (Q2); Management Information Systems (Q2)";"Business, Management and Accounting; Computer Science"
564;21100775634;"IZA Journal of Labor Economics";journal;"21938997";"Laborwide";Yes;No;0,567;Q2;24;5;22;341;39;22;0,75;68,20;53,85;5;Germany;Western Europe;"Laborwide";"2012-2024";"Economics and Econometrics (Q2); Industrial Relations (Q2); Organizational Behavior and Human Resource Management (Q2)";"Business, Management and Accounting; Economics, Econometrics and Finance"
565;5700162125;"Action Research";journal;"17412617, 14767503";"SAGE Publications Ltd";No;No;0,566;Q2;55;40;87;1474;183;74;2,40;36,85;67,68;8;United Kingdom;Western Europe;"SAGE Publications Ltd";"2003-2026";"Sociology and Political Science (Q1); Organizational Behavior and Human Resource Management (Q2); Strategy and Management (Q2)";"Business, Management and Accounting; Social Sciences"
566;20607;"Journal of Food Products Marketing";journal;"15404102, 10454446";"Routledge";No;No;0,566;Q2;48;25;133;1821;435;133;2,64;72,84;41,25;3;United States;Northern America;"Routledge";"1992-2025";"Business and International Management (Q2); Food Science (Q2); Marketing (Q2)";"Agricultural and Biological Sciences; Business, Management and Accounting"
567;19700175255;"Journal of Personnel Psychology";journal;"18665888, 21905150";"Hogrefe Publishing";No;No;0,566;Q2;44;19;62;912;72;62;0,98;48,00;40,00;2;United States;Northern America;"Hogrefe Publishing";"2010-2026";"Applied Psychology (Q2); Organizational Behavior and Human Resource Management (Q2)";"Business, Management and Accounting; Psychology"
568;6300153121;"Journal of Theoretical and Applied Electronic Commerce Research";journal;"07181876";"Multidisciplinary Digital Publishing Institute (MDPI)";Yes;Yes;0,566;Q2;63;184;57;13139;292;49;5,38;71,41;39,07;17;Switzerland;Western Europe;"Multidisciplinary Digital Publishing Institute (MDPI)";"2006-2026";"Business, Management and Accounting (miscellaneous) (Q2); Computer Science Applications (Q2)";"Business, Management and Accounting; Computer Science"
569;145290;"Bottom Line";journal;"0888045X";"Emerald Group Publishing Ltd.";No;No;0,563;Q2;33;10;55;710;181;54;3,17;71,00;36,67;0;United Kingdom;Western Europe;"Emerald Group Publishing Ltd.";"1988-2026";"Library and Information Sciences (Q1); Business, Management and Accounting (miscellaneous) (Q2)";"Business, Management and Accounting; Social Sciences"
570;27287;"Journal of Network and Systems Management";journal;"15737705, 10647570";"Springer New York";No;No;0,563;Q2;51;46;146;2264;402;143;2,78;49,22;18,35;0;United States;Northern America;"Springer New York";"1993-2026";"Computer Networks and Communications (Q2); Hardware and Architecture (Q2); Information Systems (Q2); Strategy and Management (Q2)";"Business, Management and Accounting; Computer Science"
571;21995;"Contemporary Economic Policy";journal;"14657287, 10743529";"Wiley-Blackwell Publishing Ltd";No;No;0,562;Q2;65;53;138;2078;160;135;1,23;39,21;29,20;21;United Kingdom;Western Europe;"Wiley-Blackwell Publishing Ltd";"1982-2026";"Business, Management and Accounting (miscellaneous) (Q2); Economics and Econometrics (Q2); Public Administration (Q2)";"Business, Management and Accounting; Economics, Econometrics and Finance; Social Sciences"
572;19700188275;"International Journal of Innovation Science";journal;"17572223, 17572231";"Emerald Group Publishing Ltd.";No;No;0,562;Q2;39;34;98;2082;291;97;2,76;61,24;24,62;0;United Kingdom;Western Europe;"Emerald Group Publishing Ltd.";"2010-2026";"Engineering (miscellaneous) (Q2); Management of Technology and Innovation (Q2)";"Business, Management and Accounting; Engineering"
573;25524;"Social Marketing Quarterly";journal;"15394093, 15245004";"SAGE Publications Inc.";No;No;0,562;Q2;38;21;69;1359;186;57;2,63;64,71;62,16;2;United States;Northern America;"SAGE Publications Inc.";"1994-2026";"Economics and Econometrics (Q2); Marketing (Q2)";"Business, Management and Accounting; Economics, Econometrics and Finance"
574;19900192134;"Decision Sciences Journal of Innovative Education";journal;"15404609, 15404595";"John Wiley and Sons Ltd";No;No;0,561;Q2;32;19;64;623;123;58;1,76;32,79;23,26;2;United Kingdom;Western Europe;"John Wiley and Sons Ltd";"2011-2025";"Business, Management and Accounting (miscellaneous) (Q2); Decision Sciences (miscellaneous) (Q2); Education (Q2)";"Business, Management and Accounting; Decision Sciences; Social Sciences"
575;29088;"EMJ - Engineering Management Journal";journal;"10429247";"Taylor and Francis Ltd.";No;No;0,561;-;50;16;82;982;202;71;2,62;61,38;27,50;0;United Kingdom;Western Europe;"Taylor and Francis Ltd.";"1989-2026";"Engineering (miscellaneous) (Q2)";"Engineering"
576;144655;"Qualitative Market Research";journal;"13522752";"Emerald Group Publishing Ltd.";No;No;0,560;Q2;72;29;126;2601;296;119;2,04;89,69;57,81;0;United Kingdom;Western Europe;"Emerald Group Publishing Ltd.";"1998-2026";"Marketing (Q2)";"Business, Management and Accounting"
577;19700175280;"IIMB Management Review";journal;"09703896";"Elsevier Ltd";Yes;No;0,554;Q2;41;32;102;1640;265;90;2,10;51,25;32,08;2;United Kingdom;Western Europe;"Elsevier Ltd";"2010-2025";"Business, Management and Accounting (miscellaneous) (Q2); Economics and Econometrics (Q2)";"Business, Management and Accounting; Economics, Econometrics and Finance"
578;4700152754;"Journal of Nonprofit and Public Sector Marketing";journal;"15406997, 10495142";"Routledge";No;No;0,554;Q2;44;23;70;1518;140;69;1,45;66,00;46,94;0;United States;Northern America;"Routledge";"1993-2026";"Marketing (Q2)";"Business, Management and Accounting"
579;19318;"Group Decision and Negotiation";journal;"09262644, 15729907";"Springer Netherlands";No;No;0,553;Q2;75;60;142;2951;333;137;2,18;49,18;33,33;2;Netherlands;Western Europe;"Springer Netherlands";"1992-2026";"Arts and Humanities (miscellaneous) (Q1); Social Sciences (miscellaneous) (Q1); Decision Sciences (miscellaneous) (Q2); Management of Technology and Innovation (Q2); Strategy and Management (Q2)";"Arts and Humanities; Business, Management and Accounting; Decision Sciences; Social Sciences"
580;12300154710;"Economic and Labour Relations Review";journal;"10353046, 18382673";"Cambridge University Press";No;No;0,552;Q2;33;34;93;1765;200;90;2,34;51,91;47,54;11;United Kingdom;Western Europe;"Cambridge University Press";"1990-2026";"Economics and Econometrics (Q2); Organizational Behavior and Human Resource Management (Q2)";"Business, Management and Accounting; Economics, Econometrics and Finance"
581;19200157038;"International Journal of Sports Marketing and Sponsorship";journal;"14646668";"Emerald Group Publishing Ltd.";No;No;0,552;Q2;42;33;114;2603;290;113;2,40;78,88;33,70;0;United Kingdom;Western Europe;"Emerald Group Publishing Ltd.";"2001, 2007-2026";"Business and International Management (Q2); Finance (Q2); Marketing (Q2); Sports Science (Q3)";"Business, Management and Accounting; Economics, Econometrics and Finance; Health Professions"
582;21100236016;"Journal of Islamic Marketing";journal;"17590833, 17590841";"Emerald Group Publishing Ltd.";No;No;0,551;Q2;71;100;220;7681;815;220;3,21;76,81;35,85;0;United Kingdom;Western Europe;"Emerald Group Publishing Ltd.";"2010-2026";"Marketing (Q2)";"Business, Management and Accounting"
583;26602;"Evaluation and Program Planning";journal;"01497189, 18737870";"Elsevier Ltd";No;No;0,550;Q2;77;73;339;3355;782;339;2,12;45,96;63,21;15;United Kingdom;Western Europe;"Elsevier Ltd";"1978-2026";"Business and International Management (Q2); Geography, Planning and Development (Q2); Public Health, Environmental and Occupational Health (Q2); Social Psychology (Q2); Strategy and Management (Q2)";"Business, Management and Accounting; Medicine; Psychology; Social Sciences"
584;12188;"Simulation and Gaming";journal;"1552826X, 10468781";"SAGE Publications Inc.";No;No;0,550;Q2;78;50;135;1624;350;116;2,15;32,48;58,78;3;United States;Northern America;"SAGE Publications Inc.";"1970-1976, 1978-1983, 1985, 1987-2026";"Social Sciences (miscellaneous) (Q1); Business, Management and Accounting (miscellaneous) (Q2); Computer Science Applications (Q2)";"Business, Management and Accounting; Computer Science; Social Sciences"
585;21100901140;"Journal of Innovation and Entrepreneurship";journal;"21925372";"SpringerOpen";Yes;No;0,548;Q2;51;47;57;2940;215;55;4,05;62,55;35,48;11;Germany;Western Europe;"SpringerOpen";"2014-2015, 2017-2026";"Sociology and Political Science (Q1); Economics and Econometrics (Q2); Information Systems (Q2); Management Information Systems (Q2); Management of Technology and Innovation (Q2)";"Business, Management and Accounting; Computer Science; Economics, Econometrics and Finance; Social Sciences"
586;19951;"International Journal of Conflict Management";journal;"10444068";"Emerald Group Publishing Ltd.";No;No;0,547;Q2;72;33;111;2904;241;109;1,85;88,00;42,11;0;United Kingdom;Western Europe;"Emerald Group Publishing Ltd.";"1990-2026";"Communication (Q2); Management of Technology and Innovation (Q2); Strategy and Management (Q2)";"Business, Management and Accounting; Social Sciences"
587;144815;"Computational Management Science";journal;"1619697X, 16196988";"Springer";No;No;0,546;Q2;44;24;87;888;106;80;0,98;37,00;22,92;0;Germany;Western Europe;"Springer";"2005-2026";"Business, Management and Accounting (miscellaneous) (Q2); Information Systems (Q2); Management Information Systems (Q2); Management Science and Operations Research (Q2); Statistics, Probability and Uncertainty (Q3)";"Business, Management and Accounting; Computer Science; Decision Sciences"
588;24356;"Journal of Economics/ Zeitschrift fur Nationalokonomie";journal;"16177134, 09318658";"Springer";No;No;0,546;Q2;40;30;107;948;124;107;1,26;31,60;35,59;0;Austria;Western Europe;"Springer";"1930-1939, 1941-1944, 1948-2026";"Business, Management and Accounting (miscellaneous) (Q2); Economics and Econometrics (Q2)";"Business, Management and Accounting; Economics, Econometrics and Finance"
589;21100838559;"Fashion and Textiles";journal;"21980802";"Springer Singapore";Yes;No;0,545;Q2;41;42;103;2101;278;101;2,70;50,02;51,67;4;Singapore;Asiatic Region;"Springer Singapore";"2014-2026";"Cultural Studies (Q1); Marketing (Q2); Materials Science (miscellaneous) (Q2); Social Psychology (Q2); Strategy and Management (Q2)";"Business, Management and Accounting; Materials Science; Psychology; Social Sciences"
590;20201;"International Journal of Manpower";journal;"01437720";"Emerald Group Publishing Ltd.";No;No;0,545;Q2;84;75;217;4354;523;210;2,75;58,05;42,08;0;United Kingdom;Western Europe;"Emerald Group Publishing Ltd.";"1970, 1980-2026";"Management of Technology and Innovation (Q2); Organizational Behavior and Human Resource Management (Q2); Strategy and Management (Q2)";"Business, Management and Accounting"
591;13000154734;"International Journal of Training and Development";journal;"14682419, 13603736";"Wiley-Blackwell Publishing Ltd";No;No;0,544;Q2;59;25;66;1413;160;62;1,91;56,52;53,85;4;United Kingdom;Western Europe;"Wiley-Blackwell Publishing Ltd";"1997-2026";"Education (Q2); Organizational Behavior and Human Resource Management (Q2)";"Business, Management and Accounting; Social Sciences"
592;21100448513;"Journal of Healthcare Leadership";journal;"11793201";"Dove Medical Press Ltd";Yes;No;0,543;Q2;30;24;32;947;94;31;2,96;39,46;56,00;0;United Kingdom;Western Europe;"Dove Medical Press Ltd";"2014-2026";"Leadership and Management (Q1); Organizational Behavior and Human Resource Management (Q2); Public Health, Environmental and Occupational Health (Q2)";"Business, Management and Accounting; Medicine; Nursing"
593;21100890157;"Journal of Wine Economics";journal;"1931437X, 19314361";"Cambridge University Press";No;No;0,543;Q2;17;22;81;761;139;73;1,77;34,59;23,81;3;United Kingdom;Western Europe;"Cambridge University Press";"2007, 2018-2026";"Horticulture (Q1); Business, Management and Accounting (miscellaneous) (Q2); Food Science (Q2)";"Agricultural and Biological Sciences; Business, Management and Accounting"
594;19900191863;"Accounting in Europe";journal;"17449499, 17449480";"Routledge";No;No;0,542;Q2;36;15;46;1100;112;43;2,16;73,33;43,75;3;United Kingdom;Western Europe;"Routledge";"2006, 2008, 2010-2026";"Accounting (Q2); Business and International Management (Q2); Finance (Q2)";"Business, Management and Accounting; Economics, Econometrics and Finance"
595;19900192136;"International Journal of Auditing";journal;"10991123, 10906738";"John Wiley and Sons Ltd";No;No;0,542;Q2;42;40;89;2955;226;85;2,61;73,88;31,48;1;United Kingdom;Western Europe;"John Wiley and Sons Ltd";"2009-2026";"Economics, Econometrics and Finance (miscellaneous) (Q1); Accounting (Q2)";"Business, Management and Accounting; Economics, Econometrics and Finance"
596;21100200829;"International Journal of Engineering Business Management";journal;"18479790";"SAGE Publications Inc.";Yes;No;0,541;Q2;46;30;108;2063;342;108;2,71;68,77;30,77;2;Croatia;Eastern Europe;"SAGE Publications Inc.";"2009-2026";"Organizational Behavior and Human Resource Management (Q2); Management Science and Operations Research (Q3)";"Business, Management and Accounting; Decision Sciences"
597;4700152908;"Knowledge Management Research and Practice";journal;"14778238, 14778246";"Taylor and Francis Ltd.";No;No;0,541;Q2;62;54;131;3341;415;130;3,33;61,87;42,67;7;United Kingdom;Western Europe;"Taylor and Francis Ltd.";"2006-2026";"Library and Information Sciences (Q1); Business and International Management (Q2); Management Information Systems (Q2); Management of Technology and Innovation (Q2); Strategy and Management (Q2); Management Science and Operations Research (Q3)";"Business, Management and Accounting; Decision Sciences; Social Sciences"
598;69005;"Agricultural Finance Review";journal;"00021466, 20416326";"Emerald Publishing";No;No;0,539;Q2;41;29;134;1242;229;132;1,47;42,83;23,46;0;United Kingdom;Western Europe;"Emerald Publishing";"1980, 2000-2026";"Agricultural and Biological Sciences (miscellaneous) (Q1); Economics, Econometrics and Finance (miscellaneous) (Q1); Economics and Econometrics (Q2); Finance (Q2); Strategy and Management (Q2)";"Agricultural and Biological Sciences; Business, Management and Accounting; Economics, Econometrics and Finance"
599;4700152789;"Collection Management";journal;"01462679, 15452549";"Routledge";No;No;0,536;Q2;24;22;84;592;70;72;0,82;26,91;78,79;0;United States;Northern America;"Routledge";"1976, 1978-1979, 1981-1999, 2001-2025";"Library and Information Sciences (Q1); Strategy and Management (Q2)";"Business, Management and Accounting; Social Sciences"
600;21100836179;"Asia and the Pacific Policy Studies";journal;"20502680";"John Wiley and Sons Ltd";Yes;No;0,535;Q2;36;24;93;1109;239;92;2,77;46,21;41,18;5;United Kingdom;Western Europe;"John Wiley and Sons Ltd";"2014-2026";"Economics, Econometrics and Finance (miscellaneous) (Q1); Political Science and International Relations (Q1); Public Administration (Q2); Sociology and Political Science (Q2); Strategy and Management (Q2)";"Business, Management and Accounting; Economics, Econometrics and Finance; Social Sciences"
601;21100834347;"Journal of Marketing Analytics";journal;"20503318, 20503326";"Springer International Publishing AG";No;No;0,535;Q2;35;28;59;1716;175;49;3,73;61,29;28,00;1;Switzerland;Western Europe;"Springer International Publishing AG";"2013-2026";"Economics, Econometrics and Finance (miscellaneous) (Q1); Marketing (Q2); Strategy and Management (Q2); Statistics, Probability and Uncertainty (Q3)";"Business, Management and Accounting; Decision Sciences; Economics, Econometrics and Finance"
602;19900191744;"Equality, Diversity and Inclusion";journal;"17587093, 20407149";"Emerald Publishing";No;No;0,532;Q2;50;65;165;3895;348;160;2,29;59,92;72,59;0;United Kingdom;Western Europe;"Emerald Publishing";"1989-1994, 1996-2003, 2010-2026";"Cultural Studies (Q1); Gender Studies (Q2); Organizational Behavior and Human Resource Management (Q2); Sociology and Political Science (Q2)";"Business, Management and Accounting; Social Sciences"
603;17200154705;"European Journal of International Management";journal;"17516757, 17516765";"Inderscience Enterprises Ltd";No;No;0,532;Q2;40;63;128;4545;224;127;1,58;72,14;38,62;0;United Kingdom;Western Europe;"Inderscience Enterprises Ltd";"2007-2026";"Business and International Management (Q2); Education (Q2); Organizational Behavior and Human Resource Management (Q2)";"Business, Management and Accounting; Social Sciences"
604;19900191762;"Journal of Sport and Tourism";journal;"14775085, 10295399";"Routledge";No;No;0,532;Q2;59;19;49;1368;150;46;2,53;72,00;29,82;1;United Kingdom;Western Europe;"Routledge";"1993-2014, 2016-2026";"Tourism, Leisure and Hospitality Management (Q2)";"Business, Management and Accounting"
605;21100790347;"Journal of Small Business Strategy";journal;"10818510, 23801751";"Small Business Institute";Yes;Yes;0,531;Q2;27;45;61;3007;150;59;2,36;66,82;31,86;2;United States;Northern America;"Small Business Institute";"1994, 2013-2026";"Strategy and Management (Q2)";"Business, Management and Accounting"
606;21100976152;"Journal of Civil Engineering Education";journal;"26439107, 26439115";"American Society of Civil Engineers (ASCE)";No;No;0,530;Q2;55;27;99;1198;222;97;2,00;44,37;40,45;0;United States;Northern America;"American Society of Civil Engineers (ASCE)";"2020-2026";"Civil and Structural Engineering (Q2); Industrial Relations (Q2); Strategy and Management (Q2)";"Business, Management and Accounting; Engineering"
607;11700154505;"Journal of Hospitality, Leisure, Sport and Tourism Education";journal;"14738376";"Elsevier B.V.";No;No;0,530;Q2;51;54;101;3319;331;101;3,08;61,46;46,36;0;Netherlands;Western Europe;"Elsevier B.V.";"2008-2026";"Education (Q2); Tourism, Leisure and Hospitality Management (Q2)";"Business, Management and Accounting; Social Sciences"
608;17600155397;"International Journal of Design";journal;"1994036X, 19913761";"Chinese Institute of Design";Yes;No;0,529;Q2;59;17;62;1115;204;60;2,37;65,59;47,50;0;Taiwan;Asiatic Region;"Chinese Institute of Design";"2007-2025";"Computer Graphics and Computer-Aided Design (Q2); Industrial and Manufacturing Engineering (Q2); Marketing (Q2); Strategy and Management (Q2)";"Business, Management and Accounting; Computer Science; Engineering"
609;21100390411;"Journal of Hospitality and Tourism Education";journal;"23256540, 10963758";"Taylor and Francis Ltd.";No;No;0,529;Q2;38;21;75;1324;158;73;2,35;63,05;52,00;0;United Kingdom;Western Europe;"Taylor and Francis Ltd.";"1997-2013, 2015-2026";"Education (Q2); Tourism, Leisure and Hospitality Management (Q2)";"Business, Management and Accounting; Social Sciences"
610;16800154722;"Advances in Developing Human Resources";journal;"15523055, 15234223";"SAGE Publications Inc.";No;No;0,528;Q2;67;28;99;1272;221;90;1,38;45,43;57,45;3;United States;Northern America;"SAGE Publications Inc.";"1999-2026";"Organizational Behavior and Human Resource Management (Q2)";"Business, Management and Accounting"
611;14809;"Journal of Ecotourism";journal;"14724049, 17477638";"Taylor and Francis Ltd.";No;No;0,528;Q2;56;20;76;1261;202;64;2,63;63,05;33,33;4;United Kingdom;Western Europe;"Taylor and Francis Ltd.";"2002-2026";"Geography, Planning and Development (Q2); Tourism, Leisure and Hospitality Management (Q2)";"Business, Management and Accounting; Social Sciences"
612;19700175100;"American Health and Drug Benefits";journal;"19422962, 19422970";"Engage Healthcare Communications, Inc.";Yes;No;0,527;Q2;42;16;112;275;167;67;1,55;17,19;32,61;0;United States;Northern America;"Engage Healthcare Communications, Inc.";"2009-2024";"Health Policy (Q2); Strategy and Management (Q2)";"Business, Management and Accounting; Medicine"
613;21100890158;"Journal of Family Business Management";journal;"20436238, 20436246";"Emerald Group Publishing Ltd.";No;No;0,527;Q2;41;19;85;1683;221;83;2,21;88,58;30,36;0;United Kingdom;Western Europe;"Emerald Group Publishing Ltd.";"2011-2026";"Economics, Econometrics and Finance (miscellaneous) (Q1); Strategy and Management (Q2)";"Business, Management and Accounting; Economics, Econometrics and Finance"
614;21100299412;"International Journal of Event and Festival Management";journal;"17582954, 17582962";"Emerald Publishing";No;No;0,525;Q2;41;27;65;1807;145;61;2,53;66,93;47,06;0;United Kingdom;Western Europe;"Emerald Publishing";"2010-2026";"Business, Management and Accounting (miscellaneous) (Q2); Tourism, Leisure and Hospitality Management (Q2)";"Business, Management and Accounting"
615;21101019334;"Journal of Business Analytics";journal;"2573234X, 25732358";"Taylor and Francis Ltd.";No;No;0,525;Q2;15;13;33;697;74;32;0,45;53,62;18,75;0;United Kingdom;Western Europe;"Taylor and Francis Ltd.";"2018-2026";"Industrial and Manufacturing Engineering (Q2); Information Systems (Q2); Management Information Systems (Q2)";"Business, Management and Accounting; Computer Science; Engineering"
616;19900191718;"International Journal of Accounting and Information Management";journal;"17589037, 18347649";"Emerald Publishing";No;No;0,522;Q2;46;30;99;2420;281;98;3,11;80,67;41,54;0;United Kingdom;Western Europe;"Emerald Publishing";"2007-2026";"Economics, Econometrics and Finance (miscellaneous) (Q1); Accounting (Q2); Management Information Systems (Q2); Management of Technology and Innovation (Q2)";"Business, Management and Accounting; Economics, Econometrics and Finance"
617;21100898050;"Social Enterprise Journal";journal;"17508533, 17508614";"Emerald Group Publishing Ltd.";No;No;0,522;Q2;29;25;81;2028;202;78;2,55;81,12;49,23;0;United Kingdom;Western Europe;"Emerald Group Publishing Ltd.";"2012, 2016, 2018-2026";"Economics, Econometrics and Finance (miscellaneous) (Q1); Business, Management and Accounting (miscellaneous) (Q2); Development (Q2); Management, Monitoring, Policy and Law (Q2); Sociology and Political Science (Q2)";"Business, Management and Accounting; Economics, Econometrics and Finance; Environmental Science; Social Sciences"
618;19700201170;"Journal of China Tourism Research";journal;"19388160, 19388179";"Taylor and Francis Ltd.";No;No;0,522;Q3;35;30;95;2215;181;92;1,99;73,83;40,24;1;United Kingdom;Western Europe;"Taylor and Francis Ltd.";"2008-2026";"Cultural Studies (Q1); Linguistics and Language (Q1); Tourism, Leisure and Hospitality Management (Q3)";"Business, Management and Accounting; Social Sciences"
619;21100775412;"Foresight and STI Governance";journal;"23129972, 25002597";"National Research University Higher School of Economics (HSE University)";Yes;Yes;0,521;Q2;31;31;89;1634;255;85;2,92;52,71;36,17;4;Russian Federation;Eastern Europe;"National Research University Higher School of Economics (HSE University)";"2015-2025";"Economics, Econometrics and Finance (miscellaneous) (Q1); Business and International Management (Q2); Business, Management and Accounting (miscellaneous) (Q2); Decision Sciences (miscellaneous) (Q2); Development (Q2); Management of Technology and Innovation (Q2); Social Sciences (miscellaneous) (Q2); Strategy and Management (Q2); Statistics, Probability and Uncertainty (Q3)";"Business, Management and Accounting; Decision Sciences; Economics, Econometrics and Finance; Social Sciences"
620;5700169004;"Security Journal";journal;"17434645, 09551662";"Palgrave Macmillan Ltd.";No;No;0,521;Q2;38;37;99;2184;202;97;1,84;59,03;36,67;5;United Kingdom;Western Europe;"Palgrave Macmillan Ltd.";"1995, 2000, 2009-2026";"Law (Q1); Safety Research (Q2); Strategy and Management (Q2)";"Business, Management and Accounting; Social Sciences"
621;19600156901;"Architectural Engineering and Design Management";journal;"17527589, 17452007";"Taylor and Francis Ltd.";No;No;0,520;Q2;44;30;91;1111;209;84;2,05;37,03;40,26;2;United Kingdom;Western Europe;"Taylor and Francis Ltd.";"2005-2026";"Architecture (Q1); Building and Construction (Q2); Business, Management and Accounting (miscellaneous) (Q2)";"Business, Management and Accounting; Engineering"
622;17600155015;"Journal of Entrepreneurship";journal;"09730745, 09713557";"Sage Publications India Pvt. Ltd";No;No;0,520;Q2;37;13;38;957;108;38;2,54;73,62;15,63;1;India;Asiatic Region;"Sage Publications India Pvt. Ltd";"1996-1999, 2009-2026";"Business and International Management (Q2); Economics and Econometrics (Q2); Strategy and Management (Q2)";"Business, Management and Accounting; Economics, Econometrics and Finance"
623;21100905330;"Research Policy: X";journal;"25901451";"Elsevier B.V.";Yes;No;0,519;Q2;3;0;3;0;12;3;4,00;0,00;0,00;0;Netherlands;Western Europe;"Elsevier B.V.";"2019-2020";"Management of Technology and Innovation (Q2); Strategy and Management (Q2); Management Science and Operations Research (Q3)";"Business, Management and Accounting; Decision Sciences"
624;27639;"Cartography and Geographic Information Science";journal;"15230406";"Taylor and Francis Ltd.";No;No;0,517;Q2;73;34;118;1984;315;114;2,41;58,35;25,45;4;United Kingdom;Western Europe;"Taylor and Francis Ltd.";"1997-2026";"Civil and Structural Engineering (Q2); Geography, Planning and Development (Q2); Management of Technology and Innovation (Q2)";"Business, Management and Accounting; Engineering; Social Sciences"
625;145664;"International Journal of Strategic Property Management";journal;"1648715X, 16489179";"Vilnius Gediminas Technical University";Yes;No;0,516;Q2;42;35;109;1899;249;108;2,65;54,26;33,64;2;Lithuania;Eastern Europe;"Vilnius Gediminas Technical University";"2004-2026";"Strategy and Management (Q2)";"Business, Management and Accounting"
626;21100827834;"Sport Marketing Quarterly";journal;"15572528, 10616934";"Fitness Information Technology";No;No;0,516;Q2;18;19;42;1271;81;38;0,59;66,89;20,00;0;United States;Northern America;"Fitness Information Technology";"2002, 2004, 2017-2018, 2020-2025";"Strategy and Management (Q2); Marketing (Q3); Tourism, Leisure and Hospitality Management (Q3)";"Business, Management and Accounting"
627;18700156708;"Australian Accounting Review";journal;"10356908, 18352561";"Wiley-Blackwell Publishing Ltd";No;No;0,513;Q2;54;24;123;1060;292;110;2,50;44,17;33,33;1;United Kingdom;Western Europe;"Wiley-Blackwell Publishing Ltd";"1991-2026";"Accounting (Q2)";"Business, Management and Accounting"
628;21100850750;"European Journal of Futures Research";journal;"21952248, 21954194";"Springer Verlag";Yes;No;0,513;Q2;32;17;39;1447;106;38;3,59;85,12;30,43;7;Germany;Western Europe;"Springer Verlag";"2013-2026";"Economics, Econometrics and Finance (miscellaneous) (Q1); Management of Technology and Innovation (Q2); Social Sciences (miscellaneous) (Q2); Sociology and Political Science (Q2); Tourism, Leisure and Hospitality Management (Q3)";"Business, Management and Accounting; Economics, Econometrics and Finance; Social Sciences"
629;144657;"Journal of Property Investment and Finance";journal;"1463578X";"Emerald Group Publishing Ltd.";No;No;0,512;Q2;47;28;146;730;161;130;1,00;26,07;26,19;0;United Kingdom;Western Europe;"Emerald Group Publishing Ltd.";"1999-2026";"Economics, Econometrics and Finance (miscellaneous) (Q1); Business, Management and Accounting (miscellaneous) (Q2); Finance (Q2)";"Business, Management and Accounting; Economics, Econometrics and Finance"
630;17700156753;"Journal of Financial Services Marketing";journal;"14791846, 13630539";"Palgrave Macmillan Ltd.";No;No;0,511;Q3;38;24;38;1655;137;38;4,41;68,96;34,62;2;United Kingdom;Western Europe;"Palgrave Macmillan Ltd.";"2004, 2009-2026";"Finance (Q2); Marketing (Q3)";"Business, Management and Accounting; Economics, Econometrics and Finance"
631;21100198209;"International Journal of Entrepreneurial Venturing";journal;"17425379, 17425360";"Inderscience";No;No;0,509;Q2;31;25;85;2142;162;85;1,13;85,68;41,18;0;Switzerland;Western Europe;"Inderscience";"2009-2025";"Business and International Management (Q2); Management of Technology and Innovation (Q2); Strategy and Management (Q2)";"Business, Management and Accounting"
632;21100304262;"International Journal of Emerging Markets";journal;"17468809, 17468817";"Emerald Publishing";No;No;0,508;Q2;56;54;253;4705;627;249;2,48;87,13;29,71;0;United Kingdom;Western Europe;"Emerald Publishing";"2006-2026";"Business and International Management (Q2); Business, Management and Accounting (miscellaneous) (Q2)";"Business, Management and Accounting"
633;21100870402;"Journal of Small Business and Entrepreneurship";journal;"08276331, 21692610";"Taylor and Francis Ltd.";No;No;0,508;Q2;48;30;95;2317;326;89;3,52;77,23;35,14;7;United Kingdom;Western Europe;"Taylor and Francis Ltd.";"1996-1998, 2000-2014, 2016-2026";"Business and International Management (Q2); Strategy and Management (Q2)";"Business, Management and Accounting"
634;21101055871;"Bulletin for International Taxation";journal;"18195490, 23529202";"International Bureau of Fiscal Documentation (IBFD)";No;No;0,507;Q2;7;91;144;571;45;142;0,31;6,27;24,04;5;Netherlands;Western Europe;"International Bureau of Fiscal Documentation (IBFD)";"2019-2025";"Law (Q1); Accounting (Q2); Economics and Econometrics (Q2); Finance (Q2)";"Business, Management and Accounting; Economics, Econometrics and Finance; Social Sciences"
635;7400153103;"Frontiers of Business Research in China";journal;"16737326, 16737431";"Higher Education Press Limited Company";Yes;No;0,507;Q2;27;8;71;411;156;70;2,17;51,38;15,79;2;Singapore;Asiatic Region;"Higher Education Press Limited Company";"2007-2025";"Business, Management and Accounting (miscellaneous) (Q2); Public Administration (Q2)";"Business, Management and Accounting; Social Sciences"
636;21100446999;"Journal of Global Mobility";journal;"20498802, 20498799";"Emerald Group Publishing Ltd.";No;No;0,507;Q2;35;29;62;2586;101;55;1,24;89,17;67,19;0;United Kingdom;Western Europe;"Emerald Group Publishing Ltd.";"2013-2026";"Business and International Management (Q2); Organizational Behavior and Human Resource Management (Q2)";"Business, Management and Accounting"
637;5700185098;"Competitiveness Review";journal;"20513143, 10595422";"Emerald Publishing";No;No;0,506;Q2;49;47;101;3618;260;95;2,64;76,98;37,10;0;United Kingdom;Western Europe;"Emerald Publishing";"1996-2026";"Business and International Management (Q2); Business, Management and Accounting (miscellaneous) (Q2)";"Business, Management and Accounting"
638;18803;"Asia Pacific Business Review";journal;"1743792X, 13602381";"Routledge";No;No;0,505;Q2;49;37;106;2763;266;98;1,70;74,68;32,18;0;United Kingdom;Western Europe;"Routledge";"1994-2026";"Business and International Management (Q2)";"Business, Management and Accounting"
639;20670;"Journal of Organizational Change Management";journal;"09534814";"Emerald Group Publishing Ltd.";No;No;0,505;Q2;94;75;216;5070;495;208;1,66;67,60;45,06;0;United Kingdom;Western Europe;"Emerald Group Publishing Ltd.";"1988-2026";"Decision Sciences (miscellaneous) (Q2); Management of Technology and Innovation (Q2); Organizational Behavior and Human Resource Management (Q2); Strategy and Management (Q2)";"Business, Management and Accounting; Decision Sciences"
640;21100431169;"International Journal of Islamic and Middle Eastern Finance and Management";journal;"17538394, 17538408";"Emerald Publishing";No;No;0,501;Q2;53;44;135;2758;379;134;2,32;62,68;18,52;0;United Kingdom;Western Europe;"Emerald Publishing";"2008-2026";"Business and International Management (Q2); Finance (Q2); Strategy and Management (Q2)";"Business, Management and Accounting; Economics, Econometrics and Finance"
641;4400151503;"Federal Reserve Bank of St. Louis Review";journal;"00149187";"Federal Reserve Bank of St.Louis";No;No;0,500;Q2;43;18;53;602;63;53;0,50;33,44;36,11;8;United States;Northern America;"Federal Reserve Bank of St.Louis";"2001-2002, 2005-2025";"Business and International Management (Q2)";"Business, Management and Accounting"
642;23403;"Journal of Homeland Security and Emergency Management";journal;"21946361, 15477355";"Walter de Gruyter GmbH";No;No;0,500;Q2;34;15;89;652;213;89;2,73;43,47;53,85;1;Germany;Western Europe;"Walter de Gruyter GmbH";"2004-2026";"Business, Management and Accounting (miscellaneous) (Q2); Safety Research (Q2); Safety, Risk, Reliability and Quality (Q2)";"Business, Management and Accounting; Engineering; Social Sciences"
643;21101045767;"Journal of Hospitality and Tourism Insights";journal;"25149806, 25149792";"Emerald Group Publishing Ltd.";No;No;0,499;Q3;44;17;107;1087;212;102;1,96;63,94;55,10;0;United Kingdom;Western Europe;"Emerald Group Publishing Ltd.";"2018-2026";"Tourism, Leisure and Hospitality Management (Q3)";"Business, Management and Accounting"
644;21100203911;"European Journal of Training and Development";journal;"20469012, 20469020";"Emerald Publishing";No;No;0,498;Q2;77;47;120;3438;248;119;2,00;73,15;45,76;0;United Kingdom;Western Europe;"Emerald Publishing";"2012-2026";"Business, Management and Accounting (miscellaneous) (Q2); Education (Q2); Organizational Behavior and Human Resource Management (Q2)";"Business, Management and Accounting; Social Sciences"
645;11800154591;"Journal of Economic Policy Reform";journal;"17487889, 17487870";"Routledge";No;No;0,498;Q2;37;30;81;1542;134;77;1,67;51,40;31,37;13;United Kingdom;Western Europe;"Routledge";"2007-2026";"Economics, Econometrics and Finance (miscellaneous) (Q1); Business and International Management (Q2)";"Business, Management and Accounting; Economics, Econometrics and Finance"
646;15800154711;"Research in Accounting Regulation";journal;"10520457";"Elsevier B.V.";No;No;0,498;Q2;25;0;21;0;15;20;0,00;0,00;0,00;0;Netherlands;Western Europe;"Elsevier B.V.";"2003-2005, 2007-2018";"Accounting (Q2); Finance (Q2); Sociology and Political Science (Q2)";"Business, Management and Accounting; Economics, Econometrics and Finance; Social Sciences"
647;145246;"Journal of Workplace Learning";journal;"13665626";"Emerald Group Publishing Ltd.";No;No;0,497;Q2;65;27;126;1203;207;125;1,55;44,56;64,52;0;United Kingdom;Western Europe;"Emerald Group Publishing Ltd.";"1997-2026";"Development (Q2); Organizational Behavior and Human Resource Management (Q2); Social Psychology (Q2)";"Business, Management and Accounting; Psychology; Social Sciences"
648;21100409365;"Strategic Change";journal;"10861718, 10991697";"John Wiley and Sons Inc";No;No;0,497;Q2;52;55;168;3000;381;165;1,67;54,55;32,00;5;United Kingdom;Western Europe;"John Wiley and Sons Inc";"1992-2026";"Business, Management and Accounting (miscellaneous) (Q2); Finance (Q2)";"Business, Management and Accounting; Economics, Econometrics and Finance"
649;10400153306;"International Journal of Organizational Analysis";journal;"19348835";"Emerald Group Publishing Ltd.";No;No;0,495;Q2;55;79;201;6388;438;200;2,11;80,86;38,29;0;United Kingdom;Western Europe;"Emerald Group Publishing Ltd.";"2005-2026";"Organizational Behavior and Human Resource Management (Q2); Strategy and Management (Q2)";"Business, Management and Accounting"
650;22328;"Organizational Dynamics";journal;"00902616";"Elsevier B.V.";No;No;0,493;Q2;86;50;115;0;190;112;1,17;0,00;42,86;7;United Kingdom;Western Europe;"Elsevier B.V.";"1972-1995, 1997-2026";"Organizational Behavior and Human Resource Management (Q2); Sociology and Political Science (Q2); Applied Psychology (Q3)";"Business, Management and Accounting; Psychology; Social Sciences"
651;21100803571;"Digital Policy, Regulation and Governance";journal;"23985038, 23985046";"Emerald Publishing";No;No;0,492;Q2;48;34;104;1912;274;94;2,55;56,24;28,95;0;United Kingdom;Western Europe;"Emerald Publishing";"2017-2026";"Computer Networks and Communications (Q2); Information Systems (Q2); Information Systems and Management (Q2); Management Information Systems (Q2); Management of Technology and Innovation (Q2)";"Business, Management and Accounting; Computer Science; Decision Sciences"
652;21100299410;"Journal of Management History";journal;"17587751, 17511348";"Emerald Group Publishing Ltd.";No;No;0,490;Q2;32;18;97;1546;125;91;1,39;85,89;24,00;0;United Kingdom;Western Europe;"Emerald Group Publishing Ltd.";"2006-2026";"History (Q1); History and Philosophy of Science (Q1); Business, Management and Accounting (miscellaneous) (Q2)";"Arts and Humanities; Business, Management and Accounting"
653;21100807851;"Journal of Global Operations and Strategic Sourcing";journal;"23985372, 23985364";"Emerald Publishing";No;No;0,486;Q2;39;25;58;1983;151;57;2,31;79,32;19,61;0;United Kingdom;Western Europe;"Emerald Publishing";"2017-2026";"Organizational Behavior and Human Resource Management (Q2); Strategy and Management (Q2); Management Science and Operations Research (Q3)";"Business, Management and Accounting; Decision Sciences"
654;145573;"GENEVA Risk and Insurance Review";journal;"1554964X, 15549658";"Palgrave Macmillan Ltd.";No;No;0,485;Q2;26;7;26;311;40;25;1,94;44,43;14,29;2;United Kingdom;Western Europe;"Palgrave Macmillan Ltd.";"1975-1979, 2002, 2005-2026";"Accounting (Q2); Business, Management and Accounting (miscellaneous) (Q2); Economics and Econometrics (Q2); Finance (Q2)";"Business, Management and Accounting; Economics, Econometrics and Finance"
655;27159;"Innovation: The European Journal of Social Science Research";journal;"13511610, 14698412";"Routledge";No;No;0,485;Q2;50;45;99;2806;247;85;2,79;62,36;41,56;13;United Kingdom;Western Europe;"Routledge";"1988-2026";"Cultural Studies (Q1); Geography, Planning and Development (Q2); Management of Technology and Innovation (Q2); Organizational Behavior and Human Resource Management (Q2); Social Sciences (miscellaneous) (Q2); Sociology and Political Science (Q2); Strategy and Management (Q2)";"Business, Management and Accounting; Social Sciences"
656;21100385809;"International Journal of Quality and Service Sciences";journal;"1756669X, 17566703";"Emerald Group Publishing Ltd.";No;No;0,485;Q2;47;34;98;2436;290;98;3,03;71,65;43,88;0;United Kingdom;Western Europe;"Emerald Group Publishing Ltd.";"2009-2026";"Business, Management and Accounting (miscellaneous) (Q2)";"Business, Management and Accounting"
657;1000147102;"Journal of Business Economics and Management";journal;"20294433, 16111699";"Vilnius Gediminas Technical University";Yes;No;0,485;Q2;59;95;186;5148;503;186;2,61;54,19;44,93;13;Lithuania;Eastern Europe;"Vilnius Gediminas Technical University";"2003-2026";"Business, Management and Accounting (miscellaneous) (Q2); Economics and Econometrics (Q2)";"Business, Management and Accounting; Economics, Econometrics and Finance"
658;19900193208;"Issues in Accounting Education";journal;"07393172, 15587983";"American Accounting Association";No;No;0,483;Q2;36;37;69;1985;60;55;1,10;53,65;47,87;0;United States;Northern America;"American Accounting Association";"2001, 2009-2026";"Accounting (Q2); Education (Q2)";"Business, Management and Accounting; Social Sciences"
659;5700162015;"Public Integrity";journal;"15580989, 10999922";"Taylor and Francis Ltd.";No;No;0,483;Q2;35;47;153;1866;213;131;1,07;39,70;46,27;3;United Kingdom;Western Europe;"Taylor and Francis Ltd.";"2000-2026";"Law (Q1); Philosophy (Q1); Business and International Management (Q2); Public Administration (Q2); Sociology and Political Science (Q2)";"Arts and Humanities; Business, Management and Accounting; Social Sciences"
660;15457;"Journal of Employment Counseling";journal;"21611920, 00220787";"Wiley-Blackwell";No;No;0,482;Q2;38;9;39;634;75;39;2,00;70,44;57,69;0;United States;Northern America;"Wiley-Blackwell";"1964-2026";"Organizational Behavior and Human Resource Management (Q2); Psychology (miscellaneous) (Q2); Applied Psychology (Q3)";"Business, Management and Accounting; Psychology"
661;19900191743;"Qualitative Research in Accounting and Management";journal;"11766093";"Emerald Group Publishing Ltd.";No;No;0,482;Q2;42;18;73;1554;123;71;1,50;86,33;42,22;0;United Kingdom;Western Europe;"Emerald Group Publishing Ltd.";"2004-2026";"Accounting (Q2); Business and International Management (Q2)";"Business, Management and Accounting"
662;21100894523;"She Ji";journal;"24058718, 24058726";"KeAi Communications Co.";Yes;No;0,482;Q2;31;33;97;1702;208;60;2,32;51,58;39,29;4;Netherlands;Western Europe;"KeAi Communications Co.";"2015-2025";"Economics, Econometrics and Finance (miscellaneous) (Q2); Education (Q2); Management of Technology and Innovation (Q2)";"Business, Management and Accounting; Economics, Econometrics and Finance; Social Sciences"
663;5800157981;"International Studies of Management and Organization";journal;"00208825, 15580911";"Taylor and Francis Ltd.";No;No;0,481;Q2;37;14;75;1433;130;72;1,14;102,36;23,08;0;United Kingdom;Western Europe;"Taylor and Francis Ltd.";"2009-2026";"Business and International Management (Q2); Strategy and Management (Q2)";"Business, Management and Accounting"
664;4700152803;"Journal of Business-to-Business Marketing";journal;"15470628, 1051712X";"Routledge";No;No;0,481;Q2;40;24;66;2010;172;65;2,79;83,75;39,66;0;United States;Northern America;"Routledge";"1992-2026";"Management Information Systems (Q2); Marketing (Q3)";"Business, Management and Accounting"
665;11700154321;"International Journal of Innovation Management";journal;"17575877, 13639196";"World Scientific Publishing Co. Pte Ltd";No;No;0,480;Q2;64;115;248;10376;564;244;2,14;90,23;36,73;0;Singapore;Asiatic Region;"World Scientific Publishing Co. Pte Ltd";"2004, 2008-2025";"Business and International Management (Q2); Management of Technology and Innovation (Q2); Strategy and Management (Q2)";"Business, Management and Accounting"
666;19200156950;"Journal of Enterprising Communities";journal;"17506204";"Emerald Group Publishing Ltd.";No;No;0,480;Q2;50;22;127;1598;316;123;2,46;72,64;42,37;0;United Kingdom;Western Europe;"Emerald Group Publishing Ltd.";"2007-2026";"Business and International Management (Q2); Economics and Econometrics (Q2); Strategy and Management (Q2)";"Business, Management and Accounting; Economics, Econometrics and Finance"
667;21100904410;"South Asian Journal of Business Studies";journal;"2398628X, 23986298";"Emerald Group Publishing Ltd.";No;No;0,480;Q2;33;18;68;1436;194;65;2,45;79,78;40,00;0;United Kingdom;Western Europe;"Emerald Group Publishing Ltd.";"2017-2026";"Cultural Studies (Q1); Business and International Management (Q2); Economics, Econometrics and Finance (miscellaneous) (Q2); Geography, Planning and Development (Q2); Strategy and Management (Q2); Marketing (Q3)";"Business, Management and Accounting; Economics, Econometrics and Finance; Social Sciences"
668;100147347;"Transnational Corporations";journal;"10149562";"UNCTAD United Nations Conference on Trade and Development";No;No;0,479;Q2;33;22;60;1176;163;57;2,84;53,45;36,00;8;Switzerland;Western Europe;"UNCTAD United Nations Conference on Trade and Development";"2005-2012, 2015-2022";"Political Science and International Relations (Q1); Business, Management and Accounting (miscellaneous) (Q2); Economics, Econometrics and Finance (miscellaneous) (Q2)";"Business, Management and Accounting; Economics, Econometrics and Finance; Social Sciences"
669;21100199701;"Journal of European Real Estate Research";journal;"17539277, 17539269";"Emerald Group Publishing Ltd.";No;No;0,478;Q2;25;18;81;652;101;73;1,21;36,22;27,27;0;United Kingdom;Western Europe;"Emerald Group Publishing Ltd.";"2008-2026";"Accounting (Q2); Economics and Econometrics (Q2); Finance (Q2)";"Business, Management and Accounting; Economics, Econometrics and Finance"
670;21100870826;"Work Organisation, Labour and Globalisation";journal;"1745641X, 17456428";"Pluto Journals";Yes;Yes;0,478;Q2;21;12;41;700;63;41;1,68;58,33;52,17;1;United Kingdom;Western Europe;"Pluto Journals";"2016-2026";"Industrial Relations (Q2); Organizational Behavior and Human Resource Management (Q3)";"Business, Management and Accounting"
671;21101043277;"Administrative Sciences";journal;"20763387";"Multidisciplinary Digital Publishing Institute (MDPI)";Yes;No;0,477;Q2;56;150;276;11027;831;271;2,85;73,51;53,16;18;Switzerland;Western Europe;"Multidisciplinary Digital Publishing Institute (MDPI)";"2011-2026";"Business, Management and Accounting (miscellaneous) (Q2)";"Business, Management and Accounting"
672;21100208020;"Economics and Sociology";journal;"2071789X, 23063459";"Centre of Sociological Research";Yes;Yes;0,477;Q2;41;72;244;4125;711;240;3,04;57,29;45,70;0;Poland;Eastern Europe;"Centre of Sociological Research";"2008-2025";"Business, Management and Accounting (miscellaneous) (Q2); Economics, Econometrics and Finance (miscellaneous) (Q2); Social Sciences (miscellaneous) (Q2); Sociology and Political Science (Q2)";"Business, Management and Accounting; Economics, Econometrics and Finance; Social Sciences"
673;21100331602;"Annals of Leisure Research";journal;"11745398, 21596816";"Routledge";No;No;0,476;Q3;41;41;117;2199;279;100;2,36;53,63;56,47;4;United States;Northern America;"Routledge";"2008-2026";"Cultural Studies (Q1); Geography, Planning and Development (Q2); Social Psychology (Q2); Tourism, Leisure and Hospitality Management (Q3)";"Business, Management and Accounting; Psychology; Social Sciences"
674;19700188202;"International Journal of Digital Accounting Research";journal;"15778517, 23405058";"Universidad de Huelva";No;No;0,475;Q2;20;8;18;408;50;18;1,73;51,00;35,29;0;Spain;Western Europe;"Universidad de Huelva";"2010-2025";"Accounting (Q2); Finance (Q2); Information Systems and Management (Q2)";"Business, Management and Accounting; Decision Sciences; Economics, Econometrics and Finance"
675;19900193667;"Current Issues in Auditing";journal;"19361270";"American Accounting Association";No;No;0,473;Q2;22;16;46;431;50;38;1,27;26,94;52,78;0;United States;Northern America;"American Accounting Association";"2009-2025";"Accounting (Q2)";"Business, Management and Accounting"
676;21100857389;"Entrepreneurial Business and Economics Review";journal;"2353883X, 23538821";"Cracow University of Economics";Yes;Yes;0,473;Q2;33;48;148;3182;392;143;3,18;66,29;39,29;0;Poland;Eastern Europe;"Cracow University of Economics";"2013-2025";"Political Science and International Relations (Q1); Business and International Management (Q2); Economics, Econometrics and Finance (miscellaneous) (Q2); Strategy and Management (Q2)";"Business, Management and Accounting; Economics, Econometrics and Finance; Social Sciences"
677;21100395908;"Qualitative Research in Organizations and Management";journal;"17465648, 17465656";"Emerald Publishing";No;No;0,472;Q2;40;36;75;2920;119;73;1,58;81,11;56,10;0;United Kingdom;Western Europe;"Emerald Publishing";"2001, 2006-2026";"Business, Management and Accounting (miscellaneous) (Q2); Organizational Behavior and Human Resource Management (Q3)";"Business, Management and Accounting"
678;16400154732;"International Journal of Leadership in Education";journal;"13603124, 14645092";"Routledge";No;No;0,469;Q2;55;42;146;3016;253;127;1,36;71,81;53,85;13;United Kingdom;Western Europe;"Routledge";"1998-2026";"Arts and Humanities (miscellaneous) (Q2); Education (Q2); Strategy and Management (Q2)";"Arts and Humanities; Business, Management and Accounting; Social Sciences"
679;23718;"International Journal of the Economics of Business";journal;"14661829, 13571516";"Routledge";No;No;0,469;Q2;42;20;71;1077;89;68;1,05;53,85;20,00;4;United Kingdom;Western Europe;"Routledge";"1994-2026";"Business, Management and Accounting (miscellaneous) (Q2); Economics and Econometrics (Q2)";"Business, Management and Accounting; Economics, Econometrics and Finance"
680;20608;"Journal of Global Information Management";journal;"10627375, 15337995";"IGI Publishing";No;No;0,469;Q2;55;135;113;9991;367;113;3,31;74,01;30,00;0;United States;Northern America;"IGI Publishing";"2002-2026";"Business and International Management (Q2); Information Systems and Management (Q2); Strategy and Management (Q2); Computer Science Applications (Q3); E-learning (Q3); Management Science and Operations Research (Q3)";"Business, Management and Accounting; Computer Science; Decision Sciences; Social Sciences"
681;28419;"Intereconomics";journal;"1613964X, 00205346";"Sciendo";Yes;Yes;0,468;Q2;36;69;212;1274;292;121;1,82;18,46;29,76;35;Poland;Eastern Europe;"Sciendo";"1966-2025";"Business, Management and Accounting (miscellaneous) (Q2); Economics, Econometrics and Finance (miscellaneous) (Q2)";"Business, Management and Accounting; Economics, Econometrics and Finance"
682;6400153116;"International Journal of Energy Sector Management";journal;"17506220";"Emerald Group Publishing Ltd.";No;No;0,468;Q2;42;50;180;2705;430;180;2,51;54,10;23,19;0;United Kingdom;Western Europe;"Emerald Group Publishing Ltd.";"2007-2026";"Energy (miscellaneous) (Q2); Strategy and Management (Q2)";"Business, Management and Accounting; Energy"
683;21100299414;"International Journal of Wine Business Research";journal;"17511070, 17511062";"Emerald Group Publishing Ltd.";No;No;0,468;Q2;50;17;108;1290;201;106;1,82;75,88;43,10;0;United Kingdom;Western Europe;"Emerald Group Publishing Ltd.";"2007-2026";"Business, Management and Accounting (miscellaneous) (Q2)";"Business, Management and Accounting"
684;21100262312;"Journal of Corporate Real Estate";journal;"1463001X, 14791048";"Emerald Group Publishing Ltd.";No;No;0,468;Q2;40;18;55;816;126;51;1,76;45,33;48,84;0;United Kingdom;Western Europe;"Emerald Group Publishing Ltd.";"1998-2026";"Business, Management and Accounting (miscellaneous) (Q2); Finance (Q2)";"Business, Management and Accounting; Economics, Econometrics and Finance"
685;4000152126;"Research in the Sociology of Organizations";book series;"0733558X";"Emerald Group Publishing Ltd.";No;No;0,468;Q3;55;86;198;5748;307;12;1,66;66,84;23,81;0;United Kingdom;Western Europe;"Emerald Group Publishing Ltd.";"2000-2007, 2009-2026";"Social Sciences (miscellaneous) (Q2); Sociology and Political Science (Q2); Organizational Behavior and Human Resource Management (Q3)";"Business, Management and Accounting; Social Sciences"
686;12000154350;"International Journal of Knowledge Management";journal;"15480666, 15480658";"IGI Publishing";No;No;0,466;Q2;34;25;71;1852;156;71;2,28;74,08;36,23;0;United States;Northern America;"IGI Publishing";"2005-2026";"Management Information Systems (Q2); Management of Technology and Innovation (Q2); Computer Science Applications (Q3)";"Business, Management and Accounting; Computer Science"
687;17700156756;"Journal of Asset Management";journal;"14708272, 1479179X";"Palgrave Macmillan Ltd.";No;No;0,466;Q2;28;45;129;1880;194;123;1,27;41,78;17,44;3;United Kingdom;Western Europe;"Palgrave Macmillan Ltd.";"2009-2026";"Business and International Management (Q2); Information Systems and Management (Q2); Strategy and Management (Q2)";"Business, Management and Accounting; Decision Sciences"
688;144979;"Records Management Journal";journal;"09565698";"Emerald Group Publishing Ltd.";No;No;0,466;Q2;30;12;71;610;126;69;1,76;50,83;50,00;0;United Kingdom;Western Europe;"Emerald Group Publishing Ltd.";"1989-1991, 1994-2026";"Library and Information Sciences (Q2); Management Information Systems (Q2)";"Business, Management and Accounting; Social Sciences"
689;21100438074;"Journal of Modelling in Management";journal;"17465672, 17465664";"Emerald Publishing";No;No;0,465;Q2;49;32;184;1846;422;184;2,26;57,69;23,81;0;United Kingdom;Western Europe;"Emerald Publishing";"2006-2026";"Decision Sciences (miscellaneous) (Q2); Strategy and Management (Q2); Management Science and Operations Research (Q3)";"Business, Management and Accounting; Decision Sciences"
690;20188;"Disaster Prevention and Management";journal;"17586100, 09653562";"Emerald Publishing";No;No;0,462;Q2;73;35;188;1744;375;179;1,87;49,83;41,38;0;United Kingdom;Western Europe;"Emerald Publishing";"1992-2026";"Business, Management and Accounting (miscellaneous) (Q2); Health (social science) (Q2); Management, Monitoring, Policy and Law (Q2); Public Health, Environmental and Occupational Health (Q3)";"Business, Management and Accounting; Environmental Science; Medicine; Social Sciences"
691;21100197939;"Transfer";journal;"10242589, 19967284";"SAGE Publications Ltd";No;No;0,462;Q2;41;38;111;1314;103;77;0,97;34,58;59,65;21;United Kingdom;Western Europe;"SAGE Publications Ltd";"1995-1997, 2010-2026";"Industrial Relations (Q2); Organizational Behavior and Human Resource Management (Q3)";"Business, Management and Accounting"
692;21100923467;"Transnational Corporations Review";journal;"19186444, 19252099";"Elsevier B.V.";Yes;No;0,462;Q2;27;34;93;1678;196;89;2,66;49,35;24,29;7;Netherlands;Western Europe;"Elsevier B.V.";"2009-2025";"Business and International Management (Q2); Development (Q2); Economics and Econometrics (Q2); Finance (Q2); Strategy and Management (Q2)";"Business, Management and Accounting; Economics, Econometrics and Finance; Social Sciences"
693;144741;"International Journal of Educational Management";journal;"0951354X";"Emerald Group Publishing Ltd.";No;No;0,462;Q3;74;95;316;5501;599;313;1,64;57,91;41,07;0;United Kingdom;Western Europe;"Emerald Group Publishing Ltd.";"1987-2026";"Education (Q2); Organizational Behavior and Human Resource Management (Q3)";"Business, Management and Accounting; Social Sciences"
694;21100851350;"IZA Journal of Development and Migration";journal;"25201786";"Laborwide";Yes;No;0,461;Q3;33;16;61;895;67;61;1,03;55,94;56,25;11;Germany;Western Europe;"Laborwide";"2018-2024";"Anthropology (Q1); Demography (Q2); Development (Q2); Economics, Econometrics and Finance (miscellaneous) (Q2); Geography, Planning and Development (Q2); Sociology and Political Science (Q2); Organizational Behavior and Human Resource Management (Q3)";"Business, Management and Accounting; Economics, Econometrics and Finance; Social Sciences"
695;19900191746;"Asia-Pacific Journal of Business Administration";journal;"17574331, 17574323";"Emerald Group Publishing Ltd.";No;No;0,460;Q2;43;23;58;2170;158;58;2,55;94,35;39,66;0;United Kingdom;Western Europe;"Emerald Group Publishing Ltd.";"2009-2026";"Business, Management and Accounting (miscellaneous) (Q2); Public Administration (Q2)";"Business, Management and Accounting; Social Sciences"
696;145328;"Team Performance Management";journal;"13527592";"Emerald Publishing";No;No;0,460;Q2;48;30;76;2057;165;74;2,02;68,57;53,85;0;United Kingdom;Western Europe;"Emerald Publishing";"1995-2025";"Management Information Systems (Q2); Management of Technology and Innovation (Q2); Organizational Behavior and Human Resource Management (Q3)";"Business, Management and Accounting"
697;21100834920;"Journal of Education for Business";journal;"08832323, 19403356";"Taylor and Francis Ltd.";No;No;0,458;Q2;63;63;177;1911;295;177;1,65;30,33;44,60;0;United Kingdom;Western Europe;"Taylor and Francis Ltd.";"1990, 1995-2026";"Business, Management and Accounting (miscellaneous) (Q2); Education (Q2)";"Business, Management and Accounting; Social Sciences"
698;88934;"Journal of Cases on Information Technology";journal;"15487717, 15487725";"IGI Publishing";No;No;0,456;Q2;24;34;55;1203;130;55;2,68;35,38;34,78;0;United States;Northern America;"IGI Publishing";"2005-2026";"Information Systems and Management (Q2); Strategy and Management (Q2); Computer Science Applications (Q3); Information Systems (Q3)";"Business, Management and Accounting; Computer Science; Decision Sciences"
699;21100975562;"Sports Coaching Review";journal;"21640637, 21640629";"Taylor and Francis Ltd.";No;No;0,456;Q2;33;16;38;1012;82;37;2,14;63,25;41,30;2;United Kingdom;Western Europe;"Taylor and Francis Ltd.";"2012-2026";"Business and International Management (Q2); Social Sciences (miscellaneous) (Q2); Tourism, Leisure and Hospitality Management (Q3)";"Business, Management and Accounting; Social Sciences"
700;25195;"Applied Stochastic Models in Business and Industry";journal;"15264025, 15241904";"John Wiley and Sons Ltd";No;No;0,455;Q2;50;72;259;2549;326;210;1,35;35,40;28,04;0;United Kingdom;Western Europe;"John Wiley and Sons Ltd";"1999-2026";"Business, Management and Accounting (miscellaneous) (Q2); Management Science and Operations Research (Q3); Modeling and Simulation (Q3)";"Business, Management and Accounting; Decision Sciences; Mathematics"
701;22844;"International Review of Retail, Distribution and Consumer Research";journal;"09593969, 14664402";"Routledge";No;No;0,455;Q2;58;26;87;1813;229;85;2,64;69,73;40,98;0;United Kingdom;Western Europe;"Routledge";"1990-2026";"Business and International Management (Q2); Economics and Econometrics (Q2); Marketing (Q3)";"Business, Management and Accounting; Economics, Econometrics and Finance"
702;19900191757;"Journal of Accounting and Organizational Change";journal;"18325912";"Emerald Publishing";No;No;0,455;Q2;43;30;97;2121;182;95;1,61;70,70;35,82;0;United Kingdom;Western Europe;"Emerald Publishing";"2005-2026";"Accounting (Q2); Economics, Econometrics and Finance (miscellaneous) (Q2); Strategy and Management (Q2); Organizational Behavior and Human Resource Management (Q3)";"Business, Management and Accounting; Economics, Econometrics and Finance"
703;21100264009;"Journal of Multi-Criteria Decision Analysis";journal;"10579214, 10991360";"John Wiley and Sons Ltd";No;No;0,455;Q2;57;23;65;1365;124;61;2,04;59,35;29,17;1;United Kingdom;Western Europe;"John Wiley and Sons Ltd";"1992-2003, 2005-2006, 2008-2026";"Strategy and Management (Q2); Decision Sciences (miscellaneous) (Q3)";"Business, Management and Accounting; Decision Sciences"
704;4700152637;"Journal of Economic Interaction and Coordination";journal;"1860711X, 18607128";"Springer Verlag";No;No;0,453;Q2;30;32;95;1504;128;90;1,24;47,00;22,22;2;Germany;Western Europe;"Springer Verlag";"2006-2026";"Business and International Management (Q2); Economics and Econometrics (Q2)";"Business, Management and Accounting; Economics, Econometrics and Finance"
705;21100220151;"Quality Innovation Prosperity";journal;"1338984X, 13351745";"Technical University of Kosice";Yes;No;0,452;Q2;24;23;71;995;165;71;2,41;43,26;28,77;0;Slovakia;Eastern Europe;"Technical University of Kosice";"2012-2025";"Management of Technology and Innovation (Q2); Strategy and Management (Q2)";"Business, Management and Accounting"
706;20500195207;"European Journal of Tourism Research";journal;"13140817, 19947658";"International University College";Yes;Yes;0,452;Q3;37;43;117;2936;225;99;1,94;68,28;47,27;0;Bulgaria;Eastern Europe;"International University College";"2008-2026";"Geography, Planning and Development (Q2); Tourism, Leisure and Hospitality Management (Q3)";"Business, Management and Accounting; Social Sciences"
707;21100890619;"Philosophy of Management";journal;"20529597, 17403812";"Springer International Publishing AG";No;No;0,451;Q2;18;28;73;1703;112;62;1,41;60,82;31,58;1;Switzerland;Western Europe;"Springer International Publishing AG";"2002-2005, 2007-2026";"History and Philosophy of Science (Q1); Business and International Management (Q2); Management of Technology and Innovation (Q2); Strategy and Management (Q2); Organizational Behavior and Human Resource Management (Q3)";"Arts and Humanities; Business, Management and Accounting"
708;17600154910;"Global Business Review";journal;"09730664, 09721509";"Sage Publications India Pvt. Ltd";No;No;0,450;Q2;58;116;293;6317;597;289;1,86;54,46;29,88;2;India;Asiatic Region;"Sage Publications India Pvt. Ltd";"2000-2026";"Business and International Management (Q2)";"Business, Management and Accounting"
709;144642;"Managerial Auditing Journal";journal;"02686902";"Emerald Publishing";No;No;0,449;Q2;83;38;145;2615;351;141;2,18;68,82;40,00;0;United Kingdom;Western Europe;"Emerald Publishing";"1986-2026";"Accounting (Q2); Business, Management and Accounting (miscellaneous) (Q2); Economics, Econometrics and Finance (miscellaneous) (Q2); Organizational Behavior and Human Resource Management (Q3)";"Business, Management and Accounting; Economics, Econometrics and Finance"
710;19300156920;"International Journal of Sport Finance";journal;"15586235, 1930076X";"SAGE Publications Ltd";No;No;0,448;Q2;35;12;52;568;45;52;0,91;47,33;19,23;0;United Kingdom;Western Europe;"SAGE Publications Ltd";"2008-2024";"Business and International Management (Q2); Finance (Q2); Marketing (Q3); Sports Science (Q3)";"Business, Management and Accounting; Economics, Econometrics and Finance; Health Professions"
711;21100860937;"Polish Journal of Sport and Tourism";journal;"18991998, 20828799";"Walter de Gruyter GmbH";Yes;No;0,448;Q3;10;24;73;872;58;73;0,77;36,33;24,19;0;Germany;Western Europe;"Walter de Gruyter GmbH";"2018-2025";"Physical Therapy, Sports Therapy and Rehabilitation (Q2); Orthopedics and Sports Medicine (Q3); Tourism, Leisure and Hospitality Management (Q3)";"Business, Management and Accounting; Health Professions; Medicine"
712;21100801726;"Review of International Business and Strategy";journal;"20596014";"Emerald Group Publishing Ltd.";No;No;0,447;Q2;48;17;74;1404;169;73;1,93;82,59;26,67;0;United Kingdom;Western Europe;"Emerald Group Publishing Ltd.";"2016-2026";"Business and International Management (Q2); Strategy and Management (Q2)";"Business, Management and Accounting"
713;17371;"IEEE Transactions on Professional Communication";journal;"15581500, 03611434";"Institute of Electrical and Electronics Engineers Inc.";No;No;0,445;Q2;58;32;75;1611;137;73;1,84;50,34;50,70;0;United States;Northern America;"Institute of Electrical and Electronics Engineers Inc.";"1972-2025";"Electrical and Electronic Engineering (Q2); Industrial Relations (Q2)";"Business, Management and Accounting; Engineering"
714;23148;"IMA Journal of Management Mathematics";journal;"1471678X, 14716798";"Oxford University Press";No;No;0,444;Q2;43;27;63;863;85;62;1,45;31,96;20,90;0;United Kingdom;Western Europe;"Oxford University Press";"1986, 1988-1989, 1991-1993, 1995-2026";"Economics, Econometrics and Finance (miscellaneous) (Q2); Management Information Systems (Q2); Strategy and Management (Q2); Applied Mathematics (Q3); Management Science and Operations Research (Q3); Modeling and Simulation (Q3)";"Business, Management and Accounting; Decision Sciences; Economics, Econometrics and Finance; Mathematics"
715;19600162139;"Accounting Research Journal";journal;"10309616";"Emerald Group Publishing Ltd.";No;No;0,444;Q3;37;31;129;1394;228;127;1,66;44,97;42,50;0;United Kingdom;Western Europe;"Emerald Group Publishing Ltd.";"2005-2026";"Finance (Q2); Accounting (Q3)";"Business, Management and Accounting; Economics, Econometrics and Finance"
716;5200152620;"Event Management";journal;"15259951";"Cognizant Communication Corporation";No;No;0,443;Q2;48;47;188;2871;282;188;1,17;61,09;46,67;0;United States;Northern America;"Cognizant Communication Corporation";"2006-2025";"Business and International Management (Q2); Marketing (Q3); Tourism, Leisure and Hospitality Management (Q3)";"Business, Management and Accounting"
717;21100268418;"Quality Management Journal";journal;"10686967";"Taylor and Francis Ltd.";No;No;0,442;Q2;25;15;56;1026;103;44;1,72;68,40;31,43;0;United States;Northern America;"Taylor and Francis Ltd.";"1994-1995, 1997, 2013-2026";"Business, Management and Accounting (miscellaneous) (Q2)";"Business, Management and Accounting"
718;21100898103;"RAUSP Management Journal";journal;"25310488";"Emerald Group Publishing Ltd.";Yes;Yes;0,442;Q2;23;25;96;1627;182;87;2,07;65,08;44,07;0;United Kingdom;Western Europe;"Emerald Group Publishing Ltd.";"2018-2025";"Business, Management and Accounting (miscellaneous) (Q2); Education (Q2)";"Business, Management and Accounting; Social Sciences"
719;18400156719;"Chinese Management Studies";journal;"1750614X";"Emerald Group Publishing Ltd.";No;No;0,437;Q2;43;49;152;3792;287;150;1,49;77,39;34,97;0;United Kingdom;Western Europe;"Emerald Group Publishing Ltd.";"2007-2026";"Business, Management and Accounting (miscellaneous) (Q2)";"Business, Management and Accounting"
720;17700156775;"Corporate Reputation Review";journal;"13633589, 14791889";"Palgrave Macmillan Ltd.";No;No;0,437;Q2;79;18;46;1487;82;45;1,76;82,61;27,45;4;United Kingdom;Western Europe;"Palgrave Macmillan Ltd.";"1997-2026";"Business and International Management (Q2); Strategy and Management (Q2)";"Business, Management and Accounting"
721;21100421900;"Information and Computer Security";journal;"2056497X, 20564961";"Emerald Publishing";No;No;0,437;Q2;63;29;120;1811;292;117;2,01;62,45;37,50;0;United Kingdom;Western Europe;"Emerald Publishing";"2015-2026";"Information Systems and Management (Q2); Management Information Systems (Q2); Management of Technology and Innovation (Q2); Computer Networks and Communications (Q3); Information Systems (Q3); Software (Q3)";"Business, Management and Accounting; Computer Science; Decision Sciences"
722;19700188349;"Journal of Industrial Engineering and Management";journal;"20138423, 20130953";"OmniaScience";Yes;No;0,437;Q2;49;48;111;2472;266;110;2,36;51,50;33,33;1;Spain;Western Europe;"OmniaScience";"2008-2026";"Industrial and Manufacturing Engineering (Q2); Strategy and Management (Q2)";"Business, Management and Accounting; Engineering"
723;21100823284;"Management Research";journal;"15365433, 15580946";"Emerald Group Publishing Ltd.";No;No;0,436;Q2;28;11;78;847;118;70;1,88;77,00;35,29;0;United Kingdom;Western Europe;"Emerald Group Publishing Ltd.";"2003-2026";"Business and International Management (Q2); Strategy and Management (Q2)";"Business, Management and Accounting"
724;19900192334;"Journal of Applied Accounting Research";journal;"09675426";"Emerald Group Publishing Ltd.";No;No;0,436;Q3;50;35;110;2702;228;108;1,63;77,20;37,08;0;United Kingdom;Western Europe;"Emerald Group Publishing Ltd.";"1999-2002, 2004-2006, 2008-2026";"Economics, Econometrics and Finance (miscellaneous) (Q2); Information Systems and Management (Q2); Accounting (Q3)";"Business, Management and Accounting; Decision Sciences; Economics, Econometrics and Finance"
725;21100901154;"Advanced Manufacturing: Polymer and Composites Science";journal;"20550359";"Taylor and Francis Ltd.";Yes;No;0,435;Q2;29;5;48;139;116;48;2,13;27,80;11,76;0;United Kingdom;Western Europe;"Taylor and Francis Ltd.";"2015-2026";"Electrical and Electronic Engineering (Q2); Management of Technology and Innovation (Q2); Polymers and Plastics (Q2)";"Business, Management and Accounting; Engineering; Materials Science"
726;20208;"Business History Review";journal;"00076805, 2044768X";"Cambridge University Press";No;No;0,435;Q2;44;28;85;1119;69;69;0,76;39,96;21,05;0;United Kingdom;Western Europe;"Cambridge University Press";"1926-2025";"History (Q1); Business and International Management (Q2); Business, Management and Accounting (miscellaneous) (Q2)";"Arts and Humanities; Business, Management and Accounting"
727;6100153019;"Service Oriented Computing and Applications";journal;"18632386, 18632394";"Springer London";No;No;0,435;Q2;34;23;79;924;166;71;2,44;40,17;35,29;2;United Kingdom;Western Europe;"Springer London";"2007-2025";"Management Information Systems (Q2); Hardware and Architecture (Q3); Information Systems (Q3); Software (Q3)";"Business, Management and Accounting; Computer Science"
728;19400158510;"Logistics Research";journal;"18650368, 1865035X";"Emerald Publishing";Yes;Yes;0,433;Q2;31;6;30;472;40;30;1,15;78,67;15,79;0;Germany;Western Europe;"Emerald Publishing";"2009-2025";"Control and Systems Engineering (Q2); Management Information Systems (Q2); Computer Science Applications (Q3); Information Systems (Q3); Management Science and Operations Research (Q3)";"Business, Management and Accounting; Computer Science; Decision Sciences; Engineering"
729;5600153635;"Risk Management";journal;"17434637, 14603799";"Palgrave Macmillan Ltd.";No;No;0,433;Q2;28;13;39;605;101;39;3,08;46,54;29,73;0;United Kingdom;Western Europe;"Palgrave Macmillan Ltd.";"1999, 2006, 2009-2026";"Business and International Management (Q2); Finance (Q2); Strategy and Management (Q2); Economics and Econometrics (Q3)";"Business, Management and Accounting; Economics, Econometrics and Finance"
730;27676;"Journal of Advanced Manufacturing Systems";journal;"17936896, 02196867";"World Scientific";No;No;0,432;Q2;28;40;109;1437;229;108;2,30;35,93;10,99;0;Singapore;Asiatic Region;"World Scientific";"2004-2026";"Industrial and Manufacturing Engineering (Q2); Strategy and Management (Q2); Computer Science Applications (Q3)";"Business, Management and Accounting; Computer Science; Engineering"
731;144639;"Information Technology and Management";journal;"1385951X, 15737667";"Kluwer Academic Publishers";No;No;0,431;Q2;49;16;47;1188;107;46;2,48;74,25;30,23;1;Netherlands;Western Europe;"Kluwer Academic Publishers";"2004-2026";"Business, Management and Accounting (miscellaneous) (Q2); Communication (Q2); Information Systems (Q3)";"Business, Management and Accounting; Computer Science; Social Sciences"
732;17700156768;"Place Branding and Public Diplomacy";journal;"17518040, 17518059";"Palgrave Macmillan Ltd.";No;No;0,431;Q2;44;33;86;1971;185;81;2,03;59,73;52,00;4;United Kingdom;Western Europe;"Palgrave Macmillan Ltd.";"2007-2026";"Strategy and Management (Q2); Marketing (Q3)";"Business, Management and Accounting"
733;4100151512;"Research in Labor Economics";book series;"01479121";"Emerald Group Publishing Ltd.";No;No;0,431;Q2;31;11;26;465;19;17;0,68;42,27;0,00;0;United Kingdom;Western Europe;"Emerald Group Publishing Ltd.";"1999-2004, 2006-2021, 2023-2026";"Industrial Relations (Q2); Political Science and International Relations (Q2); Economics and Econometrics (Q3)";"Business, Management and Accounting; Economics, Econometrics and Finance; Social Sciences"
734;5300152533;"Research Methodology in Strategy and Management";book series;"14798387";"Emerald Group Publishing Ltd.";No;No;0,431;Q2;26;9;17;496;22;9;1,29;55,11;0,00;0;United Kingdom;Western Europe;"Emerald Group Publishing Ltd.";"2004, 2006-2007, 2009, 2011-2012, 2014, 2019-2021, 2023-2026";"Strategy and Management (Q2)";"Business, Management and Accounting"
735;19700177002;"International Journal of System Assurance Engineering and Management";journal;"09764348, 09756809";"Springer";No;No;0,430;Q2;52;168;386;5931;848;381;1,97;35,30;28,05;0;India;Asiatic Region;"Springer";"2010-2026";"Safety, Risk, Reliability and Quality (Q2); Strategy and Management (Q2)";"Business, Management and Accounting; Engineering"
736;21100884987;"Engineering Management in Production and Services";journal;"25436597, 2543912X";"De Gruyter Open Ltd";Yes;No;0,429;Q2;26;39;92;2103;216;90;2,25;53,92;45,65;0;Poland;Eastern Europe;"De Gruyter Open Ltd";"2016-2025";"Industrial and Manufacturing Engineering (Q2); Management Information Systems (Q2); Management of Technology and Innovation (Q2); Strategy and Management (Q3)";"Business, Management and Accounting; Engineering"
737;21101023216;"Foreign Trade Review";journal;"00157325, 09717625";"Sage Publications India Pvt. Ltd";No;No;0,428;Q2;18;26;66;814;66;51;1,06;31,31;26,83;3;India;Asiatic Region;"Sage Publications India Pvt. Ltd";"1966-2026";"Business and International Management (Q2); Economics, Econometrics and Finance (miscellaneous) (Q2); Marketing (Q3)";"Business, Management and Accounting; Economics, Econometrics and Finance"
738;21100320408;"Human Service Organizations Management, Leadership and Governance";journal;"2330314X, 23303131";"Taylor and Francis Ltd.";No;No;0,428;Q3;31;34;99;1875;177;77;1,66;55,15;66,28;7;United Kingdom;Western Europe;"Taylor and Francis Ltd.";"2014-2026";"Health (social science) (Q2); Public Administration (Q2); Sociology and Political Science (Q2); Strategy and Management (Q3)";"Business, Management and Accounting; Social Sciences"
739;21100829274;"Journal of International Studies";journal;"20718330, 23063483";"Centre of Sociological Research";Yes;Yes;0,427;Q2;39;76;270;3632;714;270;2,40;47,79;44,44;4;Poland;Eastern Europe;"Centre of Sociological Research";"2008-2025";"Business and International Management (Q2); Political Science and International Relations (Q2); Social Sciences (miscellaneous) (Q2); Sociology and Political Science (Q2); Economics and Econometrics (Q3)";"Business, Management and Accounting; Economics, Econometrics and Finance; Social Sciences"
740;21100450117;"International Journal of Information Systems and Project Management";journal;"21827788, 21827796";"Universidade do Minho";Yes;Yes;0,426;Q2;30;17;54;860;134;49;2,46;50,59;41,67;2;Portugal;Western Europe;"Universidade do Minho";"2013-2026";"Information Systems and Management (Q2); Management Information Systems (Q2); Strategy and Management (Q3)";"Business, Management and Accounting; Decision Sciences"
741;21100255510;"Negotiation and Conflict Management Research";journal;"17504716, 17504708";"";No;No;0,426;Q3;24;17;60;1169;91;57;1,54;68,76;54,17;1;United States;Northern America;"";"2009, 2011-2026";"Communication (Q2); Strategy and Management (Q3)";"Business, Management and Accounting; Social Sciences"
742;21100389310;"Management Revue (discontinued)";journal;"18619908, 09359915";"Nomos Verlagsgesellschaft mbH und Co KG";No;No;0,425;Q2;19;19;65;1244;119;61;0,52;65,47;58,97;1;Germany;Western Europe;"Nomos Verlagsgesellschaft mbH und Co KG";"2013-2024";"Business, Management and Accounting (miscellaneous) (Q2)";"Business, Management and Accounting"
743;23452;"Voprosy Ekonomiki";journal;"00428736";"Russian Presidential Academy of National Economy and Public Administration";No;No;0,425;-;23;88;294;3250;295;294;1,10;36,93;44,79;2;Russian Federation;Eastern Europe;"Russian Presidential Academy of National Economy and Public Administration";"1978-1982, 1984-1985, 1996, 1998, 2003-2026";"Finance (Q2); Economics and Econometrics (Q3)";"Economics, Econometrics and Finance"
744;144826;"Journal of Business Strategy";journal;"02756668";"Emerald Group Publishing Ltd.";No;No;0,424;Q2;57;21;161;312;170;154;0,91;14,86;40,63;0;United Kingdom;Western Europe;"Emerald Group Publishing Ltd.";"1980-2026";"Management Information Systems (Q2); Strategy and Management (Q3)";"Business, Management and Accounting"
745;17332;"International Journal of Finance and Economics";journal;"10991158, 10769307";"John Wiley and Sons Ltd";No;No;0,424;Q3;64;358;167;20034;450;166;2,68;55,96;24,71;40;United Kingdom;Western Europe;"John Wiley and Sons Ltd";"1996-2026";"Finance (Q2); Accounting (Q3); Economics and Econometrics (Q3)";"Business, Management and Accounting; Economics, Econometrics and Finance"
746;145230;"International Journal of Managerial Finance";journal;"17439132";"Emerald Group Publishing Ltd.";No;No;0,423;Q2;47;25;120;1359;246;119;1,85;54,36;37,04;0;United Kingdom;Western Europe;"Emerald Group Publishing Ltd.";"2005-2026";"Business, Management and Accounting (miscellaneous) (Q2); Finance (Q2)";"Business, Management and Accounting; Economics, Econometrics and Finance"
747;40720;"Journal of International Food and Agribusiness Marketing";journal;"08974438, 15286983";"Routledge";No;No;0,421;Q2;36;25;70;1638;178;70;2,28;65,52;36,49;6;United States;Northern America;"Routledge";"1989-2026";"Business and International Management (Q2); Food Science (Q2); Marketing (Q3)";"Agricultural and Biological Sciences; Business, Management and Accounting"
748;4700152786;"Journal of Political Marketing";journal;"15377857, 15377865";"Routledge";No;No;0,421;Q3;37;19;64;859;78;58;0,65;45,21;42,86;1;United States;Northern America;"Routledge";"2002-2026";"Sociology and Political Science (Q2); Marketing (Q3)";"Business, Management and Accounting; Social Sciences"
749;21100202719;"Journal of Systems and Information Technology";journal;"17588847, 13287265";"Emerald Publishing";No;No;0,421;-;42;14;61;1076;167;59;2,19;76,86;30,77;0;United Kingdom;Western Europe;"Emerald Publishing";"1997-2004, 2007-2026";"Computer Science (miscellaneous) (Q2); Information Systems (Q3)";"Computer Science"
750;145294;"Critical Perspectives on International Business";journal;"17422043";"Emerald Group Publishing Ltd.";No;No;0,420;Q2;41;19;73;1594;126;70;1,56;83,89;35,14;4;United Kingdom;Western Europe;"Emerald Group Publishing Ltd.";"2005-2026";"Business and International Management (Q2); Business, Management and Accounting (miscellaneous) (Q2)";"Business, Management and Accounting"
751;144672;"Measuring Business Excellence";journal;"13683047";"Emerald Group Publishing Ltd.";No;No;0,420;Q2;58;22;91;1444;178;91;2,07;65,64;29,82;0;United Kingdom;Western Europe;"Emerald Group Publishing Ltd.";"1997-2026";"Business, Management and Accounting (miscellaneous) (Q2); Organizational Behavior and Human Resource Management (Q3)";"Business, Management and Accounting"
752;21101018925;"Humanities and Social Sciences Communications";journal;"26629992";"Springer Nature";Yes;No;0,419;Q2;84;310;583;17001;2372;517;4,09;54,84;43,60;101;United Kingdom;Western Europe;"Springer Nature";"2020-2026";"Arts and Humanities (miscellaneous) (Q2); Business, Management and Accounting (miscellaneous) (Q2); Economics, Econometrics and Finance (miscellaneous) (Q2); Social Sciences (miscellaneous) (Q2); Psychology (miscellaneous) (Q3)";"Arts and Humanities; Business, Management and Accounting; Economics, Econometrics and Finance; Psychology; Social Sciences"
753;21100262412;"Journal of Research in Marketing and Entrepreneurship";journal;"14715201, 1471521X";"Emerald Publishing";No;No;0,417;Q2;37;14;43;1202;98;42;1,33;85,86;50,00;0;United Kingdom;Western Europe;"Emerald Publishing";"1999-2007, 2009-2026";"Business and International Management (Q2); Marketing (Q3); Strategy and Management (Q3)";"Business, Management and Accounting"
754;21100885607;"Journal of World Investment and Trade";journal;"16607112, 22119000";"Brill Academic Publishers";No;No;0,417;Q2;28;24;247;1698;188;232;0,74;70,75;31,25;5;Netherlands;Western Europe;"Brill Academic Publishers";"2000-2001, 2003-2025";"Law (Q1); Business and International Management (Q2); Economics, Econometrics and Finance (miscellaneous) (Q2); Political Science and International Relations (Q2)";"Business, Management and Accounting; Economics, Econometrics and Finance; Social Sciences"
755;17700156704;"Knowledge and Process Management";journal;"10991441, 10924604";"John Wiley and Sons Ltd";No;No;0,417;Q2;57;31;81;2242;189;81;2,33;72,32;42,42;1;United Kingdom;Western Europe;"John Wiley and Sons Ltd";"1997-2026";"Management of Technology and Innovation (Q2); Strategy and Management (Q3)";"Business, Management and Accounting"
756;19600162140;"Asian Review of Accounting";journal;"17588863, 13217348";"Emerald Group Publishing Ltd.";No;No;0,417;Q3;38;27;84;1859;160;84;1,67;68,85;22,95;0;United Kingdom;Western Europe;"Emerald Group Publishing Ltd.";"1992, 1994-2026";"Finance (Q2); Accounting (Q3)";"Business, Management and Accounting; Economics, Econometrics and Finance"
757;21100870601;"Africa Journal of Management";journal;"23322373";"Taylor and Francis Ltd.";No;No;0,416;Q2;26;28;61;2076;97;58;1,25;74,14;36,21;0;United Kingdom;Western Europe;"Taylor and Francis Ltd.";"2015-2025";"Business and International Management (Q2); Management of Technology and Innovation (Q2); Strategy and Management (Q3)";"Business, Management and Accounting"
758;19700181204;"OPSEARCH";journal;"00303887, 09750320";"Springer India";No;No;0,416;Q2;37;52;151;1984;270;150;1,84;38,15;31,36;0;India;Asiatic Region;"Springer India";"1998-1999, 2009-2026";"Management Information Systems (Q2); Computer Science Applications (Q3); Information Systems (Q3); Management Science and Operations Research (Q3)";"Business, Management and Accounting; Computer Science; Decision Sciences"
759;29804;"International Journal of Accounting";journal;"22133933, 10944060";"World Scientific Publishing Co. Pte Ltd";No;No;0,416;Q3;75;24;54;1819;89;52;1,00;75,79;35,19;0;Singapore;Asiatic Region;"World Scientific Publishing Co. Pte Ltd";"1996-2025";"Finance (Q2); Accounting (Q3)";"Business, Management and Accounting; Economics, Econometrics and Finance"
760;91636;"International Food and Agribusiness Management Review";journal;"10967508, 15592448";"Wageningen Academic Publishers";Yes;No;0,415;Q2;53;56;175;3213;318;171;1,65;57,38;33,96;0;United States;Northern America;"Wageningen Academic Publishers";"1998-2025";"Business and International Management (Q2); Food Science (Q2)";"Agricultural and Biological Sciences; Business, Management and Accounting"
761;19700187506;"International Journal of Shipping and Transport Logistics";journal;"17566517, 17566525";"Inderscience Enterprises Ltd";No;No;0,415;Q2;33;30;84;1375;122;81;1,20;45,83;31,33;0;United Kingdom;Western Europe;"Inderscience Enterprises Ltd";"2009-2026";"Business and International Management (Q2); Management of Technology and Innovation (Q2); Management Science and Operations Research (Q3); Transportation (Q3)";"Business, Management and Accounting; Decision Sciences; Social Sciences"
762;21100206265;"International Journal of Arts Management";journal;"14808986";"Ecole des Hautes Etudes Commerciales";No;No;0,413;Q2;23;24;69;1141;70;57;0,80;47,54;65,00;0;Canada;Northern America;"Ecole des Hautes Etudes Commerciales";"2011-2025";"Visual Arts and Performing Arts (Q1); Business and International Management (Q2)";"Arts and Humanities; Business, Management and Accounting"
763;17423;"Geneva Papers on Risk and Insurance: Issues and Practice";journal;"10185895, 14680440";"Springer Nature";No;No;0,412;Q2;46;36;94;1355;175;87;1,42;37,64;29,31;3;United States;Northern America;"Springer Nature";"1994, 1999-2026";"Business, Management and Accounting (miscellaneous) (Q2); Finance (Q2); Accounting (Q3); Economics and Econometrics (Q3)";"Business, Management and Accounting; Economics, Econometrics and Finance"
764;28952;"Journal of Economic Issues";journal;"1946326X, 00213624";"Routledge";No;No;0,412;Q2;61;80;227;3876;243;227;1,03;48,45;31,03;8;United Kingdom;Western Europe;"Routledge";"1967-1969, 1973, 1977-1983, 1985-1986, 1988-1992, 1996-2025";"Business, Management and Accounting (miscellaneous) (Q2); Economics and Econometrics (Q3)";"Business, Management and Accounting; Economics, Econometrics and Finance"
765;144616;"Journal of Health Organization and Management";journal;"14777266";"Emerald Publishing";No;No;0,412;Q2;57;73;193;3800;327;191;1,59;52,05;58,05;0;United Kingdom;Western Europe;"Emerald Publishing";"2003-2026";"Business, Management and Accounting (miscellaneous) (Q2); Health Policy (Q3)";"Business, Management and Accounting; Medicine"
766;23977;"International Journal of Automotive Technology and Management";journal;"14709511, 17415012";"Inderscience Enterprises Ltd";No;No;0,411;Q3;29;18;61;1057;90;61;1,67;58,72;17,02;0;United Kingdom;Western Europe;"Inderscience Enterprises Ltd";"2001-2025";"Automotive Engineering (Q2); Strategy and Management (Q3)";"Business, Management and Accounting; Engineering"
767;21100266590;"Revista de Contabilidad-Spanish Accounting Review";journal;"19884672, 11384891";"Universidad de Murcia";Yes;Yes;0,411;Q3;31;20;59;1926;122;57;2,05;96,30;48,15;0;United Kingdom;Western Europe;"Universidad de Murcia";"2009-2025";"Accounting (Q3)";"Business, Management and Accounting"
768;145201;"Journal of Industry, Competition and Trade";journal;"15661679, 15737012";"Springer";No;No;0,410;Q2;33;28;87;1267;122;86;1,68;45,25;22,81;2;United States;Northern America;"Springer";"2004-2026";"Industrial Relations (Q2); Economics and Econometrics (Q3)";"Business, Management and Accounting; Economics, Econometrics and Finance"
769;21100446528;"Journal of Organizational Ethnography";journal;"20466757, 20466749";"Emerald Group Publishing Ltd.";No;No;0,410;Q3;25;27;78;1184;87;73;0,94;43,85;65,71;0;United Kingdom;Western Europe;"Emerald Group Publishing Ltd.";"2012-2026";"Anthropology (Q1); Cultural Studies (Q1); Organizational Behavior and Human Resource Management (Q3); Strategy and Management (Q3)";"Business, Management and Accounting; Social Sciences"
770;21100821602;"Business and Professional Communication Quarterly";journal;"23294922, 23294906";"SAGE Publications Inc.";No;No;0,409;Q2;47;20;79;886;102;67;1,12;44,30;58,33;0;United States;Northern America;"SAGE Publications Inc.";"2015-2026";"Arts and Humanities (miscellaneous) (Q2); Business and International Management (Q2); Business, Management and Accounting (miscellaneous) (Q2); Economics, Econometrics and Finance (miscellaneous) (Q2)";"Arts and Humanities; Business, Management and Accounting; Economics, Econometrics and Finance"
771;21100855822;"Cogent Business and Management";journal;"23311975";"Cogent OA";Yes;No;0,409;Q2;68;231;500;17621;1186;500;2,21;76,28;33,57;22;United Kingdom;Western Europe;"Cogent OA";"2014-2026";"Business and International Management (Q2); Business, Management and Accounting (miscellaneous) (Q2); Accounting (Q3); Management Science and Operations Research (Q3); Marketing (Q3); Organizational Behavior and Human Resource Management (Q3); Strategy and Management (Q3)";"Business, Management and Accounting; Decision Sciences"
772;21100779057;"World Leisure Journal";journal;"23334509, 16078055";"Taylor and Francis Ltd.";No;No;0,409;Q3;35;33;95;1430;127;75;1,20;43,33;59,09;2;United Kingdom;Western Europe;"Taylor and Francis Ltd.";"2000-2026";"Cultural Studies (Q1); Social Psychology (Q3); Tourism, Leisure and Hospitality Management (Q3)";"Business, Management and Accounting; Psychology; Social Sciences"
773;12981;"Kybernetes";journal;"0368492X";"Emerald Publishing";No;No;0,409;-;65;104;417;6802;926;410;2,12;65,40;38,79;0;United Kingdom;Western Europe;"Emerald Publishing";"1972-2026";"Computer Science (miscellaneous) (Q2); Electrical and Electronic Engineering (Q2); Engineering (miscellaneous) (Q2); Social Sciences (miscellaneous) (Q2); Artificial Intelligence (Q3); Control and Systems Engineering (Q3); Information Systems (Q3); Software (Q3); Theoretical Computer Science (Q3)";"Computer Science; Engineering; Mathematics; Social Sciences"
774;21385;"Canadian Journal of Administrative Sciences";journal;"19364490, 08250383";"Wiley-Blackwell";No;No;0,408;Q2;65;34;132;2411;202;131;1,63;70,91;35,44;2;United States;Northern America;"Wiley-Blackwell";"1984-1990, 1992, 1996-2026";"Business and International Management (Q2); Management of Technology and Innovation (Q2); Marketing (Q3); Public Administration (Q3)";"Business, Management and Accounting; Social Sciences"
775;17800156738;"Organization Management Journal";journal;"15416518, 27538567";"Emerald Publishing";Yes;Yes;0,406;Q2;28;9;56;555;68;55;0,98;61,67;56,52;0;United Kingdom;Western Europe;"Emerald Publishing";"2005, 2009-2026";"Business and International Management (Q2); Education (Q2); Organizational Behavior and Human Resource Management (Q3); Strategy and Management (Q3)";"Business, Management and Accounting; Social Sciences"
776;21100835738;"Industry and Higher Education";journal;"20436858, 09504222";"SAGE Publications Inc.";No;No;0,404;Q2;41;72;126;3907;226;117;1,71;54,26;48,32;6;United States;Northern America;"SAGE Publications Inc.";"1996-2026";"Business and International Management (Q2); Education (Q2)";"Business, Management and Accounting; Social Sciences"
777;21100873594;"International Journal of Sport Communication";journal;"19363907, 19363915";"Human Kinetics Publishers Inc.";No;No;0,404;Q2;22;37;111;2127;151;91;1,23;57,49;28,74;0;United Kingdom;Western Europe;"Human Kinetics Publishers Inc.";"2008, 2018-2026";"Business and International Management (Q2); Communication (Q2); Tourism, Leisure and Hospitality Management (Q3)";"Business, Management and Accounting; Social Sciences"
778;21100803316;"Valori e Valutazioni";journal;"20362404";"Societa Italiana di Estimo e Valutazione (SIEV)";Yes;No;0,403;Q3;17;18;93;800;135;84;1,05;44,44;66,67;0;Italy;Western Europe;"Societa Italiana di Estimo e Valutazione (SIEV)";"2016-2025";"Law (Q1); Finance (Q2); Decision Sciences (miscellaneous) (Q3); Strategy and Management (Q3)";"Business, Management and Accounting; Decision Sciences; Economics, Econometrics and Finance; Social Sciences"
779;21100450083;"Eastern-European Journal of Enterprise Technologies";journal;"17293774, 17294061";"Technology Center";Yes;No;0,402;Q2;42;612;1622;15526;1918;1622;1,23;25,37;39,15;2;Ukraine;Eastern Europe;"Technology Center";"2013-2025";"Electrical and Electronic Engineering (Q2); Industrial and Manufacturing Engineering (Q2); Management of Technology and Innovation (Q2); Mechanical Engineering (Q2); Applied Mathematics (Q3); Computer Science Applications (Q3); Control and Systems Engineering (Q3); Energy Engineering and Power Technology (Q3)";"Business, Management and Accounting; Computer Science; Energy; Engineering; Mathematics"
780;21100821131;"Review of Behavioral Finance";journal;"19405987, 19405979";"Emerald Group Publishing Ltd.";No;No;0,402;Q3;31;25;82;1191;125;82;1,32;47,64;38,33;0;United Kingdom;Western Europe;"Emerald Group Publishing Ltd.";"2009-2026";"Finance (Q2); Accounting (Q3); Strategy and Management (Q3)";"Business, Management and Accounting; Economics, Econometrics and Finance"
781;21100466201;"Zeitschrift fur Arbeitsmarktforschung";journal;"18678343, 16143485";"Springer Science and Business Media Deutschland GmbH";Yes;No;0,401;Q2;0;0;0;0;0;0;0,00;0,00;0,00;0;Germany;Western Europe;"Springer Science and Business Media Deutschland GmbH";"2009-2018";"Industrial Relations (Q2); Economics and Econometrics (Q3); Organizational Behavior and Human Resource Management (Q3)";"Business, Management and Accounting; Economics, Econometrics and Finance"
782;21100901479;"Journal of Teaching and Learning for Graduate Employability";journal;"18383815";"Deakin University";Yes;Yes;0,401;Q3;21;26;42;1193;83;38;1,74;45,88;65,67;0;Australia;Pacific Region;"Deakin University";"2018-2026";"Education (Q2); Human Factors and Ergonomics (Q3); Organizational Behavior and Human Resource Management (Q3)";"Business, Management and Accounting; Social Sciences"
783;21100204505;"Australasian Journal of Information Systems";journal;"14498618, 13262238";"Australasian Association for Information Systems";Yes;Yes;0,400;Q2;37;37;118;2713;264;116;1,86;73,32;39,80;1;Australia;Pacific Region;"Australasian Association for Information Systems";"1996, 2007, 2009-2025";"Business, Management and Accounting (miscellaneous) (Q2); Information Systems and Management (Q2); Human-Computer Interaction (Q3); Information Systems (Q3)";"Business, Management and Accounting; Computer Science; Decision Sciences"
784;21100836334;"Publications";journal;"23046775";"Multidisciplinary Digital Publishing Institute (MDPI)";Yes;No;0,399;Q2;32;54;167;3375;360;152;2,31;62,50;44,09;8;Switzerland;Western Europe;"Multidisciplinary Digital Publishing Institute (MDPI)";"2013-2025";"Business and International Management (Q2); Communication (Q2); Library and Information Sciences (Q2); Media Technology (Q2); Computer Science Applications (Q3)";"Business, Management and Accounting; Computer Science; Engineering; Social Sciences"
785;21100801725;"VINE Journal of Information and Knowledge Management Systems";journal;"20595905, 20595891";"Emerald Publishing";No;No;0,399;Q2;48;16;122;1243;316;122;2,25;77,69;42,50;0;United Kingdom;Western Europe;"Emerald Publishing";"2016-2026";"Library and Information Sciences (Q2); Management of Technology and Innovation (Q2); Computer Networks and Communications (Q3); Computer Science Applications (Q3); Information Systems (Q3)";"Business, Management and Accounting; Computer Science; Social Sciences"
786;21100972600;"Technology Innovation Management Review";journal;"19270321";"Carleton University";Yes;Yes;0,399;Q3;30;56;144;1883;333;120;2,31;33,63;44,93;1;Canada;Northern America;"Carleton University";"2019-2022";"Computer Science Applications (Q3); Management of Technology and Innovation (Q3)";"Business, Management and Accounting; Computer Science"
787;15882;"Fibres and Textiles in Eastern Europe";journal;"23007354, 12303666";"Sciendo";No;No;0,398;Q2;50;91;302;2430;339;299;1,06;26,70;38,98;1;Poland;Eastern Europe;"Sciendo";"1993, 1995-2025";"Business and International Management (Q2); Environmental Science (miscellaneous) (Q2); Industrial and Manufacturing Engineering (Q2); Materials Science (miscellaneous) (Q3)";"Business, Management and Accounting; Engineering; Environmental Science; Materials Science"
788;21100886537;"Operations and Supply Chain Management";journal;"19793561, 25799363";"Operations and Supply Chain Management Forum";Yes;No;0,398;Q2;25;45;76;2840;232;76;3,16;63,11;36,94;5;Indonesia;Asiatic Region;"Operations and Supply Chain Management Forum";"2018-2025";"Information Systems and Management (Q2); Management Information Systems (Q2); Management Science and Operations Research (Q3); Statistics, Probability and Uncertainty (Q3)";"Business, Management and Accounting; Decision Sciences"
789;21100901952;"Journal of Air Transportation";journal;"23809450";"American Institute of Aeronautics and Astronautics Inc. (AIAA)";No;No;0,398;Q3;17;18;58;599;90;52;1,10;33,28;21,25;0;United States;Northern America;"American Institute of Aeronautics and Astronautics Inc. (AIAA)";"2016-2026";"Safety Research (Q2); Aerospace Engineering (Q3); Energy (miscellaneous) (Q3); Management, Monitoring, Policy and Law (Q3); Management of Technology and Innovation (Q3); Transportation (Q3)";"Business, Management and Accounting; Energy; Engineering; Environmental Science; Social Sciences"
790;21100851416;"Pacific Accounting Review";journal;"20415494, 01140582";"Emerald Group Publishing Ltd.";No;No;0,398;Q3;40;35;99;1617;180;97;1,83;46,20;30,65;0;United Kingdom;Western Europe;"Emerald Group Publishing Ltd.";"1997, 1999-2026";"Accounting (Q3); Finance (Q3)";"Business, Management and Accounting; Economics, Econometrics and Finance"
791;21100886347;"Risks";journal;"22279091";"Multidisciplinary Digital Publishing Institute (MDPI)";Yes;No;0,398;Q3;45;226;398;11324;705;394;1,92;50,11;39,03;25;Switzerland;Western Europe;"Multidisciplinary Digital Publishing Institute (MDPI)";"2013-2026";"Economics, Econometrics and Finance (miscellaneous) (Q2); Accounting (Q3); Strategy and Management (Q3)";"Business, Management and Accounting; Economics, Econometrics and Finance"
792;21100211751;"International Journal of Industrial Engineering and Management";journal;"22172661, 2683345X";"University of Novi Sad";Yes;Yes;0,396;Q2;27;25;78;1065;143;75;1,67;42,60;43,84;0;Serbia;Eastern Europe;"University of Novi Sad";"2010-2025";"Business, Management and Accounting (miscellaneous) (Q2); Industrial and Manufacturing Engineering (Q2)";"Business, Management and Accounting; Engineering"
793;21100446515;"Sport, Business and Management: An International Journal";journal;"20426798, 2042678X";"Emerald Publishing";No;No;0,395;Q2;33;23;101;1635;160;96;1,42;71,09;29,03;0;United Kingdom;Western Europe;"Emerald Publishing";"2011-2026";"Business and International Management (Q2); Marketing (Q3); Strategy and Management (Q3); Tourism, Leisure and Hospitality Management (Q3)";"Business, Management and Accounting"
794;100147337;"Journal of Education and Work";journal;"13639080, 14699435";"Brill Academic Publishers";No;No;0,395;Q3;50;54;129;2835;189;127;1,26;52,50;58,82;18;United Kingdom;Western Europe;"Brill Academic Publishers";"2005-2026";"Education (Q2); Organizational Behavior and Human Resource Management (Q3); Public Administration (Q3)";"Business, Management and Accounting; Social Sciences"
795;21100941610;"Journal of Global Sport Management";journal;"24704067, 24704075";"Routledge";No;No;0,394;Q3;23;21;64;1110;71;63;1,07;52,86;27,27;0;United States;Northern America;"Routledge";"2016-2026";"Strategy and Management (Q3); Tourism, Leisure and Hospitality Management (Q3)";"Business, Management and Accounting"
796;17800156772;"International Journal of Workplace Health Management";journal;"17538351, 1753836X";"Emerald Publishing";No;No;0,393;Q2;37;38;103;2284;162;100;1,46;60,11;52,03;0;United Kingdom;Western Europe;"Emerald Publishing";"2008-2026";"Business, Management and Accounting (miscellaneous) (Q2); Public Health, Environmental and Occupational Health (Q3)";"Business, Management and Accounting; Medicine"
797;100147314;"Journal of International Financial Management and Accounting";journal;"09541314, 1467646X";"Wiley-Blackwell Publishing Ltd";No;No;0,393;Q2;55;11;36;739;75;36;2,46;67,18;35,71;1;United Kingdom;Western Europe;"Wiley-Blackwell Publishing Ltd";"1989-1992, 1994-2026";"Business, Management and Accounting (miscellaneous) (Q2); Accounting (Q3); Finance (Q3)";"Business, Management and Accounting; Economics, Econometrics and Finance"
798;21100235612;"International Journal of Technology";journal;"20869614, 20872100";"Faculty of Engineering, Universitas Indonesia";Yes;No;0,393;Q3;32;149;500;4025;751;496;1,49;27,01;41,68;1;Indonesia;Asiatic Region;"Faculty of Engineering, Universitas Indonesia";"2010-2026";"Engineering (miscellaneous) (Q2); Management of Technology and Innovation (Q3); Strategy and Management (Q3)";"Business, Management and Accounting; Engineering"
799;21100262313;"Worldwide Hospitality and Tourism Themes";journal;"17554217, 17554225";"Emerald Group Publishing Ltd.";No;No;0,393;Q3;41;69;240;2198;431;218;1,53;31,86;46,94;0;United Kingdom;Western Europe;"Emerald Group Publishing Ltd.";"2009-2026";"Development (Q2); Management, Monitoring, Policy and Law (Q3); Tourism, Leisure and Hospitality Management (Q3)";"Business, Management and Accounting; Environmental Science; Social Sciences"
800;16106;"Foresight";journal;"30096294, 30626307";"National Center for Social and Criminological Research";No;No;0,392;Q2;49;32;125;1894;270;123;2,17;59,19;41,86;0;United Kingdom;Western Europe;"National Center for Social and Criminological Research";"1999-2026";"Business and International Management (Q2); Economics, Econometrics and Finance (miscellaneous) (Q2); Management of Technology and Innovation (Q3); Management Science and Operations Research (Q3)";"Business, Management and Accounting; Decision Sciences; Economics, Econometrics and Finance"
801;17700156766;"Journal of Revenue and Pricing Management";journal;"14766930, 1477657X";"Palgrave Macmillan Ltd.";No;No;0,391;Q2;34;62;132;1887;154;115;1,08;30,44;22,43;1;United Kingdom;Western Europe;"Palgrave Macmillan Ltd.";"2004-2005, 2009-2026";"Business and International Management (Q2); Economics and Econometrics (Q3); Finance (Q3); Strategy and Management (Q3)";"Business, Management and Accounting; Economics, Econometrics and Finance"
802;13088;"International Journal of Applied Ceramic Technology";journal;"1546542X, 17447402";"Wiley-Blackwell";No;No;0,388;Q3;80;219;702;8869;1558;701;2,19;40,50;31,24;0;United States;Northern America;"Wiley-Blackwell";"2004-2026";"Materials Chemistry (Q2); Ceramics and Composites (Q3); Condensed Matter Physics (Q3); Marketing (Q3)";"Business, Management and Accounting; Materials Science; Physics and Astronomy"
803;24380;"Journal of Financial Research";journal;"02702592, 14756803";"Wiley-Blackwell Publishing Ltd";No;No;0,387;Q3;58;29;73;1384;81;73;1,18;47,72;22,22;4;United Kingdom;Western Europe;"Wiley-Blackwell Publishing Ltd";"1978-2026";"Accounting (Q3); Finance (Q3)";"Business, Management and Accounting; Economics, Econometrics and Finance"
804;21100827425;"Nordic Journal of Working Life Studies";journal;"22450157";"Roskilde University";Yes;No;0,386;Q2;29;32;90;1561;119;80;0,94;48,78;58,21;10;Denmark;Western Europe;"Roskilde University";"2011-2025";"Industrial Relations (Q2); Life-span and Life-course Studies (Q3); Organizational Behavior and Human Resource Management (Q3); Public Health, Environmental and Occupational Health (Q3)";"Business, Management and Accounting; Medicine; Social Sciences"
805;21100220389;"Geographica Pannonica";journal;"03548724, 18207138";"Department of Geography, Tourism and Hotel Management";Yes;Yes;0,384;Q3;23;28;85;1045;147;85;1,79;37,32;43,84;0;Serbia;Eastern Europe;"Department of Geography, Tourism and Hotel Management";"2010, 2012-2026";"Earth-Surface Processes (Q2); Geography, Planning and Development (Q2); Atmospheric Science (Q3); Geology (Q3); Tourism, Leisure and Hospitality Management (Q3)";"Business, Management and Accounting; Earth and Planetary Sciences; Social Sciences"
806;16523;"Tourism";journal;"18491545, 13327461";"Institute for Tourism";Yes;No;0,382;Q3;35;56;98;3129;193;95;1,86;55,88;33,08;1;Croatia;Eastern Europe;"Institute for Tourism";"2002-2025";"Geography, Planning and Development (Q2); Tourism, Leisure and Hospitality Management (Q3)";"Business, Management and Accounting; Social Sciences"
807;3900148214;"International Journal of Business Information Systems";journal;"17460972, 17460980";"Inderscience Enterprises Ltd";No;No;0,381;Q2;39;77;239;4925;310;237;1,03;63,96;28,65;0;United Kingdom;Western Europe;"Inderscience Enterprises Ltd";"2005-2026";"Information Systems and Management (Q2); Management Information Systems (Q2); Management of Technology and Innovation (Q3)";"Business, Management and Accounting; Decision Sciences"
808;5700161163;"Organizacija";journal;"15811832, 13185454";"Sciendo";Yes;Yes;0,381;Q2;24;22;65;1249;159;64;3,02;56,77;37,68;3;Poland;Eastern Europe;"Sciendo";"2016-2026";"Business and International Management (Q2); Management Information Systems (Q2); Marketing (Q3); Organizational Behavior and Human Resource Management (Q3); Strategy and Management (Q3); Tourism, Leisure and Hospitality Management (Q3)";"Business, Management and Accounting"
809;6800153107;"International Journal of Foresight and Innovation Policy";journal;"17402816, 17402824";"Inderscience";No;No;0,381;Q3;25;14;41;777;53;41;1,95;55,50;22,22;0;United Kingdom;Western Europe;"Inderscience";"2004-2013, 2015-2023";"Management of Technology and Innovation (Q3); Strategy and Management (Q3)";"Business, Management and Accounting"
810;21100874149;"Management (France)";journal;"12864692";"DMSP Research Center";Yes;Yes;0,380;Q2;37;26;107;1811;110;103;0,82;69,65;41,67;0;France;Western Europe;"DMSP Research Center";"1998-2025";"Business, Management and Accounting (miscellaneous) (Q2); Strategy and Management (Q3)";"Business, Management and Accounting"
811;20195;"Business History";journal;"17437938, 00076791";"Taylor and Francis Ltd.";No;No;0,379;Q2;48;58;176;4224;189;164;0,82;72,83;30,61;4;United Kingdom;Western Europe;"Taylor and Francis Ltd.";"1958-2026";"History (Q1); Business and International Management (Q2); Business, Management and Accounting (miscellaneous) (Q2)";"Arts and Humanities; Business, Management and Accounting"
812;12075;"Clothing and Textiles Research Journal";journal;"19402473, 0887302X";"SAGE Publications Inc.";No;No;0,379;Q2;52;21;62;868;103;60;1,29;41,33;74,58;0;United States;Northern America;"SAGE Publications Inc.";"1982-2026";"Business, Management and Accounting (miscellaneous) (Q2); Polymers and Plastics (Q2); Materials Science (miscellaneous) (Q3)";"Business, Management and Accounting; Materials Science"
813;21100814509;"Journal of Facilities Management";journal;"17410983, 14725967";"Emerald Group Publishing Ltd.";No;No;0,379;Q2;49;27;93;1509;176;92;1,92;55,89;28,36;0;United Kingdom;Western Europe;"Emerald Group Publishing Ltd.";"2002-2003, 2005-2026";"Business and International Management (Q2); Management of Technology and Innovation (Q3); Strategy and Management (Q3)";"Business, Management and Accounting"
814;23656;"Systemic Practice and Action Research";journal;"1094429X, 15739295";"Springer New York";No;No;0,379;Q3;45;36;99;2101;149;99;1,35;58,36;49,44;5;United States;Northern America;"Springer New York";"1996, 1998-2026";"Management of Technology and Innovation (Q3); Strategy and Management (Q3)";"Business, Management and Accounting"
815;21100907367;"Water Economics and Policy";journal;"2382624X, 23826258";"World Scientific";No;No;0,376;Q2;19;28;86;1179;100;77;1,07;42,11;34,92;0;Singapore;Asiatic Region;"World Scientific";"2015-2026";"Business and International Management (Q2); Economics and Econometrics (Q3); Management, Monitoring, Policy and Law (Q3); Water Science and Technology (Q3)";"Business, Management and Accounting; Economics, Econometrics and Finance; Environmental Science"
816;20657;"Enterprise and Society";journal;"14672227, 14672235";"Cambridge University Press";No;No;0,375;Q2;35;36;106;3180;68;99;0,58;88,33;31,82;2;United Kingdom;Western Europe;"Cambridge University Press";"2000-2026";"History (Q1); Business, Management and Accounting (miscellaneous) (Q2)";"Arts and Humanities; Business, Management and Accounting"
817;18775;"Sociologie du Travail";journal;"00380296";"Centre de sociologie des organisations";No;No;0,375;Q2;32;19;66;953;28;59;0,44;50,16;47,62;1;France;Western Europe;"Centre de sociologie des organisations";"1972, 1980, 1988, 1994-2025";"Industrial Relations (Q2); Sociology and Political Science (Q2)";"Business, Management and Accounting; Social Sciences"
818;21100223336;"International Journal of Human Capital and Information Technology Professionals";journal;"19473486, 19473478";"IGI Publishing";No;No;0,375;Q3;19;20;55;1215;98;55;1,39;60,75;46,88;0;United States;Northern America;"IGI Publishing";"2010-2025";"Computer Science (miscellaneous) (Q2); Management of Technology and Innovation (Q3)";"Business, Management and Accounting; Computer Science"
819;21101018074;"Journal of Index Investing";journal;"21547238, 2374135X";"Portfolio Management Research";No;No;0,375;Q3;0;0;0;0;0;0;0,00;0,00;0,00;0;United Kingdom;Western Europe;"Portfolio Management Research";"2017-2021";"Finance (Q3); Management of Technology and Innovation (Q3); Strategy and Management (Q3)";"Business, Management and Accounting; Economics, Econometrics and Finance"
820;19171;"Journal of Quality in Maintenance Engineering";journal;"13552511";"Emerald Group Publishing Ltd.";No;No;0,375;Q3;66;24;108;983;169;108;1,58;40,96;17,11;0;United Kingdom;Western Europe;"Emerald Group Publishing Ltd.";"1995-2026";"Industrial and Manufacturing Engineering (Q2); Safety, Risk, Reliability and Quality (Q2); Strategy and Management (Q3)";"Business, Management and Accounting; Engineering"
821;21100381232;"Social and Environmental Accountability Journal";journal;"0969160X, 21562245";"Routledge";No;No;0,374;Q3;29;14;58;854;109;51;1,20;61,00;30,77;0;United States;Northern America;"Routledge";"1993-2026";"Accounting (Q3)";"Business, Management and Accounting"
822;5600156484;"Tourism and Hospitality Management";journal;"13307533, 18473377";"University of Rijeka";Yes;Yes;0,374;Q3;27;39;79;2219;146;76;1,57;56,90;43,62;0;Croatia;Eastern Europe;"University of Rijeka";"2013-2025";"Tourism, Leisure and Hospitality Management (Q3)";"Business, Management and Accounting"
823;700147309;"Journal of General Management";journal;"17596106, 03063070";"SAGE Publications Inc.";No;No;0,373;Q2;29;23;70;1705;92;57;0,80;74,13;43,33;0;United Kingdom;Western Europe;"SAGE Publications Inc.";"1979, 1982, 2003-2026";"Business, Management and Accounting (miscellaneous) (Q2); Strategy and Management (Q3)";"Business, Management and Accounting"
824;19700170838;"International Journal of Rural Management";journal;"09730680, 09730052";"Sage Publications India Pvt. Ltd";No;No;0,372;Q3;19;18;34;1006;45;34;1,12;55,89;50,00;4;India;Asiatic Region;"Sage Publications India Pvt. Ltd";"2005-2026";"Geography, Planning and Development (Q2); Management, Monitoring, Policy and Law (Q3); Strategy and Management (Q3)";"Business, Management and Accounting; Environmental Science; Social Sciences"
825;19900193251;"Journal of International Accounting Research";journal;"15588025, 15426297";"American Accounting Association";No;No;0,371;Q2;34;15;66;930;73;62;0,79;62,00;29,27;0;United States;Northern America;"American Accounting Association";"2007, 2009-2025";"Business and International Management (Q2); Accounting (Q3)";"Business, Management and Accounting"
826;1000147123;"Business: Theory and Practice";journal;"16480627, 18224202";"Vilnius Gediminas Technical University";Yes;No;0,371;Q3;35;50;163;2318;315;163;1,99;46,36;45,63;1;Lithuania;Eastern Europe;"Vilnius Gediminas Technical University";"2005-2026";"Civil and Structural Engineering (Q3); Strategy and Management (Q3)";"Business, Management and Accounting; Engineering"
827;7100153137;"Transformations in Business and Economics";journal;"16484460";"Vilnius University Press";Yes;No;0,370;Q2;32;100;288;4442;423;273;1,78;44,42;50,36;0;Lithuania;Eastern Europe;"Vilnius University Press";"2006-2025";"Business and International Management (Q2); Political Science and International Relations (Q2); Social Sciences (miscellaneous) (Q2); Economics and Econometrics (Q3); Marketing (Q3)";"Business, Management and Accounting; Economics, Econometrics and Finance; Social Sciences"
828;24650;"American Journal of Mathematical and Management Sciences";journal;"01966324";"Taylor and Francis Ltd.";No;No;0,369;Q2;25;20;77;479;77;77;0,96;23,95;26,19;0;United Kingdom;Western Europe;"Taylor and Francis Ltd.";"1981-2011, 2013-2025";"Business, Management and Accounting (miscellaneous) (Q2); Applied Mathematics (Q3)";"Business, Management and Accounting; Mathematics"
829;19600162142;"Leadership in Health Services";journal;"17511879, 17511887";"Emerald Publishing";No;No;0,369;Q2;39;27;112;1476;235;109;1,71;54,67;68,18;0;United Kingdom;Western Europe;"Emerald Publishing";"2007-2026";"Business, Management and Accounting (miscellaneous) (Q2); Health Policy (Q3)";"Business, Management and Accounting; Medicine"
830;21100334848;"Management and Marketing";journal;"20698887, 18420206";"Springer International Publishing";Yes;No;0,368;Q2;29;23;101;1466;264;101;2,58;63,74;37,70;0;Switzerland;Western Europe;"Springer International Publishing";"2014-2025";"Business, Management and Accounting (miscellaneous) (Q2)";"Business, Management and Accounting"
831;21100904322;"Research Journal of Textile and Apparel";journal;"15606074, 25158090";"Emerald Group Publishing Ltd.";No;No;0,367;Q2;29;24;76;1043;138;75;1,10;43,46;33,82;0;United Kingdom;Western Europe;"Emerald Group Publishing Ltd.";"1997-2026";"Business and International Management (Q2); Industrial and Manufacturing Engineering (Q2); Management of Technology and Innovation (Q3); Materials Science (miscellaneous) (Q3)";"Business, Management and Accounting; Engineering; Materials Science"
832;21101038920;"Society and Business Review";journal;"17465680, 17465699";"Emerald Group Publishing Ltd.";No;No;0,367;Q2;25;23;54;1929;69;51;1,28;83,87;40,82;0;United Kingdom;Western Europe;"Emerald Group Publishing Ltd.";"2019-2026";"Business and International Management (Q2); Business, Management and Accounting (miscellaneous) (Q2); Organizational Behavior and Human Resource Management (Q3); Strategy and Management (Q3)";"Business, Management and Accounting"
833;13691;"Journal of Vinyl and Additive Technology";journal;"15480585, 10835601";"John Wiley and Sons Ltd";No;No;0,367;Q3;50;75;212;3365;437;211;2,32;44,87;35,46;1;United Kingdom;Western Europe;"John Wiley and Sons Ltd";"1989, 1995-2026";"Polymers and Plastics (Q2); Chemical Engineering (miscellaneous) (Q3); Chemistry (miscellaneous) (Q3); Marketing (Q3); Materials Chemistry (Q3)";"Business, Management and Accounting; Chemical Engineering; Chemistry; Materials Science"
834;19200157025;"Engineering Economics";journal;"13922785, 20295839";"Kauno Technologijos Universitetas";Yes;No;0,366;Q2;45;40;161;2390;304;161;1,97;59,75;54,47;2;Lithuania;Eastern Europe;"Kauno Technologijos Universitetas";"2008-2025";"Business and International Management (Q2); Engineering (miscellaneous) (Q2); Economics and Econometrics (Q3)";"Business, Management and Accounting; Economics, Econometrics and Finance; Engineering"
835;145207;"Asia Europe Journal";journal;"16102932, 16121031";"Springer Science and Business Media Deutschland GmbH";No;No;0,365;Q2;32;35;95;1695;235;82;2,36;48,43;34,62;11;Germany;Western Europe;"Springer Science and Business Media Deutschland GmbH";"2003-2026";"Business, Management and Accounting (miscellaneous) (Q2); Social Sciences (miscellaneous) (Q2)";"Business, Management and Accounting; Social Sciences"
836;19470;"Information Resources Management Journal";journal;"15337979, 10401628";"IGI Publishing";No;No;0,365;Q2;49;20;51;1554;85;51;1,23;77,70;21,28;0;United States;Northern America;"IGI Publishing";"1988-2026";"Business and International Management (Q2); Library and Information Sciences (Q2); Strategy and Management (Q3)";"Business, Management and Accounting; Social Sciences"
837;21100781411;"Journal of Risk Finance";journal;"23312947, 15265943";"Emerald Publishing";No;No;0,365;Q3;53;19;94;779;164;92;1,39;41,00;25,64;0;United Kingdom;Western Europe;"Emerald Publishing";"1999-2026";"Accounting (Q3); Finance (Q3)";"Business, Management and Accounting; Economics, Econometrics and Finance"
838;17700156758;"International Journal of Disclosure and Governance";journal;"17413591, 17466539";"Palgrave Macmillan Ltd.";No;No;0,364;Q2;31;30;56;1929;90;55;1,83;64,30;29,51;1;United Kingdom;Western Europe;"Palgrave Macmillan Ltd.";"2009-2026";"Business and International Management (Q2); Accounting (Q3); Economics and Econometrics (Q3); Finance (Q3); Strategy and Management (Q3)";"Business, Management and Accounting; Economics, Econometrics and Finance"
839;4000149501;"International Journal of Product Lifecycle Management";journal;"17435110, 17435129";"Inderscience Enterprises Ltd";No;No;0,363;Q2;26;17;33;755;47;32;1,44;44,41;18,31;0;United Kingdom;Western Europe;"Inderscience Enterprises Ltd";"2005-2025";"Business and International Management (Q2); Management Science and Operations Research (Q3); Safety, Risk, Reliability and Quality (Q3)";"Business, Management and Accounting; Decision Sciences; Engineering"
840;21100446512;"Evidence-based HRM";journal;"20493983, 20493991";"Emerald Publishing";No;No;0,363;Q3;25;25;61;1534;105;60;1,46;61,36;34,55;0;United Kingdom;Western Europe;"Emerald Publishing";"2013-2026";"Organizational Behavior and Human Resource Management (Q3)";"Business, Management and Accounting"
841;6000152910;"Journal of Arts Management Law and Society";journal;"10632921, 19307799";"Taylor and Francis Ltd.";No;No;0,363;Q3;29;28;74;1288;65;71;0,85;46,00;38,10;4;United States;Northern America;"Taylor and Francis Ltd.";"1992-2026";"Visual Arts and Performing Arts (Q1); Law (Q2); Strategy and Management (Q3)";"Arts and Humanities; Business, Management and Accounting; Social Sciences"
842;21101026986;"Production Engineering Archives";journal;"23537779, 23535156";"";Yes;No;0,362;Q2;26;40;114;1415;260;114;2,91;35,38;33,33;1;Poland;Eastern Europe;"";"2017-2025";"Industrial and Manufacturing Engineering (Q2); Management Information Systems (Q2); Management of Technology and Innovation (Q3); Safety, Risk, Reliability and Quality (Q3)";"Business, Management and Accounting; Engineering"
843;21100379743;"Australasian Accounting, Business and Finance Journal";journal;"18342000, 18342019";"University of Wollongong";Yes;Yes;0,361;Q2;32;35;95;1408;134;86;1,34;40,23;41,46;1;Australia;Pacific Region;"University of Wollongong";"2014-2025";"Business, Management and Accounting (miscellaneous) (Q2); Finance (Q3)";"Business, Management and Accounting; Economics, Econometrics and Finance"
844;11400153311;"Accounting History";journal;"10323732, 17493374";"SAGE Publications Ltd";No;No;0,361;Q3;36;33;89;2541;67;75;0,79;77,00;43,64;0;United Kingdom;Western Europe;"SAGE Publications Ltd";"1996-2026";"History (Q1); Accounting (Q3)";"Arts and Humanities; Business, Management and Accounting"
845;19900192158;"Asian Journal of Technology Innovation";journal;"19761597, 21586721";"Routledge";No;No;0,361;Q3;30;18;62;1005;98;62;1,73;55,83;41,18;2;United Kingdom;Western Europe;"Routledge";"2010-2026";"Economics and Econometrics (Q3); Management of Technology and Innovation (Q3)";"Business, Management and Accounting; Economics, Econometrics and Finance"
846;15909;"Zeitschrift fur Arbeits- und Organisationspsychologie";journal;"09324089, 21906270";"Hogrefe Publishing";No;No;0,361;Q3;22;19;53;957;48;48;0,97;50,37;64,15;2;Germany;Western Europe;"Hogrefe Publishing";"2002-2025";"Applied Psychology (Q3); Organizational Behavior and Human Resource Management (Q3)";"Business, Management and Accounting; Psychology"
847;12763;"International Journal of Technology Management";journal;"17415276, 02675730";"Inderscience Publishers";No;No;0,359;Q2;72;45;128;2364;223;128;1,34;52,53;41,67;0;United Kingdom;Western Europe;"Inderscience Publishers";"1986-1989, 1996-2025";"Engineering (miscellaneous) (Q2); Industrial Relations (Q2); Law (Q2); Computer Science Applications (Q3); Strategy and Management (Q3)";"Business, Management and Accounting; Computer Science; Engineering; Social Sciences"
848;21100448564;"Journal of Islamic Accounting and Business Research";journal;"17590817, 17590825";"Emerald Group Publishing Ltd.";No;No;0,359;Q2;42;71;198;4420;399;198;1,86;62,25;39,43;0;United Kingdom;Western Europe;"Emerald Group Publishing Ltd.";"2010-2026";"Business and International Management (Q2); Accounting (Q3); Strategy and Management (Q3)";"Business, Management and Accounting"
849;5000153701;"Risk Management and Insurance Review";journal;"15406296, 10981616";"Wiley-Blackwell Publishing Ltd";No;No;0,359;Q3;24;21;52;891;70;50;0,71;42,43;22,73;0;United Kingdom;Western Europe;"Wiley-Blackwell Publishing Ltd";"2006-2026";"Accounting (Q3); Economics and Econometrics (Q3); Finance (Q3)";"Business, Management and Accounting; Economics, Econometrics and Finance"
850;21100806906;"Uncertain Supply Chain Management (discontinued)";journal;"22916822, 22916830";"Growing Science";No;No;0,357;Q2;47;115;161;5063;356;161;2,10;44,03;38,15;0;Canada;Northern America;"Growing Science";"2013-2024";"Business and International Management (Q2); Management Information Systems (Q2); Management Science and Operations Research (Q3); Statistics, Probability and Uncertainty (Q3); Strategy and Management (Q3)";"Business, Management and Accounting; Decision Sciences"
851;17500155141;"International Review on Public and Nonprofit Marketing";journal;"18651992, 18651984";"";No;No;0,357;Q3;32;27;72;2155;128;72;1,30;79,81;53,42;3;Germany;Western Europe;"";"2001, 2009-2025";"Economics and Econometrics (Q3); Marketing (Q3)";"Business, Management and Accounting; Economics, Econometrics and Finance"
852;4700151504;"International Journal of Logistics Systems and Management";journal;"17427975, 17427967";"Inderscience Enterprises Ltd";No;No;0,356;Q2;41;74;235;3940;345;234;1,22;53,24;22,60;0;United Kingdom;Western Europe;"Inderscience Enterprises Ltd";"2004-2026";"Management Information Systems (Q2); Information Systems and Management (Q3); Management Science and Operations Research (Q3)";"Business, Management and Accounting; Decision Sciences"
853;21100865909;"Intertax";journal;"18758347, 01652826";"Kluwer Law International";No;No;0,356;Q3;13;95;292;5503;120;245;0,34;57,93;43,64;9;Netherlands;Western Europe;"Kluwer Law International";"2018-2026";"Law (Q2); Accounting (Q3)";"Business, Management and Accounting; Social Sciences"
854;19700188161;"Leisure/ Loisir";journal;"14927713, 21512221";"Routledge";No;No;0,356;Q3;33;24;75;1999;73;72;0,65;83,29;50,00;0;United States;Northern America;"Routledge";"1999-2003, 2005-2026";"Geography, Planning and Development (Q2); Tourism, Leisure and Hospitality Management (Q3)";"Business, Management and Accounting; Social Sciences"
855;21100385811;"Journal of Indian Business Research";journal;"17554195, 17554209";"Emerald Group Publishing Ltd.";No;No;0,355;Q2;35;13;88;1148;149;85;1,48;88,31;37,93;0;United Kingdom;Western Europe;"Emerald Group Publishing Ltd.";"2009-2025";"Business, Management and Accounting (miscellaneous) (Q2)";"Business, Management and Accounting"
856;21100863713;"International Journal of Knowledge and Systems Science";journal;"19478216, 19478208";"IGI Global Publishing";No;No;0,355;Q3;12;21;49;807;82;49;1,63;38,43;43,24;0;United States;Northern America;"IGI Global Publishing";"2017-2026";"Artificial Intelligence (Q3); Information Systems (Q3); Information Systems and Management (Q3); Management of Technology and Innovation (Q3); Organizational Behavior and Human Resource Management (Q3); Strategy and Management (Q3)";"Business, Management and Accounting; Computer Science; Decision Sciences"
857;4000152110;"Advances in Accounting";journal;"10465715, 08826110";"Emerald Publishing";No;No;0,354;Q3;49;25;79;1482;130;78;1,51;59,28;31,67;0;United States;Northern America;"Emerald Publishing";"2000-2003, 2005-2026";"Accounting (Q3); Finance (Q3)";"Business, Management and Accounting; Economics, Econometrics and Finance"
858;20000195008;"International Journal of Technological Learning, Innovation and Development";journal;"17531942, 17531950";"Inderscience Enterprises Ltd";No;No;0,354;Q3;30;16;46;1062;64;46;1,25;66,38;39,02;0;United Kingdom;Western Europe;"Inderscience Enterprises Ltd";"2007-2025";"Computer Science Applications (Q3); Education (Q3); Management of Technology and Innovation (Q3)";"Business, Management and Accounting; Computer Science; Social Sciences"
859;19369;"Human Systems Management";journal;"01672533";"SAGE Publications Ltd";No;No;0,353;Q2;38;69;116;4124;244;116;2,07;59,77;39,76;0;United Kingdom;Western Europe;"SAGE Publications Ltd";"1980-2026";"Business, Management and Accounting (miscellaneous) (Q2)";"Business, Management and Accounting"
860;21100242236;"International Journal of Procurement Management";journal;"17538432, 17538440";"Inderscience";No;No;0,353;Q3;30;38;117;2444;201;117;1,32;64,32;27,84;0;Switzerland;Western Europe;"Inderscience";"2007-2026";"Business, Management and Accounting (miscellaneous) (Q3)";"Business, Management and Accounting"
861;21101057644;"Journal of Corporate Accounting and Finance";journal;"10970053, 10448136";"Wiley-Blackwell";No;No;0,353;Q3;27;49;146;2089;137;114;1,10;42,63;36,84;3;United States;Northern America;"Wiley-Blackwell";"1989-2026";"Economics, Econometrics and Finance (miscellaneous) (Q2); Accounting (Q3)";"Business, Management and Accounting; Economics, Econometrics and Finance"
862;130055;"Public Organization Review";journal;"15667170, 15737098";"Kluwer Academic Publishers";No;No;0,353;Q3;44;45;105;2202;163;104;1,54;48,93;34,02;8;Netherlands;Western Europe;"Kluwer Academic Publishers";"2004-2026";"Law (Q2); Business, Management and Accounting (miscellaneous) (Q3)";"Business, Management and Accounting; Social Sciences"
863;5800173391;"Tourism in Marine Environments";journal;"1544273X";"Cognizant Communication Corporation";No;No;0,352;Q3;28;20;60;945;103;54;1,66;47,25;46,15;0;United States;Northern America;"Cognizant Communication Corporation";"2006-2008, 2010-2025";"Geography, Planning and Development (Q2); Tourism, Leisure and Hospitality Management (Q3)";"Business, Management and Accounting; Social Sciences"
864;5600152813;"Business and Society Review";journal;"00453609, 14678594";"Wiley-Blackwell Publishing Ltd";No;No;0,351;Q2;36;21;70;1803;64;69;0,75;85,86;34,55;1;United Kingdom;Western Europe;"Wiley-Blackwell Publishing Ltd";"2007-2026";"Business and International Management (Q2); Sociology and Political Science (Q2); Industrial Relations (Q3); Strategy and Management (Q3)";"Business, Management and Accounting; Social Sciences"
865;74937;"Autex Research Journal";journal;"23000929, 14709589";"Walter de Gruyter GmbH";Yes;No;0,351;Q3;43;56;156;1682;282;156;1,43;30,04;48,19;2;Poland;Eastern Europe;"Walter de Gruyter GmbH";"1999-2000, 2002-2026";"Industrial and Manufacturing Engineering (Q2); Management of Technology and Innovation (Q3); Materials Science (miscellaneous) (Q3)";"Business, Management and Accounting; Engineering; Materials Science"
866;4700152721;"Journal of Teaching in Travel and Tourism";journal;"15313239, 15313220";"Routledge";No;No;0,351;Q3;37;24;70;1567;121;66;1,59;65,29;51,79;0;United States;Northern America;"Routledge";"2001-2026";"Education (Q3); Tourism, Leisure and Hospitality Management (Q3)";"Business, Management and Accounting; Social Sciences"
867;21100446217;"Journal of International Education in Business";journal;"2046469X, 18363261";"Emerald Group Publishing Ltd.";No;No;0,349;Q3;25;3;66;221;75;66;0,84;73,67;50,00;0;United Kingdom;Western Europe;"Emerald Group Publishing Ltd.";"2008-2026";"Business, Management and Accounting (miscellaneous) (Q3); Education (Q3)";"Business, Management and Accounting; Social Sciences"
868;21100437628;"Foundations of Management";journal;"23005661, 20807279";"Warsaw University of Technology";Yes;No;0,348;Q3;18;18;67;612;110;67;1,05;34,00;30,23;1;Poland;Eastern Europe;"Warsaw University of Technology";"2009-2012, 2015-2025";"Strategy and Management (Q3)";"Business, Management and Accounting"
869;12100154510;"International Journal of Enterprise Information Systems";journal;"15481115, 15481123";"IGI Publishing";No;No;0,348;Q3;32;23;82;1496;178;82;1,96;65,04;27,12;0;United States;Northern America;"IGI Publishing";"2005-2023, 2025-2026";"Computer Science Applications (Q3); Information Systems and Management (Q3); Management Information Systems (Q3)";"Business, Management and Accounting; Computer Science; Decision Sciences"
870;100147348;"Howard Journal of Communications";journal;"10964649, 10646175";"Taylor and Francis Ltd.";No;No;0,346;Q3;44;26;91;1445;113;91;1,27;55,58;60,71;2;United Kingdom;Western Europe;"Taylor and Francis Ltd.";"1988-2026";"Communication (Q2); Strategy and Management (Q3)";"Business, Management and Accounting; Social Sciences"
871;20247;"Journal of Labor Research";journal;"01953613, 19364768";"Springer New York";No;No;0,346;Q3;43;14;56;555;50;56;0,75;39,64;28,57;6;United States;Northern America;"Springer New York";"1980-2026";"Management of Technology and Innovation (Q3); Organizational Behavior and Human Resource Management (Q3); Strategy and Management (Q3)";"Business, Management and Accounting"
872;21100872779;"Management Systems in Production Engineering";journal;"22990461, 24505781";"Sciendo";Yes;No;0,344;Q3;21;40;125;1295;273;125;2,72;32,38;45,83;0;Germany;Western Europe;"Sciendo";"2018-2026";"Industrial and Manufacturing Engineering (Q2); Management Information Systems (Q3); Management of Technology and Innovation (Q3)";"Business, Management and Accounting; Engineering"
873;21100939696;"BMJ Leader";journal;"2398631X";"BMJ Publishing Group";No;No;0,343;Q3;22;72;120;1592;210;95;1,84;22,11;44,67;16;United Kingdom;Western Europe;"BMJ Publishing Group";"2017-2026";"Leadership and Management (Q2); Health Policy (Q3); Strategy and Management (Q3)";"Business, Management and Accounting; Medicine; Nursing"
874;21100457058;"Management and Production Engineering Review";journal;"20821344, 20808208";"Polska Akademia Nauk";Yes;No;0,343;Q3;28;49;138;1715;236;138;1,86;35,00;33,57;0;Poland;Eastern Europe;"Polska Akademia Nauk";"2012-2013, 2015-2025";"Industrial and Manufacturing Engineering (Q2); Business and International Management (Q3); Management of Technology and Innovation (Q3); Management Science and Operations Research (Q3); Organizational Behavior and Human Resource Management (Q3)";"Business, Management and Accounting; Decision Sciences; Engineering"
875;21100399786;"Construction Economics and Building";journal;"22049029";"Australian Institute of Quantity Surveyors";Yes;Yes;0,342;Q3;35;31;67;1756;101;65;1,38;56,65;31,40;0;Australia;Pacific Region;"Australian Institute of Quantity Surveyors";"2015-2025";"Building and Construction (Q3); Business, Management and Accounting (miscellaneous) (Q3)";"Business, Management and Accounting; Engineering"
876;21100975685;"Annals of Financial Economics";journal;"20104952, 20104960";"World Scientific";No;No;0,341;Q3;23;23;62;789;66;61;1,00;34,30;20,37;0;Singapore;Asiatic Region;"World Scientific";"2005-2009, 2011-2026";"Business and International Management (Q3); Economics and Econometrics (Q3); Finance (Q3)";"Business, Management and Accounting; Economics, Econometrics and Finance"
877;17700156749;"Intangible Capital";journal;"20143214, 16979818";"OmniaScience";Yes;No;0,341;Q3;27;9;56;625;88;56;1,00;69,44;45,83;0;Spain;Western Europe;"OmniaScience";"2009-2025";"Accounting (Q3); Business and International Management (Q3); Education (Q3); Management of Technology and Innovation (Q3); Organizational Behavior and Human Resource Management (Q3); Strategy and Management (Q3)";"Business, Management and Accounting; Social Sciences"
878;21100307471;"International Journal of Innovation and Technology Management";journal;"17936950, 02198770";"World Scientific";No;No;0,341;Q3;35;64;187;5461;324;187;1,87;85,33;33,53;0;Singapore;Asiatic Region;"World Scientific";"2004-2026";"Management of Technology and Innovation (Q3)";"Business, Management and Accounting"
879;19700181431;"Journal of Decision Systems";journal;"21167052, 12460125";"Taylor and Francis Ltd.";No;No;0,341;Q3;42;26;110;1537;203;109;1,51;59,12;27,45;0;United Kingdom;Western Europe;"Taylor and Francis Ltd.";"1992-2026";"Library and Information Sciences (Q2); Management Information Systems (Q3); Software (Q3)";"Business, Management and Accounting; Computer Science; Social Sciences"
880;14167;"Journal of Healthcare Management";journal;"19447396, 10969012";"Lippincott Williams and Wilkins";No;No;0,341;Q3;57;67;243;807;164;158;0,72;12,04;46,43;0;United States;Northern America;"Lippincott Williams and Wilkins";"1998-2026";"Leadership and Management (Q2); Health Policy (Q3); Medicine (miscellaneous) (Q3); Strategy and Management (Q3)";"Business, Management and Accounting; Medicine; Nursing"
881;19700174978;"American Journal of Pharmacy Benefits";journal;"21642494, 19454481";"Managed Care and Healthcare Communications";No;No;0,339;Q3;16;0;6;0;3;4;0,00;0,00;0,00;0;United States;Northern America;"Managed Care and Healthcare Communications";"2010-2018";"Pharmacology, Toxicology and Pharmaceutics (miscellaneous) (Q2); Business and International Management (Q3); Decision Sciences (miscellaneous) (Q3)";"Business, Management and Accounting; Decision Sciences; Pharmacology, Toxicology and Pharmaceutics"
882;29386;"Journal of Asia-Pacific Business";journal;"15286940, 10599231";"Routledge";No;No;0,339;Q3;25;19;58;759;70;46;1,05;39,95;42,11;0;United States;Northern America;"Routledge";"1994-2023";"Business and International Management (Q3); Business, Management and Accounting (miscellaneous) (Q3)";"Business, Management and Accounting"
883;21101041707;"Journal of Creating Value";journal;"23949643, 2454213X";"SAGE Publications Inc.";No;No;0,339;Q3;20;22;69;728;87;51;0,98;33,09;35,29;3;United States;Northern America;"SAGE Publications Inc.";"2015-2026";"Business and International Management (Q3); Business, Management and Accounting (miscellaneous) (Q3); Marketing (Q3)";"Business, Management and Accounting"
884;11700154305;"Management and Organizational History";journal;"17449359, 17449367";"Taylor and Francis Ltd.";No;No;0,339;Q3;31;11;66;711;71;54;1,15;64,64;31,58;0;United Kingdom;Western Europe;"Taylor and Francis Ltd.";"2006-2026";"History (Q1); Business and International Management (Q3); Strategy and Management (Q3)";"Arts and Humanities; Business, Management and Accounting"
885;24017;"ZWF Zeitschrift fuer Wirtschaftlichen Fabrikbetrieb";journal;"09470085, 25110896";"Walter de Gruyter GmbH";No;No;0,339;Q3;20;209;628;3013;308;589;0,54;14,42;16,70;1;Germany;Western Europe;"Walter de Gruyter GmbH";"1995-2026";"Engineering (miscellaneous) (Q2); Management Science and Operations Research (Q3); Strategy and Management (Q3)";"Business, Management and Accounting; Decision Sciences; Engineering"
886;21774;"Managerial and Decision Economics";journal;"10991468, 01436570";"John Wiley and Sons Ltd";No;No;0,338;Q3;71;147;289;7665;339;287;1,25;52,14;31,71;13;United Kingdom;Western Europe;"John Wiley and Sons Ltd";"1980-2026";"Business and International Management (Q3); Management of Technology and Innovation (Q3); Management Science and Operations Research (Q3); Strategy and Management (Q3)";"Business, Management and Accounting; Decision Sciences"
887;22363;"Periodica Polytechnica Social and Management Sciences";journal;"14163837, 15873803";"Budapest University of Technology and Economics";Yes;No;0,338;Q3;18;18;54;798;67;54;1,44;44,33;36,11;0;Hungary;Eastern Europe;"Budapest University of Technology and Economics";"1999-2026";"Engineering (miscellaneous) (Q2); Social Sciences (miscellaneous) (Q2); Decision Sciences (miscellaneous) (Q3); Strategy and Management (Q3)";"Business, Management and Accounting; Decision Sciences; Engineering; Social Sciences"
888;21100326278;"Polish Journal of Management Studies";journal;"20817452";"Czestochowa University of Technology";Yes;No;0,338;Q3;38;119;407;5281;866;403;2,00;44,38;48,35;2;Poland;Eastern Europe;"Czestochowa University of Technology";"2010-2025";"Business and International Management (Q3); Organizational Behavior and Human Resource Management (Q3); Strategy and Management (Q3)";"Business, Management and Accounting"
889;19700173246;"Academia Revista Latinoamericana de Administracion";journal;"10128255, 20565127";"Emerald Publishing";No;No;0,337;Q3;26;30;98;2306;145;93;1,17;76,87;33,66;0;United Kingdom;Western Europe;"Emerald Publishing";"2008-2026";"Economics, Econometrics and Finance (miscellaneous) (Q2); Business and International Management (Q3); Education (Q3); Management Science and Operations Research (Q3); Organizational Behavior and Human Resource Management (Q3); Public Administration (Q3); Strategy and Management (Q3)";"Business, Management and Accounting; Decision Sciences; Economics, Econometrics and Finance; Social Sciences"
890;21100899291;"Journal of Financial Reporting and Accounting";journal;"20425856, 19852517";"Emerald Group Publishing Ltd.";No;No;0,337;Q3;42;20;121;1059;194;121;1,38;52,95;37,14;0;United Kingdom;Western Europe;"Emerald Group Publishing Ltd.";"2003, 2007, 2009, 2017-2026";"Economics, Econometrics and Finance (miscellaneous) (Q2); Accounting (Q3); Management Information Systems (Q3)";"Business, Management and Accounting; Economics, Econometrics and Finance"
891;21100394268;"International Journal of Advanced Operations Management";journal;"1758938X, 17589398";"Inderscience Enterprises Ltd";No;No;0,336;Q3;18;21;49;1224;85;48;2,32;58,29;36,67;0;United Kingdom;Western Europe;"Inderscience Enterprises Ltd";"2011, 2014-2025";"Management Science and Operations Research (Q3); Organizational Behavior and Human Resource Management (Q3)";"Business, Management and Accounting; Decision Sciences"
892;21100775078;"Qualitative Research in Financial Markets";journal;"17554187, 17554179";"Emerald Publishing";No;No;0,336;-;40;24;80;1730;157;80;1,70;72,08;38,89;0;United Kingdom;Western Europe;"Emerald Publishing";"2009-2026";"Economics and Econometrics (Q3); Finance (Q3)";"Economics, Econometrics and Finance"
893;21100376830;"African Journal of Economic and Management Studies";journal;"20400713, 20400705";"Emerald Group Publishing Ltd.";No;No;0,334;Q3;34;28;112;1403;188;110;1,44;50,11;21,82;0;United Kingdom;Western Europe;"Emerald Group Publishing Ltd.";"2010-2026";"Economics, Econometrics and Finance (miscellaneous) (Q2); Business, Management and Accounting (miscellaneous) (Q3)";"Business, Management and Accounting; Economics, Econometrics and Finance"
894;17299;"IEEE Potentials";journal;"15581772, 02786648";"Institute of Electrical and Electronics Engineers Inc.";No;No;0,334;Q3;42;54;183;182;154;149;1,00;3,37;28,04;0;United States;Northern America;"Institute of Electrical and Electronics Engineers Inc.";"1984-2026";"Education (Q3); Electrical and Electronic Engineering (Q3); Strategy and Management (Q3)";"Business, Management and Accounting; Engineering; Social Sciences"
895;5700165165;"International Journal of Productivity and Quality Management";journal;"17466474, 17466482";"Inderscience Enterprises Ltd";No;No;0,334;Q3;37;80;234;4666;376;234;1,09;58,33;23,26;0;United Kingdom;Western Europe;"Inderscience Enterprises Ltd";"2006-2026";"Business, Management and Accounting (miscellaneous) (Q3)";"Business, Management and Accounting"
896;21100894851;"International Journal of Supply and Operations Management";journal;"23831359, 23832525";"Kharazmi University";Yes;No;0,334;Q3;16;28;83;1373;125;83;1,13;49,04;25,32;0;Iran;Middle East;"Kharazmi University";"2018-2025";"Civil and Structural Engineering (Q3); Information Systems and Management (Q3); Management Information Systems (Q3); Management Science and Operations Research (Q3); Transportation (Q3)";"Business, Management and Accounting; Decision Sciences; Engineering; Social Sciences"
897;21100788370;"Vision";journal;"09722629, 22495304";"SAGE Publications Ltd";Yes;No;0,334;Q3;34;48;158;1697;211;132;1,31;35,35;35,16;0;United Kingdom;Western Europe;"SAGE Publications Ltd";"2007, 2015-2026";"Business and International Management (Q3); Strategy and Management (Q3)";"Business, Management and Accounting"
898;21100896940;"Intellectual Economics";journal;"18228038, 18228011";"Mykolo Romerio Universitetas";Yes;No;0,333;Q3;14;11;41;373;55;40;1,41;33,91;60,61;0;Lithuania;Eastern Europe;"Mykolo Romerio Universitetas";"2018-2025";"Philosophy (Q1); Economics, Econometrics and Finance (miscellaneous) (Q2); Sociology and Political Science (Q2); Management of Technology and Innovation (Q3); Organizational Behavior and Human Resource Management (Q3)";"Arts and Humanities; Business, Management and Accounting; Economics, Econometrics and Finance; Social Sciences"
899;14757;"International Journal of Health Care Quality Assurance";journal;"09526862";"Emerald Publishing";No;No;0,333;Q3;62;9;227;333;361;223;1,39;37,00;58,54;0;United Kingdom;Western Europe;"Emerald Publishing";"1988-2026";"Business, Management and Accounting (miscellaneous) (Q3); Health Policy (Q3)";"Business, Management and Accounting; Medicine"
900;12900154727;"Journal of Industrial and Management Optimization";journal;"15475816, 1553166X";"American Institute of Mathematical Sciences";Yes;No;0,333;Q3;46;177;323;5985;412;323;1,17;33,81;35,33;1;United States;Northern America;"American Institute of Mathematical Sciences";"2007-2025";"Applied Mathematics (Q3); Business and International Management (Q3); Control and Optimization (Q3); Strategy and Management (Q3)";"Business, Management and Accounting; Mathematics"
901;21100899617;"Canadian Journal of Learning and Technology";journal;"14996685";"Canadian Network for Innovation in Education";Yes;Yes;0,332;Q3;14;27;46;1077;43;43;1,00;39,89;54,93;1;Canada;Northern America;"Canadian Network for Innovation in Education";"2018-2025";"Computer Science Applications (Q3); Education (Q3); Management of Technology and Innovation (Q3)";"Business, Management and Accounting; Computer Science; Social Sciences"
902;21100869224;"International Journal of Mathematical, Engineering and Management Sciences";journal;"24557749";"";Yes;No;0,332;Q3;28;102;268;3515;482;267;1,87;34,46;29,36;0;India;Asiatic Region;"";"2016-2026";"Engineering (miscellaneous) (Q2); Business, Management and Accounting (miscellaneous) (Q3); Computer Science (miscellaneous) (Q3); Mathematics (miscellaneous) (Q3)";"Business, Management and Accounting; Computer Science; Engineering; Mathematics"
903;5600153488;"Rural Society";journal;"10371656";"Routledge";Yes;No;0,332;Q3;33;10;46;533;88;44;1,52;53,30;38,10;0;United Kingdom;Western Europe;"Routledge";"1991-2026";"Tourism, Leisure and Hospitality Management (Q3)";"Business, Management and Accounting"
904;21100286463;"Geojournal of Tourism and Geosites";journal;"20651198, 20650817";"Editura Universitatii din Oradea";Yes;No;0,332;-;32;199;335;9779;738;335;2,34;49,14;45,69;0;Romania;Eastern Europe;"Editura Universitatii din Oradea";"2013-2026";"Geography, Planning and Development (Q2); Earth and Planetary Sciences (miscellaneous) (Q3)";"Earth and Planetary Sciences; Social Sciences"
905;17700155302;"International Journal of Business Excellence";journal;"17560055, 17560047";"Inderscience Enterprises Ltd";No;No;0,330;Q3;32;79;248;5664;313;248;1,04;71,70;32,56;0;United Kingdom;Western Europe;"Inderscience Enterprises Ltd";"2008-2026";"Business and International Management (Q3); Strategy and Management (Q3)";"Business, Management and Accounting"
906;4700152296;"Journal of Teaching in International Business";journal;"08975930, 15286991";"Routledge";No;No;0,329;Q3;30;15;59;641;81;47;1,15;42,73;51,28;0;United States;Northern America;"Routledge";"1989-2025";"Business, Management and Accounting (miscellaneous) (Q3); Education (Q3)";"Business, Management and Accounting; Social Sciences"
907;21100200613;"Creative Industries Journal";journal;"17510708, 17510694";"Taylor and Francis Ltd.";No;No;0,328;Q3;20;17;64;733;64;55;0,73;43,12;51,61;2;United Kingdom;Western Europe;"Taylor and Francis Ltd.";"2011-2026";"Cultural Studies (Q1); Visual Arts and Performing Arts (Q1); Communication (Q2); Management of Technology and Innovation (Q3); Strategy and Management (Q3)";"Arts and Humanities; Business, Management and Accounting; Social Sciences"
908;21100872764;"International Journal of Sustainable Agricultural Management and Informatics";journal;"20545827, 20545819";"Inderscience Enterprises Ltd";No;No;0,328;Q3;16;21;68;790;78;64;1,09;37,62;38,57;0;United Kingdom;Western Europe;"Inderscience Enterprises Ltd";"2015-2026";"Agricultural and Biological Sciences (miscellaneous) (Q2); Business, Management and Accounting (miscellaneous) (Q3); Economics and Econometrics (Q3)";"Agricultural and Biological Sciences; Business, Management and Accounting; Economics, Econometrics and Finance"
909;21100775627;"IZA Journal of Labor Policy";journal;"21939004";"Laborwide";Yes;No;0,328;Q3;29;7;44;409;60;44;1,13;58,43;0,00;3;Germany;Western Europe;"Laborwide";"2012-2024";"Economics and Econometrics (Q3); Industrial Relations (Q3); Organizational Behavior and Human Resource Management (Q3)";"Business, Management and Accounting; Economics, Econometrics and Finance"
910;21101045042;"FIIB Business Review";journal;"24552658, 23197145";"Sage Publications India Pvt. Ltd";No;No;0,327;Q3;28;49;98;2968;183;86;2,09;60,57;31,13;4;India;Asiatic Region;"Sage Publications India Pvt. Ltd";"2011-2026";"Business and International Management (Q3); Business, Management and Accounting (miscellaneous) (Q3); Organizational Behavior and Human Resource Management (Q3); Strategy and Management (Q3)";"Business, Management and Accounting"
911;19700175212;"Revista Espanola de Financiacion y Contabilidad";journal;"02102412, 23320753";"Taylor and Francis Ltd.";No;No;0,327;Q3;27;20;63;1084;71;63;1,21;54,20;25,64;0;United Kingdom;Western Europe;"Taylor and Francis Ltd.";"1996-2026";"Accounting (Q3); Economics and Econometrics (Q3); Finance (Q3)";"Business, Management and Accounting; Economics, Econometrics and Finance"
912;4700152833;"Journal of Convention and Event Tourism";journal;"15470148, 15470156";"Routledge";No;No;0,326;Q3;40;14;76;824;91;72;1,02;58,86;53,13;0;United States;Northern America;"Routledge";"2005-2026";"Tourism, Leisure and Hospitality Management (Q3)";"Business, Management and Accounting"
913;145250;"Industrial and Commercial Training";journal;"00197858";"Emerald Group Publishing Ltd.";No;No;0,325;Q3;48;37;81;2608;143;80;1,57;70,49;50,00;0;United Kingdom;Western Europe;"Emerald Group Publishing Ltd.";"1969-2026";"Business, Management and Accounting (miscellaneous) (Q3); Education (Q3); Organizational Behavior and Human Resource Management (Q3)";"Business, Management and Accounting; Social Sciences"
914;21100299413;"Journal of Cultural Heritage Management and Sustainable Development";journal;"20441274, 20441266";"Emerald Group Publishing Ltd.";No;No;0,325;Q3;31;30;105;1356;174;102;1,56;45,20;55,38;0;United Kingdom;Western Europe;"Emerald Group Publishing Ltd.";"2011-2026";"Conservation (Q1); Geography, Planning and Development (Q2); Urban Studies (Q2); Business, Management and Accounting (miscellaneous) (Q3)";"Arts and Humanities; Business, Management and Accounting; Social Sciences"
915;21100843497;"Accounting, Economics and Law: A Convivium";journal;"21522820";"Walter de Gruyter GmbH";Yes;No;0,324;Q3;23;17;54;948;43;54;1,00;55,76;41,18;2;Germany;Western Europe;"Walter de Gruyter GmbH";"2011-2026";"Economics, Econometrics and Finance (miscellaneous) (Q2); Law (Q2); Accounting (Q3)";"Business, Management and Accounting; Economics, Econometrics and Finance; Social Sciences"
916;21100871796;"Central European Business Review";journal;"18054854, 18054862";"";Yes;No;0,324;Q3;18;28;60;1291;101;60;1,80;46,11;58,00;1;Czech Republic;Eastern Europe;"";"2017-2025";"Business and International Management (Q3); Management of Technology and Innovation (Q3); Strategy and Management (Q3)";"Business, Management and Accounting"
917;21100896466;"International Journal of Service Science, Management, Engineering, and Technology";journal;"19479603, 1947959X";"IGI Global Publishing";No;No;0,324;Q3;22;60;72;3740;315;72;3,58;62,33;32,26;0;United States;Northern America;"IGI Global Publishing";"2012, 2014-2015, 2017-2026";"Engineering (miscellaneous) (Q2); Multidisciplinary (Q2); Business, Management and Accounting (miscellaneous) (Q3); Computer Science (miscellaneous) (Q3)";"Business, Management and Accounting; Computer Science; Engineering; Multidisciplinary"
918;20750;"European Journal of Law and Economics";journal;"09291261, 15729990";"Springer Netherlands";No;No;0,323;Q3;42;34;118;1680;115;112;1,13;49,41;24,14;13;Netherlands;Western Europe;"Springer Netherlands";"1994-2026";"Law (Q2); Business and International Management (Q3); Economics and Econometrics (Q3)";"Business, Management and Accounting; Economics, Econometrics and Finance; Social Sciences"
919;21100940690;"Cultural Management: Science and Education";journal;"25126962";"Logos Verlag Berlin GmbH";No;No;0,322;Q3;8;18;33;638;27;29;0,82;35,44;61,29;0;Germany;Western Europe;"Logos Verlag Berlin GmbH";"2019-2025";"Arts and Humanities (miscellaneous) (Q2); Business and International Management (Q3); Education (Q3); Strategy and Management (Q3)";"Arts and Humanities; Business, Management and Accounting; Social Sciences"
920;21100241711;"Indian Journal of Marketing";journal;"09738703";"Associated Management Consultants Pvt. Ltd.";No;No;0,321;Q3;19;35;131;1528;165;130;1,02;43,66;43,48;0;India;Asiatic Region;"Associated Management Consultants Pvt. Ltd.";"2009-2026";"Marketing (Q3)";"Business, Management and Accounting"
921;19700166619;"Journal of Neuroscience, Psychology, and Economics";journal;"1937321X, 2151318X";"American Psychological Association";No;No;0,321;Q3;33;15;44;1002;66;44;1,19;66,80;31,37;0;United States;Northern America;"American Psychological Association";"2008-2025";"Economics, Econometrics and Finance (miscellaneous) (Q2); Applied Psychology (Q3); Business, Management and Accounting (miscellaneous) (Q3); Behavioral Neuroscience (Q4); Cognitive Neuroscience (Q4); Experimental and Cognitive Psychology (Q4); Neuropsychology and Physiological Psychology (Q4)";"Business, Management and Accounting; Economics, Econometrics and Finance; Neuroscience; Psychology"
922;21100867420;"Pakistan Journal of Commerce and Social Sciences";journal;"19978553, 23098619";"Johar Education Society Pakistan";Yes;Yes;0,321;Q3;27;32;139;2310;312;139;2,31;72,19;30,38;0;Pakistan;Asiatic Region;"Johar Education Society Pakistan";"2018-2025";"Business, Management and Accounting (miscellaneous) (Q3); Economics and Econometrics (Q3); Finance (Q3)";"Business, Management and Accounting; Economics, Econometrics and Finance"
923;5100155098;"Tourism, Culture and Communication";journal;"1098304X";"Cognizant Communication Corporation";No;No;0,321;Q3;24;22;68;1520;74;67;0,83;69,09;40,00;0;United States;Northern America;"Cognizant Communication Corporation";"2006-2025";"Cultural Studies (Q1); Communication (Q2); Geography, Planning and Development (Q2); Tourism, Leisure and Hospitality Management (Q3)";"Business, Management and Accounting; Social Sciences"
924;11200153572;"International Journal of Business Innovation and Research";journal;"17510252, 17510260";"Inderscience Enterprises Ltd";Yes;No;0,320;Q3;31;80;269;5075;338;269;1,04;63,44;37,14;0;United Kingdom;Western Europe;"Inderscience Enterprises Ltd";"2006-2026";"Business and International Management (Q3); Management of Technology and Innovation (Q3)";"Business, Management and Accounting"
925;21100397309;"Journal of Chinese Economic and Foreign Trade Studies";journal;"17544416, 17544408";"Emerald Publishing";No;No;0,320;Q3;21;18;26;1017;34;26;1,18;56,50;37,78;0;United Kingdom;Western Europe;"Emerald Publishing";"2010-2026";"Economics, Econometrics and Finance (miscellaneous) (Q2); Business and International Management (Q3); Organizational Behavior and Human Resource Management (Q3)";"Business, Management and Accounting; Economics, Econometrics and Finance"
926;21100812137;"New Space";journal;"21680264, 21680256";"Mary Ann Liebert Inc.";No;No;0,320;Q3;20;28;91;887;86;76;0,93;31,68;33,33;5;United States;Northern America;"Mary Ann Liebert Inc.";"2013-2026";"Aerospace Engineering (Q3); Astronomy and Astrophysics (Q3); Energy Engineering and Power Technology (Q3); Safety, Risk, Reliability and Quality (Q3); Tourism, Leisure and Hospitality Management (Q3)";"Business, Management and Accounting; Energy; Engineering; Physics and Astronomy"
927;3300147704;"Services Marketing Quarterly";journal;"15332977, 15332969";"Taylor and Francis Ltd.";No;No;0,320;Q3;40;14;60;729;91;60;1,34;52,07;45,71;0;United Kingdom;Western Europe;"Taylor and Francis Ltd.";"2001-2026";"Business, Management and Accounting (miscellaneous) (Q3)";"Business, Management and Accounting"
928;4800152317;"Financial Markets and Portfolio Management";journal;"19344554, 23738529";"Springer New York";No;No;0,319;Q3;31;17;47;763;63;47;1,81;44,88;15,63;3;United States;Northern America;"Springer New York";"2006-2026";"Accounting (Q3); Finance (Q3)";"Business, Management and Accounting; Economics, Econometrics and Finance"
929;21100898012;"SA Journal of Human Resource Management";journal;"2071078X, 16837584";"AOSIS (Pty) Ltd";Yes;No;0,319;Q3;23;64;133;3938;222;133;1,49;61,53;50,00;1;South Africa;Africa;"AOSIS (Pty) Ltd";"2018-2026";"Demography (Q2); Organizational Behavior and Human Resource Management (Q3)";"Business, Management and Accounting; Social Sciences"
930;21100907391;"Australian Journal of Career Development";journal;"22006974, 10384162";"SAGE Publications Ltd";No;No;0,318;Q3;24;22;61;1253;72;61;1,16;56,95;54,10;0;United Kingdom;Western Europe;"SAGE Publications Ltd";"2012-2025";"Education (Q3); Organizational Behavior and Human Resource Management (Q3)";"Business, Management and Accounting; Social Sciences"
931;21100464627;"Entrepreneurship Research Journal";journal;"21575665, 21946175";"Walter de Gruyter GmbH";No;No;0,318;Q3;33;25;51;1874;92;50;1,74;74,96;32,20;0;Germany;Western Europe;"Walter de Gruyter GmbH";"2011-2012, 2014-2026";"Business and International Management (Q3); Management of Technology and Innovation (Q3); Strategy and Management (Q3)";"Business, Management and Accounting"
932;12100154806;"International Journal of e-Business Research";journal;"1548114X, 15481131";"IGI Publishing";No;No;0,318;Q3;34;20;65;1233;107;65;1,22;61,65;28,57;0;United States;Northern America;"IGI Publishing";"2005-2025";"Computer Science Applications (Q3); Management Information Systems (Q3)";"Business, Management and Accounting; Computer Science"
933;4000148902;"International Journal of Services and Operations Management";journal;"17442370, 17442389";"Inderscience Enterprises Ltd";No;No;0,318;Q3;38;81;234;4918;267;233;0,83;60,72;29,95;0;United Kingdom;Western Europe;"Inderscience Enterprises Ltd";"2005-2026";"Industrial and Manufacturing Engineering (Q3); Management of Technology and Innovation (Q3); Management Science and Operations Research (Q3)";"Business, Management and Accounting; Decision Sciences; Engineering"
934;21100889417;"Advances in Hospitality and Tourism Research";journal;"21479100";"Akdeniz University Publishing House";Yes;No;0,317;Q3;15;20;36;1538;54;36;1,12;76,90;34,78;1;Turkey;Middle East;"Akdeniz University Publishing House";"2018-2025";"Development (Q3); Tourism, Leisure and Hospitality Management (Q3)";"Business, Management and Accounting; Social Sciences"
935;28852;"Nursing Management";journal;"15388670, 07446314";"Lippincott Williams and Wilkins";No;No;0,317;-;30;137;427;1173;293;332;0,65;8,56;80,33;0;United States;Northern America;"Lippincott Williams and Wilkins";"1970-2026";"Leadership and Management (Q3)";"Nursing"
936;12755;"International Journal of Clothing Science and Technology";journal;"09556222, 17585953";"Emerald Group Publishing Ltd.";No;No;0,316;Q3;48;47;219;1141;249;218;1,06;24,28;57,48;0;United Kingdom;Western Europe;"Emerald Group Publishing Ltd.";"1989-2026";"Business, Management and Accounting (miscellaneous) (Q3); Materials Science (miscellaneous) (Q3); Polymers and Plastics (Q3)";"Business, Management and Accounting; Materials Science"
937;21100857397;"International Journal of E-Services and Mobile Applications";journal;"1941627X, 19416288";"IGI Global Publishing";No;No;0,316;Q3;17;22;58;1113;95;58;1,58;50,59;53,66;0;United States;Northern America;"IGI Global Publishing";"2017-2025";"Computer Networks and Communications (Q3); Computer Science Applications (Q3); Management Information Systems (Q3); Marketing (Q3); Strategy and Management (Q3)";"Business, Management and Accounting; Computer Science"
938;21100777369;"Managerial Finance";journal;"03074358, 17587743";"Emerald Publishing";No;No;0,316;Q3;56;75;298;3683;381;288;1,22;49,11;30,46;0;United Kingdom;Western Europe;"Emerald Publishing";"1996-2026";"Business, Management and Accounting (miscellaneous) (Q3); Finance (Q3); Strategy and Management (Q3)";"Business, Management and Accounting; Economics, Econometrics and Finance"
939;144667;"Property Management";journal;"02637472";"Emerald Publishing";No;No;0,316;Q3;37;36;122;1929;142;119;1,20;53,58;24,44;0;United Kingdom;Western Europe;"Emerald Publishing";"1983-2026";"Business, Management and Accounting (miscellaneous) (Q3); Finance (Q3); Tourism, Leisure and Hospitality Management (Q3)";"Business, Management and Accounting; Economics, Econometrics and Finance"
940;21101045277;"LOGI - Scientific Journal on Transport and Logistics";journal;"23363037";"";Yes;No;0,315;Q3;10;24;41;534;56;41;1,37;22,25;20,31;1;Poland;Eastern Europe;"";"2019-2026";"Automotive Engineering (Q2); Business and International Management (Q3); Civil and Structural Engineering (Q3); Management of Technology and Innovation (Q3); Management Science and Operations Research (Q3); Transportation (Q3)";"Business, Management and Accounting; Decision Sciences; Engineering; Social Sciences"
941;19900191851;"South East European Journal of Economics and Business";journal;"1840118X";"School of Economics and Business in Sarajevo";Yes;No;0,315;Q3;21;20;54;1118;68;54;1,08;55,90;65,96;2;Bosnia and Herzegovina;Eastern Europe;"School of Economics and Business in Sarajevo";"2007-2025";"Economics, Econometrics and Finance (miscellaneous) (Q2); Business, Management and Accounting (miscellaneous) (Q3)";"Business, Management and Accounting; Economics, Econometrics and Finance"
942;21100448929;"Nankai Business Review International";journal;"20408757, 20408749";"Emerald Group Publishing Ltd.";No;No;0,313;Q3;27;20;95;1270;99;93;0,97;63,50;52,83;0;United Kingdom;Western Europe;"Emerald Group Publishing Ltd.";"2010-2026";"Business and International Management (Q3); Strategy and Management (Q3)";"Business, Management and Accounting"
943;5400152710;"E a M: Ekonomie a Management";journal;"23365064, 12123609";"Technical University of Liberec";Yes;No;0,312;Q3;31;51;168;2841;261;168;1,36;55,71;42,18;0;Czech Republic;Eastern Europe;"Technical University of Liberec";"2007-2025";"Economics, Econometrics and Finance (miscellaneous) (Q2); Business and International Management (Q3); Strategy and Management (Q3)";"Business, Management and Accounting; Economics, Econometrics and Finance"
944;4700152763;"Public Services Quarterly";journal;"15229114, 15228959";"Routledge";No;No;0,312;Q3;21;31;78;322;61;71;0,84;10,39;80,95;0;United States;Northern America;"Routledge";"2002-2003, 2006-2026";"Library and Information Sciences (Q2); Accounting (Q3); Public Administration (Q3)";"Business, Management and Accounting; Social Sciences"
945;100237;"Tekstilec";trade journal;"03513386, 23503696";"University of Ljubljana Press";Yes;Yes;0,312;Q3;17;28;84;906;102;84;1,05;32,36;48,86;0;Slovenia;Eastern Europe;"University of Ljubljana Press";"1989-2025";"Business and International Management (Q3); Business, Management and Accounting (miscellaneous) (Q3); Industrial and Manufacturing Engineering (Q3); Polymers and Plastics (Q3)";"Business, Management and Accounting; Engineering; Materials Science"
946;18000156701;"International Journal of Pharmaceutical and Healthcare Marketing";journal;"17506123";"Emerald Group Publishing Ltd.";No;No;0,311;Q3;33;28;94;1786;138;93;1,38;63,79;37,10;0;United Kingdom;Western Europe;"Emerald Group Publishing Ltd.";"2007-2026";"Health Policy (Q3); Marketing (Q3)";"Business, Management and Accounting; Medicine"
947;21100417501;"Prabandhan: Indian Journal of Management";journal;"09752854";"Associated Management Consultants Pvt. Ltd.";No;No;0,311;Q3;19;33;123;1371;144;123;1,53;41,55;51,52;1;India;Asiatic Region;"Associated Management Consultants Pvt. Ltd.";"2010-2025";"Business, Management and Accounting (miscellaneous) (Q3)";"Business, Management and Accounting"
948;14000156207;"Accounting Perspectives";journal;"19113838, 1911382X";"John Wiley and Sons Inc";No;No;0,310;Q3;28;27;53;1647;52;53;0,71;61,00;39,29;0;Canada;Northern America;"John Wiley and Sons Inc";"2007-2026";"Accounting (Q3); Finance (Q3)";"Business, Management and Accounting; Economics, Econometrics and Finance"
949;19900191745;"Indian Growth and Development Review";journal;"17538254, 17538262";"Emerald Group Publishing Ltd.";No;No;0,310;Q3;19;15;54;829;43;51;0,78;55,27;37,04;0;United Kingdom;Western Europe;"Emerald Group Publishing Ltd.";"2008-2026";"Business and International Management (Q3); Economics and Econometrics (Q3); Geography, Planning and Development (Q3)";"Business, Management and Accounting; Economics, Econometrics and Finance; Social Sciences"
950;21100836589;"International Journal of Business Environment";journal;"17400589, 17400597";"Inderscience Enterprises Ltd";No;No;0,310;Q3;13;20;48;1295;63;48;1,18;64,75;33,33;0;United Kingdom;Western Europe;"Inderscience Enterprises Ltd";"2017-2026";"Business and International Management (Q3); Management of Technology and Innovation (Q3); Management Science and Operations Research (Q3); Strategy and Management (Q3)";"Business, Management and Accounting; Decision Sciences"
951;21100913325;"Logforum";journal;"1734459X, 18952038";"Poznan School of Logistics";Yes;No;0,310;Q3;20;40;86;1579;150;86;1,74;39,48;43,01;0;Poland;Eastern Europe;"Poznan School of Logistics";"2019-2026";"Information Systems and Management (Q3); Management Information Systems (Q3); Management Science and Operations Research (Q3)";"Business, Management and Accounting; Decision Sciences"
952;5800169158;"Public Works Management and Policy";journal;"1087724X, 15527549";"SAGE Publications Inc.";No;No;0,308;Q3;33;28;68;794;59;54;0,69;28,36;18,75;0;United States;Northern America;"SAGE Publications Inc.";"1996-2026";"Sociology and Political Science (Q2); Business, Management and Accounting (miscellaneous) (Q3); Public Administration (Q3)";"Business, Management and Accounting; Social Sciences"
953;4700152436;"International Journal of Human Resources Development and Management";journal;"14656612, 17415160";"Inderscience Enterprises Ltd";No;No;0,307;Q3;22;20;55;924;53;54;0,97;46,20;65,12;0;United Kingdom;Western Europe;"Inderscience Enterprises Ltd";"2000-2025";"Organizational Behavior and Human Resource Management (Q3)";"Business, Management and Accounting"
954;30019;"Journal of Organizational Behavior Management";journal;"01608061, 15408604";"Routledge";No;No;0,306;Q3;41;21;62;647;129;45;1,71;30,81;45,83;0;United States;Northern America;"Routledge";"1977-1978, 1980-1985, 1987-1991, 1993-2026";"Applied Psychology (Q3); Management of Technology and Innovation (Q3); Strategy and Management (Q3)";"Business, Management and Accounting; Psychology"
955;19700190348;"Coaching";journal;"17521890, 17521882";"Routledge";No;No;0,305;Q3;27;14;41;599;57;36;1,43;42,79;60,87;0;United States;Northern America;"Routledge";"2010-2026";"Developmental and Educational Psychology (Q3); Organizational Behavior and Human Resource Management (Q3); Social Psychology (Q3)";"Business, Management and Accounting; Psychology"
956;21100312008;"Journal of Financial Management of Property and Construction";journal;"17598443, 13664387";"Emerald Group Publishing Ltd.";No;No;0,303;Q3;35;8;79;576;110;75;1,42;72,00;9,52;0;United Kingdom;Western Europe;"Emerald Group Publishing Ltd.";"2005-2026";"Accounting (Q3); Business and International Management (Q3); Economics and Econometrics (Q3); Finance (Q3)";"Business, Management and Accounting; Economics, Econometrics and Finance"
957;5600152903;"Labor Studies Journal";journal;"0160449X, 15389758";"SAGE Publications Inc.";No;No;0,303;Q3;30;14;56;721;54;51;1,03;51,50;41,67;1;United States;Northern America;"SAGE Publications Inc.";"1996-2026";"Arts and Humanities (miscellaneous) (Q2); Sociology and Political Science (Q2); Industrial Relations (Q3)";"Arts and Humanities; Business, Management and Accounting; Social Sciences"
958;17500155101;"Lecture Notes in Business Information Processing";book series;"18651356, 18651348";"Springer Science and Business Media Deutschland GmbH";No;No;0,303;Q3;69;567;2245;13707;2058;1995;0,93;24,17;31,05;4;Germany;Western Europe;"Springer Science and Business Media Deutschland GmbH";"2008-2026";"Business and International Management (Q3); Control and Systems Engineering (Q3); Information Systems (Q3); Information Systems and Management (Q3); Management Information Systems (Q3); Modeling and Simulation (Q3)";"Business, Management and Accounting; Computer Science; Decision Sciences; Engineering; Mathematics"
959;5600155528;"International Journal of Organization Theory and Behavior";journal;"15324273, 10934537";"Emerald Publishing";No;No;0,302;Q3;17;19;64;1262;71;63;1,10;66,42;37,14;0;United Kingdom;Western Europe;"Emerald Publishing";"2012-2026";"Applied Psychology (Q3); Organizational Behavior and Human Resource Management (Q3); Public Administration (Q3)";"Business, Management and Accounting; Psychology; Social Sciences"
960;21100886220;"Journal for International Business and Entrepreneurship Development";journal;"17476763, 15499324";"Inderscience Enterprises Ltd";No;No;0,302;Q3;16;17;39;1285;55;39;0,94;75,59;33,33;0;Switzerland;Western Europe;"Inderscience Enterprises Ltd";"2018-2025";"Political Science and International Relations (Q2); Business, Management and Accounting (miscellaneous) (Q3); Development (Q3)";"Business, Management and Accounting; Social Sciences"
961;24681;"American Business Law Journal";journal;"17441714, 00027766";"John Wiley and Sons Inc";No;No;0,301;Q3;32;16;49;0;63;49;1,17;0,00;47,83;1;United Kingdom;Western Europe;"John Wiley and Sons Inc";"1963-2026";"Law (Q2); Business and International Management (Q3)";"Business, Management and Accounting; Social Sciences"
962;16300154746;"International Journal of Cross Cultural Management";journal;"14705958, 17412838";"SAGE Publications Ltd";No;No;0,300;Q3;59;29;57;2202;79;48;1,39;75,93;48,33;1;United Kingdom;Western Europe;"SAGE Publications Ltd";"2001-2026";"Cultural Studies (Q1); Arts and Humanities (miscellaneous) (Q2); Business and International Management (Q3); Organizational Behavior and Human Resource Management (Q3)";"Arts and Humanities; Business, Management and Accounting; Social Sciences"
963;14500154708;"Statistical Journal of the IAOS";journal;"18747655";"SAGE Publications Ltd";No;No;0,297;Q3;25;113;279;3011;161;236;0,67;26,65;36,25;0;United Kingdom;Western Europe;"SAGE Publications Ltd";"2007-2009, 2011-2026";"Economics and Econometrics (Q3); Management Information Systems (Q3); Statistics, Probability and Uncertainty (Q3)";"Business, Management and Accounting; Decision Sciences; Economics, Econometrics and Finance"
964;21101041947;"Triple Helix";journal;"21971927";"Brill Academic Publishers";Yes;No;0,297;Q3;19;17;27;1076;66;26;2,15;63,29;48,39;1;Netherlands;Western Europe;"Brill Academic Publishers";"2014-2026";"Economics, Econometrics and Finance (miscellaneous) (Q2); Business, Management and Accounting (miscellaneous) (Q3); Education (Q3); Management of Technology and Innovation (Q3)";"Business, Management and Accounting; Economics, Econometrics and Finance; Social Sciences"
965;7900153109;"Production";journal;"19805411, 01036513";"Associacao Brasileira de Engenharia de Producao";Yes;Yes;0,296;-;28;36;94;1864;143;94;1,04;51,78;32,61;1;Brazil;Latin America;"Associacao Brasileira de Engenharia de Producao";"2007-2026";"Industrial and Manufacturing Engineering (Q3)";"Engineering"
966;19700177546;"Industria";journal;"19738137, 00197416";"Societa Editrice Il Mulino";No;No;0,295;Q3;13;26;78;2022;65;78;0,94;77,77;51,85;2;Italy;Western Europe;"Societa Editrice Il Mulino";"2010-2025";"Economics, Econometrics and Finance (miscellaneous) (Q2); Business and International Management (Q3); Management of Technology and Innovation (Q3); Strategy and Management (Q3)";"Business, Management and Accounting; Economics, Econometrics and Finance"
967;4400151407;"International Journal of Business Governance and Ethics";journal;"1741802X, 14779048";"Inderscience Enterprises Ltd";No;No;0,295;Q3;23;23;41;1726;46;40;1,19;75,04;41,27;0;United Kingdom;Western Europe;"Inderscience Enterprises Ltd";"2004-2026";"Business and International Management (Q3); Organizational Behavior and Human Resource Management (Q3); Strategy and Management (Q3)";"Business, Management and Accounting"
968;21100788210;"International Journal of Nonprofit and Voluntary Sector Marketing";journal;"1479103X, 14654520";"John Wiley and Sons Ltd";No;No;0,295;Q3;0;0;0;0;0;0;0,00;0,00;0,00;0;United Kingdom;Western Europe;"John Wiley and Sons Ltd";"2006, 2012, 2014-2020";"Economics and Econometrics (Q3); Marketing (Q3); Strategy and Management (Q3)";"Business, Management and Accounting; Economics, Econometrics and Finance"
969;21100446524;"Journal of Entrepreneurship and Public Policy";journal;"20452101, 2045211X";"Emerald Group Publishing Ltd.";No;No;0,295;Q3;25;24;83;1595;92;80;1,36;66,46;34,69;0;United Kingdom;Western Europe;"Emerald Group Publishing Ltd.";"2012-2026";"Urban Studies (Q2); Business and International Management (Q3); Strategy and Management (Q3)";"Business, Management and Accounting; Social Sciences"
970;21100887416;"Marketing, Zeitschrift fur Forschung und Praxis";journal;"03441369";"C.H.BECK";No;No;0,295;Q3;8;20;46;1336;31;36;0,58;66,80;37,21;1;Germany;Western Europe;"C.H.BECK";"2018-2023";"Marketing (Q3); Social Psychology (Q3)";"Business, Management and Accounting; Psychology"
971;19700201168;"Action Learning: Research and Practice";journal;"14767341, 14767333";"Taylor and Francis Ltd.";No;No;0,294;Q3;16;27;89;570;65;66;0,61;21,11;63,64;1;United Kingdom;Western Europe;"Taylor and Francis Ltd.";"2010-2026";"Business, Management and Accounting (miscellaneous) (Q3); Education (Q3)";"Business, Management and Accounting; Social Sciences"
972;21100886429;"Enlightening Tourism";journal;"2174548X";"Universidad de Huelva";Yes;Yes;0,294;Q3;11;18;26;1483;32;25;1,10;82,39;36,54;0;Spain;Western Europe;"Universidad de Huelva";"2018-2025";"Tourism, Leisure and Hospitality Management (Q3)";"Business, Management and Accounting"
973;26542;"Fuel Cells Bulletin (discontinued)";journal;"14642859";"MA Healthcare Ltd";Yes;No;0,294;Q3;27;5;8;91;18;8;4,50;18,20;0,00;0;United Kingdom;Western Europe;"MA Healthcare Ltd";"1998-2024";"Energy Engineering and Power Technology (Q3); Renewable Energy, Sustainability and the Environment (Q3); Strategy and Management (Q3)";"Business, Management and Accounting; Energy"
974;21100874338;"Journal of Public and Nonprofit Affairs";journal;"23813717";"Midwest Public Affairs Conference";Yes;Yes;0,294;Q3;15;34;61;2041;28;49;0,53;60,03;63,79;1;United States;Northern America;"Midwest Public Affairs Conference";"2015-2025";"Economics, Econometrics and Finance (miscellaneous) (Q2); Sociology and Political Science (Q2); Business and International Management (Q3); Organizational Behavior and Human Resource Management (Q3); Public Administration (Q3)";"Business, Management and Accounting; Economics, Econometrics and Finance; Social Sciences"
975;21100865028;"Business Perspectives and Research";journal;"22785337, 23949937";"SAGE Publications Ltd";No;No;0,293;Q3;25;29;52;1711;66;45;1,29;59,00;46,67;1;United Kingdom;Western Europe;"SAGE Publications Ltd";"2012-2026";"Business and International Management (Q3); Strategy and Management (Q3)";"Business, Management and Accounting"
976;15972;"Industria Textila";journal;"12225347";"Institute National Cercetare-Dezvoltare Textiles Pielarie";No;No;0,293;Q3;22;103;262;2612;248;262;0,85;25,36;44,97;0;Romania;Eastern Europe;"Institute National Cercetare-Dezvoltare Textiles Pielarie";"1994-2025";"Business, Management and Accounting (miscellaneous) (Q3); Environmental Science (miscellaneous) (Q3); Materials Science (miscellaneous) (Q3); Polymers and Plastics (Q3)";"Business, Management and Accounting; Environmental Science; Materials Science"
977;130090;"Journal of Electronic Commerce in Organizations";journal;"15392937, 15392929";"IGI Global";No;No;0,293;Q3;31;20;69;1391;85;69;1,24;69,55;40,74;0;United States;Northern America;"IGI Global";"2003-2026";"Computer Networks and Communications (Q3); Computer Science Applications (Q3); Marketing (Q3); Strategy and Management (Q3)";"Business, Management and Accounting; Computer Science"
978;21101055962;"Journal of Park and Recreation Administration";journal;"21606862, 07351968";"Sagamore Publishing LLC";No;No;0,293;Q3;15;48;91;1791;102;81;1,12;37,31;45,77;1;United States;Northern America;"Sagamore Publishing LLC";"2019-2026";"Social Sciences (miscellaneous) (Q2); Urban Studies (Q2); Nature and Landscape Conservation (Q3); Tourism, Leisure and Hospitality Management (Q3)";"Business, Management and Accounting; Environmental Science; Social Sciences"
979;21100327708;"Journal of Intelligence Studies in Business";journal;"2001015X";"Halmstad University";Yes;Yes;0,292;Q3;18;17;56;857;60;47;1,14;50,41;34,38;0;Sweden;Western Europe;"Halmstad University";"2011-2025";"Business, Management and Accounting (miscellaneous) (Q3); Management Science and Operations Research (Q3)";"Business, Management and Accounting; Decision Sciences"
980;16859;"Labor History";journal;"0023656X, 14699702";"Routledge";No;No;0,292;Q3;28;41;143;2749;88;141;0,63;67,05;21,05;0;United Kingdom;Western Europe;"Routledge";"1960-2026";"History (Q1); Organizational Behavior and Human Resource Management (Q3)";"Arts and Humanities; Business, Management and Accounting"
981;15900154750;"South African Journal of Economic and Management Sciences";journal;"22223436, 10158812";"AOSIS (Pty) Ltd";Yes;No;0,292;Q3;32;28;145;1606;194;145;1,06;57,36;42,37;3;South Africa;Africa;"AOSIS (Pty) Ltd";"1998-2026";"Economics, Econometrics and Finance (miscellaneous) (Q2); Business, Management and Accounting (miscellaneous) (Q3)";"Business, Management and Accounting; Economics, Econometrics and Finance"
982;21100855999;"Journal of Eastern European and Central Asian Research (discontinued)";journal;"23288280, 23288272";"Institute of Eastern Europe and Central Asia";Yes;No;0,291;Q3;19;53;82;1806;131;79;1,83;34,08;50,00;2;United States;Northern America;"Institute of Eastern Europe and Central Asia";"2014-2024";"Business and International Management (Q3); Economics and Econometrics (Q3); Finance (Q3); Marketing (Q3); Organizational Behavior and Human Resource Management (Q3); Strategy and Management (Q3)";"Business, Management and Accounting; Economics, Econometrics and Finance"
983;23585;"Journal of Real Estate Portfolio Management";journal;"10835547";"Taylor and Francis Ltd.";No;No;0,291;Q3;24;19;27;711;25;27;1,15;37,42;21,95;0;United Kingdom;Western Europe;"Taylor and Francis Ltd.";"2000, 2003-2021, 2023-2026";"Economics, Econometrics and Finance (miscellaneous) (Q2); Management Information Systems (Q3)";"Business, Management and Accounting; Economics, Econometrics and Finance"
984;14100154713;"International Journal of Grid and Utility Computing";journal;"1741847X, 17418488";"Inderscience Enterprises Ltd";No;No;0,290;Q3;24;55;172;1855;191;167;1,03;33,73;24,12;0;United Kingdom;Western Europe;"Inderscience Enterprises Ltd";"2005, 2009, 2011-2026";"Applied Mathematics (Q3); Computer Science Applications (Q3); Management Information Systems (Q3)";"Business, Management and Accounting; Computer Science; Mathematics"
985;21100822827;"Communication Today";journal;"2730051X, 1338130X";"University of SS. Cyril and Methodius, Faculty of Mass Media Communication";No;No;0,288;Q3;12;28;61;801;75;58;1,00;28,61;62,50;0;Slovakia;Eastern Europe;"University of SS. Cyril and Methodius, Faculty of Mass Media Communication";"2017-2025";"Communication (Q2); Marketing (Q3)";"Business, Management and Accounting; Social Sciences"
986;21100832514;"International Journal of Standardization Research";journal;"24708550, 24708542";"IGI Global Publishing";No;No;0,288;Q3;7;3;18;237;17;18;0,91;79,00;0,00;0;United States;Northern America;"IGI Global Publishing";"2015-2021, 2023";"Computer Science Applications (Q3); Management of Technology and Innovation (Q3)";"Business, Management and Accounting; Computer Science"
987;3900148213;"International Journal of Entrepreneurship and Small Business";journal;"14761297, 17418054";"Inderscience Enterprises Ltd";No;No;0,287;Q3;52;76;243;5029;235;243;0,94;66,17;40,46;0;United Kingdom;Western Europe;"Inderscience Enterprises Ltd";"2004-2026";"Business and International Management (Q3); Economics and Econometrics (Q3)";"Business, Management and Accounting; Economics, Econometrics and Finance"
988;12100155428;"Proceedings of Institution of Civil Engineers: Management, Procurement and Law";journal;"17514312, 17514304";"ICE Publishing";No;No;0,287;Q3;23;13;117;447;109;94;0,86;34,38;22,58;1;United Kingdom;Western Europe;"ICE Publishing";"2008-2025";"Business, Management and Accounting (miscellaneous) (Q3); Civil and Structural Engineering (Q3); Safety, Risk, Reliability and Quality (Q3)";"Business, Management and Accounting; Engineering"
989;20060;"Economics of Governance";journal;"14356104, 14358131";"Springer Verlag";No;No;0,285;Q3;34;16;48;858;33;48;0,81;53,63;19,35;6;Germany;Western Europe;"Springer Verlag";"2001, 2003-2026";"Economics, Econometrics and Finance (miscellaneous) (Q2); Business and International Management (Q3)";"Business, Management and Accounting; Economics, Econometrics and Finance"
990;21101040211;"Forum Scientiae Oeconomia";journal;"23534435, 23005947";"";Yes;Yes;0,285;Q3;23;28;79;1672;120;79;1,88;59,71;49,23;0;Poland;Eastern Europe;"";"2017-2026";"Business and International Management (Q3); Economics and Econometrics (Q3); Marketing (Q3); Strategy and Management (Q3)";"Business, Management and Accounting; Economics, Econometrics and Finance"
991;21100375269;"International Journal of Managerial and Financial Accounting";journal;"17536715, 17536723";"Inderscience";No;No;0,285;Q3;21;16;51;1320;69;51;1,10;82,50;28,57;0;Switzerland;Western Europe;"Inderscience";"2002, 2008-2026";"Accounting (Q3)";"Business, Management and Accounting"
992;5600155273;"Cuadernos de Relaciones Laborales";journal;"11318635, 19882572";"Universidad Complutense Madrid";Yes;Yes;0,284;Q3;12;19;59;780;51;54;0,85;41,05;46,43;1;Spain;Western Europe;"Universidad Complutense Madrid";"2016-2025";"Industrial Relations (Q3); Organizational Behavior and Human Resource Management (Q3)";"Business, Management and Accounting"
993;21100198214;"International Journal of Applied Management Science";journal;"17558913, 17558921";"Inderscience";No;No;0,284;Q3;19;18;56;821;39;55;0,66;45,61;29,27;0;Switzerland;Western Europe;"Inderscience";"2008-2026";"Strategy and Management (Q3)";"Business, Management and Accounting"
994;21100855988;"Sport Mont";journal;"14517485, 23370351";"Montenegrin Sports Academy";Yes;No;0,283;Q3;16;112;172;2865;213;172;1,23;25,58;41,03;2;Montenegro;Eastern Europe;"Montenegrin Sports Academy";"2017-2026";"Orthopedics and Sports Medicine (Q3); Physical Therapy, Sports Therapy and Rehabilitation (Q3); Tourism, Leisure and Hospitality Management (Q3)";"Business, Management and Accounting; Health Professions; Medicine"
995;21100456788;"International Journal on Food System Dynamics";journal;"18696945";"CentMa GmbH";Yes;Yes;0,282;Q3;23;25;100;1209;112;100;0,91;48,36;35,14;1;Germany;Western Europe;"CentMa GmbH";"2010-2025";"Economics, Econometrics and Finance (miscellaneous) (Q2); Business and International Management (Q3); Environmental Science (miscellaneous) (Q3); Food Science (Q3); Geography, Planning and Development (Q3); Management Science and Operations Research (Q3); Transportation (Q3)";"Agricultural and Biological Sciences; Business, Management and Accounting; Decision Sciences; Economics, Econometrics and Finance; Environmental Science; Social Sciences"
996;5400152652;"International Journal of Innovation and Sustainable Development";journal;"17408822, 17408830";"Inderscience Enterprises Ltd";No;No;0,281;Q3;29;29;74;1548;87;73;1,15;53,38;43,84;0;United Kingdom;Western Europe;"Inderscience Enterprises Ltd";"2005-2026";"Management of Technology and Innovation (Q3); Renewable Energy, Sustainability and the Environment (Q3)";"Business, Management and Accounting; Energy"
997;21100860692;"South Asian Journal of Human Resources Management";journal;"23220937, 23495790";"SAGE Publications Ltd";No;No;0,281;Q3;21;15;45;780;53;43;1,13;52,00;47,83;0;United Kingdom;Western Europe;"SAGE Publications Ltd";"2014-2026";"Organizational Behavior and Human Resource Management (Q3)";"Business, Management and Accounting"
998;5600155048;"Space and Culture";journal;"15528308, 12063312";"SAGE Publications Inc.";No;No;0,281;Q3;53;43;121;2343;114;119;0,95;54,49;46,27;3;United States;Northern America;"SAGE Publications Inc.";"1997-2026";"Cultural Studies (Q1); Arts and Humanities (miscellaneous) (Q2); Urban Studies (Q2); Geography, Planning and Development (Q3); Tourism, Leisure and Hospitality Management (Q3)";"Arts and Humanities; Business, Management and Accounting; Social Sciences"
999;21100385812;"Journal of Chinese Human Resources Management";journal;"20408013, 20408005";"Porcelain Publishing International LTD";No;No;0,280;Q3;20;12;24;460;22;23;0,28;38,33;33,33;0;United Kingdom;Western Europe;"Porcelain Publishing International LTD";"2010-2025";"Cultural Studies (Q1); Organizational Behavior and Human Resource Management (Q3)";"Business, Management and Accounting; Social Sciences"
1000;23830;"Vikalpa";journal;"23953799, 02560909";"SAGE Publications Ltd";Yes;Yes;0,280;Q3;39;21;60;691;66;49;0,80;32,90;39,39;1;India;Asiatic Region;"SAGE Publications Ltd";"1981-1982, 1984, 1986, 1994, 1996-2026";"Business, Management and Accounting (miscellaneous) (Q3); Decision Sciences (miscellaneous) (Q3)";"Business, Management and Accounting; Decision Sciences"
1001;21100828753;"Journal of Business Cycle Research";journal;"25097970, 25097962";"Springer International Publishing AG";No;No;0,279;Q3;11;14;27;570;29;26;1,35;40,71;21,74;3;Switzerland;Western Europe;"Springer International Publishing AG";"2016-2026";"Business and International Management (Q3); Economics and Econometrics (Q3); Finance (Q3); Statistics, Probability and Uncertainty (Q3)";"Business, Management and Accounting; Decision Sciences; Economics, Econometrics and Finance"
1002;21100782865;"Real Estate Management and Valuation";journal;"23005289";"De Gruyter Open Ltd";Yes;No;0,279;Q3;16;32;114;1239;100;114;0,89;38,72;30,00;1;Poland;Eastern Europe;"De Gruyter Open Ltd";"2014-2026";"Economics and Econometrics (Q3); Finance (Q3); Marketing (Q3); Strategy and Management (Q3)";"Business, Management and Accounting; Economics, Econometrics and Finance"
1003;21100887414;"China Journal of Accounting Studies";journal;"21697213, 21697221";"Taylor and Francis Ltd.";Yes;No;0,278;Q3;17;23;70;1259;33;69;0,37;54,74;34,85;0;United Kingdom;Western Europe;"Taylor and Francis Ltd.";"2013-2025";"Accounting (Q3); Business, Management and Accounting (miscellaneous) (Q3)";"Business, Management and Accounting"
1004;4000151815;"International Journal of Internet Marketing and Advertising";journal;"14775212, 17418100";"Inderscience Enterprises Ltd";No;No;0,277;Q3;29;29;64;2051;72;63;1,00;70,72;45,31;0;United Kingdom;Western Europe;"Inderscience Enterprises Ltd";"2004-2026";"Marketing (Q3)";"Business, Management and Accounting"
1005;21100855983;"Arbitration International";journal;"09570411, 18758398";"Oxford University Press";No;No;0,276;Q3;28;39;82;2687;39;80;0,49;68,90;29,17;8;United Kingdom;Western Europe;"Oxford University Press";"1996-2025";"Law (Q2); Business and International Management (Q3)";"Business, Management and Accounting; Social Sciences"
1006;21100199108;"Contemporary Economics";journal;"23008814, 20840845";"VIZJA University";Yes;No;0,275;Q3;27;33;109;1447;125;106;1,11;43,85;37,10;1;Poland;Eastern Europe;"VIZJA University";"2011-2025";"Economics, Econometrics and Finance (miscellaneous) (Q2); Social Sciences (miscellaneous) (Q2); Accounting (Q3); Business and International Management (Q3); Business, Management and Accounting (miscellaneous) (Q3); Finance (Q3)";"Business, Management and Accounting; Economics, Econometrics and Finance; Social Sciences"
1007;21100798106;"International Journal of Tourism Anthropology";journal;"17590450, 17590442";"Inderscience";No;No;0,275;Q3;10;17;42;1172;53;42;1,60;68,94;42,42;0;United Kingdom;Western Europe;"Inderscience";"2010, 2016-2025";"Anthropology (Q2); Tourism, Leisure and Hospitality Management (Q3)";"Business, Management and Accounting; Social Sciences"
1008;21100944442;"Journal of System and Management Sciences (discontinued)";journal;"18166075, 18180523";"Success Culture Press";Yes;No;0,275;Q3;19;45;70;1515;133;70;1,90;33,67;37,86;0;Hong Kong;Asiatic Region;"Success Culture Press";"2019-2024";"Computer Science Applications (Q3); Control and Systems Engineering (Q3); Information Systems (Q3); Information Systems and Management (Q3); Management of Technology and Innovation (Q3)";"Business, Management and Accounting; Computer Science; Decision Sciences; Engineering"
1009;21100405571;"Austrian Journal of South-East Asian Studies";journal;"19992521, 1999253X";"Society for South-East Asian Studies";Yes;Yes;0,275;-;0;0;0;0;0;0;0,00;0,00;0,00;0;Austria;Western Europe;"Society for South-East Asian Studies";"2015-2022";"Social Sciences (miscellaneous) (Q2)";"Social Sciences"
1010;19300156810;"Asia-Pacific Journal of Accounting and Economics";journal;"21642257, 16081625";"Taylor and Francis Ltd.";No;No;0,273;Q3;33;38;115;1842;136;115;1,00;48,47;35,24;2;United Kingdom;Western Europe;"Taylor and Francis Ltd.";"2000-2026";"Accounting (Q3); Economics and Econometrics (Q3); Finance (Q3)";"Business, Management and Accounting; Economics, Econometrics and Finance"
1011;21100865914;"Global Trade and Customs Journal";journal;"18756468, 1569755X";"Kluwer Law International";No;No;0,273;Q3;9;76;192;3228;52;185;0,26;42,47;37,72;7;Netherlands;Western Europe;"Kluwer Law International";"2018-2026";"Law (Q2); Business and International Management (Q3)";"Business, Management and Accounting; Social Sciences"
1012;21100394266;"International Journal of Agile Systems and Management";journal;"17419174, 17419182";"Inderscience";No;No;0,273;Q3;31;25;56;1878;121;55;2,13;75,12;31,34;0;Switzerland;Western Europe;"Inderscience";"2006-2009, 2011-2026";"Multidisciplinary (Q2); Computer Science (miscellaneous) (Q3); Decision Sciences (miscellaneous) (Q3); Engineering (miscellaneous) (Q3); Industrial and Manufacturing Engineering (Q3); Management Information Systems (Q3); Strategy and Management (Q3)";"Business, Management and Accounting; Computer Science; Decision Sciences; Engineering; Multidisciplinary"
1013;4700152413;"International Journal of Entrepreneurship and Innovation Management";journal;"17415098, 1368275X";"Inderscience Enterprises Ltd";No;No;0,273;Q3;35;23;103;1259;84;99;0,59;54,74;40,00;0;United Kingdom;Western Europe;"Inderscience Enterprises Ltd";"2001-2024";"Business and International Management (Q3); Economics and Econometrics (Q3); Management of Technology and Innovation (Q3); Strategy and Management (Q3)";"Business, Management and Accounting; Economics, Econometrics and Finance"
1014;21100429175;"Northwestern Journal of International Law and Business";journal;"01963228";"Northwestern University School of Law";No;No;0,273;Q3;11;13;31;466;29;29;0,70;35,85;23,08;2;United States;Northern America;"Northwestern University School of Law";"2015-2025";"Law (Q2); Business and International Management (Q3); Strategy and Management (Q3)";"Business, Management and Accounting; Social Sciences"
1015;21100836293;"International Journal of Religious Tourism and Pilgrimage";journal;"20097379";"Dublin Institute of Technology";Yes;Yes;0,273;Q4;20;70;147;3333;201;145;1,26;47,61;36,51;0;Ireland;Western Europe;"Dublin Institute of Technology";"2017-2025";"Religious Studies (Q1); Tourism, Leisure and Hospitality Management (Q4)";"Arts and Humanities; Business, Management and Accounting"
1016;21100981346;"Advances in Technology Innovation";journal;"25182994, 24150436";"Taiwan Association of Engineering and Technology Innovation";Yes;No;0,270;Q3;11;24;48;710;66;48;1,38;29,58;26,98;0;Taiwan;Asiatic Region;"Taiwan Association of Engineering and Technology Innovation";"2019-2026";"Computer Science (miscellaneous) (Q3); Energy Engineering and Power Technology (Q3); Engineering (miscellaneous) (Q3); Environmental Engineering (Q3); Management of Technology and Innovation (Q3); Renewable Energy, Sustainability and the Environment (Q4)";"Business, Management and Accounting; Computer Science; Energy; Engineering; Environmental Science"
1017;21100865931;"EC Tax Review";journal;"09282750, 18758363";"Kluwer Law International";No;No;0,270;Q3;9;27;100;1494;31;83;0,32;55,33;24,00;5;Netherlands;Western Europe;"Kluwer Law International";"2018-2025";"Law (Q2); Accounting (Q3)";"Business, Management and Accounting; Social Sciences"
1018;12100156732;"International Journal of Business Data Communications and Networking";journal;"15480631, 1548064X";"IGI Publishing";No;No;0,270;Q3;16;11;33;315;40;33;1,65;28,64;37,04;0;United States;Northern America;"IGI Publishing";"2005-2022, 2024-2025";"Computer Networks and Communications (Q3); Management Information Systems (Q3)";"Business, Management and Accounting; Computer Science"
1019;21100818512;"Journal of Enabling Technologies";journal;"23986263";"Emerald Group Publishing Ltd.";No;No;0,270;Q3;29;18;63;866;92;60;1,04;48,11;43,48;0;United Kingdom;Western Europe;"Emerald Group Publishing Ltd.";"2017-2025";"Computer Science Applications (Q3); Health (social science) (Q3); Management of Technology and Innovation (Q3); Rehabilitation (Q3)";"Business, Management and Accounting; Computer Science; Medicine; Social Sciences"
1020;21100791289;"Sport Management Education Journal";journal;"21632367, 19386974";"Human Kinetics Publishers Inc.";No;No;0,269;Q3;17;16;44;840;50;44;0,70;52,50;46,67;0;United States;Northern America;"Human Kinetics Publishers Inc.";"2011, 2016-2025";"Education (Q3); Strategy and Management (Q3); Tourism, Leisure and Hospitality Management (Q4)";"Business, Management and Accounting; Social Sciences"
1021;21100902638;"Contemporary Management Research";journal;"18135498";"Academy of Taiwan Information Systems Research";No;No;0,268;Q3;12;11;35;854;42;35;1,35;77,64;33,33;0;Taiwan;Asiatic Region;"Academy of Taiwan Information Systems Research";"2018-2025";"Economics and Econometrics (Q3); Management Information Systems (Q3); Management, Monitoring, Policy and Law (Q3); Management of Technology and Innovation (Q3); Marketing (Q3); Strategy and Management (Q3)";"Business, Management and Accounting; Economics, Econometrics and Finance; Environmental Science"
1022;21100825851;"International Journal of Business Performance and Supply Chain Modelling";journal;"17589401, 1758941X";"Inderscience";No;No;0,268;Q3;23;20;38;1192;58;38;1,69;59,60;24,00;0;United Kingdom;Western Europe;"Inderscience";"2009-2025";"Business and International Management (Q3); Strategy and Management (Q3); Management Science and Operations Research (Q4)";"Business, Management and Accounting; Decision Sciences"
1023;21100379254;"International Journal of Project Organisation and Management";journal;"17402905, 17402891";"Inderscience";No;No;0,268;Q3;20;16;54;1023;69;53;1,22;63,94;27,50;0;Switzerland;Western Europe;"Inderscience";"2008-2025";"Strategy and Management (Q3)";"Business, Management and Accounting"
1024;21300;"Health Marketing Quarterly";journal;"15450864, 07359683";"Routledge";No;No;0,267;Q3;35;22;62;899;68;62;1,12;40,86;44,23;1;United States;Northern America;"Routledge";"1983-2026";"Health Professions (miscellaneous) (Q3); Marketing (Q3)";"Business, Management and Accounting; Health Professions"
1025;21101053537;"Journal of Innovation Management";journal;"21830606";"Universidade do Porto - Faculdade de Engenharia";Yes;Yes;0,267;Q3;28;23;80;1493;94;78;1,29;64,91;25,49;4;Portugal;Western Europe;"Universidade do Porto - Faculdade de Engenharia";"2013-2025";"Engineering (miscellaneous) (Q3); Management of Technology and Innovation (Q3)";"Business, Management and Accounting; Engineering"
1026;21100897522;"i-com";journal;"21966826, 1618162X";"De Gruyter Oldenbourg";Yes;No;0,266;Q3;18;32;60;1727;81;55;1,58;53,97;28,21;3;Germany;Western Europe;"De Gruyter Oldenbourg";"2001-2026";"Business, Management and Accounting (miscellaneous) (Q3); Communication (Q3); Computer Networks and Communications (Q3); Information Systems (Q3); Human-Computer Interaction (Q4); Social Psychology (Q4)";"Business, Management and Accounting; Computer Science; Psychology; Social Sciences"
1027;28972;"Journal of East-West Business";journal;"10669868, 15286959";"Routledge";No;No;0,266;Q3;24;16;46;1149;51;45;1,10;71,81;50,00;2;United States;Northern America;"Routledge";"1994-2026";"Business and International Management (Q3); Development (Q3); Geography, Planning and Development (Q3)";"Business, Management and Accounting; Social Sciences"
1028;21100843529;"Business Systems Research";journal;"18479375";"Walter de Gruyter GmbH";Yes;No;0,265;Q3;19;33;81;1331;124;81;1,44;40,33;53,75;3;Germany;Western Europe;"Walter de Gruyter GmbH";"2017-2025";"Economics, Econometrics and Finance (miscellaneous) (Q3); Information Systems (Q3); Management Information Systems (Q3); Management of Technology and Innovation (Q3)";"Business, Management and Accounting; Computer Science; Economics, Econometrics and Finance"
1029;4800156301;"McKinsey Quarterly";journal;"00475394";"McKinsey and Co. Inc.";No;No;0,264;Q3;45;0;105;0;77;65;0,81;0,00;0,00;0;United States;Northern America;"McKinsey and Co. Inc.";"2005-2019";"Political Science and International Relations (Q2); Business, Management and Accounting (miscellaneous) (Q3); Economics, Econometrics and Finance (miscellaneous) (Q3)";"Business, Management and Accounting; Economics, Econometrics and Finance; Social Sciences"
1030;19500157310;"Investment Analysts Journal";journal;"20770227, 10293523";"Taylor and Francis Ltd.";No;No;0,263;Q3;24;18;58;752;61;58;1,05;41,78;24,32;0;United Kingdom;Western Europe;"Taylor and Francis Ltd.";"1972-2026";"Accounting (Q3); Economics and Econometrics (Q3); Finance (Q3)";"Business, Management and Accounting; Economics, Econometrics and Finance"
1031;145680;"Business Information Review";journal;"17416450, 02663821";"SAGE Publications Ltd";No;No;0,262;Q3;28;25;74;632;85;51;1,17;25,28;34,48;1;United Kingdom;Western Europe;"SAGE Publications Ltd";"1984-2026";"Business and International Management (Q3); Business, Management and Accounting (miscellaneous) (Q3); Economics, Econometrics and Finance (miscellaneous) (Q3)";"Business, Management and Accounting; Economics, Econometrics and Finance"
1032;6000195381;"Global Business and Organizational Excellence";journal;"19322054, 19322062";"John Wiley and Sons Inc";No;No;0,262;Q3;37;29;140;1544;130;112;1,05;53,24;42,55;1;United States;Northern America;"John Wiley and Sons Inc";"2006-2026";"Business and International Management (Q3); Organizational Behavior and Human Resource Management (Q3)";"Business, Management and Accounting"
1033;21100775661;"Physical Culture and Sport, Studies and Research";journal;"20812221, 18994849";"De Gruyter Open Ltd";Yes;No;0,262;Q4;16;31;78;1472;77;78;1,02;47,48;31,43;1;Poland;Eastern Europe;"De Gruyter Open Ltd";"2016-2026";"Cultural Studies (Q1); Education (Q3); Applied Psychology (Q4); Tourism, Leisure and Hospitality Management (Q4)";"Business, Management and Accounting; Psychology; Social Sciences"
1034;17700156204;"International Journal of Applied Decision Sciences";journal;"17558085, 17558077";"Inderscience Enterprises Ltd";No;No;0,261;Q3;23;32;64;2169;99;64;1,64;67,78;31,40;0;United Kingdom;Western Europe;"Inderscience Enterprises Ltd";"2008-2026";"Economics and Econometrics (Q3); Information Systems and Management (Q3); Strategy and Management (Q3); Management Science and Operations Research (Q4)";"Business, Management and Accounting; Decision Sciences; Economics, Econometrics and Finance"
1035;4700153009;"International Journal of Sport Management and Marketing";journal;"14758962, 17402808";"Inderscience Enterprises Ltd";No;No;0,261;Q3;36;20;73;1339;56;73;0,60;66,95;28,26;0;United Kingdom;Western Europe;"Inderscience Enterprises Ltd";"2005-2025";"Business and International Management (Q3); Marketing (Q3); Strategy and Management (Q3); Management Science and Operations Research (Q4); Sports Science (Q4)";"Business, Management and Accounting; Decision Sciences; Health Professions"
1036;19300157111;"Revista Brasileira de Gestao de Negocios";journal;"19830807, 18064892";"Fundacao Escola de Comercio Alvares Penteado";Yes;Yes;0,261;Q3;25;40;115;2869;161;115;1,12;71,73;46,30;1;Brazil;Latin America;"Fundacao Escola de Comercio Alvares Penteado";"2004-2026";"Business and International Management (Q3); Industrial Relations (Q3); Strategy and Management (Q3)";"Business, Management and Accounting"
1037;21100901158;"EURO Journal on Decision Processes";journal;"21939446, 21939438";"Elsevier B.V.";Yes;No;0,260;Q3;23;2;46;172;53;41;1,11;86,00;0,00;1;Germany;Western Europe;"Elsevier B.V.";"2013-2026";"Business, Management and Accounting (miscellaneous) (Q3); Computational Mathematics (Q3); Decision Sciences (miscellaneous) (Q3); Applied Mathematics (Q4); Statistics and Probability (Q4)";"Business, Management and Accounting; Decision Sciences; Mathematics"
1038;6200180168;"International Journal of Electronic Marketing and Retailing";journal;"17411025, 17411033";"Inderscience Enterprises Ltd";No;No;0,260;Q3;19;22;63;1526;60;62;0,88;69,36;42,31;0;United Kingdom;Western Europe;"Inderscience Enterprises Ltd";"2006-2026";"Business and International Management (Q3); Management Information Systems (Q3); Marketing (Q3)";"Business, Management and Accounting"
1039;6100152807;"International Journal of Value Chain Management";journal;"17415365, 17415357";"Inderscience Enterprises Ltd";No;No;0,260;Q3;20;18;53;1101;61;53;1,06;61,17;35,71;0;United Kingdom;Western Europe;"Inderscience Enterprises Ltd";"2006-2014, 2016-2025";"Computer Science Applications (Q3); Information Systems (Q3); Strategy and Management (Q3)";"Business, Management and Accounting; Computer Science"
1040;21100403907;"Journal of Historical Research in Marketing";journal;"17557518, 1755750X";"Emerald Group Publishing Ltd.";No;No;0,260;Q3;24;9;72;606;25;67;0,38;67,33;31,25;0;United Kingdom;Western Europe;"Emerald Group Publishing Ltd.";"2009-2026";"Marketing (Q3)";"Business, Management and Accounting"
1041;19700182809;"Journal of Private Enterprise";journal;"0890913X";"Fayetteville State University";No;No;0,260;Q3;14;20;70;881;36;68;0,36;44,05;15,15;1;United States;Northern America;"Fayetteville State University";"2008-2025";"Business, Management and Accounting (miscellaneous) (Q3); Economics, Econometrics and Finance (miscellaneous) (Q3)";"Business, Management and Accounting; Economics, Econometrics and Finance"
1042;21100212700;"RAE Revista de Administracao de Empresas";journal;"2178938X, 00347590";"Fundacao Getulio Vargas";Yes;Yes;0,260;Q3;26;47;141;2571;137;123;0,70;54,70;51,89;0;Brazil;Latin America;"Fundacao Getulio Vargas";"2007-2025";"Business and International Management (Q3); Business, Management and Accounting (miscellaneous) (Q3); Development (Q3); Education (Q3); Industrial Relations (Q3); Information Systems and Management (Q3); Management of Technology and Innovation (Q3); Marketing (Q3); Organizational Behavior and Human Resource Management (Q3); Public Administration (Q3); Strategy and Management (Q3); Management Science and Operations Research (Q4)";"Business, Management and Accounting; Decision Sciences; Social Sciences"
1043;22371;"Hitotsubashi Journal of Economics";journal;"2436097X";"Hitotsubashi University";No;No;0,259;Q3;15;9;25;371;27;25;0,67;41,22;38,89;0;Japan;Asiatic Region;"Hitotsubashi University";"1996-2025";"Business, Management and Accounting (miscellaneous) (Q3); Economics and Econometrics (Q3)";"Business, Management and Accounting; Economics, Econometrics and Finance"
1044;4400151404;"International Journal of Learning and Intellectual Capital";journal;"14794861, 14794853";"Inderscience Enterprises Ltd";No;No;0,259;Q3;32;23;65;1430;109;62;1,42;62,17;36,36;0;United Kingdom;Western Europe;"Inderscience Enterprises Ltd";"2004-2025";"Organizational Behavior and Human Resource Management (Q3); Strategy and Management (Q3)";"Business, Management and Accounting"
1045;21100787105;"Journal of Environmental Accounting and Management";journal;"23256206, 23256192";"L and H Scientific Publishing, LLC";No;No;0,259;Q3;18;27;91;1088;95;91;1,08;40,30;38,82;0;United States;Northern America;"L and H Scientific Publishing, LLC";"2013-2025";"Urban Studies (Q2); Accounting (Q3); Ecology (Q3); Management, Monitoring, Policy and Law (Q3); Strategy and Management (Q3); Ecological Modeling (Q4)";"Business, Management and Accounting; Environmental Science; Social Sciences"
1046;21100409406;"Journal of International Commerce, Economics and Policy";journal;"17939933, 17939941";"World Scientific";No;No;0,257;Q3;21;16;42;1005;40;42;1,10;62,81;39,39;0;Singapore;Asiatic Region;"World Scientific";"2010-2026";"Business, Management and Accounting (miscellaneous) (Q3); Economics and Econometrics (Q3); Finance (Q3)";"Business, Management and Accounting; Economics, Econometrics and Finance"
1047;5700153460;"Publishing Research Quarterly";journal;"19364792, 10538801";"Springer US";No;No;0,256;Q3;27;45;133;1320;110;133;0,86;29,33;48,57;7;United States;Northern America;"Springer US";"1991-2025";"Media Technology (Q2); Business and International Management (Q3); Communication (Q3); Management of Technology and Innovation (Q3); Marketing (Q3); Computer Science Applications (Q4)";"Business, Management and Accounting; Computer Science; Engineering; Social Sciences"
1048;21100201988;"Journal of Tourism History";journal;"17551838, 1755182X";"Taylor and Francis Ltd.";No;No;0,256;Q4;16;14;47;0;25;41;0,55;0,00;28,57;0;United Kingdom;Western Europe;"Taylor and Francis Ltd.";"2009-2026";"Cultural Studies (Q1); History (Q1); Geography, Planning and Development (Q3); Transportation (Q3); Tourism, Leisure and Hospitality Management (Q4)";"Arts and Humanities; Business, Management and Accounting; Social Sciences"
1049;21101039082;"Scandinavian Journal of Work and Organizational Psychology";journal;"20022867";"Stockholm University Press";Yes;No;0,256;-;12;11;20;591;37;20;1,85;53,73;57,78;0;Sweden;Western Europe;"Stockholm University Press";"2019-2025";"Psychology (miscellaneous) (Q3)";"Psychology"
1050;21100266730;"International Journal of Information Systems in the Service Sector";journal;"19355688, 19355696";"IGI Global Publishing";No;No;0,255;Q3;17;20;63;1000;96;63;1,59;50,00;31,48;0;United States;Northern America;"IGI Global Publishing";"2009-2026";"Information Systems (Q3); Information Systems and Management (Q3); Management Information Systems (Q3); Strategy and Management (Q3); Management Science and Operations Research (Q4)";"Business, Management and Accounting; Computer Science; Decision Sciences"
1051;21100892908;"PSL Quarterly Review";journal;"20373643, 20373635";"Economia Civile";Yes;Yes;0,255;Q3;11;20;57;988;44;57;0,65;49,40;9,68;0;Italy;Western Europe;"Economia Civile";"2018-2025";"Law (Q2); Business, Management and Accounting (miscellaneous) (Q3); Economics and Econometrics (Q3)";"Business, Management and Accounting; Economics, Econometrics and Finance; Social Sciences"
1052;19900191721;"Review of Accounting and Finance";journal;"14757702, 17587700";"Emerald Publishing";No;No;0,255;Q3;39;14;73;707;77;72;1,06;50,50;33,33;0;United Kingdom;Western Europe;"Emerald Publishing";"2002-2026";"Accounting (Q3); Economics, Econometrics and Finance (miscellaneous) (Q3); Finance (Q3)";"Business, Management and Accounting; Economics, Econometrics and Finance"
1053;21100466891;"International Journal of Health Governance";journal;"2059464X, 20594631";"Emerald Publishing";No;No;0,254;Q3;34;34;98;1296;89;90;1,02;38,12;56,52;0;United Kingdom;Western Europe;"Emerald Publishing";"2016-2026";"Business, Management and Accounting (miscellaneous) (Q3); Health Policy (Q3); Paleontology (Q3); Strategy and Management (Q3); Public Health, Environmental and Occupational Health (Q4)";"Business, Management and Accounting; Earth and Planetary Sciences; Medicine"
1054;21100836592;"International Journal of Technology Marketing";journal;"17418798, 1741878X";"Inderscience";No;No;0,254;Q3;21;21;38;1500;55;38;1,47;71,43;38,78;0;Switzerland;Western Europe;"Inderscience";"2005-2026";"Marketing (Q3); Computer Science Applications (Q4)";"Business, Management and Accounting; Computer Science"
1055;19700182210;"Library Leadership and Management";journal;"19458851, 1945886X";"American Library Association";No;No;0,254;Q3;15;11;88;226;25;74;0,20;20,55;70,59;0;United States;Northern America;"American Library Association";"2009-2026";"Library and Information Sciences (Q2); Strategy and Management (Q3)";"Business, Management and Accounting; Social Sciences"
1056;21100788292;"Recherche et Applications en Marketing";journal;"20515707";"SAGE Publications Inc.";No;No;0,254;Q3;19;21;68;1711;86;63;1,22;81,48;56,41;0;United Kingdom;Western Europe;"SAGE Publications Inc.";"2014-2021";"Marketing (Q3)";"Business, Management and Accounting"
1057;21100847440;"International Journal of Comparative Labour Law and Industrial Relations";journal;"1875838X, 0952617X";"Kluwer Law International";No;No;0,253;Q3;16;18;71;1610;78;71;0,90;89,44;58,62;3;United Kingdom;Western Europe;"Kluwer Law International";"2017-2025";"Law (Q2); Industrial Relations (Q3); Organizational Behavior and Human Resource Management (Q3)";"Business, Management and Accounting; Social Sciences"
1058;21100385814;"International Journal of Services, Economics and Management";journal;"17530822, 17530830";"Inderscience";No;No;0,252;Q3;18;20;54;1179;53;54;1,00;58,95;38,89;0;Switzerland;Western Europe;"Inderscience";"2007-2025";"Economics and Econometrics (Q3); Strategy and Management (Q3); Tourism, Leisure and Hospitality Management (Q4)";"Business, Management and Accounting; Economics, Econometrics and Finance"
1059;21100232428;"International Journal of Law and Management";journal;"1754243X, 17542448";"Emerald Group Publishing Ltd.";No;No;0,252;Q4;39;31;171;1564;237;171;1,38;50,45;36,36;0;United Kingdom;Western Europe;"Emerald Group Publishing Ltd.";"1996-1997, 2008-2026";"Law (Q2); Organizational Behavior and Human Resource Management (Q4)";"Business, Management and Accounting; Social Sciences"
1060;21101021142;"Journal of Sport for Development";journal;"23300574";"Journal of Sport for Development";No;No;0,252;Q4;10;7;18;446;34;17;1,89;63,71;42,11;0;United States;Northern America;"Journal of Sport for Development";"2019-2025";"Development (Q3); Sociology and Political Science (Q3); Tourism, Leisure and Hospitality Management (Q4)";"Business, Management and Accounting; Social Sciences"
1061;21101030394;"Business Informatics";journal;"25878158, 2587814X";"National Research University Higher School of Economics (HSE University)";No;No;0,251;Q3;14;24;75;847;88;75;1,06;35,29;34,48;0;Russian Federation;Eastern Europe;"National Research University Higher School of Economics (HSE University)";"2017-2025";"Business and International Management (Q3); Economics and Econometrics (Q3); Information Systems (Q3); Management Information Systems (Q3); Management of Technology and Innovation (Q3)";"Business, Management and Accounting; Computer Science; Economics, Econometrics and Finance"
1062;4700152802;"Journal of Business and Finance Librarianship";journal;"15470644, 08963568";"Routledge";No;No;0,251;Q3;23;21;48;560;38;48;0,63;26,67;70,83;0;United States;Northern America;"Routledge";"1990-1992, 1994, 1996-2026";"Library and Information Sciences (Q2); Management Information Systems (Q3); Marketing (Q3); E-learning (Q4)";"Business, Management and Accounting; Social Sciences"
1063;21100925870;"World Journal on Educational Technology: Current Issues (discontinued)";journal;"13090348, 13091506";"Birlesik Dunya Yenilik Arastirma ve Yayincilik Merkezi";Yes;No;0,249;Q3;21;84;84;3080;134;80;1,91;36,67;71,86;1;Cyprus;Western Europe;"Birlesik Dunya Yenilik Arastirma ve Yayincilik Merkezi";"2018-2022";"Computer Science (miscellaneous) (Q3); Education (Q3); Management of Technology and Innovation (Q3)";"Business, Management and Accounting; Computer Science; Social Sciences"
1064;21100205991;"Journal of Mental Health Training, Education and Practice";journal;"20428707, 17556228";"Emerald Group Publishing Ltd.";No;No;0,249;Q4;25;45;106;1746;92;105;0,89;38,80;62,11;0;United Kingdom;Western Europe;"Emerald Group Publishing Ltd.";"2006-2026";"Education (Q3); Health Policy (Q3); Health (social science) (Q3); Psychiatry and Mental Health (Q3); Organizational Behavior and Human Resource Management (Q4)";"Business, Management and Accounting; Medicine; Social Sciences"
1065;21100198470;"International Journal of Information Systems and Supply Chain Management";journal;"19355726, 19355734";"IGI Global Publishing";No;No;0,248;Q3;21;25;62;1397;81;62;1,20;55,88;25,32;0;United States;Northern America;"IGI Global Publishing";"2008-2026";"Information Systems (Q3); Management Information Systems (Q3)";"Business, Management and Accounting; Computer Science"
1066;17600155208;"Journal of South Asian Development";journal;"09731741, 09731733";"Sage Publications India Pvt. Ltd";No;No;0,247;Q3;22;18;44;1185;40;42;0,48;65,83;61,90;0;India;Asiatic Region;"Sage Publications India Pvt. Ltd";"2006-2007, 2009-2026";"History (Q1); Business and International Management (Q3); Development (Q3); Economics, Econometrics and Finance (miscellaneous) (Q3); Social Sciences (miscellaneous) (Q3)";"Arts and Humanities; Business, Management and Accounting; Economics, Econometrics and Finance; Social Sciences"
1067;21100887424;"Electronic Journal of Knowledge Management";journal;"14794411";"Academic Conferences and Publishing International Limited";Yes;No;0,246;Q3;15;30;43;1481;69;41;1,83;49,37;50,72;0;United Kingdom;Western Europe;"Academic Conferences and Publishing International Limited";"2018-2026";"Computer Networks and Communications (Q3); Management Information Systems (Q3); Management of Technology and Innovation (Q3); Computer Science Applications (Q4)";"Business, Management and Accounting; Computer Science"
1068;6200180167;"International Journal of Technology Intelligence and Planning";journal;"17402832, 17402840";"Inderscience Enterprises Ltd";No;No;0,246;Q3;20;4;17;393;15;17;0,75;98,25;27,27;0;United Kingdom;Western Europe;"Inderscience Enterprises Ltd";"2004-2022, 2024-2025";"Information Systems and Management (Q3); Management Information Systems (Q3); Management of Technology and Innovation (Q3)";"Business, Management and Accounting; Decision Sciences"
1069;21100892782;"Journal of Payments Strategy and Systems";journal;"17501806, 17501814";"Henry Stewart Publications";No;No;0,246;Q3;11;38;109;1022;46;96;0,30;26,89;21,54;7;United Kingdom;Western Europe;"Henry Stewart Publications";"2018-2025";"Information Systems (Q3); Information Systems and Management (Q3); Management Information Systems (Q3); Accounting (Q4)";"Business, Management and Accounting; Computer Science; Decision Sciences"
1070;21100932832;"World Journal of Entrepreneurship, Management and Sustainable Development";journal;"20425961, 2042597X";"World Association for Sustainable Development";No;No;0,246;Q3;24;34;71;2499;102;70;1,47;73,50;25,00;0;United Kingdom;Western Europe;"World Association for Sustainable Development";"2013, 2017-2025";"Cultural Studies (Q1); Business and International Management (Q3); Demography (Q3); Economics, Econometrics and Finance (miscellaneous) (Q3); Sociology and Political Science (Q3); Strategy and Management (Q3); Tourism, Leisure and Hospitality Management (Q4)";"Business, Management and Accounting; Economics, Econometrics and Finance; Social Sciences"
1071;21100834525;"Gruppe. Interaktion. Organisation. Zeitschrift fur Angewandte Organisationspsychologie";journal;"23666145, 23666218";"Springer Fachmedien Wiesbaden GmbH";No;No;0,246;Q4;20;57;133;2729;91;118;0,82;47,88;61,80;0;Germany;Western Europe;"Springer Fachmedien Wiesbaden GmbH";"2016-2026";"Education (Q3); Applied Psychology (Q4); Developmental and Educational Psychology (Q4); Organizational Behavior and Human Resource Management (Q4); Social Psychology (Q4)";"Business, Management and Accounting; Psychology; Social Sciences"
1072;5700162947;"Global Economic Review";journal;"17443873, 1226508X";"Routledge";No;No;0,245;Q3;27;19;66;713;56;65;0,91;37,53;39,47;0;United Kingdom;Western Europe;"Routledge";"1996-2026";"Political Science and International Relations (Q2); Business and International Management (Q3); Economics, Econometrics and Finance (miscellaneous) (Q3)";"Business, Management and Accounting; Economics, Econometrics and Finance; Social Sciences"
1073;21100265102;"Research in Consumer Behavior";book series;"08852111";"Emerald Group Publishing Ltd.";No;No;0,245;Q3;21;0;25;0;13;11;0,38;0,00;0,00;0;United Kingdom;Western Europe;"Emerald Group Publishing Ltd.";"2007, 2010-2016, 2018-2019, 2025-2026";"Business, Management and Accounting (miscellaneous) (Q3); Marketing (Q3)";"Business, Management and Accounting"
1074;21100831441;"TEM Journal";journal;"22178309, 22178333";"UIKTEN - Association for Information Communication Technology Education and Science";Yes;No;0,245;Q3;31;251;564;5918;696;564;1,29;23,58;47,13;0;Serbia;Eastern Europe;"UIKTEN - Association for Information Communication Technology Education and Science";"2017-2025";"Computer Science (miscellaneous) (Q3); Education (Q3); Information Systems (Q3); Information Systems and Management (Q3); Management of Technology and Innovation (Q3); Strategy and Management (Q3)";"Business, Management and Accounting; Computer Science; Decision Sciences; Social Sciences"
1075;20176;"Business Economics";journal;"0007666X, 1554432X";"Palgrave Macmillan Ltd.";No;No;0,244;Q3;22;24;93;503;83;80;0,98;20,96;41,86;9;United Kingdom;Western Europe;"Palgrave Macmillan Ltd.";"1987, 1997, 2006-2026";"Business and International Management (Q3); Economics and Econometrics (Q3)";"Business, Management and Accounting; Economics, Econometrics and Finance"
1076;19600157006;"BAR - Brazilian Administration Review";journal;"18077692";"ANPAD - Associacao Nacional de Pos-Graduacao e Pesquisa em Administracao";Yes;Yes;0,243;Q3;25;25;69;1780;69;61;0,89;71,20;45,33;0;Brazil;Latin America;"ANPAD - Associacao Nacional de Pos-Graduacao e Pesquisa em Administracao";"2009-2026";"Strategy and Management (Q3)";"Business, Management and Accounting"
1077;21100860389;"International Journal of Information Technology Project Management";journal;"19380232, 19380240";"IGI Global Publishing";No;No;0,242;Q3;13;22;63;1015;87;63;1,20;46,14;44,44;0;United States;Northern America;"IGI Global Publishing";"2017-2026";"Communication (Q3); Information Systems and Management (Q3); Management Information Systems (Q3); Management of Technology and Innovation (Q3); Strategy and Management (Q3); Organizational Behavior and Human Resource Management (Q4)";"Business, Management and Accounting; Decision Sciences; Social Sciences"
1078;21100396322;"International Journal of Trade and Global Markets";journal;"1742755X, 17427541";"Inderscience";No;No;0,242;Q3;19;50;90;1610;133;87;1,33;32,20;54,17;0;Switzerland;Western Europe;"Inderscience";"2014-2025";"Business and International Management (Q3); Economics, Econometrics and Finance (miscellaneous) (Q3)";"Business, Management and Accounting; Economics, Econometrics and Finance"
1079;11700154320;"Journal of Developmental Entrepreneurship";journal;"1793706X, 10849467";"World Scientific";No;No;0,242;Q3;38;32;90;2416;112;80;0,98;75,50;34,48;0;Singapore;Asiatic Region;"World Scientific";"2007-2026";"Business and International Management (Q3); Economics and Econometrics (Q3); Strategy and Management (Q3)";"Business, Management and Accounting; Economics, Econometrics and Finance"
1080;19700170105;"Problems and Perspectives in Management";journal;"17277051, 18105467";"LLC CPC Business Perspectives";Yes;No;0,242;Q3;40;169;482;7763;697;482;1,46;45,93;48,18;5;Ukraine;Eastern Europe;"LLC CPC Business Perspectives";"2003-2026";"Law (Q2); Business and International Management (Q3); Business, Management and Accounting (miscellaneous) (Q3); Information Systems and Management (Q3); Public Administration (Q3); Social Sciences (miscellaneous) (Q3); Sociology and Political Science (Q3); Strategy and Management (Q3)";"Business, Management and Accounting; Decision Sciences; Social Sciences"
1081;19400156802;"International Journal of Action Research";journal;"18611303, 18619916";"Verlag Barbara Budrich";No;No;0,242;Q4;16;20;44;765;28;36;0,53;38,25;43,33;0;Germany;Western Europe;"Verlag Barbara Budrich";"2009-2025";"Sociology and Political Science (Q3); Organizational Behavior and Human Resource Management (Q4)";"Business, Management and Accounting; Social Sciences"
1082;17300154913;"Performance Improvement Quarterly";journal;"19378327, 08985952";"International Society for Performance Improvement";No;No;0,242;Q4;29;23;66;1060;81;47;1,02;46,09;52,94;0;United States;Northern America;"International Society for Performance Improvement";"1988-1995, 2009-2022";"Education (Q3); Organizational Behavior and Human Resource Management (Q4)";"Business, Management and Accounting; Social Sciences"
1083;21100199113;"Asian Journal of Business and Accounting";journal;"21803137, 19854064";"Faculty of Business and Economics,University of Malaya";No;No;0,241;Q3;21;22;65;1393;55;60;0,79;63,32;58,82;0;Malaysia;Asiatic Region;"Faculty of Business and Economics,University of Malaya";"2008-2026";"Business and International Management (Q3); Accounting (Q4)";"Business, Management and Accounting"
1084;21100945159;"Journal of Law, Finance, and Accounting";journal;"23805013, 23805005";"Now Publishers Inc";No;No;0,241;Q4;11;9;26;459;16;26;0,41;51,00;8,00;1;United States;Northern America;"Now Publishers Inc";"2016-2024";"Law (Q2); Finance (Q3); Accounting (Q4)";"Business, Management and Accounting; Economics, Econometrics and Finance; Social Sciences"
1085;21100912227;"Acta Logistica";journal;"13395629";"4S go, s.r.o";Yes;No;0,240;Q3;13;44;59;1534;71;59;1,20;34,86;48,21;0;Slovakia;Eastern Europe;"4S go, s.r.o";"2019-2025";"Business and International Management (Q3); Industrial and Manufacturing Engineering (Q3); Civil and Structural Engineering (Q4); Transportation (Q4)";"Business, Management and Accounting; Engineering; Social Sciences"
1086;4700152455;"International Journal of Process Management and Benchmarking";journal;"14606739, 1741816X";"Inderscience Enterprises Ltd";No;No;0,240;Q3;22;41;78;2094;78;78;0,65;51,07;32,00;0;United Kingdom;Western Europe;"Inderscience Enterprises Ltd";"2005-2009, 2013-2026";"Business and International Management (Q3); Strategy and Management (Q3); Management Science and Operations Research (Q4)";"Business, Management and Accounting; Decision Sciences"
1087;17020;"Journal of Petroleum Technology";journal;"01492136";"Society of Petroleum Engineers (SPE)";No;No;0,240;Q3;43;0;562;0;153;401;0,29;0,00;0,00;0;United States;Northern America;"Society of Petroleum Engineers (SPE)";"1962, 1964, 1967, 1969-2012, 2014-2024";"Industrial Relations (Q3); Strategy and Management (Q3); Energy Engineering and Power Technology (Q4); Fuel Technology (Q4)";"Business, Management and Accounting; Energy"
1088;12100155425;"South African Journal of Business Management";journal;"20785585, 20785976";"AOSIS (Pty) Ltd";Yes;No;0,240;Q3;27;36;98;2192;117;97;1,13;60,89;34,94;1;South Africa;Africa;"AOSIS (Pty) Ltd";"1985, 2008-2026";"Business and International Management (Q3); Strategy and Management (Q3)";"Business, Management and Accounting"
1089;11600153421;"Journal of Technology Management and Innovation";journal;"07182724";"Universidad Alberto Hurtado";Yes;Yes;0,239;Q3;41;36;116;1663;136;115;0,90;46,19;34,91;0;Chile;Latin America;"Universidad Alberto Hurtado";"2008-2025";"Management of Technology and Innovation (Q3)";"Business, Management and Accounting"
1090;21101016783;"Journal of Tourism Analysis";journal;"22540644, 18852564";"";Yes;Yes;0,239;Q4;14;10;31;562;51;31;1,41;56,20;41,67;0;United Kingdom;Western Europe;"";"2018-2025";"Anthropology (Q2); Urban Studies (Q2); Geography, Planning and Development (Q3); Tourism, Leisure and Hospitality Management (Q4)";"Business, Management and Accounting; Social Sciences"
1091;21100317750;"Journal of Environmental Management and Tourism (discontinued)";journal;"20687729";"ASERS Publishing House";Yes;No;0,238;Q4;26;210;598;7372;637;598;1,11;35,10;54,88;2;Romania;Eastern Europe;"ASERS Publishing House";"2013-2023";"Economics and Econometrics (Q3); Management, Monitoring, Policy and Law (Q3); Tourism, Leisure and Hospitality Management (Q4)";"Business, Management and Accounting; Economics, Econometrics and Finance; Environmental Science"
1092;19600162006;"International Journal of Business and Society";journal;"15116670";"Universiti Malaysia Sarawak";No;No;0,237;Q3;30;96;301;4793;281;301;0,76;49,93;45,42;1;Malaysia;Asiatic Region;"Universiti Malaysia Sarawak";"2009-2025";"Business and International Management (Q3); Economics and Econometrics (Q3); Finance (Q3); Strategy and Management (Q3)";"Business, Management and Accounting; Economics, Econometrics and Finance"
1093;21100896486;"International Journal of E-Entrepreneurship and Innovation";journal;"19478585, 19478593";"IGI Global Publishing";No;No;0,236;Q3;9;9;26;552;40;26;1,53;61,33;50,00;0;United States;Northern America;"IGI Global Publishing";"2018-2026";"Law (Q2); Business and International Management (Q3); Management Information Systems (Q3); Management of Technology and Innovation (Q3)";"Business, Management and Accounting; Social Sciences"
1094;144624;"International Journal of Innovation and Learning";journal;"14718197, 17418089";"Inderscience Enterprises Ltd";No;No;0,236;Q3;32;54;156;2518;148;151;0,86;46,63;40,71;0;United Kingdom;Western Europe;"Inderscience Enterprises Ltd";"2003-2026";"Education (Q3); Management of Technology and Innovation (Q3)";"Business, Management and Accounting; Social Sciences"
1095;21100836593;"International Journal of Sustainable Economy";journal;"17565812, 17565804";"Inderscience Enterprises Ltd";No;No;0,236;Q3;15;21;61;1065;65;61;1,05;50,71;26,53;1;United Kingdom;Western Europe;"Inderscience Enterprises Ltd";"2017-2026";"Business and International Management (Q3); Development (Q3); Economics and Econometrics (Q3); Finance (Q3); Management of Technology and Innovation (Q3)";"Business, Management and Accounting; Economics, Econometrics and Finance; Social Sciences"
1096;21101045747;"Journal of Innovation Economics and Management";journal;"20325355";"De Boeck Supérieur";No;No;0,236;Q3;19;33;64;1287;80;59;1,25;39,00;52,38;1;Belgium;Western Europe;"De Boeck Supérieur";"2019-2025";"Business and International Management (Q3); Economics and Econometrics (Q3); Management of Technology and Innovation (Q3); Strategy and Management (Q3)";"Business, Management and Accounting; Economics, Econometrics and Finance"
1097;19400157150;"Cuadernos de Gestion";journal;"11316837, 19882157";"Institute of Applied Business Economics";Yes;Yes;0,235;Q3;20;21;54;1296;59;53;1,00;61,71;33,33;1;Spain;Western Europe;"Institute of Applied Business Economics";"2001-2025";"Business and International Management (Q3); Business, Management and Accounting (miscellaneous) (Q3); Economics, Econometrics and Finance (miscellaneous) (Q3); Finance (Q3); Industrial Relations (Q3); Marketing (Q3); Strategy and Management (Q3); Organizational Behavior and Human Resource Management (Q4)";"Business, Management and Accounting; Economics, Econometrics and Finance"
1098;21100423723;"International Journal of Electronic Business";journal;"14706067, 17415063";"Inderscience";No;No;0,235;Q3;17;21;37;1176;61;37;1,06;56,00;36,21;0;Switzerland;Western Europe;"Inderscience";"2007, 2009, 2011, 2014-2026";"Business, Management and Accounting (miscellaneous) (Q3); Computer Science Applications (Q4)";"Business, Management and Accounting; Computer Science"
1099;21101045212;"Journal of Quantitative Economics";journal;"09711554, 23641045";"Springer International Publishing";No;No;0,235;Q3;19;55;135;2250;107;135;0,72;40,91;18,89;5;Switzerland;Western Europe;"Springer International Publishing";"2003-2006, 2015-2026";"Business and International Management (Q3); Development (Q3); Economics and Econometrics (Q3); Economics, Econometrics and Finance (miscellaneous) (Q3)";"Business, Management and Accounting; Economics, Econometrics and Finance; Social Sciences"
1100;21100199337;"Asian Academy of Management Journal";journal;"21804184, 13942603";"Penerbit Universiti Sains Malaysia";Yes;No;0,234;Q3;24;16;70;1153;91;69;0,94;72,06;41,46;1;Malaysia;Asiatic Region;"Penerbit Universiti Sains Malaysia";"2011-2025";"Business, Management and Accounting (miscellaneous) (Q3)";"Business, Management and Accounting"
1101;21100795207;"Journal of Telecommunications and the Digital Economy";journal;"22031693";"Telecommunications Association Inc.";No;No;0,234;Q3;17;35;89;1146;71;89;0,92;32,74;30,91;0;Australia;Pacific Region;"Telecommunications Association Inc.";"2015-2025";"Communication (Q3); Management of Technology and Innovation (Q3); Media Technology (Q3); Computer Networks and Communications (Q4); Computer Science Applications (Q4)";"Business, Management and Accounting; Computer Science; Engineering; Social Sciences"
1102;21100893575;"Asian Journal of Business Research";journal;"24634522, 11788933";"Asia Business Research Corporation";No;No;0,233;Q3;18;21;55;1346;83;53;1,72;64,10;44,90;1;New Zealand;Pacific Region;"Asia Business Research Corporation";"2018-2025";"Political Science and International Relations (Q2); Business and International Management (Q3); Marketing (Q3); Sociology and Political Science (Q3); Strategy and Management (Q3)";"Business, Management and Accounting; Social Sciences"
1103;21101021770;"International Journal of Management and Sustainability";journal;"23069856, 23060662";"Conscientia Beam";No;No;0,233;Q3;11;11;34;446;22;34;0,65;40,55;20,00;0;United States;Northern America;"Conscientia Beam";"2019-2025";"Business, Management and Accounting (miscellaneous) (Q3); Economics and Econometrics (Q3); Geography, Planning and Development (Q3); Management, Monitoring, Policy and Law (Q3); Management Science and Operations Research (Q4)";"Business, Management and Accounting; Decision Sciences; Economics, Econometrics and Finance; Environmental Science; Social Sciences"
1104;5400152653;"World Review of Entrepreneurship, Management and Sustainable Development";journal;"17460581, 17460573";"Inderscience Enterprises Ltd";No;No;0,233;Q3;26;47;121;3104;100;120;0,87;66,04;48,70;0;United Kingdom;Western Europe;"Inderscience Enterprises Ltd";"2005-2025";"Business and International Management (Q3); Economics and Econometrics (Q3); Renewable Energy, Sustainability and the Environment (Q4)";"Business, Management and Accounting; Economics, Econometrics and Finance; Energy"
1105;21100829564;"DETUROPE";journal;"18212506";"Regional Science Association of Subotica (Drustvo za Regionalne Nauke)";Yes;Yes;0,233;Q4;13;23;94;1142;73;93;0,67;49,65;44,07;1;Serbia;Eastern Europe;"Regional Science Association of Subotica (Drustvo za Regionalne Nauke)";"2017-2025";"Geography, Planning and Development (Q3); Tourism, Leisure and Hospitality Management (Q4)";"Business, Management and Accounting; Social Sciences"
1106;21101050920;"Business, Management and Economics Engineering";journal;"2669249X, 26692481";"Vilnius Gediminas Technical University";Yes;No;0,232;Q3;14;23;20;1071;28;20;1,40;46,57;55,74;0;Lithuania;Eastern Europe;"Vilnius Gediminas Technical University";"2021-2026";"Business and International Management (Q3); Development (Q3); Economics, Econometrics and Finance (miscellaneous) (Q3); Management of Technology and Innovation (Q3); Strategy and Management (Q3); Management Science and Operations Research (Q4)";"Business, Management and Accounting; Decision Sciences; Economics, Econometrics and Finance; Social Sciences"
1107;21100823283;"International Journal of Asian Business and Information Management";journal;"19479638, 19479646";"IGI Global Publishing";No;No;0,232;Q3;18;68;68;3998;76;66;0,86;58,79;37,31;0;United States;Northern America;"IGI Global Publishing";"2017-2026";"Cultural Studies (Q1); Business and International Management (Q3); Management of Technology and Innovation (Q3); Strategy and Management (Q3); Computer Science Applications (Q4)";"Business, Management and Accounting; Computer Science; Social Sciences"
1108;22917;"Journal of Empirical Generalisations in Marketing Science";journal;"13264443";"University of South Australia";Yes;No;0,231;Q3;13;1;5;62;3;5;0,75;62,00;50,00;0;Australia;Pacific Region;"University of South Australia";"1996-2003, 2005-2007, 2009-2010, 2013-2014, 2016-2023, 2025";"Marketing (Q3)";"Business, Management and Accounting"
1109;21101018306;"Journal of Investing";journal;"21688613, 10680896";"Portfolio Management Research";No;No;0,231;Q3;11;50;175;919;55;156;0,43;18,38;16,88;0;United States;Northern America;"Portfolio Management Research";"1992, 1996-1997, 1999-2000, 2003, 2008, 2013, 2018-2025";"Finance (Q3); Management of Technology and Innovation (Q3); Strategy and Management (Q3)";"Business, Management and Accounting; Economics, Econometrics and Finance"
1110;21100464314;"International Journal of Construction Supply Chain Management";journal;"11790776";"Massey University";Yes;Yes;0,230;Q3;12;10;26;602;22;26;0,70;60,20;25,00;0;New Zealand;Pacific Region;"Massey University";"2015-2025";"Building and Construction (Q3); Strategy and Management (Q3); Management Science and Operations Research (Q4)";"Business, Management and Accounting; Decision Sciences; Engineering"
1111;21100867370;"International Journal of eBusiness and eGovernment Studies";journal;"21460744";"Social Sciences Research Society";Yes;No;0,230;Q3;15;25;40;1208;91;40;3,50;48,32;27,08;0;Turkey;Middle East;"Social Sciences Research Society";"2018-2025";"Business and International Management (Q3); Management Information Systems (Q3); Management of Technology and Innovation (Q3); Computer Science Applications (Q4)";"Business, Management and Accounting; Computer Science"
1112;21100894552;"Journal of Advertising Education";journal;"10980482, 25161873";"SAGE Publications Ltd";No;No;0,230;Q3;10;13;49;170;24;34;0,33;13,08;57,14;0;United States;Northern America;"SAGE Publications Ltd";"2015-2026";"Communication (Q3); Education (Q3); Marketing (Q3)";"Business, Management and Accounting; Social Sciences"
1113;7000153207;"NanoEthics";journal;"18714765, 18714757";"Springer Netherlands";Yes;No;0,230;Q3;39;21;71;1272;95;58;1,22;60,57;39,39;3;Netherlands;Western Europe;"Springer Netherlands";"2007-2026";"History and Philosophy of Science (Q2); Philosophy (Q2); Management of Technology and Innovation (Q3); Social Sciences (miscellaneous) (Q3); Sociology and Political Science (Q3); Nanoscience and Nanotechnology (Q4)";"Arts and Humanities; Business, Management and Accounting; Materials Science; Social Sciences"
1114;22988;"Revista Venezolana de Gerencia";journal;"13159984";"Universidad del Zulia";Yes;Yes;0,230;Q3;19;200;416;7875;297;390;0,74;39,38;39,65;1;Venezuela;Latin America;"Universidad del Zulia";"1996-2026";"Business, Management and Accounting (miscellaneous) (Q3); Geography, Planning and Development (Q3)";"Business, Management and Accounting; Social Sciences"
1115;21100440516;"International Journal of Computer Information Systems and Industrial Management Applications";journal;"21507988";"Cerebration Science Publishing";Yes;No;0,229;Q3;15;33;90;1229;103;90;1,44;37,24;36,90;0;United States;Northern America;"Cerebration Science Publishing";"2015-2026";"Management Information Systems (Q3); Strategy and Management (Q3); Artificial Intelligence (Q4); Computer Vision and Pattern Recognition (Q4); Information Systems (Q4); Signal Processing (Q4)";"Business, Management and Accounting; Computer Science"
1116;22495;"Innovations";journal;"12674982";"De Boeck Supérieur";No;No;0,228;Q3;15;30;88;1434;70;87;0,91;47,80;53,33;0;Belgium;Western Europe;"De Boeck Supérieur";"2001-2024";"Strategy and Management (Q3); Economics and Econometrics (Q4)";"Business, Management and Accounting; Economics, Econometrics and Finance"
1117;21100920052;"International Journal of Business and Emerging Markets";journal;"17536227, 17536219";"Inderscience Enterprises Ltd";No;No;0,228;Q3;11;21;43;1318;31;43;0,72;62,76;40,68;0;United Kingdom;Western Europe;"Inderscience Enterprises Ltd";"2019-2026";"Business and International Management (Q3); Marketing (Q3); Strategy and Management (Q3); Economics and Econometrics (Q4)";"Business, Management and Accounting; Economics, Econometrics and Finance"
1118;21101039079;"Central European Management Journal";journal;"26580845, 26582430";"Emerald Publishing";Yes;Yes;0,227;Q3;18;28;68;1864;67;68;0,80;66,57;43,06;0;Poland;Eastern Europe;"Emerald Publishing";"2020-2026";"Business, Management and Accounting (miscellaneous) (Q3); Political Science and International Relations (Q3); Sociology and Political Science (Q3); Social Psychology (Q4)";"Business, Management and Accounting; Psychology; Social Sciences"
1119;21100202718;"International Journal of Management in Education";journal;"17503868, 1750385X";"Inderscience";No;No;0,227;Q3;19;30;73;1906;72;73;0,79;63,53;41,27;0;Switzerland;Western Europe;"Inderscience";"2007-2026";"Business, Management and Accounting (miscellaneous) (Q3); Education (Q3)";"Business, Management and Accounting; Social Sciences"
1120;21000195314;"Journal of Construction in Developing Countries";journal;"18236499, 21804222";"Penerbit Universiti Sains Malaysia";Yes;No;0,227;Q3;32;22;58;1282;47;55;0,83;58,27;19,67;0;Malaysia;Asiatic Region;"Penerbit Universiti Sains Malaysia";"2006-2026";"Architecture (Q2); Building and Construction (Q3); Management of Technology and Innovation (Q3); Civil and Structural Engineering (Q4); Strategy and Management (Q4)";"Business, Management and Accounting; Engineering"
1121;19600162203;"Journal of East European Management Studies";journal;"09496181, 18620019";"Nomos Verlagsgesellschaft mbH und Co KG";No;No;0,227;Q3;26;32;118;2235;84;105;0,70;69,84;52,86;0;Germany;Western Europe;"Nomos Verlagsgesellschaft mbH und Co KG";"1996-2001, 2004-2024";"Business and International Management (Q3); Industrial Relations (Q3); Management, Monitoring, Policy and Law (Q3); Strategy and Management (Q4)";"Business, Management and Accounting; Environmental Science"
1122;17198;"Vlakna a Textil";journal;"13350617, 25858890";"Slovak University of Technology in Bratislava";Yes;No;0,227;Q3;12;54;180;1392;103;180;0,61;25,78;62,13;0;Slovakia;Eastern Europe;"Slovak University of Technology in Bratislava";"1994-2025";"Business and International Management (Q3); Chemical Engineering (miscellaneous) (Q3); Materials Science (miscellaneous) (Q3); Polymers and Plastics (Q3)";"Business, Management and Accounting; Chemical Engineering; Materials Science"
1123;21100899296;"Innovative Marketing";journal;"18142427, 18166326";"LLC CPC Business Perspectives";Yes;No;0,226;Q3;28;56;101;3010;138;101;0,99;53,75;41,56;1;Ukraine;Eastern Europe;"LLC CPC Business Perspectives";"2005-2026";"Economics, Econometrics and Finance (miscellaneous) (Q3); Management of Technology and Innovation (Q3); Marketing (Q3)";"Business, Management and Accounting; Economics, Econometrics and Finance"
1124;23201;"Food Science and Technology Research";journal;"13446606";"Japanese Society for Food Science and Technology";No;No;0,226;Q4;57;95;323;3056;313;323;0,88;32,17;36,69;0;Switzerland;Western Europe;"Japanese Society for Food Science and Technology";"1999-2026";"Biotechnology (Q3); Chemical Engineering (miscellaneous) (Q3); Food Science (Q3); Industrial and Manufacturing Engineering (Q3); Marketing (Q4)";"Agricultural and Biological Sciences; Biochemistry, Genetics and Molecular Biology; Business, Management and Accounting; Chemical Engineering; Engineering"
1125;21100896341;"Journal of Investment Strategies";journal;"20471238, 20471246";"Infopro digital";No;No;0,226;Q4;4;12;34;314;16;34;0,38;26,17;8,70;0;United Kingdom;Western Europe;"Infopro digital";"2018-2025";"Economics, Econometrics and Finance (miscellaneous) (Q3); Strategy and Management (Q4)";"Business, Management and Accounting; Economics, Econometrics and Finance"
1126;21100942398;"Emerald Emerging Markets Case Studies";journal;"20450621";"Emerald Group Publishing Ltd.";No;No;0,225;Q3;11;140;346;1734;73;346;0,20;12,39;48,50;0;United Kingdom;Western Europe;"Emerald Group Publishing Ltd.";"2011-2026";"Business and International Management (Q3); Education (Q3); Finance (Q3); Economics and Econometrics (Q4); Strategy and Management (Q4)";"Business, Management and Accounting; Economics, Econometrics and Finance; Social Sciences"
1127;21100275828;"Comptabilite Controle Audit";journal;"12622788";"Francophone Association of Accounting";No;No;0,225;Q4;14;9;38;797;32;33;0,83;88,56;27,78;0;France;Western Europe;"Francophone Association of Accounting";"2012-2024";"Finance (Q3); Accounting (Q4)";"Business, Management and Accounting; Economics, Econometrics and Finance"
1128;21101045282;"Acta Innovations";journal;"23005599";"Rotherham Academic Press Ltd";Yes;No;0,225;-;17;27;105;1188;111;105;1,01;44,00;46,58;0;United Kingdom;Western Europe;"Rotherham Academic Press Ltd";"2013-2025";"Energy (miscellaneous) (Q3); Environmental Engineering (Q3); Renewable Energy, Sustainability and the Environment (Q4)";"Energy; Environmental Science"
1129;21100305371;"Serbian Journal of Management";journal;"14524864, 22177159";"University of Belgrade";Yes;Yes;0,224;Q3;19;28;76;1134;77;75;0,82;40,50;50,00;1;Serbia;Eastern Europe;"University of Belgrade";"2014-2025";"Business, Management and Accounting (miscellaneous) (Q3)";"Business, Management and Accounting"
1130;21101018316;"Journal of Retirement";journal;"23266902, 23266899";"Portfolio Management Research";No;No;0,224;Q4;8;21;82;583;31;70;0,40;27,76;27,27;1;United Kingdom;Western Europe;"Portfolio Management Research";"2018-2026";"Finance (Q3); Geriatrics and Gerontology (Q4); Life-span and Life-course Studies (Q4); Organizational Behavior and Human Resource Management (Q4)";"Business, Management and Accounting; Economics, Econometrics and Finance; Medicine; Social Sciences"
1131;19400158596;"Transylvanian Review of Administrative Sciences";journal;"18422845, 22478310";"Babes-Bolyai University";Yes;Yes;0,224;Q4;25;34;88;1519;75;88;0,98;44,68;47,37;0;Romania;Eastern Europe;"Babes-Bolyai University";"2008-2025";"Public Administration (Q3); Strategy and Management (Q4)";"Business, Management and Accounting; Social Sciences"
1132;19971;"International Journal of Emergency Management";journal;"17415071, 14714825";"Inderscience Publishers";No;No;0,224;-;28;11;56;536;31;56;0,39;48,73;43,48;0;United Kingdom;Western Europe;"Inderscience Publishers";"2003-2024";"Emergency Medicine (Q3)";"Medicine"
1133;21100889433;"International Journal of Evidence Based Coaching and Mentoring";journal;"17418305";"Oxford Brookes University";Yes;Yes;0,223;Q3;16;41;86;2065;70;80;0,79;50,37;57,38;1;United Kingdom;Western Europe;"Oxford Brookes University";"2018-2025";"Business, Management and Accounting (miscellaneous) (Q3); Education (Q3)";"Business, Management and Accounting; Social Sciences"
1134;21100887437;"South African Journal of Accounting Research";journal;"23763981, 10291954";"Taylor and Francis Ltd.";No;No;0,223;Q3;13;11;37;701;30;36;0,85;63,73;62,50;3;United Kingdom;Western Europe;"Taylor and Francis Ltd.";"2018-2026";"Business, Management and Accounting (miscellaneous) (Q3); Accounting (Q4)";"Business, Management and Accounting"
1135;21101059786;"Economia";journal;"15297470, 15336239";"LSE Press";Yes;Yes;0,222;Q3;6;6;24;190;13;24;0,54;31,67;11,76;0;United States;Northern America;"LSE Press";"2019-2021, 2023-2026";"Business and International Management (Q3); Economics, Econometrics and Finance (miscellaneous) (Q3); Political Science and International Relations (Q3)";"Business, Management and Accounting; Economics, Econometrics and Finance; Social Sciences"
1136;28854;"International Trade Journal";journal;"08853908, 15210545";"Taylor and Francis Ltd.";No;No;0,222;Q3;29;32;98;1314;75;78;0,69;41,06;20,69;3;United Kingdom;Western Europe;"Taylor and Francis Ltd.";"1986-2026";"Business and International Management (Q3); Economics, Econometrics and Finance (miscellaneous) (Q3)";"Business, Management and Accounting; Economics, Econometrics and Finance"
1137;144965;"Employee Responsibilities and Rights Journal";journal;"08927545, 15733378";"Springer";No;No;0,222;Q4;42;22;50;1112;33;37;0,56;50,55;44,68;1;United States;Northern America;"Springer";"1988-1998, 2000-2026";"Human Factors and Ergonomics (Q4); Organizational Behavior and Human Resource Management (Q4)";"Business, Management and Accounting; Social Sciences"
1138;21101039233;"Engineering Project Organization Journal";journal;"21573727, 21573735";"Engineering Project Organization Society (EPOS)";No;No;0,222;Q4;7;13;17;884;17;16;1,00;68,00;20,83;0;United States;Northern America;"Engineering Project Organization Society (EPOS)";"2019-2022, 2024-2026";"Building and Construction (Q3); Engineering (miscellaneous) (Q3); Information Systems and Management (Q3); Strategy and Management (Q4)";"Business, Management and Accounting; Decision Sciences; Engineering"
1139;4500151510;"International Journal of Six Sigma and Competitive Advantage";journal;"14792753, 14792494";"Inderscience Enterprises Ltd";No;No;0,222;Q4;31;24;34;1034;69;34;2,03;43,08;11,32;0;United Kingdom;Western Europe;"Inderscience Enterprises Ltd";"2004-2017, 2019-2025";"Industrial and Manufacturing Engineering (Q3); Strategy and Management (Q4)";"Business, Management and Accounting; Engineering"
1140;21100943520;"Rutgers Business Review";journal;"24742376, 24746509";"Rutgers Business School";No;No;0,221;Q3;10;30;57;935;26;57;0,50;31,17;30,43;0;United States;Northern America;"Rutgers Business School";"2016-2025";"Business and International Management (Q3); Strategy and Management (Q4)";"Business, Management and Accounting"
1141;21100912225;"Journal of the Geographical Institute Jovan Cvijic SASA";journal;"03507599, 18212808";"Geographical Institute "Jovan Cviji" of the Serbian Academy of Sciences and Arts";Yes;Yes;0,221;-;13;23;49;956;48;48;0,98;41,57;46,91;0;Serbia;Eastern Europe;"Geographical Institute "Jovan Cviji" of the Serbian Academy of Sciences and Arts";"2019-2026";"Geography, Planning and Development (Q3); Geology (Q3)";"Earth and Planetary Sciences; Social Sciences"
1142;21101058817;"Asian Journal of Accounting Research";journal;"24599700, 24434175";"Airlangga University";Yes;Yes;0,220;Q4;26;7;75;358;118;75;1,10;51,14;27,78;0;United Kingdom;Western Europe;"Airlangga University";"2016-2026";"Accounting (Q4)";"Business, Management and Accounting"
1143;21100894527;"Brazilian Business Review";journal;"18082386";"FUCAPE Business School";Yes;Yes;0,219;Q3;15;36;114;2002;95;109;0,72;55,61;29,06;0;Brazil;Latin America;"FUCAPE Business School";"2017-2026";"Business and International Management (Q3); Accounting (Q4); Economics and Econometrics (Q4); Management of Technology and Innovation (Q4); Strategy and Management (Q4)";"Business, Management and Accounting; Economics, Econometrics and Finance"
1144;21100898309;"Tuning Journal for Higher Education";journal;"23863137, 23408170";"University of Deusto";Yes;Yes;0,219;Q3;9;17;39;563;27;32;0,78;33,12;40,00;0;Spain;Western Europe;"University of Deusto";"2018-2025";"Education (Q3); Management of Technology and Innovation (Q3)";"Business, Management and Accounting; Social Sciences"
1145;23540;"Wirtschaftsdienst";journal;"00436275, 1613978X";"Sciendo";Yes;Yes;0,219;Q3;12;268;562;2980;150;355;0,31;11,12;21,33;74;Poland;Eastern Europe;"Sciendo";"1973, 1975, 1977-1981, 1983-1984, 1986-1987, 1993, 2005-2026";"Business, Management and Accounting (miscellaneous) (Q3)";"Business, Management and Accounting"
1146;4700153105;"International Journal of Management Practice";journal;"17418143, 14779064";"Inderscience Enterprises Ltd";No;No;0,218;Q3;20;38;81;2513;61;80;0,84;66,13;37,80;0;United Kingdom;Western Europe;"Inderscience Enterprises Ltd";"2004-2026";"Business and International Management (Q3); Strategy and Management (Q4)";"Business, Management and Accounting"
1147;21100935077;"Journal of Design, Business and Society";journal;"20552106, 20552114";"Intellect Ltd.";No;No;0,218;Q3;7;14;29;552;12;24;0,41;39,43;54,55;0;United Kingdom;Western Europe;"Intellect Ltd.";"2019-2024";"Visual Arts and Performing Arts (Q1); Cultural Studies (Q2); Business and International Management (Q3); Industrial and Manufacturing Engineering (Q3)";"Arts and Humanities; Business, Management and Accounting; Engineering; Social Sciences"
1148;15089;"Finance a Uver - Czech Journal of Economics and Finance";journal;"00151920";"Faculty of Social Sciences, Charles University";Yes;No;0,218;Q4;25;16;75;560;40;70;0,31;35,00;20,69;0;Czech Republic;Eastern Europe;"Faculty of Social Sciences, Charles University";"1996-2025";"Finance (Q3); Accounting (Q4); Economics and Econometrics (Q4)";"Business, Management and Accounting; Economics, Econometrics and Finance"
1149;21100827462;"Journal of Advanced Manufacturing Technology";journal;"19853157, 22898107";"Penerbit Universiti Teknikal Malaysia Melaka";Yes;Yes;0,218;Q4;12;21;253;400;106;253;0,32;19,05;26,92;0;Malaysia;Asiatic Region;"Penerbit Universiti Teknikal Malaysia Melaka";"2017-2025";"Automotive Engineering (Q3); Industrial and Manufacturing Engineering (Q3); Computer Networks and Communications (Q4); Control and Optimization (Q4); Hardware and Architecture (Q4); Management of Technology and Innovation (Q4); Software (Q4)";"Business, Management and Accounting; Computer Science; Engineering; Mathematics"
1150;19400158612;"International Journal of Public Sector Performance Management";journal;"17411041, 1741105X";"Inderscience Enterprises Ltd";No;No;0,217;Q4;17;62;127;2354;88;125;0,65;37,97;42,86;0;United Kingdom;Western Europe;"Inderscience Enterprises Ltd";"2007-2010, 2012-2013, 2015-2026";"Organizational Behavior and Human Resource Management (Q4); Public Administration (Q4); Strategy and Management (Q4)";"Business, Management and Accounting; Social Sciences"
1151;19700171003;"China: An International Journal";journal;"02197472";"Centre for Medical Education (CenMed) Yong Loo Lin School of Medicine National University of Singapore";No;No;0,215;Q3;21;48;124;389;86;115;0,56;8,10;31,88;3;Singapore;Asiatic Region;"Centre for Medical Education (CenMed) Yong Loo Lin School of Medicine National University of Singapore";"2008-2025";"Business and International Management (Q3); Social Sciences (miscellaneous) (Q3); Economics and Econometrics (Q4)";"Business, Management and Accounting; Economics, Econometrics and Finance; Social Sciences"
1152;21100843485;"Economics and Business Letters";journal;"22544380";"Oviedo University Press";Yes;Yes;0,215;Q3;14;47;86;1151;60;82;0,68;24,49;23,96;8;Spain;Western Europe;"Oviedo University Press";"2017-2025";"Business and International Management (Q3); Economics, Econometrics and Finance (miscellaneous) (Q3)";"Business, Management and Accounting; Economics, Econometrics and Finance"
1153;19400157401;"International Journal of Enterprise Network Management";journal;"17481252, 17481260";"Inderscience Enterprises Ltd";No;No;0,215;Q3;16;24;79;819;48;77;0,59;34,13;28,57;0;United Kingdom;Western Europe;"Inderscience Enterprises Ltd";"2006-2012, 2014-2025";"Business and International Management (Q3); Management of Technology and Innovation (Q4); Management Science and Operations Research (Q4)";"Business, Management and Accounting; Decision Sciences"
1154;21100870824;"Capitale Culturale";journal;"20392362";"eum - Edizioni Universita di Macerata";Yes;Yes;0,215;Q4;8;42;250;2026;54;220;0,23;48,24;54,72;0;Italy;Western Europe;"eum - Edizioni Universita di Macerata";"2018-2025";"History (Q1); Archeology (arts and humanities) (Q2); Arts and Humanities (miscellaneous) (Q2); Conservation (Q2); Museology (Q2); Tourism, Leisure and Hospitality Management (Q4)";"Arts and Humanities; Business, Management and Accounting"
1155;21101021794;"Information Technologies and International Development";journal;"15447529, 15447537";"USC Annenberg School for Communication";No;No;0,215;Q4;7;0;11;0;12;11;1,09;0,00;0,00;0;United States;Northern America;"USC Annenberg School for Communication";"2013, 2019-2020";"Communication (Q3); Development (Q3); Computer Networks and Communications (Q4); Computer Science Applications (Q4); Human-Computer Interaction (Q4); Information Systems (Q4); Management of Technology and Innovation (Q4)";"Business, Management and Accounting; Computer Science; Social Sciences"
1156;19700186841;"International Journal of RF Technologies: Research and Applications";journal;"17545749, 17545730";"SAGE Publications Ltd";No;No;0,215;Q4;19;4;31;162;24;31;0,72;40,50;28,57;0;United Kingdom;Western Europe;"SAGE Publications Ltd";"2009-2025";"Industrial and Manufacturing Engineering (Q3); Electrical and Electronic Engineering (Q4); Management Information Systems (Q4); Management of Technology and Innovation (Q4)";"Business, Management and Accounting; Engineering"
1157;21100432037;"Journal of Modern Project Management (discontinued)";journal;"23173963";"Editora Mundos Sociais";No;No;0,214;Q3;18;41;114;2020;102;113;0,86;49,27;21,98;0;Canada;Northern America;"Editora Mundos Sociais";"2013-2025";"Business and International Management (Q3); Management of Technology and Innovation (Q4); Strategy and Management (Q4)";"Business, Management and Accounting"
1158;19500157309;"Zbornik radova Ekonomskog fakulteta u Rijeci / Proceedings of Rijeka Faculty of Economics";journal;"18467520, 13318004";"University of Rijeka, Faculty of Economics and Business";Yes;No;0,214;Q3;23;15;95;767;98;95;1,08;51,13;44,74;0;Croatia;Eastern Europe;"University of Rijeka, Faculty of Economics and Business";"2008-2025";"Business and International Management (Q3); Economics and Econometrics (Q4); Finance (Q4)";"Business, Management and Accounting; Economics, Econometrics and Finance"
1159;21100246540;"International Journal of Technology Management and Sustainable Development";journal;"14742748, 20400551";"Intellect Ltd.";No;No;0,214;Q4;17;16;49;920;39;46;0,88;57,50;44,44;0;United Kingdom;Western Europe;"Intellect Ltd.";"2013-2025";"Geography, Planning and Development (Q3); Management, Monitoring, Policy and Law (Q4); Management of Technology and Innovation (Q4)";"Business, Management and Accounting; Environmental Science; Social Sciences"
1160;21100244225;"Competition and Regulation in Network Industries";journal;"23992956, 17835917";"SAGE Publications Inc.";No;No;0,213;Q3;16;11;51;625;49;47;0,58;56,82;28,57;3;United Kingdom;Western Europe;"SAGE Publications Inc.";"2013-2024";"Business, Management and Accounting (miscellaneous) (Q3); Management Science and Operations Research (Q4)";"Business, Management and Accounting; Decision Sciences"
1161;17500155121;"International Journal of Electronic Customer Relationship Management";journal;"17500664, 17500672";"Inderscience Enterprises Ltd";No;No;0,213;Q3;19;8;34;709;42;34;1,32;88,63;16,67;0;United Kingdom;Western Europe;"Inderscience Enterprises Ltd";"2007-2025";"Business, Management and Accounting (miscellaneous) (Q3)";"Business, Management and Accounting"
1162;21100787535;"Organizations and Markets in Emerging Economies";journal;"23450037, 20294581";"Vilnius University";Yes;Yes;0,213;Q3;15;28;59;2015;51;56;0,90;71,96;39,39;1;Lithuania;Eastern Europe;"Vilnius University";"2016-2025";"Business and International Management (Q3); Development (Q3); Economics and Econometrics (Q4); Finance (Q4)";"Business, Management and Accounting; Economics, Econometrics and Finance; Social Sciences"
1163;19900193215;"Accounting and the Public Interest";journal;"15309320";"American Accounting Association";No;No;0,212;Q4;14;6;18;387;8;17;0,18;64,50;38,89;0;United States;Northern America;"American Accounting Association";"2009-2025";"Accounting (Q4)";"Business, Management and Accounting"
1164;21100894767;"INFORMS Transactions on Education";journal;"15320545";"INFORMS Inst.for Operations Res.and the Management Sciences";Yes;Yes;0,212;Q4;10;14;47;313;25;46;0,63;22,36;32,35;0;United States;Northern America;"INFORMS Inst.for Operations Res.and the Management Sciences";"2001, 2006, 2009, 2012, 2014, 2018-2025";"Education (Q3); Management Information Systems (Q4); Management Science and Operations Research (Q4)";"Business, Management and Accounting; Decision Sciences; Social Sciences"
1165;20203;"International Labor and Working-Class History";journal;"14716445, 01475479";"Cambridge University Press";No;No;0,212;Q4;32;19;62;1077;41;57;0,69;56,68;31,82;0;United Kingdom;Western Europe;"Cambridge University Press";"1976-2026";"History (Q1); Organizational Behavior and Human Resource Management (Q4)";"Arts and Humanities; Business, Management and Accounting"
1166;18400156721;"Journal of Economic Cooperation and Development";journal;"13087800";"Statistical Economic and Social Research and Training Centre for Islamic Countries";No;No;0,211;Q3;24;32;77;1064;66;77;0,86;33,25;23,94;0;Turkey;Middle East;"Statistical Economic and Social Research and Training Centre for Islamic Countries";"2009-2025";"Business and International Management (Q3); Political Science and International Relations (Q3); Economics and Econometrics (Q4)";"Business, Management and Accounting; Economics, Econometrics and Finance; Social Sciences"
1167;17700156709;"Quality - Access to Success";journal;"15822559";"SRAC - Societatea Romana Pentru Asigurarea Calitatii";No;No;0,211;Q3;31;177;820;6909;636;820;0,78;39,03;44,54;0;Romania;Eastern Europe;"SRAC - Societatea Romana Pentru Asigurarea Calitatii";"2009-2026";"Business and International Management (Q3); Management Information Systems (Q4); Strategy and Management (Q4)";"Business, Management and Accounting"
1168;21100773724;"EAI Endorsed Transactions on Energy Web";journal;"2032944X";"European Alliance for Innovation";Yes;Yes;0,211;Q4;18;82;158;2694;161;158;1,30;32,85;20,99;0;Belgium;Western Europe;"European Alliance for Innovation";"2013-2025";"Control and Systems Engineering (Q4); Energy Engineering and Power Technology (Q4); Information Systems (Q4); Marketing (Q4); Renewable Energy, Sustainability and the Environment (Q4)";"Business, Management and Accounting; Computer Science; Energy; Engineering"
1169;16084;"Journal of Commercial Biotechnology (discontinued)";journal;"1478565X, 14628732";"";No;No;0,211;Q4;21;69;94;1205;24;91;0,21;17,46;37,37;2;Australia;Pacific Region;"";"2003-2024";"Biotechnology (Q4); Economics and Econometrics (Q4); Management of Technology and Innovation (Q4)";"Biochemistry, Genetics and Molecular Biology; Business, Management and Accounting; Economics, Econometrics and Finance"
1170;21100945266;"Science and Innovation";journal;"24099066, 24134996";"Publishing House Akademperiodyka";No;No;0,211;Q4;13;70;142;1653;83;142;0,56;23,61;49,20;2;Ukraine;Eastern Europe;"Publishing House Akademperiodyka";"2014-2026";"Engineering (miscellaneous) (Q3); Information Systems and Management (Q3); Law (Q3); Computer Science Applications (Q4); Management of Technology and Innovation (Q4)";"Business, Management and Accounting; Computer Science; Decision Sciences; Engineering; Social Sciences"
1171;21100865012;"Economia Agro-Alimentare";journal;"19724802, 11261668";"FrancoAngeli";Yes;No;0,210;Q3;14;32;93;1241;72;83;0,74;38,78;57,47;3;Italy;Western Europe;"FrancoAngeli";"2012-2025";"Agricultural and Biological Sciences (miscellaneous) (Q3); Agronomy and Crop Science (Q3); Business, Management and Accounting (miscellaneous) (Q3); Food Science (Q3); Geography, Planning and Development (Q3); Social Sciences (miscellaneous) (Q3); Economics and Econometrics (Q4); Food Animals (Q4); Management, Monitoring, Policy and Law (Q4)";"Agricultural and Biological Sciences; Business, Management and Accounting; Economics, Econometrics and Finance; Environmental Science; Social Sciences; Veterinary"
1172;21100863634;"Indian Journal of Corporate Governance";journal;"09746862, 24542482";"SAGE Publications Ltd";No;No;0,210;Q3;18;14;38;643;26;32;0,65;45,93;33,33;0;United Kingdom;Western Europe;"SAGE Publications Ltd";"2008-2025";"Business and International Management (Q3); Business, Management and Accounting (miscellaneous) (Q3); Strategy and Management (Q4)";"Business, Management and Accounting"
1173;21100901572;"UCJC Business and Society Review";journal;"26593270";"Universia Holding";Yes;Yes;0,210;Q3;18;11;48;486;34;46;0,75;44,18;57,69;0;Spain;Western Europe;"Universia Holding";"2018-2025";"Business, Management and Accounting (miscellaneous) (Q3); Economics and Econometrics (Q4); Finance (Q4)";"Business, Management and Accounting; Economics, Econometrics and Finance"
1174;21100829917;"African Journal of Hospitality, Tourism and Leisure";journal;"2223814X";"Africa Journals";Yes;Yes;0,210;Q4;30;122;817;8378;682;817;0,83;68,67;45,41;2;South Africa;Africa;"Africa Journals";"2017-2025";"Geography, Planning and Development (Q3); Tourism, Leisure and Hospitality Management (Q4)";"Business, Management and Accounting; Social Sciences"
1175;21100886223;"Informacijos Mokslai";journal;"13921487, 13920561";"Vilnius University - Faculty of Communication";Yes;Yes;0,210;Q4;0;0;0;0;0;0;0,00;0,00;0,00;0;Lithuania;Eastern Europe;"Vilnius University - Faculty of Communication";"2018-2021";"Communication (Q3); Media Technology (Q3); Political Science and International Relations (Q3); Sociology and Political Science (Q3); Management of Technology and Innovation (Q4)";"Business, Management and Accounting; Engineering; Social Sciences"
1176;21100903765;"Journal of Airport Management";journal;"17501946, 17501938";"Henry Stewart Publications";No;No;0,209;Q3;8;26;107;562;44;95;0,45;21,62;26,53;0;United Kingdom;Western Europe;"Henry Stewart Publications";"2018-2025";"Business, Management and Accounting (miscellaneous) (Q3); Economics, Econometrics and Finance (miscellaneous) (Q3); Transportation (Q4)";"Business, Management and Accounting; Economics, Econometrics and Finance; Social Sciences"
1177;21100943319;"Educational Administration: Theory and Practice (discontinued)";journal;"13004832, 21482403";"Auricle Global Society of Education and Research";No;No;0,209;-;10;17;33;714;35;28;1,06;42,00;37,14;0;Turkey;Middle East;"Auricle Global Society of Education and Research";"2019-2024";"Education (Q3)";"Social Sciences"
1178;21100841770;"Global Journal of Emerging Market Economies";journal;"09749101, 09752730";"SAGE Publications Inc.";No;No;0,208;Q3;18;17;46;704;40;44;1,00;41,41;41,67;2;United Kingdom;Western Europe;"SAGE Publications Inc.";"2009-2026";"Business and International Management (Q3); Development (Q3); Economics, Econometrics and Finance (miscellaneous) (Q3); Geography, Planning and Development (Q3); Global and Planetary Change (Q4)";"Business, Management and Accounting; Economics, Econometrics and Finance; Environmental Science; Social Sciences"
1179;21233;"Management (Croatia)";journal;"18463363, 13310194";"University of Split - Faculty of Economics";Yes;Yes;0,208;Q3;27;36;95;1703;89;92;0,74;47,31;59,55;0;Croatia;Eastern Europe;"University of Split - Faculty of Economics";"2007-2026";"Business, Management and Accounting (miscellaneous) (Q3); Strategy and Management (Q4)";"Business, Management and Accounting"
1180;3900148208;"Global Business and Economics Review";journal;"10974954, 17451329";"Inderscience Enterprises Ltd";No;No;0,207;Q3;20;42;122;2333;85;119;0,65;55,55;48,89;0;United Kingdom;Western Europe;"Inderscience Enterprises Ltd";"2004-2026";"Business and International Management (Q3); Economics and Econometrics (Q4)";"Business, Management and Accounting; Economics, Econometrics and Finance"
1181;26283;"Revista Galega de Economia";journal;"11322799, 22555951";"Universidade de Santiago de Compostela";Yes;Yes;0,207;Q3;13;34;94;1752;58;92;0,67;51,53;36,51;5;Spain;Western Europe;"Universidade de Santiago de Compostela";"2001, 2003-2025";"Business, Management and Accounting (miscellaneous) (Q3); Demography (Q3); Development (Q3); Economics and Econometrics (Q4); Finance (Q4); Marketing (Q4); Organizational Behavior and Human Resource Management (Q4)";"Business, Management and Accounting; Economics, Econometrics and Finance; Social Sciences"
1182;19900192318;"Gadjah Mada International Journal of Business";journal;"14111128, 23387238";"Gadjah Mada University";Yes;Yes;0,206;Q3;20;15;45;1087;52;45;1,00;72,47;37,50;0;Indonesia;Asiatic Region;"Gadjah Mada University";"2010-2026";"Business and International Management (Q3); Economics and Econometrics (Q4)";"Business, Management and Accounting; Economics, Econometrics and Finance"
1183;21101042485;"Journal of Engineering, Project, and Production Management";journal;"22238379, 22216529";"";Yes;Yes;0,206;Q3;14;24;40;1014;49;39;1,23;42,25;14,81;0;Poland;Eastern Europe;"";"2019-2026";"Business, Management and Accounting (miscellaneous) (Q3); Engineering (miscellaneous) (Q3); Mechanical Engineering (Q4)";"Business, Management and Accounting; Engineering"
1184;21100890383;"International Journal of Computing and Digital Systems";journal;"2210142X";"University of Bahrain";Yes;Yes;0,206;Q4;24;139;227;4583;212;227;1,02;32,97;30,94;0;Bahrain;Middle East;"University of Bahrain";"2012-2026";"Computer Graphics and Computer-Aided Design (Q3); Artificial Intelligence (Q4); Computer Networks and Communications (Q4); Human-Computer Interaction (Q4); Information Systems (Q4); Management of Technology and Innovation (Q4)";"Business, Management and Accounting; Computer Science"
1185;21100464761;"Journal of Risk";journal;"17552842, 14651211";"Infopro digital";No;No;0,206;Q4;17;24;72;927;62;72;0,83;38,63;24,14;0;United Kingdom;Western Europe;"Infopro digital";"2011-2025";"Finance (Q4); Strategy and Management (Q4)";"Business, Management and Accounting; Economics, Econometrics and Finance"
1186;17500154910;"Afro-Asian Journal of Finance and Accounting";journal;"17516455, 17516447";"Inderscience Enterprises Ltd";No;No;0,205;Q4;17;41;78;2481;69;77;0,71;60,51;32,56;0;United Kingdom;Western Europe;"Inderscience Enterprises Ltd";"2008-2026";"Accounting (Q4); Finance (Q4)";"Business, Management and Accounting; Economics, Econometrics and Finance"
1187;21100258386;"Institutions and Economies";journal;"22321640, 22321349";"Faculty of Economics and Administration";No;No;0,204;Q3;17;18;65;942;50;64;0,64;52,33;29,27;0;Malaysia;Asiatic Region;"Faculty of Economics and Administration";"2012-2025";"Business, Management and Accounting (miscellaneous) (Q3); Economics, Econometrics and Finance (miscellaneous) (Q3)";"Business, Management and Accounting; Economics, Econometrics and Finance"
1188;72154;"Journal of Agricultural and Food Industrial Organization";journal;"15420485, 21945896";"Walter de Gruyter GmbH";No;No;0,204;Q3;27;15;48;689;43;48;0,80;45,93;39,44;5;Germany;Western Europe;"Walter de Gruyter GmbH";"2003-2026";"Business, Management and Accounting (miscellaneous) (Q3); Food Science (Q3); Economics and Econometrics (Q4)";"Agricultural and Biological Sciences; Business, Management and Accounting; Economics, Econometrics and Finance"
1189;21101026989;"International Real Estate Review";journal;"21548919";"Global Social Science Institute";No;No;0,204;Q4;20;20;59;860;27;59;0,38;43,00;19,05;0;United States;Northern America;"Global Social Science Institute";"1998-2025";"Demography (Q3); Geography, Planning and Development (Q3); Urban Studies (Q3); Accounting (Q4); Economics and Econometrics (Q4); Finance (Q4)";"Business, Management and Accounting; Economics, Econometrics and Finance; Social Sciences"
1190;21100920051;"Journal of Research Administration";journal;"25737104, 15391590";"Society of Research Administrators International";No;No;0,204;Q4;7;15;21;412;8;17;0,38;27,47;70,37;0;United States;Northern America;"Society of Research Administrators International";"2019-2025";"Education (Q4); Strategy and Management (Q4)";"Business, Management and Accounting; Social Sciences"
1191;18877;"Monthly Labor Review";journal;"19374658, 00981818";"US Bureau of Labor Statistics";Yes;No;0,204;Q4;64;32;138;411;100;130;0,81;12,84;29,73;0;United States;Northern America;"US Bureau of Labor Statistics";"1945-1949, 1978-1988, 1990-2021";"Management of Technology and Innovation (Q4); Organizational Behavior and Human Resource Management (Q4); Strategy and Management (Q4)";"Business, Management and Accounting"
1192;144660;"Strategy and Leadership";journal;"10878572";"Emerald Group Publishing Ltd.";No;No;0,204;Q4;58;46;173;0;118;96;0,44;0,00;15,38;0;United Kingdom;Western Europe;"Emerald Group Publishing Ltd.";"1996-2026";"Strategy and Management (Q4)";"Business, Management and Accounting"
1193;19700174746;"Custos e Agronegocio";journal;"18082882";"Universidade Federal Rural de Pernambuco";Yes;Yes;0,203;Q3;16;101;313;4162;154;308;0,58;41,21;37,45;0;Brazil;Latin America;"Universidade Federal Rural de Pernambuco";"2009-2024";"Business, Management and Accounting (miscellaneous) (Q3); Accounting (Q4); Agronomy and Crop Science (Q4)";"Agricultural and Biological Sciences; Business, Management and Accounting"
1194;17700155712;"Revue Francaise de Gestion";journal;"03384551";"John Libbey";No;No;0,203;Q3;27;71;206;2734;88;192;0,37;38,51;46,56;0;France;Western Europe;"John Libbey";"2002-2024";"Business and International Management (Q3); Economics and Econometrics (Q4); Strategy and Management (Q4)";"Business, Management and Accounting; Economics, Econometrics and Finance"
1195;21100396345;"International Journal of Learning and Change";journal;"17402875, 17402883";"Inderscience";No;No;0,203;Q4;14;40;75;2072;71;74;0,67;51,80;45,92;0;Switzerland;Western Europe;"Inderscience";"2005, 2015-2025";"Education (Q4); Management of Technology and Innovation (Q4)";"Business, Management and Accounting; Social Sciences"
1196;21100407629;"Revista Contabilidade e Financas";journal;"1808057X, 15197077";"Universidade de Sao Paulo. Museu de Zoologia";Yes;Yes;0,203;Q4;15;34;97;1454;66;89;0,65;42,76;35,29;0;Brazil;Latin America;"Universidade de Sao Paulo. Museu de Zoologia";"2015-2025";"Accounting (Q4); Finance (Q4)";"Business, Management and Accounting; Economics, Econometrics and Finance"
1197;21100199523;"Direccion y Organizacion";journal;"1132175X, 21716323";"ADINGOR – Asociación para el Desarrollo de la Ingeniería de Organización";No;No;0,201;Q3;12;21;62;819;47;62;0,76;39,00;32,14;0;Spain;Western Europe;"ADINGOR – Asociación para el Desarrollo de la Ingeniería de Organización";"2011-2025";"Business, Management and Accounting (miscellaneous) (Q3); Industrial and Manufacturing Engineering (Q3)";"Business, Management and Accounting; Engineering"
1198;12753;"International Game Theory Review";journal;"02191989, 17936675";"World Scientific";No;No;0,201;Q3;28;29;80;800;21;77;0,20;27,59;29,17;0;Singapore;Asiatic Region;"World Scientific";"1999, 2003-2026";"Business and International Management (Q3); Computer Science (miscellaneous) (Q4); Statistics, Probability and Uncertainty (Q4)";"Business, Management and Accounting; Computer Science; Decision Sciences"
1199;21100943826;"Journal of Transport and Supply Chain Management";journal;"19955235, 23108789";"AOSIS (Pty) Ltd";Yes;No;0,201;Q4;14;21;34;1016;34;31;0,88;48,38;32,50;1;South Africa;Africa;"AOSIS (Pty) Ltd";"2018-2026";"Industrial and Manufacturing Engineering (Q3); Information Systems and Management (Q3); Management Information Systems (Q4); Management Science and Operations Research (Q4); Transportation (Q4)";"Business, Management and Accounting; Decision Sciences; Engineering; Social Sciences"
1200;21100874739;"Systemes d'Information et Management";journal;"12604984, 22717188";"Editions ESKA";No;No;0,201;Q4;8;13;54;1177;25;45;0,36;90,54;50,00;0;France;Western Europe;"Editions ESKA";"2018-2025";"Management Information Systems (Q4); Management of Technology and Innovation (Q4)";"Business, Management and Accounting"
1201;21100858510;"International Journal of Business Analytics";journal;"23344555, 23344547";"IGI Global Publishing";No;No;0,200;Q3;14;21;59;943;55;59;1,05;44,90;28,85;0;United States;Northern America;"IGI Global Publishing";"2014-2025";"Business and International Management (Q3); Strategy and Management (Q4)";"Business, Management and Accounting"
1202;19700187812;"Psychologist-Manager Journal";journal;"15503461, 10887156";"American Psychological Association";No;No;0,200;Q3;0;0;0;0;0;0;0,00;0,00;0,00;0;United States;Northern America;"American Psychological Association";"2000, 2010-2021";"Business, Management and Accounting (miscellaneous) (Q3); Applied Psychology (Q4); Social Psychology (Q4)";"Business, Management and Accounting; Psychology"
1203;21100205110;"e-Review of Tourism Research";journal;"19415842";"Texas A and M University";No;No;0,200;Q4;18;23;191;912;125;190;0,62;39,65;37,50;0;United States;Northern America;"Texas A and M University";"2011-2012, 2014-2023";"Geography, Planning and Development (Q3); Nature and Landscape Conservation (Q3); Tourism, Leisure and Hospitality Management (Q4)";"Business, Management and Accounting; Environmental Science; Social Sciences"
1204;4700153003;"International Journal of Work Organisation and Emotion";journal;"17408946, 17408938";"Inderscience Enterprises Ltd";No;No;0,200;Q4;22;17;73;1216;47;72;0,51;71,53;39,47;0;United Kingdom;Western Europe;"Inderscience Enterprises Ltd";"2005-2025";"Organizational Behavior and Human Resource Management (Q4)";"Business, Management and Accounting"
1205;4700152225;"Gestao e Producao";journal;"0104530X, 18069649";"Brazilian Institute for Information in Science and Technology";Yes;No;0,199;Q3;24;85;228;3844;170;228;0,69;45,22;29,48;0;Brazil;Latin America;"Brazilian Institute for Information in Science and Technology";"2006-2025";"Business and International Management (Q3); Industrial and Manufacturing Engineering (Q3)";"Business, Management and Accounting; Engineering"
1206;19700182325;"Investment Management and Financial Innovations";journal;"18104967, 18129358";"LLC CPC Business Perspectives";Yes;No;0,199;Q3;33;124;367;4873;340;367;0,86;39,30;41,72;2;Ukraine;Eastern Europe;"LLC CPC Business Perspectives";"2004-2026";"Business and International Management (Q3); Accounting (Q4); Economics and Econometrics (Q4); Finance (Q4); Strategy and Management (Q4)";"Business, Management and Accounting; Economics, Econometrics and Finance"
1207;21101030204;"Journal of Women's Entrepreneurship and Education";journal;"18211283, 24060674";"Institute of Economic Sciences";Yes;No;0,199;Q3;12;27;32;706;27;31;0,84;26,15;62,96;2;Serbia;Eastern Europe;"Institute of Economic Sciences";"2019-2025";"Business, Management and Accounting (miscellaneous) (Q3); Gender Studies (Q3); Education (Q4)";"Business, Management and Accounting; Social Sciences"
1208;54666;"International Journal of Networking and Virtual Organisations";journal;"14709503, 17415225";"Inderscience Publishers";No;No;0,199;Q4;24;39;157;1408;102;154;0,67;36,10;31,33;0;United Kingdom;Western Europe;"Inderscience Publishers";"2002-2025";"Information Systems and Management (Q3); Computer Networks and Communications (Q4); Computer Science Applications (Q4); Strategy and Management (Q4)";"Business, Management and Accounting; Computer Science; Decision Sciences"
1209;19700173309;"International Journal of Tourism Policy";journal;"17504090, 17504104";"Inderscience Publishers";No;No;0,199;Q4;23;19;53;1349;50;53;0,83;71,00;47,06;0;United Kingdom;Western Europe;"Inderscience Publishers";"2007-2025";"Tourism, Leisure and Hospitality Management (Q4)";"Business, Management and Accounting"
1210;19900192338;"Accounting History Review";journal;"21552851, 2155286X";"Routledge";No;No;0,198;Q3;29;11;40;849;25;34;0,70;77,18;26,67;0;United Kingdom;Western Europe;"Routledge";"2011-2025";"History (Q1); Business, Management and Accounting (miscellaneous) (Q3); Accounting (Q4)";"Arts and Humanities; Business, Management and Accounting"
1211;21101038741;"Finance: Theory and Practice";journal;"25877089, 25875671";"Financial University under The Government of Russian Federation";Yes;Yes;0,198;Q4;16;68;183;2108;113;183;0,78;31,00;45,11;1;Russian Federation;Eastern Europe;"Financial University under The Government of Russian Federation";"2017-2025";"Economics, Econometrics and Finance (miscellaneous) (Q3); Business and International Management (Q4); Development (Q4); Finance (Q4); Management of Technology and Innovation (Q4)";"Business, Management and Accounting; Economics, Econometrics and Finance; Social Sciences"
1212;21100242265;"International Journal of Intellectual Property Management";journal;"14789647, 14789655";"Inderscience";No;No;0,198;Q4;15;26;34;1361;28;34;0,82;52,35;33,96;0;Switzerland;Western Europe;"Inderscience";"2006-2016, 2019-2025";"Law (Q3); Business and International Management (Q4); Strategy and Management (Q4)";"Business, Management and Accounting; Social Sciences"
1213;16400154779;"Journal for Global Business Advancement";journal;"17469678, 1746966X";"Inderscience Enterprises Ltd";No;No;0,198;Q4;20;36;123;2530;96;112;0,75;70,28;30,49;0;United Kingdom;Western Europe;"Inderscience Enterprises Ltd";"2007-2026";"Business and International Management (Q4)";"Business, Management and Accounting"
1214;11300153718;"International Journal of Economics and Management";journal;"1823836X";"Universiti Putra Malaysia";No;No;0,197;Q4;30;28;147;1905;92;147;0,62;68,04;43,53;0;Malaysia;Asiatic Region;"Universiti Putra Malaysia";"2006-2025";"Economics, Econometrics and Finance (miscellaneous) (Q3); Business and International Management (Q4); Strategy and Management (Q4)";"Business, Management and Accounting; Economics, Econometrics and Finance"
1215;21100223332;"International Journal of Information System Modeling and Design";journal;"19478186, 19478194";"IGI Publishing";No;No;0,197;Q4;20;19;54;877;54;53;1,19;46,16;34,69;0;United States;Northern America;"IGI Publishing";"2010-2026";"Information Systems (Q4); Management of Technology and Innovation (Q4)";"Business, Management and Accounting; Computer Science"
1216;21100871681;"Journal of Operations and Supply Chain Management";journal;"19843046";"Fundacao Getulio Vargas";Yes;No;0,197;Q4;6;0;15;0;15;15;0,00;0,00;0,00;0;Brazil;Latin America;"Fundacao Getulio Vargas";"2018";"Information Systems and Management (Q4); Management Information Systems (Q4); Management Science and Operations Research (Q4)";"Business, Management and Accounting; Decision Sciences"
1217;21100421887;"Lecture Notes in Information Systems and Organisation";book series;"21954968, 21954976";"Springer Science and Business Media Deutschland GmbH";No;No;0,197;-;27;279;402;10892;321;235;0,79;39,04;37,58;8;Germany;Western Europe;"Springer Science and Business Media Deutschland GmbH";"2013-2025";"Computer Science Applications; Information Systems; Information Systems and Management; Management Information Systems; Management of Technology and Innovation";"Business, Management and Accounting; Computer Science; Decision Sciences"
1218;10600153342;"Society and Economy";journal;"1588970X, 15889726";"Akademiai Kiado";Yes;No;0,196;Q3;21;20;94;996;48;88;0,67;49,80;44,44;3;Hungary;Eastern Europe;"Akademiai Kiado";"2007-2025";"Economics, Econometrics and Finance (miscellaneous) (Q3); Industrial Relations (Q3); Sociology and Political Science (Q3); Business and International Management (Q4); Public Administration (Q4); Strategy and Management (Q4)";"Business, Management and Accounting; Economics, Econometrics and Finance; Social Sciences"
1219;11600153630;"Innovar";journal;"22486968, 01215051";"Universidad Nacional de Colombia";Yes;Yes;0,196;Q4;20;51;134;3282;106;119;0,63;64,35;36,08;1;Colombia;Latin America;"Universidad Nacional de Colombia";"2008-2026";"Sociology and Political Science (Q3); Accounting (Q4); Marketing (Q4); Public Administration (Q4); Strategy and Management (Q4)";"Business, Management and Accounting; Social Sciences"
1220;21100829177;"Journal of the Korean Society for Railway";journal;"17386225, 22882235";"Korean Society for Railway";No;No;0,196;Q4;8;108;339;1606;85;339;0,31;14,87;18,82;0;South Korea;Asiatic Region;"Korean Society for Railway";"2017-2025";"Geography, Planning and Development (Q3); Automotive Engineering (Q4); Civil and Structural Engineering (Q4); Energy Engineering and Power Technology (Q4); Strategy and Management (Q4); Transportation (Q4)";"Business, Management and Accounting; Energy; Engineering; Social Sciences"
1221;94708;"Journal of Insect Biotechnology and Sericology";journal;"13468073, 18847978";"Japanese Society of Sericultural Sciences";No;No;0,195;Q3;23;7;32;209;12;32;0,37;29,86;40,63;0;Japan;Asiatic Region;"Japanese Society of Sericultural Sciences";"2001-2025";"Agricultural and Biological Sciences (miscellaneous) (Q3); Business, Management and Accounting (miscellaneous) (Q3); Industrial and Manufacturing Engineering (Q3); Applied Microbiology and Biotechnology (Q4); Biotechnology (Q4); Insect Science (Q4)";"Agricultural and Biological Sciences; Biochemistry, Genetics and Molecular Biology; Business, Management and Accounting; Engineering; Immunology and Microbiology"
1222;21100889434;"Investigaciones Turisticas";journal;"21745609";"Universidad de Alicante. Instituto Universitario de Investigaciones Turísticas";Yes;Yes;0,195;Q4;11;30;62;2009;43;62;0,76;66,97;56,58;0;Spain;Western Europe;"Universidad de Alicante. Instituto Universitario de Investigaciones Turísticas";"2018-2025";"Social Sciences (miscellaneous) (Q3); Tourism, Leisure and Hospitality Management (Q4)";"Business, Management and Accounting; Social Sciences"
1223;21100936589;"Journal of ICT Standardization";journal;"2245800X, 22460853";"River Publishers";No;No;0,195;Q4;14;22;36;452;23;32;0,64;20,55;12,73;0;Denmark;Western Europe;"River Publishers";"2014-2025";"Computer Networks and Communications (Q4); Computer Science Applications (Q4); Information Systems (Q4); Information Systems and Management (Q4); Management of Technology and Innovation (Q4)";"Business, Management and Accounting; Computer Science; Decision Sciences"
1224;21100285030;"International Journal of Multicriteria Decision Making";journal;"20401078, 2040106X";"Inderscience";No;No;0,194;Q4;16;10;19;308;19;17;1,10;30,80;25,00;0;Switzerland;Western Europe;"Inderscience";"2010-2019, 2021-2025";"Management Science and Operations Research (Q4); Strategy and Management (Q4)";"Business, Management and Accounting; Decision Sciences"
1225;4800153108;"Research in Organizational Change and Development";book series;"08973016";"Emerald Group Publishing Ltd.";No;No;0,194;Q4;23;11;25;680;35;20;1,36;61,82;0,00;0;United Kingdom;Western Europe;"Emerald Group Publishing Ltd.";"1999, 2001, 2003-2004, 2007, 2009-2021, 2025-2026";"Business and International Management (Q4); Organizational Behavior and Human Resource Management (Q4)";"Business, Management and Accounting"
1226;17700156006;"WSEAS Transactions on Business and Economics";journal;"11099526, 22242899";"World Scientific and Engineering Academy and Society";No;No;0,194;Q4;26;136;234;4876;225;228;1,14;35,85;45,33;0;Greece;Western Europe;"World Scientific and Engineering Academy and Society";"2009-2015, 2017-2026";"Business and International Management (Q4); Economics and Econometrics (Q4); Finance (Q4); Marketing (Q4); Organizational Behavior and Human Resource Management (Q4); Strategy and Management (Q4)";"Business, Management and Accounting; Economics, Econometrics and Finance"
1227;4000152130;"Economists' Voice";journal;"21946167, 15533832";"Walter de Gruyter GmbH";No;No;0,193;Q3;19;11;43;303;29;38;0,78;27,55;15,38;2;Germany;Western Europe;"Walter de Gruyter GmbH";"2004-2026";"Business, Management and Accounting (miscellaneous) (Q3); Economics, Econometrics and Finance (miscellaneous) (Q3)";"Business, Management and Accounting; Economics, Econometrics and Finance"
1228;21100905324;"Journal of Brand Strategy";journal;"2045855X, 20458568";"Henry Stewart Publications";No;No;0,193;Q4;11;26;97;825;41;86;0,27;31,73;38,24;0;United Kingdom;Western Europe;"Henry Stewart Publications";"2018-2025";"Communication (Q3); Management of Technology and Innovation (Q4); Marketing (Q4); Social Psychology (Q4); Strategy and Management (Q4)";"Business, Management and Accounting; Psychology; Social Sciences"
1229;21100211369;"Electronic Journal of Business Research Methods";journal;"14777029";"Academic Conferences and Publishing International Limited";Yes;No;0,192;Q4;35;10;49;391;32;46;0,72;39,10;47,06;0;United Kingdom;Western Europe;"Academic Conferences and Publishing International Limited";"2002-2003, 2005-2026";"Business and International Management (Q4); Strategy and Management (Q4)";"Business, Management and Accounting"
1230;21100858350;"Fashion, Style and Popular Culture";journal;"20500734, 20500726";"Intellect Ltd.";No;No;0,192;Q4;10;24;79;656;28;66;0,35;27,33;69,23;0;United Kingdom;Western Europe;"Intellect Ltd.";"2015-2026";"Cultural Studies (Q2); Marketing (Q4); Materials Science (miscellaneous) (Q4); Social Psychology (Q4); Strategy and Management (Q4)";"Business, Management and Accounting; Materials Science; Psychology; Social Sciences"
1231;21100774787;"Journal of Financial Regulation and Compliance";journal;"13581988, 17400279";"Emerald Publishing";No;No;0,192;Q4;32;24;94;1430;90;93;0,94;59,58;25,53;0;United Kingdom;Western Europe;"Emerald Publishing";"1996-2026";"Finance (Q4); Strategy and Management (Q4)";"Business, Management and Accounting; Economics, Econometrics and Finance"
1232;21100894743;"Asian Economic and Financial Review";journal;"23052147, 22226737";"Asian Economic and Social Society";Yes;No;0,191;Q3;24;69;301;3011;230;301;0,71;43,64;36,31;2;Pakistan;Asiatic Region;"Asian Economic and Social Society";"2018-2026";"Business, Management and Accounting (miscellaneous) (Q3); Economics, Econometrics and Finance (miscellaneous) (Q3); Development (Q4)";"Business, Management and Accounting; Economics, Econometrics and Finance; Social Sciences"
1233;19900191976;"DLSU Business and Economics Review";journal;"01167111, 2243786X";"De la Salle University";No;No;0,191;Q4;16;21;99;941;69;97;0,63;44,81;45,16;0;Philippines;Asiatic Region;"De la Salle University";"2008-2025";"Economics, Econometrics and Finance (miscellaneous) (Q3); Accounting (Q4); Marketing (Q4); Strategy and Management (Q4)";"Business, Management and Accounting; Economics, Econometrics and Finance"
1234;21100901841;"International Journal of Industrial Engineering and Production Research";journal;"20084889, 2345363X";"Iran University of Science and Technology";Yes;Yes;0,191;Q4;12;36;121;1215;92;121;0,73;33,75;17,89;0;Iran;Middle East;"Iran University of Science and Technology";"2018-2025";"Industrial and Manufacturing Engineering (Q3); Management Science and Operations Research (Q4); Statistics, Probability and Uncertainty (Q4); Strategy and Management (Q4)";"Business, Management and Accounting; Decision Sciences; Engineering"
1235;21100220467;"International Journal of Knowledge-Based Development";journal;"20404476, 20404468";"Inderscience";No;No;0,191;Q4;27;8;63;481;62;58;1,02;60,13;33,33;0;Switzerland;Western Europe;"Inderscience";"2010-2025";"Information Systems and Management (Q4); Management of Technology and Innovation (Q4); Strategy and Management (Q4)";"Business, Management and Accounting; Decision Sciences"
1236;3900148507;"Organization Development Journal";journal;"08896402";"Organization Development Institute";No;No;0,191;Q4;26;29;87;958;40;78;0,46;33,03;49,06;0;United States;Northern America;"Organization Development Institute";"2005-2013, 2017-2024";"Organizational Behavior and Human Resource Management (Q4)";"Business, Management and Accounting"
1237;21100236611;"International Journal of Business and Globalisation";journal;"17533627, 17533635";"Inderscience";No;No;0,190;Q3;26;95;232;5175;125;228;0,45;54,47;42,02;0;Switzerland;Western Europe;"Inderscience";"2007-2025";"Business, Management and Accounting (miscellaneous) (Q3)";"Business, Management and Accounting"
1238;21100888810;"Studies in Business and Economics";journal;"23445416, 18424120";"De Gruyter Open Ltd.";Yes;Yes;0,190;Q3;18;60;163;1924;125;163;0,75;32,07;41,73;1;Poland;Eastern Europe;"De Gruyter Open Ltd.";"2018-2025";"Business, Management and Accounting (miscellaneous) (Q3); Economics, Econometrics and Finance (miscellaneous) (Q3); Social Psychology (Q4)";"Business, Management and Accounting; Economics, Econometrics and Finance; Psychology"
1239;21100892891;"Applied Marketing Analytics";journal;"20547544, 20547552";"Henry Stewart Publications";No;No;0,190;Q4;8;40;88;548;19;78;0,20;13,70;25,45;0;United Kingdom;Western Europe;"Henry Stewart Publications";"2018-2025";"Marketing (Q4); Statistics, Probability and Uncertainty (Q4); Strategy and Management (Q4)";"Business, Management and Accounting; Decision Sciences"
1240;17900156716;"Entreprises et Histoire";journal;"11612770";"Editions ESKA";No;No;0,190;Q4;11;29;156;1524;27;145;0,13;52,55;50,00;0;France;Western Europe;"Editions ESKA";"2001-2003, 2008-2024";"History (Q2); Economics, Econometrics and Finance (miscellaneous) (Q3); Business and International Management (Q4)";"Arts and Humanities; Business, Management and Accounting; Economics, Econometrics and Finance"
1241;3900148221;"International Journal of Services and Standards";journal;"17408857, 17408849";"Inderscience Enterprises Ltd";No;No;0,190;Q4;20;0;24;0;27;21;0,13;0,00;0,00;0;United Kingdom;Western Europe;"Inderscience Enterprises Ltd";"2004-2020, 2023-2025";"Management of Technology and Innovation (Q4)";"Business, Management and Accounting"
1242;4800153107;"Advances in Business Marketing and Purchasing";book series;"10690964, 1875810X";"Emerald Publishing";No;No;0,189;Q4;15;0;15;0;4;7;0,22;0,00;0,00;0;United Kingdom;Western Europe;"Emerald Publishing";"2000, 2002-2004, 2008-2016, 2018-2019, 2023, 2025-2026";"Economics, Econometrics and Finance (miscellaneous) (Q3); Marketing (Q4)";"Business, Management and Accounting; Economics, Econometrics and Finance"
1243;21101038746;"Management and Labour Studies";journal;"23210710, 0258042X";"Sage Publications India Pvt. Ltd";No;No;0,188;Q3;21;24;70;1453;46;70;0,63;60,54;53,19;0;India;Asiatic Region;"Sage Publications India Pvt. Ltd";"1999-2026";"Industrial Relations (Q3); Business and International Management (Q4); Organizational Behavior and Human Resource Management (Q4)";"Business, Management and Accounting"
1244;21100898760;"Advances in Science, Technology and Engineering Systems (discontinued)";journal;"24156698";"ASTES Publishers";No;No;0,188;Q4;29;106;1262;3742;800;1262;0,64;35,30;27,86;0;United States;Northern America;"ASTES Publishers";"2016-2021, 2023-2024";"Engineering (miscellaneous) (Q3); Management of Technology and Innovation (Q4); Physics and Astronomy (miscellaneous) (Q4)";"Business, Management and Accounting; Engineering; Physics and Astronomy"
1245;21100407655;"Banks and Bank Systems";journal;"19917074, 18167403";"LLC CPC Business Perspectives";Yes;No;0,187;Q3;27;71;208;2851;209;208;1,00;40,15;41,57;2;Ukraine;Eastern Europe;"LLC CPC Business Perspectives";"2006-2026";"Business, Management and Accounting (miscellaneous) (Q3); Economics, Econometrics and Finance (miscellaneous) (Q3); Law (Q3); Finance (Q4); Management of Technology and Innovation (Q4); Marketing (Q4); Organizational Behavior and Human Resource Management (Q4)";"Business, Management and Accounting; Economics, Econometrics and Finance; Social Sciences"
1246;4100151706;"International Journal of Business Intelligence and Data Mining";journal;"17438195, 17438187";"Inderscience Enterprises Ltd";No;No;0,187;Q4;24;48;160;1818;78;158;0,52;37,88;32,08;0;United Kingdom;Western Europe;"Inderscience Enterprises Ltd";"2005-2026";"Information Systems and Management (Q4); Management Information Systems (Q4); Statistics, Probability and Uncertainty (Q4)";"Business, Management and Accounting; Decision Sciences"
1247;21101032143;"Journal of Logistics, Informatics and Service Science";journal;"24092665";"Success Culture Press";No;No;0,187;Q4;14;17;26;506;32;26;1,23;29,76;60,61;0;Hong Kong;Asiatic Region;"Success Culture Press";"2019-2026";"Computer Networks and Communications (Q4); Information Systems (Q4); Information Systems and Management (Q4); Management Information Systems (Q4); Management of Technology and Innovation (Q4)";"Business, Management and Accounting; Computer Science; Decision Sciences"
1248;19700172902;"International Journal of the Legal Profession";journal;"09695958, 14699257";"Routledge";No;No;0,186;Q4;27;22;54;935;31;46;0,59;42,50;65,38;2;United Kingdom;Western Europe;"Routledge";"1994-2026";"Law (Q3); Strategy and Management (Q4)";"Business, Management and Accounting; Social Sciences"
1249;21100970236;"Estudios Gerenciales";journal;"01235923, 26656744";"Universidad Icesi";Yes;Yes;0,185;Q4;24;55;119;3256;88;119;0,75;59,20;50,63;2;Colombia;Latin America;"Universidad Icesi";"2009-2026";"Business and International Management (Q4); Economics and Econometrics (Q4); Finance (Q4); Management of Technology and Innovation (Q4); Marketing (Q4); Strategy and Management (Q4)";"Business, Management and Accounting; Economics, Econometrics and Finance"
1250;21101023274;"Finance";journal;"21010145, 07526180";"Presses Universitaires de Grenoble";No;No;0,185;Q4;4;8;21;580;5;20;0,24;72,50;25,00;0;France;Western Europe;"Presses Universitaires de Grenoble";"2019-2024";"Accounting (Q4); Economics and Econometrics (Q4); Finance (Q4); Marketing (Q4)";"Business, Management and Accounting; Economics, Econometrics and Finance"
1251;19200156940;"Asian Journal of Management Cases";journal;"09728201, 09730621";"Sage Publications India Pvt. Ltd";No;No;0,182;Q3;10;18;66;180;14;58;0,17;10,00;22,22;0;India;Asiatic Region;"Sage Publications India Pvt. Ltd";"2004-2026";"Business, Management and Accounting (miscellaneous) (Q3)";"Business, Management and Accounting"
1252;21100379744;"Contaduria y Administracion";journal;"24488410, 01861042";"Universidad Nacional Autonoma de Mexico";Yes;No;0,182;Q3;27;116;190;5685;139;189;0,57;49,01;30,60;2;Mexico;Latin America;"Universidad Nacional Autonoma de Mexico";"2014-2026";"Business, Management and Accounting (miscellaneous) (Q3)";"Business, Management and Accounting"
1253;21100199341;"International Journal of Data Mining, Modelling and Management";journal;"17591163, 17591171";"Inderscience";No;No;0,182;Q4;18;20;54;682;29;53;0,50;34,10;34,15;0;Switzerland;Western Europe;"Inderscience";"2008-2026";"Computer Science Applications (Q4); Management Information Systems (Q4); Modeling and Simulation (Q4)";"Business, Management and Accounting; Computer Science; Mathematics"
1254;4700151612;"Emergence: Complexity and Organization";journal;"15217000, 15213250";"Emergent Publications";No;No;0,181;Q4;30;0;6;0;4;6;0,00;0,00;0,00;0;United States;Northern America;"Emergent Publications";"2004, 2006-2018";"Business and International Management (Q4); Organizational Behavior and Human Resource Management (Q4); Strategy and Management (Q4)";"Business, Management and Accounting"
1255;21100314708;"International Journal of Business and Systems Research";journal;"17512018, 1751200X";"Inderscience Enterprises Ltd";No;No;0,181;Q4;20;41;70;2315;46;70;0,54;56,46;30,19;0;United Kingdom;Western Europe;"Inderscience Enterprises Ltd";"2007-2026";"Business and International Management (Q4); Management Information Systems (Q4); Strategy and Management (Q4)";"Business, Management and Accounting"
1256;21100285029;"International Journal of Information and Decision Sciences";journal;"17567017, 17567025";"Inderscience";No;No;0,181;Q4;19;23;57;814;88;50;1,24;35,39;39,22;0;Switzerland;Western Europe;"Inderscience";"2008-2025";"Computer Science Applications (Q4); Information Systems and Management (Q4); Management of Technology and Innovation (Q4); Strategy and Management (Q4)";"Business, Management and Accounting; Computer Science; Decision Sciences"
1257;21101053567;"Indian Journal of Economics and Development";journal;"22775412, 23220430";"The Society of Economics and Development";No;No;0,179;Q3;8;116;168;2508;43;168;0,26;21,62;30,88;0;India;Asiatic Region;"The Society of Economics and Development";"2019-2025";"Business, Management and Accounting (miscellaneous) (Q3); Economics and Econometrics (Q4); Finance (Q4); Geography, Planning and Development (Q4)";"Business, Management and Accounting; Economics, Econometrics and Finance; Social Sciences"
1258;23584;"Journal of Real Estate Literature";journal;"09277544";"Taylor and Francis Ltd.";No;No;0,179;Q3;25;4;48;191;21;48;0,34;47,75;14,29;0;United Kingdom;Western Europe;"Taylor and Francis Ltd.";"2003-2025";"Business, Management and Accounting (miscellaneous) (Q3); Economics, Econometrics and Finance (miscellaneous) (Q3)";"Business, Management and Accounting; Economics, Econometrics and Finance"
1259;21100396293;"International Journal of Electronic Finance";journal;"17460077, 17460069";"Inderscience";No;No;0,179;Q4;22;10;21;426;12;21;0,69;42,60;31,58;0;Switzerland;Western Europe;"Inderscience";"2006-2016, 2018-2026";"Computer Networks and Communications (Q4); Computer Science Applications (Q4); E-learning (Q4); Finance (Q4); Management of Technology and Innovation (Q4)";"Business, Management and Accounting; Computer Science; Economics, Econometrics and Finance; Social Sciences"
1260;20500195017;"Industrielle Beziehungen";journal;"18620035, 09432779";"Nomos Verlagsgesellschaft mbH und Co KG";No;No;0,178;Q3;14;34;64;1537;55;55;0,87;45,21;39,22;3;Germany;Western Europe;"Nomos Verlagsgesellschaft mbH und Co KG";"2008-2024";"Industrial Relations (Q3); Business and International Management (Q4); Organizational Behavior and Human Resource Management (Q4)";"Business, Management and Accounting"
1261;21100902690;"Credit and Capital Markets";journal;"21991227, 21991235";"Duncker und Humblot GmbH";No;No;0,178;Q4;7;24;76;1160;17;67;0,17;48,33;18,18;3;Germany;Western Europe;"Duncker und Humblot GmbH";"2016-2025";"Economics, Econometrics and Finance (miscellaneous) (Q3); Law (Q3); Business, Management and Accounting (miscellaneous) (Q4)";"Business, Management and Accounting; Economics, Econometrics and Finance; Social Sciences"
1262;4700152236;"International Journal of Globalisation and Small Business";journal;"14793059, 14793067";"Inderscience Enterprises Ltd";No;No;0,178;Q4;25;19;40;1484;29;37;0,69;78,11;52,27;0;United Kingdom;Western Europe;"Inderscience Enterprises Ltd";"2004-2025";"Business and International Management (Q4); Information Systems and Management (Q4); Management Science and Operations Research (Q4)";"Business, Management and Accounting; Decision Sciences"
1263;21100893318;"Journal of Digital and Social Media Marketing";journal;"20500084, 20500076";"Henry Stewart Publications";No;No;0,178;Q4;10;36;97;964;43;87;0,40;26,78;46,81;0;United Kingdom;Western Europe;"Henry Stewart Publications";"2018-2025";"Communication (Q3); Marketing (Q4)";"Business, Management and Accounting; Social Sciences"
1264;21101041553;"Tourism and Management Studies";journal;"21828466, 21828458";"University of Algarve";Yes;Yes;0,178;Q4;17;17;37;1270;37;37;1,00;74,71;40,00;1;Portugal;Western Europe;"University of Algarve";"2019-2025";"Business, Management and Accounting (miscellaneous) (Q4); Tourism, Leisure and Hospitality Management (Q4)";"Business, Management and Accounting"
1265;19700181264;"Journal of Business Continuity and Emergency Planning";journal;"17499216, 17499224";"Henry Stewart Publications";No;No;0,178;-;19;34;105;615;79;103;0,80;18,09;34,48;1;United Kingdom;Western Europe;"Henry Stewart Publications";"2009-2026";"Medicine (miscellaneous) (Q4)";"Medicine"
1266;21100210915;"International Journal of Business";journal;"10834346";"Chaoyang University of Technology";No;No;0,177;Q4;16;23;86;1091;72;86;0,88;47,43;30,91;0;Taiwan;Asiatic Region;"Chaoyang University of Technology";"2007, 2010-2025";"Business and International Management (Q4); Economics and Econometrics (Q4); Finance (Q4); Strategy and Management (Q4)";"Business, Management and Accounting; Economics, Econometrics and Finance"
1267;21100349535;"International Journal of Economics and Business Research";journal;"17569869, 17569850";"Inderscience";No;No;0,177;Q4;17;52;179;3146;129;179;0,66;60,50;42,34;0;Switzerland;Western Europe;"Inderscience";"2014-2025";"Economics, Econometrics and Finance (miscellaneous) (Q3); Business, Management and Accounting (miscellaneous) (Q4)";"Business, Management and Accounting; Economics, Econometrics and Finance"
1268;8000153105;"International Journal of Environment and Health";journal;"17434963, 17434955";"Inderscience Enterprises Ltd";No;No;0,177;Q4;19;5;36;330;19;33;0,45;66,00;20,00;0;United Kingdom;Western Europe;"Inderscience Enterprises Ltd";"2007-2021, 2023-2024";"Business, Management and Accounting (miscellaneous) (Q4); Environmental Science (miscellaneous) (Q4); Public Health, Environmental and Occupational Health (Q4)";"Business, Management and Accounting; Environmental Science; Medicine"
1269;19700186887;"International Journal of Information Systems and Change Management";journal;"1479313X, 14793121";"Inderscience Enterprises Ltd";No;No;0,176;Q4;18;10;47;516;24;41;0,36;51,60;42,86;0;United Kingdom;Western Europe;"Inderscience Enterprises Ltd";"2006-2025";"Business, Management and Accounting (miscellaneous) (Q4); Decision Sciences (miscellaneous) (Q4)";"Business, Management and Accounting; Decision Sciences"
1270;21100820055;"Journal of Distribution Science";journal;"17383110, 20937717";"KODISA Foundation";Yes;No;0,176;Q4;22;97;337;4341;221;337;0,77;44,75;40,56;0;South Korea;Asiatic Region;"KODISA Foundation";"2016-2025";"Business and International Management (Q4); Economics and Econometrics (Q4); Marketing (Q4)";"Business, Management and Accounting; Economics, Econometrics and Finance"
1271;4400151741;"Research on Economic Inequality";book series;"10492585";"Emerald Group Publishing Ltd.";No;No;0,176;Q4;22;12;34;404;6;10;0,26;33,67;0,00;0;United Kingdom;Western Europe;"Emerald Group Publishing Ltd.";"2003-2004, 2006-2021, 2025-2026";"Sociology and Political Science (Q3); Organizational Behavior and Human Resource Management (Q4)";"Business, Management and Accounting; Social Sciences"
1272;19900193627;"eJournal of Tax Research";journal;"14482398";"University of New South Wales";No;No;0,175;Q4;15;7;64;473;23;61;0,41;67,57;35,71;0;Australia;Pacific Region;"University of New South Wales";"2011-2025";"Accounting (Q4); Economics and Econometrics (Q4); Finance (Q4)";"Business, Management and Accounting; Economics, Econometrics and Finance"
1273;4700151732;"International Journal of Risk Assessment and Management";journal;"14668297, 17415241";"Inderscience Enterprises Ltd";No;No;0,175;Q4;29;7;61;333;35;58;0,73;47,57;20,00;0;United Kingdom;Western Europe;"Inderscience Enterprises Ltd";"2000-2003, 2005-2023";"Business and International Management (Q4); Management Science and Operations Research (Q4); Statistics, Probability and Uncertainty (Q4)";"Business, Management and Accounting; Decision Sciences"
1274;21101039062;"Organization, Technology and Management in Construction";journal;"18476228";"De Gruyter Open Ltd";Yes;No;0,175;Q4;13;18;33;958;52;33;1,58;53,22;44,19;0;Poland;Eastern Europe;"De Gruyter Open Ltd";"2014, 2019-2025";"Building and Construction (Q4); Civil and Structural Engineering (Q4); Management of Technology and Innovation (Q4); Organizational Behavior and Human Resource Management (Q4); Strategy and Management (Q4)";"Business, Management and Accounting; Engineering"
1275;21100786911;"Scientific Annals of Economics and Business";journal;"25013165, 25011960";"Alexandru Ioan Cuza University of Iasi";Yes;Yes;0,175;Q4;18;33;110;1687;76;109;0,68;51,12;31,51;1;Romania;Eastern Europe;"Alexandru Ioan Cuza University of Iasi";"2016-2025";"Economics, Econometrics and Finance (miscellaneous) (Q3); Business, Management and Accounting (miscellaneous) (Q4)";"Business, Management and Accounting; Economics, Econometrics and Finance"
1276;22290;"Business and Professional Ethics Journal";journal;"21537828, 02772027";"Philosophy Documentation Center";No;No;0,174;Q4;7;19;39;619;14;39;0,41;32,58;12,50;1;United States;Northern America;"Philosophy Documentation Center";"1979, 1985, 1990-1993, 1996, 1998-1999, 2001, 2012, 2018-2025";"Philosophy (Q2); Business and International Management (Q4); Economics and Econometrics (Q4)";"Arts and Humanities; Business, Management and Accounting; Economics, Econometrics and Finance"
1277;21100905026;"Ukrainian Geographical Journal";journal;"15614980";"Publishing House Akademperiodyka";No;No;0,174;Q4;9;28;88;646;39;88;0,54;23,07;38,60;1;Ukraine;Eastern Europe;"Publishing House Akademperiodyka";"2018-2025";"History and Philosophy of Science (Q3); Earth and Planetary Sciences (miscellaneous) (Q4); Earth-Surface Processes (Q4); Geography, Planning and Development (Q4); Management of Technology and Innovation (Q4)";"Arts and Humanities; Business, Management and Accounting; Earth and Planetary Sciences; Social Sciences"
1278;21100945715;"Journal of International Logistics and Trade";journal;"25087592, 17382122";"Emerald Publishing";Yes;Yes;0,173;Q4;12;16;40;613;32;38;1,00;38,31;35,48;1;South Korea;Asiatic Region;"Emerald Publishing";"2018-2026";"Economics and Econometrics (Q4); Management Information Systems (Q4); Management Science and Operations Research (Q4); Marketing (Q4); Transportation (Q4)";"Business, Management and Accounting; Decision Sciences; Economics, Econometrics and Finance; Social Sciences"
1279;21100897789;"Advances in Business Related Scientific Research Journal";journal;"1855931X";"GEA College – Faculty of Entrepreneurship";Yes;No;0,172;Q4;6;13;24;545;10;24;0,56;41,92;40,63;0;Slovenia;Eastern Europe;"GEA College – Faculty of Entrepreneurship";"2018-2025";"Economics, Econometrics and Finance (miscellaneous) (Q3); Gender Studies (Q3); Law (Q3); Business, Management and Accounting (miscellaneous) (Q4)";"Business, Management and Accounting; Economics, Econometrics and Finance; Social Sciences"
1280;4700152416;"International Journal of Environment, Workplace and Employment";journal;"17418437, 17418445";"Inderscience Enterprises Ltd";No;No;0,172;Q4;15;5;36;289;27;36;0,78;57,80;41,67;0;United Kingdom;Western Europe;"Inderscience Enterprises Ltd";"2004-2008, 2016-2025";"Organizational Behavior and Human Resource Management (Q4)";"Business, Management and Accounting"
1281;21100936539;"Revue Europeenne d' Economie et Management des Services";journal;"25550284, 24970107";"Editions Classiques Garnier";No;No;0,172;Q4;5;11;35;548;12;35;0,28;49,82;33,33;0;France;Western Europe;"Editions Classiques Garnier";"2016-2025";"Management Information Systems (Q4); Management of Technology and Innovation (Q4); Management Science and Operations Research (Q4); Strategy and Management (Q4)";"Business, Management and Accounting; Decision Sciences"
1282;21100983359;"CERN IdeaSquare Journal of Experimental Innovation";journal;"24139505";"CERN Publishing";Yes;Yes;0,171;Q4;8;18;39;498;17;32;0,35;27,67;39,22;0;Switzerland;Western Europe;"CERN Publishing";"2017-2025";"Information Systems and Management (Q4); Management of Technology and Innovation (Q4)";"Business, Management and Accounting; Decision Sciences"
1283;21101045319;"Iranian Journal of Management Studies";journal;"20087055, 23453745";"University of Tehran, College of Farabi";Yes;Yes;0,171;Q4;0;0;0;0;0;0;0,00;0,00;0,00;0;Iran;Middle East;"University of Tehran, College of Farabi";"2020-2023";"Business and International Management (Q4); Business, Management and Accounting (miscellaneous) (Q4); Marketing (Q4); Strategy and Management (Q4)";"Business, Management and Accounting"
1284;19400157135;"International Journal of Knowledge Management Studies";journal;"17438276, 17438268";"Inderscience Enterprises Ltd";No;No;0,170;Q4;18;20;68;1477;41;67;0,58;73,85;40,48;0;United Kingdom;Western Europe;"Inderscience Enterprises Ltd";"2006-2012, 2014-2025";"Computer Science Applications (Q4); Information Systems and Management (Q4); Management Information Systems (Q4); Management of Technology and Innovation (Q4)";"Business, Management and Accounting; Computer Science; Decision Sciences"
1285;6400153175;"International Journal of Services Operations and Informatics";journal;"1741539X, 17415403";"Inderscience Enterprises Ltd";No;No;0,170;Q4;17;24;39;757;31;39;1,37;31,54;65,96;0;United Kingdom;Western Europe;"Inderscience Enterprises Ltd";"2006-2013, 2016-2024";"Computer Science Applications (Q4); Information Systems (Q4); Management Information Systems (Q4); Management Science and Operations Research (Q4)";"Business, Management and Accounting; Computer Science; Decision Sciences"
1286;21100464774;"Journal of Operational Risk";journal;"17446740, 17552710";"Incisive Media Ltd.";No;No;0,170;Q4;15;16;46;502;26;46;0,67;31,38;6,90;0;United Kingdom;Western Europe;"Incisive Media Ltd.";"2011-2025";"Business and International Management (Q4); Economics and Econometrics (Q4); Finance (Q4)";"Business, Management and Accounting; Economics, Econometrics and Finance"
1287;22755;"Jurnal Ekonomi Malaysia";journal;"27166058, 01271962";"Penerbit Universiti Kebangsaan Malaysia";No;No;0,170;Q4;16;33;152;1760;93;152;0,44;53,33;44,05;0;Malaysia;Asiatic Region;"Penerbit Universiti Kebangsaan Malaysia";"1981, 1983, 2006-2025";"Economics, Econometrics and Finance (miscellaneous) (Q3); Business, Management and Accounting (miscellaneous) (Q4)";"Business, Management and Accounting; Economics, Econometrics and Finance"
1288;21100894526;"Journal of Energy Markets";journal;"17563615, 17563607";"Infopro digital";No;No;0,169;Q4;12;16;44;593;19;43;0,48;37,06;31,43;0;United Kingdom;Western Europe;"Infopro digital";"2013-2025";"Economics and Econometrics (Q4); Energy (miscellaneous) (Q4); Strategy and Management (Q4)";"Business, Management and Accounting; Economics, Econometrics and Finance; Energy"
1289;17115;"Journal of the Textile Association";journal;"03684636";"Textile Association (India)";Yes;No;0,169;Q4;14;12;64;202;11;49;0,15;16,83;41,18;0;India;Asiatic Region;"Textile Association (India)";"1999-2025";"Industrial and Manufacturing Engineering (Q3); Business and International Management (Q4); Polymers and Plastics (Q4)";"Business, Management and Accounting; Engineering; Materials Science"
1290;19900193932;"Informacios Tarsadalom";journal;"15878694";"Infonia";No;No;0,169;-;8;26;80;997;14;80;0,23;38,35;28,57;0;Hungary;Eastern Europe;"Infonia";"2008-2025";"Communication (Q3)";"Social Sciences"
1291;19700173106;"Argumenta Oeconomica";journal;"12335835";"Wroclaw University of Economics";No;No;0,168;Q4;12;23;60;1103;35;60;0,41;47,96;42,86;1;Poland;Eastern Europe;"Wroclaw University of Economics";"2009-2018, 2020-2026";"Economics and Econometrics (Q4); Strategy and Management (Q4)";"Business, Management and Accounting; Economics, Econometrics and Finance"
1292;18300156715;"International Journal of Business Science and Applied Management";journal;"17530296";"International Journal of Business Science and Applied Management";Yes;Yes;0,168;Q4;23;15;12;1392;11;12;0,63;92,80;40,00;1;United Kingdom;Western Europe;"International Journal of Business Science and Applied Management";"2009-2025";"Business and International Management (Q4); Organizational Behavior and Human Resource Management (Q4); Strategy and Management (Q4)";"Business, Management and Accounting"
1293;21100267041;"NTU Management Review";journal;"10181601";"College of Management Press";Yes;No;0,168;Q4;6;15;65;943;16;65;0,35;62,87;56,41;0;Taiwan;Asiatic Region;"College of Management Press";"2012-2025";"Business, Management and Accounting (miscellaneous) (Q4)";"Business, Management and Accounting"
1294;15355;"Travail Humain";journal;"00411868";"";No;No;0,167;Q3;27;7;42;417;31;42;0,90;59,57;20,83;0;France;Western Europe;"";"1947-1949, 1972-1993, 1996-2024";"Industrial Relations (Q3); Applied Psychology (Q4); Human Factors and Ergonomics (Q4); Psychology (miscellaneous) (Q4)";"Business, Management and Accounting; Psychology; Social Sciences"
1295;5700153385;"Journal of Human Values";journal;"09730737, 09716858";"Sage Publications India Pvt. Ltd";No;No;0,167;Q4;23;18;58;750;23;50;0,26;41,67;34,38;1;India;Asiatic Region;"Sage Publications India Pvt. Ltd";"1995-2026";"Cultural Studies (Q2); Philosophy (Q2); Sociology and Political Science (Q3); Organizational Behavior and Human Resource Management (Q4); Social Psychology (Q4)";"Arts and Humanities; Business, Management and Accounting; Psychology; Social Sciences"
1296;21100894549;"New Labor Forum";journal;"15572978, 10957960";"SAGE Publications Inc.";No;No;0,166;Q4;15;45;147;0;90;103;0,74;0,00;40,63;3;United States;Northern America;"SAGE Publications Inc.";"2015-2026";"Social Sciences (miscellaneous) (Q3); Urban Studies (Q3); Economics, Econometrics and Finance (miscellaneous) (Q4); Industrial Relations (Q4)";"Business, Management and Accounting; Economics, Econometrics and Finance; Social Sciences"
1297;10400153309;"Revista de Metodos Cuantitativos para la Economia y la Empresa";journal;"1886516X";"Universidad Pablo de Olavide";Yes;Yes;0,166;Q4;13;39;102;1693;34;101;0,30;43,41;20,79;0;Spain;Western Europe;"Universidad Pablo de Olavide";"2006-2025";"Business, Management and Accounting (miscellaneous) (Q4); Economics, Econometrics and Finance (miscellaneous) (Q4)";"Business, Management and Accounting; Economics, Econometrics and Finance"
1298;21100898040;"Childhood Education";journal;"00094056, 21620725";"Taylor and Francis Ltd.";No;No;0,165;Q4;33;62;186;11;115;151;0,37;0,18;60,00;5;United Kingdom;Western Europe;"Taylor and Francis Ltd.";"1955-1956, 1979, 1984-1992, 1994-2026";"Developmental and Educational Psychology (Q4); Education (Q4); Management of Technology and Innovation (Q4)";"Business, Management and Accounting; Psychology; Social Sciences"
1299;19900192544;"Trziste";journal;"03534790";"University of Zagreb";Yes;Yes;0,165;Q4;10;0;0;0;0;0;0,00;0,00;0,00;0;Croatia;Eastern Europe;"University of Zagreb";"2011-2015";"Economics, Econometrics and Finance (miscellaneous) (Q4); Marketing (Q4)";"Business, Management and Accounting; Economics, Econometrics and Finance"
1300;17500155011;"International Journal of Intelligent Enterprise";journal;"17453232, 17453240";"Inderscience Enterprises Ltd";No;No;0,164;Q4;15;35;81;784;66;78;0,77;22,40;21,15;0;United Kingdom;Western Europe;"Inderscience Enterprises Ltd";"2007, 2009, 2012-2026";"Business and International Management (Q4); Management of Technology and Innovation (Q4); Strategy and Management (Q4)";"Business, Management and Accounting"
1301;21100786532;"Journal of Korea Trade";journal;"1229828X";"Korea Trade Research Association";Yes;No;0,164;Q4;11;39;144;1721;40;143;0,23;44,13;24,00;0;South Korea;Asiatic Region;"Korea Trade Research Association";"2013-2021";"Business and International Management (Q4); Economics, Econometrics and Finance (miscellaneous) (Q4); Industrial Relations (Q4)";"Business, Management and Accounting; Economics, Econometrics and Finance"
1302;12364;"International Journal of Information and Management Sciences";journal;"10171819";"Tamkang University";No;No;0,163;Q4;27;20;64;921;30;62;0,57;46,05;38,46;0;Taiwan;Asiatic Region;"Tamkang University";"1996-2025";"Control and Systems Engineering (Q4); Industrial and Manufacturing Engineering (Q4); Information Systems and Management (Q4); Management Information Systems (Q4); Strategy and Management (Q4)";"Business, Management and Accounting; Decision Sciences; Engineering"
1303;19600162021;"Pertanika Journal of Social Sciences and Humanities";journal;"01287702, 22318534";"Universiti Putra Malaysia";Yes;No;0,163;Q4;24;219;827;10677;382;827;0,39;48,75;45,42;5;Malaysia;Asiatic Region;"Universiti Putra Malaysia";"2009-2025";"Arts and Humanities (miscellaneous) (Q3); Social Sciences (miscellaneous) (Q3); Business, Management and Accounting (miscellaneous) (Q4); Economics, Econometrics and Finance (miscellaneous) (Q4)";"Arts and Humanities; Business, Management and Accounting; Economics, Econometrics and Finance; Social Sciences"
1304;21100897507;"Academic Journal of Interdisciplinary Studies (discontinued)";journal;"22813993, 22814612";"Richtmann Publishing Ltd";No;No;0,162;Q4;21;172;279;7067;181;279;0,65;41,09;41,81;1;Italy;Western Europe;"Richtmann Publishing Ltd";"2013, 2018-2024";"Arts and Humanities (miscellaneous) (Q3); Social Sciences (miscellaneous) (Q3); Business, Management and Accounting (miscellaneous) (Q4); Economics, Econometrics and Finance (miscellaneous) (Q4); Environmental Science (miscellaneous) (Q4)";"Arts and Humanities; Business, Management and Accounting; Economics, Econometrics and Finance; Environmental Science; Social Sciences"
1305;21100889435;"Academica Turistica";journal;"23354194, 18553303";"University of Primorska";No;No;0,162;Q4;10;17;51;987;41;50;0,94;58,06;52,27;0;Slovenia;Eastern Europe;"University of Primorska";"2018-2025";"Social Sciences (miscellaneous) (Q3); Management of Technology and Innovation (Q4); Tourism, Leisure and Hospitality Management (Q4)";"Business, Management and Accounting; Social Sciences"
1306;21101026934;"Economics and Business Review";journal;"23921641, 24500097";"";Yes;Yes;0,162;Q4;13;27;45;1177;45;43;1,00;43,59;28,21;1;Poland;Eastern Europe;"";"2019-2025";"Business and International Management (Q4); Economics and Econometrics (Q4); Finance (Q4)";"Business, Management and Accounting; Economics, Econometrics and Finance"
1307;21100390414;"Scientific Papers of the University of Pardubice, Series D: Faculty of Economics and Administration";journal;"18048048, 1211555X";"University of Pardubice";Yes;No;0,162;Q4;12;38;161;1898;101;161;0,80;49,95;54,26;3;Czech Republic;Eastern Europe;"University of Pardubice";"2014-2025";"Business, Management and Accounting (miscellaneous) (Q4); Economics, Econometrics and Finance (miscellaneous) (Q4)";"Business, Management and Accounting; Economics, Econometrics and Finance"
1308;21100838563;"Annals of Applied Sport Science (discontinued)";journal;"24764981, 23224479";"";Yes;No;0,161;Q4;15;44;132;1642;62;131;0,43;37,32;39,47;0;Iran;Middle East;"";"2017-2025";"Social Sciences (miscellaneous) (Q3); Applied Psychology (Q4); Orthopedics and Sports Medicine (Q4); Physical Therapy, Sports Therapy and Rehabilitation (Q4); Tourism, Leisure and Hospitality Management (Q4)";"Business, Management and Accounting; Health Professions; Medicine; Psychology; Social Sciences"
1309;21100842861;"International Journal of Agricultural Management";journal;"20473710";"Institute of Agricultural Management";Yes;No;0,161;Q4;8;0;83;0;41;82;0,29;0,00;0,00;0;United Kingdom;Western Europe;"Institute of Agricultural Management";"2017-2020";"Agricultural and Biological Sciences (miscellaneous) (Q4); Business, Management and Accounting (miscellaneous) (Q4); Economics and Econometrics (Q4); Geography, Planning and Development (Q4); Management, Monitoring, Policy and Law (Q4)";"Agricultural and Biological Sciences; Business, Management and Accounting; Economics, Econometrics and Finance; Environmental Science; Social Sciences"
1310;4700152760;"Latin American Business Review";journal;"10978526, 15286932";"Taylor and Francis Ltd.";No;No;0,161;Q4;20;16;50;1009;28;49;0,76;63,06;35,42;1;United Kingdom;Western Europe;"Taylor and Francis Ltd.";"1998, 2000-2026";"Business and International Management (Q4); Business, Management and Accounting (miscellaneous) (Q4)";"Business, Management and Accounting"
1311;21100198553;"International Journal of Banking, Accounting and Finance";journal;"17553830, 17553849";"Inderscience";No;No;0,160;Q4;14;18;40;847;18;39;0,40;47,06;27,50;0;Switzerland;Western Europe;"Inderscience";"2008-2025";"Accounting (Q4); Economics and Econometrics (Q4); Finance (Q4)";"Business, Management and Accounting; Economics, Econometrics and Finance"
1312;21101021439;"Southern African Journal of Entrepreneurship and Small Business Management";journal;"25227343, 20713185";"AOSIS (Pty) Ltd";Yes;No;0,160;Q4;12;15;24;1092;32;24;1,33;72,80;50,00;0;South Africa;Africa;"AOSIS (Pty) Ltd";"2019-2026";"Business and International Management (Q4); Development (Q4); Economics and Econometrics (Q4); Strategy and Management (Q4)";"Business, Management and Accounting; Economics, Econometrics and Finance; Social Sciences"
1313;21101040605;"Turyzm/Tourism";journal;"08675856, 20806922";"Lodz University Press";Yes;Yes;0,160;-;13;29;95;1278;38;88;0,32;44,07;34,62;0;Poland;Eastern Europe;"Lodz University Press";"2001-2025";"Social Sciences (miscellaneous) (Q3); Sociology and Political Science (Q3); Economics, Econometrics and Finance (miscellaneous) (Q4); Geography, Planning and Development (Q4)";"Economics, Econometrics and Finance; Social Sciences"
1314;21101027443;"International Journal of Strategic Change Management";journal;"17402859, 17402867";"Inderscience Enterprises Ltd";No;No;0,159;Q4;4;11;4;703;4;4;0,00;63,91;43,48;0;Switzerland;Western Europe;"Inderscience Enterprises Ltd";"2018, 2021-2022";"Strategy and Management (Q4)";"Business, Management and Accounting"
1315;21100900373;"Asian International Studies Review";journal;"12268240";"Brill Academic Publishers";No;No;0,158;Q4;7;11;38;742;20;38;0,48;67,45;42,86;0;Netherlands;Western Europe;"Brill Academic Publishers";"2018-2025";"Cultural Studies (Q2); History (Q2); Sociology and Political Science (Q3); Business and International Management (Q4); Industrial Relations (Q4)";"Arts and Humanities; Business, Management and Accounting; Social Sciences"
1316;145292;"Development and Learning in Organizations";journal;"14777282";"Emerald Group Publishing Ltd.";No;No;0,158;Q4;26;93;230;253;98;215;0,49;2,72;34,04;0;United Kingdom;Western Europe;"Emerald Group Publishing Ltd.";"2003-2026";"Library and Information Sciences (Q3); Organizational Behavior and Human Resource Management (Q4)";"Business, Management and Accounting; Social Sciences"
1317;21100896892;"Revista de Administracao Mackenzie";journal;"15186776, 16786971";"Mackenzie Presbyterian University";Yes;Yes;0,158;Q4;20;41;107;2083;67;107;0,53;50,80;34,43;0;Brazil;Latin America;"Mackenzie Presbyterian University";"2008-2025";"Sociology and Political Science (Q3); Business, Management and Accounting (miscellaneous) (Q4)";"Business, Management and Accounting; Social Sciences"
1318;12764;"International Journal of Technology, Policy and Management";journal;"17415292, 14684322";"Inderscience Enterprises Ltd";No;No;0,157;Q4;25;20;63;1022;29;62;0,29;51,10;30,00;0;United Kingdom;Western Europe;"Inderscience Enterprises Ltd";"2001-2025";"Business, Management and Accounting (miscellaneous) (Q4); Engineering (miscellaneous) (Q4)";"Business, Management and Accounting; Engineering"
1319;21100984845;"Journal of School Administration Research and Development";journal;"24708496, 2470850X";"California State University";Yes;No;0,157;Q4;8;10;44;419;24;39;0,53;41,90;58,82;0;United States;Northern America;"California State University";"2018-2025";"Development (Q4); Strategy and Management (Q4)";"Business, Management and Accounting; Social Sciences"
1320;21100773744;"International Journal of Marketing Semiotics and Discourse Studies";journal;"21952280";"University of Kassel";No;No;0,156;Q4;7;3;9;99;5;9;0,17;33,00;0,00;0;Germany;Western Europe;"University of Kassel";"2013-2026";"Communication (Q3); Linguistics and Language (Q3); Marketing (Q4)";"Business, Management and Accounting; Social Sciences"
1321;4000149502;"International Journal of Product Development";journal;"14779056, 17418178";"Inderscience Enterprises Ltd";No;No;0,156;Q4;34;21;49;872;30;48;0,64;41,52;29,55;0;United Kingdom;Western Europe;"Inderscience Enterprises Ltd";"2004-2025";"Business and International Management (Q4); Economics and Econometrics (Q4); Management of Technology and Innovation (Q4); Strategy and Management (Q4)";"Business, Management and Accounting; Economics, Econometrics and Finance"
1322;21100830705;"Journal of Information Technology Management";journal;"20085893, 24235059";"University of Tehran";Yes;Yes;0,156;Q4;22;96;93;3683;79;93;1,07;38,36;47,96;0;Iran;Middle East;"University of Tehran";"2017-2025";"Information Systems (Q4); Information Systems and Management (Q4); Management of Technology and Innovation (Q4)";"Business, Management and Accounting; Computer Science; Decision Sciences"
1323;21100888595;"Transnational Marketing Journal (discontinued)";journal;"20414684, 20414692";"Transnational Press London Ltd";No;No;0,156;Q4;13;32;39;1341;18;35;0,47;41,91;55,07;0;United Kingdom;Western Europe;"Transnational Press London Ltd";"2018-2023";"Communication (Q3); Sociology and Political Science (Q3); Marketing (Q4)";"Business, Management and Accounting; Social Sciences"
1324;21100395417;"World Customs Journal";journal;"18346715, 18346707";"International Network of Customs Universities";No;No;0,156;Q4;15;24;67;594;22;62;0,30;24,75;36,84;0;Australia;Pacific Region;"International Network of Customs Universities";"2007-2025";"Business and International Management (Q4); Economics, Econometrics and Finance (miscellaneous) (Q4); Safety Research (Q4)";"Business, Management and Accounting; Economics, Econometrics and Finance; Social Sciences"
1325;21100264891;"Applications of Management Science";book series;"02768976";"Emerald Group Publishing Ltd.";No;No;0,155;Q4;12;0;20;0;12;20;0,73;0,00;0,00;0;United Kingdom;Western Europe;"Emerald Group Publishing Ltd.";"2006, 2009-2010, 2012-2013, 2015, 2017-2018, 2020, 2022, 2025";"Business, Management and Accounting (miscellaneous) (Q4)";"Business, Management and Accounting"
1326;26918;"Negotiation Journal";journal;"15719979, 07484526";"MIT Press";No;No;0,155;Q4;42;24;120;1123;54;97;0,47;46,79;33,33;4;United States;Northern America;"MIT Press";"1985-2025";"Social Sciences (miscellaneous) (Q3); Management of Technology and Innovation (Q4); Strategy and Management (Q4)";"Business, Management and Accounting; Social Sciences"
1327;21101021137;"Revista Brasileira de Marketing";journal;"21775184";"Universidade Nove de Julho-UNINOVE";Yes;Yes;0,155;Q4;10;46;136;2920;54;136;0,32;63,48;41,48;0;Brazil;Latin America;"Universidade Nove de Julho-UNINOVE";"2015-2026";"Economics and Econometrics (Q4); Marketing (Q4)";"Business, Management and Accounting; Economics, Econometrics and Finance"
1328;21100847471;"South Asian Journal of Business and Management Cases";journal;"23210303, 22779779";"SAGE Publications Ltd";No;No;0,155;Q4;15;27;84;727;36;79;0,38;26,93;45,61;0;United Kingdom;Western Europe;"SAGE Publications Ltd";"2012, 2015-2025";"Business and International Management (Q4); Management of Technology and Innovation (Q4); Strategy and Management (Q4)";"Business, Management and Accounting"
1329;21100870382;"ABAC Journal";journal;"08580855";"Assumption University";No;No;0,154;Q4;15;57;100;2630;48;93;0,49;46,14;40,24;0;Thailand;Asiatic Region;"Assumption University";"2018-2025";"Literature and Literary Theory (Q1); Social Sciences (miscellaneous) (Q3); Business, Management and Accounting (miscellaneous) (Q4); Economics, Econometrics and Finance (miscellaneous) (Q4); Education (Q4)";"Arts and Humanities; Business, Management and Accounting; Economics, Econometrics and Finance; Social Sciences"
1330;21100945165;"Acta Informatica Pragensia";journal;"18054951";"";Yes;Yes;0,153;Q4;12;22;20;1148;24;19;1,20;52,18;31,37;1;Czech Republic;Eastern Europe;"";"2019-2025";"Library and Information Sciences (Q3); Computer Science Applications (Q4); Information Systems (Q4); Management Information Systems (Q4)";"Business, Management and Accounting; Computer Science; Social Sciences"
1331;25251;"Business Lawyer";journal;"00076899";"American Bar Association";No;No;0,153;Q4;25;62;207;6837;53;187;0,28;110,27;23,96;0;United States;Northern America;"American Bar Association";"1979, 1995-2012, 2014-2025";"Law (Q3); Organizational Behavior and Human Resource Management (Q4)";"Business, Management and Accounting; Social Sciences"
1332;5700156119;"Global Business and Finance Review";journal;"23841648, 10886931";"People and Global Business Association";Yes;No;0,153;Q4;17;29;82;1303;32;82;0,42;44,93;47,50;0;South Korea;Asiatic Region;"People and Global Business Association";"2014-2026";"Business and International Management (Q4); Finance (Q4)";"Business, Management and Accounting; Economics, Econometrics and Finance"
1333;4000149708;"International Journal of Management and Enterprise Development";journal;"17418127, 14684330";"Inderscience Enterprises Ltd";No;No;0,153;Q4;31;22;61;1611;49;55;0,73;73,23;32,00;0;United Kingdom;Western Europe;"Inderscience Enterprises Ltd";"2003-2026";"Business and International Management (Q4); Management Science and Operations Research (Q4)";"Business, Management and Accounting; Decision Sciences"
1334;21100933997;"Journal of Tourism and Development";journal;"16459261, 21821453";"Universidade de Aveiro";No;No;0,153;Q4;13;110;51;4736;71;48;1,39;43,05;56,33;0;Portugal;Western Europe;"Universidade de Aveiro";"2019-2025";"Geography, Planning and Development (Q4); Tourism, Leisure and Hospitality Management (Q4)";"Business, Management and Accounting; Social Sciences"
1335;21100244215;"Revue d'Economie Industrielle";journal;"01543229, 17730198";"Editions Techniques et Economiques";No;No;0,153;Q4;18;31;56;1604;17;56;0,23;51,74;41,38;1;France;Western Europe;"Editions Techniques et Economiques";"2008-2024";"Economics and Econometrics (Q4); Industrial Relations (Q4)";"Business, Management and Accounting; Economics, Econometrics and Finance"
1336;21100275419;"Rivista di Studi sulla Sostenibilita";journal;"22397221, 22391959";"FrancoAngeli";No;No;0,153;Q4;17;37;116;1107;81;110;0,67;29,92;63,11;0;Italy;Western Europe;"FrancoAngeli";"2011-2025";"Law (Q3); Development (Q4); Economics and Econometrics (Q4); Management, Monitoring, Policy and Law (Q4); Renewable Energy, Sustainability and the Environment (Q4); Strategy and Management (Q4)";"Business, Management and Accounting; Economics, Econometrics and Finance; Energy; Environmental Science; Social Sciences"
1337;4200151514;"International Journal of Business Performance Management";journal;"13684892, 17415039";"Inderscience Enterprises Ltd";No;No;0,152;Q4;27;25;75;1421;50;75;0,69;56,84;20,37;0;United Kingdom;Western Europe;"Inderscience Enterprises Ltd";"1998-2026";"Business and International Management (Q4); Strategy and Management (Q4)";"Business, Management and Accounting"
1338;3300147410;"Journal of Asian Pacific Communication";journal;"15699838, 09576851";"John Benjamins Publishing Company";No;No;0,152;Q4;25;14;43;588;24;41;0,22;42,00;80,00;0;Netherlands;Western Europe;"John Benjamins Publishing Company";"2000-2026";"Communication (Q3); Business, Management and Accounting (miscellaneous) (Q4); Economics and Econometrics (Q4); Geography, Planning and Development (Q4)";"Business, Management and Accounting; Economics, Econometrics and Finance; Social Sciences"
1339;6800153108;"Jurnal Pengurusan";journal;"01272713";"Penerbit Universiti Kebangsaan Malaysia";No;No;0,152;Q4;22;37;138;2317;68;138;0,41;62,62;50,00;0;Malaysia;Asiatic Region;"Penerbit Universiti Kebangsaan Malaysia";"2006-2025";"Accounting (Q4); Business and International Management (Q4); Business, Management and Accounting (miscellaneous) (Q4)";"Business, Management and Accounting"
1340;21100896488;"International Journal of Business Intelligence Research";journal;"19473605, 19473591";"IGI Global Publishing";No;No;0,151;Q4;10;10;23;564;20;23;0,86;56,40;50,00;0;United States;Northern America;"IGI Global Publishing";"2018-2025";"Information Systems and Management (Q4); Management Information Systems (Q4); Statistics, Probability and Uncertainty (Q4)";"Business, Management and Accounting; Decision Sciences"
1341;21100800043;"Journal of Hospitality Financial Management";journal;"21522790, 10913211";"International Association of Hospitality Financial Management Educators";No;No;0,151;Q4;16;9;31;307;6;26;0,20;34,11;47,06;0;United States;Northern America;"International Association of Hospitality Financial Management Educators";"1997-2022";"Finance (Q4); Strategy and Management (Q4); Tourism, Leisure and Hospitality Management (Q4)";"Business, Management and Accounting; Economics, Econometrics and Finance"
1342;21100912972;"Cutter Business Technology Journal (discontinued)";journal;"24753718, 24753742";"Cutter Consortium";No;No;0,150;Q4;5;0;135;0;75;133;0,04;0,00;0,00;0;United States;Northern America;"Cutter Consortium";"2016-2019, 2023-2024";"Business and International Management (Q4); Computer Science Applications (Q4); Management of Technology and Innovation (Q4); Software (Q4); Strategy and Management (Q4)";"Business, Management and Accounting; Computer Science"
1343;4700152810;"International Journal of Business Process Integration and Management";journal;"17418771, 17418763";"Inderscience Enterprises Ltd";No;No;0,150;Q4;22;13;39;689;20;39;0,50;53,00;26,32;0;United Kingdom;Western Europe;"Inderscience Enterprises Ltd";"2005-2015, 2017-2022, 2024-2025";"Business and International Management (Q4); Management Science and Operations Research (Q4); Strategy and Management (Q4)";"Business, Management and Accounting; Decision Sciences"
1344;20449;"International Journal of Manufacturing Technology and Management";journal;"13682148, 17415195";"Inderscience Publishers";No;No;0,149;Q4;27;30;95;950;45;92;0,37;31,67;30,43;0;United Kingdom;Western Europe;"Inderscience Publishers";"2000-2026";"Computer Science Applications (Q4); Electrical and Electronic Engineering (Q4); Industrial and Manufacturing Engineering (Q4); Information Systems and Management (Q4); Strategy and Management (Q4)";"Business, Management and Accounting; Computer Science; Decision Sciences; Engineering"
1345;18200156703;"Journal of International Trade Law and Policy";journal;"14770024";"Emerald Group Publishing Ltd.";No;No;0,149;Q4;15;9;31;512;19;31;0,55;56,89;43,75;0;United Kingdom;Western Europe;"Emerald Group Publishing Ltd.";"2002-2026";"Law (Q3); Political Science and International Relations (Q3); Economics, Econometrics and Finance (miscellaneous) (Q4); Industrial Relations (Q4)";"Business, Management and Accounting; Economics, Econometrics and Finance; Social Sciences"
1346;26486;"Sociologia del Lavoro";journal;"1972554X, 03925048";"FrancoAngeli";No;No;0,149;Q4;9;40;128;1727;34;120;0,24;43,18;42,62;0;Italy;Western Europe;"FrancoAngeli";"1992, 1996, 2015-2025";"Sociology and Political Science (Q3); Economics and Econometrics (Q4); Organizational Behavior and Human Resource Management (Q4)";"Business, Management and Accounting; Economics, Econometrics and Finance; Social Sciences"
1347;17700156014;"Travail, Genre et Societes";journal;"12946303";"Editions La Decouverte";No;No;0,149;Q4;19;14;110;241;24;106;0,16;17,21;71,43;2;France;Western Europe;"Editions La Decouverte";"2001-2024";"Sociology and Political Science (Q3); Business and International Management (Q4); Economics and Econometrics (Q4); Gender Studies (Q4); Organizational Behavior and Human Resource Management (Q4)";"Business, Management and Accounting; Economics, Econometrics and Finance; Social Sciences"
1348;21100286889;"Cuadernos de Turismo";journal;"19894635, 11397861";"Universidad de Murcia";Yes;Yes;0,148;Q4;15;30;132;362;50;132;0,27;12,07;55,93;0;Spain;Western Europe;"Universidad de Murcia";"2013-2025";"Geography, Planning and Development (Q4); Nature and Landscape Conservation (Q4); Tourism, Leisure and Hospitality Management (Q4)";"Business, Management and Accounting; Environmental Science; Social Sciences"
1349;21100200830;"International Journal of Information Science and Management";journal;"20088310, 20088302";"Regional Information Center for Science and Technology";Yes;Yes;0,148;Q4;16;26;64;918;32;64;0,45;35,31;34,92;0;Iran;Middle East;"Regional Information Center for Science and Technology";"2008-2025";"Library and Information Sciences (Q3); Information Systems and Management (Q4); Management Information Systems (Q4); Statistics, Probability and Uncertainty (Q4)";"Business, Management and Accounting; Decision Sciences; Social Sciences"
1350;21100199124;"International Journal of Sustainable Manufacturing";journal;"17427223, 17427231";"Inderscience";No;No;0,148;Q4;19;3;24;119;17;24;0,84;39,67;13,33;0;Switzerland;Western Europe;"Inderscience";"2008-2015, 2018, 2020-2022";"Social Sciences (miscellaneous) (Q3); Decision Sciences (miscellaneous) (Q4); Industrial and Manufacturing Engineering (Q4); Management of Technology and Innovation (Q4)";"Business, Management and Accounting; Decision Sciences; Engineering; Social Sciences"
1351;21100942914;"Organizatsionnaya Psikhologiya";journal;"23125942";"National Research University Higher School of Economics (HSE University)";Yes;No;0,148;Q4;8;38;65;2148;29;65;0,45;56,53;53,33;0;Russian Federation;Eastern Europe;"National Research University Higher School of Economics (HSE University)";"2019-2025";"Applied Psychology (Q4); Organizational Behavior and Human Resource Management (Q4); Social Psychology (Q4)";"Business, Management and Accounting; Psychology"
1352;21100202508;"Revista Brasileira de Orientacao Profissional";journal;"16793390, 19847270";"Associacao Brasileira de Orientadores Profissionais";Yes;Yes;0,148;Q4;13;19;69;850;33;65;0,23;44,74;60,53;0;Brazil;Latin America;"Associacao Brasileira de Orientadores Profissionais";"2011-2024";"Applied Psychology (Q4); Education (Q4); Organizational Behavior and Human Resource Management (Q4)";"Business, Management and Accounting; Psychology; Social Sciences"
1353;19500157308;"Zeitschrift fur die gesamte Versicherungswissenschaft";journal;"00442585, 18659748";"Duncker und Humblot GmbH";Yes;Yes;0,148;Q4;13;13;62;356;24;56;0,43;27,38;33,33;0;Germany;Western Europe;"Duncker und Humblot GmbH";"1979-1996, 2005-2006, 2008-2025";"Accounting (Q4); Economics and Econometrics (Q4); Finance (Q4)";"Business, Management and Accounting; Economics, Econometrics and Finance"
1354;21101039609;"Korean Accounting Review";journal;"25087193, 12293288";"Korean Accounting Association";No;No;0,147;Q4;5;41;84;1923;22;84;0,26;46,90;46,75;0;South Korea;Asiatic Region;"Korean Accounting Association";"2019-2025";"Accounting (Q4)";"Business, Management and Accounting"
1355;5700164072;"Travail et Emploi";journal;"1775416X, 02244365";"Dares";No;No;0,147;Q4;12;16;55;690;22;41;0,35;43,13;33,33;4;France;Western Europe;"Dares";"2008-2022, 2024-2025";"Economics, Econometrics and Finance (miscellaneous) (Q4); Organizational Behavior and Human Resource Management (Q4); Strategy and Management (Q4)";"Business, Management and Accounting; Economics, Econometrics and Finance"
1356;19400158801;"Asian Academy of Management Journal of Accounting and Finance";journal;"21804192, 18234992";"Penerbit Universiti Sains Malaysia";Yes;Yes;0,146;Q4;22;21;46;1263;33;46;0,42;60,14;54,55;1;Malaysia;Asiatic Region;"Penerbit Universiti Sains Malaysia";"2006, 2009-2025";"Accounting (Q4); Finance (Q4)";"Business, Management and Accounting; Economics, Econometrics and Finance"
1357;21100890137;"International Journal of Business Continuity and Risk Management";journal;"17582164, 17582172";"Inderscience";No;No;0,146;Q4;10;24;59;1008;30;58;0,38;42,00;38,71;0;Switzerland;Western Europe;"Inderscience";"2016-2025";"Statistics and Probability (Q4); Statistics, Probability and Uncertainty (Q4); Strategy and Management (Q4)";"Business, Management and Accounting; Decision Sciences; Mathematics"
1358;20811;"Betriebswirtschaftliche Forschung und Praxis";journal;"03405370";"Verlag Neue Wirtschafts-Briefe GmbH and Co";No;No;0,145;Q4;11;31;102;2047;20;99;0,26;66,03;22,39;0;Germany;Western Europe;"Verlag Neue Wirtschafts-Briefe GmbH and Co";"1974-1975, 1977, 1989, 1996-2021";"Business and International Management (Q4); Business, Management and Accounting (miscellaneous) (Q4); Economics and Econometrics (Q4)";"Business, Management and Accounting; Economics, Econometrics and Finance"
1359;19900193866;"Gedrag en Organisatie";journal;"09215077, 18757235";"Amsterdam University Press";No;No;0,145;Q4;15;17;53;780;9;49;0,16;45,88;50,00;0;Netherlands;Western Europe;"Amsterdam University Press";"2008-2025";"Organizational Behavior and Human Resource Management (Q4); Social Psychology (Q4); Strategy and Management (Q4)";"Business, Management and Accounting; Psychology"
1360;12100155657;"Mundo Agrario";journal;"15155994";"Universidad Nacional de La Plata";Yes;Yes;0,145;Q4;12;25;73;1787;21;73;0,24;71,48;35,56;0;Argentina;Latin America;"Universidad Nacional de La Plata";"2008-2025";"History (Q2); Urban Studies (Q3); Agricultural and Biological Sciences (miscellaneous) (Q4); Geography, Planning and Development (Q4); Industrial Relations (Q4)";"Agricultural and Biological Sciences; Arts and Humanities; Business, Management and Accounting; Social Sciences"
1361;14141;"Journal of Health and Human Services Administration";journal;"10793739, 21685509";"SAGE Publications Inc.";No;No;0,144;-;27;17;60;920;30;56;0,33;54,12;64,44;1;United States;Northern America;"SAGE Publications Inc.";"1994-2025";"Health Policy (Q4); Leadership and Management (Q4); Medicine (miscellaneous) (Q4); Public Health, Environmental and Occupational Health (Q4)";"Medicine; Nursing"
1362;21100388306;"Accounting Historians Journal";journal;"01484184, 23274468";"American Accounting Association";No;No;0,143;Q4;29;13;45;502;15;38;0,16;38,62;20,00;0;United States;Northern America;"American Accounting Association";"1974-2025";"Accounting (Q4)";"Business, Management and Accounting"
1363;145514;"Journal of Textile and Apparel, Technology and Management";journal;"15330915";"North Carolina State University";No;No;0,143;Q4;34;16;75;471;39;70;0,39;29,44;36,36;0;United States;Northern America;"North Carolina State University";"2000-2002, 2004-2007, 2009-2016, 2018-2023, 2025";"Management of Technology and Innovation (Q4)";"Business, Management and Accounting"
1364;12431;"Prace i Studia Geograficzne";journal;"25437313, 02084589";"Sciendo";Yes;No;0,143;Q4;13;59;72;1970;16;71;0,23;33,39;55,26;0;Poland;Eastern Europe;"Sciendo";"1979, 1983-1985, 1988, 1992, 1994-2005, 2008-2025";"Cultural Studies (Q2); Urban Studies (Q3); Earth and Planetary Sciences (miscellaneous) (Q4); Geography, Planning and Development (Q4); Sociology and Political Science (Q4); Tourism, Leisure and Hospitality Management (Q4)";"Business, Management and Accounting; Earth and Planetary Sciences; Social Sciences"
1365;21100896203;"Finance India";journal;"09703772";"Indian Institute of Finance";No;No;0,141;Q4;9;65;174;2323;12;167;0,07;35,74;41,38;0;India;Asiatic Region;"Indian Institute of Finance";"2018-2025";"Accounting (Q4); Finance (Q4)";"Business, Management and Accounting; Economics, Econometrics and Finance"
1366;21100866218;"International Journal of Hospitality and Tourism Systems";journal;"09746250";"Publishing India Group";No;No;0,140;Q4;12;44;52;2290;23;52;0,47;52,05;35,62;0;India;Asiatic Region;"Publishing India Group";"2018-2025";"Tourism, Leisure and Hospitality Management (Q4)";"Business, Management and Accounting"
1367;21101045037;"International Journal of Professional Business Review (discontinued)";journal;"25253654";"AOS-Estratagia and Inovacao";Yes;No;0,140;Q4;20;10;58;544;11;57;0,26;54,40;48,00;1;Brazil;Latin America;"AOS-Estratagia and Inovacao";"2016-2023";"Business, Management and Accounting (miscellaneous) (Q4); Decision Sciences (miscellaneous) (Q4); Strategy and Management (Q4); Tourism, Leisure and Hospitality Management (Q4)";"Business, Management and Accounting; Decision Sciences"
1368;300147005;"Tamkang Journal of International Affairs";journal;"10274979";"Tamkang University";No;No;0,140;Q4;6;27;61;862;10;51;0,20;31,93;42,31;0;Taiwan;Asiatic Region;"Tamkang University";"2005-2025";"Political Science and International Relations (Q3); Business and International Management (Q4); Education (Q4); Strategy and Management (Q4)";"Business, Management and Accounting; Social Sciences"
1369;144743;"Human Resource Management International Digest";journal;"09670734";"Emerald Group Publishing Ltd.";No;No;0,139;Q4;22;101;296;63;99;258;0,03;0,62;50,00;0;United Kingdom;Western Europe;"Emerald Group Publishing Ltd.";"2002-2026";"Organizational Behavior and Human Resource Management (Q4)";"Business, Management and Accounting"
1370;21101023959;"International Journal of Production Management and Engineering";journal;"23404876, 23405317";"Universidad Politecnica de Valencia";Yes;Yes;0,138;Q4;12;12;29;481;18;29;0,62;40,08;23,53;0;Spain;Western Europe;"Universidad Politecnica de Valencia";"2019-2025";"Business and International Management (Q4); Industrial and Manufacturing Engineering (Q4); Management Science and Operations Research (Q4); Strategy and Management (Q4)";"Business, Management and Accounting; Decision Sciences; Engineering"
1371;21100927900;"Journal of Food Distribution Research";journal;"26433354";"Food Distribution Research Society";Yes;No;0,138;Q4;7;24;43;538;14;41;0,33;22,42;50,75;0;United States;Northern America;"Food Distribution Research Society";"2019-2025";"Agronomy and Crop Science (Q4); Economics and Econometrics (Q4); Food Science (Q4); Management Science and Operations Research (Q4); Marketing (Q4)";"Agricultural and Biological Sciences; Business, Management and Accounting; Decision Sciences; Economics, Econometrics and Finance"
1372;21100891790;"African Journal of Business and Economic Research";journal;"17504554, 17504562";"Adonis &amp; Abbey Publishers Ltd.";No;No;0,137;Q4;13;77;112;2933;50;103;0,40;38,09;28,65;1;United Kingdom;Western Europe;"Adonis &amp; Abbey Publishers Ltd.";"2006-2025";"Business and International Management (Q4); Economics and Econometrics (Q4)";"Business, Management and Accounting; Economics, Econometrics and Finance"
1373;21100212325;"International Journal of Disability Management";journal;"18344887, 18338550";"Cambridge University Press";No;No;0,137;Q4;12;0;15;0;7;15;0,40;0,00;0,00;0;United Kingdom;Western Europe;"Cambridge University Press";"2006-2020";"Health (social science) (Q4); Organizational Behavior and Human Resource Management (Q4)";"Business, Management and Accounting; Social Sciences"
1374;12100154904;"Privredna Kretanja i Ekonomska Politika";journal;"1330187X";"Institute of Economics (Zagreb)";Yes;No;0,137;Q4;8;0;9;0;2;8;0,50;0,00;0,00;0;Croatia;Eastern Europe;"Institute of Economics (Zagreb)";"2008-2019";"Business and International Management (Q4); Economics, Econometrics and Finance (miscellaneous) (Q4)";"Business, Management and Accounting; Economics, Econometrics and Finance"
1375;21100888250;"IBIMA Business Review";journal;"19473788";"IBIMA Publishing";No;No;0,136;Q4;13;184;114;5559;44;114;0,40;30,21;55,90;2;United States;Northern America;"IBIMA Publishing";"2012, 2018-2026";"Business, Management and Accounting (miscellaneous) (Q4); Education (Q4)";"Business, Management and Accounting; Social Sciences"
1376;21100258752;"International Journal of Organizational Diversity";journal;"23286261, 23286229";"Common Ground Research Networks";No;No;0,136;Q4;6;12;19;691;8;19;0,43;57,58;52,17;0;United States;Northern America;"Common Ground Research Networks";"2013-2025";"Cultural Studies (Q3); Organizational Behavior and Human Resource Management (Q4)";"Business, Management and Accounting; Social Sciences"
1377;100147315;"Journal of Applied Business Research (discontinued)";journal;"08927626";"Clute Institute";No;No;0,136;Q4;36;22;70;733;34;70;0,10;33,32;28,89;0;United States;Northern America;"Clute Institute";"2005-2023";"Business and International Management (Q4)";"Business, Management and Accounting"
1378;21100925894;"Humanities and Social Sciences Letters";journal;"23125659, 23124318";"Conscientia Beam";No;No;0,135;Q4;12;36;62;1451;37;62;0,60;40,31;29,25;0;Pakistan;Asiatic Region;"Conscientia Beam";"2019-2026";"Business, Management and Accounting (miscellaneous) (Q4); Economics, Econometrics and Finance (miscellaneous) (Q4); Social Sciences (miscellaneous) (Q4)";"Business, Management and Accounting; Economics, Econometrics and Finance; Social Sciences"
1379;18700156730;"International Journal of Technoentrepreneurship";journal;"17465370, 17465389";"Inderscience Enterprises Ltd";No;No;0,135;Q4;11;0;10;0;5;10;0,50;0,00;0,00;0;United Kingdom;Western Europe;"Inderscience Enterprises Ltd";"2007-2009, 2011, 2015-2017, 2020, 2022-2025";"Business and International Management (Q4); Economics and Econometrics (Q4); Management of Technology and Innovation (Q4); Strategy and Management (Q4)";"Business, Management and Accounting; Economics, Econometrics and Finance"
1380;21101043387;"Journal of International Business Education";journal;"20444575, 16494946";"NeilsonJournals Publishing";No;No;0,135;Q4;4;14;40;496;12;39;0,30;35,43;42,31;0;United Kingdom;Western Europe;"NeilsonJournals Publishing";"2019-2024";"Business and International Management (Q4); Business, Management and Accounting (miscellaneous) (Q4); Marketing (Q4); Strategy and Management (Q4)";"Business, Management and Accounting"
1381;17600155224;"Economie et Prevision";journal;"02494744, 17775795";"Dares";No;No;0,133;Q4;15;5;28;186;8;28;0,29;37,20;14,29;1;France;Western Europe;"Dares";"2001-2013, 2015-2021";"Business and International Management (Q4); Economics, Econometrics and Finance (miscellaneous) (Q4)";"Business, Management and Accounting; Economics, Econometrics and Finance"
1382;21101039156;"Encontros Bibli";journal;"15182924";"Universidade Federal de Santa Catarina";Yes;Yes;0,133;Q4;10;49;100;1476;19;95;0,19;30,12;55,83;2;Brazil;Latin America;"Universidade Federal de Santa Catarina";"2019-2025";"Information Systems (Q4); Library and Information Sciences (Q4); Management Information Systems (Q4)";"Business, Management and Accounting; Computer Science; Social Sciences"
1383;21100893272;"Lecturas de Economia";journal;"23230622, 01202596";"Universidad de Antioquia";Yes;Yes;0,133;Q4;10;20;48;813;15;48;0,12;40,65;28,57;0;Colombia;Latin America;"Universidad de Antioquia";"2005-2026";"Business, Management and Accounting (miscellaneous) (Q4); Economics and Econometrics (Q4); Finance (Q4); Social Sciences (miscellaneous) (Q4); Sociology and Political Science (Q4); Statistics, Probability and Uncertainty (Q4)";"Business, Management and Accounting; Decision Sciences; Economics, Econometrics and Finance; Social Sciences"
1384;21100903446;"E-Journal of International and Comparative Labour Studies";journal;"22804056";"ADAPT University Press";Yes;No;0,132;Q4;7;14;66;180;24;65;0,27;12,86;47,06;0;Italy;Western Europe;"ADAPT University Press";"2018-2025";"Law (Q3); Industrial Relations (Q4); Organizational Behavior and Human Resource Management (Q4)";"Business, Management and Accounting; Social Sciences"
1385;21100268385;"Formation Emploi";journal;"21070946, 07596340";"Documentation Francaise";No;No;0,132;Q4;9;35;134;781;22;113;0,15;22,31;50,00;2;France;Western Europe;"Documentation Francaise";"2012-2026";"Organizational Behavior and Human Resource Management (Q4); Sociology and Political Science (Q4)";"Business, Management and Accounting; Social Sciences"
1386;21100896465;"International Journal of Customer Relationship Marketing and Management";journal;"19479247, 19479255";"IGI Global Publishing";No;No;0,132;Q4;11;22;53;1563;29;53;0,61;71,05;19,51;0;United States;Northern America;"IGI Global Publishing";"2018-2025";"Business and International Management (Q4); Information Systems (Q4); Information Systems and Management (Q4); Management Information Systems (Q4); Marketing (Q4)";"Business, Management and Accounting; Computer Science; Decision Sciences"
1387;21100853929;"International Journal of Systematic Innovation";journal;"20778767, 20777973";"Society of Sytematic Innovation";No;No;0,132;Q4;8;23;34;503;7;34;0,21;21,87;36,36;0;Taiwan;Asiatic Region;"Society of Sytematic Innovation";"2010-2025";"Artificial Intelligence (Q4); Information Systems and Management (Q4); Management of Technology and Innovation (Q4); Organizational Behavior and Human Resource Management (Q4); Strategy and Management (Q4)";"Business, Management and Accounting; Computer Science; Decision Sciences"
1388;21101038735;"Journal of Evolutionary Studies in Business";journal;"23857137";"Universitat de Barcelona, Facultad de Economia y Empresa";Yes;Yes;0,132;Q4;8;15;31;940;13;31;0,42;62,67;47,37;3;Spain;Western Europe;"Universitat de Barcelona, Facultad de Economia y Empresa";"2019-2025";"Business and International Management (Q4); Development (Q4); Management of Technology and Innovation (Q4); Strategy and Management (Q4)";"Business, Management and Accounting; Social Sciences"
1389;21101018550;"Journal of Governance and Regulation";journal;"23066784, 22209352";"Virtus Interpress";Yes;No;0,132;Q4;16;99;72;5220;50;64;0,69;52,73;33,18;0;Ukraine;Eastern Europe;"Virtus Interpress";"2019-2026";"Business and International Management (Q4); Economics and Econometrics (Q4); Finance (Q4); Public Administration (Q4); Strategy and Management (Q4)";"Business, Management and Accounting; Economics, Econometrics and Finance; Social Sciences"
1390;21101037901;"Universidad y Sociedad (discontinued)";journal;"24152897, 22183620";"University of Cienfuegos, Carlos Rafael Rodriguez";Yes;Yes;0,132;Q4;16;566;432;9522;96;425;0,22;16,82;46,30;0;Cuba;Latin America;"University of Cienfuegos, Carlos Rafael Rodriguez";"2020-2023";"Business, Management and Accounting (miscellaneous) (Q4); Economics, Econometrics and Finance (miscellaneous) (Q4); Education (Q4); Social Sciences (miscellaneous) (Q4)";"Business, Management and Accounting; Economics, Econometrics and Finance; Social Sciences"
1391;5800207412;"Journal of Intercultural Communication";journal;"14041634";"Immigrant Institutet";No;No;0,132;-;14;21;63;969;27;63;0,38;46,14;55,26;1;Sweden;Western Europe;"Immigrant Institutet";"2011-2026";"Cultural Studies (Q3); Communication (Q4)";"Social Sciences"
1392;19700200704;"International Journal of Business and Management Science";journal;"18376614, 1985692X";"Society for Alliance, Fidelity and Advancement";No;No;0,131;Q4;13;6;78;343;26;78;0,15;57,17;40,00;0;Australia;Pacific Region;"Society for Alliance, Fidelity and Advancement";"2008-2012, 2016-2021";"Business and International Management (Q4); Economics and Econometrics (Q4)";"Business, Management and Accounting; Economics, Econometrics and Finance"
1393;4000152116;"Advances in Accounting Behavioral Research";book series;"14751488";"Emerald Group Publishing Ltd.";No;No;0,130;Q4;15;5;18;328;3;7;0,08;65,60;0,00;0;United Kingdom;Western Europe;"Emerald Group Publishing Ltd.";"2000-2006, 2008-2026";"Accounting (Q4); Management Science and Operations Research (Q4)";"Business, Management and Accounting; Decision Sciences"
1394;21100905837;"Advances in E-Business Research Series";book series;"19352700, 19352719";"IGI Global Publishing";No;No;0,130;Q4;6;0;82;0;30;1;0,53;0,00;0,00;0;United States;Northern America;"IGI Global Publishing";"2018-2019";"Business and International Management (Q4); Computer Science Applications (Q4); Management Information Systems (Q4); Management of Technology and Innovation (Q4)";"Business, Management and Accounting; Computer Science"
1395;4800153109;"Advances in Taxation";book series;"10587497";"Emerald Group Publishing Ltd.";No;No;0,130;Q4;12;8;33;347;11;20;0,04;43,38;0,00;0;United Kingdom;Western Europe;"Emerald Group Publishing Ltd.";"2000-2004, 2006, 2008, 2010, 2012, 2014-2021, 2023-2026";"Business, Management and Accounting (miscellaneous) (Q4); Finance (Q4)";"Business, Management and Accounting; Economics, Econometrics and Finance"
1396;21100861870;"Asia-Pacific Journal of Innovation in Hospitality and Tourism";journal;"22891471";"Taylor's University Sdn Bhd";No;No;0,130;Q4;12;43;48;1716;18;47;0,54;39,91;44,07;0;Malaysia;Asiatic Region;"Taylor's University Sdn Bhd";"2017-2025";"Geography, Planning and Development (Q4); Management, Monitoring, Policy and Law (Q4); Nature and Landscape Conservation (Q4); Tourism, Leisure and Hospitality Management (Q4)";"Business, Management and Accounting; Environmental Science; Social Sciences"
1397;21100904665;"Contributions to Management Science";book series;"2197716X, 14311941";"Springer International Publishing";No;No;0,130;Q4;30;344;800;16591;450;1;0,56;48,23;0,00;7;Switzerland;Western Europe;"Springer International Publishing";"2005-2026";"Business and International Management (Q4); Management of Technology and Innovation (Q4); Management Science and Operations Research (Q4); Marketing (Q4); Strategy and Management (Q4)";"Business, Management and Accounting; Decision Sciences"
1398;21100297814;"Critical Studies on Corporate Responsibility, Governance and Sustainability";book series;"20439059, 20439067";"Emerald Group Publishing Ltd.";No;No;0,130;Q4;14;37;42;1193;12;1;0,00;32,24;50,00;0;United Kingdom;Western Europe;"Emerald Group Publishing Ltd.";"2010-2016, 2018, 2020-2021, 2023, 2025-2026";"Business, Management and Accounting (miscellaneous) (Q4)";"Business, Management and Accounting"
1399;17700156215;"Cuadernos de Administracion";journal;"19007205, 01203592";"Pontificia Universidad Javeriana";Yes;Yes;0,130;Q4;15;10;32;607;11;30;0,43;60,70;34,62;0;Colombia;Latin America;"Pontificia Universidad Javeriana";"2008-2025";"Business and International Management (Q4); Economics, Econometrics and Finance (miscellaneous) (Q4); Strategy and Management (Q4)";"Business, Management and Accounting; Economics, Econometrics and Finance"
1400;21100298210;"Developments in Corporate Governance and Responsibility";book series;"20430531, 20430523";"Emerald Group Publishing Ltd.";No;No;0,130;Q4;13;1;50;55;26;13;0,12;55,00;50,00;0;United Kingdom;Western Europe;"Emerald Group Publishing Ltd.";"2010-2018, 2020-2026";"Business, Management and Accounting (miscellaneous) (Q4)";"Business, Management and Accounting"
1401;4700152235;"International Journal of Accounting, Auditing and Performance Evaluation";journal;"17408008, 17408016";"Inderscience Enterprises Ltd";No;No;0,130;Q4;22;13;47;1089;18;47;0,27;83,77;25,00;0;United Kingdom;Western Europe;"Inderscience Enterprises Ltd";"2004-2025";"Accounting (Q4); Finance (Q4); Organizational Behavior and Human Resource Management (Q4)";"Business, Management and Accounting; Economics, Econometrics and Finance"
1402;21100255501;"International Journal of Educational Organization and Leadership";journal;"23291656, 23291591";"Common Ground Research Networks";No;No;0,130;Q4;9;17;30;669;8;30;0,17;39,35;47,50;0;United States;Northern America;"Common Ground Research Networks";"2013-2025";"Education (Q4); Strategy and Management (Q4)";"Business, Management and Accounting; Social Sciences"
1403;21101041900;"Journal of International Studies (Malaysia)";journal;"2289666X, 1823691X";"Universiti Utara Malaysia Press";Yes;No;0,130;Q4;8;10;22;470;6;22;0,27;47,00;40,91;2;Malaysia;Asiatic Region;"Universiti Utara Malaysia Press";"2019-2025";"Business and International Management (Q4); Political Science and International Relations (Q4); Strategy and Management (Q4)";"Business, Management and Accounting; Social Sciences"
1404;32541;"Manuals and Reports on Engineering Practice, American Society of Civil Engineers";book series;"07347685";"American Society of Civil Engineers (ASCE)";No;No;0,130;Q4;10;0;1;0;0;1;0,00;0,00;0,00;0;United States;Northern America;"American Society of Civil Engineers (ASCE)";"1969-1970, 1972, 1975-1976, 1980, 1983-1987, 1990-2001, 2003-2006, 2009-2018";"Chemical Engineering (miscellaneous) (Q4); Strategy and Management (Q4); Water Science and Technology (Q4)";"Business, Management and Accounting; Chemical Engineering; Environmental Science"
1405;21101021407;"Operations Research and Decisions";journal;"23916060, 20818858";"Wroclaw University of Science and Technology";Yes;Yes;0,130;Q4;9;27;53;1092;17;53;0,32;40,44;32,26;0;Poland;Eastern Europe;"Wroclaw University of Science and Technology";"2019-2025";"Management of Technology and Innovation (Q4); Management Science and Operations Research (Q4); Modeling and Simulation (Q4); Statistics and Probability (Q4); Statistics, Probability and Uncertainty (Q4)";"Business, Management and Accounting; Decision Sciences; Mathematics"
1406;17173;"Textiles Eastern Europe";trade journal;"13545981";"Textile Media Services Ltd";No;No;0,130;Q4;1;13;22;0;0;1;0,00;0,00;0,00;0;United Kingdom;Western Europe;"Textile Media Services Ltd";"1995-1998, 2000-2012, 2017, 2019-2022";"Business and International Management (Q4); Environmental Science (miscellaneous) (Q4); Industrial and Manufacturing Engineering (Q4)";"Business, Management and Accounting; Engineering; Environmental Science"
1407;57620;"Izvestiya Vysshikh Uchebnykh Zavedenii, Seriya Teknologiya Tekstil'noi Promyshlennosti";trade journal;"00213497";"Ivanovo State Polytechnic University";No;No;0,128;Q4;23;232;988;2638;166;988;0,11;11,37;57,17;0;Russian Federation;Eastern Europe;"Ivanovo State Polytechnic University";"1989-1993, 1995-2025";"Business, Management and Accounting (miscellaneous) (Q4); Industrial and Manufacturing Engineering (Q4); Polymers and Plastics (Q4)";"Business, Management and Accounting; Engineering; Materials Science"
1408;21100862481;"ACRN Journal of Finance and Risk Perspectives";journal;"23057394";"ACRN Oxford Ltd.";Yes;No;0,127;Q4;9;14;38;829;28;38;0,82;59,21;22,58;0;United Kingdom;Western Europe;"ACRN Oxford Ltd.";"2017-2023";"Accounting (Q4); Business and International Management (Q4); Finance (Q4); Statistics, Probability and Uncertainty (Q4)";"Business, Management and Accounting; Decision Sciences; Economics, Econometrics and Finance"
1409;12100157151;"Asian Case Research Journal";journal;"02189275, 17936772";"World Scientific";No;No;0,126;Q4;5;27;53;424;6;53;0,16;15,70;43,64;0;Singapore;Asiatic Region;"World Scientific";"2008-2025";"Business, Management and Accounting (miscellaneous) (Q4)";"Business, Management and Accounting"
1410;21100980695;"Central European Journal of Sport Sciences and Medicine";journal;"23009705, 23532807";"Wydawnictwo Naukowe Uniwersytetu Szczecinskiego";Yes;Yes;0,126;Q4;7;38;48;1543;14;48;0,29;40,61;32,74;0;Poland;Eastern Europe;"Wydawnictwo Naukowe Uniwersytetu Szczecinskiego";"2019-2025";"Orthopedics and Sports Medicine (Q4); Physical Therapy, Sports Therapy and Rehabilitation (Q4); Physiology (Q4); Tourism, Leisure and Hospitality Management (Q4)";"Biochemistry, Genetics and Molecular Biology; Business, Management and Accounting; Health Professions; Medicine"
1411;21101020022;"Economic Horizons";journal;"1450863X, 22179232";"University of Kragujevac - Faculty of Economics";Yes;Yes;0,126;Q4;7;20;41;840;13;36;0,32;42,00;46,34;0;Serbia;Eastern Europe;"University of Kragujevac - Faculty of Economics";"2019-2025";"Business, Management and Accounting (miscellaneous) (Q4); Economics, Econometrics and Finance (miscellaneous) (Q4)";"Business, Management and Accounting; Economics, Econometrics and Finance"
1412;12847;"Frontiers of Health Services Management";journal;"24752797, 07488157";"Lippincott Williams and Wilkins";No;No;0,126;Q4;26;26;37;0;20;26;0,54;0,00;44,83;0;United States;Northern America;"Lippincott Williams and Wilkins";"1984-2025";"Business, Management and Accounting (miscellaneous) (Q4); Medicine (miscellaneous) (Q4)";"Business, Management and Accounting; Medicine"
1413;17100154706;"International Journal of Revenue Management";journal;"14747332, 17418186";"Inderscience Enterprises Ltd";No;No;0,126;Q4;15;11;29;633;8;28;0,19;57,55;23,08;0;United Kingdom;Western Europe;"Inderscience Enterprises Ltd";"2007-2025";"Business and International Management (Q4); Economics and Econometrics (Q4); Finance (Q4); Strategy and Management (Q4)";"Business, Management and Accounting; Economics, Econometrics and Finance"
1414;21101043575;"Tec Empresarial";journal;"16592395, 16593359";"Business School, Instituto Tecnologico de Costa Rica";Yes;Yes;0,126;Q4;12;10;33;568;32;33;0,97;56,80;37,50;0;Costa Rica;Latin America;"Business School, Instituto Tecnologico de Costa Rica";"2019-2026";"Business and International Management (Q4); Business, Management and Accounting (miscellaneous) (Q4); Strategy and Management (Q4)";"Business, Management and Accounting"
1415;7200153128;"Zeitschrift fur Evaluation";journal;"16195515";"Waxmann Verlag GmbH";No;No;0,126;Q4;8;25;56;602;11;38;0,19;24,08;60,47;1;Germany;Western Europe;"Waxmann Verlag GmbH";"2006-2013, 2015-2025";"Applied Psychology (Q4); Communication (Q4); Education (Q4); Social Sciences (miscellaneous) (Q4); Statistics and Probability (Q4); Strategy and Management (Q4)";"Business, Management and Accounting; Mathematics; Psychology; Social Sciences"
1416;12754;"International Journal of COMADEM";journal;"13637681";"COMADEM International";No;No;0,125;Q4;14;18;94;339;19;93;0,20;18,83;17,14;0;United Kingdom;Western Europe;"COMADEM International";"2003-2023";"Bioengineering (Q4); Electrical and Electronic Engineering (Q4); Industrial and Manufacturing Engineering (Q4); Safety, Risk, Reliability and Quality (Q4); Signal Processing (Q4); Strategy and Management (Q4)";"Business, Management and Accounting; Chemical Engineering; Computer Science; Engineering"
1417;21100229117;"Journal for Advancement of Marketing Education";journal;"15375137, 23263296";"Marketing Management Association";No;No;0,125;Q4;12;11;26;426;14;25;0,40;38,73;56,52;0;United States;Northern America;"Marketing Management Association";"2012-2024";"Education (Q4); Marketing (Q4)";"Business, Management and Accounting; Social Sciences"
1418;21101027487;"Journal of Cultural Marketing Strategy";journal;"20568002, 20568010";"Henry Stewart Publications";No;No;0,125;Q4;5;17;15;833;10;12;0,67;49,00;54,17;0;United Kingdom;Western Europe;"Henry Stewart Publications";"2020-2025";"Management Information Systems (Q4); Marketing (Q4); Organizational Behavior and Human Resource Management (Q4); Strategy and Management (Q4)";"Business, Management and Accounting"
1419;17700156406;"Revue Internationale de Droit Economique";journal;"10108831, 17821525";"De Boeck Supérieur";No;No;0,125;Q4;9;19;60;797;12;59;0,23;41,95;50,00;0;Belgium;Western Europe;"De Boeck Supérieur";"2001-2024";"Business and International Management (Q4); Economics, Econometrics and Finance (miscellaneous) (Q4); Law (Q4)";"Business, Management and Accounting; Economics, Econometrics and Finance; Social Sciences"
1420;5600154056;"Futuribles: Analyse et Prospective";journal;"0337307X";"Futuribles";No;No;0,124;Q4;7;73;183;577;18;163;0,12;7,90;25,49;0;France;Western Europe;"Futuribles";"1977, 1979, 1983-1987, 1989-1997, 1999, 2005-2026";"Business, Management and Accounting (miscellaneous) (Q4); Social Sciences (miscellaneous) (Q4)";"Business, Management and Accounting; Social Sciences"
1421;21100910935;"Journal of Accounting Review";journal;"10181687";"Journal Of Accounting Review";No;No;0,124;Q4;3;8;24;595;3;24;0,00;74,38;45,00;0;Taiwan;Asiatic Region;"Journal Of Accounting Review";"2018-2026";"Accounting (Q4); Business, Management and Accounting (miscellaneous) (Q4)";"Business, Management and Accounting"
1422;21101034439;"Studia Sportiva";journal;"25708783, 18027679";"Masaryk University";No;No;0,124;Q4;5;14;16;552;4;16;0,25;39,43;32,43;0;Czech Republic;Eastern Europe;"Masaryk University";"2019-2026";"Applied Psychology (Q4); Education (Q4); Health (social science) (Q4); Orthopedics and Sports Medicine (Q4); Physical Therapy, Sports Therapy and Rehabilitation (Q4); Tourism, Leisure and Hospitality Management (Q4)";"Business, Management and Accounting; Health Professions; Medicine; Psychology; Social Sciences"
1423;4400151707;"Zhongbei Daxue Xuebao (Ziran Kexue Ban)/Journal of North University of China (Natural Science Edition)";journal;"16733193";"North China Institute of Technology";No;No;0,124;Q4;10;84;313;1541;58;313;0,21;18,35;40,67;0;China;Asiatic Region;"North China Institute of Technology";"2006-2025";"Management of Technology and Innovation (Q4)";"Business, Management and Accounting"
1424;21100870844;"Acta Turistica";journal;"18486061, 03534316";"University of Zagreb Faculty of Economics and Business";No;No;0,123;Q4;7;12;25;658;7;23;0,46;54,83;47,37;0;Croatia;Eastern Europe;"University of Zagreb Faculty of Economics and Business";"2018-2025";"Economics, Econometrics and Finance (miscellaneous) (Q4); Geography, Planning and Development (Q4); Tourism, Leisure and Hospitality Management (Q4)";"Business, Management and Accounting; Economics, Econometrics and Finance; Social Sciences"
1425;6700153285;"International Journal of Mobile Network Design and Innovation";journal;"17442869, 17442850";"Inderscience Enterprises Ltd";No;No;0,123;Q4;12;7;47;153;22;47;0,45;21,86;20,00;0;United Kingdom;Western Europe;"Inderscience Enterprises Ltd";"2005-2007, 2009-2025";"Artificial Intelligence (Q4); Computer Networks and Communications (Q4); Management Information Systems (Q4); Software (Q4)";"Business, Management and Accounting; Computer Science"
1426;21101052717;"Journal of Data Protection and Privacy";journal;"23981687, 23981679";"Henry Stewart Publications";No;No;0,123;Q4;9;34;87;1365;39;78;0,57;40,15;41,03;1;United Kingdom;Western Europe;"Henry Stewart Publications";"2017-2026";"Law (Q4); Management Information Systems (Q4); Marketing (Q4); Strategy and Management (Q4)";"Business, Management and Accounting; Social Sciences"
1427;21100330726;"NTUT Journal of Intellectual Property Law and Management";journal;"22266771";"National Taipei University of Technology";No;No;0,123;Q4;4;14;36;516;7;30;0,19;36,86;37,04;0;Taiwan;Asiatic Region;"National Taipei University of Technology";"2012-2024";"Business and International Management (Q4); Law (Q4); Strategy and Management (Q4)";"Business, Management and Accounting; Social Sciences"
1428;19994;"Bulletin of Science, Technology and Society";journal;"02704676, 15524183";"SAGE Publications Inc.";No;No;0,122;Q4;33;10;13;685;9;13;0,44;68,50;26,09;1;United Kingdom;Western Europe;"SAGE Publications Inc.";"1982-1985, 1987-2005, 2008, 2012, 2014-2026";"Arts and Humanities (miscellaneous) (Q3); Education (Q4); History and Philosophy of Science (Q4); Management of Technology and Innovation (Q4); Social Sciences (miscellaneous) (Q4)";"Arts and Humanities; Business, Management and Accounting; Social Sciences"
1429;21100852103;"Psihologia Resurselor Umane";journal;"23928077, 15837327";"Association of Industrial and Organizational Psychology (APIO)";Yes;No;0,122;Q4;7;10;33;441;13;29;0,29;44,10;50,00;0;Romania;Eastern Europe;"Association of Industrial and Organizational Psychology (APIO)";"2017-2025";"Clinical Psychology (Q4); Organizational Behavior and Human Resource Management (Q4)";"Business, Management and Accounting; Psychology"
1430;21100842860;"Revista Finanzas y Politica Economica";journal;"22486046, 20117663";"Universidad Catolica de Colombia";Yes;Yes;0,122;-;10;20;65;904;12;63;0,20;45,20;15,00;1;Colombia;Latin America;"Universidad Catolica de Colombia";"2015-2025";"Economics and Econometrics (Q4); Finance (Q4)";"Economics, Econometrics and Finance"
1431;17118;"Textile History";journal;"17432952, 00404969";"Maney Publishing";No;No;0,121;Q4;16;9;56;0;16;49;0,14;0,00;66,67;0;United Kingdom;Western Europe;"Maney Publishing";"1968-2023, 2025";"History (Q3); Business and International Management (Q4); Business, Management and Accounting (miscellaneous) (Q4); Industrial and Manufacturing Engineering (Q4)";"Arts and Humanities; Business, Management and Accounting; Engineering"
1432;19699;"International Journal of Services Technology and Management";journal;"14606720, 1741525X";"Inderscience Publishers";No;No;0,120;Q4;30;23;96;1263;26;93;0,28;54,91;38,10;0;United Kingdom;Western Europe;"Inderscience Publishers";"2000-2025";"Computer Science Applications (Q4); E-learning (Q4); Engineering (miscellaneous) (Q4); Marketing (Q4); Strategy and Management (Q4)";"Business, Management and Accounting; Computer Science; Engineering; Social Sciences"
1433;4100151531;"Research in Ethical Issues in Organizations";book series;"15292096";"Emerald Group Publishing Ltd.";No;No;0,119;Q4;12;0;61;0;11;24;0,20;0,00;0,00;0;United Kingdom;Western Europe;"Emerald Group Publishing Ltd.";"2000-2003, 2005-2006, 2012-2020, 2022-2023, 2025-2026";"Cultural Studies (Q3); Organizational Behavior and Human Resource Management (Q4); Social Psychology (Q4); Sociology and Political Science (Q4)";"Business, Management and Accounting; Psychology; Social Sciences"
1434;19276;"Fortune";journal;"00158259";"Time Warner Publishing";No;No;0,118;Q4;17;0;33;0;3;19;0,00;0,00;0,00;0;United States;Northern America;"Time Warner Publishing";"1973-1974, 1976-2018";"Business and International Management (Q4); Business, Management and Accounting (miscellaneous) (Q4); Economics and Econometrics (Q4)";"Business, Management and Accounting; Economics, Econometrics and Finance"
1435;17500155131;"Journal of Business Valuation and Economic Loss Analysis";journal;"19329156";"Walter de Gruyter GmbH";No;No;0,118;Q4;10;4;13;127;6;13;0,56;31,75;11,11;0;Germany;Western Europe;"Walter de Gruyter GmbH";"2009-2025";"Accounting (Q4); Business and International Management (Q4); Economics and Econometrics (Q4); Finance (Q4); Strategy and Management (Q4)";"Business, Management and Accounting; Economics, Econometrics and Finance"
1436;21101041870;"Management and Accounting Review";journal;"26007975";"";No;No;0,118;Q4;10;28;76;1421;43;76;0,59;50,75;51,25;0;Malaysia;Asiatic Region;"";"2018-2025";"Accounting (Q4); Economics and Econometrics (Q4); Finance (Q4); Strategy and Management (Q4)";"Business, Management and Accounting; Economics, Econometrics and Finance"
1437;21100894868;"Sociologia y Tecnociencia";journal;"19898487";"Universidad de Valladolid";Yes;Yes;0,118;Q4;7;43;43;1665;11;43;0,37;38,72;41,38;1;Spain;Western Europe;"Universidad de Valladolid";"2018-2026";"Development (Q4); Health (social science) (Q4); Management of Technology and Innovation (Q4); Sociology and Political Science (Q4)";"Business, Management and Accounting; Social Sciences"
1438;21101043743;"Jordan Journal of Business Administration";journal;"18158633, 23086149";"University of Jordan,Deanship of Scientific Research";No;No;0,117;Q4;10;23;64;1180;26;64;0,41;51,30;34,21;0;Jordan;Middle East;"University of Jordan,Deanship of Scientific Research";"2019-2025";"Accounting (Q4); Business, Management and Accounting (miscellaneous) (Q4); Management Information Systems (Q4); Marketing (Q4)";"Business, Management and Accounting"
1439;16903;"Labour/Le Travail";journal;"07003862, 19114842";"Athabasca University";No;No;0,117;Q4;21;23;59;1101;18;56;0,21;47,87;9,09;0;Canada;Northern America;"Athabasca University";"1978, 1985, 1994-2025";"History (Q3); Industrial Relations (Q4); Organizational Behavior and Human Resource Management (Q4)";"Arts and Humanities; Business, Management and Accounting"
1440;21100869509;"SCMS Journal of Indian Management";journal;"09733167";"SCMS Group of Educational Institutions";No;No;0,117;Q4;8;43;134;1923;20;119;0,15;44,72;50,00;0;India;Asiatic Region;"SCMS Group of Educational Institutions";"2018-2025";"Business, Management and Accounting (miscellaneous) (Q4)";"Business, Management and Accounting"
1441;82087;"Chemical Fibers International";trade journal;"14343584";"Deutscher Fachverlag GmbH";No;No;0,116;Q4;16;41;80;159;5;80;0,00;3,88;20,34;0;Germany;Western Europe;"Deutscher Fachverlag GmbH";"1995-2022";"Business and International Management (Q4); Industrial and Manufacturing Engineering (Q4)";"Business, Management and Accounting; Engineering"
1442;19700166613;"International Journal of Knowledge, Culture and Change Management";journal;"14479575, 14479524";"Common Ground Research Networks";No;No;0,116;Q4;9;0;6;0;1;6;0,00;0,00;0,00;0;United States;Northern America;"Common Ground Research Networks";"2009-2013, 2015-2016, 2018-2019";"Strategy and Management (Q4)";"Business, Management and Accounting"
1443;21100239661;"Journal Globalization, Competitiveness and Governability";journal;"19887116";"Georgetown University";Yes;Yes;0,116;Q4;9;18;54;726;18;54;0,33;40,33;25,49;0;United States;Northern America;"Georgetown University";"2013-2026";"Business, Management and Accounting (miscellaneous) (Q4); Economics, Econometrics and Finance (miscellaneous) (Q4); Social Sciences (miscellaneous) (Q4)";"Business, Management and Accounting; Economics, Econometrics and Finance; Social Sciences"
1444;21100255419;"Knowledge Management";journal;"23277998, 23279249";"Common Ground Research Networks";No;No;0,116;Q4;5;0;10;0;3;10;0,20;0,00;0,00;0;United States;Northern America;"Common Ground Research Networks";"2013-2020";"Management of Technology and Innovation (Q4); Strategy and Management (Q4)";"Business, Management and Accounting"
1445;21100255552;"Organizational Cultures";journal;"23278013, 2327932X";"Common Ground Research Networks";No;No;0,116;Q4;6;19;22;1331;6;22;0,29;70,05;28,95;0;United States;Northern America;"Common Ground Research Networks";"2013-2025";"Organizational Behavior and Human Resource Management (Q4); Strategy and Management (Q4)";"Business, Management and Accounting"
1446;21100372440;"Communication and Management";journal;"2271734X, 22697195";"Editions ESKA";No;No;0,115;Q4;4;24;56;782;10;43;0,13;32,58;40,00;3;France;Western Europe;"Editions ESKA";"2013-2024";"Business and International Management (Q4); Marketing (Q4)";"Business, Management and Accounting"
1447;21100898990;"Dynamic Relationships Management Journal";journal;"2350367X, 22325867";"Slovenian Academy of Management";Yes;Yes;0,115;Q4;5;11;31;735;15;29;0,55;66,82;42,86;0;Slovenia;Eastern Europe;"Slovenian Academy of Management";"2018-2025";"Economics, Econometrics and Finance (miscellaneous) (Q4); Organizational Behavior and Human Resource Management (Q4); Social Psychology (Q4); Strategy and Management (Q4)";"Business, Management and Accounting; Economics, Econometrics and Finance; Psychology"
1448;9500154122;"Genetic Engineering and Biotechnology News";journal;"1935472X";"Mary Ann Liebert Inc.";No;No;0,115;Q4;13;272;699;103;74;600;0,12;0,38;52,22;1;United States;Northern America;"Mary Ann Liebert Inc.";"2007-2025";"Bioengineering (Q4); Biomedical Engineering (Q4); Biotechnology (Q4); Management of Technology and Innovation (Q4)";"Biochemistry, Genetics and Molecular Biology; Business, Management and Accounting; Chemical Engineering; Engineering"
1449;19600156834;"Icon";journal;"28064208, 13618113";"International Committee for the History of Technology";No;No;0,115;Q4;8;13;33;516;8;32;0,24;39,69;64,29;0;Germany;Western Europe;"International Committee for the History of Technology";"2001, 2013-2016, 2019-2025";"History and Philosophy of Science (Q4); Management of Technology and Innovation (Q4)";"Arts and Humanities; Business, Management and Accounting"
1450;21100448240;"International Journal of Management and Business Research";journal;"22287019, 22287027";"Islamic Azad University";Yes;No;0,115;Q4;10;0;105;0;31;105;0,44;0,00;0,00;0;Iran;Middle East;"Islamic Azad University";"2015-2019";"Business and International Management (Q4); Marketing (Q4); Organizational Behavior and Human Resource Management (Q4); Strategy and Management (Q4)";"Business, Management and Accounting"
1451;21100219935;"International Journal of Operations and Quantitative Management";journal;"10821910";"International Forum of Management Scholars (INFOMS)";No;No;0,115;Q4;16;20;41;888;23;41;0,64;44,40;30,61;0;United States;Northern America;"International Forum of Management Scholars (INFOMS)";"2000-2025";"Business and International Management (Q4); Information Systems and Management (Q4); Management of Technology and Innovation (Q4); Management Science and Operations Research (Q4); Strategy and Management (Q4)";"Business, Management and Accounting; Decision Sciences"
1452;21100933317;"Journal of Information Systems Security";journal;"15510123, 15510808";"Information Institute";No;No;0,115;Q4;3;9;16;311;4;14;0,25;34,56;33,33;0;United States;Northern America;"Information Institute";"2019-2025";"Education (Q4); Information Systems (Q4); Information Systems and Management (Q4); Management Information Systems (Q4); Safety Research (Q4); Software (Q4)";"Business, Management and Accounting; Computer Science; Decision Sciences; Social Sciences"
1453;4700152816;"Logistics Journal";journal;"18607977";"Wissenschaftliche Gesellschaft fur Technische Logistik";No;No;0,115;Q4;8;5;120;70;15;120;0,14;14,00;10,00;0;Germany;Western Europe;"Wissenschaftliche Gesellschaft fur Technische Logistik";"2006, 2009-2025";"Control and Systems Engineering (Q4); Management Information Systems (Q4); Management Science and Operations Research (Q4)";"Business, Management and Accounting; Decision Sciences; Engineering"
1454;22473;"Quality Progress";journal;"0033524X";"American Society for Quality";No;No;0,115;Q4;38;134;330;217;24;187;0,05;1,62;28,57;0;United States;Northern America;"American Society for Quality";"1974, 1978-2025";"Industrial and Manufacturing Engineering (Q4); Management Science and Operations Research (Q4); Safety, Risk, Reliability and Quality (Q4); Strategy and Management (Q4)";"Business, Management and Accounting; Decision Sciences; Engineering"
1455;24991;"Review of Marketing Science";journal;"15465616";"Walter de Gruyter GmbH";No;No;0,115;Q4;15;7;16;380;7;16;0,44;54,29;21,05;0;Germany;Western Europe;"Walter de Gruyter GmbH";"2003-2017, 2019-2025";"Marketing (Q4)";"Business, Management and Accounting"
1456;21100850511;"London Business School Review";journal;"20571607";"John Wiley and Sons Inc";No;No;0,114;Q4;3;0;112;0;7;112;0,04;0,00;0,00;0;United Kingdom;Western Europe;"John Wiley and Sons Inc";"2015-2019";"Business and International Management (Q4); Economics, Econometrics and Finance (miscellaneous) (Q4); Strategy and Management (Q4)";"Business, Management and Accounting; Economics, Econometrics and Finance"
1457;20224;"Prometheus: Critical Studies in Innovation";journal;"08109028, 14701030";"Pluto Journals";Yes;Yes;0,114;-;31;17;19;918;5;15;0,26;54,00;27,59;1;United Kingdom;Western Europe;"Pluto Journals";"1983-2017, 2020-2025";"Earth-Surface Processes (Q4); Geography, Planning and Development (Q4)";"Earth and Planetary Sciences; Social Sciences"
1458;21100935074;"British Tax Review";journal;"00071870";"Thomson Reuters";No;No;0,113;Q4;5;59;75;243;8;34;0,11;4,12;27,27;0;United States;Northern America;"Thomson Reuters";"2019-2025";"Accounting (Q4); Finance (Q4); Law (Q4)";"Business, Management and Accounting; Economics, Econometrics and Finance; Social Sciences"
1459;21101023684;"Fabriksoftware";journal;"25697692";"Gito Verlag";No;No;0,113;Q4;2;28;130;42;9;104;0,08;1,50;18,60;0;Germany;Western Europe;"Gito Verlag";"2018-2025";"Computer Science Applications (Q4); Industrial and Manufacturing Engineering (Q4); Information Systems (Q4); Information Systems and Management (Q4); Management of Technology and Innovation (Q4); Software (Q4)";"Business, Management and Accounting; Computer Science; Decision Sciences; Engineering"
1460;21100840149;"Journal of Business and Entrepreneurship";journal;"10426337";"University of South Florida, St. Petersburg";No;No;0,112;Q4;5;0;5;0;0;5;0,00;0,00;0,00;0;United States;Northern America;"University of South Florida, St. Petersburg";"2016-2018";"Business and International Management (Q4); Management of Technology and Innovation (Q4)";"Business, Management and Accounting"
1461;21100945816;"CASE Journal";journal;"15449106";"Emerald Group Publishing Ltd.";No;No;0,111;Q4;6;37;80;640;15;73;0,20;17,30;59,72;0;United Kingdom;Western Europe;"Emerald Group Publishing Ltd.";"2004-2006, 2009, 2012, 2017-2026";"Business, Management and Accounting (miscellaneous) (Q4); Education (Q4)";"Business, Management and Accounting; Social Sciences"
1462;21100972603;"History of Retailing and Consumption";journal;"2373518X, 23735171";"Routledge";No;No;0,111;Q4;5;14;29;669;9;27;0,31;47,79;53,85;0;United Kingdom;Western Europe;"Routledge";"2019-2026";"History (Q3); Business, Management and Accounting (miscellaneous) (Q4); Economics, Econometrics and Finance (miscellaneous) (Q4)";"Arts and Humanities; Business, Management and Accounting; Economics, Econometrics and Finance"
1463;144786;"Journal of Japan Industrial Management Association";journal;"13422618, 21879079";"Japan Industrial Management Association";Yes;No;0,111;Q4;11;36;55;455;3;55;0,08;12,64;26,44;0;Japan;Asiatic Region;"Japan Industrial Management Association";"2004-2026";"Applied Mathematics (Q4); Industrial and Manufacturing Engineering (Q4); Management Science and Operations Research (Q4); Strategy and Management (Q4)";"Business, Management and Accounting; Decision Sciences; Engineering; Mathematics"
1464;144665;"Strategic Direction";journal;"02580543";"Emerald Group Publishing Ltd.";No;No;0,111;Q4;21;152;446;152;49;439;0,13;1,00;0,00;0;United Kingdom;Western Europe;"Emerald Group Publishing Ltd.";"2002-2026";"Strategy and Management (Q4)";"Business, Management and Accounting"
1465;21100258857;"International Journal of Interdisciplinary Organizational Studies";journal;"23247649, 23247657";"Common Ground Research Networks";No;No;0,110;Q4;6;6;13;301;1;13;0,14;50,17;43,75;0;United States;Northern America;"Common Ground Research Networks";"2012-2025";"Business, Management and Accounting (miscellaneous) (Q4); Economics, Econometrics and Finance (miscellaneous) (Q4)";"Business, Management and Accounting; Economics, Econometrics and Finance"
1466;21100902624;"Journal of Consumer Satisfaction, Dissatisfaction and Complaining Behavior";journal;"08998620";"University of Nevada";No;No;0,110;Q4;11;14;15;1033;11;15;1,00;73,79;33,33;0;United States;Northern America;"University of Nevada";"2018-2025";"Applied Psychology (Q4); Business and International Management (Q4); Marketing (Q4); Social Psychology (Q4)";"Business, Management and Accounting; Psychology"
1467;21101052349;"Journal of Global Business and Technology";journal;"26162733, 15535495";"Global Business and Technology Association, Inc.";No;No;0,110;Q4;9;17;31;707;10;22;0,32;41,59;38,89;0;United States;Northern America;"Global Business and Technology Association, Inc.";"2019-2025";"Business and International Management (Q4); Management of Technology and Innovation (Q4); Marketing (Q4); Strategy and Management (Q4)";"Business, Management and Accounting"
1468;21100931308;"Labor: Studies in Working-Class History";journal;"15581454, 15476715";"Duke University Press";No;No;0,109;Q4;7;40;83;890;16;66;0,19;22,25;38,24;0;United States;Northern America;"Duke University Press";"2017, 2019-2025";"History (Q3); Industrial Relations (Q4); Sociology and Political Science (Q4)";"Arts and Humanities; Business, Management and Accounting; Social Sciences"
1469;56171;"Paper Asia";trade journal;"02184540";"IPMEDIA SDN BHD";No;No;0,109;Q4;9;75;521;0;56;512;0,17;0,00;100,00;0;Malaysia;Asiatic Region;"IPMEDIA SDN BHD";"1997-2014, 2016-2019, 2021-2025";"Media Technology (Q3); Marketing (Q4); Materials Science (miscellaneous) (Q4)";"Business, Management and Accounting; Engineering; Materials Science"
1470;5700162205;"Labour History Review";journal;"09615652, 17458188";"Liverpool University Press";No;No;0,108;Q4;11;16;31;1518;4;31;0,10;94,88;29,41;0;United Kingdom;Western Europe;"Liverpool University Press";"2003, 2009-2011, 2014-2025";"History (Q3); Organizational Behavior and Human Resource Management (Q4); Social Sciences (miscellaneous) (Q4)";"Arts and Humanities; Business, Management and Accounting; Social Sciences"
1471;58834;"Schmalenbach Journal of Business Research";journal;"23666153, 03412687";"Springer Gabler";Yes;Yes;0,108;Q4;39;15;139;1461;329;126;2,61;97,40;43,59;3;Germany;Western Europe;"Springer Gabler";"1976, 2016-2025";"Business, Management and Accounting (miscellaneous) (Q4); Economics, Econometrics and Finance (miscellaneous) (Q4); Management of Technology and Innovation (Q4)";"Business, Management and Accounting; Economics, Econometrics and Finance"
1472;13536;"Advanced Composites Bulletin";trade journal;"0951953X";"Boughton Technical Media";No;No;0,107;Q4;3;0;4;0;0;4;0,00;0,00;0,00;0;United Kingdom;Western Europe;"Boughton Technical Media";"1987-2010, 2012, 2014, 2019-2020, 2022";"Business and International Management (Q4); Ceramics and Composites (Q4); Industrial and Manufacturing Engineering (Q4); Polymers and Plastics (Q4)";"Business, Management and Accounting; Engineering; Materials Science"
1473;8300153115;"Advances in Environmental Accounting and Management";book series;"14793598";"Emerald Group Publishing Ltd.";No;No;0,107;Q4;17;0;21;0;9;13;0,14;0,00;0,00;0;United Kingdom;Western Europe;"Emerald Group Publishing Ltd.";"2000, 2003, 2006, 2009, 2014, 2017-2020, 2022, 2024-2026";"Accounting (Q4); Economics, Econometrics and Finance (miscellaneous) (Q4); Management, Monitoring, Policy and Law (Q4)";"Business, Management and Accounting; Economics, Econometrics and Finance; Environmental Science"
1474;21100197336;"Agricultural Commodities";trade journal;"18395627, 18395619";"Australian Bureau of Agricultural and Resource Economics";No;No;0,107;Q4;14;25;73;0;16;73;0,33;0,00;19,05;0;Australia;Pacific Region;"Australian Bureau of Agricultural and Resource Economics";"2011-2025";"Agricultural and Biological Sciences (miscellaneous) (Q4); Business and International Management (Q4)";"Agricultural and Biological Sciences; Business, Management and Accounting"
1475;21100220476;"International Journal of Work Innovation";journal;"20439032, 20439040";"Inderscience";No;No;0,107;Q4;12;0;4;0;0;4;0,00;0,00;0,00;0;United Kingdom;Western Europe;"Inderscience";"2012, 2015-2017, 2020, 2022-2025";"Communication (Q4); Computer Networks and Communications (Q4); Management of Technology and Innovation (Q4); Organizational Behavior and Human Resource Management (Q4)";"Business, Management and Accounting; Computer Science; Social Sciences"
1476;22032;"Keramische Zeitschrift";journal;"25238949, 00230561";"Springer Vieweg";No;No;0,107;Q4;9;39;128;157;14;65;0,14;4,03;10,53;0;Germany;Western Europe;"Springer Vieweg";"1968-2022";"Visual Arts and Performing Arts (Q3); Ceramics and Composites (Q4); Marketing (Q4)";"Arts and Humanities; Business, Management and Accounting; Materials Science"
1477;21100931378;"Southeast Asian Journal of Economics";journal;"22868984, 24655120";"Chulalongkorn University Department of Biology";No;No;0,107;Q4;5;15;23;585;4;23;0,17;39,00;23,81;0;Thailand;Asiatic Region;"Chulalongkorn University Department of Biology";"2019-2025";"Business, Management and Accounting (miscellaneous) (Q4); Development (Q4); Economics, Econometrics and Finance (miscellaneous) (Q4)";"Business, Management and Accounting; Economics, Econometrics and Finance; Social Sciences"
1478;54202;"Spinnovation";trade journal;"-";"Spindelfabrik Suessen";No;No;0,107;Q4;4;0;4;0;0;4;0,00;0,00;0,00;0;Germany;Western Europe;"Spindelfabrik Suessen";"1995-2008, 2011-2013, 2016, 2020";"Business and International Management (Q4); Industrial and Manufacturing Engineering (Q4); Materials Science (miscellaneous) (Q4)";"Business, Management and Accounting; Engineering; Materials Science"
1479;27044;"Journal of the American Health Information Management Association";journal;"10605487";"American Health Information Management Association";No;No;0,107;-;21;0;117;0;3;46;0,00;0,00;0,00;0;United States;Northern America;"American Health Information Management Association";"1991-2018";"Health Policy (Q4); Medicine (miscellaneous) (Q4); Public Health, Environmental and Occupational Health (Q4)";"Medicine"
1480;26458;"Betonwerk und Fertigteil-Technik/Concrete Plant and Precast Technology";trade journal;"03734331";"Bauverlag BV GmbH";No;No;0,106;Q4;11;110;165;75;5;165;0,04;0,68;9,52;0;Germany;Western Europe;"Bauverlag BV GmbH";"1972-1989, 1994-2025";"Building and Construction (Q4); Business, Management and Accounting (miscellaneous) (Q4)";"Business, Management and Accounting; Engineering"
1481;21100927990;"Economics of Peace and Security Journal";journal;"1749852X";"EPS Publishing";No;No;0,106;Q4;6;8;22;350;5;22;0,23;43,75;41,67;4;United States;Northern America;"EPS Publishing";"2019-2025";"Economics, Econometrics and Finance (miscellaneous) (Q4); Management of Technology and Innovation (Q4); Political Science and International Relations (Q4)";"Business, Management and Accounting; Economics, Econometrics and Finance; Social Sciences"
1482;21100890298;"Journal of the Australasian Tax Teachers Association";journal;"1832911X";"Australasian Tax Teachers' Association";Yes;No;0,106;Q4;6;8;38;339;9;34;0,21;42,38;38,46;0;Australia;Pacific Region;"Australasian Tax Teachers' Association";"2018-2025";"Accounting (Q4); Finance (Q4); Law (Q4)";"Business, Management and Accounting; Economics, Econometrics and Finance; Social Sciences"
1483;12995;"Memoirs of the Faculty of Engineering, Kyushu University";journal;"1880148X, 1345868X";"Kyushu University, Faculty of Science";No;No;0,106;Q4;11;0;5;0;0;5;0,00;0,00;0,00;0;Japan;Asiatic Region;"Kyushu University, Faculty of Science";"1970, 1972, 1974, 1976-1999, 2001-2018";"Atmospheric Science (Q4); Earth and Planetary Sciences (miscellaneous) (Q4); Energy (miscellaneous) (Q4); Management of Technology and Innovation (Q4)";"Business, Management and Accounting; Earth and Planetary Sciences; Energy"
1484;145265;"Middle East Quarterly";journal;"10739467";"Middle East Forum";No;No;0,106;Q4;22;14;63;0;10;13;0,12;0,00;0,00;0;United States;Northern America;"Middle East Forum";"2005-2025";"Business, Management and Accounting (miscellaneous) (Q4); Political Science and International Relations (Q4)";"Business, Management and Accounting; Social Sciences"
1485;21101028387;"Review of Economic Research on Copyright Issues";journal;"16981359, 16981367";"Society for Economic Research on Copyright Issues";No;No;0,106;Q4;2;3;7;122;0;7;0,00;40,67;0,00;0;Spain;Western Europe;"Society for Economic Research on Copyright Issues";"2019-2025";"Economics, Econometrics and Finance (miscellaneous) (Q4); Law (Q4); Management of Technology and Innovation (Q4)";"Business, Management and Accounting; Economics, Econometrics and Finance; Social Sciences"
1486;4100151516;"Advances in the Economic Analysis of Participatory and Labor-Managed Firms";book series;"08853339";"Emerald Group Publishing Ltd.";No;No;0,105;Q4;14;0;12;0;0;10;0,00;0,00;0,00;0;United Kingdom;Western Europe;"Emerald Group Publishing Ltd.";"2003-2004, 2006-2007, 2010-2015, 2017-2018, 2025-2026";"Economics, Econometrics and Finance (miscellaneous) (Q4); Industrial Relations (Q4)";"Business, Management and Accounting; Economics, Econometrics and Finance"
1487;21100927903;"Atelie Geografico";journal;"19821956";"Universidade Federal De Goias (UFG)";Yes;Yes;0,105;Q4;4;38;82;1358;13;82;0,16;35,74;42,47;0;Brazil;Latin America;"Universidade Federal De Goias (UFG)";"2019-2025";"Geography, Planning and Development (Q4); Management, Monitoring, Policy and Law (Q4); Nature and Landscape Conservation (Q4); Tourism, Leisure and Hospitality Management (Q4); Urban Studies (Q4)";"Business, Management and Accounting; Environmental Science; Social Sciences"
1488;21100255514;"Change Management";journal;"2327798X, 23279176";"Common Ground Research Networks";No;No;0,105;Q4;6;15;18;925;5;18;0,33;61,67;47,83;0;United States;Northern America;"Common Ground Research Networks";"2013-2025";"Strategy and Management (Q4)";"Business, Management and Accounting"
1489;25227;"Harvard International Review";journal;"07391854";"Harvard International Review";No;No;0,105;Q4;19;0;123;0;21;96;0,23;0,00;0,00;0;United States;Northern America;"Harvard International Review";"1986, 1994-2020";"Geography, Planning and Development (Q4); Industrial Relations (Q4); Political Science and International Relations (Q4)";"Business, Management and Accounting; Social Sciences"
1490;21101043376;"Journal of Business Ethics Education";journal;"16495195, 20444559";"NeilsonJournals Publishing";No;No;0,105;Q4;4;15;35;456;3;34;0,09;30,40;39,39;0;United Kingdom;Western Europe;"NeilsonJournals Publishing";"2019-2024";"Business and International Management (Q4); Business, Management and Accounting (miscellaneous) (Q4); Economics and Econometrics (Q4); Education (Q4); Philosophy (Q4)";"Arts and Humanities; Business, Management and Accounting; Economics, Econometrics and Finance; Social Sciences"
1491;28141;"Journal of Taxation";journal;"00224863";"Ria Thomson";Yes;No;0,105;Q4;7;0;35;0;5;35;0,30;0,00;0,00;0;United States;Northern America;"Ria Thomson";"1998-2018, 2020";"Accounting (Q4); Economics and Econometrics (Q4); Finance (Q4)";"Business, Management and Accounting; Economics, Econometrics and Finance"
1492;16517;"Przeglad Wlokienniczy";trade journal;"17318645, 24499986";"Wydawnictwo SIGMA-NOT";No;No;0,105;Q4;5;0;115;0;2;62;0,02;0,00;0,00;0;Poland;Eastern Europe;"Wydawnictwo SIGMA-NOT";"1974, 1989-2001, 2003-2019";"Business, Management and Accounting (miscellaneous) (Q4); Environmental Science (miscellaneous) (Q4); Industrial and Manufacturing Engineering (Q4); Polymers and Plastics (Q4)";"Business, Management and Accounting; Engineering; Environmental Science; Materials Science"
1493;67521;"Textiles South East Asia";trade journal;"17433231";"Textile Media Services Ltd";No;No;0,105;Q4;1;11;29;0;0;6;0,00;0,00;0,00;0;United Kingdom;Western Europe;"Textile Media Services Ltd";"2005-2022";"Business, Management and Accounting (miscellaneous) (Q4)";"Business, Management and Accounting"
1494;21100258736;"Advanced Series in Management";book series;"18776361";"Emerald Group Publishing Ltd.";No;No;0,104;Q4;21;0;111;0;42;66;0,44;0,00;0,00;0;United Kingdom;Western Europe;"Emerald Group Publishing Ltd.";"2009-2014, 2016-2020, 2022, 2024-2026";"Business, Management and Accounting (miscellaneous) (Q4)";"Business, Management and Accounting"
1495;13556;"British Plastics and Rubber";trade journal;"03076164";"MCM Publishing Ltd.";No;No;0,104;Q4;4;21;40;0;0;8;0,00;0,00;25,00;0;United Kingdom;Western Europe;"MCM Publishing Ltd.";"1975-1978, 1984-1987, 1990-2013, 2017-2025";"Business, Management and Accounting (miscellaneous) (Q4); Polymers and Plastics (Q4)";"Business, Management and Accounting; Materials Science"
1496;21100996098;"Canadian Journal of Educational Administration and Policy";journal;"12077798";"University of Saskatchewan, Department of Educational Administration, College of Education";Yes;No;0,104;Q4;8;19;8;1269;0;8;0,00;66,79;60,78;1;Canada;Northern America;"University of Saskatchewan, Department of Educational Administration, College of Education";"2020-2025";"Education (Q4); Strategy and Management (Q4)";"Business, Management and Accounting; Social Sciences"
1497;21101021921;"Journal of Property Tax Assessment and Administration";journal;"15483606, 13571419";"International Association of Assessing Officers";No;No;0,104;Q4;5;7;10;213;4;10;0,40;30,43;25,00;0;United States;Northern America;"International Association of Assessing Officers";"2019-2025";"Accounting (Q4); Economics and Econometrics (Q4); Finance (Q4); Law (Q4)";"Business, Management and Accounting; Economics, Econometrics and Finance; Social Sciences"
1498;21100211359;"Purushartha";journal;"24561371, 0975024X";"School of Management Sciences";Yes;No;0,104;Q4;8;27;44;1051;5;44;0,15;38,93;36,11;0;India;Asiatic Region;"School of Management Sciences";"2011-2013, 2015-2025";"Philosophy (Q4); Strategy and Management (Q4)";"Arts and Humanities; Business, Management and Accounting"
1499;4000152135;"Research in Global Strategic Management";book series;"10644857";"Emerald Group Publishing Ltd.";No;No;0,104;Q4;15;0;10;0;8;9;0,80;0,00;0,00;0;United Kingdom;Western Europe;"Emerald Group Publishing Ltd.";"1998-1999, 2003-2008, 2011, 2014, 2016, 2019, 2025-2026";"Business and International Management (Q4)";"Business, Management and Accounting"
1500;21101033834;"Review of Applied Socio-Economic Research";journal;"22476172";"Pro Global Science Association";No;No;0,104;Q4;7;19;31;501;8;28;0,26;26,37;40,63;1;Romania;Eastern Europe;"Pro Global Science Association";"2019-2025";"Business and International Management (Q4); Economics and Econometrics (Q4); Management of Technology and Innovation (Q4); Marketing (Q4); Social Sciences (miscellaneous) (Q4)";"Business, Management and Accounting; Economics, Econometrics and Finance; Social Sciences"
1501;21100829573;"Revista de Quimica e Industria Textil";journal;"23854812, 23854804";"Asociacion Espanola de Quimicos y Coloristas Textiles";No;No;0,104;Q4;4;9;10;0;0;7;0,00;0,00;0,00;0;Spain;Western Europe;"Asociacion Espanola de Quimicos y Coloristas Textiles";"2010-2012, 2014-2018, 2021-2024";"Business and International Management (Q4); Chemical Engineering (miscellaneous) (Q4); Industrial and Manufacturing Engineering (Q4); Polymers and Plastics (Q4)";"Business, Management and Accounting; Chemical Engineering; Engineering; Materials Science"
1502;5000159102;"Seybold Report";trade journal;"15339211";"The Joss Group";No;No;0,104;Q4;1;33;53;6;0;6;0,00;0,18;100,00;0;United States;Northern America;"The Joss Group";"2005, 2013, 2015-2023";"Media Technology (Q3); Marketing (Q4)";"Business, Management and Accounting; Engineering"
1503;16585;"Technische Textilien";trade journal;"03233243";"Deutscher Fachverlag GmbH";No;No;0,104;Q4;8;77;71;172;3;71;0,05;2,23;23,66;0;Germany;Western Europe;"Deutscher Fachverlag GmbH";"1989-1990, 1998-2014, 2018, 2020-2025";"Business, Management and Accounting (miscellaneous) (Q4); Environmental Science (miscellaneous) (Q4); Industrial and Manufacturing Engineering (Q4); Polymers and Plastics (Q4)";"Business, Management and Accounting; Engineering; Environmental Science; Materials Science"
1504;17170;"Textiles Trends";trade journal;"00405205";"Eastland Publications Private Ltd.";No;No;0,104;Q4;4;1;8;15;0;8;0,00;15,00;0,00;0;India;Asiatic Region;"Eastland Publications Private Ltd.";"1993-2015, 2017-2018, 2020-2021";"Business, Management and Accounting (miscellaneous) (Q4); Chemistry (miscellaneous) (Q4); Industrial and Manufacturing Engineering (Q4); Polymers and Plastics (Q4)";"Business, Management and Accounting; Chemistry; Engineering; Materials Science"
1505;12253;"China Business Review";trade journal;"01637169";"US-China Business Council";No;No;0,103;Q4;12;0;36;0;3;33;0,19;0,00;0,00;0;United States;Northern America;"US-China Business Council";"1983, 1991, 2005-2019";"Business and International Management (Q4); Economics, Econometrics and Finance (miscellaneous) (Q4); Political Science and International Relations (Q4); Strategy and Management (Q4)";"Business, Management and Accounting; Economics, Econometrics and Finance; Social Sciences"
1506;21101034343;"European Journal of Business Science and Technology";journal;"26947161, 23366494";"Mendel University in Brno";Yes;Yes;0,103;Q4;8;14;23;706;6;23;0,26;50,43;40,00;0;Czech Republic;Eastern Europe;"Mendel University in Brno";"2019-2025";"Business and International Management (Q4); Economics and Econometrics (Q4); Finance (Q4); Management Information Systems (Q4); Management of Technology and Innovation (Q4); Marketing (Q4)";"Business, Management and Accounting; Economics, Econometrics and Finance"
1507;19449;"Industry Week";trade journal;"00390895";"Penton Publishing Co.";No;No;0,103;Q4;15;0;10;0;0;10;0,00;0,00;0,00;0;United States;Northern America;"Penton Publishing Co.";"1974, 1989, 1994-2018";"Industrial and Manufacturing Engineering (Q4); Strategy and Management (Q4)";"Business, Management and Accounting; Engineering"
1508;16955;"Labour History";journal;"00236942";"Liverpool University Press";Yes;No;0,103;Q4;18;20;77;1868;6;66;0,09;93,40;45,83;0;Australia;Pacific Region;"Liverpool University Press";"1963-1964, 1966-1973, 1975-1977, 1980-2025";"History (Q3); Industrial Relations (Q4); Organizational Behavior and Human Resource Management (Q4); Sociology and Political Science (Q4)";"Arts and Humanities; Business, Management and Accounting; Social Sciences"
1509;16501;"Pakistan Textile Journal";trade journal;"00482757";"Pakistan Textile Journal";No;No;0,103;Q4;7;3;144;7;3;113;0,00;2,33;0,00;0;Pakistan;Asiatic Region;"Pakistan Textile Journal";"1993-1994, 1996, 2005-2025";"Agricultural and Biological Sciences (miscellaneous) (Q4); Business and International Management (Q4); Industrial and Manufacturing Engineering (Q4); Materials Science (miscellaneous) (Q4)";"Agricultural and Biological Sciences; Business, Management and Accounting; Engineering; Materials Science"
1510;19700183046;"Productivity Management";trade journal;"18688519";"Gito Verlag";No;No;0,103;Q4;7;0;21;0;2;19;0,00;0,00;0,00;0;Germany;Western Europe;"Gito Verlag";"2009-2018";"Business, Management and Accounting (miscellaneous) (Q4); Industrial and Manufacturing Engineering (Q4)";"Business, Management and Accounting; Engineering"
1511;18249;"World of Mining - Surface and Underground";journal;"16132408";"GDMB Gesellschaft fur Bergbau, Metallurgie, Rohstoff- und Umwelttechnik e.V.";No;No;0,103;Q4;10;41;135;375;6;113;0,02;9,15;23,81;0;Germany;Western Europe;"GDMB Gesellschaft fur Bergbau, Metallurgie, Rohstoff- und Umwelttechnik e.V.";"2004-2025";"Geotechnical Engineering and Engineering Geology (Q4); Strategy and Management (Q4)";"Business, Management and Accounting; Earth and Planetary Sciences"
1512;12019;"Apparel";trade journal;"15432009";"Edgell Communications Inc.";No;No;0,102;Q4;5;0;30;0;2;23;0,08;0,00;0,00;0;United States;Northern America;"Edgell Communications Inc.";"2002-2019";"Business and International Management (Q4); Business, Management and Accounting (miscellaneous) (Q4)";"Business, Management and Accounting"
1513;21100238636;"ATA Journal of Legal Tax Research";journal;"1543866X";"American Accounting Association";No;No;0,102;Q4;4;5;16;40;1;15;0,14;8,00;25,00;0;United States;Northern America;"American Accounting Association";"2011-2016, 2018-2025";"Accounting (Q4); Finance (Q4); Law (Q4)";"Business, Management and Accounting; Economics, Econometrics and Finance; Social Sciences"
1514;20500195041;"Hotel Management";journal;"21582122";"Advanstar Communications Inc.";No;No;0,102;Q4;4;92;379;0;2;64;0,01;0,00;100,00;0;United States;Northern America;"Advanstar Communications Inc.";"2011-2026";"Business and International Management (Q4); Tourism, Leisure and Hospitality Management (Q4)";"Business, Management and Accounting"
1515;15944;"Indian Journal of Sericulture";trade journal;"04457722";"Central Sericultural Research and Training Institute";No;No;0,102;Q4;11;0;14;0;0;14;0,00;0,00;0,00;0;India;Asiatic Region;"Central Sericultural Research and Training Institute";"1992-2018";"Agricultural and Biological Sciences (miscellaneous) (Q4); Business and International Management (Q4)";"Agricultural and Biological Sciences; Business, Management and Accounting"
1516;21101036138;"International Journal of Instructional Cases (discontinued)";journal;"2399830X";"Herald Academic Ltd and Organizational Ergonomics";No;No;0,102;Q4;7;3;16;15;0;16;0,00;5,00;50,00;0;United Kingdom;Western Europe;"Herald Academic Ltd and Organizational Ergonomics";"2017-2025";"Business, Management and Accounting (miscellaneous) (Q4); Management Information Systems (Q4); Marketing (Q4); Strategy and Management (Q4)";"Business, Management and Accounting"
1517;21100967078;"Journal of Australian Taxation";journal;"14400405, 22086773";"Journal of Australian Taxation Pty Ltd";No;No;0,102;Q4;4;0;24;0;2;22;0,08;0,00;0,00;0;Australia;Pacific Region;"Journal of Australian Taxation Pty Ltd";"2019-2020, 2022-2024";"Accounting (Q4); Finance (Q4)";"Business, Management and Accounting; Economics, Econometrics and Finance"
1518;13227;"Paint and Coatings Industry";journal;"08843848";"Business News Publishing Co.";No;No;0,102;Q4;9;11;288;55;6;97;0,02;5,00;14,29;0;United States;Northern America;"Business News Publishing Co.";"1996-2021";"Chemistry (miscellaneous) (Q4); Marketing (Q4); Surfaces, Coatings and Films (Q4)";"Business, Management and Accounting; Chemistry; Materials Science"
1519;5700164110;"Retraite et Societe";journal;"11674687";"Documentation Francaise";No;No;0,102;Q4;12;24;40;736;3;35;0,09;30,67;61,76;1;France;Western Europe;"Documentation Francaise";"2001-2009, 2011-2024";"Industrial Relations (Q4); Organizational Behavior and Human Resource Management (Q4); Sociology and Political Science (Q4)";"Business, Management and Accounting; Social Sciences"
1520;20273;"Airline Business";journal;"02687615";"Reed Business";No;No;0,101;Q4;7;0;58;0;0;30;0,00;0,00;0,00;0;United States;Northern America;"Reed Business";"1996-2018";"Business, Management and Accounting (miscellaneous) (Q4)";"Business, Management and Accounting"
1521;12669;"American Bankruptcy Law Journal";journal;"00279048";"National Conference of Bankruptcy Judges";No;No;0,101;Q4;17;0;22;0;5;21;0,20;0,00;0,00;0;United States;Northern America;"National Conference of Bankruptcy Judges";"1996-2011, 2014-2019";"Business, Management and Accounting (miscellaneous) (Q4); Law (Q4)";"Business, Management and Accounting; Social Sciences"
1522;145424;"Annual Conference Report - International Textile Manufacturers Federation";trade journal;"17274761";"International Textile Manufacturers Federation";No;No;0,101;Q4;1;0;23;0;0;22;0,00;0,00;0,00;0;Switzerland;Western Europe;"International Textile Manufacturers Federation";"2004-2007, 2013-2016, 2018";"Business and International Management (Q4)";"Business, Management and Accounting"
1523;19700173109;"Contract Pharma";trade journal;"15443469, 23806559";"Rodman Publishing, Corp.";No;No;0,101;Q4;4;0;41;0;0;41;0,00;0,00;0,00;0;United States;Northern America;"Rodman Publishing, Corp.";"2009-2018";"Industrial Relations (Q4); Pharmacology, Toxicology and Pharmaceutics (miscellaneous) (Q4)";"Business, Management and Accounting; Pharmacology, Toxicology and Pharmaceutics"
1524;13484;"Costume";journal;"05908876, 17496306";"Edinburgh University Press";No;No;0,101;Q4;11;12;37;591;4;30;0,08;49,25;60,00;0;United Kingdom;Western Europe;"Edinburgh University Press";"1965, 1967-2025";"Business, Management and Accounting (miscellaneous) (Q4); History (Q4)";"Arts and Humanities; Business, Management and Accounting"
1525;5700191220;"Drapers";journal;"14791617";"Emap Fashion Ltd.";No;No;0,101;Q4;2;0;105;0;0;35;0,00;0,00;0,00;0;United Kingdom;Western Europe;"Emap Fashion Ltd.";"2002, 2007-2018";"Business and International Management (Q4); Business, Management and Accounting (miscellaneous) (Q4)";"Business, Management and Accounting"
1526;24828;"Electronic Design";trade journal;"00134872";"";No;No;0,101;Q4;8;0;26;0;0;26;0,00;0,00;0,00;0;United States;Northern America;"";"1969-1987, 1990-1992, 1994-2018";"Electrical and Electronic Engineering (Q4); Strategy and Management (Q4)";"Business, Management and Accounting; Engineering"
1527;15616;"ENR (Engineering News-Record)";trade journal;"08919526";"Mcgraw Hill";No;No;0,101;Q4;9;0;692;0;6;577;0,01;0,00;0,00;0;United States;Northern America;"Mcgraw Hill";"1987, 1993-1999, 2001, 2003-2020";"Building and Construction (Q4); Business, Management and Accounting (miscellaneous) (Q4); Civil and Structural Engineering (Q4)";"Business, Management and Accounting; Engineering"
1528;21100878679;"Graziadio Business Review";journal;"21592977";"Graziadio School of Business and Management-Pepperdine University";No;No;0,101;Q4;2;11;35;238;10;25;0,35;21,64;23,53;0;United States;Northern America;"Graziadio School of Business and Management-Pepperdine University";"2018-2021";"Business and International Management (Q4); Economics and Econometrics (Q4)";"Business, Management and Accounting; Economics, Econometrics and Finance"
1529;15955;"Indian Silk";trade journal;"00196355";"Central Silk Board";No;No;0,101;Q4;7;0;41;0;0;41;0,00;0,00;0,00;0;India;Asiatic Region;"Central Silk Board";"1993-2019";"Agricultural and Biological Sciences (miscellaneous) (Q4); Business and International Management (Q4); Industrial and Manufacturing Engineering (Q4)";"Agricultural and Biological Sciences; Business, Management and Accounting; Engineering"
1530;15996;"International Dyer and Finisher";trade journal;"0020658X";"World Textile Information Network";No;No;0,101;Q4;12;53;272;17;2;196;0,00;0,32;30,77;0;United Kingdom;Western Europe;"World Textile Information Network";"1989-1992, 1995-2023";"Business and International Management (Q4); Environmental Science (miscellaneous) (Q4); Industrial and Manufacturing Engineering (Q4); Management, Monitoring, Policy and Law (Q4); Polymers and Plastics (Q4)";"Business, Management and Accounting; Engineering; Environmental Science; Materials Science"
1531;16540;"Journal of the Japan Research Association for Textile End-Uses";journal;"00372072";"Japan Research Association for Textile End-Uses";No;No;0,101;Q4;8;14;73;157;2;63;0,05;11,21;65,71;0;Japan;Asiatic Region;"Japan Research Association for Textile End-Uses";"1960, 1962, 1964, 1966, 1969-1970, 1978-2023";"Business, Management and Accounting (miscellaneous) (Q4); Materials Science (miscellaneous) (Q4)";"Business, Management and Accounting; Materials Science"
1532;21033;"Machine Design";trade journal;"00249114";"Penton Publishing Co.";No;No;0,101;Q4;8;0;84;0;2;67;0,00;0,00;0,00;0;United States;Northern America;"Penton Publishing Co.";"1972-1994, 1996-2018";"Mechanical Engineering (Q4); Mechanics of Materials (Q4); Strategy and Management (Q4)";"Business, Management and Accounting; Engineering"
1533;16490;"Nonwovens Industry";trade journal;"01634429";"Rodman Publishing, Corp.";No;No;0,101;Q4;5;72;223;0;3;31;0,01;0,00;100,00;0;United States;Northern America;"Rodman Publishing, Corp.";"1989-2026";"Business and International Management (Q4); Business, Management and Accounting (miscellaneous) (Q4); Materials Science (miscellaneous) (Q4); Polymers and Plastics (Q4)";"Business, Management and Accounting; Materials Science"
1534;5000160402;"Packaging News";trade journal;"00482676";"Yaffa Publishing Group";No;No;0,101;Q4;2;0;90;0;0;44;0,00;0,00;0,00;0;Australia;Pacific Region;"Yaffa Publishing Group";"2006-2019, 2022-2024";"Marketing (Q4); Materials Science (miscellaneous) (Q4)";"Business, Management and Accounting; Materials Science"
1535;5700165164;"Paper360";trade journal;"19333684";"Questex Media Group Inc.";No;No;0,101;Q4;9;7;76;1;2;75;0,03;0,14;20,00;0;United States;Northern America;"Questex Media Group Inc.";"2006-2025";"Forestry (Q4); Marketing (Q4); Materials Science (miscellaneous) (Q4)";"Agricultural and Biological Sciences; Business, Management and Accounting; Materials Science"
1536;13753;"Plant Engineer";journal;"00320838";"Society of Operations Engineers";No;No;0,101;Q4;0;0;0;0;0;0;0,00;0,00;0,00;0;United Kingdom;Western Europe;"Society of Operations Engineers";"1970-1971, 1973-1975, 1985, 1994-1996, 1998-2018";"Industrial and Manufacturing Engineering (Q4); Strategy and Management (Q4)";"Business, Management and Accounting; Engineering"
1537;21100268262;"Prakseologia";journal;"00794872";"Polska Akademia Nauk";No;No;0,101;Q4;5;12;40;339;0;39;0,00;28,25;20,00;0;Poland;Eastern Europe;"Polska Akademia Nauk";"2012-2021, 2023-2024";"Business, Management and Accounting (miscellaneous) (Q4); Philosophy (Q4)";"Arts and Humanities; Business, Management and Accounting"
1538;11400153338;"Printed Circuit Design and Fab/Circuits Assembly";journal;"19395442, 21530912";"U P Media Group Inc.";No;No;0,101;Q4;6;55;420;34;3;246;0,00;0,62;8,70;0;United States;Northern America;"U P Media Group Inc.";"2008-2026";"Electrical and Electronic Engineering (Q4); Industrial and Manufacturing Engineering (Q4); Industrial Relations (Q4); Management of Technology and Innovation (Q4)";"Business, Management and Accounting; Engineering"
1539;25443;"Sales and Marketing Management";journal;"01637517";"VNU eMedia Inc.";No;No;0,101;Q4;12;18;89;0;0;32;0,00;0,00;0,00;0;United States;Northern America;"VNU eMedia Inc.";"1996-2010, 2012-2019, 2021, 2023-2025";"Business and International Management (Q4); Marketing (Q4)";"Business, Management and Accounting"
1540;5000158116;"Textile View2 Magazine";journal;"18726127";"Metropolitan Publishing bv";No;No;0,101;Q4;0;14;38;0;0;27;0,00;0,00;50,00;0;Netherlands;Western Europe;"Metropolitan Publishing bv";"2006-2012, 2014-2016, 2018-2021";"Business and International Management (Q4); Business, Management and Accounting (miscellaneous) (Q4); History (Q4)";"Arts and Humanities; Business, Management and Accounting"
1541;17172;"Textile World";trade journal;"00405213";"Billian Publishing Inc.";No;No;0,101;Q4;7;60;134;35;1;29;0,01;0,58;16,67;0;United States;Northern America;"Billian Publishing Inc.";"1969, 1975-2025";"Business and International Management (Q4); Business, Management and Accounting (miscellaneous) (Q4); Industrial and Manufacturing Engineering (Q4)";"Business, Management and Accounting; Engineering"
1542;13373;"WSA";trade journal;"1356644X";"WORLD TRADES PUBLISHING LTD";No;No;0,101;Q4;4;0;29;0;0;29;0,00;0,00;0,00;0;United Kingdom;Western Europe;"WORLD TRADES PUBLISHING LTD";"1995-2012, 2014, 2017-2019";"Business and International Management (Q4); Business, Management and Accounting (miscellaneous) (Q4); Polymers and Plastics (Q4)";"Business, Management and Accounting; Materials Science"
1543;19300157031;"Economia Chilena (discontinued)";journal;"07173830";"International Collaboration for Research and Publications";No;No;0,101;-;8;0;26;0;0;23;0,00;0,00;0,00;0;United Kingdom;Western Europe;"International Collaboration for Research and Publications";"2008-2019";"Economics and Econometrics (Q4); Finance (Q4)";"Economics, Econometrics and Finance"
1544;100922;"Asian Textile Journal";trade journal;"09713425";"G P S Kwatra";No;No;0,100;Q4;12;77;134;1317;0;87;0,00;17,10;31,25;0;India;Asiatic Region;"G P S Kwatra";"1992-2013, 2018-2026";"Agricultural and Biological Sciences (miscellaneous) (Q4); Business and International Management (Q4); Business, Management and Accounting (miscellaneous) (Q4); Industrial and Manufacturing Engineering (Q4)";"Agricultural and Biological Sciences; Business, Management and Accounting; Engineering"
1545;15666;"Banking Law Journal";journal;"00055506";"Sheshunoff Information Services";No;No;0,100;Q4;7;66;127;498;4;110;0,03;7,55;29,71;0;United States;Northern America;"Sheshunoff Information Services";"1996-2012, 2018-2023, 2025";"Business, Management and Accounting (miscellaneous) (Q4); Finance (Q4); Law (Q4)";"Business, Management and Accounting; Economics, Econometrics and Finance; Social Sciences"
1546;29444;"Colourage (discontinued)";trade journal;"00101826";"Colour Publications Pvt. Ltd";No;No;0,100;Q4;25;0;201;0;5;201;0,00;0,00;0,00;0;India;Asiatic Region;"Colour Publications Pvt. Ltd";"1989-2020";"Business, Management and Accounting (miscellaneous) (Q4); Environmental Science (miscellaneous) (Q4); Industrial and Manufacturing Engineering (Q4)";"Business, Management and Accounting; Engineering; Environmental Science"
1547;24915;"Economist (United Kingdom)";journal;"00130613";"Economist Newspaper Ltd";No;No;0,100;Q4;11;0;2697;0;0;2343;0,00;0,00;0,00;0;United Kingdom;Western Europe;"Economist Newspaper Ltd";"1973, 1975-1979, 1988, 1992, 1997-1998, 2003-2018";"Business, Management and Accounting (miscellaneous) (Q4); Economics and Econometrics (Q4)";"Business, Management and Accounting; Economics, Econometrics and Finance"
1548;27878;"Flexo";trade journal;"10517324";"Flexographic Technical Association";No;No;0,100;Q4;3;0;86;0;0;86;0,00;0,00;0,00;0;United States;Northern America;"Flexographic Technical Association";"1996-2018";"Marketing (Q4); Media Technology (Q4)";"Business, Management and Accounting; Engineering"
1549;28340;"Graphic Arts Monthly";trade journal;"10479325";"Reed Business Information (Cahners)";No;No;0,100;Q4;2;0;148;0;0;127;0,00;0,00;0,00;0;United States;Northern America;"Reed Business Information (Cahners)";"1998, 2005-2019";"Media Technology (Q4); Strategy and Management (Q4)";"Business, Management and Accounting; Engineering"
1550;25628;"Hali";trade journal;"01420798";"Hali Publications Ltd";No;No;0,100;Q4;4;0;61;0;0;61;0,00;0,00;0,00;0;United Kingdom;Western Europe;"Hali Publications Ltd";"1997-2002, 2004-2011, 2013-2019";"Business, Management and Accounting (miscellaneous) (Q4); History (Q4)";"Arts and Humanities; Business, Management and Accounting"
1551;21100241619;"IHS Jane's Defence Weekly";trade journal;"20483430";"IHS Global Ltd.";No;No;0,100;Q4;2;570;739;0;1;739;0,01;0,00;12,87;0;United Kingdom;Western Europe;"IHS Global Ltd.";"2013, 2015-2023";"Aerospace Engineering (Q4); Automotive Engineering (Q4); Mechanical Engineering (Q4); Strategy and Management (Q4)";"Business, Management and Accounting; Engineering"
1552;21100881412;"IoTex";trade journal;"25141945";"World Textile Information Network";No;No;0,100;Q4;1;0;81;0;0;81;0,00;0,00;0,00;0;United Kingdom;Western Europe;"World Textile Information Network";"2017-2018";"Business and International Management (Q4); Industrial and Manufacturing Engineering (Q4)";"Business, Management and Accounting; Engineering"
1553;4000149406;"Journal du Textile";trade journal;"02930757";"Journal du Textile";No;No;0,100;Q4;1;0;154;0;0;154;0,00;0,00;0,00;0;France;Western Europe;"Journal du Textile";"2005-2019";"Business and International Management (Q4); Business, Management and Accounting (miscellaneous) (Q4)";"Business, Management and Accounting"
1554;16014;"Journal for Weavers, Spinners and Dyers";journal;"02677806";"Association of Guilds of Weavers, Spinners and Dyers";No;No;0,100;Q4;2;36;121;42;2;73;0,03;1,17;85,71;0;United Kingdom;Western Europe;"Association of Guilds of Weavers, Spinners and Dyers";"2001-2023";"Business and International Management (Q4); Chemical Engineering (miscellaneous) (Q4); Materials Science (miscellaneous) (Q4)";"Business, Management and Accounting; Chemical Engineering; Materials Science"
1555;16026;"Knitting International";trade journal;"02668394";"World Textile Information Network";No;No;0,100;Q4;6;44;61;25;0;61;0,00;0,57;66,67;0;United Kingdom;Western Europe;"World Textile Information Network";"1989-2000, 2002-2013, 2016-2019, 2021-2023";"Business and International Management (Q4); Business, Management and Accounting (miscellaneous) (Q4); Ceramics and Composites (Q4); Industrial and Manufacturing Engineering (Q4)";"Business, Management and Accounting; Engineering; Materials Science"
1556;16463;"Melliand International";trade journal;"09479163";"IBP - International Business Press Publishers";No;No;0,100;Q4;14;31;53;175;0;53;0,00;5,65;14,71;0;United States;Northern America;"IBP - International Business Press Publishers";"1995-2015, 2017-2025";"Business and International Management (Q4); Business, Management and Accounting (miscellaneous) (Q4); Industrial and Manufacturing Engineering (Q4); Polymers and Plastics (Q4)";"Business, Management and Accounting; Engineering; Materials Science"
1557;18770;"Petroleum Economist";trade journal;"0306395X";"Petroleum Economist Ltd.";No;No;0,100;Q4;4;527;689;0;8;380;0,01;0,00;24,53;0;United Kingdom;Western Europe;"Petroleum Economist Ltd.";"1979-1983, 1985, 1999-2015, 2017-2023";"Energy Engineering and Power Technology (Q4); Fuel Technology (Q4); Marketing (Q4)";"Business, Management and Accounting; Energy"
1558;13758;"Plant Engineering";trade journal;"0032082X";"CFE Media LLC";No;No;0,100;Q4;5;116;289;18;2;260;0,01;0,16;13,51;0;United States;Northern America;"CFE Media LLC";"1969-1988, 1991, 1994-2024";"Industrial and Manufacturing Engineering (Q4); Strategy and Management (Q4)";"Business, Management and Accounting; Engineering"
1559;28903;"Printing Impressions";trade journal;"0032860X";"North American Publishing Co.";No;No;0,100;Q4;1;83;102;0;0;91;0,00;0,00;38,46;0;United States;Northern America;"North American Publishing Co.";"1998-2000, 2005-2026";"Marketing (Q4); Media Technology (Q4)";"Business, Management and Accounting; Engineering"
1560;4100151611;"Printwear";trade journal;"15227898";"National Business Media Inc.";No;No;0,100;Q4;2;0;137;0;0;137;0,00;0,00;0,00;0;United States;Northern America;"National Business Media Inc.";"1990, 2001-2018";"Marketing (Q4); Materials Science (miscellaneous) (Q4); Mechanics of Materials (Q4)";"Business, Management and Accounting; Engineering; Materials Science"
1561;4900152405;"Restaurant Business";journal;"00978043";"Ideal Media LLC";No;No;0,100;Q4;3;0;253;0;1;73;0,00;0,00;0,00;0;United States;Northern America;"Ideal Media LLC";"2005-2020";"Tourism, Leisure and Hospitality Management (Q4)";"Business, Management and Accounting"
1562;28951;"Screen Printing";trade journal;"00369594";"S T Publications";No;No;0,100;Q4;2;0;53;0;1;53;0,00;0,00;0,00;0;United States;Northern America;"S T Publications";"1996, 1999-2020";"Marketing (Q4); Media Technology (Q4)";"Business, Management and Accounting; Engineering"
1563;16584;"Technical Textiles International";trade journal;"09645993";"International Newsletters Ltd";No;No;0,100;Q4;12;7;68;11;1;61;0,00;1,57;54,55;0;United Kingdom;Western Europe;"International Newsletters Ltd";"1992-2025";"Business, Management and Accounting (miscellaneous) (Q4); Chemistry (miscellaneous) (Q4); Industrial and Manufacturing Engineering (Q4); Materials Science (miscellaneous) (Q4)";"Business, Management and Accounting; Chemistry; Engineering; Materials Science"
1564;66080;"Textile Network";journal;"16125096";"Meisenbach GmbH";No;No;0,100;Q4;3;0;96;0;1;60;0,00;0,00;0,00;0;Germany;Western Europe;"Meisenbach GmbH";"2003-2014, 2018";"Business and International Management (Q4); Business, Management and Accounting (miscellaneous) (Q4); Industrial and Manufacturing Engineering (Q4); Materials Science (miscellaneous) (Q4)";"Business, Management and Accounting; Engineering; Materials Science"
1565;17157;"Textile Outlook International";journal;"02684764";"Textiles Intelligence Ltd.";No;No;0,100;Q4;8;29;97;0;0;80;0,00;0,00;0,00;0;United Kingdom;Western Europe;"Textiles Intelligence Ltd.";"1989-2025";"Business, Management and Accounting (miscellaneous) (Q4); Materials Science (miscellaneous) (Q4)";"Business, Management and Accounting; Materials Science"
1566;13366;"Textile Rental";journal;"01950118";"Textile Rental Association of America";No;No;0,100;Q4;1;93;266;0;0;171;0,00;0,00;21,43;0;United States;Northern America;"Textile Rental Association of America";"1979-1993, 2005-2015, 2017-2025";"Business and International Management (Q4); Industrial and Manufacturing Engineering (Q4); Polymers and Plastics (Q4)";"Business, Management and Accounting; Engineering; Materials Science"
1567;4000151002;"Textile View Magazine";trade journal;"13845306";"Metropolitan Publishing bv";No;No;0,100;Q4;1;0;74;0;0;74;0,00;0,00;0,00;0;Netherlands;Western Europe;"Metropolitan Publishing bv";"2005-2012, 2014-2020, 2022";"Business and International Management (Q4); Business, Management and Accounting (miscellaneous) (Q4); History (Q4)";"Arts and Humanities; Business, Management and Accounting"
1568;5800228219;"Textil-Revue";trade journal;"00404861";"St.Galler Tagblatt AG";No;No;0,100;Q4;0;20;74;0;0;74;0,00;0,00;80,00;0;Switzerland;Western Europe;"St.Galler Tagblatt AG";"2006-2017, 2019-2021";"Business, Management and Accounting (miscellaneous) (Q4); Industrial and Manufacturing Engineering (Q4)";"Business, Management and Accounting; Engineering"
1569;12600154713;"Twist";trade journal;"17590418";"World Textile Information Network";No;No;0,100;Q4;1;104;206;16;0;174;0,00;0,15;52,63;0;United Kingdom;Western Europe;"World Textile Information Network";"2008-2014, 2016-2023";"Business and International Management (Q4); Industrial and Manufacturing Engineering (Q4); Materials Science (miscellaneous) (Q4)";"Business, Management and Accounting; Engineering; Materials Science"
1570;19300157018;"Academy of Accounting and Financial Studies Journal (discontinued)";journal;"15282635, 10963685";"Allied Academies";No;No;;-;26;181;434;5930;346;434;0,65;32,76;40,09;0;United States;Northern America;"Allied Academies";"2009-2021";"Accounting; Economics and Econometrics; Finance";"Business, Management and Accounting; Economics, Econometrics and Finance"
1571;19700175174;"Academy of Entrepreneurship Journal (discontinued)";journal;"10879595, 15282686";"Allied Academies";No;No;;-;25;210;310;7072;232;310;0,64;33,68;38,15;0;United States;Northern America;"Allied Academies";"2009-2021";"Business and International Management; Economics and Econometrics; Strategy and Management";"Business, Management and Accounting; Economics, Econometrics and Finance"
1572;21101208626;"Academy of Management Annual Meeting Proceedings";conference and proceedings;"00650668, 21516561";"Academy of Management";No;No;;-;27;271;1086;608;191;1081;0,13;2,24;44,09;0;United States;Northern America;"Academy of Management";"1971, 2005-2025";"Industrial Relations; Management Information Systems; Management of Technology and Innovation";"Business, Management and Accounting"
1573;21101146363;"Academy of Management Discoveries";journal;"21681007";"Academy of Management";No;No;;-;34;32;94;2107;336;59;3,57;65,84;44,62;2;United States;Northern America;"Academy of Management";"2019-2025";"Business and International Management; Industrial Relations; Organizational Behavior and Human Resource Management; Strategy and Management";"Business, Management and Accounting"
1574;19700175176;"Academy of Strategic Management Journal (discontinued)";journal;"15441458, 19396104";"Allied Business Academies";No;No;;-;35;411;461;14755;566;461;1,18;35,90;44,10;0;United States;Northern America;"Allied Business Academies";"2009-2021";"Business and International Management; Strategy and Management";"Business, Management and Accounting"
1575;21100943519;"Accounting (discontinued)";journal;"23697407, 23697393";"Growing Science";Yes;Yes;;-;25;162;182;5866;208;182;1,11;36,21;40,76;1;Canada;Northern America;"Growing Science";"2018-2021";"Accounting; Pharmaceutical Science";"Business, Management and Accounting; Pharmacology, Toxicology and Pharmaceutics"
1576;21101068169;"Acta Commercii";journal;"16841999, 24131903";"AOSIS (Pty) Ltd";Yes;No;;-;12;23;59;1667;45;59;0,76;72,48;42,31;1;South Africa;Africa;"AOSIS (Pty) Ltd";"2019-2026";"Business, Management and Accounting (miscellaneous); Organizational Behavior and Human Resource Management; Strategy and Management";"Business, Management and Accounting"
1577;11600153426;"Advances in Consumer Research";journal;"00989258";"Association for Consumer Research";No;No;;-;32;33;50;908;4;48;0,08;27,52;69,84;0;United States;Northern America;"Association for Consumer Research";"1993-1994, 2006-2012, 2016-2017, 2019-2023";"Applied Psychology; Economics and Econometrics; Marketing";"Business, Management and Accounting; Economics, Econometrics and Finance; Psychology"
1578;21101061359;"Advances in Research on Russian Business and Management (discontinued)";book series;"2578725X, 25787268";"Information Age Publishing";No;No;;-;6;76;99;953;16;21;0,18;12,54;72,41;0;United States;Northern America;"Information Age Publishing";"2018-2023";"Business, Management and Accounting (miscellaneous); Economics and Econometrics";"Business, Management and Accounting; Economics, Econometrics and Finance"
1579;21101194991;"Advances in Transdisciplinary Engineering";book series;"23527528, 2352751X";"IOS Press BV";No;No;;-;19;319;579;4988;247;562;0,34;15,64;31,12;0;Netherlands;Western Europe;"IOS Press BV";"2014-2026";"Algebra and Number Theory; Computer Science Applications; Industrial and Manufacturing Engineering; Software; Strategy and Management";"Business, Management and Accounting; Computer Science; Engineering; Mathematics"
1580;21101285837;"African Multidisciplinary Tax Journal (AMTJ)";journal;"27100685, 27098575";"Juta and Company Ltd";No;No;;-;3;17;0;426;0;0;0,00;25,06;50,00;0;South Africa;Africa;"Juta and Company Ltd";"2021-2025";"Business, Management and Accounting (miscellaneous); Public Administration; Social Sciences (miscellaneous)";"Business, Management and Accounting; Social Sciences"
1581;21101051084;"Agricultural and Resource Economics";journal;"2414584X";"Institute of Eastern European Research and Consulting";Yes;No;;-;14;48;84;1602;79;83;0,94;33,38;60,10;1;Ukraine;Eastern Europe;"Institute of Eastern European Research and Consulting";"2019-2025";"Agricultural and Biological Sciences (miscellaneous); Business, Management and Accounting (miscellaneous); Marketing";"Agricultural and Biological Sciences; Business, Management and Accounting"
1582;21101073719;"AIS Transactions on Replication Research";journal;"24733458";"Association for Information Systems";No;No;;-;5;12;11;423;12;11;1,09;35,25;33,33;0;United States;Northern America;"Association for Information Systems";"2014, 2018-2019, 2021-2024";"Information Systems; Management Information Systems";"Business, Management and Accounting; Computer Science"
1583;21101058356;"American Business Review";journal;"26898810";"Pompea College of Business, University of New Haven";Yes;Yes;;-;9;22;19;1616;14;18;0,74;73,45;29,79;1;United States;Northern America;"Pompea College of Business, University of New Haven";"2020-2025";"Business, Management and Accounting (miscellaneous); Marketing; Organizational Behavior and Human Resource Management; Strategy and Management";"Business, Management and Accounting"
1584;21101043579;"Annals of Corporate Governance";journal;"23816732, 23816724";"Now Publishers Inc";No;No;;-;6;3;9;518;4;8;0,44;172,67;0,00;0;United States;Northern America;"Now Publishers Inc";"2019-2025";"Business, Management and Accounting (miscellaneous); Finance; Law";"Business, Management and Accounting; Economics, Econometrics and Finance; Social Sciences"
1585;21101074921;"Annals of Tourism Research Empirical Insights";journal;"26669579";"Elsevier B.V.";Yes;No;;-;25;22;5;912;19;5;3,80;41,45;52,31;2;Netherlands;Western Europe;"Elsevier B.V.";"2020-2026";"Geography, Planning and Development; Marketing; Sociology and Political Science; Tourism, Leisure and Hospitality Management";"Business, Management and Accounting; Social Sciences"
1586;21100197182;"Annual Conference on Innovation and Technology in Computer Science Education, ITiCSE";conference and proceedings;"1942647X";"Association for Computing Machinery";No;No;;-;48;149;392;3650;726;382;1,61;24,50;38,78;5;United States;Northern America;"Association for Computing Machinery";"1999, 2011-2013, 2015-2025";"Education; Management of Technology and Innovation";"Business, Management and Accounting; Social Sciences"
1587;21101196736;"APTISI Transactions on Technopreneurship";journal;"26558807, 26568888";"Pandawan Sejahtera";Yes;No;;-;27;19;0;546;0;0;0,00;28,74;39,58;0;Indonesia;Asiatic Region;"Pandawan Sejahtera";"2021-2026";"Artificial Intelligence; Computer Science Applications; Education; Management Information Systems";"Business, Management and Accounting; Computer Science; Social Sciences"
1588;21101390127;"Archives for Technical Sciences";journal;"18404855, 22330046";"Technical institute of Bijeljina";No;No;;-;15;19;0;369;0;0;0,00;19,42;50,00;0;Bosnia and Herzegovina;Eastern Europe;"Technical institute of Bijeljina";"2021-2025";"Business and International Management; Civil and Structural Engineering; Engineering (miscellaneous); Industrial and Manufacturing Engineering; Medicine (miscellaneous)";"Business, Management and Accounting; Engineering; Medicine"
1589;21101190204;"Artivate";journal;"21647747";"University of Arkansas Press";Yes;Yes;;-;7;10;23;389;26;16;1,13;38,90;46,15;0;United States;Northern America;"University of Arkansas Press";"2019-2025";"Management of Technology and Innovation; Visual Arts and Performing Arts";"Arts and Humanities; Business, Management and Accounting"
1590;21101162636;"Arts and the Market";journal;"20564953, 20564945";"Emerald Publishing";No;No;;-;12;19;44;1051;36;40;0,59;55,32;53,49;0;United Kingdom;Western Europe;"Emerald Publishing";"2015-2025";"Arts and Humanities (miscellaneous); Business, Management and Accounting (miscellaneous)";"Arts and Humanities; Business, Management and Accounting"
1591;21101158885;"Asia Marketing Journal";journal;"27656500, 15987868";"Korean Marketing Association";Yes;No;;-;8;16;41;893;20;41;0,49;55,81;42,86;0;South Korea;Asiatic Region;"Korean Marketing Association";"2019-2025";"Marketing";"Business, Management and Accounting"
1592;21101080475;"Asian Journal of Business Ethics";journal;"22106731, 22106723";"Springer Science and Business Media B.V.";No;No;;-;19;20;40;1334;36;40;0,83;66,70;21,05;0;Netherlands;Western Europe;"Springer Science and Business Media B.V.";"2012-2026";"Business, Management and Accounting (miscellaneous); Economics, Econometrics and Finance (miscellaneous); Philosophy; Social Sciences (miscellaneous)";"Arts and Humanities; Business, Management and Accounting; Economics, Econometrics and Finance; Social Sciences"
1593;21100854422;"Atas da Conferencia da Associacao Portuguesa de Sistemas de Informacao";conference and proceedings;"2183489X";"Associacao Portuguesa de Sistemas de Informacao";No;No;;-;7;37;134;1193;31;130;0,29;32,24;31,40;0;Portugal;Western Europe;"Associacao Portuguesa de Sistemas de Informacao";"2014-2024";"Computer Science Applications; Information Systems; Information Systems and Management; Management Information Systems; Management of Technology and Innovation";"Business, Management and Accounting; Computer Science; Decision Sciences"
1594;21101120357;"AtoZ";journal;"2237826X";"Programa de Pos-Graduacao em Gestao da Informacao, Universidade Federal do Parana";Yes;Yes;;-;5;40;61;952;5;57;0,08;23,80;52,78;1;Brazil;Latin America;"Programa de Pos-Graduacao em Gestao da Informacao, Universidade Federal do Parana";"2019-2025";"Information Systems; Library and Information Sciences; Strategy and Management";"Business, Management and Accounting; Computer Science; Social Sciences"
1595;21101202019;"BenchCouncil Transactions on Benchmarks, Standards and Evaluations";journal;"27724859";"";Yes;Yes;;-;13;12;0;415;0;0;0,00;34,58;33,33;0;China;Asiatic Region;"";"2021-2025";"Artificial Intelligence; Computer Science (miscellaneous); Multidisciplinary; Strategy and Management";"Business, Management and Accounting; Computer Science; Multidisciplinary"
1596;21101303302;"Beta";journal;"15043134";"Scandinavian University Press";No;No;;-;2;3;0;92;0;0;0,00;30,67;33,33;0;Norway;Western Europe;"Scandinavian University Press";"2021-2025";"Accounting; Business, Management and Accounting (miscellaneous); Economics, Econometrics and Finance (miscellaneous); Finance";"Business, Management and Accounting; Economics, Econometrics and Finance"
1597;21101289967;"Big Data and Computing Visions";journal;"2821014X, 27834956";"Research Expansion Alliance (REA)";No;No;;-;9;24;0;682;0;0;0,00;28,42;30,19;0;Serbia;Eastern Europe;"Research Expansion Alliance (REA)";"2021-2025";"Computer Networks and Communications; Computer Science Applications; Information Systems and Management; Management Information Systems";"Business, Management and Accounting; Computer Science; Decision Sciences"
1598;21101058047;"BioProducts Business";journal;"23781394";"Society of Wood Science and Technology";Yes;No;;-;7;1;18;17;15;18;0,83;17,00;0,00;0;United States;Northern America;"Society of Wood Science and Technology";"2019-2025";"Forestry; Management of Technology and Innovation; Marketing; Strategy and Management";"Agricultural and Biological Sciences; Business, Management and Accounting"
1599;21101046369;"Brazilian Journal of Operations and Production Management";journal;"16798171, 22378960";"Associacao Brasileira de Engenharia de Producao";Yes;Yes;;-;19;36;108;1608;113;108;1,05;44,67;21,85;0;Brazil;Latin America;"Associacao Brasileira de Engenharia de Producao";"2019-2025";"Computer Science Applications; Industrial and Manufacturing Engineering; Management of Technology and Innovation; Management Science and Operations Research; Strategy and Management";"Business, Management and Accounting; Computer Science; Decision Sciences; Engineering"
1600;21101312742;"Built Environment Journal";journal;"26370395";"MARA University of Technology";No;No;;-;4;18;0;450;0;0;0,00;25,00;73,91;0;Malaysia;Asiatic Region;"MARA University of Technology";"2021-2026";"Architecture; Biophysics; Business, Management and Accounting (miscellaneous); Materials Science (miscellaneous)";"Biochemistry, Genetics and Molecular Biology; Business, Management and Accounting; Engineering; Materials Science"
1601;21101301814;"Business Ethics and Leadership";journal;"25206311, 25206761";"Academic Research and Publishing UG";Yes;No;;-;14;44;0;1724;0;0;0,00;39,18;42,03;0;Germany;Western Europe;"Academic Research and Publishing UG";"2019-2025";"Business, Management and Accounting (miscellaneous); Decision Sciences (miscellaneous); Gender Studies; Issues, Ethics and Legal Aspects; Law; Organizational Behavior and Human Resource Management; Social Sciences (miscellaneous); Sociology and Political Science";"Business, Management and Accounting; Decision Sciences; Nursing; Social Sciences"
1602;21101053582;"Business Ethics, the Environment and Responsibility";journal;"26946424, 26946416";"John Wiley and Sons Inc";No;No;;-;61;62;126;5417;518;120;3,89;87,37;36,43;5;United Kingdom;Western Europe;"John Wiley and Sons Inc";"2021-2026";"Business and International Management; Economics and Econometrics; Management, Monitoring, Policy and Law; Organizational Behavior and Human Resource Management; Philosophy";"Arts and Humanities; Business, Management and Accounting; Economics, Econometrics and Finance; Environmental Science"
1603;21101212235;"Canadian Tax Journal";journal;"00085111";"Canadian Tax Foundation";No;No;;-;5;37;32;49;4;29;0,13;1,32;21,28;11;Canada;Northern America;"Canadian Tax Foundation";"2020-2025";"Accounting; Finance; Law";"Business, Management and Accounting; Economics, Econometrics and Finance; Social Sciences"
1604;21101091129;"China Biotechnology";journal;"16718135";"";No;No;;-;7;144;306;6439;57;306;0,19;44,72;41,16;0;China;Asiatic Region;"";"2019-2025";"Accounting; Business, Management and Accounting (miscellaneous); Development; Economics, Econometrics and Finance (miscellaneous)";"Business, Management and Accounting; Economics, Econometrics and Finance; Social Sciences"
1605;21101098869;"Cleaner Logistics and Supply Chain";journal;"27723909";"Elsevier Ltd";Yes;No;;-;37;14;0;990;0;0;0,00;70,71;14,29;1;United Kingdom;Western Europe;"Elsevier Ltd";"2021-2026";"Environmental Science (miscellaneous); Industrial and Manufacturing Engineering; Management, Monitoring, Policy and Law; Management of Technology and Innovation";"Business, Management and Accounting; Engineering; Environmental Science"
1606;21101194575;"Cleaner Production Letters";journal;"26667916";"Elsevier B.V.";Yes;No;;-;16;2;0;160;0;0;0,00;80,00;100,00;1;Netherlands;Western Europe;"Elsevier B.V.";"2021-2026";"Waste Management and Disposal";"Environmental Science"
1607;18258;"Compensation and Benefits Review";journal;"15523837, 08863687";"SAGE Publications Inc.";No;No;;-;20;14;53;223;14;43;0,24;15,93;40,00;3;United States;Northern America;"SAGE Publications Inc.";"1985-1989, 2000-2026";"Business, Management and Accounting (miscellaneous); Organizational Behavior and Human Resource Management";"Business, Management and Accounting"
1608;21101170609;"Complex Systems Informatics and Modeling Quarterly";journal;"22559922";"Riga Technical University";Yes;Yes;;-;13;20;45;923;38;39;0,84;46,15;27,91;0;Latvia;Eastern Europe;"Riga Technical University";"2019-2025";"Artificial Intelligence; Business, Management and Accounting (miscellaneous); Engineering (miscellaneous); Information Systems";"Business, Management and Accounting; Computer Science; Engineering"
1609;21101131421;"Consumer Behavior in Tourism and Hospitality";journal;"27526674, 27526666";"Emerald Publishing";No;No;;-;56;32;120;1886;311;117;2,37;58,94;35,94;0;United Kingdom;Western Europe;"Emerald Publishing";"2022-2026";"Geography, Planning and Development; Tourism, Leisure and Hospitality Management";"Business, Management and Accounting; Social Sciences"
1610;21101081522;"Cooperativismo e Economia Social";journal;"26606348, 11302682";"Faculty of Legal Sciences and Labor, University of Vigo";No;No;;-;2;22;40;244;3;36;0,08;11,09;36,36;0;Spain;Western Europe;"Faculty of Legal Sciences and Labor, University of Vigo";"2019-2021, 2023-2025";"Business and International Management; Economics and Econometrics; Law";"Business, Management and Accounting; Economics, Econometrics and Finance; Social Sciences"
1611;21101090644;"Corporate and Business Strategy Review";journal;"27089924, 27084965";"Virtus Interpress";No;No;;-;13;12;13;603;0;9;0,00;50,25;33,33;0;Ukraine;Eastern Europe;"Virtus Interpress";"2020-2026";"Decision Sciences (miscellaneous); Earth and Planetary Sciences (miscellaneous); Management Science and Operations Research; Strategy and Management";"Business, Management and Accounting; Decision Sciences; Earth and Planetary Sciences"
1612;21101050917;"Corporate Governance and Organizational Behavior Review (discontinued)";journal;"25211889, 25211870";"Virtus Interpress";No;No;;-;12;29;12;1451;3;8;0,25;50,03;26,76;0;Ukraine;Eastern Europe;"Virtus Interpress";"2019-2024";"Finance; Management Science and Operations Research; Organizational Behavior and Human Resource Management";"Business, Management and Accounting; Decision Sciences; Economics, Econometrics and Finance"
1613;21101273214;"Corporate Governance and Sustainability Review";journal;"2519898X, 25198971";"Virtus Interpress";No;No;;-;8;27;0;1374;0;0;0,00;50,89;45,45;1;Ukraine;Eastern Europe;"Virtus Interpress";"2021-2026";"Accounting; Economics and Econometrics; Organizational Behavior and Human Resource Management; Strategy and Management";"Business, Management and Accounting; Economics, Econometrics and Finance"
1614;21101144515;"Corporate Law and Governance Review";journal;"27071111, 26641542";"Virtus Interpress";No;No;;-;9;8;18;405;3;14;0,17;50,63;33,33;0;Ukraine;Eastern Europe;"Virtus Interpress";"2019-2026";"Business and International Management; Business, Management and Accounting (miscellaneous); Finance; Law";"Business, Management and Accounting; Economics, Econometrics and Finance; Social Sciences"
1615;21101247623;"Cronica Tributaria";journal;"26957566";"Instituto de Estudios Fiscales";Yes;Yes;;-;4;27;63;756;4;49;0,06;28,00;38,46;0;Spain;Western Europe;"Instituto de Estudios Fiscales";"2019-2025";"Accounting; Economics, Econometrics and Finance (miscellaneous); Finance; Law";"Business, Management and Accounting; Economics, Econometrics and Finance; Social Sciences"
1616;21101308310;"CTU Journal of Innovation and Sustainable Development";journal;"25881418, 28156412";"Can Tho University";Yes;No;;-;5;45;0;1161;0;0;0,00;25,80;26,72;0;Viet Nam;Asiatic Region;"Can Tho University";"2021-2025";"Business, Management and Accounting (miscellaneous); Energy (miscellaneous); Environmental Science (miscellaneous)";"Business, Management and Accounting; Energy; Environmental Science"
1617;21101092534;"Data Science and Management";journal;"26667649";"KeAi Communications Co.";Yes;Yes;;-;27;23;0;1092;0;0;0,00;47,48;31,34;2;China;Asiatic Region;"KeAi Communications Co.";"2021-2025";"Artificial Intelligence; Computer Science Applications; Information Systems; Information Systems and Management; Management Information Systems; Management Science and Operations Research";"Business, Management and Accounting; Computer Science; Decision Sciences"
1618;21101149706;"Digital Business";journal;"26669544";"Elsevier B.V.";Yes;No;;-;27;9;5;716;18;4;3,60;79,56;37,50;4;Netherlands;Western Europe;"Elsevier B.V.";"2020-2026";"Business and International Management; Business, Management and Accounting (miscellaneous)";"Business, Management and Accounting"
1619;21101044732;"E-Balonmano.com: Revista de Ciencias del Deporte";journal;"18857019";"Federacion Extremena de Balonmano, University of Extremadura";Yes;Yes;;-;9;21;42;884;31;42;0,74;42,10;18,92;0;Spain;Western Europe;"Federacion Extremena de Balonmano, University of Extremadura";"2019-2025";"Education; Physical Therapy, Sports Therapy and Rehabilitation; Social Sciences (miscellaneous); Tourism, Leisure and Hospitality Management";"Business, Management and Accounting; Health Professions; Social Sciences"
1620;21101122725;"ECONOMICS - Innovative and Economics Research Journal";journal;"23035005, 23035013";"Sciendo";Yes;No;;-;16;19;63;891;16;62;0,27;46,89;47,22;5;Poland;Eastern Europe;"Sciendo";"2015-2025";"Business and International Management; Economics, Econometrics and Finance (miscellaneous)";"Business, Management and Accounting; Economics, Econometrics and Finance"
1621;21100886412;"Economics, Management, and Financial Markets (discontinued)";journal;"1938212X, 18423191";"Addleton Academic Publishers";No;No;;-;21;11;60;402;231;60;5,03;36,55;43,48;0;United States;Northern America;"Addleton Academic Publishers";"2018-2021";"Business and International Management; Economics, Econometrics and Finance (miscellaneous); Sociology and Political Science; Strategy and Management";"Business, Management and Accounting; Economics, Econometrics and Finance; Social Sciences"
1622;21101214786;"Economics of Development (discontinued)";journal;"23046155, 16831942";"Simon Kuznets Kharkiv National University of Economics";Yes;No;;-;10;17;0;469;0;0;0,00;27,59;60,61;0;Ukraine;Eastern Europe;"Simon Kuznets Kharkiv National University of Economics";"2021-2025";"Business and International Management; Economics, Econometrics and Finance (miscellaneous); Marketing";"Business, Management and Accounting; Economics, Econometrics and Finance"
1623;21101137841;"Economy of Regions";journal;"20726414, 24111406";"Institute of Economics, Ural Branch of the Russian Academy of Sciences";Yes;Yes;;-;22;95;308;3556;470;308;1,52;37,43;50,69;0;Russian Federation;Eastern Europe;"Institute of Economics, Ural Branch of the Russian Academy of Sciences";"2010-2025";"Business, Management and Accounting (miscellaneous); Economics, Econometrics and Finance (miscellaneous); Environmental Science (miscellaneous)";"Business, Management and Accounting; Economics, Econometrics and Finance; Environmental Science"
1624;21101337823;"Economy: strategy and practice";journal;"2663550X, 19979967";"Institute of Economics Committee of Science MSHE RK";Yes;No;;-;6;64;0;1558;0;0;0,00;24,34;73,25;0;Kazakhstan;Asiatic Region;"Institute of Economics Committee of Science MSHE RK";"2021-2025";"Business, Management and Accounting (miscellaneous); Economics, Econometrics and Finance (miscellaneous); Social Sciences (miscellaneous)";"Business, Management and Accounting; Economics, Econometrics and Finance; Social Sciences"
1625;21101218109;"Ekonomika APK (discontinued)";journal;"24132322, 22211055";"National Scientific Centre Institute of Agrarian Economics";Yes;No;;-;8;116;138;2656;42;138;0,30;22,90;52,43;0;Ukraine;Eastern Europe;"National Scientific Centre Institute of Agrarian Economics";"2020-2025";"Economics, Econometrics and Finance (miscellaneous)";"Economics, Econometrics and Finance"
1626;21101096642;"Entrepreneurship Education and Pedagogy";journal;"25151274";"SAGE Publications Inc.";No;No;;-;25;37;53;2121;308;48;4,18;57,32;46,67;3;United States;Northern America;"SAGE Publications Inc.";"2018-2026";"Business and International Management; Education";"Business, Management and Accounting; Social Sciences"
1627;21101038805;"Eurasian Studies in Business and Economics";book series;"23645067, 23645075";"Springer Science and Business Media B.V.";No;No;;-;12;149;261;5628;63;234;0,25;37,77;56,25;1;Netherlands;Western Europe;"Springer Science and Business Media B.V.";"2015-2025";"Business, Management and Accounting (miscellaneous); Economics, Econometrics and Finance (miscellaneous)";"Business, Management and Accounting; Economics, Econometrics and Finance"
1628;21101064804;"European Journal of Family Business";journal;"2444877X, 24448788";"Universidad de Malaga";Yes;Yes;;-;18;19;39;1003;34;35;1,08;52,79;50,00;0;Spain;Western Europe;"Universidad de Malaga";"2016-2025";"Business and International Management; Business, Management and Accounting (miscellaneous); Organizational Behavior and Human Resource Management";"Business, Management and Accounting"
1629;21101124076;"European Project Management Journal";journal;"25604961";"IPMA Serbia";Yes;Yes;;-;7;12;31;266;13;30;0,42;22,17;52,94;0;Serbia;Eastern Europe;"IPMA Serbia";"2019-2025";"Business, Management and Accounting (miscellaneous); Strategy and Management";"Business, Management and Accounting"
1630;21101313386;"Finance Controle Strategie";journal;"22615512";"OpenEditions Journals";No;No;;-;3;21;0;1186;0;0;0,00;56,48;28,13;0;France;Western Europe;"OpenEditions Journals";"2021-2025";"Accounting; Business, Management and Accounting (miscellaneous); Strategy and Management";"Business, Management and Accounting"
1631;21101210639;"Florida Tax Review";journal;"10663487, 24761699";"University of Florida Press";No;No;;-;5;18;20;380;4;19;0,20;21,11;20,83;1;United States;Northern America;"University of Florida Press";"2019-2025";"Accounting; Finance; Law";"Business, Management and Accounting; Economics, Econometrics and Finance; Social Sciences"
1632;21101081524;"Folia Oeconomica Stetinensia";journal;"17304237, 18980198";"Sciendo";Yes;Yes;;-;8;21;82;667;22;82;0,27;31,76;44,44;1;Poland;Eastern Europe;"Sciendo";"2019-2025";"Business, Management and Accounting (miscellaneous); Economics, Econometrics and Finance (miscellaneous); Marketing; Organizational Behavior and Human Resource Management";"Business, Management and Accounting; Economics, Econometrics and Finance"
1633;22601;"Forbes";journal;"00156914";"Forbes Magazine";No;No;;-;7;64;278;2;0;210;0,00;0,03;30,77;0;United States;Northern America;"Forbes Magazine";"1978-1981, 1997, 2002, 2005-2011, 2018-2025";"Finance; Strategy and Management";"Business, Management and Accounting; Economics, Econometrics and Finance"
1634;21101363389;"Forum Empresarial";journal;"15418561, 24758752";"University of Puerto Rico";Yes;No;;-;2;4;0;117;0;0;0,00;29,25;70,00;0;Puerto Rico;Latin America;"University of Puerto Rico";"2021-2025";"Business, Management and Accounting (miscellaneous); Decision Sciences (miscellaneous); Marketing; Organizational Behavior and Human Resource Management";"Business, Management and Accounting; Decision Sciences"
1635;21101162553;"Foundations and Trends in Information Systems";journal;"2331124X, 23311231";"Now Publishers Inc";No;No;;-;6;1;5;65;22;5;4,40;65,00;0,00;0;United States;Northern America;"Now Publishers Inc";"2019-2025";"Information Systems; Management Information Systems";"Business, Management and Accounting; Computer Science"
1636;21101063028;"Frontiers in Sports and Active Living";journal;"26249367";"Frontiers Media SA";Yes;No;;-;38;346;76;18132;196;75;2,58;52,40;32,43;22;Switzerland;Western Europe;"Frontiers Media SA";"2019-2026";"Anthropology; Orthopedics and Sports Medicine; Physical Therapy, Sports Therapy and Rehabilitation; Physiology; Public Health, Environmental and Occupational Health; Tourism, Leisure and Hospitality Management";"Biochemistry, Genetics and Molecular Biology; Business, Management and Accounting; Health Professions; Medicine; Social Sciences"
1637;21101151498;"Futures and Foresight Science";journal;"25735152";"John Wiley and Sons Inc";No;No;;-;17;38;48;1480;117;27;2,44;38,95;26,92;5;United States;Northern America;"John Wiley and Sons Inc";"2019-2026";"Business, Management and Accounting (miscellaneous); Management Science and Operations Research; Strategy and Management";"Business, Management and Accounting; Decision Sciences"
1638;17700155016;"Handbook of Industrial Organization";book series;"1573448X";"Elsevier B.V.";No;No;;-;16;17;0;3966;0;0;0,00;233,29;12,50;16;Netherlands;Western Europe;"Elsevier B.V.";"1989, 2007, 2021";"Economics and Econometrics; Finance; Industrial Relations; Strategy and Management";"Business, Management and Accounting; Economics, Econometrics and Finance"
1639;21101090832;"Heritage and Sustainable Development";journal;"27120554";"Research and Development Academy";Yes;Yes;;-;12;20;21;424;38;21;1,81;21,20;29,27;2;Bosnia and Herzegovina;Eastern Europe;"Research and Development Academy";"2019-2026";"Architecture; Business, Management and Accounting (miscellaneous); Engineering (miscellaneous); Environmental Engineering";"Business, Management and Accounting; Engineering; Environmental Science"
1640;21101298938;"Human Resources Management and Services";journal;"26614308";"PiscoMed Publishing";No;No;;-;5;2;0;33;0;0;0,00;16,50;40,00;0;Singapore;Asiatic Region;"PiscoMed Publishing";"2021-2026";"Organizational Behavior and Human Resource Management";"Business, Management and Accounting"
1641;21101095940;"Humanistic Management Journal";journal;"23666048";"Springer International Publishing AG";No;No;;-;19;26;62;1769;91;47;1,32;68,04;49,12;2;Switzerland;Western Europe;"Springer International Publishing AG";"2016-2026";"Business and International Management; Business, Management and Accounting (miscellaneous); Organizational Behavior and Human Resource Management; Strategy and Management";"Business, Management and Accounting"
1642;21100944119;"Indian Journal of Economics and Business (discontinued)";journal;"09725784";"Ashwin Anokha Publications and Distributors";No;No;;-;7;12;45;940;42;44;0,93;78,33;35,29;0;India;Asiatic Region;"Ashwin Anokha Publications and Distributors";"2019-2021";"Business and International Management; Economics, Econometrics and Finance (miscellaneous); Strategy and Management";"Business, Management and Accounting; Economics, Econometrics and Finance"
1643;22476;"Informacion Tecnologica (discontinued)";journal;"07180764, 07168756";"Centro de Informacion Tecnologica";Yes;No;;-;23;50;490;1366;347;480;0,72;27,32;31,65;0;Chile;Latin America;"Centro de Informacion Tecnologica";"1996-2021";"Agricultural and Biological Sciences (miscellaneous); Business, Management and Accounting (miscellaneous); Chemical Engineering (miscellaneous); Chemistry (miscellaneous); Computer Science Applications; Computer Science (miscellaneous); Energy (miscellaneous); Food Science; Geotechnical Engineering and Engineering Geology; Industrial and Manufacturing Engineering; Materials Science (miscellaneous); Multidisciplinary; Strategy and Management";"Agricultural and Biological Sciences; Business, Management and Accounting; Chemical Engineering; Chemistry; Computer Science; Earth and Planetary Sciences; Energy; Engineering; Materials Science; Multidisciplinary"
1644;21101076095;"Information and Media";journal;"27836207";"Vilnius University Press";Yes;Yes;;-;6;11;90;671;18;88;0,19;61,00;72,22;0;Lithuania;Eastern Europe;"Vilnius University Press";"2021-2025";"Information Systems and Management; Management of Technology and Innovation; Media Technology; Physics and Astronomy (miscellaneous); Political Science and International Relations; Sociology and Political Science";"Business, Management and Accounting; Decision Sciences; Engineering; Physics and Astronomy; Social Sciences"
1645;21101234810;"INFORMS Journal on Applied Analytics";journal;"26440865, 26440873";"INFORMS Inst.for Operations Res.and the Management Sciences";No;No;;-;15;23;66;515;68;65;1,03;22,39;19,27;0;United States;Northern America;"INFORMS Inst.for Operations Res.and the Management Sciences";"2019-2022";"Management of Technology and Innovation; Management Science and Operations Research; Strategy and Management";"Business, Management and Accounting; Decision Sciences"
1646;21101064919;"Innovation and Management Review";journal;"25158961";"Emerald Group Publishing Ltd.";Yes;Yes;;-;25;26;72;1443;142;71;1,29;55,50;27,87;0;United Kingdom;Western Europe;"Emerald Group Publishing Ltd.";"2018-2025";"Business and International Management; Business, Management and Accounting (miscellaneous); Management of Technology and Innovation; Organizational Behavior and Human Resource Management";"Business, Management and Accounting"
1647;21101072387;"Insurance Markets and Companies";journal;"25229591, 26163551";"LLC CPC Business Perspectives";Yes;No;;-;8;8;12;375;16;12;1,33;46,88;81,48;0;Ukraine;Eastern Europe;"LLC CPC Business Perspectives";"2019-2025";"Business and International Management; Finance; Management Information Systems; Management of Technology and Innovation; Marketing; Organizational Behavior and Human Resource Management";"Business, Management and Accounting; Economics, Econometrics and Finance"
1648;21101204531;"Interdisciplinary Journal of Management Studies";journal;"29810795";"University of Tehran, College of Farabi";No;No;;-;15;40;31;2404;28;30;0,90;60,10;33,33;0;Iran;Middle East;"University of Tehran, College of Farabi";"2024-2026";"Business and International Management; Business, Management and Accounting (miscellaneous); Marketing; Strategy and Management";"Business, Management and Accounting"
1649;21101111525;"International Conference on Harbour, Maritime and Multimodal Logistics Modelling and Simulation";conference and proceedings;"27240339";"I3M Conference";No;No;;-;5;12;13;255;9;12;0,69;21,25;32,26;0;Spain;Western Europe;"I3M Conference";"2019-2024";"Business and International Management; Computer Science Applications; Management Science and Operations Research; Strategy and Management; Transportation";"Business, Management and Accounting; Computer Science; Decision Sciences; Social Sciences"
1650;21101215011;"International Conference on Information and Knowledge Management, Proceedings";conference and proceedings;"21550751";"Association for Computing Machinery";No;No;;-;166;597;706;21916;3590;701;4,70;36,71;28,15;5;United States;Northern America;"Association for Computing Machinery";"1995-2024";"Business, Management and Accounting (miscellaneous); Decision Sciences (miscellaneous)";"Business, Management and Accounting; Decision Sciences"
1651;21100800099;"International Conference on Virtual Rehabilitation, ICVR";conference and proceedings;"23319569";"Institute of Electrical and Electronics Engineers Inc.";No;No;;-;15;66;73;1572;40;72;0,55;23,82;25,12;0;United States;Northern America;"Institute of Electrical and Electronics Engineers Inc.";"2015, 2017, 2019, 2021-2022";"Computer Networks and Communications; Computer Science Applications; Electrical and Electronic Engineering; Tourism, Leisure and Hospitality Management";"Business, Management and Accounting; Computer Science; Engineering"
1652;21101131209;"International Joint Conference on Knowledge Discovery, Knowledge Engineering and Knowledge Management, IC3K - Proceedings";conference and proceedings;"21843228";"Science and Technology Publications, Lda";No;No;;-;7;86;0;2302;0;0;0,00;26,77;32,30;0;Portugal;Western Europe;"Science and Technology Publications, Lda";"2021-2025";"Management of Technology and Innovation; Software; Strategy and Management";"Business, Management and Accounting; Computer Science"
1653;21101278666;"International Journal of Accounting and Economics Studies (discontinued)";journal;"23094508";"Science Publishing Corporation Inc.";No;No;;-;3;4;0;224;0;0;0,00;56,00;20,00;0;Jordan;Middle East;"Science Publishing Corporation Inc.";"2021-2022, 2024-2025";"Business, Management and Accounting (miscellaneous); Economics and Econometrics; Finance; Marketing";"Business, Management and Accounting; Economics, Econometrics and Finance"
1654;21101070992;"International Journal of Analysis and Applications";journal;"22918639";"Semnan University, Center of Excellence in Nonlinear Analysis and Applications";Yes;No;;-;18;63;147;1341;151;147;1,03;21,29;29,41;0;Canada;Northern America;"Semnan University, Center of Excellence in Nonlinear Analysis and Applications";"2019-2026";"Analysis; Applied Mathematics; Business and International Management; Geometry and Topology";"Business, Management and Accounting; Mathematics"
1655;21101085290;"International Journal of Applied Economics, Finance and Accounting (discontinued)";journal;"2577767X";"Online Academic Press";No;No;;-;10;19;45;731;20;45;0,44;38,47;24,00;1;United States;Northern America;"Online Academic Press";"2019-2024";"Accounting; Business, Management and Accounting (miscellaneous); Development; Economics, Econometrics and Finance (miscellaneous)";"Business, Management and Accounting; Economics, Econometrics and Finance; Social Sciences"
1656;21101068186;"International Journal of Crowd Science";journal;"23987294";"Tsinghua University Press";Yes;Yes;;-;20;21;64;647;94;64;1,23;30,81;46,34;0;United Kingdom;Western Europe;"Tsinghua University Press";"2017-2025";"Business, Management and Accounting (miscellaneous); Computer Science (miscellaneous); Decision Sciences (miscellaneous)";"Business, Management and Accounting; Computer Science; Decision Sciences"
1657;21101072124;"International Journal of Diplomacy and Economy";journal;"20490895, 20490887";"Inderscience";No;No;;-;11;13;33;399;15;32;0,28;30,69;56,25;0;United Kingdom;Western Europe;"Inderscience";"2012-2026";"Economics and Econometrics; Finance; Political Science and International Relations; Strategy and Management";"Business, Management and Accounting; Economics, Econometrics and Finance; Social Sciences"
1658;19700175083;"International Journal of Entrepreneurship (discontinued)";journal;"19394675, 10999264";"Allied Academies";No;No;;-;26;129;241;4968;289;240;1,03;38,51;44,37;0;United States;Northern America;"Allied Academies";"2009-2021";"Business and International Management; Economics and Econometrics; Strategy and Management";"Business, Management and Accounting; Economics, Econometrics and Finance"
1659;21101081610;"International Journal of Information Management Data Insights";journal;"26670968";"Elsevier B.V.";Yes;No;;-;61;52;0;3571;0;0;0,00;68,67;27,78;13;Netherlands;Western Europe;"Elsevier B.V.";"2021-2026";"Artificial Intelligence; Industrial and Manufacturing Engineering; Information Systems; Information Systems and Management; Library and Information Sciences; Management Information Systems";"Business, Management and Accounting; Computer Science; Decision Sciences; Engineering; Social Sciences"
1660;21101358082;"International Journal of Islamic Finance and Sustainable Development";journal;"30306442";"ISRA Institute";No;No;;-;30;19;77;804;182;70;2,44;42,32;37,50;0;Malaysia;Asiatic Region;"ISRA Institute";"2024-2025";"Business, Management and Accounting (miscellaneous); Development; Economics and Econometrics; Economics, Econometrics and Finance (miscellaneous); Finance";"Business, Management and Accounting; Economics, Econometrics and Finance; Social Sciences"
1661;21101373148;"International Journal of Knowledge Processing Studies";journal;"27834611";"Ayande Amoozan-e-ATA";No;No;;-;3;6;0;251;0;0;0,00;41,83;54,55;0;Iran;Middle East;"Ayande Amoozan-e-ATA";"2021-2025";"Artificial Intelligence; Business and International Management; Information Systems; Library and Information Sciences; Management Information Systems";"Business, Management and Accounting; Computer Science; Social Sciences"
1662;21101056542;"International Journal of Operations Research and Information Systems";journal;"19479328, 19479336";"IGI Global Publishing";No;No;;-;10;6;33;193;25;33;0,76;32,17;33,33;0;United States;Northern America;"IGI Global Publishing";"2010, 2019-2023";"Computational Theory and Mathematics; Computer Networks and Communications; Computer Science Applications; Information Systems; Information Systems and Management; Management Information Systems";"Business, Management and Accounting; Computer Science; Decision Sciences"
1663;21101091649;"International Journal of Public Policy and Administration Research";journal;"23126515, 23130423";"Conscientia Beam";No;No;;-;6;5;21;147;17;21;0,81;29,40;27,27;0;United States;Northern America;"Conscientia Beam";"2019-2026";"Business, Management and Accounting (miscellaneous); Development; Economics and Econometrics; Organizational Behavior and Human Resource Management; Public Administration";"Business, Management and Accounting; Economics, Econometrics and Finance; Social Sciences"
1664;21101096145;"International Journal of Spa and Wellness";journal;"24721743";"Routledge";No;No;;-;18;16;49;712;31;40;0,34;44,50;52,00;1;United States;Northern America;"Routledge";"2018-2026";"Tourism, Leisure and Hospitality Management";"Business, Management and Accounting"
1665;21101151806;"Issues in Information Systems";journal;"15297314";"International Association for Computer Information Systems";Yes;Yes;;-;14;110;224;3199;80;224;0,36;29,08;32,53;2;United States;Northern America;"International Association for Computer Information Systems";"2019-2025";"Business, Management and Accounting (miscellaneous)";"Business, Management and Accounting"
1666;21101256249;"Italian Journal of Marketing";journal;"26623323, 26623331";"Springer International Publishing";No;No;;-;17;19;17;1287;32;15;1,88;67,74;48,98;1;Switzerland;Western Europe;"Springer International Publishing";"2020-2026";"Marketing";"Business, Management and Accounting"
1667;21101210876;"Journal for Labour Market Research";journal;"25105027, 25105019";"";Yes;Yes;;-;31;22;47;1253;74;46;1,52;56,95;35,85;10;Germany;Western Europe;"";"2012-2026";"Economics and Econometrics; Industrial Relations; Organizational Behavior and Human Resource Management";"Business, Management and Accounting; Economics, Econometrics and Finance"
1668;21101245229;"Journal of Applied Communications";journal;"24761362";"New Prairie Press";Yes;Yes;;-;11;29;65;1602;47;64;0,72;55,24;71,23;2;United States;Northern America;"New Prairie Press";"2019-2025";"Agricultural and Biological Sciences (miscellaneous); Communication; Marketing";"Agricultural and Biological Sciences; Business, Management and Accounting; Social Sciences"
1669;21101333304;"Journal of Applied Sport Management";journal;"23270179, 23270187";"The University of Tennessee Knoxville";No;No;;-;5;12;0;275;0;0;0,00;22,92;15,38;0;United States;Northern America;"The University of Tennessee Knoxville";"2021-2025";"Marketing; Organizational Behavior and Human Resource Management; Social Sciences (miscellaneous); Tourism, Leisure and Hospitality Management";"Business, Management and Accounting; Social Sciences"
1670;21101061990;"Journal of Applied Structural Equation Modeling";journal;"25904221";"Sarawak Research Society";Yes;Yes;;-;16;11;33;746;114;32;2,67;67,82;22,22;0;Malaysia;Asiatic Region;"Sarawak Research Society";"2017-2025";"Business, Management and Accounting (miscellaneous); Management Science and Operations Research; Statistics, Probability and Uncertainty";"Business, Management and Accounting; Decision Sciences"
1671;21101089576;"Journal of Asian Business and Economic Studies";journal;"2515964X";"Emerald Group Publishing Ltd.";Yes;Yes;;-;27;18;49;1011;169;49;3,54;56,17;19,05;0;United Kingdom;Western Europe;"Emerald Group Publishing Ltd.";"2018-2025";"Business and International Management; Economics, Econometrics and Finance (miscellaneous)";"Business, Management and Accounting; Economics, Econometrics and Finance"
1672;21100877173;"Journal of Asian Finance, Economics and Business (discontinued)";journal;"22884645, 22884637";"KODISA Foundation";Yes;No;;-;51;449;898;19953;2444;898;2,76;44,44;37,34;5;South Korea;Asiatic Region;"KODISA Foundation";"2018-2021";"Economics and Econometrics; Finance; Management Information Systems";"Business, Management and Accounting; Economics, Econometrics and Finance"
1673;21101089505;"Journal of Beta Investment Strategies";journal;"27716511";"Portfolio Management Research";No;No;;-;9;17;90;289;39;76;0,49;17,00;16,00;0;United Kingdom;Western Europe;"Portfolio Management Research";"2022-2025";"Business and International Management; Finance; Strategy and Management";"Business, Management and Accounting; Economics, Econometrics and Finance"
1674;21101258748;"Journal of Business and Socio-economic Development";journal;"26351374, 26351692";"Emerald Publishing";Yes;Yes;;-;22;12;0;617;0;0;0,00;51,42;26,32;0;United Kingdom;Western Europe;"Emerald Publishing";"2021-2026";"Accounting; Business and International Management; Business, Management and Accounting (miscellaneous); Marketing";"Business, Management and Accounting"
1675;21101284297;"Journal of Business Models";journal;"22462465";"Aalborg University press";Yes;No;;-;13;34;18;1368;35;17;1,94;40,24;38,24;1;Denmark;Western Europe;"Aalborg University press";"2020-2025";"Accounting; Business, Management and Accounting (miscellaneous); Management of Technology and Innovation; Strategy and Management";"Business, Management and Accounting"
1676;21101255028;"Journal of Data, Information and Management";journal;"25246356, 25246364";"Springer International Publishing";No;No;;-;21;23;35;1009;109;33;3,11;43,87;23,21;0;Switzerland;Western Europe;"Springer International Publishing";"2019-2026";"Business, Management and Accounting (miscellaneous); Information Systems; Management Information Systems";"Business, Management and Accounting; Computer Science"
1677;21101186897;"Journal of Economic and Administrative Sciences";journal;"20546238, 20546246";"Emerald Publishing";No;No;;-;29;39;57;2225;58;55;0,95;57,05;22,35;0;United Kingdom;Western Europe;"Emerald Publishing";"2003-2010, 2012-2026";"Business, Management and Accounting (miscellaneous); Economics and Econometrics";"Business, Management and Accounting; Economics, Econometrics and Finance"
1678;21101193873;"Journal of Economics and Development";journal;"26325330, 18590020";"Emerald Publishing";Yes;Yes;;-;27;8;51;375;73;51;1,43;46,88;28,57;0;United Kingdom;Western Europe;"Emerald Publishing";"2019-2026";"Accounting; Business, Management and Accounting (miscellaneous); Economics and Econometrics; Economics, Econometrics and Finance (miscellaneous)";"Business, Management and Accounting; Economics, Econometrics and Finance"
1679;21101060495;"Journal of Entrepreneurial and Organizational Diversity";journal;"22818642";"EURICSE";No;No;;-;6;9;17;340;5;17;0,29;37,78;21,05;2;Italy;Western Europe;"EURICSE";"2019-2025";"Economics, Econometrics and Finance (miscellaneous); Organizational Behavior and Human Resource Management; Social Sciences (miscellaneous); Strategy and Management";"Business, Management and Accounting; Economics, Econometrics and Finance; Social Sciences"
1680;21101071183;"Journal of Entrepreneurship and Innovation in Emerging Economies";journal;"23939575, 23949945";"Sage Publications India Pvt. Ltd";No;No;;-;17;17;53;1034;30;45;0,44;60,82;30,30;1;Singapore;Asiatic Region;"Sage Publications India Pvt. Ltd";"2015-2026";"Business and International Management; Business, Management and Accounting (miscellaneous); Development; Economics and Econometrics; Economics, Econometrics and Finance (miscellaneous)";"Business, Management and Accounting; Economics, Econometrics and Finance; Social Sciences"
1681;21101054412;"Journal of Entrepreneurship, Management and Innovation";journal;"22997075, 22997326";"Cognitione Foundation for the Dissemination of Knowledge and Science";Yes;Yes;;-;19;29;59;2304;106;51;1,80;79,45;45,45;2;Poland;Eastern Europe;"Cognitione Foundation for the Dissemination of Knowledge and Science";"2019-2025";"Business and International Management; Management of Technology and Innovation; Tourism, Leisure and Hospitality Management";"Business, Management and Accounting"
1682;21101081506;"Journal of Financial Data Science";journal;"26403951, 26403943";"With intelligence";No;No;;-;19;35;75;1300;101;73;1,35;37,14;13,86;6;United Kingdom;Western Europe;"With intelligence";"2019-2025";"Artificial Intelligence; Business and International Management; Business, Management and Accounting (miscellaneous); Computational Theory and Mathematics; Finance; Information Systems; Information Systems and Management; Strategy and Management";"Business, Management and Accounting; Computer Science; Decision Sciences; Economics, Econometrics and Finance"
1683;21101068178;"Journal of Global Business and Trade (discontinued)";journal;"24704733, 19465130";"International Academy of Global Business and Trade";No;No;;-;5;9;14;225;0;14;0,00;25,00;55,00;0;United States;Northern America;"International Academy of Global Business and Trade";"2019-2023";"Business and International Management; Business, Management and Accounting (miscellaneous); Development; Economics and Econometrics; Finance; Management of Technology and Innovation";"Business, Management and Accounting; Economics, Econometrics and Finance; Social Sciences"
1684;21101063734;"Journal of Global Responsibility";journal;"20412568, 20412576";"Emerald Group Publishing Ltd.";No;No;;-;35;28;76;2259;178;68;2,18;80,68;29,82;0;United Kingdom;Western Europe;"Emerald Group Publishing Ltd.";"2010-2026";"Business and International Management";"Business, Management and Accounting"
1685;21101136810;"Journal of Global Scholars of Marketing Science: Bridging Asia and the World";journal;"21639159, 21639167";"Taylor and Francis Ltd.";No;No;;-;30;42;91;2138;218;90;2,29;50,90;31,08;1;United Kingdom;Western Europe;"Taylor and Francis Ltd.";"2011-2026";"Arts and Humanities (miscellaneous); Marketing; Social Sciences (miscellaneous)";"Arts and Humanities; Business, Management and Accounting; Social Sciences"
1686;21101277759;"Journal of Governmental and Nonprofit Accounting";journal;"21553815";"American Accounting Association";No;No;;-;4;8;0;478;0;0;0,00;59,75;44,44;0;United States;Northern America;"American Accounting Association";"2017, 2021-2025";"Accounting";"Business, Management and Accounting"
1687;21101090700;"Journal of Higher Education Policy and Leadership Studies";journal;"27171426";"";Yes;Yes;;-;11;44;24;1451;9;19;0,38;32,98;59,09;3;Iran;Middle East;"";"2020-2025";"Education; Public Administration; Social Sciences (miscellaneous); Strategy and Management";"Business, Management and Accounting; Social Sciences"
1688;21101052348;"Journal of Hospital Management and Health Policy";journal;"25232533";"AME Publishing Company";No;No;;-;11;42;31;1674;14;19;0,45;39,86;42,86;2;Hong Kong;Asiatic Region;"AME Publishing Company";"2019, 2021-2025";"Health Information Management; Health Policy; Leadership and Management; Strategy and Management";"Business, Management and Accounting; Health Professions; Medicine; Nursing"
1689;21101274045;"Journal of Hospitality and Tourism Cases";journal;"21649987";"SAGE Publications Inc.";No;No;;-;4;29;62;836;1;53;0,00;28,83;48,08;0;United Kingdom;Western Europe;"SAGE Publications Inc.";"2011, 2013-2026";"Tourism, Leisure and Hospitality Management";"Business, Management and Accounting"
1690;21101121574;"Journal of Housing Research";journal;"26911337, 10527001";"Informa UK Limited";No;No;;-;28;8;38;213;20;37;0,57;26,63;23,53;1;United Kingdom;Western Europe;"Informa UK Limited";"1998-2004, 2007-2025";"Business, Management and Accounting (miscellaneous); Economics, Econometrics and Finance (miscellaneous); Urban Studies";"Business, Management and Accounting; Economics, Econometrics and Finance; Social Sciences"
1691;21101075855;"Journal of Indonesian Economy and Business";journal;"23385847, 20858272";"Gadjah Mada University";Yes;Yes;;-;12;15;29;852;18;29;0,62;56,80;46,67;0;Indonesia;Asiatic Region;"Gadjah Mada University";"2019-2026";"Accounting; Business and International Management; Business, Management and Accounting (miscellaneous); Economics and Econometrics; Management Information Systems; Management of Technology and Innovation";"Business, Management and Accounting; Economics, Econometrics and Finance"
1692;21101073268;"Journal of Industrial Engineering and Engineering Management";journal;"10046062";"Zhejiang University";No;No;;-;13;131;214;5386;80;214;0,37;41,11;30,58;0;China;Asiatic Region;"Zhejiang University";"2019-2026";"Accounting; Business and International Management; Information Systems and Management; Management of Technology and Innovation; Management Science and Operations Research; Organizational Behavior and Human Resource Management; Strategy and Management";"Business, Management and Accounting; Decision Sciences"
1693;21101079124;"Journal of Integrated Disaster Risk Management";journal;"21858322";"IDRiM Society";No;No;;-;7;14;11;627;7;11;0,64;44,79;45,95;0;Japan;Asiatic Region;"IDRiM Society";"2019-2026";"Business, Management and Accounting (miscellaneous); Emergency Medicine; Global and Planetary Change; Management, Monitoring, Policy and Law; Safety Research; Safety, Risk, Reliability and Quality";"Business, Management and Accounting; Engineering; Environmental Science; Medicine; Social Sciences"
1694;21101325689;"Journal of Intercollegiate Sport";journal;"19416342, 1941417X";"University of Kansas";Yes;No;;-;6;27;0;1213;0;0;0,00;44,93;43,48;1;United States;Northern America;"University of Kansas";"2016, 2021-2026";"Decision Sciences (miscellaneous); Health (social science); Organizational Behavior and Human Resource Management";"Business, Management and Accounting; Decision Sciences; Social Sciences"
1695;21101066138;"Journal of International Business Policy";journal;"25220691, 25220705";"Palgrave Macmillan Ltd.";No;No;;-;39;32;63;2430;548;42;5,70;75,94;40,00;28;United Kingdom;Western Europe;"Palgrave Macmillan Ltd.";"2018-2026";"Business and International Management; Management of Technology and Innovation";"Business, Management and Accounting"
1696;21101125547;"Journal of Inter-Organizational Relationships";journal;"26943999, 26943980";"Routledge";No;No;;-;3;9;0;598;0;0;0,00;66,44;37,50;0;United States;Northern America;"Routledge";"2021-2022";"Business, Management and Accounting (miscellaneous); Marketing; Organizational Behavior and Human Resource Management; Strategy and Management";"Business, Management and Accounting"
1697;21101274777;"Journal of Interpretation Research";journal;"10925872, 26929376";"SAGE Publications Inc.";No;No;;-;4;7;0;363;0;0;0,00;51,86;28,57;0;United Kingdom;Western Europe;"SAGE Publications Inc.";"2021-2025";"Education; Tourism, Leisure and Hospitality Management";"Business, Management and Accounting; Social Sciences"
1698;21101388870;"Journal of Islamic Economic Laws";journal;"26559609, 26559617";"Muhammadiyah University of Surakarta";Yes;No;;-;10;12;0;514;0;0;0,00;42,83;23,08;0;Indonesia;Asiatic Region;"Muhammadiyah University of Surakarta";"2021-2026";"Law; Religious Studies; Tourism, Leisure and Hospitality Management";"Arts and Humanities; Business, Management and Accounting; Social Sciences"
1699;19700173245;"Journal of Legal, Ethical and Regulatory Issues (discontinued)";journal;"15440036, 15440044";"Allied Business Academies";Yes;No;;-;23;435;456;11757;303;456;0,66;27,03;42,68;0;United States;Northern America;"Allied Business Academies";"2009-2021";"Business and International Management; Economics and Econometrics; Law; Sociology and Political Science; Strategy and Management";"Business, Management and Accounting; Economics, Econometrics and Finance; Social Sciences"
1700;21101085239;"Journal of Management and Business Research";journal;"25214306";"Chinese Management Association";No;No;;-;3;17;34;1372;4;34;0,12;80,71;25,64;0;Taiwan;Asiatic Region;"Chinese Management Association";"2019-2025";"Business and International Management; Business, Management and Accounting (miscellaneous); Finance; Marketing; Strategy and Management";"Business, Management and Accounting; Economics, Econometrics and Finance"
1701;21100805732;"Journal of Management Information and Decision Science (discontinued)";journal;"15247252, 15325806";"Allied Business Academies";No;No;;-;22;172;121;5842;129;120;1,00;33,97;47,91;0;United Kingdom;Western Europe;"Allied Business Academies";"2015-2021";"Information Systems; Information Systems and Management; Management Information Systems; Management Science and Operations Research";"Business, Management and Accounting; Computer Science; Decision Sciences"
1702;21101196737;"Journal of Management World (discontinued)";journal;"29943191";"";No;No;;-;6;41;0;2695;0;0;0,00;65,73;27,03;0;United States;Northern America;"";"2021-2024";"Business and International Management; Business, Management and Accounting (miscellaneous); Information Systems and Management; Management Information Systems; Psychology (miscellaneous); Strategy and Management";"Business, Management and Accounting; Decision Sciences; Psychology"
1703;21101222862;"Journal of Nonprofit Education and Leadership";journal;"23747838, 21570604";"Sagamore Publishing LLC";No;No;;-;6;26;29;868;6;23;0,21;33,38;58,14;0;United States;Northern America;"Sagamore Publishing LLC";"2014, 2020-2024";"Arts and Humanities (miscellaneous); Business, Management and Accounting (miscellaneous); Social Sciences (miscellaneous)";"Arts and Humanities; Business, Management and Accounting; Social Sciences"
1704;21101060131;"Journal of Organizational Behavior Education";journal;"16497627, 20479999";"Istanbul Universitesi";No;No;;-;2;12;18;340;0;16;0,00;28,33;47,62;0;United Kingdom;Western Europe;"Istanbul Universitesi";"2019-2025";"Business and International Management; Business, Management and Accounting (miscellaneous); Industrial Relations; Organizational Behavior and Human Resource Management";"Business, Management and Accounting"
1705;21101272843;"Journal Of Organizational Behavior Research";journal;"25289705";"Deniz Publication";No;No;;-;11;34;0;1093;0;0;0,00;32,15;40,74;0;Turkey;Middle East;"Deniz Publication";"2021-2025";"Business, Management and Accounting (miscellaneous); Decision Sciences (miscellaneous); Information Systems and Management; Organizational Behavior and Human Resource Management";"Business, Management and Accounting; Decision Sciences"
1706;21101178759;"Journal of Participation and Employee Ownership";journal;"2514765X, 25147641";"Emerald Publishing";No;No;;-;10;14;33;494;33;29;0,70;35,29;29,17;0;United Kingdom;Western Europe;"Emerald Publishing";"2018-2026";"Business, Management and Accounting (miscellaneous); Economics, Econometrics and Finance (miscellaneous)";"Business, Management and Accounting; Economics, Econometrics and Finance"
1707;21101045047;"Journal of Philanthropy and Marketing";journal;"26911361";"John Wiley and Sons Inc";No;No;;-;28;25;73;1299;84;72;0,98;51,96;54,00;0;United States;Northern America;"John Wiley and Sons Inc";"2021-2025";"Economics and Econometrics; Marketing; Strategy and Management";"Business, Management and Accounting; Economics, Econometrics and Finance"
1708;21101180532;"Journal of Project Management (Canada)";journal;"23718374, 23718366";"Growing Science";Yes;Yes;;-;19;20;44;825;71;44;1,61;41,25;34,55;0;Canada;Northern America;"Growing Science";"2019-2026";"Business and International Management; Communication; Management of Technology and Innovation; Organizational Behavior and Human Resource Management; Strategy and Management";"Business, Management and Accounting; Social Sciences"
1709;21101371010;"Journal of Rawalpindi Medical College";journal;"16833562, 16833570";"Rawalpindi Medical University";Yes;No;;-;4;148;0;2979;0;0;0,00;20,13;55,78;1;Pakistan;Asiatic Region;"Rawalpindi Medical University";"2021-2025";"Business, Management and Accounting (miscellaneous); Linguistics and Language; Public Health, Environmental and Occupational Health";"Business, Management and Accounting; Medicine; Social Sciences"
1710;21101089551;"Journal of Risk and Financial Management";journal;"19118074, 19118066";"Multidisciplinary Digital Publishing Institute (MDPI)";Yes;No;;-;69;618;519;34470;1617;486;3,12;55,78;35,21;51;Switzerland;Western Europe;"Multidisciplinary Digital Publishing Institute (MDPI)";"2019-2026";"Accounting; Business, Management and Accounting (miscellaneous); Economics and Econometrics; Finance";"Business, Management and Accounting; Economics, Econometrics and Finance"
1711;21100887701;"Journal of Self-Governance and Management Economics (discontinued)";journal;"23770996, 23294175";"Addleton Academic Publishers";No;No;;-;26;15;59;462;258;59;5,63;30,80;48,39;0;United States;Northern America;"Addleton Academic Publishers";"2018-2021";"Business and International Management; Economics, Econometrics and Finance (miscellaneous); Philosophy; Political Science and International Relations";"Arts and Humanities; Business, Management and Accounting; Economics, Econometrics and Finance; Social Sciences"
1712;21101393624;"Journal of Smart Tourism";journal;"27652157, 27657272";"SAGE Publications Ltd";No;No;;-;11;26;0;1316;0;0;0,00;50,62;35,85;0;United Kingdom;Western Europe;"SAGE Publications Ltd";"2021-2026";"Artificial Intelligence; Computer Science Applications; Information Systems and Management; Management, Monitoring, Policy and Law; Marketing; Tourism, Leisure and Hospitality Management";"Business, Management and Accounting; Computer Science; Decision Sciences; Environmental Science"
1713;21101227032;"Journal of Sustainable Marketing";journal;"27660117";"Luminous Insights LLC";Yes;Yes;;-;9;5;5;145;5;5;1,00;29,00;57,14;0;United States;Northern America;"Luminous Insights LLC";"2020-2025";"Marketing";"Business, Management and Accounting"
1714;21101072352;"Journal of Tax Reform";journal;"24128872, 24149497";"Ural Federal University";Yes;Yes;;-;9;18;29;670;15;29;0,52;37,22;40,00;2;Russian Federation;Eastern Europe;"Ural Federal University";"2019-2025";"Accounting; Business, Management and Accounting (miscellaneous); Economics and Econometrics; Finance; Law";"Business, Management and Accounting; Economics, Econometrics and Finance; Social Sciences"
1715;21101136421;"Journal of the International Council for Small Business";journal;"26437015, 26437023";"Routledge";No;No;;-;15;32;22;1040;71;20;3,23;32,50;35,09;3;United Kingdom;Western Europe;"Routledge";"2020-2026";"Accounting; Business and International Management; Business, Management and Accounting (miscellaneous)";"Business, Management and Accounting"
1716;21101072349;"Journal of Tourism and Services";journal;"18045650";"Center for International Scientific Research of VSO and VSPP";No;No;;-;23;24;38;1772;265;38;6,97;73,83;41,10;0;Czech Republic;Eastern Europe;"Center for International Scientific Research of VSO and VSPP";"2019-2025";"Tourism, Leisure and Hospitality Management";"Business, Management and Accounting"
1717;21101061456;"Journal of Tourism, Heritage and Services Marketing";journal;"25291947";"International Hellenic University";Yes;Yes;;-;17;17;27;1135;73;23;2,70;66,76;47,22;0;Greece;Western Europe;"International Hellenic University";"2019-2025";"Geography, Planning and Development; Marketing; Tourism, Leisure and Hospitality Management";"Business, Management and Accounting; Social Sciences"
1718;21101268971;"Journal of White Collar and Corporate Crime";journal;"26313103";"SAGE Publications Inc.";No;No;;-;14;10;16;595;54;14;3,38;59,50;61,54;0;United Kingdom;Western Europe;"SAGE Publications Inc.";"2020-2026";"Business, Management and Accounting (miscellaneous); Law";"Business, Management and Accounting; Social Sciences"
1719;21101087777;"Journal of Work-Applied Management";journal;"22052062, 2205149X";"Emerald Group Holdings Ltd.";Yes;Yes;;-;26;22;43;1130;71;38;1,51;51,36;46,30;0;United Kingdom;Western Europe;"Emerald Group Holdings Ltd.";"2015-2026";"Business and International Management; Business, Management and Accounting (miscellaneous); Education; Management of Technology and Innovation; Organizational Behavior and Human Resource Management";"Business, Management and Accounting; Social Sciences"
1720;21101210636;"Jurnal Kajian Bali";journal;"25800698, 20884443";"Udayana University";Yes;Yes;;-;6;29;52;926;34;52;0,65;31,93;57,14;0;Indonesia;Asiatic Region;"Udayana University";"2019-2025";"Arts and Humanities (miscellaneous); Cultural Studies; History; Literature and Literary Theory; Music; Tourism, Leisure and Hospitality Management";"Arts and Humanities; Business, Management and Accounting; Social Sciences"
1721;21101071123;"Knowledge and Performance Management";journal;"26163829, 25435507";"LLC CPC Business Perspectives";Yes;No;;-;10;7;7;275;9;7;1,29;39,29;38,10;0;Ukraine;Eastern Europe;"LLC CPC Business Perspectives";"2019-2026";"Business, Management and Accounting (miscellaneous); Economics and Econometrics; Information Systems and Management; Management of Technology and Innovation; Marketing; Organizational Behavior and Human Resource Management; Social Sciences (miscellaneous); Strategy and Management";"Business, Management and Accounting; Decision Sciences; Economics, Econometrics and Finance; Social Sciences"
1722;21101122744;"Labour and Industry";journal;"23255676, 10301763";"Informa UK Ltd";No;No;;-;29;11;65;686;101;56;1,15;62,36;40,00;3;United Kingdom;Western Europe;"Informa UK Ltd";"1987-1991, 1993-2026";"Economics, Econometrics and Finance (miscellaneous); Industrial Relations; Organizational Behavior and Human Resource Management; Public Administration";"Business, Management and Accounting; Economics, Econometrics and Finance; Social Sciences"
1723;21101126970;"Logistics";journal;"23056290";"Multidisciplinary Digital Publishing Institute (MDPI)";Yes;No;;-;39;89;54;5574;218;54;4,04;62,63;27,42;18;Switzerland;Western Europe;"Multidisciplinary Digital Publishing Institute (MDPI)";"2019-2026";"Information Systems and Management; Management Information Systems; Management Science and Operations Research; Transportation";"Business, Management and Accounting; Decision Sciences; Social Sciences"
1724;21101216646;"Logistique et Management";journal;"23779640, 12507970";"Informa UK Ltd";No;No;;-;6;24;22;1241;15;19;0,68;51,71;55,00;0;United Kingdom;Western Europe;"Informa UK Ltd";"2020-2026";"Management Information Systems; Management of Technology and Innovation; Strategy and Management";"Business, Management and Accounting"
1725;21101230598;"Management and Prospective";journal;"22653937, 29838304";"Recherches et Publications en Management A.S.B.L";No;No;;-;4;7;51;371;9;50;0,18;53,00;35,29;0;Belgium;Western Europe;"Recherches et Publications en Management A.S.B.L";"2023-2024";"Business, Management and Accounting (miscellaneous)";"Business, Management and Accounting"
1726;21101329569;"Management international";journal;"19189222, 12061697";"Ecole des Hautes Etudes Commerciales";No;No;;-;7;117;0;6255;0;0;0,00;53,46;48,84;0;Canada;Northern America;"Ecole des Hautes Etudes Commerciales";"2021-2025";"Business and International Management";"Business, Management and Accounting"
1727;21101215782;"Management Review (Taiwan)";journal;"10219447, 24147354";"Kung-Hwa Management Foundation";No;No;;-;3;13;0;460;0;0;0,00;35,38;33,33;0;Taiwan;Asiatic Region;"Kung-Hwa Management Foundation";"2021-2025";"Business and International Management; Management of Technology and Innovation; Strategy and Management";"Business, Management and Accounting"
1728;21101162818;"Management Teaching Review";journal;"23792981";"SAGE Publications Inc.";No;No;;-;9;32;64;604;31;56;0,48;18,88;52,94;0;United States;Northern America;"SAGE Publications Inc.";"2016, 2019-2026";"Business, Management and Accounting (miscellaneous); Education";"Business, Management and Accounting; Social Sciences"
1729;21101237953;"Markets, Globalization and Development Review";journal;"24734055";"University of Rhode Island";Yes;Yes;;-;7;14;17;335;8;14;0,47;23,93;52,94;0;United States;Northern America;"University of Rhode Island";"2020-2025";"Arts and Humanities (miscellaneous); Marketing";"Arts and Humanities; Business, Management and Accounting"
1730;21101276719;"Market-Trziste";journal;"18491383";"University of Zagreb, Faculty of Economics and Business Zagreb";Yes;Yes;;-;12;18;52;771;26;44;0,39;42,83;55,81;0;Croatia;Eastern Europe;"University of Zagreb, Faculty of Economics and Business Zagreb";"2016-2025";"Economics, Econometrics and Finance (miscellaneous); Marketing";"Business, Management and Accounting; Economics, Econometrics and Finance"
1731;21101211362;"Mercados y Negocios";journal;"16657039, 25940163";"Universidad de Guadalajara";Yes;Yes;;-;5;13;15;492;1;12;0,07;37,85;44,44;0;Mexico;Latin America;"Universidad de Guadalajara";"2020-2026";"Business, Management and Accounting (miscellaneous); Marketing";"Business, Management and Accounting"
1732;21101062818;"Micro and Macro Marketing";journal;"11214228, 26122073";"Il Mulino publishing house";No;No;;-;6;31;65;1569;17;58;0,26;50,61;65,22;0;Italy;Western Europe;"Il Mulino publishing house";"2019-2025";"Marketing";"Business, Management and Accounting"
1733;21101393568;"Modern Supply Chain Research and Applications";journal;"26313871";"Emerald Publishing";No;No;;-;20;13;21;597;80;21;3,81;45,92;21,43;0;United Kingdom;Western Europe;"Emerald Publishing";"2019-2025";"Business and International Management; Management Science and Operations Research; Safety, Risk, Reliability and Quality; Statistics, Probability and Uncertainty";"Business, Management and Accounting; Decision Sciences; Engineering"
1734;21101123266;"Multinational Finance Journal";journal;"10961879";"Multinational Finance Society";No;No;;-;4;10;15;315;6;15;0,40;31,50;31,25;0;Cyprus;Western Europe;"Multinational Finance Society";"2019-2024";"Business, Management and Accounting (miscellaneous)";"Business, Management and Accounting"
1735;21101064229;"New England Journal of Entrepreneurship";journal;"1550333X, 25748904";"Emerald Publishing";Yes;Yes;;-;22;7;21;484;36;19;1,77;69,14;56,25;0;United Kingdom;Western Europe;"Emerald Publishing";"1998-2025";"Accounting; Business and International Management; Economics and Econometrics; Organizational Behavior and Human Resource Management; Public Administration; Strategy and Management";"Business, Management and Accounting; Economics, Econometrics and Finance; Social Sciences"
1736;21101300217;"NIM Marketing Intelligence Review";journal;"26274957, 2628166X";"Walter de Gruyter";Yes;No;;-;6;18;0;31;0;0;0,00;1,72;40,74;0;Germany;Western Europe;"Walter de Gruyter";"2013, 2021-2025";"Marketing";"Business, Management and Accounting"
1737;21101186818;"Organization Theory";journal;"26317877";"SAGE Publications Ltd";Yes;Yes;;-;43;28;28;2799;195;27;6,96;99,96;37,04;7;United Kingdom;Western Europe;"SAGE Publications Ltd";"2020-2025";"Organizational Behavior and Human Resource Management; Strategy and Management";"Business, Management and Accounting"
1738;21101391511;"Pacific Asia Conference on Information Systems";book series;"26896354";"Association for Information Systems";No;No;;-;13;259;0;11315;0;0;0,00;43,69;36,07;0;United States;Northern America;"Association for Information Systems";"2021-2025";"Library and Information Sciences; Management Information Systems; Management of Technology and Innovation";"Business, Management and Accounting; Social Sciences"
1739;21101073717;"Pacific Asia Journal of the Association for Information Systems";journal;"19437536, 19437544";"Association for Information Systems";No;No;;-;19;19;33;1503;60;29;1,82;79,11;23,21;0;United States;Northern America;"Association for Information Systems";"2018-2025";"Computer Science Applications; Human-Computer Interaction; Information Systems; Information Systems and Management; Management Information Systems";"Business, Management and Accounting; Computer Science; Decision Sciences"
1740;21101293926;"Pan-African Journal of Education and Social Sciences";journal;"27890058, 27890066";"Adventist University of Africa";Yes;No;;-;2;16;0;599;0;0;0,00;37,44;30,77;0;Kenya;Africa;"Adventist University of Africa";"2021-2025";"Accounting; Marketing; Organizational Behavior and Human Resource Management; Strategy and Management";"Business, Management and Accounting"
1741;21101100272;"PASOS Revista de Turismo y Patrimonio Cultural";journal;"16957121, 2529959X";"University of La Laguna";Yes;Yes;;-;12;52;141;2362;74;140;0,52;45,42;44,86;1;Spain;Western Europe;"University of La Laguna";"2019-2026";"Anthropology; Cultural Studies; Geography, Planning and Development; Social Sciences (miscellaneous)";"Social Sciences"
1742;21101083163;"Proceedings from the International Congress on Project Management and Engineering";conference and proceedings;"26955067";"Asociacion Espanola de Direccion e Ingenieria de Proyectos (AEIPRO)";No;No;;-;5;165;343;3772;20;339;0,06;22,86;40,11;0;Spain;Western Europe;"Asociacion Espanola de Direccion e Ingenieria de Proyectos (AEIPRO)";"2019-2025";"Business and International Management; Business, Management and Accounting (miscellaneous); Engineering (miscellaneous); Management of Technology and Innovation";"Business, Management and Accounting; Engineering"
1743;21101162718;"Proceedings of the Conference on Production Systems and Logistics";conference and proceedings;"27016277";"";Yes;No;;-;9;75;51;2296;20;49;0,39;30,61;13,18;0;Germany;Western Europe;"";"2020-2025";"Industrial and Manufacturing Engineering; Management of Technology and Innovation; Mechanical Engineering; Strategy and Management";"Business, Management and Accounting; Engineering"
1744;21100783589;"Proceedings of the European Conference on Innovation and Entrepreneurship, ECIE";conference and proceedings;"20491050";"Academic Conferences and Publishing International Limited";No;No;;-;12;159;402;5072;131;395;0,33;31,90;50,42;0;United Kingdom;Western Europe;"Academic Conferences and Publishing International Limited";"2015, 2017-2025";"Business and International Management; Electrical and Electronic Engineering; Management of Technology and Innovation; Mechanical Engineering; Strategy and Management";"Business, Management and Accounting; Engineering"
1745;21100878565;"Proceedings of the European Conference on Research Methods in Business and Management Studies";conference and proceedings;"20490976, 20490968";"Academic Conferences and Publishing International Limited";No;No;;-;9;70;92;2157;32;88;0,35;30,81;41,88;0;United Kingdom;Western Europe;"Academic Conferences and Publishing International Limited";"2017, 2019-2025";"Business and International Management; Education; Strategy and Management";"Business, Management and Accounting; Social Sciences"
1746;21101083423;"Proceedings of the Hamburg International Conference of Logistics";conference and proceedings;"23654430, 23655070";"Institute of Business Logistics and General Management, Hamburg University of Technology";No;No;;-;6;59;38;2438;31;34;0,82;41,32;24,19;0;Germany;Western Europe;"Institute of Business Logistics and General Management, Hamburg University of Technology";"2019, 2021-2022";"Business, Management and Accounting (miscellaneous); Management Science and Operations Research";"Business, Management and Accounting; Decision Sciences"
1747;19277;"Proceedings of the IEEE International Conference on Requirements Engineering";conference and proceedings;"23326441, 1090705X";"IEEE Computer Society";No;No;;-;66;152;130;4229;304;126;2,34;27,82;33,71;0;United States;Northern America;"IEEE Computer Society";"1993, 1995-2006, 2009, 2019-2025";"Computer Science (miscellaneous); Engineering (miscellaneous); Hardware and Architecture; Industrial and Manufacturing Engineering; Software; Strategy and Management";"Business, Management and Accounting; Computer Science; Engineering"
1748;21100457014;"Proceedings of the IEEE National Aerospace Electronics Conference, NAECON";conference and proceedings;"23792027, 05473578";"Institute of Electrical and Electronics Engineers Inc.";No;No;;-;22;71;240;1258;264;238;1,00;17,72;16,48;0;United States;Northern America;"Institute of Electrical and Electronics Engineers Inc.";"2016-2019, 2021, 2023-2025";"Computer Networks and Communications; Computer Science Applications; Control and Systems Engineering; Electrical and Electronic Engineering; Industrial and Manufacturing Engineering; Management of Technology and Innovation; Strategy and Management";"Business, Management and Accounting; Computer Science; Engineering"
1749;21100364188;"Proceedings of the International Conference of DAAAM Baltic ""Industrial Engineering""";conference and proceedings;"2346612X, 23466138";"DAAAM International Vienna";No;No;;-;12;59;0;837;0;0;0,00;14,19;18,09;0;Austria;Western Europe;"DAAAM International Vienna";"2006, 2008, 2010, 2012, 2014-2016, 2021";"Industrial and Manufacturing Engineering; Mechanics of Materials; Strategy and Management";"Business, Management and Accounting; Engineering"
1750;21100228517;"Proceedings of the International Conference on Electronic Business (ICEB)";conference and proceedings;"16830040";"International Consortium for Electronic Business";No;No;;-;12;71;209;2325;72;203;0,25;32,75;45,71;0;Netherlands;Western Europe;"International Consortium for Electronic Business";"2005-2025";"Business, Management and Accounting (miscellaneous); Computer Science (miscellaneous)";"Business, Management and Accounting; Computer Science"
1751;21101061934;"Proceedings of the International Conference on Tourism Research";conference and proceedings;"25163612";"Academic Conferences and Publishing International Limited";No;No;;-;8;80;131;2596;25;125;0,24;32,45;64,04;0;United Kingdom;Western Europe;"Academic Conferences and Publishing International Limited";"2018-2025";"Cultural Studies; Geography, Planning and Development; Management, Monitoring, Policy and Law; Social Sciences (miscellaneous); Tourism, Leisure and Hospitality Management";"Business, Management and Accounting; Environmental Science; Social Sciences"
1752;21100429166;"Proceedings of the Summer School Francesco Turco";conference and proceedings;"22838996";"AIDI - Italian Association of Industrial Operations Professors";No;No;;-;13;84;222;2296;77;215;0,30;27,33;39,47;0;Italy;Western Europe;"AIDI - Italian Association of Industrial Operations Professors";"2013-2025";"Business and International Management; Energy Engineering and Power Technology; Fuel Technology; Geochemistry and Petrology; Industrial and Manufacturing Engineering; Management of Technology and Innovation; Management Science and Operations Research; Organizational Behavior and Human Resource Management; Safety, Risk, Reliability and Quality; Strategy and Management; Waste Management and Disposal";"Business, Management and Accounting; Decision Sciences; Earth and Planetary Sciences; Energy; Engineering; Environmental Science"
1753;21101089333;"Proceedings on Engineering Sciences";journal;"26202832, 26834111";"Faculty of Engineering, University of Kragujevac";Yes;Yes;;-;13;48;245;1506;46;245;0,19;31,38;19,00;0;Serbia;Eastern Europe;"Faculty of Engineering, University of Kragujevac";"2019-2025";"Engineering (miscellaneous); Industrial and Manufacturing Engineering; Management Information Systems; Materials Science (miscellaneous)";"Business, Management and Accounting; Engineering; Materials Science"
1754;21101087907;"PSU Research Review";journal;"23984007, 23991747";"Emerald Group Holdings Ltd.";Yes;Yes;;-;25;11;46;712;145;44;3,55;64,73;32,00;0;United Kingdom;Western Europe;"Emerald Group Holdings Ltd.";"2017-2024";"Business, Management and Accounting (miscellaneous); Computer Science Applications; Economics, Econometrics and Finance (miscellaneous); Education; Social Sciences (miscellaneous)";"Business, Management and Accounting; Computer Science; Economics, Econometrics and Finance; Social Sciences"
1755;21101292924;"Psychology of Leaders and Leadership";journal;"27696863, 27696898";"American Psychological Association";No;No;;-;22;10;40;494;30;39;0,52;49,40;33,33;1;United States;Northern America;"American Psychological Association";"2022-2025";"Applied Psychology; Business, Management and Accounting (miscellaneous); Social Psychology";"Business, Management and Accounting; Psychology"
1756;21101049551;"Public and Municipal Finance";journal;"22221867, 22221875";"LLC CPC Business Perspectives";Yes;No;;-;10;12;18;459;22;18;1,22;38,25;55,00;0;Ukraine;Eastern Europe;"LLC CPC Business Perspectives";"2019-2026";"Business, Management and Accounting (miscellaneous); Economics and Econometrics; Finance; Public Administration";"Business, Management and Accounting; Economics, Econometrics and Finance; Social Sciences"
1757;21101274768;"PuntOorg International Journal";journal;"24991333";"";No;No;;-;5;13;0;511;0;0;0,00;39,31;35,71;0;Italy;Western Europe;"";"2021-2026";"Communication; Cultural Studies; Gender Studies; Organizational Behavior and Human Resource Management";"Business, Management and Accounting; Social Sciences"
1758;21101173094;"Qubahan Academic Journal";journal;"27098206";"Qubahan";Yes;No;;-;17;37;0;1725;0;0;0,00;46,62;30,00;0;Iraq;Middle East;"Qubahan";"2021-2026";"Artificial Intelligence; Business, Management and Accounting (miscellaneous); Computational Theory and Mathematics; Education";"Business, Management and Accounting; Computer Science; Social Sciences"
1759;21101077476;"Recherche et Applications en Marketing";journal;"20512821, 07673701";"SAGE Publications Ltd";No;No;;-;5;19;17;1462;4;16;0,24;76,95;57,14;0;United Kingdom;Western Europe;"SAGE Publications Ltd";"2020-2026";"Marketing";"Business, Management and Accounting"
1760;21101219671;"Recherches en Sciences de Gestion";journal;"22712836";"ISEOR";No;No;;-;5;61;40;2766;4;40;0,10;45,34;39,82;2;France;Western Europe;"ISEOR";"2020-2024";"Business, Management and Accounting (miscellaneous)";"Business, Management and Accounting"
1761;21101192303;"Record and Library Journal";journal;"24425168";"Airlangga University Faculty of Vocational Studies";Yes;Yes;;-;4;30;41;655;14;40;0,34;21,83;41,18;0;Indonesia;Asiatic Region;"Airlangga University Faculty of Vocational Studies";"2019-2025";"Human Factors and Ergonomics; Library and Information Sciences; Management Information Systems; Management of Technology and Innovation";"Business, Management and Accounting; Social Sciences"
1762;21101043321;"Recreational Sports Journal";journal;"15588661, 1558867X";"SAGE Publications Ltd";No;No;;-;24;14;47;510;36;41;0,73;36,43;30,95;1;United Kingdom;Western Europe;"SAGE Publications Ltd";"1992-1993, 1995-1996, 2002-2026";"Education; Health (social science); Social Sciences (miscellaneous); Tourism, Leisure and Hospitality Management";"Business, Management and Accounting; Social Sciences"
1763;21101213849;"REGEPE Entrepreneurship and Small Business Journal";journal;"29651506";"Associacao Nacional de Estudos em Empreendedorismo e Gestao de Pequenas Empresas - ANEGEPE";Yes;Yes;;-;5;23;40;1157;14;33;0,35;50,30;45,83;0;Brazil;Latin America;"Associacao Nacional de Estudos em Empreendedorismo e Gestao de Pequenas Empresas - ANEGEPE";"2020-2026";"Business and International Management; Business, Management and Accounting (miscellaneous); Economics and Econometrics";"Business, Management and Accounting; Economics, Econometrics and Finance"
1764;21100890307;"Research in World Economy (discontinued)";journal;"19233981, 1923399X";"Sciedu Press";No;No;;-;13;1;217;26;115;217;0,54;26,00;100,00;0;Canada;Northern America;"Sciedu Press";"2018-2021";"Economics, Econometrics and Finance (miscellaneous); Industrial Relations; Political Science and International Relations; Sociology and Political Science";"Business, Management and Accounting; Economics, Econometrics and Finance; Social Sciences"
1765;21101089124;"Retos (Ecuador)";journal;"13906291, 13908618";"Universidad Politecnica Salesiana";Yes;Yes;;-;14;20;40;1006;66;40;1,65;50,30;45,10;2;Ecuador;Latin America;"Universidad Politecnica Salesiana";"2019-2025";"Business and International Management; Economics and Econometrics; Management of Technology and Innovation; Marketing; Public Administration; Strategy and Management";"Business, Management and Accounting; Economics, Econometrics and Finance; Social Sciences"
1766;21101252462;"Review of Business and Economics Studies";journal;"2308944X, 23110279";"Financial University under The Government of Russian Federation";Yes;Yes;;-;7;23;21;730;8;21;0,38;31,74;14,29;0;Russian Federation;Eastern Europe;"Financial University under The Government of Russian Federation";"2020-2025";"Accounting; Economics, Econometrics and Finance (miscellaneous)";"Business, Management and Accounting; Economics, Econometrics and Finance"
1767;21101221557;"Review of Corporate Finance";journal;"26939312, 26939320";"Now Publishers Inc";No;No;;-;16;10;0;908;0;0;0,00;90,80;17,86;3;United States;Northern America;"Now Publishers Inc";"2021-2025";"Accounting; Economics, Econometrics and Finance (miscellaneous); Finance";"Business, Management and Accounting; Economics, Econometrics and Finance"
1768;21101089565;"Review of Integrative Business and Economics Research";journal;"24146722, 23041013";"GMP Press &amp; Printing Co.,";No;No;;-;13;23;70;1087;45;70;0,64;47,26;40,48;0;Hong Kong;Asiatic Region;"GMP Press &amp; Printing Co.,";"2019-2026";"Business, Management and Accounting (miscellaneous); Economics, Econometrics and Finance (miscellaneous)";"Business, Management and Accounting; Economics, Econometrics and Finance"
1769;21101272730;"Revista Academia and Negocios";journal;"07197713, 07196245";"Universidad de Concepcion";Yes;Yes;;-;5;17;0;791;0;0;0,00;46,53;54,55;0;Chile;Latin America;"Universidad de Concepcion";"2021-2026";"Business, Management and Accounting (miscellaneous)";"Business, Management and Accounting"
1770;21101123075;"Revista Brasileira de Alternative Dispute Resolution";journal;"25963201, 26748835";"EDITORA FORUM LTDA";No;No;;-;8;23;57;470;8;50;0,14;20,43;60,00;0;Brazil;Latin America;"EDITORA FORUM LTDA";"2019-2025";"Law; Social Sciences (miscellaneous)";"Social Sciences"
1771;21101210852;"Revista Brasileira de Pesquisa em Turismo";journal;"19826125";"Associacao Nacional de Pesquisa e Pos-Graduacao em Turismo - ANPTUR";Yes;Yes;;-;6;32;0;1964;0;0;0,00;61,38;46,03;5;Brazil;Latin America;"Associacao Nacional de Pesquisa e Pos-Graduacao em Turismo - ANPTUR";"2021-2025";"Geography, Planning and Development; Social Sciences (miscellaneous); Tourism, Leisure and Hospitality Management";"Business, Management and Accounting; Social Sciences"
1772;21101089574;"Revista de Administracao Contemporanea";journal;"19827849, 14156555";"Associacao Nacional de Pos-Graduacao e Pesquisa em Administracao";Yes;Yes;;-;13;59;86;2265;65;73;0,76;38,39;43,90;0;Brazil;Latin America;"Associacao Nacional de Pos-Graduacao e Pesquisa em Administracao";"2016, 2019-2026";"Business, Management and Accounting (miscellaneous); Management Science and Operations Research; Public Administration";"Business, Management and Accounting; Decision Sciences; Social Sciences"
1773;21101073716;"Revista de Artes Marciales Asiaticas";journal;"21740747";"Universidad de Leon";Yes;Yes;;-;10;21;46;1047;27;44;0,59;49,86;10,81;0;Spain;Western Europe;"Universidad de Leon";"2019-2026";"Anthropology; Physical Therapy, Sports Therapy and Rehabilitation; Social Sciences (miscellaneous); Tourism, Leisure and Hospitality Management";"Business, Management and Accounting; Health Professions; Social Sciences"
1774;21101068581;"Revista de Contabilidade e Organizacoes";journal;"19826486";"Universidade De Sao Paulo";Yes;Yes;;-;5;19;45;772;7;41;0,16;40,63;38,46;0;Brazil;Latin America;"Universidade De Sao Paulo";"2019-2025";"Accounting; Education; Management of Technology and Innovation; Organizational Behavior and Human Resource Management";"Business, Management and Accounting; Social Sciences"
1775;21101071063;"Revista de Gestao";journal;"18092276, 21778736";"Emerald Group Publishing Ltd.";Yes;Yes;;-;24;24;74;1242;175;72;2,23;51,75;37,10;0;United Kingdom;Western Europe;"Emerald Group Publishing Ltd.";"2018-2025";"Business and International Management; Management Information Systems; Management of Technology and Innovation; Marketing";"Business, Management and Accounting"
1776;21101136672;"Revista de Gestion Publica";journal;"07191839";"Universidad de Valparaiso";No;No;;-;3;9;22;278;2;20;0,09;30,89;9,09;0;Chile;Latin America;"Universidad de Valparaiso";"2019-2025";"Accounting; Business and International Management; Business, Management and Accounting (miscellaneous); Industrial Relations; Management Information Systems; Management of Technology and Innovation; Marketing; Organizational Behavior and Human Resource Management; Strategy and Management; Tourism, Leisure and Hospitality Management";"Business, Management and Accounting"
1777;21101290953;"Revue de Gestion des Ressources Humaines";journal;"22712186, 1163913X";"Editions ESKA";No;No;;-;3;14;0;920;0;0;0,00;65,71;48,28;1;France;Western Europe;"Editions ESKA";"2021-2025";"Organizational Behavior and Human Resource Management";"Business, Management and Accounting"
1778;21101290950;"Revue de l'Organisation Responsable";journal;"19510187, 21053022";"Editions ESKA";No;No;;-;6;14;0;773;0;0;0,00;55,21;56,52;0;France;Western Europe;"Editions ESKA";"2021-2025";"Business, Management and Accounting (miscellaneous); Economics and Econometrics; Economics, Econometrics and Finance (miscellaneous); Finance; Management, Monitoring, Policy and Law; Organizational Behavior and Human Resource Management; Sociology and Political Science";"Business, Management and Accounting; Economics, Econometrics and Finance; Environmental Science; Social Sciences"
1779;21101360402;"Revue Internationale PME";journal;"07765436, 19189699";"EMS, Editions Management and Societe";No;No;;-;6;27;25;1649;8;19;0,32;61,07;46,51;1;France;Western Europe;"EMS, Editions Management and Societe";"2020-2025";"Business, Management and Accounting (miscellaneous); Marketing; Organizational Behavior and Human Resource Management; Strategy and Management";"Business, Management and Accounting"
1780;21101162523;"Rivista Italiana di Ragioneria e di Economia Aziendale";journal;"22815864, 15939154";"Casa Editrice Rirea";No;No;;-;4;18;44;1134;7;39;0,16;63,00;41,38;0;Italy;Western Europe;"Casa Editrice Rirea";"2019-2025";"Accounting; Business, Management and Accounting (miscellaneous)";"Business, Management and Accounting"
1781;21101144403;"Scandinavian Journal of Public Administration";journal;"20017413, 20017405";"University of Gothenburg School of Public Administration";Yes;Yes;;-;10;22;27;937;17;26;0,63;42,59;56,67;3;Sweden;Western Europe;"University of Gothenburg School of Public Administration";"2019-2025";"Business, Management and Accounting (miscellaneous); Law; Public Administration";"Business, Management and Accounting; Social Sciences"
1782;21101115664;"SCHOLE: A Journal of Leisure Studies and Recreation Education";journal;"1937156X, 21624097";"Taylor and Francis Ltd.";No;No;;-;13;10;35;430;21;32;0,54;43,00;52,63;0;United Kingdom;Western Europe;"Taylor and Francis Ltd.";"1993-2026";"Education; Sociology and Political Science; Tourism, Leisure and Hospitality Management";"Business, Management and Accounting; Social Sciences"
1783;21101055969;"Sinergie";journal;"03935108";"Fondazione Cueim";Yes;No;;-;13;29;64;1687;40;62;0,63;58,17;55,26;0;Italy;Western Europe;"Fondazione Cueim";"2019-2026";"Business, Management and Accounting (miscellaneous); Management Science and Operations Research";"Business, Management and Accounting; Decision Sciences"
1784;21101075550;"Small Enterprise Research";journal;"11750979, 13215906";"Taylor and Francis Ltd.";No;No;;-;29;22;59;1373;109;56;1,85;62,41;37,04;2;United Kingdom;Western Europe;"Taylor and Francis Ltd.";"1992-1994, 1996-2008, 2010-2026";"Business and International Management; Business, Management and Accounting (miscellaneous); Development; Economics, Econometrics and Finance (miscellaneous); Management of Technology and Innovation; Strategy and Management";"Business, Management and Accounting; Economics, Econometrics and Finance; Social Sciences"
1785;21101279553;"SN Business and Economics";journal;"26629399";"Springer Nature";No;No;;-;24;144;0;7859;0;0;0,00;54,58;25,26;15;Switzerland;Western Europe;"Springer Nature";"2021-2026";"Business, Management and Accounting (miscellaneous); Marketing; Organizational Behavior and Human Resource Management; Tourism, Leisure and Hospitality Management";"Business, Management and Accounting"
1786;21101056927;"Spatial Economics";journal;"25875957, 18159834";"Economic Research Institute, Far Eastern Branch, Russian Academy of Sciences";Yes;Yes;;-;8;37;76;1236;46;76;0,61;33,41;46,51;0;Russian Federation;Eastern Europe;"Economic Research Institute, Far Eastern Branch, Russian Academy of Sciences";"2019-2025";"Business and International Management; Economics, Econometrics and Finance (miscellaneous); Social Sciences (miscellaneous)";"Business, Management and Accounting; Economics, Econometrics and Finance; Social Sciences"
1787;21101067745;"Sport i Turystyka";journal;"26574322, 25453211";"Jan Dlugosz University Publishing House";Yes;Yes;;-;5;33;101;672;10;91;0,10;20,36;22,50;0;Poland;Eastern Europe;"Jan Dlugosz University Publishing House";"2018-2025";"History; Physical Therapy, Sports Therapy and Rehabilitation; Tourism, Leisure and Hospitality Management";"Arts and Humanities; Business, Management and Accounting; Health Professions"
1788;21101077468;"Springer Proceedings in Business and Economics";conference and proceedings;"21987246, 21987254";"Springer Nature";No;No;;-;29;451;2284;11852;650;2158;0,32;26,28;45,04;5;Switzerland;Western Europe;"Springer Nature";"2014-2026";"Business, Management and Accounting (miscellaneous); Economics, Econometrics and Finance (miscellaneous)";"Business, Management and Accounting; Economics, Econometrics and Finance"
1789;21101277853;"Strategic Management Review";journal;"26882612, 26882639";"Now Publishers Inc";No;No;;-;8;19;0;1340;0;0;0,00;70,53;21,43;0;United States;Northern America;"Now Publishers Inc";"2021-2025";"Strategy and Management";"Business, Management and Accounting"
1790;21101053699;"Studia Universitatis Vasile Goldis Arad, Economics Series";journal;"15842339, 22853065";"De Gruyter Open Ltd";Yes;Yes;;-;10;20;46;665;41;46;0,89;33,25;38,46;0;Poland;Eastern Europe;"De Gruyter Open Ltd";"2019-2026";"Business and International Management; Economics and Econometrics; Finance; Strategy and Management";"Business, Management and Accounting; Economics, Econometrics and Finance"
1791;21100896471;"Studies in Corpus Linguistics";book series;"13880373";"John Benjamins Publishing Company";No;No;;-;44;37;194;2567;124;26;0,51;69,38;100,00;0;Netherlands;Western Europe;"John Benjamins Publishing Company";"2004-2015, 2018-2024";"Education; Linguistics and Language; Management of Technology and Innovation";"Business, Management and Accounting; Social Sciences"
1792;21101068028;"Stuttgarter Symposium fur Produktentwicklung";conference and proceedings;"23644885";"Fraunhofer IAO";No;No;;-;6;48;29;1113;17;28;0,59;23,19;14,17;0;Germany;Western Europe;"Fraunhofer IAO";"2017, 2019, 2021, 2023, 2025";"Business and International Management; Computer Science Applications; Industrial and Manufacturing Engineering; Management of Technology and Innovation";"Business, Management and Accounting; Computer Science; Engineering"
1793;21101210867;"Suma de Negocios";journal;"2215910X, 20275692";"Fundacion Universitaria Konrad Lorenz";Yes;Yes;;-;7;16;18;774;6;18;0,33;48,38;27,27;0;Colombia;Latin America;"Fundacion Universitaria Konrad Lorenz";"2020-2026";"Business, Management and Accounting (miscellaneous); Marketing";"Business, Management and Accounting"
1794;21101265945;"Suranaree Journal of Social Science";journal;"2651088X";"Suranaree University of Technology";No;No;;-;3;16;17;472;0;16;0,00;29,50;55,56;0;Thailand;Asiatic Region;"Suranaree University of Technology";"2020-2025";"Management Information Systems; Philosophy; Social Sciences (miscellaneous)";"Arts and Humanities; Business, Management and Accounting; Social Sciences"
1795;21101065044;"Sustainable Futures";journal;"26661888";"Elsevier B.V.";Yes;No;;-;37;21;37;1481;155;37;4,19;70,52;27,27;2;United Kingdom;Western Europe;"Elsevier B.V.";"2019-2026";"Management of Technology and Innovation; Management Science and Operations Research; Sociology and Political Science";"Business, Management and Accounting; Decision Sciences; Social Sciences"
1796;21101188201;"System Safety: Human - Technical Facility - Environment";conference and proceedings;"26575450";"Sciendo";No;No;;-;10;39;175;716;81;173;0,46;18,36;53,45;0;Germany;Western Europe;"Sciendo";"2019-2025";"Business and International Management; Industrial and Manufacturing Engineering; Public Health, Environmental and Occupational Health; Safety, Risk, Reliability and Quality";"Business, Management and Accounting; Engineering; Medicine"
1797;21101270641;"Tasmimgiri va Tahqiq dar Amaliyyat";journal;"26766159, 25385097";"Research Expansion Alliance (REA)";Yes;Yes;;-;5;24;0;882;0;0;0,00;36,75;15,15;0;Serbia;Eastern Europe;"Research Expansion Alliance (REA)";"2021-2026";"Control and Optimization; Decision Sciences (miscellaneous); Management Science and Operations Research; Strategy and Management";"Business, Management and Accounting; Decision Sciences; Mathematics"
1798;21101314568;"Technology Audit and Production Reserves";journal;"27065448, 26649969";"Technology Center";No;No;;-;10;210;199;3393;76;199;0,38;16,16;44,46;0;Ukraine;Eastern Europe;"Technology Center";"2020-2025";"Chemical Engineering (miscellaneous); Information Systems; Management of Technology and Innovation";"Business, Management and Accounting; Chemical Engineering; Computer Science"
1799;21101133425;"Tehnicki Glasnik";journal;"18485588, 18466168";"University North";Yes;Yes;;-;15;82;0;2070;0;0;0,00;25,24;29,86;1;Croatia;Eastern Europe;"University North";"2021-2025";"Computer Graphics and Computer-Aided Design; Computer Science Applications; Engineering (miscellaneous); Information Systems; Management Information Systems";"Business, Management and Accounting; Computer Science; Engineering"
1800;21100200633;"Touchpoint";journal;"29402778, 18686052";"Logos Verlag Berlin GmbH";No;No;;-;4;38;0;74;0;0;0,00;1,95;69,57;0;Germany;Western Europe;"Logos Verlag Berlin GmbH";"2011-2014, 2021-2025";"Arts and Humanities (miscellaneous); Business and International Management; Organizational Behavior and Human Resource Management; Strategy and Management; Visual Arts and Performing Arts";"Arts and Humanities; Business, Management and Accounting"
1801;21101190207;"Tourism and Hospitality";journal;"26735768";"Multidisciplinary Digital Publishing Institute (MDPI)";Yes;No;;-;21;24;4;1483;5;3;1,25;61,79;32,76;2;Switzerland;Western Europe;"Multidisciplinary Digital Publishing Institute (MDPI)";"2020-2026";"Economics, Econometrics and Finance (miscellaneous); Social Sciences (miscellaneous); Tourism, Leisure and Hospitality Management";"Business, Management and Accounting; Economics, Econometrics and Finance; Social Sciences"
1802;21101216647;"Turismo y Sociedad";journal;"2346206X, 01207555";"Universidad Externado de Colombia";Yes;Yes;;-;7;26;20;1236;4;20;0,20;47,54;42,11;0;Colombia;Latin America;"Universidad Externado de Colombia";"2020-2026";"Geography, Planning and Development; Tourism, Leisure and Hospitality Management";"Business, Management and Accounting; Social Sciences"
1803;21101023074;"Universal Journal of Accounting and Finance (discontinued)";journal;"23319712, 23319720";"Horizon Research Publishing";No;No;;-;14;165;7;6443;23;7;3,29;39,05;49,43;1;United States;Northern America;"Horizon Research Publishing";"2020-2022";"Accounting; Finance";"Business, Management and Accounting; Economics, Econometrics and Finance"
1804;21101060308;"Vestnik MGIMO-Universiteta";journal;"25419099, 20718160";"MGIMO University";Yes;Yes;;-;7;46;127;1352;29;127;0,23;29,39;31,82;3;Russian Federation;Eastern Europe;"MGIMO University";"2019-2025";"Sociology and Political Science";"Social Sciences"
1805;21101109914;"Virtual Economics";journal;"26574047";"";Yes;Yes;;-;30;20;45;993;88;45;1,96;49,65;44,44;1;United Kingdom;Western Europe;"";"2019-2025";"Business and International Management; Economics, Econometrics and Finance (miscellaneous); Management Information Systems; Management of Technology and Innovation";"Business, Management and Accounting; Economics, Econometrics and Finance"
1806;21101392301;"Work in the Global Economy";journal;"27324176";"Policy Press";No;No;;-;11;11;0;717;0;0;0,00;65,18;37,50;0;United Kingdom;Western Europe;"Policy Press";"2021-2025";"Economics and Econometrics; Industrial Relations; Organizational Behavior and Human Resource Management; Social Sciences (miscellaneous)";"Business, Management and Accounting; Economics, Econometrics and Finance; Social Sciences"
1807;21101155632;"World Journal of Science, Technology and Sustainable Development";journal;"20425953, 20425945";"World Association for Sustainable Development";No;No;;-;18;31;40;1627;60;38;1,50;52,48;32,20;0;United Kingdom;Western Europe;"World Association for Sustainable Development";"2019-2025";"Business and International Management; Industrial Relations; Management of Technology and Innovation; Organizational Behavior and Human Resource Management";"Business, Management and Accounting"
1808;21101390798;"World Sci-Tech R and D";journal;"10066055";"Science Press";No;No;;-;6;60;57;1821;13;57;0,23;30,35;50,89;0;China;Asiatic Region;"Science Press";"2020-2025";"Business, Management and Accounting (miscellaneous); Management of Technology and Innovation";"Business, Management and Accounting"
1809;21101162971;"Zeitschrift fur Technikfolgenabschatzung in Theorie und Praxis / Journal for Technology Assessment in Theory and Practice";journal;"2568020X, 25678833";"Oekom - Gesellschaft fuer Oekologische Kommunikation mbH";Yes;Yes;;-;8;42;101;703;26;61;0,26;16,74;43,24;2;Germany;Western Europe;"Oekom - Gesellschaft fuer Oekologische Kommunikation mbH";"2019-2025";"Management of Technology and Innovation";"Business, Management and Accounting"
1810;21101060493;"Zeitschrift fur Unternehmensgeschichte";journal;"23672293, 03422852";"De Gruyter Oldenbourg";No;No;;-;11;10;32;335;3;32;0,10;33,50;30,77;0;Germany;Western Europe;"De Gruyter Oldenbourg";"1996-2025";"Business and International Management; Business, Management and Accounting (miscellaneous); Economics, Econometrics and Finance (miscellaneous); History";"Arts and Humanities; Business, Management and Accounting; Economics, Econometrics and Finance"
