Rank;Sourceid;Title;Type;Issn;Publisher;Open Access;Open Access Diamond;SJR;SJR Best Quartile;H index;Total Docs. (2019);Total Docs. (3years);Total Refs.;Total Citations (3years);Citable Docs. (3years);Citations / Doc. (2years);Ref. / Doc.;%Female;Overton;Country;Region;Publisher;Coverage;Categories;Areas
1;17500;"Journal of Finance";journal;"00221082, 15406261";"Wiley-Blackwell Publishing Ltd";No;No;17,134;Q1;386;75;205;3839;1562;204;6,88;51,19;17,65;56;United Kingdom;Western Europe;"Wiley-Blackwell Publishing Ltd";"1946-2026";"Accounting (Q1); Economics and Econometrics (Q1); Finance (Q1)";"Business, Management and Accounting; Economics, Econometrics and Finance"
2;16161;"Review of Financial Studies";journal;"14657368, 08939454";"Oxford University Press";No;No;12,837;Q1;268;125;322;6752;1931;322;4,69;54,02;16,89;103;United Kingdom;Western Europe;"Oxford University Press";"1996-2026";"Accounting (Q1); Economics and Econometrics (Q1); Finance (Q1)";"Business, Management and Accounting; Economics, Econometrics and Finance"
3;19900191906;"Academy of Management Annals";journal;"19416520, 19416067";"Academy of Management";No;No;12,595;Q1;132;23;71;5376;1190;69;14,38;233,74;38,27;10;United States;Northern America;"Academy of Management";"2007, 2010-2025";"Business and International Management (Q1); Organizational Behavior and Human Resource Management (Q1)";"Business, Management and Accounting"
4;24379;"Journal of Financial Economics";journal;"0304405X";"Elsevier B.V.";No;No;11,999;Q1;355;134;358;6850;2444;358;6,00;51,12;19,10;100;Netherlands;Western Europe;"Elsevier B.V.";"1974-2026";"Accounting (Q1); Economics and Econometrics (Q1); Finance (Q1); Strategy and Management (Q1)";"Business, Management and Accounting; Economics, Econometrics and Finance"
5;20246;"Journal of Labor Economics";journal;"0734306X, 15375307";"University of Chicago Press";No;No;11,572;Q1;143;50;123;2147;635;121;3,52;42,94;20,00;47;United States;Northern America;"University of Chicago Press";"1985-1989, 1991, 1993, 1995-2026";"Economics and Econometrics (Q1); Industrial Relations (Q1)";"Business, Management and Accounting; Economics, Econometrics and Finance"
6;20191;"Academy of Management Journal";journal;"00014273";"Academy of Management";No;No;11,190;Q1;410;76;280;7778;2998;280;8,40;102,34;38,86;21;United States;Northern America;"Academy of Management";"1961, 1966-1968, 1973, 1975-2025";"Business and International Management (Q1); Business, Management and Accounting (miscellaneous) (Q1); Management of Technology and Innovation (Q1); Strategy and Management (Q1)";"Business, Management and Accounting"
7;12817;"Personnel Psychology";journal;"00315826, 17446570";"Wiley-Blackwell";No;No;8,770;Q1;183;22;69;2311;623;66;6,83;105,05;34,29;5;United States;Northern America;"Wiley-Blackwell";"1948-2026";"Applied Psychology (Q1); Organizational Behavior and Human Resource Management (Q1)";"Business, Management and Accounting; Psychology"
8;22951;"Journal of Marketing";journal;"15477185, 00222429";"American Marketing Association";No;No;8,626;Q1;309;47;147;3515;1646;143;6,23;74,79;34,38;14;United States;Northern America;"American Marketing Association";"1939, 1941, 1956, 1958-1959, 1969-1981, 1984-1991, 1993-2026";"Business and International Management (Q1); Economics and Econometrics (Q1); Marketing (Q1)";"Business, Management and Accounting; Economics, Econometrics and Finance"
9;23157;"Strategic Management Journal";journal;"10970266, 01432095";"John Wiley and Sons Ltd";No;No;8,430;Q1;370;91;439;7323;3237;427;6,36;80,47;25,65;35;United Kingdom;Western Europe;"John Wiley and Sons Ltd";"1980-2026";"Business and International Management (Q1); Strategy and Management (Q1)";"Business, Management and Accounting"
10;21100863710;"Annual Review of Organizational Psychology and Organizational Behavior";journal;"23270608";"Annual Reviews Inc.";No;No;7,999;Q1;98;19;59;2030;762;57;12,44;106,84;47,73;8;United States;Northern America;"Annual Reviews Inc.";"2014-2025";"Applied Psychology (Q1); Organizational Behavior and Human Resource Management (Q1); Social Psychology (Q1)";"Business, Management and Accounting; Psychology"
11;22899;"Journal of Consumer Research";journal;"00935301, 15375277";"Oxford University Press";No;No;7,595;Q1;248;62;185;4619;1300;182;6,56;74,50;54,36;7;United Kingdom;Western Europe;"Oxford University Press";"1975, 1977-1978, 1984, 1988, 1991-1992, 1996-2026";"Anthropology (Q1); Arts and Humanities (miscellaneous) (Q1); Business and International Management (Q1); Economics and Econometrics (Q1); Marketing (Q1)";"Arts and Humanities; Business, Management and Accounting; Economics, Econometrics and Finance; Social Sciences"
12;20206;"Academy of Management Review";journal;"03637425";"Academy of Management";No;No;7,482;Q1;334;61;134;5511;1107;117;7,14;90,34;35,43;11;United States;Northern America;"Academy of Management";"1976-1991, 1993-2025";"Business, Management and Accounting (miscellaneous) (Q1); Management of Technology and Innovation (Q1); Strategy and Management (Q1)";"Business, Management and Accounting"
13;22961;"Journal of Marketing Research";journal;"00222437, 15477193";"SAGE Publications Ltd";No;No;7,325;Q1;221;60;191;3413;1298;190;5,77;56,88;24,22;9;United States;Northern America;"SAGE Publications Ltd";"1967-1968, 1971-1973, 1976-1981, 1983, 1986-1987, 1989-2026";"Business and International Management (Q1); Economics and Econometrics (Q1); Marketing (Q1)";"Business, Management and Accounting; Economics, Econometrics and Finance"
14;28418;"Brookings Papers on Economic Activity";journal;"00072303, 15334465";"Brookings Institution Press";No;No;7,172;Q1;104;13;45;1004;359;43;9,13;77,23;22,86;11;United States;Northern America;"Brookings Institution Press";"1990, 1992, 1996-2024";"Business, Management and Accounting (miscellaneous) (Q1); Economics and Econometrics (Q1)";"Business, Management and Accounting; Economics, Econometrics and Finance"
15;23714;"Marketing Science";journal;"07322399, 1526548X";"INFORMS Institute for Operations Research and the Management Sciences";No;No;7,172;Q1;166;52;162;2220;746;155;3,68;42,69;25,44;14;United States;Northern America;"INFORMS Institute for Operations Research and the Management Sciences";"1985, 1991, 1993, 1995-2026";"Business and International Management (Q1); Economics and Econometrics (Q1); Marketing (Q1)";"Business, Management and Accounting; Economics, Econometrics and Finance"
16;29857;"Journal of Accounting Research";journal;"1475679X, 00218456";"Wiley-Blackwell Publishing Ltd";No;No;6,996;Q1;186;32;98;2263;607;98;4,11;70,72;31,43;0;United Kingdom;Western Europe;"Wiley-Blackwell Publishing Ltd";"1996-2026";"Accounting (Q1); Economics and Econometrics (Q1); Finance (Q1)";"Business, Management and Accounting; Economics, Econometrics and Finance"
17;20635;"Journal of Management";journal;"01492063, 15571211";"SAGE Publications Inc.";No;No;6,982;Q1;315;110;292;11690;3353;276;10,32;106,27;31,83;35;United States;Northern America;"SAGE Publications Inc.";"1975-2026";"Finance (Q1); Strategy and Management (Q1)";"Business, Management and Accounting; Economics, Econometrics and Finance"
18;29838;"Journal of Accounting and Economics";journal;"01654101";"Elsevier B.V.";No;No;5,821;Q1;207;44;135;2567;704;134;3,99;58,34;21,00;15;Netherlands;Western Europe;"Elsevier B.V.";"1979-2026";"Accounting (Q1); Economics and Econometrics (Q1); Finance (Q1)";"Business, Management and Accounting; Economics, Econometrics and Finance"
19;21789;"Manufacturing and Service Operations Management";journal;"15265498, 15234614";"INFORMS Inst.for Operations Res.and the Management Sciences";No;No;5,732;Q1;123;56;129;2596;596;129;4,73;46,36;27,22;3;United States;Northern America;"INFORMS Inst.for Operations Res.and the Management Sciences";"1999-2026";"Management Science and Operations Research (Q1); Strategy and Management (Q1)";"Business, Management and Accounting; Decision Sciences"
20;22324;"Organization Science";journal;"15265455, 10477039";"INFORMS Inst.for Operations Res.and the Management Sciences";No;No;5,557;Q1;308;79;197;7170;962;197;3,64;90,76;31,41;25;United States;Northern America;"INFORMS Inst.for Operations Res.and the Management Sciences";"1992-1994, 1996-2026";"Management of Technology and Innovation (Q1); Organizational Behavior and Human Resource Management (Q1); Strategy and Management (Q1)";"Business, Management and Accounting"
21;28096;"Accounting Review";journal;"00014826, 15587967";"American Accounting Association";No;No;5,446;Q1;217;96;219;5475;1112;217;4,01;57,03;32,75;21;United States;Northern America;"American Accounting Association";"1996-2026";"Accounting (Q1); Economics and Econometrics (Q1); Finance (Q1)";"Business, Management and Accounting; Economics, Econometrics and Finance"
22;21307;"Management Science";journal;"00251909, 15265501";"INFORMS Inst.for Operations Res.and the Management Sciences";Yes;No;5,439;Q1;321;316;767;16147;3808;759;4,23;51,10;24,07;150;United States;Northern America;"INFORMS Inst.for Operations Res.and the Management Sciences";"1965-1966, 1968-2025";"Management Science and Operations Research (Q1); Strategy and Management (Q1)";"Business, Management and Accounting; Decision Sciences"
23;24385;"Journal of the Academy of Marketing Science";journal;"00920703, 15527824";"Springer New York";No;No;5,309;Q1;234;62;164;4722;1733;138;8,52;76,16;37,64;9;United States;Northern America;"Springer New York";"1973-2026";"Business and International Management (Q1); Economics and Econometrics (Q1); Marketing (Q1)";"Business, Management and Accounting; Economics, Econometrics and Finance"
24;21100926579;"Review of Corporate Finance Studies";journal;"20469136, 20469128";"Oxford University Press";No;No;5,181;Q1;30;11;23;618;57;23;1,87;56,18;8,33;8;United States;Northern America;"Oxford University Press";"2012-2026";"Business and International Management (Q1); Economics and Econometrics (Q1); Finance (Q1)";"Business, Management and Accounting; Economics, Econometrics and Finance"
25;24392;"Journal of International Business Studies";journal;"00472506, 14786990";"Palgrave Macmillan";No;No;4,994;Q1;254;76;173;7216;1473;167;8,16;94,95;32,40;31;United Kingdom;Western Europe;"Palgrave Macmillan";"1975-2026";"Business and International Management (Q1); Business, Management and Accounting (miscellaneous) (Q1); Economics and Econometrics (Q1); Management of Technology and Innovation (Q1); Strategy and Management (Q1)";"Business, Management and Accounting; Economics, Econometrics and Finance"
26;23860;"Journal of Business Venturing";journal;"08839026";"Elsevier Inc.";No;No;4,977;Q1;246;51;119;5582;1114;114;8,63;109,45;29,03;26;United States;Northern America;"Elsevier Inc.";"1985-2026";"Business and International Management (Q1); Management of Technology and Innovation (Q1)";"Business, Management and Accounting"
27;22330;"Organizational Research Methods";journal;"15527425, 10944281";"SAGE Publications Inc.";No;No;4,888;Q1;158;36;91;3824;657;83;6,43;106,22;36,26;8;United States;Northern America;"SAGE Publications Inc.";"1998-2026";"Decision Sciences (miscellaneous) (Q1); Management of Technology and Innovation (Q1); Strategy and Management (Q1)";"Business, Management and Accounting; Decision Sciences"
28;39139;"International Organization";journal;"15315088, 00208183";"Cambridge University Press";No;No;4,850;Q1;180;28;90;1911;525;89;5,30;68,25;29,41;0;United Kingdom;Western Europe;"Cambridge University Press";"1947-2026";"Law (Q1); Organizational Behavior and Human Resource Management (Q1); Political Science and International Relations (Q1); Sociology and Political Science (Q1)";"Business, Management and Accounting; Social Sciences"
29;24870;"Journal of Human Resources";journal;"15488004, 0022166X";"University of Wisconsin Press";No;No;4,777;Q1;135;32;96;1478;383;96;3,28;46,19;41,25;2;United States;Northern America;"University of Wisconsin Press";"1976-1982, 1988, 1990, 1992-2025";"Economics and Econometrics (Q1); Management of Technology and Innovation (Q1); Organizational Behavior and Human Resource Management (Q1); Strategy and Management (Q1)";"Business, Management and Accounting; Economics, Econometrics and Finance"
30;21149;"Leadership Quarterly";journal;"10489843";"Elsevier Inc.";No;No;4,694;Q1;214;43;158;5569;1321;150;7,61;129,51;36,50;10;United States;Northern America;"Elsevier Inc.";"1990-2026";"Applied Psychology (Q1); Business and International Management (Q1); Organizational Behavior and Human Resource Management (Q1); Sociology and Political Science (Q1)";"Business, Management and Accounting; Psychology; Social Sciences"
31;20650;"Journal of Management Studies";journal;"00222380, 14676486";"Wiley-Blackwell Publishing Ltd";No;No;4,608;Q1;246;58;154;5692;1123;134;5,41;98,14;29,61;16;United Kingdom;Western Europe;"Wiley-Blackwell Publishing Ltd";"1964-2026";"Business and International Management (Q1); Management of Technology and Innovation (Q1); Strategy and Management (Q1)";"Business, Management and Accounting"
32;12402;"MIS Quarterly: Management Information Systems";journal;"02767783, 21629730";"University of Minnesota";No;No;4,531;Q1;294;59;173;5242;1783;171;9,01;88,85;30,13;0;United States;Northern America;"University of Minnesota";"1980-2025";"Computer Science Applications (Q1); Information Systems (Q1); Information Systems and Management (Q1); Management Information Systems (Q1)";"Business, Management and Accounting; Computer Science; Decision Sciences"
33;19900192439;"IMF Economic Review";journal;"2041417X, 20414161";"Palgrave Macmillan Ltd.";No;No;4,268;Q1;88;26;76;1240;230;70;1,88;47,69;16,67;23;United Kingdom;Western Europe;"Palgrave Macmillan Ltd.";"2010-2026";"Business, Management and Accounting (miscellaneous) (Q1); Economics, Econometrics and Finance (miscellaneous) (Q1)";"Business, Management and Accounting; Economics, Econometrics and Finance"
34;100147317;"Journal of Supply Chain Management";journal;"15232409, 1745493X";"Wiley-Blackwell";No;No;3,983;Q1;125;18;61;1549;502;57;6,90;86,06;15,22;2;United States;Northern America;"Wiley-Blackwell";"1999-2026";"Economics, Econometrics and Finance (miscellaneous) (Q1); Information Systems (Q1); Management Information Systems (Q1); Marketing (Q1)";"Business, Management and Accounting; Computer Science; Economics, Econometrics and Finance"
35;19169;"Journal of Operations Management";journal;"18731317, 02726963";"John Wiley &amp; Sons Inc.";No;No;3,957;Q1;238;36;100;2920;761;90;4,94;81,11;14,89;4;Netherlands;Western Europe;"John Wiley &amp; Sons Inc.";"1980-1991, 1993-2026";"Computer Science Applications (Q1); Industrial and Manufacturing Engineering (Q1); Management Science and Operations Research (Q1); Strategy and Management (Q1)";"Business, Management and Accounting; Computer Science; Decision Sciences; Engineering"
36;28181;"Journal of Consumer Psychology";journal;"15327663, 10577408";"John Wiley and Sons Inc";No;No;3,733;Q1;158;48;155;2925;584;152;3,48;60,94;57,66;4;United States;Northern America;"John Wiley and Sons Inc";"1992-2026";"Applied Psychology (Q1); Marketing (Q1)";"Business, Management and Accounting; Psychology"
37;4700152287;"Academy of Management Perspectives";journal;"15589080";"Academy of Management";No;No;3,649;Q1;177;24;78;2080;474;73;4,71;86,67;49,06;8;United States;Northern America;"Academy of Management";"1988, 1990, 1992-1993, 2006-2025";"Business and International Management (Q1); Marketing (Q1); Strategy and Management (Q1)";"Business, Management and Accounting"
38;16160;"Review of Finance";journal;"1573692X, 15723097";"Oxford University Press";No;No;3,647;Q1;91;31;196;1431;567;195;3,19;46,16;25,00;19;United Kingdom;Western Europe;"Oxford University Press";"2001-2002, 2004-2026";"Accounting (Q1); Economics and Econometrics (Q1); Finance (Q1)";"Business, Management and Accounting; Economics, Econometrics and Finance"
39;30020;"Journal of Organizational Behavior";journal;"10991379, 08943796";"John Wiley and Sons Ltd";No;No;3,606;Q1;242;69;236;6207;1494;229;5,74;89,96;44,00;19;United Kingdom;Western Europe;"John Wiley and Sons Ltd";"1981-1982, 1984-2026";"Applied Psychology (Q1); Organizational Behavior and Human Resource Management (Q1); Psychology (miscellaneous) (Q1); Sociology and Political Science (Q1)";"Business, Management and Accounting; Psychology; Social Sciences"
40;100147318;"Entrepreneurship Theory and Practice";journal;"10422587, 15406520";"SAGE Publications Ltd";No;No;3,566;Q1;224;53;142;4673;1298;126;11,44;88,17;30,23;24;United States;Northern America;"SAGE Publications Ltd";"1989, 1994, 2004-2026";"Business and International Management (Q1); Economics and Econometrics (Q1)";"Business, Management and Accounting; Economics, Econometrics and Finance"
41;80370;"Journal of Financial and Quantitative Analysis";journal;"00221090, 17566916";"Cambridge University Press";No;No;3,503;Q1;164;80;254;3954;736;254;2,74;49,43;17,50;0;United Kingdom;Western Europe;"Cambridge University Press";"1966-2026";"Accounting (Q1); Economics and Econometrics (Q1); Finance (Q1)";"Business, Management and Accounting; Economics, Econometrics and Finance"
42;20037;"International Journal of Management Reviews";journal;"14608545, 14682370";"Wiley-Blackwell Publishing Ltd";No;No;3,482;Q1;151;23;98;3449;1071;96;10,61;149,96;37,70;5;United Kingdom;Western Europe;"Wiley-Blackwell Publishing Ltd";"1999-2002, 2004-2026";"Decision Sciences (miscellaneous) (Q1); Management of Technology and Innovation (Q1); Strategy and Management (Q1)";"Business, Management and Accounting; Decision Sciences"
43;12963;"Review of Accounting Studies";journal;"15737136, 13806653";"Springer New York";No;No;3,473;Q1;118;40;129;2087;413;129;2,93;52,18;20,87;6;United States;Northern America;"Springer New York";"1996-2026";"Accounting (Q1); Business, Management and Accounting (miscellaneous) (Q1)";"Business, Management and Accounting"
44;28179;"Journal of Advertising";journal;"15577805, 00913367";"Routledge";No;No;3,373;Q1;151;43;121;2739;793;116;7,67;63,70;41,67;9;United States;Northern America;"Routledge";"1972-2026";"Business and International Management (Q1); Communication (Q1); Marketing (Q1)";"Business, Management and Accounting; Social Sciences"
45;144974;"Journal of Service Research";journal;"10946705, 15527379";"SAGE Publications Inc.";No;No;3,370;Q1;165;28;86;2110;647;83;7,81;75,36;46,24;2;United States;Northern America;"SAGE Publications Inc.";"1998-2026";"Information Systems (Q1); Organizational Behavior and Human Resource Management (Q1); Sociology and Political Science (Q1)";"Business, Management and Accounting; Computer Science; Social Sciences"
46;15823;"Journal of Public Administration Research and Theory";journal;"14779803, 10531858";"Oxford University Press";No;No;3,321;Q1;157;41;121;2901;573;121;4,04;70,76;25,29;20;United Kingdom;Western Europe;"Oxford University Press";"1991-2025";"Marketing (Q1); Public Administration (Q1); Sociology and Political Science (Q1)";"Business, Management and Accounting; Social Sciences"
47;21100467809;"Proceedings - 2016 IEEE European Symposium on Security and Privacy, EURO S and P 2016";conference and proceedings;"-";"";No;No;3,297;-;21;0;33;0;519;30;0,00;0,00;0,00;0;United States;Northern America;"";"";"Computer Networks and Communications; Management of Technology and Innovation";"Business, Management and Accounting; Computer Science"
48;22928;"Journal of Interactive Marketing";journal;"10949968, 15206653";"SAGE Publications Inc.";No;No;3,289;Q1;142;35;88;2549;675;85;6,72;72,83;34,58;4;United States;Northern America;"SAGE Publications Inc.";"1997-2026";"Business and International Management (Q1); Marketing (Q1)";"Business, Management and Accounting"
49;22900;"Research Policy";journal;"00487333";"Elsevier B.V.";No;No;3,246;Q1;318;195;453;15841;3742;445;6,68;81,24;29,29;136;Netherlands;Western Europe;"Elsevier B.V.";"1971-2026";"Engineering (miscellaneous) (Q1); Management of Technology and Innovation (Q1); Management Science and Operations Research (Q1); Strategy and Management (Q1)";"Business, Management and Accounting; Decision Sciences; Engineering"
50;21100217630;"Strategic Entrepreneurship Journal";journal;"19324391, 1932443X";"John Wiley &amp; Sons Inc.";No;No;3,245;Q1;82;22;71;2005;473;68;7,62;91,14;26,23;3;United States;Northern America;"John Wiley &amp; Sons Inc.";"2008, 2011-2026";"Business and International Management (Q1); Economics and Econometrics (Q1); Strategy and Management (Q1)";"Business, Management and Accounting; Economics, Econometrics and Finance"
51;15574;"Information Systems Research";journal;"15265536, 10477047";"INFORMS Inst.for Operations Res.and the Management Sciences";No;No;3,235;Q1;203;75;157;5269;945;147;5,03;70,25;26,70;14;United States;Northern America;"INFORMS Inst.for Operations Res.and the Management Sciences";"1990-2025";"Computer Networks and Communications (Q1); Information Systems (Q1); Information Systems and Management (Q1); Library and Information Sciences (Q1); Management Information Systems (Q1)";"Business, Management and Accounting; Computer Science; Decision Sciences; Social Sciences"
52;22990;"Journal of Retailing";journal;"00224359";"Elsevier B.V.";No;No;3,146;Q1;177;33;99;1705;671;98;7,27;51,67;35,90;8;United Kingdom;Western Europe;"Elsevier B.V.";"1981, 1985, 1993-2026";"Marketing (Q1)";"Business, Management and Accounting"
53;27679;"Journal of Product Innovation Management";journal;"15405885, 07376782";"Wiley-Blackwell Publishing Ltd";No;No;3,128;Q1;189;38;171;3349;980;141;4,73;88,13;34,31;7;United Kingdom;Western Europe;"Wiley-Blackwell Publishing Ltd";"1984-2026";"Engineering (miscellaneous) (Q1); Management of Technology and Innovation (Q1); Strategy and Management (Q1)";"Business, Management and Accounting; Engineering"
54;16547;"Tourism Management";journal;"02615177, 18793193";"Elsevier Ltd";No;No;3,068;Q1;296;233;650;17433;6443;648;8,87;74,82;38,19;51;United Kingdom;Western Europe;"Elsevier Ltd";"1982-2026";"Development (Q1); Strategy and Management (Q1); Tourism, Leisure and Hospitality Management (Q1); Transportation (Q1)";"Business, Management and Accounting; Social Sciences"
55;29400;"Journal of World Business";journal;"10909516";"Elsevier Inc.";No;No;3,061;Q1;158;42;208;4607;1582;202;6,07;109,69;28,46;9;United States;Northern America;"Elsevier Inc.";"1997-2026";"Business and International Management (Q1); Finance (Q1); Marketing (Q1)";"Business, Management and Accounting; Economics, Econometrics and Finance"
56;27663;"Journal of Conflict Resolution";journal;"15528766, 00220027";"SAGE Publications Inc.";No;No;3,031;Q1;138;92;218;5658;745;217;3,21;61,50;28,24;50;United States;Northern America;"SAGE Publications Inc.";"1957-2026";"Business, Management and Accounting (miscellaneous) (Q1); Political Science and International Relations (Q1); Sociology and Political Science (Q1)";"Business, Management and Accounting; Social Sciences"
57;14813;"Journal of Travel Research";journal;"15526763, 00472875";"SAGE Publications Ltd";No;No;3,014;Q1;193;91;226;7165;1900;226;7,92;78,74;37,00;20;United Kingdom;Western Europe;"SAGE Publications Ltd";"1969-2026";"Geography, Planning and Development (Q1); Tourism, Leisure and Hospitality Management (Q1); Transportation (Q1)";"Business, Management and Accounting; Social Sciences"
58;11800154593;"Strategic Organization";journal;"1741315X, 14761270";"SAGE Publications Ltd";No;No;2,987;Q1;88;21;76;1677;380;71;4,04;79,86;33,93;2;United Kingdom;Western Europe;"SAGE Publications Ltd";"2003-2026";"Business and International Management (Q1); Education (Q1); Industrial Relations (Q1); Strategy and Management (Q1)";"Business, Management and Accounting; Social Sciences"
59;28312;"Organization Studies";journal;"17413044, 01708406";"SAGE Publications Ltd";No;No;2,967;Q1;197;83;220;6216;1079;211;4,48;74,89;42,59;8;United Kingdom;Western Europe;"SAGE Publications Ltd";"1980-2026";"Management of Technology and Innovation (Q1); Organizational Behavior and Human Resource Management (Q1); Strategy and Management (Q1)";"Business, Management and Accounting"
60;22833;"International Journal of Research in Marketing";journal;"01678116";"Elsevier B.V.";No;No;2,913;Q1;135;40;168;2701;822;160;4,46;67,53;34,31;3;Netherlands;Western Europe;"Elsevier B.V.";"1984-2026";"Marketing (Q1)";"Business, Management and Accounting"
61;15631;"International Journal of Information Management";journal;"02684012";"Elsevier Ltd";No;No;2,881;Q1;215;164;330;14481;3816;325;11,21;88,30;29,71;39;United Kingdom;Western Europe;"Elsevier Ltd";"1970, 1986-2026";"Artificial Intelligence (Q1); Computer Networks and Communications (Q1); Information Systems (Q1); Information Systems and Management (Q1); Library and Information Sciences (Q1); Management Information Systems (Q1); Marketing (Q1)";"Business, Management and Accounting; Computer Science; Decision Sciences; Social Sciences"
62;17167;"Public Administration Review";journal;"00333352, 15406210";"Wiley-Blackwell";No;No;2,867;Q1;196;94;381;4934;1243;233;2,67;52,49;39,90;34;United Kingdom;Western Europe;"Wiley-Blackwell";"1978-1983, 1985, 1988, 1996-2026";"Marketing (Q1); Public Administration (Q1); Sociology and Political Science (Q1)";"Business, Management and Accounting; Social Sciences"
63;15700;"Journal of Management Information Systems";journal;"1557928X, 07421222";"M.E. Sharpe Inc.";No;No;2,863;Q1;189;44;140;3464;940;120;6,17;78,73;21,05;8;United States;Northern America;"M.E. Sharpe Inc.";"1987-2025";"Computer Science Applications (Q1); Information Systems and Management (Q1); Management Information Systems (Q1); Management Science and Operations Research (Q1)";"Business, Management and Accounting; Computer Science; Decision Sciences"
64;22405;"Production and Operations Management";journal;"10591478, 19375956";"SAGE Publications Inc.";No;No;2,843;Q1;161;160;387;8615;1360;380;3,20;53,84;25,06;16;United States;Northern America;"SAGE Publications Inc.";"1992-2026";"Industrial and Manufacturing Engineering (Q1); Management of Technology and Innovation (Q1); Management Science and Operations Research (Q1)";"Business, Management and Accounting; Decision Sciences; Engineering"
65;14726;"Technovation";journal;"01664972";"Elsevier Ltd";No;No;2,795;Q1;180;37;112;3350;903;101;5,83;90,54;35,79;11;United Kingdom;Western Europe;"Elsevier Ltd";"1981-2026";"Engineering (miscellaneous) (Q1); Management of Technology and Innovation (Q1)";"Business, Management and Accounting; Engineering"
66;21100405117;"Organizational Psychology Review";journal;"20413866, 20413874";"SAGE Publications Inc.";No;No;2,784;Q1;51;11;37;1028;192;36;3,83;93,45;43,33;2;United Kingdom;Western Europe;"SAGE Publications Inc.";"2011-2026";"Applied Psychology (Q1); Organizational Behavior and Human Resource Management (Q1); Social Psychology (Q1)";"Business, Management and Accounting; Psychology"
67;21341;"California Management Review";journal;"21628564, 00081256";"SAGE Publications Ltd";No;No;2,773;Q1;171;28;85;370;705;84;5,21;13,21;22,22;15;United Kingdom;Western Europe;"SAGE Publications Ltd";"1970-2026";"Strategy and Management (Q1)";"Business, Management and Accounting"
68;144922;"International Journal of Physical Distribution and Logistics Management";journal;"09600035";"Emerald Group Publishing Ltd.";No;No;2,749;Q1;151;50;140;3534;1043;131;5,35;70,68;32,56;0;United Kingdom;Western Europe;"Emerald Group Publishing Ltd.";"1990-2026";"Management of Technology and Innovation (Q1); Transportation (Q1)";"Business, Management and Accounting; Social Sciences"
69;22326;"Organizational Behavior and Human Decision Processes";journal;"07495978, 10959920";"Academic Press Inc.";No;No;2,722;Q1;195;50;139;4272;555;137;2,69;85,44;37,75;10;United States;Northern America;"Academic Press Inc.";"1985-2026";"Applied Psychology (Q1); Organizational Behavior and Human Resource Management (Q1)";"Business, Management and Accounting; Psychology"
70;12396;"Journal of Strategic Information Systems";journal;"09638687";"Elsevier B.V.";No;No;2,698;Q1;120;28;71;2908;463;52;7,06;103,86;23,08;7;Netherlands;Western Europe;"Elsevier B.V.";"1991-2026";"Information Systems (Q1); Information Systems and Management (Q1); Management Information Systems (Q1)";"Business, Management and Accounting; Computer Science; Decision Sciences"
71;19696;"International Journal of Project Management";journal;"02637863";"Elsevier B.V.";No;No;2,659;Q1;200;67;339;5733;2682;327;7,64;85,57;31,79;7;United Kingdom;Western Europe;"Elsevier B.V.";"1983-2026";"Business and International Management (Q1); Management, Monitoring, Policy and Law (Q1); Management of Technology and Innovation (Q1)";"Business, Management and Accounting; Environmental Science"
72;4000148307;"Family Business Review";journal;"17416248, 08944865";"SAGE Publications Inc.";No;No;2,608;Q1;140;20;69;1647;356;49;4,44;82,35;46,51;0;United States;Northern America;"SAGE Publications Inc.";"1988-2026";"Business, Management and Accounting (miscellaneous) (Q1); Finance (Q1)";"Business, Management and Accounting; Economics, Econometrics and Finance"
73;21915;"Omega (United Kingdom)";journal;"03050483";"Elsevier B.V.";No;No;2,579;Q1;183;138;333;7044;2342;328;6,52;51,04;26,29;4;United Kingdom;Western Europe;"Elsevier B.V.";"1973-2026";"Information Systems and Management (Q1); Management Science and Operations Research (Q1); Strategy and Management (Q1)";"Business, Management and Accounting; Decision Sciences"
74;19250;"Work and Occupations";journal;"07308884, 15528464";"SAGE Publications Inc.";No;No;2,547;Q1;88;13;45;880;192;45;3,44;67,69;74,07;8;United States;Northern America;"SAGE Publications Inc.";"1974-2026";"Organizational Behavior and Human Resource Management (Q1); Sociology and Political Science (Q1)";"Business, Management and Accounting; Social Sciences"
75;27069;"Human Relations";journal;"00187267, 1741282X";"SAGE Publications Ltd";No;No;2,519;Q1;181;76;221;5955;1102;214;4,15;78,36;52,75;14;United Kingdom;Western Europe;"SAGE Publications Ltd";"1947-2026";"Arts and Humanities (miscellaneous) (Q1); Management of Technology and Innovation (Q1); Social Sciences (miscellaneous) (Q1); Strategy and Management (Q1)";"Arts and Humanities; Business, Management and Accounting; Social Sciences"
76;14130;"Research in Organizational Behavior";journal;"01913085";"Emerald Publishing";No;No;2,484;Q1;87;6;32;1196;204;32;3,80;199,33;69,23;2;United Kingdom;Western Europe;"Emerald Publishing";"2000-2004, 2006, 2008-2025";"Experimental and Cognitive Psychology (Q1); Organizational Behavior and Human Resource Management (Q1); Social Psychology (Q1)";"Business, Management and Accounting; Psychology"
77;19680;"ILR Review";journal;"00197939, 2162271X";"SAGE Publications Ltd";No;No;2,423;Q1;100;45;135;1940;427;127;3,43;43,11;38,68;38;United States;Northern America;"SAGE Publications Ltd";"1958, 1960-1961, 1965-1966, 1969, 1971-1972, 1976, 1978, 1981-1982, 1984-1985, 1987, 1996-2026";"Management of Technology and Innovation (Q1); Organizational Behavior and Human Resource Management (Q1); Strategy and Management (Q1)";"Business, Management and Accounting"
78;17557;"Journal of Money, Credit and Banking";journal;"15384616, 00222879";"Wiley-Blackwell";No;No;2,403;Q1;133;76;180;3254;420;180;1,47;42,82;22,70;50;United States;Northern America;"Wiley-Blackwell";"1996-2026";"Accounting (Q1); Economics and Econometrics (Q1); Finance (Q1)";"Business, Management and Accounting; Economics, Econometrics and Finance"
79;12303;"Information and Management";journal;"03787206";"Elsevier B.V.";No;No;2,395;Q1;214;84;240;7422;2087;237;7,87;88,36;37,71;5;Netherlands;Western Europe;"Elsevier B.V.";"1977-2026";"Information Systems (Q1); Information Systems and Management (Q1); Management Information Systems (Q1)";"Business, Management and Accounting; Computer Science; Decision Sciences"
80;19165;"International Journal of Production Economics";journal;"09255273";"Elsevier B.V.";No;No;2,379;Q1;264;295;877;17920;6211;866;6,21;60,75;28,78;31;Netherlands;Western Europe;"Elsevier B.V.";"1991-2026";"Business, Management and Accounting (miscellaneous) (Q1); Economics and Econometrics (Q1); Industrial and Manufacturing Engineering (Q1); Management Science and Operations Research (Q1)";"Business, Management and Accounting; Decision Sciences; Economics, Econometrics and Finance; Engineering"
81;3600148105;"Human Resource Management Journal";journal;"17488583, 09545395";"John Wiley and Sons Inc";No;No;2,357;Q1;107;38;109;2508;602;108;4,97;66,00;45,05;19;United States;Northern America;"John Wiley and Sons Inc";"1990-2026";"Organizational Behavior and Human Resource Management (Q1)";"Business, Management and Accounting"
82;19700201522;"Journal of Business Logistics";journal;"21581592, 07353766";"John Wiley &amp; Sons Inc.";No;No;2,344;Q1;107;22;69;1930;324;57;4,41;87,73;13,64;7;United States;Northern America;"John Wiley &amp; Sons Inc.";"2001-2026";"Business, Management and Accounting (miscellaneous) (Q1); Management Science and Operations Research (Q1)";"Business, Management and Accounting; Decision Sciences"
83;18173;"Mathematical Finance";journal;"09601627, 14679965";"Wiley-Blackwell Publishing Ltd";No;No;2,338;Q1;92;36;104;1334;276;104;2,21;37,06;17,50;1;United Kingdom;Western Europe;"Wiley-Blackwell Publishing Ltd";"1991-2026";"Accounting (Q1); Applied Mathematics (Q1); Economics and Econometrics (Q1); Finance (Q1); Social Sciences (miscellaneous) (Q1)";"Business, Management and Accounting; Economics, Econometrics and Finance; Mathematics; Social Sciences"
84;24719;"Human Resource Management Review";journal;"10534822";"Elsevier Ltd";No;No;2,322;Q1;141;42;112;4743;709;104;6,23;112,93;47,06;14;United Kingdom;Western Europe;"Elsevier Ltd";"1991-2026";"Applied Psychology (Q1); Organizational Behavior and Human Resource Management (Q1)";"Business, Management and Accounting; Psychology"
85;20909;"Transportation Research Part E: Logistics and Transportation Review";journal;"13665545";"Elsevier Ltd";No;No;2,302;Q1;170;199;467;10358;2868;458;5,78;52,05;26,79;35;United Kingdom;Western Europe;"Elsevier Ltd";"1997-2026";"Business and International Management (Q1); Civil and Structural Engineering (Q1); Management Science and Operations Research (Q1); Transportation (Q1)";"Business, Management and Accounting; Decision Sciences; Engineering; Social Sciences"
86;15074;"European Journal of Information Systems";journal;"0960085X, 14769344";"Taylor and Francis Ltd.";No;No;2,260;Q1;151;39;105;3485;593;98;4,22;89,36;24,24;0;United Kingdom;Western Europe;"Taylor and Francis Ltd.";"1995-2026";"Information Systems (Q1); Information Systems and Management (Q1); Library and Information Sciences (Q1); Management Information Systems (Q1)";"Business, Management and Accounting; Computer Science; Decision Sciences; Social Sciences"
87;30718;"Annals of Tourism Research";journal;"01607383";"Elsevier Ltd";No;No;2,228;Q1;238;157;299;9746;1806;296;5,00;62,08;39,89;32;United Kingdom;Western Europe;"Elsevier Ltd";"1973-2026";"Development (Q1); Tourism, Leisure and Hospitality Management (Q1)";"Business, Management and Accounting; Social Sciences"
88;28686;"International Journal of Hospitality Management";journal;"02784319";"Elsevier Ltd";No;No;2,217;Q1;204;262;367;19662;2773;348;7,08;75,05;38,22;27;United Kingdom;Western Europe;"Elsevier Ltd";"1982-2026";"Strategy and Management (Q1); Tourism, Leisure and Hospitality Management (Q1)";"Business, Management and Accounting"
89;12006;"Journal of Vocational Behavior";journal;"10959084, 00018791";"Academic Press Inc.";No;No;2,210;Q1;209;119;260;9734;1407;255;5,07;81,80;55,19;40;United States;Northern America;"Academic Press Inc.";"1971-2026";"Applied Psychology (Q1); Education (Q1); Life-span and Life-course Studies (Q1); Organizational Behavior and Human Resource Management (Q1)";"Business, Management and Accounting; Psychology; Social Sciences"
90;29113;"Contemporary Accounting Research";journal;"08239150, 19113846";"John Wiley and Sons Inc";No;No;2,207;Q1;141;86;213;5575;660;213;2,18;64,83;29,24;15;Canada;Northern America;"John Wiley and Sons Inc";"1984-2026";"Accounting (Q1); Economics and Econometrics (Q1); Finance (Q1)";"Business, Management and Accounting; Economics, Econometrics and Finance"
91;144742;"International Journal of Contemporary Hospitality Management";journal;"09596119";"Emerald Group Publishing Ltd.";No;No;2,203;Q1;155;229;462;16950;3283;458;6,59;74,02;39,89;0;United Kingdom;Western Europe;"Emerald Group Publishing Ltd.";"1989-2026";"Tourism, Leisure and Hospitality Management (Q1)";"Business, Management and Accounting"
92;22944;"Journal of International Marketing";journal;"15477215, 1069031X";"SAGE Publications Ltd";No;No;2,190;Q1;113;21;57;1836;331;57;4,68;87,43;38,33;0;United States;Northern America;"SAGE Publications Ltd";"1995-2026";"Business and International Management (Q1); Economics and Econometrics (Q1); Marketing (Q1)";"Business, Management and Accounting; Economics, Econometrics and Finance"
93;20039;"International Journal of Operations and Production Management";journal;"17586593, 01443577";"Emerald Group Publishing Ltd.";No;No;2,187;Q1;177;53;261;4523;1626;254;5,66;85,34;32,68;0;United Kingdom;Western Europe;"Emerald Group Publishing Ltd.";"1985, 1993-2026";"Decision Sciences (miscellaneous) (Q1); Management of Technology and Innovation (Q1); Strategy and Management (Q1)";"Business, Management and Accounting; Decision Sciences"
94;21100409642;"Global Strategy Journal";journal;"20425805";"John Wiley &amp; Sons Inc.";No;No;2,178;Q1;60;25;70;2670;292;64;4,02;106,80;31,43;4;United States;Northern America;"John Wiley &amp; Sons Inc.";"2014-2026";"Business and International Management (Q1); Strategy and Management (Q1)";"Business, Management and Accounting"
95;5600155055;"Review of Public Personnel Administration";journal;"1552759X, 0734371X";"SAGE Publications Inc.";No;No;2,151;Q1;68;27;59;1965;205;56;2,96;72,78;44,26;0;United States;Northern America;"SAGE Publications Inc.";"1980-2026";"Organizational Behavior and Human Resource Management (Q1); Public Administration (Q1)";"Business, Management and Accounting; Social Sciences"
96;15821;"Journal of Policy Analysis and Management";journal;"02768739, 15206688";"Wiley-Liss Inc.";No;No;2,117;Q1;109;61;167;2117;444;122;2,86;34,70;31,91;38;United States;Northern America;"Wiley-Liss Inc.";"1981-2026";"Business, Management and Accounting (miscellaneous) (Q1); Public Administration (Q1); Sociology and Political Science (Q1)";"Business, Management and Accounting; Social Sciences"
97;20891;"Transportation Research Part A: Policy and Practice";journal;"09658564";"Elsevier Ltd";No;No;2,109;-;199;292;749;16180;4324;733;4,99;55,41;26,90;130;United Kingdom;Western Europe;"Elsevier Ltd";"1992-2026";"Civil and Structural Engineering (Q1); Management Science and Operations Research (Q1); Transportation (Q1)";"Decision Sciences; Engineering; Social Sciences"
98;10600153348;"International Journal of Advertising";journal;"17593948, 02650487";"Taylor and Francis Ltd.";No;No;2,096;Q1;95;68;160;3947;669;145;3,98;58,04;34,01;6;United Kingdom;Western Europe;"Taylor and Francis Ltd.";"1982-2026";"Communication (Q1); Marketing (Q1)";"Business, Management and Accounting; Social Sciences"
99;22792;"Industrial Marketing Management";journal;"00198501";"Elsevier Inc.";No;No;2,084;Q1;199;167;436;14564;2602;422;5,32;87,21;34,19;18;United States;Northern America;"Elsevier Inc.";"1971-2026";"Marketing (Q1)";"Business, Management and Accounting"
100;29861;"Organization and Environment";journal;"15527417, 10860266";"SAGE Publications Inc.";No;No;2,075;Q1;91;25;65;2119;486;57;3,26;84,76;36,76;10;United States;Northern America;"SAGE Publications Inc.";"1987-2026";"Environmental Science (miscellaneous) (Q1); Organizational Behavior and Human Resource Management (Q1)";"Business, Management and Accounting; Environmental Science"
101;29011;"Journal of Risk and Uncertainty";journal;"15730476, 08955646";"Springer Netherlands";No;No;2,064;Q1;87;24;65;1037;146;65;1,87;43,21;21,54;13;Netherlands;Western Europe;"Springer Netherlands";"1988-2026";"Accounting (Q1); Economics and Econometrics (Q1); Finance (Q1)";"Business, Management and Accounting; Economics, Econometrics and Finance"
102;21203;"Long Range Planning";journal;"00246301, 18731872";"Elsevier Ltd";No;No;2,011;Q1;142;47;176;5220;1101;161;6,25;111,06;29,69;5;United Kingdom;Western Europe;"Elsevier Ltd";"1968-2026";"Finance (Q1); Geography, Planning and Development (Q1); Strategy and Management (Q1)";"Business, Management and Accounting; Economics, Econometrics and Finance; Social Sciences"
103;27365;"World Bank Economic Review";journal;"1564698X, 02586770";"Oxford University Press";No;No;1,991;Q1;111;36;110;1421;265;109;2,12;39,47;25,27;35;United Kingdom;Western Europe;"Oxford University Press";"1986-2026";"Accounting (Q1); Development (Q1); Economics and Econometrics (Q1); Finance (Q1)";"Business, Management and Accounting; Economics, Econometrics and Finance; Social Sciences"
104;12277;"Management Accounting Research";journal;"10445005, 10961224";"Academic Press";No;No;1,975;Q1;109;17;64;1233;271;60;2,82;72,53;15,38;2;United States;Northern America;"Academic Press";"1990-2026";"Accounting (Q1); Finance (Q1); Information Systems and Management (Q1)";"Business, Management and Accounting; Decision Sciences; Economics, Econometrics and Finance"
105;23859;"Journal of Business Ethics";journal;"15730697, 01674544";"Springer Netherlands";No;No;1,972;Q1;304;460;1083;39188;5608;1059;4,60;85,19;39,82;109;Netherlands;Western Europe;"Springer Netherlands";"1982-2026";"Arts and Humanities (miscellaneous) (Q1); Business and International Management (Q1); Business, Management and Accounting (miscellaneous) (Q1); Economics and Econometrics (Q1); Law (Q1)";"Arts and Humanities; Business, Management and Accounting; Economics, Econometrics and Finance; Social Sciences"
106;29104;"Small Business Economics";journal;"15730913, 0921898X";"Springer Netherlands";No;No;1,929;Q1;196;111;294;8252;1764;294;5,51;74,34;35,17;66;Netherlands;Western Europe;"Springer Netherlands";"1989-2026";"Business, Management and Accounting (miscellaneous) (Q1); Economics and Econometrics (Q1)";"Business, Management and Accounting; Economics, Econometrics and Finance"
107;28094;"Accounting, Organizations and Society";journal;"03613682";"Elsevier Ltd";No;No;1,924;Q1;170;35;122;3374;505;113;4,00;96,40;32,88;4;United Kingdom;Western Europe;"Elsevier Ltd";"1976-2026";"Accounting (Q1); Applied Psychology (Q1); Information Systems and Management (Q1); Organizational Behavior and Human Resource Management (Q1); Sociology and Political Science (Q1)";"Business, Management and Accounting; Decision Sciences; Psychology; Social Sciences"
108;21933;"Decision Support Systems";journal;"01679236";"Elsevier B.V.";No;No;1,918;Q1;203;114;338;6713;2474;334;6,67;58,89;29,97;8;Netherlands;Western Europe;"Elsevier B.V.";"1985-2026";"Arts and Humanities (miscellaneous) (Q1); Developmental and Educational Psychology (Q1); Information Systems (Q1); Information Systems and Management (Q1); Management Information Systems (Q1)";"Arts and Humanities; Business, Management and Accounting; Computer Science; Decision Sciences; Psychology"
109;19088;"Governance";journal;"09521895, 14680491";"Wiley-Blackwell Publishing Ltd";No;No;1,908;Q1;103;41;120;2585;409;102;3,13;63,05;40,23;20;United Kingdom;Western Europe;"Wiley-Blackwell Publishing Ltd";"1988-2026";"Marketing (Q1); Public Administration (Q1); Sociology and Political Science (Q1)";"Business, Management and Accounting; Social Sciences"
110;22717;"Business Ethics Quarterly";journal;"1052150X, 21533326";"Cambridge University Press";No;No;1,901;Q1;103;20;68;1350;246;61;2,57;67,50;14,71;2;United Kingdom;Western Europe;"Cambridge University Press";"1993, 1996-2026";"Business, Management and Accounting (miscellaneous) (Q1); Economics and Econometrics (Q1); Philosophy (Q1)";"Arts and Humanities; Business, Management and Accounting; Economics, Econometrics and Finance"
111;5200152701;"Academy of Management Learning and Education";journal;"1537260X";"George Washington University";No;No;1,886;Q1;106;34;107;2280;434;101;4,24;67,06;46,91;2;United States;Northern America;"George Washington University";"2003, 2005-2025";"Education (Q1); Organizational Behavior and Human Resource Management (Q1)";"Business, Management and Accounting; Social Sciences"
112;19167;"Journal of Cleaner Production";journal;"09596526, 18791786";"Elsevier Ltd";Yes;No;1,886;Q1;397;4059;8593;239855;73115;8568;8,30;59,09;34,43;815;United Kingdom;Western Europe;"Elsevier Ltd";"1993-2026";"Environmental Science (miscellaneous) (Q1); Industrial and Manufacturing Engineering (Q1); Renewable Energy, Sustainability and the Environment (Q1); Strategy and Management (Q1)";"Business, Management and Accounting; Energy; Engineering; Environmental Science"
113;20550;"Journal of Business Research";journal;"01482963";"Elsevier Inc.";No;No;1,871;Q1;322;564;1506;43336;9582;1477;5,88;76,84;37,28;91;United States;Northern America;"Elsevier Inc.";"1973-2026";"Marketing (Q1)";"Business, Management and Accounting"
114;28552;"International Small Business Journal: Researching Entrepreneurship";journal;"02662426, 17412870";"SAGE Publications Ltd";No;No;1,848;Q1;126;34;143;3419;809;143;4,54;100,56;44,55;11;United Kingdom;Western Europe;"SAGE Publications Ltd";"1982-2026";"Business and International Management (Q1)";"Business, Management and Accounting"
115;12815;"Journal of Information Technology";journal;"14664437, 02683962";"Palgrave Macmillan Ltd.";No;No;1,841;Q1;102;26;69;1732;468;65;6,28;66,62;35,90;5;United Kingdom;Western Europe;"Palgrave Macmillan Ltd.";"1987-2026";"Information Systems (Q1); Library and Information Sciences (Q1); Strategy and Management (Q1)";"Business, Management and Accounting; Computer Science; Social Sciences"
116;29745;"Information and Organization";journal;"14717727";"Elsevier Ltd";No;No;1,832;Q1;83;16;43;1523;233;42;5,67;95,19;38,46;5;United Kingdom;Western Europe;"Elsevier Ltd";"1996-1997, 2001-2026";"Information Systems (Q1); Library and Information Sciences (Q1); Management Information Systems (Q1); Management of Technology and Innovation (Q1); Organizational Behavior and Human Resource Management (Q1)";"Business, Management and Accounting; Computer Science; Social Sciences"
117;23406;"Business Strategy and the Environment";journal;"10990836, 09644733";"John Wiley and Sons Ltd";No;No;1,828;Q1;199;119;246;9228;1646;244;6,19;77,55;31,88;36;United Kingdom;Western Europe;"John Wiley and Sons Ltd";"1992-2026";"Business and International Management (Q1); Geography, Planning and Development (Q1); Management, Monitoring, Policy and Law (Q1); Strategy and Management (Q1)";"Business, Management and Accounting; Environmental Science; Social Sciences"
118;29170;"Critical Perspectives on Accounting";journal;"10452354, 10959955";"Academic Press";No;No;1,823;Q1;97;35;121;3944;372;114;3,00;112,69;41,10;7;United States;Northern America;"Academic Press";"1990-2026";"Accounting (Q1); Finance (Q1); Information Systems and Management (Q1); Sociology and Political Science (Q1)";"Business, Management and Accounting; Decision Sciences; Economics, Econometrics and Finance; Social Sciences"
119;28561;"Auditing";journal;"15587991, 02780380";"American Accounting Association";No;No;1,822;Q1;111;38;113;2717;287;108;2,07;71,50;28,57;3;United States;Northern America;"American Accounting Association";"1996-2026";"Accounting (Q1); Economics and Econometrics (Q1); Finance (Q1)";"Business, Management and Accounting; Economics, Econometrics and Finance"
120;14704;"Technological Forecasting and Social Change";journal;"00401625";"Elsevier Inc.";No;No;1,815;Q1;241;436;980;33077;6558;892;7,21;75,86;31,28;162;United States;Northern America;"Elsevier Inc.";"1970-2026";"Applied Psychology (Q1); Business and International Management (Q1); Management of Technology and Innovation (Q1)";"Business, Management and Accounting; Psychology"
121;4700152304;"European Journal of Work and Organizational Psychology";journal;"1359432X, 14640643";"Routledge";No;No;1,809;Q1;107;63;194;5352;749;190;3,44;84,95;48,95;0;United Kingdom;Western Europe;"Routledge";"2005-2026";"Applied Psychology (Q1); Organizational Behavior and Human Resource Management (Q1)";"Business, Management and Accounting; Psychology"
122;19251;"Work, Employment and Society";journal;"14698722, 09500170";"SAGE Publications Ltd";No;No;1,808;Q1;112;62;179;2850;662;171;3,61;45,97;49,06;34;United Kingdom;Western Europe;"SAGE Publications Ltd";"1987-2026";"Accounting (Q1); Economics and Econometrics (Q1); Organizational Behavior and Human Resource Management (Q1); Sociology and Political Science (Q1)";"Business, Management and Accounting; Economics, Econometrics and Finance; Social Sciences"
123;4700152638;"Review of International Organizations";journal;"1559744X, 15597431";"Springer";No;No;1,807;Q1;61;27;62;1743;192;60;3,09;64,56;42,31;21;United States;Northern America;"Springer";"2006-2026";"Economics and Econometrics (Q1); Organizational Behavior and Human Resource Management (Q1); Political Science and International Relations (Q1)";"Business, Management and Accounting; Economics, Econometrics and Finance; Social Sciences"
124;20143;"Business and Society";journal;"00076503, 15524205";"SAGE Publications Ltd";No;No;1,796;Q1;114;46;125;3935;659;121;4,71;85,54;38,68;20;United Kingdom;Western Europe;"SAGE Publications Ltd";"1960-1978, 1980-1981, 1983-2026";"Business, Management and Accounting (miscellaneous) (Q1); Social Sciences (miscellaneous) (Q1)";"Business, Management and Accounting; Social Sciences"
125;27656;"International Journal of Production Research";journal;"00207543, 1366588X";"Taylor and Francis Ltd.";No;No;1,776;Q1;217;403;1321;23583;6817;1291;5,40;58,52;26,91;22;United Kingdom;Western Europe;"Taylor and Francis Ltd.";"1961, 1963-1968, 1970-2026";"Industrial and Manufacturing Engineering (Q1); Management Science and Operations Research (Q1); Strategy and Management (Q1)";"Business, Management and Accounting; Decision Sciences; Engineering"
126;30017;"Journal of Occupational and Organizational Psychology";journal;"20448325, 09631798";"Wiley-Blackwell";No;No;1,774;Q1;152;43;104;3298;438;103;3,31;76,70;48,51;10;United States;Northern America;"Wiley-Blackwell";"1992-2026";"Applied Psychology (Q1); Organizational Behavior and Human Resource Management (Q1)";"Business, Management and Accounting; Psychology"
127;15392;"Journal of Business and Psychology";journal;"1573353X, 08893268";"Kluwer Academic/Human Sciences Press Inc.";No;No;1,765;Q1;115;51;127;4196;451;125;3,65;82,27;43,51;11;United States;Northern America;"Kluwer Academic/Human Sciences Press Inc.";"1986-2026";"Applied Psychology (Q1); Business and International Management (Q1); Business, Management and Accounting (miscellaneous) (Q1); Psychology (miscellaneous) (Q1)";"Business, Management and Accounting; Psychology"
128;19600161806;"Journal of Family Business Strategy";journal;"18778585";"Elsevier Ltd";No;No;1,762;Q1;79;34;75;2437;385;63;4,06;71,68;45,83;4;United Kingdom;Western Europe;"Elsevier Ltd";"2010-2026";"Economics and Econometrics (Q1); Strategy and Management (Q1)";"Business, Management and Accounting; Economics, Econometrics and Finance"
129;24772;"Knowledge-Based Systems";journal;"09507051";"Elsevier B.V.";No;No;1,754;Q1;206;418;1172;20385;9457;1168;7,71;48,77;27,18;11;Netherlands;Western Europe;"Elsevier B.V.";"1987-2026";"Artificial Intelligence (Q1); Information Systems and Management (Q1); Management Information Systems (Q1); Software (Q1)";"Business, Management and Accounting; Computer Science; Decision Sciences"
130;22706;"International Journal of Forecasting";journal;"01692070";"Elsevier B.V.";No;No;1,753;Q1;135;121;238;4806;1132;226;3,14;39,72;19,16;47;Netherlands;Western Europe;"Elsevier B.V.";"1985-2026";"Business and International Management (Q1)";"Business, Management and Accounting"
131;144668;"Journal of Knowledge Management";journal;"17587484, 13673270";"Emerald Publishing";No;No;1,752;Q1;161;96;238;9132;1647;233;6,39;95,13;34,93;0;United Kingdom;Western Europe;"Emerald Publishing";"1997-2026";"Management of Technology and Innovation (Q1); Strategy and Management (Q1)";"Business, Management and Accounting"
132;23013;"Industry and Innovation";journal;"13662716, 14698390";"Routledge";No;No;1,738;Q1;79;51;116;3754;524;111;4,14;73,61;28,81;23;United Kingdom;Western Europe;"Routledge";"1997-2026";"Business, Management and Accounting (miscellaneous) (Q1); Management of Technology and Innovation (Q1)";"Business, Management and Accounting"
133;22322;"Organization";journal;"13505084, 14617323";"SAGE Publications Ltd";No;No;1,731;Q1;130;49;131;3813;451;126;2,99;77,82;47,52;10;United Kingdom;Western Europe;"SAGE Publications Ltd";"1994-2026";"Business, Management and Accounting (miscellaneous) (Q1); Management of Technology and Innovation (Q1); Strategy and Management (Q1)";"Business, Management and Accounting"
134;6300153120;"Educational Management Administration and Leadership";journal;"17411440, 17411432";"SAGE Publications Ltd";No;No;1,712;Q1;73;60;177;3053;502;159;2,80;50,88;45,69;18;United Kingdom;Western Europe;"SAGE Publications Ltd";"1972-1993, 1995-1999, 2003-2026";"Education (Q1); Strategy and Management (Q1)";"Business, Management and Accounting; Social Sciences"
135;19600157901;"Journal of Service Management";journal;"17575818";"Emerald Group Publishing Ltd.";No;No;1,710;Q1;106;33;119;3125;690;113;5,63;94,70;31,86;0;United Kingdom;Western Europe;"Emerald Group Publishing Ltd.";"2009-2026";"Business, Management and Accounting (miscellaneous) (Q1); Strategy and Management (Q1); Tourism, Leisure and Hospitality Management (Q1)";"Business, Management and Accounting"
136;21100934923;"IEEE Communications Standards Magazine";journal;"24712825";"Institute of Electrical and Electronics Engineers Inc.";No;No;1,703;Q1;50;46;127;446;517;69;4,07;9,70;21,37;0;United States;Northern America;"Institute of Electrical and Electronics Engineers Inc.";"2017-2026";"Computer Networks and Communications (Q1); Law (Q1); Management of Technology and Innovation (Q1); Safety, Risk, Reliability and Quality (Q1)";"Business, Management and Accounting; Computer Science; Engineering; Social Sciences"
137;28180;"Journal of Advertising Research";journal;"00218499, 17401909";"Taylor and Francis Ltd.";No;No;1,696;Q1;107;42;135;1737;355;102;1,97;41,36;37,93;0;United Kingdom;Western Europe;"Taylor and Francis Ltd.";"1972, 1991, 1996-2025";"Communication (Q1); Marketing (Q1)";"Business, Management and Accounting; Social Sciences"
138;23644;"Supply Chain Management";journal;"13598546";"Emerald Publishing";No;No;1,676;Q1;162;50;115;4902;679;114;5,32;98,04;32,39;0;United Kingdom;Western Europe;"Emerald Publishing";"1996-2026";"Business, Management and Accounting (miscellaneous) (Q1); Strategy and Management (Q1)";"Business, Management and Accounting"
139;16800154723;"Marketing Theory";journal;"14705931, 1741301X";"SAGE Publications Ltd";No;No;1,663;Q1;89;29;95;2106;300;82;2,78;72,62;52,08;2;United Kingdom;Western Europe;"SAGE Publications Ltd";"2001-2026";"Marketing (Q1)";"Business, Management and Accounting"
140;144651;"Journal of Technology Transfer";journal;"08929912, 15737047";"Springer";No;No;1,657;Q1;115;79;210;6465;1101;209;4,65;81,84;38,71;45;United States;Northern America;"Springer";"1977-2026";"Accounting (Q1); Business and International Management (Q1); Engineering (miscellaneous) (Q1)";"Business, Management and Accounting; Engineering"
141;24718;"Human Resource Management";journal;"00904848, 1099050X";"Wiley-Liss Inc.";No;No;1,640;Q1;133;38;198;3805;643;196;2,88;100,13;49,56;10;United States;Northern America;"Wiley-Liss Inc.";"1961-2026";"Applied Psychology (Q1); Management of Technology and Innovation (Q1); Organizational Behavior and Human Resource Management (Q1); Strategy and Management (Q1)";"Business, Management and Accounting; Psychology"
142;18617;"Journal of Risk and Insurance";journal;"15396975, 00224367";"Wiley-Blackwell Publishing Ltd";No;No;1,627;Q1;78;37;121;1595;238;118;1,59;43,11;32,94;15;United Kingdom;Western Europe;"Wiley-Blackwell Publishing Ltd";"1978-1979, 1996-2026";"Accounting (Q1); Economics and Econometrics (Q1); Finance (Q1)";"Business, Management and Accounting; Economics, Econometrics and Finance"
143;19875;"Journal of Common Market Studies";journal;"14685965, 00219886";"Wiley-Blackwell Publishing Ltd";No;No;1,621;Q1;118;95;306;4678;1090;300;3,21;49,24;29,70;60;United Kingdom;Western Europe;"Wiley-Blackwell Publishing Ltd";"1962-2026";"Business and International Management (Q1); Business, Management and Accounting (miscellaneous) (Q1); Economics and Econometrics (Q1); Political Science and International Relations (Q1)";"Business, Management and Accounting; Economics, Econometrics and Finance; Social Sciences"
144;16800154721;"Journal of Hospitality and Tourism Research";journal;"10963480, 15577554";"SAGE Publications Inc.";No;No;1,618;Q1;100;62;132;3606;637;130;4,71;58,16;54,23;5;United States;Northern America;"SAGE Publications Inc.";"1976-1981, 1983-1985, 1987-2026";"Education (Q1); Tourism, Leisure and Hospitality Management (Q1)";"Business, Management and Accounting; Social Sciences"
145;16956;"Cities";journal;"02642751";"Elsevier Ltd";No;No;1,606;Q1;162;298;593;19399;3549;580;6,07;65,10;37,27;99;United Kingdom;Western Europe;"Elsevier Ltd";"1983-2026";"Development (Q1); Sociology and Political Science (Q1); Tourism, Leisure and Hospitality Management (Q1); Urban Studies (Q1)";"Business, Management and Accounting; Social Sciences"
146;17500155110;"Foundations and Trends in Entrepreneurship";journal;"15513114, 15513122";"Now Publishers Inc";No;No;1,605;Q1;42;9;16;1416;85;16;6,70;157,33;38,89;2;United States;Northern America;"Now Publishers Inc";"2005-2025";"Business and International Management (Q1); Economics and Econometrics (Q1)";"Business, Management and Accounting; Economics, Econometrics and Finance"
147;19600166404;"Innovation Policy and the Economy";book series;"15313468, 15372618";"University of Chicago Press";No;No;1,597;Q1;26;7;18;397;50;15;1,67;56,71;26,32;6;United States;Northern America;"University of Chicago Press";"2009, 2011-2020";"Economics and Econometrics (Q1); Management of Technology and Innovation (Q1); Strategy and Management (Q1)";"Business, Management and Accounting; Economics, Econometrics and Finance"
148;29412;"Group and Organization Management";journal;"15523993, 10596011";"SAGE Publications Inc.";No;No;1,567;Q1;113;34;91;3476;286;80;2,53;102,24;45,65;3;United States;Northern America;"SAGE Publications Inc.";"1976-2026";"Applied Psychology (Q1); Arts and Humanities (miscellaneous) (Q1); Organizational Behavior and Human Resource Management (Q1)";"Arts and Humanities; Business, Management and Accounting; Psychology"
149;17496;"Journal of Corporate Finance";journal;"09291199";"Elsevier B.V.";No;No;1,566;Q1;166;104;414;6784;1450;410;2,76;65,23;25,21;34;Netherlands;Western Europe;"Elsevier B.V.";"1994-2026";"Business and International Management (Q1); Economics and Econometrics (Q1); Finance (Q1); Strategy and Management (Q1)";"Business, Management and Accounting; Economics, Econometrics and Finance"
150;28581;"Journal of Small Business Management";journal;"00472778, 1540627X";"Taylor and Francis Ltd.";No;No;1,561;Q1;148;114;166;10303;822;164;4,16;90,38;39,52;37;United Kingdom;Western Europe;"Taylor and Francis Ltd.";"1996-2026";"Business, Management and Accounting (miscellaneous) (Q1); Management of Technology and Innovation (Q1); Strategy and Management (Q1)";"Business, Management and Accounting"
151;20633;"Journal of International Management";journal;"10754253";"Elsevier Inc.";No;No;1,549;Q1;96;35;81;3637;365;81;4,48;103,91;33,33;2;United States;Northern America;"Elsevier Inc.";"1998-2026";"Business and International Management (Q1); Finance (Q1); Strategy and Management (Q1)";"Business, Management and Accounting; Economics, Econometrics and Finance"
152;20842;"British Journal of Management";journal;"10453172, 14678551";"Wiley-Blackwell Publishing Ltd";No;No;1,522;Q1;149;53;139;4570;542;135;3,45;86,23;29,94;8;United Kingdom;Western Europe;"Wiley-Blackwell Publishing Ltd";"1990-2026";"Business, Management and Accounting (miscellaneous) (Q1); Management of Technology and Innovation (Q1); Strategy and Management (Q1)";"Business, Management and Accounting"
153;19700183600;"Journal of Hospitality Marketing and Management";journal;"19368631, 19368623";"Routledge";No;No;1,517;Q1;95;44;138;4100;714;134;5,03;93,18;34,45;3;United States;Northern America;"Routledge";"2009-2026";"Management Information Systems (Q1); Marketing (Q1); Tourism, Leisure and Hospitality Management (Q1)";"Business, Management and Accounting"
154;21100803368;"Proceedings of the Annual ACM-SIAM Symposium on Discrete Algorithms";conference and proceedings;"-";"";No;No;1,517;-;27;0;94;0;308;92;3,28;0,00;0,00;0;United States;Northern America;"";"";"Engineering (miscellaneous); Information Systems and Management; Management of Technology and Innovation; Management Science and Operations Research; Medicine (miscellaneous)";"Business, Management and Accounting; Decision Sciences; Engineering; Medicine"
155;11700154366;"Journal of Leadership and Organizational Studies";journal;"19397089, 15480518";"SAGE Publications Inc.";No;No;1,504;Q1;74;36;100;2785;274;99;2,48;77,36;48,57;8;United States;Northern America;"SAGE Publications Inc.";"1996-1999, 2003, 2008-2026";"Business and International Management (Q1); Management Science and Operations Research (Q1); Organizational Behavior and Human Resource Management (Q1); Sociology and Political Science (Q1); Strategy and Management (Q1)";"Business, Management and Accounting; Decision Sciences; Social Sciences"
156;21100369735;"Journal of Business Venturing Insights";journal;"23526734";"Elsevier Inc.";No;No;1,489;Q1;53;43;79;2210;256;78;2,74;51,40;20,62;9;United States;Northern America;"Elsevier Inc.";"2014-2026";"Business and International Management (Q1); Management of Technology and Innovation (Q1)";"Business, Management and Accounting"
157;14812;"Journal of Travel and Tourism Marketing";journal;"10548408, 15407306";"Routledge";No;No;1,487;Q1;118;76;262;5909;1193;260;4,59;77,75;39,90;10;United States;Northern America;"Routledge";"1992-2025";"Marketing (Q1); Tourism, Leisure and Hospitality Management (Q1)";"Business, Management and Accounting"
158;23865;"Journal of Economic Behavior and Organization";journal;"01672681";"Elsevier B.V.";No;No;1,482;Q1;153;324;697;15602;1404;693;1,72;48,15;26,58;151;Netherlands;Western Europe;"Elsevier B.V.";"1980-2026";"Economics and Econometrics (Q1); Organizational Behavior and Human Resource Management (Q1)";"Business, Management and Accounting; Economics, Econometrics and Finance"
159;22972;"Journal of Purchasing and Supply Management";journal;"14784092";"Elsevier Ltd";No;No;1,473;Q1;109;56;90;4825;437;85;4,91;86,16;30,67;13;United Kingdom;Western Europe;"Elsevier Ltd";"2003-2026";"Marketing (Q1); Strategy and Management (Q1)";"Business, Management and Accounting"
160;22009;"Corporate Governance: An International Review";journal;"09648410, 14678683";"Emerald Group Publishing Ltd.";No;No;1,471;Q1;120;27;100;2231;372;83;2,35;82,63;36,07;4;United Kingdom;Western Europe;"Emerald Group Publishing Ltd.";"1993-2026";"Business, Management and Accounting (miscellaneous) (Q1); Management of Technology and Innovation (Q1); Strategy and Management (Q1)";"Business, Management and Accounting"
161;19900193252;"Journal of the American Taxation Association";journal;"15588017, 01989073";"American Accounting Association";No;No;1,468;Q1;36;12;34;575;65;32;2,21;47,92;37,93;2;United States;Northern America;"American Accounting Association";"1999, 2001, 2003-2004, 2007, 2009-2025";"Accounting (Q1); Finance (Q1)";"Business, Management and Accounting; Economics, Econometrics and Finance"
162;24389;"Journal of Industrial Economics";journal;"14676451, 00221821";"Wiley-Blackwell Publishing Ltd";No;No;1,465;Q1;92;17;87;687;86;86;0,86;40,41;27,27;9;United Kingdom;Western Europe;"Wiley-Blackwell Publishing Ltd";"1978-1989, 1996-2026";"Accounting (Q1); Business, Management and Accounting (miscellaneous) (Q1); Economics and Econometrics (Q1)";"Business, Management and Accounting; Economics, Econometrics and Finance"
163;21100780414;"Modern Problems of Radio Engineering, Telecommunications and Computer Science, Proceedings of the 13th International Conference on TCSET 2016";conference and proceedings;"-";"";No;No;1,464;-;1;0;1;0;6;1;0,00;0,00;0,00;0;United States;Northern America;"";"";"Business, Management and Accounting (miscellaneous); Computer Networks and Communications; Computer Science Applications; Control and Optimization; Control and Systems Engineering; Electrical and Electronic Engineering; Social Sciences (miscellaneous)";"Business, Management and Accounting; Computer Science; Engineering; Mathematics; Social Sciences"
164;130105;"Accounting, Auditing and Accountability Journal";journal;"09513574, 20513151";"Emerald Group Publishing Ltd.";No;No;1,459;Q1;136;101;230;8715;920;213;3,57;86,29;42,93;0;United Kingdom;Western Europe;"Emerald Group Publishing Ltd.";"1988-2025";"Accounting (Q1); Economics, Econometrics and Finance (miscellaneous) (Q1)";"Business, Management and Accounting; Economics, Econometrics and Finance"
165;21100781509;"Journal of Public Policy and Marketing";journal;"07439156, 15477207";"SAGE Publications Ltd";No;No;1,457;Q1;98;32;73;2344;292;68;2,47;73,25;39,74;14;United States;Northern America;"SAGE Publications Ltd";"1984, 1992-1993, 1995-2026";"Business and International Management (Q1); Economics and Econometrics (Q1); Marketing (Q1)";"Business, Management and Accounting; Economics, Econometrics and Finance"
166;23665;"International Business Review";journal;"09695931";"Elsevier Ltd";No;No;1,453;Q1;142;89;307;9345;1516;303;4,69;105,00;35,25;20;United Kingdom;Western Europe;"Elsevier Ltd";"1993-2026";"Business and International Management (Q1); Finance (Q1); Marketing (Q1)";"Business, Management and Accounting; Economics, Econometrics and Finance"
167;21100198497;"Quality Technology and Quantitative Management";journal;"16843703";"Taylor and Francis Ltd.";No;No;1,421;Q1;33;44;105;1240;230;103;2,44;28,18;24,77;0;United Kingdom;Western Europe;"Taylor and Francis Ltd.";"2011-2026";"Business and International Management (Q1); Industrial Relations (Q1); Information Systems and Management (Q1); Management of Technology and Innovation (Q1); Management Science and Operations Research (Q1)";"Business, Management and Accounting; Decision Sciences"
168;21100228536;"Journal of Destination Marketing and Management";journal;"2212571X";"Elsevier Ltd";No;No;1,416;Q1;100;69;201;5426;1109;199;5,44;78,64;43,75;13;United Kingdom;Western Europe;"Elsevier Ltd";"2012-2026";"Business and International Management (Q1); Marketing (Q1); Strategy and Management (Q1); Tourism, Leisure and Hospitality Management (Q1)";"Business, Management and Accounting"
169;21100317418;"International Journal of Precision Engineering and Manufacturing - Green Technology";journal;"21980810, 22886206";"Springer Science + Business Media";No;No;1,412;Q1;65;77;169;3424;961;166;4,83;44,47;23,30;3;United States;Northern America;"Springer Science + Business Media";"2014-2026";"Industrial and Manufacturing Engineering (Q1); Management of Technology and Innovation (Q1); Materials Science (miscellaneous) (Q1); Mechanical Engineering (Q1); Renewable Energy, Sustainability and the Environment (Q1)";"Business, Management and Accounting; Energy; Engineering; Materials Science"
170;23687;"Marketing Letters";journal;"1573059X, 09230645";"Springer New York";No;No;1,406;Q1;94;26;144;706;332;143;1,50;27,15;38,27;4;United States;Northern America;"Springer New York";"1989-2026";"Business and International Management (Q1); Economics and Econometrics (Q1); Marketing (Q1)";"Business, Management and Accounting; Economics, Econometrics and Finance"
171;28324;"Current Issues in Tourism";journal;"17477603, 13683500";"Routledge";No;No;1,404;Q1;135;163;319;10130;1496;260;4,55;62,15;40,56;30;United Kingdom;Western Europe;"Routledge";"1998-2026";"Geography, Planning and Development (Q1); Tourism, Leisure and Hospitality Management (Q1)";"Business, Management and Accounting; Social Sciences"
172;20209;"Business Horizons";journal;"00076813";"Elsevier Ltd";No;No;1,402;Q1;141;81;260;2531;1440;213;5,12;31,25;34,62;20;United Kingdom;Western Europe;"Elsevier Ltd";"1957-2026";"Business and International Management (Q1); Marketing (Q1)";"Business, Management and Accounting"
173;19295;"Gender, Work and Organization";journal;"14680432, 09686673";"Wiley-Blackwell Publishing Ltd";No;No;1,400;Q1;108;110;125;6747;478;118;3,12;61,34;85,00;31;United Kingdom;Western Europe;"Wiley-Blackwell Publishing Ltd";"1994-2026";"Gender Studies (Q1); Organizational Behavior and Human Resource Management (Q1)";"Business, Management and Accounting; Social Sciences"
174;18658;"Production Planning and Control";journal;"09537287, 13665871";"Taylor and Francis Ltd.";No;No;1,394;Q1;121;94;297;6794;1447;289;4,44;72,28;25,86;3;United Kingdom;Western Europe;"Taylor and Francis Ltd.";"1990-2026";"Computer Science Applications (Q1); Industrial and Manufacturing Engineering (Q1); Management Science and Operations Research (Q1); Strategy and Management (Q1)";"Business, Management and Accounting; Computer Science; Decision Sciences; Engineering"
175;19170;"Industrial Management and Data Systems";journal;"02635577";"Emerald Group Publishing Ltd.";No;No;1,390;Q1;141;100;314;6095;1940;309;4,47;60,95;29,94;0;United Kingdom;Western Europe;"Emerald Group Publishing Ltd.";"1980-2026";"Computer Science Applications (Q1); Industrial and Manufacturing Engineering (Q1); Industrial Relations (Q1); Management Information Systems (Q1); Strategy and Management (Q1)";"Business, Management and Accounting; Computer Science; Engineering"
176;12100156754;"Sport Management Review";journal;"14413523";"Taylor and Francis Ltd.";No;No;1,390;Q1;93;53;134;4064;565;132;4,11;76,68;45,83;15;United Kingdom;Western Europe;"Taylor and Francis Ltd.";"1998-2026";"Business and International Management (Q1); Management Science and Operations Research (Q1); Marketing (Q1); Organizational Behavior and Human Resource Management (Q1); Sports Science (Q1); Strategy and Management (Q1); Tourism, Leisure and Hospitality Management (Q1)";"Business, Management and Accounting; Decision Sciences; Health Professions"
177;20662;"Entrepreneurship and Regional Development";journal;"14645114, 08985626";"Routledge";No;No;1,368;Q1;125;52;129;4304;528;119;3,34;82,77;40,00;24;United Kingdom;Western Europe;"Routledge";"1989-2026";"Business and International Management (Q1); Economics and Econometrics (Q1)";"Business, Management and Accounting; Economics, Econometrics and Finance"
178;16922;"Labour Economics";journal;"09275371";"Elsevier B.V.";No;No;1,368;Q1;103;80;267;3660;454;263;1,48;45,75;33,53;71;Netherlands;Western Europe;"Elsevier B.V.";"1993-2026";"Economics and Econometrics (Q1); Organizational Behavior and Human Resource Management (Q1)";"Business, Management and Accounting; Economics, Econometrics and Finance"
179;21100286906;"Eurasian Mining";journal;"24140120, 20720823";"Ore and Metals Publishing house";No;No;1,347;Q1;21;28;69;543;182;69;2,96;19,39;39,68;0;Russian Federation;Eastern Europe;"Ore and Metals Publishing house";"2013-2025";"Business and International Management (Q1); Economic Geology (Q1); Geotechnical Engineering and Engineering Geology (Q1); Industrial and Manufacturing Engineering (Q1); Management of Technology and Innovation (Q1)";"Business, Management and Accounting; Earth and Planetary Sciences; Engineering"
180;14014;"Psychology and Marketing";journal;"07426046, 15206793";"Wiley-Liss Inc.";No;No;1,347;Q1;166;85;245;5632;787;244;3,01;66,26;42,31;5;United States;Northern America;"Wiley-Liss Inc.";"1984-2026";"Applied Psychology (Q1); Marketing (Q1)";"Business, Management and Accounting; Psychology"
181;21078;"Journal of Sport Management";journal;"1543270X, 08884773";"Human Kinetics Publishers Inc.";No;No;1,340;Q1;96;39;135;2415;417;129;2,45;61,92;30,53;0;United States;Northern America;"Human Kinetics Publishers Inc.";"1987, 1989, 1995-2026";"Decision Sciences (miscellaneous) (Q1); Organizational Behavior and Human Resource Management (Q1); Orthopedics and Sports Medicine (Q1); Physical Therapy, Sports Therapy and Rehabilitation (Q1); Sports Science (Q1)";"Business, Management and Accounting; Decision Sciences; Health Professions; Medicine"
182;22992;"Journal of Retailing and Consumer Services";journal;"09696989";"Elsevier Ltd";No;No;1,338;Q1;190;211;506;15263;2937;503;5,42;72,34;38,92;17;United Kingdom;Western Europe;"Elsevier Ltd";"1994-2026";"Marketing (Q1)";"Business, Management and Accounting"
183;14811;"Journal of Sustainable Tourism";journal;"09669582, 17477646";"Taylor and Francis Ltd.";No;No;1,333;Q1;168;104;324;8425;1490;314;4,43;81,01;45,49;36;United Kingdom;Western Europe;"Taylor and Francis Ltd.";"1993-2026";"Geography, Planning and Development (Q1); Tourism, Leisure and Hospitality Management (Q1)";"Business, Management and Accounting; Social Sciences"
184;21926;"Decision Sciences";journal;"00117315, 15405915";"Wiley-Blackwell Publishing Ltd";No;No;1,329;Q1;134;39;114;2789;308;110;2,25;71,51;26,05;2;United Kingdom;Western Europe;"Wiley-Blackwell Publishing Ltd";"1970-2026";"Business, Management and Accounting (miscellaneous) (Q1); Information Systems and Management (Q1); Management of Technology and Innovation (Q1); Strategy and Management (Q1)";"Business, Management and Accounting; Decision Sciences"
185;20639;"Journal of Management Inquiry";journal;"15526542, 10564926";"SAGE Publications Inc.";No;No;1,324;Q1;85;54;125;2358;278;119;1,98;43,67;33,59;4;United States;Northern America;"SAGE Publications Inc.";"1992-2026";"Business, Management and Accounting (miscellaneous) (Q1); Management of Technology and Innovation (Q1); Strategy and Management (Q1)";"Business, Management and Accounting"
186;18291;"Socio-Economic Planning Sciences";journal;"00380121";"Elsevier Ltd";No;No;1,318;Q1;83;71;96;4147;407;91;4,61;58,41;35,11;16;United Kingdom;Western Europe;"Elsevier Ltd";"1967-2026";"Economics and Econometrics (Q1); Geography, Planning and Development (Q1); Management Science and Operations Research (Q1); Statistics, Probability and Uncertainty (Q1); Strategy and Management (Q1)";"Business, Management and Accounting; Decision Sciences; Economics, Econometrics and Finance; Social Sciences"
187;14453;"Emerging Markets Review";journal;"18736173, 15660141";"Elsevier B.V.";No;No;1,317;Q1;83;60;143;3756;550;143;3,57;62,60;25,00;11;Netherlands;Western Europe;"Elsevier B.V.";"2000-2026";"Business and International Management (Q1); Economics and Econometrics (Q1)";"Business, Management and Accounting; Economics, Econometrics and Finance"
188;20537;"Journal of Behavioral Decision Making";journal;"08943257, 10990771";"John Wiley and Sons Ltd";No;No;1,315;Q1;99;44;188;2618;458;187;1,86;59,50;38,13;7;United Kingdom;Western Europe;"John Wiley and Sons Ltd";"1988-2026";"Applied Psychology (Q1); Arts and Humanities (miscellaneous) (Q1); Decision Sciences (miscellaneous) (Q1); Sociology and Political Science (Q1); Strategy and Management (Q1)";"Arts and Humanities; Business, Management and Accounting; Decision Sciences; Psychology; Social Sciences"
189;22491;"European Management Journal";journal;"02632373";"Elsevier Ltd";No;No;1,308;Q1;141;69;207;5811;930;200;3,16;84,22;42,86;15;United Kingdom;Western Europe;"Elsevier Ltd";"1982-2026";"Strategy and Management (Q1)";"Business, Management and Accounting"
190;4000152126;"Research in the Sociology of Organizations";book series;"0733558X";"Emerald Group Publishing Ltd.";No;No;1,307;Q1;55;123;182;7588;252;144;1,17;61,69;0,00;0;United Kingdom;Western Europe;"Emerald Group Publishing Ltd.";"2000-2007, 2009-2026";"Organizational Behavior and Human Resource Management (Q1); Social Sciences (miscellaneous) (Q1); Sociology and Political Science (Q1)";"Business, Management and Accounting; Social Sciences"
191;16051;"American Review of Public Administration";journal;"15523357, 02750740";"SAGE Publications Inc.";No;No;1,304;Q1;90;64;153;4732;472;152;2,75;73,94;41,38;22;United States;Northern America;"SAGE Publications Inc.";"1967-1983, 1987-2026";"Marketing (Q1); Public Administration (Q1); Sociology and Political Science (Q1)";"Business, Management and Accounting; Social Sciences"
192;21100869398;"Work, Aging and Retirement";journal;"20544650";"Oxford University Press";No;No;1,303;Q1;45;23;84;1859;335;84;2,95;80,83;51,79;8;United States;Northern America;"Oxford University Press";"2015-2026";"Economics, Econometrics and Finance (miscellaneous) (Q1); Geriatrics and Gerontology (Q1); Industrial Relations (Q1); Life-span and Life-course Studies (Q1); Organizational Behavior and Human Resource Management (Q1); Sociology and Political Science (Q1)";"Business, Management and Accounting; Economics, Econometrics and Finance; Medicine; Social Sciences"
193;145211;"Asia Pacific Journal of Management";journal;"02174561, 15729958";"Springer";No;No;1,302;Q1;105;46;121;4074;428;116;2,90;88,57;26,36;1;United States;Northern America;"Springer";"1983-2026";"Business and International Management (Q1); Economics, Econometrics and Finance (miscellaneous) (Q1); Strategy and Management (Q1)";"Business, Management and Accounting; Economics, Econometrics and Finance"
194;27677;"Journal of Manufacturing Processes";journal;"15266125";"Elsevier B.V.";No;No;1,294;Q1;124;479;814;16224;4081;810;4,90;33,87;21,47;1;Netherlands;Western Europe;"Elsevier B.V.";"1999-2026";"Industrial and Manufacturing Engineering (Q1); Management Science and Operations Research (Q1); Strategy and Management (Q1)";"Business, Management and Accounting; Decision Sciences; Engineering"
195;19700182654;"Project Management Journal";journal;"19389507, 87569728";"SAGE Publications Inc.";No;No;1,293;Q1;72;53;155;3362;510;140;2,84;63,43;28,03;7;United States;Northern America;"SAGE Publications Inc.";"1986, 2000, 2009-2026";"Business and International Management (Q1); Management of Technology and Innovation (Q1); Strategy and Management (Q1)";"Business, Management and Accounting"
196;15806;"International Public Management Journal";journal;"15593169, 10967494";"Routledge";No;No;1,272;Q1;63;31;84;2174;190;79;1,76;70,13;33,87;9;United Kingdom;Western Europe;"Routledge";"1998-2026";"Business and International Management (Q1); Public Administration (Q1)";"Business, Management and Accounting; Social Sciences"
197;24840;"International Journal of Human Resource Management";journal;"09585192, 14664399";"Routledge";No;No;1,263;Q1;158;127;392;10190;1350;371;2,84;80,24;42,45;17;United Kingdom;Western Europe;"Routledge";"1990-2026";"Management of Technology and Innovation (Q1); Organizational Behavior and Human Resource Management (Q1); Strategy and Management (Q1)";"Business, Management and Accounting"
198;16242;"Journal of Law, Economics, and Organization";journal;"14657341, 87566222";"Oxford University Press";No;No;1,257;Q1;84;20;64;991;80;64;1,15;49,55;20,45;10;United Kingdom;Western Europe;"Oxford University Press";"1985-2026";"Economics and Econometrics (Q1); Law (Q1); Organizational Behavior and Human Resource Management (Q1)";"Business, Management and Accounting; Economics, Econometrics and Finance; Social Sciences"
199;12512;"Journal of Management in Engineering";journal;"19435479, 0742597X";"American Society of Civil Engineers (ASCE)";No;No;1,255;Q1;112;60;277;4127;1059;274;3,58;68,78;28,49;0;United States;Northern America;"American Society of Civil Engineers (ASCE)";"1985-2026";"Engineering (miscellaneous) (Q1); Industrial Relations (Q1); Management Science and Operations Research (Q1); Strategy and Management (Q1)";"Business, Management and Accounting; Decision Sciences; Engineering"
200;22839;"International Marketing Review";journal;"02651335";"Emerald Group Publishing Ltd.";No;No;1,249;Q1;117;54;127;4109;561;124;3,02;76,09;35,83;0;United Kingdom;Western Europe;"Emerald Group Publishing Ltd.";"1983-2026";"Business and International Management (Q1); Economics and Econometrics (Q1); Marketing (Q1)";"Business, Management and Accounting; Economics, Econometrics and Finance"
201;22486;"R and D Management";journal;"14679310, 00336807";"Wiley-Blackwell Publishing Ltd";No;No;1,249;Q1;127;52;170;3741;639;169;3,34;71,94;26,21;8;United Kingdom;Western Europe;"Wiley-Blackwell Publishing Ltd";"1970-2026";"Business and International Management (Q1); Business, Management and Accounting (miscellaneous) (Q1); Management of Technology and Innovation (Q1); Strategy and Management (Q1)";"Business, Management and Accounting"
202;144981;"Quantitative Marketing and Economics";journal;"15707156, 1573711X";"Kluwer Academic Publishers";No;No;1,246;Q1;41;12;36;407;32;34;0,92;33,92;6,90;4;Netherlands;Western Europe;"Kluwer Academic Publishers";"2005-2026";"Economics, Econometrics and Finance (miscellaneous) (Q1); Marketing (Q1)";"Business, Management and Accounting; Economics, Econometrics and Finance"
203;15057;"Electronic Commerce Research and Applications";journal;"15674223";"Elsevier B.V.";No;No;1,243;Q1;116;69;178;4882;1025;175;5,44;70,75;35,55;4;Netherlands;Western Europe;"Elsevier B.V.";"2002-2026";"Computer Networks and Communications (Q1); Computer Science Applications (Q1); Management of Technology and Innovation (Q1); Marketing (Q1)";"Business, Management and Accounting; Computer Science"
204;15700154705;"Operations Management Research";journal;"19369743, 19369735";"Springer New York";No;No;1,231;Q1;57;11;30;669;176;28;2,89;60,82;32,00;2;United States;Northern America;"Springer New York";"2008-2026";"Industrial and Manufacturing Engineering (Q1); Management of Technology and Innovation (Q1); Management Science and Operations Research (Q1); Strategy and Management (Q1)";"Business, Management and Accounting; Decision Sciences; Engineering"
205;74502;"Financial Management";journal;"1755053X, 00463892";"John Wiley and Sons Inc";No;No;1,226;Q1;88;34;98;1663;180;98;1,43;48,91;24,05;13;United States;Northern America;"John Wiley and Sons Inc";"1996-2026";"Accounting (Q1); Economics and Econometrics (Q1); Finance (Q1)";"Business, Management and Accounting; Economics, Econometrics and Finance"
206;27471;"Applied Geography";journal;"01436228";"Elsevier B.V.";No;No;1,223;Q1;143;119;524;7598;2318;522;4,06;63,85;29,53;38;Netherlands;Western Europe;"Elsevier B.V.";"1981-2026";"Environmental Science (miscellaneous) (Q1); Forestry (Q1); Geography, Planning and Development (Q1); Tourism, Leisure and Hospitality Management (Q1)";"Agricultural and Biological Sciences; Business, Management and Accounting; Environmental Science; Social Sciences"
207;20002;"Economic Inquiry";journal;"00952583, 14657295";"Wiley-Blackwell Publishing Ltd";No;No;1,221;Q1;93;114;339;4793;549;336;1,34;42,04;18,65;59;United Kingdom;Western Europe;"Wiley-Blackwell Publishing Ltd";"1962-2026";"Business, Management and Accounting (miscellaneous) (Q1); Economics and Econometrics (Q1)";"Business, Management and Accounting; Economics, Econometrics and Finance"
208;5700161512;"Journal of Consumer Culture";journal;"14695405, 17412900";"SAGE Publications Ltd";No;No;1,211;Q1;75;28;120;1659;351;120;2,88;59,25;51,16;4;United Kingdom;Western Europe;"SAGE Publications Ltd";"2001-2026";"Arts and Humanities (miscellaneous) (Q1); Business and International Management (Q1); Economics and Econometrics (Q1); Marketing (Q1); Social Psychology (Q1); Sociology and Political Science (Q1)";"Arts and Humanities; Business, Management and Accounting; Economics, Econometrics and Finance; Psychology; Social Sciences"
209;20532;"Journal of Air Transport Management";journal;"09696997";"Elsevier Ltd";No;No;1,210;Q1;107;88;408;4313;1500;401;3,64;49,01;31,22;16;United Kingdom;Western Europe;"Elsevier Ltd";"1994-1995, 1997-2026";"Law (Q1); Management, Monitoring, Policy and Law (Q1); Strategy and Management (Q1); Transportation (Q1)";"Business, Management and Accounting; Environmental Science; Social Sciences"
210;21100202157;"Tourism Management Perspectives";journal;"22119736";"Elsevier B.V.";No;No;1,186;Q1;104;105;262;8380;1277;259;4,44;79,81;39,22;13;Netherlands;Western Europe;"Elsevier B.V.";"2012-2026";"Tourism, Leisure and Hospitality Management (Q1)";"Business, Management and Accounting"
211;144669;"Journal of Intellectual Capital";journal;"17587468, 14691930";"Emerald Publishing";No;No;1,184;Q1;124;37;127;3064;801;122;5,87;82,81;40,43;0;United Kingdom;Western Europe;"Emerald Publishing";"2000-2026";"Business, Management and Accounting (miscellaneous) (Q1); Education (Q1)";"Business, Management and Accounting; Social Sciences"
212;6400153171;"ASTIN Bulletin";journal;"05150361, 17831350";"Cambridge University Press";No;No;1,182;Q1;53;32;94;888;124;93;1,26;27,75;28,99;1;United Kingdom;Western Europe;"Cambridge University Press";"1958-1969, 1971-1975, 1977-1982, 1984-2026";"Accounting (Q1); Economics and Econometrics (Q1); Finance (Q1)";"Business, Management and Accounting; Economics, Econometrics and Finance"
213;18644;"Journal of Manufacturing Technology Management";journal;"1741038X";"Emerald Group Publishing Ltd.";No;No;1,173;Q1;108;61;159;4388;773;157;4,49;71,93;29,45;0;United Kingdom;Western Europe;"Emerald Group Publishing Ltd.";"2004-2026";"Computer Science Applications (Q1); Control and Systems Engineering (Q1); Industrial and Manufacturing Engineering (Q1); Software (Q1); Strategy and Management (Q1)";"Business, Management and Accounting; Computer Science; Engineering"
214;21100856538;"Entrepreneurship and Sustainability Issues (discontinued)";journal;"23450282";"Entrepreneurship and Sustainability Center";Yes;No;1,171;Q1;46;196;168;7807;1052;168;6,26;39,83;56,27;9;Lithuania;Eastern Europe;"Entrepreneurship and Sustainability Center";"2017-2020";"Business and International Management (Q1); Economics, Econometrics and Finance (miscellaneous) (Q1); Management, Monitoring, Policy and Law (Q1); Management of Technology and Innovation (Q1)";"Business, Management and Accounting; Economics, Econometrics and Finance; Environmental Science"
215;5000158708;"Accounting Horizons";journal;"08887993, 15587975";"American Accounting Association";No;No;1,170;Q1;98;35;98;1849;180;92;1,57;52,83;30,95;2;United States;Northern America;"American Accounting Association";"1996-2025";"Accounting (Q1)";"Business, Management and Accounting"
216;4700152631;"International Entrepreneurship and Management Journal";journal;"15547191, 15551938";"Springer";No;No;1,164;Q1;97;64;163;5396;789;159;4,48;84,31;39,66;16;United States;Northern America;"Springer";"2006-2026";"Management Information Systems (Q1); Management of Technology and Innovation (Q1)";"Business, Management and Accounting"
217;17743;"British Journal of Industrial Relations";journal;"14678543, 00071080";"Wiley-Blackwell Publishing Ltd";No;No;1,159;Q1;85;31;96;1592;225;91;2,05;51,35;31,75;23;United Kingdom;Western Europe;"Wiley-Blackwell Publishing Ltd";"1963, 1965, 1967-1968, 1970-2026";"Business, Management and Accounting (miscellaneous) (Q1); Management of Technology and Innovation (Q1); Organizational Behavior and Human Resource Management (Q1)";"Business, Management and Accounting"
218;29139;"Public Relations Review";journal;"03638111";"Elsevier B.V.";No;No;1,159;Q1;118;93;308;6494;1023;304;3,41;69,83;55,00;12;Netherlands;Western Europe;"Elsevier B.V.";"1975-2026";"Communication (Q1); Marketing (Q1); Organizational Behavior and Human Resource Management (Q1)";"Business, Management and Accounting; Social Sciences"
219;19700187623;"Journal of Marketing Management";journal;"0267257X, 14721376";"Taylor and Francis Ltd.";No;No;1,156;Q1;105;71;236;6232;771;174;2,08;87,77;48,08;0;United Kingdom;Western Europe;"Taylor and Francis Ltd.";"1985-1997, 2001, 2006, 2008-2026";"Marketing (Q1); Strategy and Management (Q1)";"Business, Management and Accounting"
220;24900;"Real Estate Economics";journal;"15406229, 10808620";"Wiley-Blackwell Publishing Ltd";No;No;1,150;Q1;76;31;80;1202;113;80;1,43;38,77;18,57;14;United Kingdom;Western Europe;"Wiley-Blackwell Publishing Ltd";"1973-2026";"Accounting (Q1); Economics and Econometrics (Q1); Finance (Q1)";"Business, Management and Accounting; Economics, Econometrics and Finance"
221;20193;"Business Ethics";journal;"09628770, 14678608";"John Wiley and Sons Inc";No;No;1,146;Q1;0;0;0;0;0;0;0,00;0,00;0,00;0;United Kingdom;Western Europe;"John Wiley and Sons Inc";"1992-1995, 1997, 1999, 2001, 2008, 2010-2021";"Business and International Management (Q1); Economics and Econometrics (Q1)";"Business, Management and Accounting; Economics, Econometrics and Finance"
222;17627;"New Technology, Work and Employment";journal;"02681072, 1468005X";"Wiley-Blackwell Publishing Ltd";No;No;1,141;Q1;72;22;50;1094;215;48;3,97;49,73;44,00;10;United Kingdom;Western Europe;"Wiley-Blackwell Publishing Ltd";"1986-2026";"Human Factors and Ergonomics (Q1); Management of Technology and Innovation (Q1); Strategy and Management (Q1)";"Business, Management and Accounting; Social Sciences"
223;21255;"Feminist Economics";journal;"14664372, 13545701";"Routledge";No;No;1,126;Q1;80;34;97;1977;249;93;1,60;58,15;70,24;23;United Kingdom;Western Europe;"Routledge";"1995-2026";"Arts and Humanities (miscellaneous) (Q1); Business, Management and Accounting (miscellaneous) (Q1); Economics and Econometrics (Q1); Gender Studies (Q1)";"Arts and Humanities; Business, Management and Accounting; Economics, Econometrics and Finance; Social Sciences"
224;29849;"Journal of Accounting and Public Policy";journal;"18732070, 02784254";"Elsevier Inc.";No;No;1,125;Q1;104;24;85;1495;284;84;2,86;62,29;30,77;6;United States;Northern America;"Elsevier Inc.";"1982-2026";"Accounting (Q1); Sociology and Political Science (Q1)";"Business, Management and Accounting; Social Sciences"
225;4100151526;"Advances in Strategic Management";book series;"07423322";"Emerald Group Publishing Ltd.";No;No;1,122;Q1;41;0;100;0;67;54;0,65;0,00;0,00;0;United Kingdom;Western Europe;"Emerald Group Publishing Ltd.";"2000-2018, 2020, 2023, 2025-2026";"Economics, Econometrics and Finance (miscellaneous) (Q1); Strategy and Management (Q1)";"Business, Management and Accounting; Economics, Econometrics and Finance"
226;28945;"Industrial and Corporate Change";journal;"14643650, 09606491";"Oxford University Press";No;No;1,120;-;137;77;163;4950;391;163;2,14;64,29;30,29;36;United Kingdom;Western Europe;"Oxford University Press";"1992-2026";"Economics and Econometrics (Q1)";"Economics, Econometrics and Finance"
227;15398;"Journal of Career Assessment";journal;"10690727, 15524590";"SAGE Publications Inc.";No;No;1,119;Q1;87;44;137;2657;400;136;2,89;60,39;49,22;8;United States;Northern America;"SAGE Publications Inc.";"1993-2026";"Applied Psychology (Q1); Organizational Behavior and Human Resource Management (Q1); Psychology (miscellaneous) (Q1)";"Business, Management and Accounting; Psychology"
228;19400157320;"Foundations and Trends in Accounting";journal;"15540642, 15540650";"Now Publishers Inc";No;No;1,114;Q1;22;3;19;774;38;18;0,83;258,00;66,67;0;United States;Northern America;"Now Publishers Inc";"2006-2012, 2014-2016, 2018-2025";"Accounting (Q1); Finance (Q1)";"Business, Management and Accounting; Economics, Econometrics and Finance"
229;21184;"Journal of Quality Technology";journal;"00224065";"Taylor and Francis Ltd.";No;No;1,112;Q1;102;28;89;982;153;85;1,63;35,07;19,44;0;United States;Northern America;"Taylor and Francis Ltd.";"1969-1980, 1982-1985, 1987-1988, 1990, 1992-2026";"Industrial and Manufacturing Engineering (Q1); Management Science and Operations Research (Q1); Safety, Risk, Reliability and Quality (Q1); Strategy and Management (Q1)";"Business, Management and Accounting; Decision Sciences; Engineering"
230;19900193216;"Journal of Management Accounting Research";journal;"15588033, 10492127";"American Accounting Association";No;No;1,106;Q1;38;32;73;2081;133;67;1,24;65,03;29,23;1;United States;Northern America;"American Accounting Association";"2008-2025";"Accounting (Q1); Business and International Management (Q1)";"Business, Management and Accounting"
231;19990;"International Journal of Industrial Organization";journal;"01677187";"Elsevier Inc.";No;No;1,105;Q1;100;63;206;2157;276;202;1,25;34,24;19,12;36;United States;Northern America;"Elsevier Inc.";"1983-2026";"Aerospace Engineering (Q1); Economics and Econometrics (Q1); Economics, Econometrics and Finance (miscellaneous) (Q1); Industrial and Manufacturing Engineering (Q1); Industrial Relations (Q1); Strategy and Management (Q1)";"Business, Management and Accounting; Economics, Econometrics and Finance; Engineering"
232;28634;"British Accounting Review";journal;"10958347, 08908389";"Academic Press";No;No;1,103;Q1;100;37;97;3361;465;93;3,95;90,84;36,67;6;United States;Northern America;"Academic Press";"1988-2026";"Accounting (Q1)";"Business, Management and Accounting"
233;15136;"Information Society";journal;"01972243, 10876537";"Taylor and Francis Ltd.";No;No;1,095;Q1;95;22;77;1186;283;73;3,00;53,91;28,21;7;United Kingdom;Western Europe;"Taylor and Francis Ltd.";"1981-1990, 1992-2026";"Cultural Studies (Q1); Information Systems (Q1); Management Information Systems (Q1); Political Science and International Relations (Q1)";"Business, Management and Accounting; Computer Science; Social Sciences"
234;21100265668;"Journal of Accounting Literature";journal;"07374607";"Emerald Publishing";No;No;1,095;Q1;31;13;28;1107;133;28;3,62;85,15;35,29;2;United Kingdom;Western Europe;"Emerald Publishing";"2013-2019, 2022-2026";"Accounting (Q1)";"Business, Management and Accounting"
235;56494;"OR Spectrum";journal;"01716468, 14366304";"Springer Verlag";No;No;1,081;-;85;35;117;1449;257;113;1,76;41,40;25,29;0;Germany;Western Europe;"Springer Verlag";"1979-2026";"Management Science and Operations Research (Q1)";"Decision Sciences"
236;21100435208;"Financial Accountability and Management";journal;"14680408, 02674424";"John Wiley &amp; Sons Inc.";No;No;1,078;Q1;58;24;64;1326;156;64;1,75;55,25;45,83;6;United States;Northern America;"John Wiley &amp; Sons Inc.";"1985-2026";"Business, Management and Accounting (miscellaneous) (Q1); Economics, Econometrics and Finance (miscellaneous) (Q1)";"Business, Management and Accounting; Economics, Econometrics and Finance"
237;6500153243;"International Review of Environmental and Resource Economics";journal;"19321465, 19321473";"Now Publishers Inc";No;No;1,077;Q1;36;7;34;770;98;34;2,29;110,00;33,33;3;United States;Northern America;"Now Publishers Inc";"2007-2025";"Accounting (Q1); Economics and Econometrics (Q1); Finance (Q1); Management, Monitoring, Policy and Law (Q1)";"Business, Management and Accounting; Economics, Econometrics and Finance; Environmental Science"
238;130049;"Journal of Services Marketing";journal;"08876045";"Emerald Group Publishing Ltd.";No;No;1,069;Q1;137;75;203;5707;818;200;4,00;76,09;47,06;0;United Kingdom;Western Europe;"Emerald Group Publishing Ltd.";"1987-2026";"Marketing (Q1)";"Business, Management and Accounting"
239;16544;"Tourism Geographies";journal;"14701340, 14616688";"Routledge";No;No;1,069;Q1;105;45;152;3141;523;112;2,83;69,80;34,52;3;United Kingdom;Western Europe;"Routledge";"1999-2026";"Geography, Planning and Development (Q1); Tourism, Leisure and Hospitality Management (Q1)";"Business, Management and Accounting; Social Sciences"
240;17359;"IEEE Transactions on Engineering Management";journal;"00189391, 15580040";"Institute of Electrical and Electronics Engineers Inc.";No;No;1,066;Q1;124;59;138;3776;449;127;2,97;64,00;27,91;0;United States;Northern America;"Institute of Electrical and Electronics Engineers Inc.";"1969-2026";"Electrical and Electronic Engineering (Q1); Strategy and Management (Q1)";"Business, Management and Accounting; Engineering"
241;19700201449;"International Journal of Logistics Management";journal;"17586550, 09574093";"Emerald Group Publishing Ltd.";No;No;1,060;Q1;108;49;177;4221;712;171;4,14;86,14;36,43;0;United Kingdom;Western Europe;"Emerald Group Publishing Ltd.";"1990-2026";"Business and International Management (Q1); Transportation (Q1)";"Business, Management and Accounting; Social Sciences"
242;21100932830;"Journal of Innovation and Knowledge";journal;"2444569X, 25307614";"Elsevier B.V.";Yes;No;1,059;Q1;89;34;58;1988;347;55;6,53;58,47;35,96;13;Netherlands;Western Europe;"Elsevier B.V.";"2016-2026";"Business and International Management (Q1); Economics and Econometrics (Q1); Management of Technology and Innovation (Q1); Marketing (Q1)";"Business, Management and Accounting; Economics, Econometrics and Finance"
243;11500153401;"Cornell Hospitality Quarterly";journal;"19389663, 19389655";"SAGE Publications Inc.";No;No;1,053;Q1;100;33;110;1447;313;98;2,26;43,85;28,99;3;United States;Northern America;"SAGE Publications Inc.";"2008-2026";"Tourism, Leisure and Hospitality Management (Q1)";"Business, Management and Accounting"
244;21100379294;"Operations Research Perspectives";journal;"22147160";"Elsevier Ltd";Yes;No;1,053;Q1;41;42;60;2585;291;59;2,47;61,55;30,83;3;United Kingdom;Western Europe;"Elsevier Ltd";"2014-2026";"Control and Optimization (Q1); Management Science and Operations Research (Q1); Statistics and Probability (Q1); Strategy and Management (Q1)";"Business, Management and Accounting; Decision Sciences; Mathematics"
245;144986;"Career Development International";journal;"13620436";"Emerald Group Publishing Ltd.";No;No;1,052;Q1;92;39;119;3102;372;115;2,82;79,54;45,95;0;United Kingdom;Western Europe;"Emerald Group Publishing Ltd.";"1996-2026";"Organizational Behavior and Human Resource Management (Q1); Social Sciences (miscellaneous) (Q1)";"Business, Management and Accounting; Social Sciences"
246;20654;"Journal of Managerial Psychology";journal;"02683946";"Emerald Group Publishing Ltd.";No;No;1,046;Q1;110;39;156;1974;418;155;1,92;50,62;51,85;0;United Kingdom;Western Europe;"Emerald Group Publishing Ltd.";"1986-2026";"Applied Psychology (Q1); Management Science and Operations Research (Q1); Organizational Behavior and Human Resource Management (Q1); Social Psychology (Q1)";"Business, Management and Accounting; Decision Sciences; Psychology"
247;22965;"Journal of Personal Selling and Sales Management";journal;"15577813, 08853134";"Taylor and Francis Ltd.";No;No;1,045;Q1;84;26;69;2063;151;62;2,09;79,35;34,29;1;United Kingdom;Western Europe;"Taylor and Francis Ltd.";"1981-2026";"Business and International Management (Q1); Human Factors and Ergonomics (Q1); Management of Technology and Innovation (Q1); Marketing (Q1)";"Business, Management and Accounting; Social Sciences"
248;21100856611;"Journal of Responsible Innovation";journal;"23299460, 23299037";"Taylor and Francis Ltd.";Yes;No;1,045;Q1;46;31;93;1048;261;68;2,18;33,81;48,61;11;United Kingdom;Western Europe;"Taylor and Francis Ltd.";"2014-2026";"Information Systems and Management (Q1); Management of Technology and Innovation (Q1); Strategy and Management (Q1)";"Business, Management and Accounting; Decision Sciences"
249;21283;"Management Learning";journal;"14617307, 13505076";"SAGE Publications Ltd";No;No;1,045;Q1;96;33;99;1933;271;94;2,55;58,58;62,07;5;United Kingdom;Western Europe;"SAGE Publications Ltd";"1970-2026";"Decision Sciences (miscellaneous) (Q1); Management of Technology and Innovation (Q1); Strategy and Management (Q1)";"Business, Management and Accounting; Decision Sciences"
250;16273;"Journal of Construction Engineering and Management";journal;"19437862, 07339364";"American Society of Civil Engineers (ASCE)";No;No;1,039;Q1;158;138;539;7817;1881;531;3,08;56,64;25,92;0;United States;Northern America;"American Society of Civil Engineers (ASCE)";"1982-2026";"Building and Construction (Q1); Civil and Structural Engineering (Q1); Industrial Relations (Q1); Strategy and Management (Q1)";"Business, Management and Accounting; Engineering"
251;23588;"Journal of Real Estate Research";journal;"26911175, 08965803";"Taylor and Francis Ltd.";No;No;1,039;-;41;20;70;908;101;70;1,22;45,40;24,49;5;United States;Northern America;"Taylor and Francis Ltd.";"1990, 1992, 1995, 1998, 2001, 2003-2026";"Economics, Econometrics and Finance (miscellaneous) (Q1)";"Economics, Econometrics and Finance"
252;11000153782;"Management International Review";journal;"09388249, 18618901";"Springer Science and Business Media Deutschland GmbH";No;No;1,037;Q1;79;36;98;3569;255;95;2,03;99,14;28,87;0;Germany;Western Europe;"Springer Science and Business Media Deutschland GmbH";"2005-2026";"Business and International Management (Q1); Strategy and Management (Q1)";"Business, Management and Accounting"
253;4900152206;"Data Base for Advances in Information Systems";journal;"23311622, 15320936";"Association for Computing Machinery";No;No;1,035;Q1;73;31;78;1522;139;66;1,70;49,10;35,00;0;United States;Northern America;"Association for Computing Machinery";"1969-2026";"Computer Networks and Communications (Q1); Management Information Systems (Q1)";"Business, Management and Accounting; Computer Science"
254;22199;"European Journal of Marketing";journal;"03090566";"Emerald Group Publishing Ltd.";No;No;1,033;Q1;173;115;333;9166;922;321;2,44;79,70;40,98;0;United Kingdom;Western Europe;"Emerald Group Publishing Ltd.";"1967-2026";"Marketing (Q1)";"Business, Management and Accounting"
255;12300154722;"International Journal of Tourism Research";journal;"10992340, 15221970";"John Wiley and Sons Ltd";No;No;1,032;Q1;96;70;202;5293;720;201;3,20;75,61;35,64;5;United Kingdom;Western Europe;"John Wiley and Sons Ltd";"2008-2026";"Geography, Planning and Development (Q1); Nature and Landscape Conservation (Q1); Tourism, Leisure and Hospitality Management (Q1); Transportation (Q2)";"Business, Management and Accounting; Environmental Science; Social Sciences"
256;19691;"International Journal of Electronic Commerce";journal;"10864415, 15579301";"M.E. Sharpe Inc.";No;No;1,028;Q1;104;24;60;1534;191;52;2,83;63,92;27,78;2;United States;Northern America;"M.E. Sharpe Inc.";"1996-2025";"Business and International Management (Q1); Economics and Econometrics (Q2)";"Business, Management and Accounting; Economics, Econometrics and Finance"
257;21100793840;"Proceedings - 2016 IEEE 9th International Conference on Service-Oriented Computing and Applications, SOCA 2016";conference and proceedings;"-";"";No;No;1,028;-;5;0;11;0;92;9;0,00;0,00;0,00;0;United States;Northern America;"";"";"Electrical and Electronic Engineering; Radiation";"Engineering; Physics and Astronomy"
258;145573;"GENEVA Risk and Insurance Review";journal;"1554964X, 15549658";"Palgrave Macmillan Ltd.";No;No;1,026;Q1;26;8;26;388;24;25;0,94;48,50;50,00;2;United Kingdom;Western Europe;"Palgrave Macmillan Ltd.";"1975-1979, 2002, 2005-2026";"Accounting (Q1); Business, Management and Accounting (miscellaneous) (Q1); Finance (Q1); Economics and Econometrics (Q2)";"Business, Management and Accounting; Economics, Econometrics and Finance"
259;17529;"Journal of Financial Services Research";journal;"15730735, 09208550";"Springer Netherlands";No;No;1,025;Q1;66;22;75;1063;131;74;1,78;48,32;25,93;8;Netherlands;Western Europe;"Springer Netherlands";"1987-2026";"Accounting (Q1); Finance (Q1); Economics and Econometrics (Q2)";"Business, Management and Accounting; Economics, Econometrics and Finance"
260;9700153238;"International Transactions in Operational Research";journal;"09696016, 14753995";"John Wiley and Sons Inc";No;No;1,018;Q1;75;112;222;4604;662;214;3,02;41,11;28,08;5;Denmark;Western Europe;"John Wiley and Sons Inc";"1994-2026";"Business and International Management (Q1); Computer Science Applications (Q1); Management of Technology and Innovation (Q1); Strategy and Management (Q1); Management Science and Operations Research (Q2)";"Business, Management and Accounting; Computer Science; Decision Sciences"
261;28062;"International Tax and Public Finance";journal;"15736970, 09275940";"Springer New York";No;No;1,012;Q1;60;49;143;1800;186;140;1,12;36,73;25,00;33;United States;Northern America;"Springer New York";"1994-2026";"Accounting (Q1); Finance (Q1); Economics and Econometrics (Q2)";"Business, Management and Accounting; Economics, Econometrics and Finance"
262;16032;"Administration and Society";journal;"00953997, 15523039";"SAGE Publications Inc.";No;No;1,011;Q1;86;62;180;3736;401;163;1,96;60,26;44,03;23;United States;Northern America;"SAGE Publications Inc.";"1969-2026";"Marketing (Q1); Public Administration (Q1); Sociology and Political Science (Q1)";"Business, Management and Accounting; Social Sciences"
263;144957;"Journal of Marketing Education";journal;"02734753, 15526550";"SAGE Publications Inc.";No;No;1,010;Q1;72;21;52;976;130;43;2,00;46,48;50,00;3;United States;Northern America;"SAGE Publications Inc.";"1979-2025";"Education (Q1); Marketing (Q1)";"Business, Management and Accounting; Social Sciences"
264;21100255381;"Competition and Change";journal;"10245294, 14772221";"SAGE Publications Inc.";No;No;1,006;Q1;39;23;73;1967;174;71;2,29;85,52;24,24;8;United Kingdom;Western Europe;"SAGE Publications Inc.";"2013-2026";"Business, Management and Accounting (miscellaneous) (Q1)";"Business, Management and Accounting"
265;19600157911;"Electronic Markets";journal;"14228890, 10196781";"Springer Verlag";No;No;1,006;Q1;76;47;98;3167;449;76;3,57;67,38;16,30;7;Germany;Western Europe;"Springer Verlag";"2009-2026";"Business and International Management (Q1); Computer Science Applications (Q1); Management of Technology and Innovation (Q1); Economics and Econometrics (Q2); Marketing (Q2)";"Business, Management and Accounting; Computer Science; Economics, Econometrics and Finance"
266;21100407241;"Journal of Service Theory and Practice";journal;"20556225";"Emerald Group Publishing Ltd.";No;No;1,004;Q1;108;31;130;2934;503;124;4,09;94,65;44,58;0;United Kingdom;Western Europe;"Emerald Group Publishing Ltd.";"2015-2026";"Strategy and Management (Q1)";"Business, Management and Accounting"
267;14761;"International Journal of Stress Management";journal;"10725245, 15733424";"American Psychological Association";No;No;1,003;Q1;81;39;81;2531;229;81;2,62;64,90;51,39;11;United States;Northern America;"American Psychological Association";"1994-2026";"Business, Management and Accounting (miscellaneous) (Q1); Education (Q1); Medicine (miscellaneous) (Q1); Psychology (miscellaneous) (Q1); Applied Psychology (Q2)";"Business, Management and Accounting; Medicine; Psychology; Social Sciences"
268;5200153112;"European Financial Management";journal;"13547798, 1468036X";"Wiley-Blackwell Publishing Ltd";No;No;0,995;Q1;82;43;96;2688;181;95;1,43;62,51;26,00;8;United Kingdom;Western Europe;"Wiley-Blackwell Publishing Ltd";"1995-2026";"Accounting (Q1); Economics, Econometrics and Finance (miscellaneous) (Q1)";"Business, Management and Accounting; Economics, Econometrics and Finance"
269;21100373814;"BRQ Business Research Quarterly";journal;"23409444, 23409436";"SAGE Publications Inc.";Yes;Yes;0,990;Q1;51;22;64;1739;276;60;3,21;79,05;35,19;6;United Kingdom;Western Europe;"SAGE Publications Inc.";"2014-2025";"Business and International Management (Q1); Business, Management and Accounting (miscellaneous) (Q1); Strategy and Management (Q1); Economics and Econometrics (Q2)";"Business, Management and Accounting; Economics, Econometrics and Finance"
270;28988;"Journal of Economics and Management Strategy";journal;"15309134, 10586407";"Wiley-Blackwell Publishing Ltd";No;No;0,990;Q1;85;45;122;1649;170;122;1,49;36,64;20,00;26;United Kingdom;Western Europe;"Wiley-Blackwell Publishing Ltd";"1992-2026";"Business, Management and Accounting (miscellaneous) (Q1); Management of Technology and Innovation (Q1); Strategy and Management (Q1); Economics and Econometrics (Q2)";"Business, Management and Accounting; Economics, Econometrics and Finance"
271;21100790347;"Journal of Small Business Strategy";journal;"10818510, 23801751";"Small Business Institute";Yes;Yes;0,986;Q1;27;20;48;1572;156;42;3,51;78,60;23,21;0;United States;Northern America;"Small Business Institute";"1994, 2013-2026";"Strategy and Management (Q1)";"Business, Management and Accounting"
272;23839;"Journal of Business and Technical Communication";journal;"15524574, 10506519";"SAGE Publications Inc.";No;No;0,979;Q1;50;19;46;804;96;44;1,73;42,32;54,55;0;United States;Northern America;"SAGE Publications Inc.";"1987-2026";"Business and International Management (Q1); Business, Management and Accounting (miscellaneous) (Q1); Communication (Q1)";"Business, Management and Accounting; Social Sciences"
273;22954;"Journal of Marketing Communications";journal;"14664445, 13527266";"Routledge";No;No;0,978;Q1;70;45;125;2974;356;114;2,38;66,09;45,92;3;United Kingdom;Western Europe;"Routledge";"1995-2026";"Business and International Management (Q1); Marketing (Q2)";"Business, Management and Accounting"
274;21873;"Corporate Social Responsibility and Environmental Management";journal;"15353958, 15353966";"John Wiley and Sons Ltd";No;No;0,974;Q1;146;125;188;9158;995;187;5,03;73,26;51,34;31;United Kingdom;Western Europe;"John Wiley and Sons Ltd";"2003-2026";"Development (Q1); Management, Monitoring, Policy and Law (Q1); Strategy and Management (Q1)";"Business, Management and Accounting; Environmental Science; Social Sciences"
275;7100153129;"European Accounting Review";journal;"09638180, 14684497";"Routledge";No;No;0,973;Q1;98;37;100;2383;249;94;2,12;64,41;25,29;6;United Kingdom;Western Europe;"Routledge";"1992-2026";"Accounting (Q1); Aerospace Engineering (Q1); Automotive Engineering (Q1); Business and International Management (Q1); Business, Management and Accounting (miscellaneous) (Q1); Economics, Econometrics and Finance (miscellaneous) (Q1); Engineering (miscellaneous) (Q1); History (Q1)";"Arts and Humanities; Business, Management and Accounting; Economics, Econometrics and Finance; Engineering"
276;7100153132;"Human Resource Development Review";journal;"15526712, 15344843";"SAGE Publications Ltd";No;No;0,973;Q1;74;18;59;1921;245;55;2,89;106,72;41,94;4;United Kingdom;Western Europe;"SAGE Publications Ltd";"2002-2026";"Organizational Behavior and Human Resource Management (Q1)";"Business, Management and Accounting"
277;21100218364;"Creativity and Innovation Management";journal;"09631690, 14678691";"John Wiley and Sons Ltd";No;No;0,970;Q1;87;45;116;2868;324;103;2,78;63,73;47,06;6;United Kingdom;Western Europe;"John Wiley and Sons Ltd";"1992-2026";"Management of Technology and Innovation (Q1); Strategy and Management (Q1)";"Business, Management and Accounting"
278;21100255484;"Journal of Hospitality and Tourism Management";journal;"18395260, 14476770";"Elsevier Ltd";No;No;0,970;Q1;98;80;165;6380;693;161;4,00;79,75;36,79;3;United Kingdom;Western Europe;"Elsevier Ltd";"2006-2026";"Tourism, Leisure and Hospitality Management (Q1)";"Business, Management and Accounting"
279;144744;"International Journal of Entrepreneurial Behaviour and Research";journal;"13552554";"Emerald Group Publishing Ltd.";No;No;0,967;Q1;110;90;166;7695;722;155;4,23;85,50;39,57;0;United Kingdom;Western Europe;"Emerald Group Publishing Ltd.";"1995-2026";"Business, Management and Accounting (miscellaneous) (Q1)";"Business, Management and Accounting"
280;12100155405;"Innovation: Organization and Management";journal;"14479338";"Taylor and Francis Ltd.";No;No;0,964;Q1;50;24;86;1923;274;80;3,96;80,13;33,96;1;United Kingdom;Western Europe;"Taylor and Francis Ltd.";"2008-2026";"Management of Technology and Innovation (Q1)";"Business, Management and Accounting"
281;21463;"International Journal of Health Geographics";journal;"1476072X";"BioMed Central Ltd";Yes;No;0,961;Q1;99;31;132;1625;497;129;3,76;52,42;39,33;10;United Kingdom;Western Europe;"BioMed Central Ltd";"2002-2026";"Business, Management and Accounting (miscellaneous) (Q1); Computer Science (miscellaneous) (Q1); Public Health, Environmental and Occupational Health (Q1)";"Business, Management and Accounting; Computer Science; Medicine"
282;14200154735;"Educational Assessment, Evaluation and Accountability";journal;"18748597, 18748600";"Springer Netherlands";No;No;0,959;Q1;47;22;60;1511;121;48;1,10;68,68;38,78;7;Netherlands;Western Europe;"Springer Netherlands";"2009-2026";"Education (Q1); Organizational Behavior and Human Resource Management (Q1)";"Business, Management and Accounting; Social Sciences"
283;21100446969;"Meditari Accountancy Research";journal;"20493738, 2049372X";"Emerald Publishing";No;No;0,954;Q2;59;40;91;3143;371;90;4,48;78,58;44,83;0;United Kingdom;Western Europe;"Emerald Publishing";"2012-2026";"Accounting (Q2)";"Business, Management and Accounting"
284;145078;"Accounting Forum";journal;"01559982, 14676303";"Taylor and Francis Ltd.";No;No;0,953;Q2;70;16;79;1333;239;73;2,07;83,31;39,47;1;United Kingdom;Western Europe;"Taylor and Francis Ltd.";"2004-2026";"Finance (Q1); Accounting (Q2)";"Business, Management and Accounting; Economics, Econometrics and Finance"
285;27094;"Fiscal Studies";journal;"01435671, 14755890";"Wiley-Blackwell";No;No;0,953;Q2;54;24;80;1080;112;78;1,24;45,00;17,78;17;United States;Northern America;"Wiley-Blackwell";"1979-2026";"Finance (Q1); Accounting (Q2); Economics and Econometrics (Q2)";"Business, Management and Accounting; Economics, Econometrics and Finance"
286;22236;"Journal of the Operational Research Society";journal;"01605682, 14769360";"Taylor and Francis Ltd.";No;No;0,951;Q1;134;157;398;6040;1003;396;2,30;38,47;32,24;4;United Kingdom;Western Europe;"Taylor and Francis Ltd.";"1978-2026";"Management Information Systems (Q1); Modeling and Simulation (Q1); Strategy and Management (Q1); Management Science and Operations Research (Q2); Marketing (Q2); Statistics, Probability and Uncertainty (Q2)";"Business, Management and Accounting; Decision Sciences; Mathematics"
287;21100377744;"International Journal of Lean Six Sigma";journal;"20404166, 20404174";"Emerald Publishing";No;No;0,938;Q1;65;46;65;3273;290;64;3,33;71,15;22,43;0;United Kingdom;Western Europe;"Emerald Publishing";"2010-2026";"Industrial and Manufacturing Engineering (Q1); Strategy and Management (Q1); Management Science and Operations Research (Q2)";"Business, Management and Accounting; Decision Sciences; Engineering"
288;20500195043;"Research in Transportation Business and Management";journal;"22105395";"Elsevier B.V.";No;No;0,938;Q1;65;49;155;2556;501;143;2,93;52,16;41,91;15;Netherlands;Western Europe;"Elsevier B.V.";"2011-2026";"Business and International Management (Q1); Decision Sciences (miscellaneous) (Q1); Economics, Econometrics and Finance (miscellaneous) (Q1); Strategy and Management (Q1); Tourism, Leisure and Hospitality Management (Q1); Management Science and Operations Research (Q2); Transportation (Q2)";"Business, Management and Accounting; Decision Sciences; Economics, Econometrics and Finance; Social Sciences"
289;88345;"Journal of Global Optimization";journal;"09255001, 15732916";"Springer Netherlands";No;No;0,938;-;105;123;368;4317;717;362;1,93;35,10;25,09;0;Netherlands;Western Europe;"Springer Netherlands";"1991-2026";"Applied Mathematics (Q1); Computer Science Applications (Q1); Control and Optimization (Q1); Management Science and Operations Research (Q2)";"Computer Science; Decision Sciences; Mathematics"
290;16800154724;"Journal of Vacation Marketing";journal;"13567667, 14791870";"SAGE Publications Ltd";No;No;0,927;Q1;87;34;78;2529;239;77;2,58;74,38;40,66;2;United Kingdom;Western Europe;"SAGE Publications Ltd";"1994-2026";"Tourism, Leisure and Hospitality Management (Q1)";"Business, Management and Accounting"
291;21216;"MIT Sloan Management Review";journal;"15329194";"Massachusetts Institute of Technology";No;No;0,925;Q1;129;67;214;664;484;177;2,20;9,91;25,19;0;United States;Northern America;"Massachusetts Institute of Technology";"2001-2025";"Business and International Management (Q1); Management of Technology and Innovation (Q1); Strategy and Management (Q1); Decision Sciences (miscellaneous) (Q2)";"Business, Management and Accounting; Decision Sciences"
292;10600153365;"Economics of Innovation and New Technology";journal;"14768364, 10438599";"Routledge";No;No;0,923;Q1;75;42;123;2516;284;119;2,04;59,90;31,37;22;United Kingdom;Western Europe;"Routledge";"1990-2026";"Economics, Econometrics and Finance (miscellaneous) (Q1); Management of Technology and Innovation (Q1)";"Business, Management and Accounting; Economics, Econometrics and Finance"
293;13382;"Health Care Management Review";journal;"15505030, 03616274";"Lippincott Williams and Wilkins Ltd.";No;No;0,918;Q1;71;36;114;1196;223;101;2,07;33,22;52,21;0;United States;Northern America;"Lippincott Williams and Wilkins Ltd.";"1976-2026";"Health Policy (Q1); Leadership and Management (Q1); Strategy and Management (Q1)";"Business, Management and Accounting; Medicine; Nursing"
294;23148;"IMA Journal of Management Mathematics";journal;"1471678X, 14716798";"Oxford University Press";No;No;0,910;Q1;43;19;74;562;123;72;1,69;29,58;32,08;1;United Kingdom;Western Europe;"Oxford University Press";"1986, 1988-1989, 1991-1993, 1995-2026";"Economics, Econometrics and Finance (miscellaneous) (Q1); Management Information Systems (Q1); Modeling and Simulation (Q1); Strategy and Management (Q1); Applied Mathematics (Q2); Management Science and Operations Research (Q2)";"Business, Management and Accounting; Decision Sciences; Economics, Econometrics and Finance; Mathematics"
295;11900154357;"Scandinavian Journal of Hospitality and Tourism";journal;"15022269, 15022250";"Routledge";No;No;0,910;Q1;67;26;99;1688;315;90;3,25;64,92;52,17;3;United Kingdom;Western Europe;"Routledge";"2001-2026";"Tourism, Leisure and Hospitality Management (Q1)";"Business, Management and Accounting"
296;5800169457;"Public Performance and Management Review";journal;"15309576, 15579271";"Routledge";No;No;0,905;Q1;48;59;111;4206;273;108;1,66;71,29;33,33;15;United States;Northern America;"Routledge";"2007-2008, 2011-2026";"Public Administration (Q1); Strategy and Management (Q1)";"Business, Management and Accounting; Social Sciences"
297;19700190346;"Consumption Markets and Culture";journal;"10253866, 1477223X";"Routledge";No;No;0,904;Q2;47;34;98;2478;203;91;1,65;72,88;65,08;4;United States;Northern America;"Routledge";"2003, 2007, 2010-2026";"Anthropology (Q1); Economics and Econometrics (Q2); Marketing (Q2); Social Psychology (Q2)";"Business, Management and Accounting; Economics, Econometrics and Finance; Psychology; Social Sciences"
298;144815;"Computational Management Science";journal;"1619697X, 16196988";"Springer";No;No;0,902;Q1;44;32;81;1008;119;76;0,75;31,50;31,43;2;Germany;Western Europe;"Springer";"2005-2026";"Information Systems (Q1); Management Information Systems (Q1)";"Business, Management and Accounting; Computer Science"
299;21100410629;"Intelligent Systems in Accounting, Finance and Management";journal;"15501949, 21600074";"John Wiley and Sons Inc";No;No;0,901;Q1;29;14;42;707;157;41;4,59;50,50;11,11;0;United Kingdom;Western Europe;"John Wiley and Sons Inc";"2011-2013, 2015-2026";"Business, Management and Accounting (miscellaneous) (Q1); Finance (Q1)";"Business, Management and Accounting; Economics, Econometrics and Finance"
300;21100286445;"Journal of Current Issues and Research in Advertising";journal;"10641734, 21647313";"Taylor and Francis Ltd.";No;No;0,901;Q2;49;18;46;1027;74;45;1,00;57,06;47,83;1;United Kingdom;Western Europe;"Taylor and Francis Ltd.";"1992-2010, 2012-2026";"Marketing (Q2)";"Business, Management and Accounting"
301;21899;"Nonprofit Management and Leadership";journal;"10486682, 15427854";"John Wiley and Sons Inc";No;No;0,900;Q1;72;41;103;2196;167;91;1,42;53,56;59,76;3;United States;Northern America;"John Wiley and Sons Inc";"1990-2026";"Strategy and Management (Q1)";"Business, Management and Accounting"
302;21100438182;"International Series in Operations Research and Management Science";book series;"22147934, 08848289";"Springer";No;No;0,894;Q1;65;196;661;6659;439;46;0,39;33,97;0,00;3;United States;Northern America;"Springer";"2002, 2005-2026";"Computer Science Applications (Q1); Software (Q1); Strategy and Management (Q1); Applied Mathematics (Q2); Management Science and Operations Research (Q2)";"Business, Management and Accounting; Computer Science; Decision Sciences; Mathematics"
303;21100220156;"Journal of Hospitality and Tourism Technology";journal;"17579880, 17579899";"Emarald Group Publishing Ltd";No;No;0,894;Q1;66;44;80;3021;346;77;3,58;68,66;44,66;0;United Kingdom;Western Europe;"Emarald Group Publishing Ltd";"2010-2026";"Computer Science Applications (Q1); Information Systems (Q1); Tourism, Leisure and Hospitality Management (Q1)";"Business, Management and Accounting; Computer Science"
304;21100446510;"Journal of Humanitarian Logistics and Supply Chain Management";journal;"20426747, 20426755";"Emerald Publishing";Yes;Yes;0,894;Q1;42;22;58;1616;186;57;2,70;73,45;40,82;0;United Kingdom;Western Europe;"Emerald Publishing";"2011-2026";"Management Information Systems (Q1); Management Science and Operations Research (Q2)";"Business, Management and Accounting; Decision Sciences"
305;20672;"Journal of Productivity Analysis";journal;"0895562X, 15730441";"Springer Netherlands";No;No;0,888;Q1;96;17;93;981;187;92;1,81;57,71;23,91;8;Netherlands;Western Europe;"Springer Netherlands";"1989-2026";"Business and International Management (Q1); Social Sciences (miscellaneous) (Q1); Economics and Econometrics (Q2)";"Business, Management and Accounting; Economics, Econometrics and Finance; Social Sciences"
306;20870;"Telecommunications Policy";journal;"03085961";"Elsevier Ltd";No;No;0,888;-;101;76;225;4070;756;213;3,02;53,55;28,89;30;United Kingdom;Western Europe;"Elsevier Ltd";"1976-2026";"Electrical and Electronic Engineering (Q1); Human Factors and Ergonomics (Q1); Information Systems (Q1)";"Computer Science; Engineering; Social Sciences"
307;12300154710;"Economic and Labour Relations Review";journal;"10353046, 18382673";"Cambridge University Press";No;No;0,887;Q1;33;29;95;1368;239;93;2,33;47,17;34,62;12;United Kingdom;Western Europe;"Cambridge University Press";"1990-2026";"Organizational Behavior and Human Resource Management (Q1); Economics and Econometrics (Q2)";"Business, Management and Accounting; Economics, Econometrics and Finance"
308;21100852014;"International Journal of Business Communication";journal;"23294884, 23294892";"SAGE Publications Inc.";No;No;0,882;Q1;72;27;69;1738;141;64;1,56;64,37;46,15;3;United States;Northern America;"SAGE Publications Inc.";"2015-2026";"Business, Management and Accounting (miscellaneous) (Q1); Economics, Econometrics and Finance (miscellaneous) (Q1)";"Business, Management and Accounting; Economics, Econometrics and Finance"
309;18997;"ACM Transactions on Information Systems";journal;"10468188, 15582868";"Association for Computing Machinery";No;No;0,877;Q1;107;52;111;2903;556;111;4,84;55,83;32,98;3;United States;Northern America;"Association for Computing Machinery";"1983-2026";"Business, Management and Accounting (miscellaneous) (Q1); Information Systems (Q1); Computer Science Applications (Q2)";"Business, Management and Accounting; Computer Science"
310;19700187615;"Leadership and Policy in Schools";journal;"15700763, 17445043";"Taylor and Francis Ltd.";No;No;0,875;Q1;34;38;73;2496;103;70;0,96;65,68;51,16;10;United Kingdom;Western Europe;"Taylor and Francis Ltd.";"2010-2026";"Education (Q1); Strategy and Management (Q1)";"Business, Management and Accounting; Social Sciences"
311;100147313;"Journal of Business Finance and Accounting";journal;"0306686X, 14685957";"Wiley-Blackwell Publishing Ltd";No;No;0,874;Q1;102;43;138;2975;252;137;1,64;69,19;30,19;6;United Kingdom;Western Europe;"Wiley-Blackwell Publishing Ltd";"1974-2026";"Business, Management and Accounting (miscellaneous) (Q1); Finance (Q1); Accounting (Q2)";"Business, Management and Accounting; Economics, Econometrics and Finance"
312;11400153310;"International Journal of Logistics Research and Applications";journal;"13675567, 1469848X";"Taylor and Francis Ltd.";No;No;0,873;Q1;71;33;102;2002;337;98;2,74;60,67;27,18;5;United Kingdom;Western Europe;"Taylor and Francis Ltd.";"2003-2026";"Control and Systems Engineering (Q1); Information Systems (Q1); Management Information Systems (Q1); Computer Science Applications (Q2); Management Science and Operations Research (Q2)";"Business, Management and Accounting; Computer Science; Decision Sciences; Engineering"
313;21100886529;"International Journal of Systems Science: Operations and Logistics";journal;"23302674, 23302682";"Taylor and Francis Ltd.";No;No;0,872;Q1;36;23;74;1010;193;73;2,69;43,91;25,49;0;United Kingdom;Western Europe;"Taylor and Francis Ltd.";"2014-2026";"Information Systems (Q1); Information Systems and Management (Q1); Management Information Systems (Q1); Management Science and Operations Research (Q2)";"Business, Management and Accounting; Computer Science; Decision Sciences"
314;11300153733;"Management in Education";journal;"17419883, 08920206";"SAGE Publications Ltd";No;No;0,867;Q1;35;31;94;724;110;71;0,73;23,35;42,11;2;United Kingdom;Western Europe;"SAGE Publications Ltd";"1987-2026";"Education (Q1); Strategy and Management (Q1)";"Business, Management and Accounting; Social Sciences"
315;4100151524;"Research in Personnel and Human Resources Management";book series;"07427301";"Emerald Group Publishing Ltd.";No;No;0,867;Q1;48;6;21;1103;37;21;1,43;183,83;0,00;0;United Kingdom;Western Europe;"Emerald Group Publishing Ltd.";"2000-2012, 2014-2022, 2024-2026";"Organizational Behavior and Human Resource Management (Q1)";"Business, Management and Accounting"
316;13896;"Construction Management and Economics";journal;"01446193, 1466433X";"Taylor and Francis Ltd.";No;No;0,866;Q1;121;50;165;2938;450;147;2,89;58,76;35,35;11;United Kingdom;Western Europe;"Taylor and Francis Ltd.";"1983-2026";"Building and Construction (Q1); Industrial and Manufacturing Engineering (Q1); Management Information Systems (Q1)";"Business, Management and Accounting; Engineering"
317;28034;"Accounting and Business Research";journal;"21594260, 00014788";"Routledge";No;No;0,863;Q2;77;35;106;2254;227;97;2,00;64,40;38,36;4;United Kingdom;Western Europe;"Routledge";"1970-2026";"Accounting (Q2)";"Business, Management and Accounting"
318;20146;"Industrial Relations";journal;"00198676, 1468232X";"Wiley-Blackwell Publishing Ltd";No;No;0,862;Q1;68;20;69;956;90;69;1,44;47,80;38,64;12;United Kingdom;Western Europe;"Wiley-Blackwell Publishing Ltd";"1961-2026";"Industrial Relations (Q1); Management of Technology and Innovation (Q1); Organizational Behavior and Human Resource Management (Q1); Strategy and Management (Q1)";"Business, Management and Accounting"
319;144656;"Management Decision";journal;"00251747";"Emerald Group Publishing Ltd.";No;No;0,862;Q1;147;189;384;14349;1290;377;2,91;75,92;35,71;0;United Kingdom;Western Europe;"Emerald Group Publishing Ltd.";"1967-2026";"Business, Management and Accounting (miscellaneous) (Q1); Management Science and Operations Research (Q2)";"Business, Management and Accounting; Decision Sciences"
320;8300153135;"Global Journal of Flexible Systems Management";journal;"09722696, 09740198";"Springer";No;No;0,861;Q1;56;27;89;2438;320;77;3,32;90,30;30,65;4;India;Asiatic Region;"Springer";"2000-2026";"Business and International Management (Q1); Business, Management and Accounting (miscellaneous) (Q1); Strategy and Management (Q1)";"Business, Management and Accounting"
321;4700152289;"Human Resource Development Quarterly";journal;"15321096, 10448004";"Wiley-Blackwell";No;No;0,861;Q1;87;27;62;2042;187;49;3,41;75,63;47,30;6;United States;Northern America;"Wiley-Blackwell";"1990-2026";"Arts and Humanities (miscellaneous) (Q1); Organizational Behavior and Human Resource Management (Q1)";"Arts and Humanities; Business, Management and Accounting"
322;23590;"Science and Engineering Ethics";journal;"13533452, 14715546";"Springer Netherlands";No;No;0,860;Q1;90;108;341;4234;1014;292;2,80;39,20;41,13;22;Netherlands;Western Europe;"Springer Netherlands";"1995-2026";"Health Policy (Q1); Health (social science) (Q1); Issues, Ethics and Legal Aspects (Q1); Management of Technology and Innovation (Q1)";"Business, Management and Accounting; Medicine; Nursing; Social Sciences"
323;14733;"Financial Analysts Journal";journal;"0015198X";"Taylor and Francis Ltd.";No;No;0,859;Q2;99;27;113;171;166;91;1,23;6,33;7,81;0;United Kingdom;Western Europe;"Taylor and Francis Ltd.";"1996-2026";"Finance (Q1); Accounting (Q2); Economics and Econometrics (Q2)";"Business, Management and Accounting; Economics, Econometrics and Finance"
324;11400153332;"Asia Pacific Journal of Human Resources";journal;"10384111, 17447941";"Wiley-Blackwell";No;No;0,858;Q1;52;25;82;1777;195;70;2,11;71,08;49,32;2;United States;Northern America;"Wiley-Blackwell";"1966-1967, 1970, 1972-1974, 1976, 1978-1999, 2007-2026";"Organizational Behavior and Human Resource Management (Q1)";"Business, Management and Accounting"
325;16082;"Economic and Industrial Democracy";journal;"0143831X, 14617099";"SAGE Publications Ltd";No;No;0,854;Q1;55;49;101;2943;172;88;1,73;60,06;44,32;0;United Kingdom;Western Europe;"SAGE Publications Ltd";"1980-2026";"Business, Management and Accounting (miscellaneous) (Q1); Management of Technology and Innovation (Q1); Organizational Behavior and Human Resource Management (Q1); Strategy and Management (Q1)";"Business, Management and Accounting"
326;26043;"Economy and Society";journal;"03085147, 14695766";"Routledge";No;No;0,849;Q1;109;27;74;1669;183;74;1,58;61,81;28,89;10;United Kingdom;Western Europe;"Routledge";"1972-2026";"Business and International Management (Q1); Economics, Econometrics and Finance (miscellaneous) (Q1); History (Q1); Social Sciences (miscellaneous) (Q1); Economics and Econometrics (Q2)";"Arts and Humanities; Business, Management and Accounting; Economics, Econometrics and Finance; Social Sciences"
327;21100890672;"Financial Innovation";journal;"21994730";"SpringerOpen";Yes;Yes;0,847;Q2;66;44;89;2002;502;79;2,90;45,50;20,43;10;Germany;Western Europe;"SpringerOpen";"2015-2026";"Finance (Q1); Management of Technology and Innovation (Q2)";"Business, Management and Accounting; Economics, Econometrics and Finance"
328;130081;"Leadership and Organization Development Journal";journal;"01437739";"Emerald Group Publishing Ltd.";No;No;0,845;Q1;96;58;200;4015;542;199;2,39;69,22;41,18;0;United Kingdom;Western Europe;"Emerald Group Publishing Ltd.";"1980-2026";"Business, Management and Accounting (miscellaneous) (Q1); Organizational Behavior and Human Resource Management (Q2)";"Business, Management and Accounting"
329;144666;"Journal of Product and Brand Management";journal;"10610421";"Emerald Publishing";No;No;0,841;Q1;117;66;196;5526;570;177;2,22;83,73;51,57;0;United Kingdom;Western Europe;"Emerald Publishing";"1992-2026";"Strategy and Management (Q1); Management of Technology and Innovation (Q2); Marketing (Q2)";"Business, Management and Accounting"
330;63777;"Personnel Review";journal;"00483486";"Emerald Group Publishing Ltd.";No;No;0,841;Q2;104;102;246;8225;681;244;2,51;80,64;49,12;0;United Kingdom;Western Europe;"Emerald Group Publishing Ltd.";"1971-2026";"Applied Psychology (Q2); Organizational Behavior and Human Resource Management (Q2)";"Business, Management and Accounting; Psychology"
331;20575;"Journal of Engineering and Technology Management - JET-M";journal;"18791719, 09234748";"Elsevier B.V.";No;No;0,840;Q1;84;24;84;1610;263;72;2,45;67,08;26,87;5;Netherlands;Western Europe;"Elsevier B.V.";"1989-2026";"Engineering (miscellaneous) (Q1); Industrial Relations (Q1); Information Systems and Management (Q1); Strategy and Management (Q1); Management Science and Operations Research (Q2)";"Business, Management and Accounting; Decision Sciences; Engineering"
332;22949;"Research Technology Management";journal;"19300166, 08956308";"Taylor and Francis Ltd.";No;No;0,837;Q1;86;60;204;417;271;108;1,34;6,95;23,26;5;United Kingdom;Western Europe;"Taylor and Francis Ltd.";"1988-1989, 1995-2026";"Engineering (miscellaneous) (Q1); Strategy and Management (Q1); Management of Technology and Innovation (Q2)";"Business, Management and Accounting; Engineering"
333;21100446517;"International Journal of Managing Projects in Business";journal;"17538378, 17538386";"Emerald Publishing";No;No;0,835;Q1;57;57;135;4066;366;131;2,49;71,33;36,61;0;United Kingdom;Western Europe;"Emerald Publishing";"2008-2026";"Business and International Management (Q1); Strategy and Management (Q1); Management of Technology and Innovation (Q2)";"Business, Management and Accounting"
334;24734;"American Journal of Evaluation";journal;"10982140, 15570878";"SAGE Publications Inc.";No;No;0,834;Q1;74;32;108;1317;205;104;1,59;41,16;67,02;13;United States;Northern America;"SAGE Publications Inc.";"1981-2026";"Business and International Management (Q1); Education (Q1); Health (social science) (Q1); Sociology and Political Science (Q1); Strategy and Management (Q1); Social Psychology (Q2)";"Business, Management and Accounting; Psychology; Social Sciences"
335;21100200804;"ACM Transactions on Management Information Systems";journal;"21586578, 2158656X";"Association for Computing Machinery";No;No;0,833;Q1;45;20;42;1097;177;41;5,30;54,85;18,97;1;United States;Northern America;"Association for Computing Machinery";"2010-2025";"Computer Science (miscellaneous) (Q1); Management Information Systems (Q1)";"Business, Management and Accounting; Computer Science"
336;21100872187;"Journal of Tourism Futures";journal;"20555911, 2055592X";"Emarald Group Publishing Ltd";Yes;Yes;0,826;Q1;49;46;86;1381;208;79;1,93;30,02;39,68;0;United Kingdom;Western Europe;"Emarald Group Publishing Ltd";"2015-2026";"Geography, Planning and Development (Q1); Nature and Landscape Conservation (Q1); Tourism, Leisure and Hospitality Management (Q1); Management, Monitoring, Policy and Law (Q2)";"Business, Management and Accounting; Environmental Science; Social Sciences"
337;21100803392;"Cross Cultural and Strategic Management";journal;"20595794";"Emerald Group Publishing Ltd.";No;No;0,825;Q1;58;29;101;2975;288;99;2,39;102,59;38,36;0;United Kingdom;Western Europe;"Emerald Group Publishing Ltd.";"2016-2026";"Business and International Management (Q1); Cultural Studies (Q1); Sociology and Political Science (Q1); Strategy and Management (Q1); Organizational Behavior and Human Resource Management (Q2)";"Business, Management and Accounting; Social Sciences"
338;20574;"Journal of Contingencies and Crisis Management";journal;"14685973, 09660879";"Wiley-Blackwell Publishing Ltd";No;No;0,823;Q2;76;38;117;2197;335;110;2,73;57,82;46,67;11;United Kingdom;Western Europe;"Wiley-Blackwell Publishing Ltd";"1993-2026";"Management Information Systems (Q2); Management, Monitoring, Policy and Law (Q2)";"Business, Management and Accounting; Environmental Science"
339;22751;"Journal of Economic Inequality";journal;"15691721, 15738701";"Springer Netherlands";No;No;0,821;Q2;54;27;70;1173;107;64;1,17;43,44;30,91;22;Netherlands;Western Europe;"Springer Netherlands";"2003-2026";"Economics, Econometrics and Finance (miscellaneous) (Q1); Sociology and Political Science (Q1); Organizational Behavior and Human Resource Management (Q2)";"Business, Management and Accounting; Economics, Econometrics and Finance; Social Sciences"
340;19900192134;"Decision Sciences Journal of Innovative Education";journal;"15404609, 15404595";"John Wiley and Sons Ltd";No;No;0,819;Q1;32;19;63;759;126;54;1,46;39,95;26,19;0;United Kingdom;Western Europe;"John Wiley and Sons Ltd";"2011-2025";"Business, Management and Accounting (miscellaneous) (Q1); Education (Q1); Decision Sciences (miscellaneous) (Q2)";"Business, Management and Accounting; Decision Sciences; Social Sciences"
341;4700152279;"Journal of Marketing for Higher Education";journal;"15407144, 08841241";"Routledge";No;No;0,819;Q2;51;16;46;1036;125;44;2,85;64,75;57,14;1;United States;Northern America;"Routledge";"1988-1991, 1993-2026";"Education (Q1); Marketing (Q2)";"Business, Management and Accounting; Social Sciences"
342;19786;"Utilities Policy";journal;"09571787";"Elsevier B.V.";No;No;0,818;Q1;72;83;250;4435;681;241;2,23;53,43;31,97;33;United Kingdom;Western Europe;"Elsevier B.V.";"1990-1995, 1997-2001, 2003-2026";"Business and International Management (Q1); Development (Q1); Law (Q1); Sociology and Political Science (Q1); Management, Monitoring, Policy and Law (Q2)";"Business, Management and Accounting; Environmental Science; Social Sciences"
343;19900193253;"Behavioral Research in Accounting";journal;"15588009, 10504753";"American Accounting Association";No;No;0,818;Q2;36;19;44;1171;76;43;1,79;61,63;33,33;1;United States;Northern America;"American Accounting Association";"2007-2025";"Accounting (Q2); Organizational Behavior and Human Resource Management (Q2)";"Business, Management and Accounting"
344;27639;"Cartography and Geographic Information Science";journal;"15230406";"Taylor and Francis Ltd.";No;No;0,814;Q2;73;41;113;1889;330;107;3,00;46,07;20,45;3;United Kingdom;Western Europe;"Taylor and Francis Ltd.";"1997-2026";"Civil and Structural Engineering (Q1); Geography, Planning and Development (Q1); Management of Technology and Innovation (Q2)";"Business, Management and Accounting; Engineering; Social Sciences"
345;19700175100;"American Health and Drug Benefits";journal;"19422962, 19422970";"Engage Healthcare Communications, Inc.";Yes;No;0,812;Q1;42;38;202;816;266;90;1,18;21,47;51,61;0;United States;Northern America;"Engage Healthcare Communications, Inc.";"2009-2024";"Strategy and Management (Q1); Health Policy (Q2)";"Business, Management and Accounting; Medicine"
346;15725;"Voluntas";journal;"09578765, 15737888";"Cambridge University Press";No;No;0,806;Q1;77;97;338;6773;662;335;1,77;69,82;39,90;24;United States;Northern America;"Cambridge University Press";"1990-2025";"Business and International Management (Q1); Geography, Planning and Development (Q1); Public Administration (Q1); Sociology and Political Science (Q1); Strategy and Management (Q1)";"Business, Management and Accounting; Social Sciences"
347;19700169885;"European Sport Management Quarterly";journal;"1746031X, 16184742";"Routledge";No;No;0,797;Q1;63;34;101;2427;226;95;2,28;71,38;23,91;8;United Kingdom;Western Europe;"Routledge";"2010-2026";"Strategy and Management (Q1); Tourism, Leisure and Hospitality Management (Q1); Sports Science (Q2)";"Business, Management and Accounting; Health Professions"
348;130065;"Journal of Enterprise Information Management";journal;"17410398";"Emerald Publishing";No;No;0,797;Q2;100;50;137;4142;643;133;3,87;82,84;24,82;0;United Kingdom;Western Europe;"Emerald Publishing";"2004-2026";"Information Systems (Q1); Library and Information Sciences (Q1); Decision Sciences (miscellaneous) (Q2); Management of Technology and Innovation (Q2)";"Business, Management and Accounting; Computer Science; Decision Sciences; Social Sciences"
349;21100470105;"SIGIR 2016 - Proceedings of the 39th International ACM SIGIR Conference on Research and Development in Information Retrieval";conference and proceedings;"-";"";No;No;0,794;-;41;0;228;0;1057;225;0,00;0,00;0,00;0;United States;Northern America;"";"";"Industrial and Manufacturing Engineering; Management Science and Operations Research; Organizational Behavior and Human Resource Management";"Business, Management and Accounting; Decision Sciences; Engineering"
350;21100922610;"Journal of Professions and Organization";journal;"20518811, 20518803";"Oxford University Press";No;No;0,790;Q1;32;21;45;1483;135;45;2,59;70,62;34,62;6;United States;Northern America;"Oxford University Press";"2014-2026";"Business and International Management (Q1); Strategy and Management (Q1); Organizational Behavior and Human Resource Management (Q2)";"Business, Management and Accounting"
351;13194;"Career Development Quarterly";journal;"21610045, 08894019";"Wiley-Blackwell";No;No;0,790;Q2;70;25;87;1147;228;85;2,21;45,88;56,94;3;United States;Northern America;"Wiley-Blackwell";"1986-2026";"Applied Psychology (Q2); Organizational Behavior and Human Resource Management (Q2); Psychology (miscellaneous) (Q2)";"Business, Management and Accounting; Psychology"
352;17400154830;"Review of Managerial Science";journal;"18636683, 18636691";"Springer Verlag";No;No;0,784;Q1;74;42;98;3867;318;97;3,26;92,07;29,29;7;Germany;Western Europe;"Springer Verlag";"2007, 2009-2026";"Business, Management and Accounting (miscellaneous) (Q1)";"Business, Management and Accounting"
353;5700153461;"Management Communication Quarterly";journal;"08933189, 15526798";"SAGE Publications Inc.";No;No;0,784;Q2;86;26;92;1310;165;91;1,82;50,38;52,94;1;United States;Northern America;"SAGE Publications Inc.";"1987-2026";"Communication (Q1); Strategy and Management (Q2)";"Business, Management and Accounting; Social Sciences"
354;15688;"Journal of Information Systems";journal;"08887985, 15587959";"American Accounting Association";No;No;0,780;Q2;52;36;68;1946;197;59;3,05;54,06;27,38;5;United States;Northern America;"American Accounting Association";"2006, 2009-2025";"Human-Computer Interaction (Q1); Information Systems (Q1); Information Systems and Management (Q1); Software (Q1); Accounting (Q2); Management Information Systems (Q2); Management of Technology and Innovation (Q2)";"Business, Management and Accounting; Computer Science; Decision Sciences"
355;145295;"4OR";journal;"16142411, 16194500";"Springer";No;No;0,779;Q2;50;21;71;752;84;57;1,00;35,81;23,26;1;Germany;Western Europe;"Springer";"2003-2026";"Computational Theory and Mathematics (Q2); Management Information Systems (Q2); Management Science and Operations Research (Q2); Theoretical Computer Science (Q2)";"Business, Management and Accounting; Computer Science; Decision Sciences; Mathematics"
356;21100775634;"IZA Journal of Labor Economics";journal;"21938997";"Laborwide";Yes;No;0,778;Q1;24;4;30;144;28;30;1,15;36,00;30,77;4;Germany;Western Europe;"Laborwide";"2012-2024";"Industrial Relations (Q1); Economics and Econometrics (Q2); Organizational Behavior and Human Resource Management (Q2)";"Business, Management and Accounting; Economics, Econometrics and Finance"
357;25561;"Futures";journal;"00163287";"Elsevier Ltd";No;No;0,775;Q1;114;118;264;6478;928;252;3,51;54,90;41,26;37;United Kingdom;Western Europe;"Elsevier Ltd";"1968-2026";"Business and International Management (Q1); Development (Q1); Sociology and Political Science (Q1)";"Business, Management and Accounting; Social Sciences"
358;4700152789;"Collection Management";journal;"01462679, 15452549";"Routledge";No;No;0,775;Q2;24;31;68;598;50;55;0,77;19,29;64,81;5;United States;Northern America;"Routledge";"1976, 1978-1979, 1981-1999, 2001-2025";"Library and Information Sciences (Q1); Strategy and Management (Q2)";"Business, Management and Accounting; Social Sciences"
359;145229;"International Journal of Bank Marketing";journal;"02652323";"Emerald Group Publishing Ltd.";No;No;0,772;Q2;123;79;183;6649;771;182;3,66;84,16;42,50;0;United Kingdom;Western Europe;"Emerald Group Publishing Ltd.";"1983-2026";"Marketing (Q2)";"Business, Management and Accounting"
360;22328;"Organizational Dynamics";journal;"00902616";"Elsevier B.V.";No;No;0,771;Q2;86;38;98;0;273;97;2,44;0,00;54,00;4;United Kingdom;Western Europe;"Elsevier B.V.";"1972-1995, 1997-2026";"Sociology and Political Science (Q1); Applied Psychology (Q2); Organizational Behavior and Human Resource Management (Q2)";"Business, Management and Accounting; Psychology; Social Sciences"
361;17900156718;"Journal of Strategic Marketing";journal;"0965254X, 14664488";"Routledge";No;No;0,770;Q2;76;44;116;2779;309;110;1,82;63,16;32,69;0;United Kingdom;Western Europe;"Routledge";"1984, 1993-2026";"Marketing (Q2); Strategy and Management (Q2)";"Business, Management and Accounting"
362;24842;"International Journal of Selection and Assessment";journal;"14682389, 0965075X";"Wiley-Blackwell Publishing Ltd";No;No;0,769;Q1;79;34;88;1847;135;87;1,29;54,32;48,08;4;United Kingdom;Western Europe;"Wiley-Blackwell Publishing Ltd";"1993-2026";"Business, Management and Accounting (miscellaneous) (Q1); Applied Psychology (Q2); Management of Technology and Innovation (Q2); Psychology (miscellaneous) (Q2); Strategy and Management (Q2)";"Business, Management and Accounting; Psychology"
363;21100466201;"Zeitschrift fur Arbeitsmarktforschung";journal;"18678343, 16143485";"Springer Science and Business Media Deutschland GmbH";Yes;No;0,769;Q1;0;0;0;0;0;0;0,00;0,00;0,00;0;Germany;Western Europe;"Springer Science and Business Media Deutschland GmbH";"2009-2018";"Industrial Relations (Q1); Economics and Econometrics (Q2); Organizational Behavior and Human Resource Management (Q2)";"Business, Management and Accounting; Economics, Econometrics and Finance"
364;5800175970;"Leadership";journal;"17427150, 17427169";"SAGE Publications Ltd";No;No;0,769;Q2;66;38;109;2485;235;103;1,91;65,39;44,16;3;United Kingdom;Western Europe;"SAGE Publications Ltd";"2005-2026";"Sociology and Political Science (Q1); Strategy and Management (Q2)";"Business, Management and Accounting; Social Sciences"
365;11700154380;"Biomedical Materials (Bristol)";journal;"17486041, 1748605X";"IOP Publishing Ltd.";No;No;0,767;Q1;99;103;370;5118;1347;365;3,42;49,69;39,11;0;United Kingdom;Western Europe;"IOP Publishing Ltd.";"2006-2026";"Business and International Management (Q1); Chemistry (miscellaneous) (Q1); Bioengineering (Q2); Biomaterials (Q2); Biomedical Engineering (Q2); Mechanics of Materials (Q2)";"Business, Management and Accounting; Chemical Engineering; Chemistry; Engineering; Materials Science"
366;21100248909;"Tourism Review";journal;"17598451, 16605373";"Emerald Group Publishing Ltd.";No;No;0,766;Q1;82;80;86;5327;278;86;3,51;66,59;43,98;0;United Kingdom;Western Europe;"Emerald Group Publishing Ltd.";"2001-2026";"Geography, Planning and Development (Q1); Tourism, Leisure and Hospitality Management (Q1)";"Business, Management and Accounting; Social Sciences"
367;5700169068;"Multinational Business Review";journal;"1525383X, 20541686";"Emerald Publishing";No;No;0,763;Q1;47;21;58;1645;162;57;3,11;78,33;32,08;0;United Kingdom;Western Europe;"Emerald Publishing";"2003-2025";"Business and International Management (Q1); Business, Management and Accounting (miscellaneous) (Q1)";"Business, Management and Accounting"
368;19700201414;"Journal of Research in Interactive Marketing";journal;"20407122";"Emerald Group Publishing Ltd.";No;No;0,762;Q2;80;28;73;2623;272;71;3,43;93,68;41,67;0;United Kingdom;Western Europe;"Emerald Group Publishing Ltd.";"2010-2026";"Marketing (Q2)";"Business, Management and Accounting"
369;21100206607;"International Journal of Management Education";journal;"14728117";"Elsevier B.V.";No;No;0,758;Q2;74;48;138;3159;430;136;3,27;65,81;50,39;0;Netherlands;Western Europe;"Elsevier B.V.";"1970, 2012-2026";"Education (Q1); Strategy and Management (Q2)";"Business, Management and Accounting; Social Sciences"
370;144637;"Tertiary Education and Management";journal;"13583883, 15731936";"Springer Science and Business Media B.V.";No;No;0,755;Q2;50;24;78;1259;137;74;1,49;52,46;38,89;4;Netherlands;Western Europe;"Springer Science and Business Media B.V.";"1995-2026";"Education (Q1); Organizational Behavior and Human Resource Management (Q2)";"Business, Management and Accounting; Social Sciences"
371;17200154705;"European Journal of International Management";journal;"17516757, 17516765";"Inderscience Enterprises Ltd";No;No;0,753;Q1;40;41;114;2872;239;110;2,12;70,05;40,34;0;United Kingdom;Western Europe;"Inderscience Enterprises Ltd";"2007-2026";"Business and International Management (Q1); Education (Q1); Organizational Behavior and Human Resource Management (Q2)";"Business, Management and Accounting; Social Sciences"
372;144960;"Education and Training";journal;"00400912";"Emerald Publishing";No;No;0,752;Q1;95;70;201;4805;571;196;2,49;68,64;53,26;0;United Kingdom;Western Europe;"Emerald Publishing";"1959-2026";"Business, Management and Accounting (miscellaneous) (Q1); Education (Q1); Life-span and Life-course Studies (Q2)";"Business, Management and Accounting; Social Sciences"
373;22897;"Journal of Consumer Marketing";journal;"07363761";"Emerald Group Publishing Ltd.";No;No;0,751;Q1;127;88;179;5824;426;178;1,85;66,18;52,50;0;United Kingdom;Western Europe;"Emerald Group Publishing Ltd.";"1984-2026";"Business and International Management (Q1); Marketing (Q2)";"Business, Management and Accounting"
374;7000153208;"Service Business";journal;"18628508, 18628516";"Springer Verlag";No;No;0,747;Q1;54;34;108;2774;336;106;2,75;81,59;39,76;3;Germany;Western Europe;"Springer Verlag";"2007-2026";"Business and International Management (Q1); Strategy and Management (Q2)";"Business, Management and Accounting"
375;18700156709;"Management and Organization Review";journal;"17408776, 17408784";"Cambridge University Press";No;No;0,744;Q1;82;40;139;2558;262;105;1,75;63,95;40,00;3;United Kingdom;Western Europe;"Cambridge University Press";"2005-2026";"Business and International Management (Q1); Strategy and Management (Q2)";"Business, Management and Accounting"
376;21100248925;"International Economics";journal;"21107017";"Elsevier B.V.";No;No;0,740;Q1;44;40;102;1690;255;99;2,33;42,25;21,69;16;Netherlands;Western Europe;"Elsevier B.V.";"2010-2026";"Business, Management and Accounting (miscellaneous) (Q1); Economics, Econometrics and Finance (miscellaneous) (Q1)";"Business, Management and Accounting; Economics, Econometrics and Finance"
377;16400154732;"International Journal of Leadership in Education";journal;"13603124, 14645092";"Routledge";No;No;0,740;Q2;55;50;121;2840;218;109;1,64;56,80;53,73;7;United Kingdom;Western Europe;"Routledge";"1998-2026";"Arts and Humanities (miscellaneous) (Q1); Education (Q1); Strategy and Management (Q2)";"Arts and Humanities; Business, Management and Accounting; Social Sciences"
378;21100817620;"Career Development and Transition for Exceptional Individuals";journal;"21651442, 21651434";"SAGE Publications Inc.";No;No;0,739;Q2;29;28;87;854;115;74;1,10;30,50;67,39;12;United States;Northern America;"SAGE Publications Inc.";"2015-2026";"Education (Q1); Organizational Behavior and Human Resource Management (Q2)";"Business, Management and Accounting; Social Sciences"
379;144958;"Journal of Macromarketing";journal;"15526534, 02761467";"SAGE Publications Inc.";No;No;0,736;Q2;76;32;104;2394;223;84;2,07;74,81;51,47;6;United States;Northern America;"SAGE Publications Inc.";"1981-2026";"Marketing (Q2)";"Business, Management and Accounting"
380;5800228220;"Optimization Letters";journal;"18624472, 18624480";"Springer Verlag";No;No;0,735;-;60;132;384;2917;636;374;1,62;22,10;24,63;1;Germany;Western Europe;"Springer Verlag";"2007-2026";"Control and Optimization (Q1)";"Mathematics"
381;145291;"Business Process Management Journal";journal;"14637154";"Emerald Group Publishing Ltd.";No;No;0,733;Q1;108;89;197;6807;724;192;3,27;76,48;34,29;0;United Kingdom;Western Europe;"Emerald Group Publishing Ltd.";"1997-2026";"Business and International Management (Q1); Business, Management and Accounting (miscellaneous) (Q1)";"Business, Management and Accounting"
382;21100304858;"Information Technology and Tourism";journal;"10983058, 19434294";"Springer Science + Business Media";No;No;0,731;Q1;51;26;76;1363;257;66;2,83;52,42;36,11;3;Germany;Western Europe;"Springer Science + Business Media";"2014-2026";"Information Systems (Q1); Tourism, Leisure and Hospitality Management (Q1); Computer Science Applications (Q2)";"Business, Management and Accounting; Computer Science"
383;100147337;"Journal of Education and Work";journal;"13639080, 14699435";"Brill Academic Publishers";No;No;0,731;Q2;50;45;153;2186;268;150;1,31;48,58;51,19;19;United Kingdom;Western Europe;"Brill Academic Publishers";"2005-2026";"Education (Q1); Organizational Behavior and Human Resource Management (Q2); Public Administration (Q2)";"Business, Management and Accounting; Social Sciences"
384;19900191762;"Journal of Sport and Tourism";journal;"14775085, 10295399";"Routledge";No;No;0,729;Q1;59;13;54;841;135;48;2,00;64,69;33,33;1;United Kingdom;Western Europe;"Routledge";"1993-2014, 2016-2026";"Tourism, Leisure and Hospitality Management (Q1)";"Business, Management and Accounting"
385;21100790518;"International Journal of Management Science and Engineering Management";journal;"17509653, 17509661";"Taylor and Francis Ltd.";No;No;0,729;Q2;40;29;84;962;236;83;2,26;33,17;29,23;0;United Kingdom;Western Europe;"Taylor and Francis Ltd.";"2006-2026";"Engineering (miscellaneous) (Q1); Mechanical Engineering (Q1); Information Systems and Management (Q2); Management Science and Operations Research (Q2); Strategy and Management (Q2)";"Business, Management and Accounting; Decision Sciences; Engineering"
386;17914;"Venture Capital";journal;"14645343, 13691066";"Routledge";No;No;0,728;-;71;17;53;1283;162;48;2,83;75,47;27,78;8;United Kingdom;Western Europe;"Routledge";"1999-2026";"Finance (Q2)";"Economics, Econometrics and Finance"
387;16400154731;"School Leadership and Management";journal;"13632434, 13642626";"Brill Academic Publishers";No;No;0,727;Q2;62;30;89;1394;133;79;1,63;46,47;53,85;15;United Kingdom;Western Europe;"Brill Academic Publishers";"1996-2026";"Arts and Humanities (miscellaneous) (Q1); Education (Q1); Strategy and Management (Q2)";"Arts and Humanities; Business, Management and Accounting; Social Sciences"
388;144921;"International Journal of Retail and Distribution Management";journal;"09590552";"Emerald Publishing";No;No;0,725;Q1;113;72;204;5402;692;194;2,88;75,03;43,02;0;United Kingdom;Western Europe;"Emerald Publishing";"1990-2026";"Business and International Management (Q1); Marketing (Q2); Tourism, Leisure and Hospitality Management (Q2)";"Business, Management and Accounting"
389;21100262312;"Journal of Corporate Real Estate";journal;"1463001X, 14791048";"Emerald Group Publishing Ltd.";No;No;0,724;Q1;40;20;56;1092;133;48;1,70;54,60;62,50;0;United Kingdom;Western Europe;"Emerald Group Publishing Ltd.";"1998-2026";"Business, Management and Accounting (miscellaneous) (Q1); Finance (Q2)";"Business, Management and Accounting; Economics, Econometrics and Finance"
390;144659;"Journal of Small Business and Enterprise Development";journal;"14626004";"Emerald Group Publishing Ltd.";No;No;0,723;Q1;97;45;167;3588;485;164;2,67;79,73;35,34;0;United Kingdom;Western Europe;"Emerald Group Publishing Ltd.";"1994-2026";"Business, Management and Accounting (miscellaneous) (Q1); Strategy and Management (Q2)";"Business, Management and Accounting"
391;15496;"International Journal of Intercultural Relations";journal;"01471767";"Elsevier Ltd";No;No;0,721;Q1;113;56;160;3722;402;160;2,33;66,46;61,78;7;United Kingdom;Western Europe;"Elsevier Ltd";"1977-2026";"Business and International Management (Q1); Sociology and Political Science (Q1); Social Psychology (Q2)";"Business, Management and Accounting; Psychology; Social Sciences"
392;17600155397;"International Journal of Design";journal;"1994036X, 19913761";"Chinese Institute of Design";Yes;No;0,720;Q2;59;18;55;1152;182;52;2,73;64,00;50,00;0;Taiwan;Asiatic Region;"Chinese Institute of Design";"2007-2025";"Computer Graphics and Computer-Aided Design (Q1); Industrial and Manufacturing Engineering (Q1); Marketing (Q2); Strategy and Management (Q2)";"Business, Management and Accounting; Computer Science; Engineering"
393;21100945159;"Journal of Law, Finance, and Accounting";journal;"23805013, 23805005";"Now Publishers Inc";No;No;0,720;Q2;11;8;27;316;33;27;1,53;39,50;20,00;1;United States;Northern America;"Now Publishers Inc";"2016-2024";"Law (Q1); Accounting (Q2); Finance (Q2)";"Business, Management and Accounting; Economics, Econometrics and Finance; Social Sciences"
394;12117;"Asia Pacific Journal of Tourism Research";journal;"10941665, 17416507";"Taylor and Francis Ltd.";No;No;0,719;Q2;75;82;257;5438;643;255;2,43;66,32;40,79;4;United Kingdom;Western Europe;"Taylor and Francis Ltd.";"2003-2026";"Geography, Planning and Development (Q1); Tourism, Leisure and Hospitality Management (Q2)";"Business, Management and Accounting; Social Sciences"
395;19400158573;"Journal of Pension Economics and Finance";journal;"14747472, 14753022";"Cambridge University Press";No;No;0,719;Q2;40;29;61;855;91;60;1,55;29,48;31,82;0;United Kingdom;Western Europe;"Cambridge University Press";"2002-2025";"Economics and Econometrics (Q2); Finance (Q2); Organizational Behavior and Human Resource Management (Q2)";"Business, Management and Accounting; Economics, Econometrics and Finance"
396;144738;"Employee Relations";journal;"01425455";"Emerald Group Publishing Ltd.";No;No;0,718;Q1;78;84;182;6231;520;179;2,05;74,18;36,65;0;United Kingdom;Western Europe;"Emerald Group Publishing Ltd.";"1979-2026";"Industrial Relations (Q1); Organizational Behavior and Human Resource Management (Q2)";"Business, Management and Accounting"
397;5700185098;"Competitiveness Review";journal;"20513143, 10595422";"Emerald Publishing";No;No;0,713;Q1;49;34;87;2253;243;83;2,24;66,26;25,71;0;United Kingdom;Western Europe;"Emerald Publishing";"1996-2026";"Business and International Management (Q1); Business, Management and Accounting (miscellaneous) (Q1)";"Business, Management and Accounting"
398;22920;"Journal of Fashion Marketing and Management";journal;"13612026";"Emerald Group Publishing Ltd.";No;No;0,712;Q1;79;36;97;2459;281;97;2,40;68,31;74,32;0;United Kingdom;Western Europe;"Emerald Group Publishing Ltd.";"1996-2026";"Business and International Management (Q1); Marketing (Q2)";"Business, Management and Accounting"
399;21100838016;"Quarterly Journal of Finance";journal;"20101406, 20101392";"World Scientific";No;No;0,709;Q2;28;20;61;821;57;60;0,95;41,05;20,00;0;Singapore;Asiatic Region;"World Scientific";"2011-2026";"Economics and Econometrics (Q2); Finance (Q2); Strategy and Management (Q2)";"Business, Management and Accounting; Economics, Econometrics and Finance"
400;5600153495;"Journal of Industrial Relations";journal;"00221856, 14729296";"SAGE Publications Inc.";No;No;0,704;Q1;47;34;104;1987;205;103;2,03;58,44;44,78;23;United Kingdom;Western Europe;"SAGE Publications Inc.";"1959-2026";"Business and International Management (Q1); Industrial Relations (Q1)";"Business, Management and Accounting"
401;3200147830;"Journal of Accounting, Auditing and Finance";journal;"21604061, 0148558X";"SAGE Publications Ltd";No;No;0,701;Q2;68;29;70;1269;119;70;1,10;43,76;29,17;0;United Kingdom;Western Europe;"SAGE Publications Ltd";"1986-2026";"Economics, Econometrics and Finance (miscellaneous) (Q1); Accounting (Q2); Finance (Q2)";"Business, Management and Accounting; Economics, Econometrics and Finance"
402;19600156901;"Architectural Engineering and Design Management";journal;"17527589, 17452007";"Taylor and Francis Ltd.";No;No;0,693;Q1;44;27;100;1467;225;83;2,31;54,33;36,92;3;United Kingdom;Western Europe;"Taylor and Francis Ltd.";"2005-2026";"Architecture (Q1); Building and Construction (Q1); Business, Management and Accounting (miscellaneous) (Q1)";"Business, Management and Accounting; Engineering"
403;16509;"Journal of Futures Markets";journal;"10969934, 02707314";"Wiley-Liss Inc.";No;No;0,693;Q1;69;80;191;3302;284;182;1,42;41,28;24,58;7;United States;Northern America;"Wiley-Liss Inc.";"1981-2026";"Business, Management and Accounting (miscellaneous) (Q1); Accounting (Q2); Economics and Econometrics (Q2); Finance (Q2)";"Business, Management and Accounting; Economics, Econometrics and Finance"
404;19700201530;"International Journal of Sport Policy and Politics";journal;"19406940, 19406959";"Taylor and Francis Ltd.";No;No;0,693;Q2;47;44;138;2739;271;132;1,77;62,25;24,21;13;United Kingdom;Western Europe;"Taylor and Francis Ltd.";"2010-2026";"Social Sciences (miscellaneous) (Q1); Tourism, Leisure and Hospitality Management (Q2)";"Business, Management and Accounting; Social Sciences"
405;21100899309;"Research and Practice in Technology Enhanced Learning";journal;"17937078";"Asia-Pacific Society for Computers in Education";Yes;Yes;0,691;Q2;38;26;65;1200;221;65;3,26;46,15;37,50;6;Taiwan;Asiatic Region;"Asia-Pacific Society for Computers in Education";"2015-2026";"Media Technology (Q1); Education (Q2); Management of Technology and Innovation (Q2); Social Psychology (Q2)";"Business, Management and Accounting; Engineering; Psychology; Social Sciences"
406;21100827923;"Eurasian Business Review";journal;"13094297, 21474281";"Springer International Publishing AG";Yes;No;0,687;Q1;38;24;69;1400;181;66;2,74;58,33;25,00;3;Switzerland;Western Europe;"Springer International Publishing AG";"2011-2026";"Business, Management and Accounting (miscellaneous) (Q1); Economics, Econometrics and Finance (miscellaneous) (Q1)";"Business, Management and Accounting; Economics, Econometrics and Finance"
407;22893;"Journal of Business and Industrial Marketing";journal;"08858624";"Emerald Group Publishing Ltd.";No;No;0,685;Q1;94;145;285;10733;874;278;2,80;74,02;36,18;0;United Kingdom;Western Europe;"Emerald Group Publishing Ltd.";"1986-2026";"Business and International Management (Q1); Marketing (Q2)";"Business, Management and Accounting"
408;17700156769;"Journal of Brand Management";journal;"14791803, 1350231X";"Palgrave Macmillan Ltd.";No;No;0,685;Q2;81;52;128;3858;277;124;1,74;74,19;47,15;2;United Kingdom;Western Europe;"Palgrave Macmillan Ltd.";"2005, 2008-2026";"Marketing (Q2); Strategy and Management (Q2)";"Business, Management and Accounting"
409;14788;"Human Performance";journal;"08959285, 15327043";"Routledge";No;No;0,684;Q2;87;12;55;963;87;54;1,14;80,25;51,43;1;United States;Northern America;"Routledge";"1988-2026";"Applied Psychology (Q2); Organizational Behavior and Human Resource Management (Q2); Psychology (miscellaneous) (Q2)";"Business, Management and Accounting; Psychology"
410;15249;"Engineering, Construction and Architectural Management";journal;"1365232X, 09699988";"Emerald Publishing";No;No;0,682;Q1;87;137;195;8402;551;192;2,70;61,33;27,47;0;United Kingdom;Western Europe;"Emerald Publishing";"1994-2026";"Architecture (Q1); Building and Construction (Q1); Business, Management and Accounting (miscellaneous) (Q1); Civil and Structural Engineering (Q2)";"Business, Management and Accounting; Engineering"
411;20208;"Business History Review";journal;"00076805, 2044768X";"Cambridge University Press";No;No;0,681;Q1;44;34;68;2125;77;60;1,19;62,50;25,64;0;United Kingdom;Western Europe;"Cambridge University Press";"1926-2025";"Business and International Management (Q1); Business, Management and Accounting (miscellaneous) (Q1); History (Q1)";"Arts and Humanities; Business, Management and Accounting"
412;23952;"Cooperation and Conflict";journal;"00108367, 14603691";"SAGE Publications Ltd";No;No;0,680;Q2;61;29;89;2061;202;87;2,10;71,07;34,78;14;United Kingdom;Western Europe;"SAGE Publications Ltd";"1965, 1967-2026";"Development (Q1); Political Science and International Relations (Q1); Social Sciences (miscellaneous) (Q1); Strategy and Management (Q2)";"Business, Management and Accounting; Social Sciences"
413;23729;"Total Quality Management and Business Excellence";journal;"14783363, 14783371";"Routledge";No;No;0,679;Q1;105;104;271;6327;775;265;2,87;60,84;30,53;4;United Kingdom;Western Europe;"Routledge";"2003-2026";"Business, Management and Accounting (miscellaneous) (Q1)";"Business, Management and Accounting"
414;144961;"European Journal of Innovation Management";journal;"14601060";"Emerald Group Publishing Ltd.";No;No;0,678;Q2;97;41;91;3667;317;90;3,67;89,44;35,79;0;United Kingdom;Western Europe;"Emerald Group Publishing Ltd.";"1998-2026";"Management of Technology and Innovation (Q2)";"Business, Management and Accounting"
415;5700167235;"International Journal of Consumer Studies";journal;"14706423, 14706431";"Wiley-Blackwell Publishing Ltd";No;No;0,678;Q2;121;51;242;2846;575;237;1,82;55,80;56,82;18;United Kingdom;Western Europe;"Wiley-Blackwell Publishing Ltd";"2001-2026";"Applied Psychology (Q2); Economics and Econometrics (Q2); Marketing (Q2); Public Health, Environmental and Occupational Health (Q2)";"Business, Management and Accounting; Economics, Econometrics and Finance; Medicine; Psychology"
416;21100830164;"Business and Human Rights Journal";journal;"20570198, 20570201";"Cambridge University Press";No;No;0,676;Q1;30;27;71;1026;164;70;2,14;38,00;56,10;10;United Kingdom;Western Europe;"Cambridge University Press";"2016-2026";"Business and International Management (Q1); Industrial Relations (Q1); Law (Q1); Sociology and Political Science (Q1)";"Business, Management and Accounting; Social Sciences"
417;21100227406;"Sustainability Accounting, Management and Policy Journal";journal;"20408021, 2040803X";"Emarald Group Publishing Ltd";No;No;0,672;Q1;68;37;79;3126;284;77;2,21;84,49;48,81;0;United Kingdom;Western Europe;"Emarald Group Publishing Ltd";"2010-2026";"Business, Management and Accounting (miscellaneous) (Q1); Renewable Energy, Sustainability and the Environment (Q2)";"Business, Management and Accounting; Energy"
418;14500154733;"Operational Research";journal;"11092858, 18661505";"Springer Verlag";No;No;0,670;Q2;41;47;107;1900;226;105;1,98;40,43;29,13;1;Germany;Western Europe;"Springer Verlag";"2009-2026";"Computational Theory and Mathematics (Q2); Management of Technology and Innovation (Q2); Management Science and Operations Research (Q2); Modeling and Simulation (Q2); Numerical Analysis (Q2); Statistics, Probability and Uncertainty (Q2); Strategy and Management (Q2)";"Business, Management and Accounting; Computer Science; Decision Sciences; Mathematics"
419;12964;"Review of Quantitative Finance and Accounting";journal;"0924865X, 15737179";"Springer New York";No;No;0,669;Q1;63;80;240;4404;369;240;1,34;55,05;29,90;5;United States;Northern America;"Springer New York";"1991-2026";"Business, Management and Accounting (miscellaneous) (Q1); Accounting (Q2); Finance (Q2)";"Business, Management and Accounting; Economics, Econometrics and Finance"
420;28888;"Computer Law and Security Review";journal;"22124748, 2212473X";"Elsevier Ltd";No;No;0,668;Q1;70;47;275;518;640;253;2,52;11,02;36,92;16;United Kingdom;Western Europe;"Elsevier Ltd";"1985-2026";"Business, Management and Accounting (miscellaneous) (Q1); Computer Networks and Communications (Q1); Law (Q1)";"Business, Management and Accounting; Computer Science; Social Sciences"
421;21100870602;"Journal of Sustainable Finance and Investment";journal;"20430809, 20430795";"Taylor and Francis Ltd.";No;No;0,668;Q1;52;20;52;1026;92;51;1,68;51,30;36,36;11;United Kingdom;Western Europe;"Taylor and Francis Ltd.";"2011-2026";"Business and International Management (Q1); Economics, Econometrics and Finance (miscellaneous) (Q1); Finance (Q2)";"Business, Management and Accounting; Economics, Econometrics and Finance"
422;5700185131;"Journal of Management Education";journal;"10525629, 15526658";"SAGE Publications Inc.";No;No;0,663;Q1;68;43;141;1398;204;118;1,23;32,51;45,21;1;United States;Northern America;"SAGE Publications Inc.";"1975-1984, 1986-2026";"Business, Management and Accounting (miscellaneous) (Q1); Education (Q2)";"Business, Management and Accounting; Social Sciences"
423;21100201769;"Journal of Communication Management";journal;"1363254X";"Emerald Group Publishing Ltd.";No;No;0,663;Q2;56;26;82;1804;141;81;1,75;69,38;53,33;0;United Kingdom;Western Europe;"Emerald Group Publishing Ltd.";"1995-2026";"Communication (Q1); Strategy and Management (Q2)";"Business, Management and Accounting; Social Sciences"
424;30064;"Journal of Psychology";journal;"19401019, 00223980";"Routledge";No;No;0,660;Q1;88;47;164;2862;292;163;1,51;60,89;54,55;6;United States;Northern America;"Routledge";"1936-2026";"Business, Management and Accounting (miscellaneous) (Q1); Education (Q2); Psychology (miscellaneous) (Q2)";"Business, Management and Accounting; Psychology; Social Sciences"
425;11600154157;"TQM Journal";journal;"17542731";"Emerald Group Publishing Ltd.";No;No;0,658;Q1;89;60;151;3786;498;149;3,27;63,10;35,33;0;United Kingdom;Western Europe;"Emerald Group Publishing Ltd.";"2008-2026";"Business and International Management (Q1); Business, Management and Accounting (miscellaneous) (Q1); Decision Sciences (miscellaneous) (Q2); Strategy and Management (Q2)";"Business, Management and Accounting; Decision Sciences"
426;28708;"National Tax Journal";journal;"19447477, 00280283";"University of Chicago Press";No;No;0,656;Q2;72;32;95;1069;91;94;0,72;33,41;28,57;24;United States;Northern America;"University of Chicago Press";"1985, 1989, 1995-2026";"Accounting (Q2); Economics and Econometrics (Q2); Finance (Q2)";"Business, Management and Accounting; Economics, Econometrics and Finance"
427;20606;"Journal of Forecasting";journal;"02776693, 1099131X";"John Wiley and Sons Ltd";No;No;0,654;Q2;74;54;168;2218;280;168;1,79;41,07;27,19;12;United Kingdom;Western Europe;"John Wiley and Sons Ltd";"1982-2026";"Computer Science Applications (Q2); Management Science and Operations Research (Q2); Modeling and Simulation (Q2); Statistics, Probability and Uncertainty (Q2); Strategy and Management (Q2)";"Business, Management and Accounting; Computer Science; Decision Sciences; Mathematics"
428;21100255510;"Negotiation and Conflict Management Research";journal;"17504716, 17504708";"";No;No;0,653;Q2;24;20;57;1511;69;57;1,00;75,55;55,32;3;United States;Northern America;"";"2009, 2011-2026";"Communication (Q1); Strategy and Management (Q2)";"Business, Management and Accounting; Social Sciences"
429;130111;"Clean Technologies and Environmental Policy";journal;"1618954X, 16189558";"Springer Science and Business Media Deutschland GmbH";No;No;0,653;-;93;151;605;6939;1567;573;2,53;45,95;29,20;15;Germany;Western Europe;"Springer Science and Business Media Deutschland GmbH";"1998, 2002, 2004-2026";"Environmental Chemistry (Q2); Environmental Engineering (Q2); Management, Monitoring, Policy and Law (Q2)";"Environmental Science"
430;4700152295;"Journal of Promotion Management";journal;"10496491, 15407594";"Routledge";No;No;0,650;Q2;50;52;147;3072;235;142;1,42;59,08;54,37;0;United Kingdom;Western Europe;"Routledge";"1992-1997, 1999-2002, 2004, 2006-2026";"Marketing (Q2)";"Business, Management and Accounting"
431;145676;"Thunderbird International Business Review";journal;"10964762, 15206874";"John Wiley and Sons Inc";No;No;0,649;Q1;59;78;180;5148;413;152;2,49;66,00;36,00;17;United States;Northern America;"John Wiley and Sons Inc";"1998-1999, 2005-2026";"Business and International Management (Q1); Geography, Planning and Development (Q1); Political Science and International Relations (Q1)";"Business, Management and Accounting; Social Sciences"
432;17700156755;"Tourism and Hospitality Research";journal;"14673584, 17429692";"SAGE Publications Inc.";No;No;0,647;Q2;64;40;104;2572;247;101;2,53;64,30;46,81;4;United Kingdom;Western Europe;"SAGE Publications Inc.";"2004-2026";"Geography, Planning and Development (Q1); Tourism, Leisure and Hospitality Management (Q2)";"Business, Management and Accounting; Social Sciences"
433;21100901154;"Advanced Manufacturing: Polymer and Composites Science";journal;"20550359";"Taylor and Francis Ltd.";Yes;No;0,642;Q2;29;20;36;756;114;36;2,61;37,80;7,94;0;United Kingdom;Western Europe;"Taylor and Francis Ltd.";"2015-2026";"Polymers and Plastics (Q1); Electrical and Electronic Engineering (Q2); Management of Technology and Innovation (Q2)";"Business, Management and Accounting; Engineering; Materials Science"
434;21100465205;"European Research on Management and Business Economics";journal;"24448834";"European Academy of Management and Business Economics";Yes;No;0,641;Q1;50;22;64;1176;252;64;4,90;53,45;27,59;4;Spain;Western Europe;"European Academy of Management and Business Economics";"2016-2026";"Business and International Management (Q1); Economics and Econometrics (Q2); Marketing (Q2); Strategy and Management (Q2)";"Business, Management and Accounting; Economics, Econometrics and Finance"
435;21100887701;"Journal of Self-Governance and Management Economics (discontinued)";journal;"23770996, 23294175";"Addleton Academic Publishers";No;No;0,641;Q1;26;20;19;342;96;19;5,05;17,10;51,06;0;United States;Northern America;"Addleton Academic Publishers";"2018-2021";"Business and International Management (Q1); Economics, Econometrics and Finance (miscellaneous) (Q1); Philosophy (Q1); Political Science and International Relations (Q1)";"Arts and Humanities; Business, Management and Accounting; Economics, Econometrics and Finance; Social Sciences"
436;21100356018;"Big Data Research";journal;"22145796, 2214580X";"Elsevier Inc.";No;No;0,640;Q2;51;18;78;529;348;72;4,09;29,39;20,00;1;United States;Northern America;"Elsevier Inc.";"2014-2026";"Computer Science Applications (Q2); Information Systems (Q2); Information Systems and Management (Q2); Management Information Systems (Q2)";"Business, Management and Accounting; Computer Science; Decision Sciences"
437;21100778661;"European Journal of Management and Business Economics";journal;"24448451, 24448494";"Emerald Group Publishing Ltd.";Yes;Yes;0,639;Q1;43;18;59;1374;173;57;2,79;76,33;53,33;0;United Kingdom;Western Europe;"Emerald Group Publishing Ltd.";"2016-2025";"Business and International Management (Q1); Finance (Q2); Marketing (Q2); Organizational Behavior and Human Resource Management (Q2); Strategy and Management (Q2); Tourism, Leisure and Hospitality Management (Q2)";"Business, Management and Accounting; Economics, Econometrics and Finance"
438;12056;"Research in International Business and Finance";journal;"02755319";"Elsevier B.V.";No;No;0,638;Q1;99;132;542;7290;1336;538;2,31;55,23;24,83;30;Netherlands;Western Europe;"Elsevier B.V.";"2004-2026";"Business, Management and Accounting (miscellaneous) (Q1); Finance (Q2)";"Business, Management and Accounting; Economics, Econometrics and Finance"
439;21995;"Contemporary Economic Policy";journal;"14657287, 10743529";"Wiley-Blackwell Publishing Ltd";No;No;0,635;Q1;65;42;146;1700;213;140;1,29;40,48;26,37;14;United Kingdom;Western Europe;"Wiley-Blackwell Publishing Ltd";"1982-2026";"Business, Management and Accounting (miscellaneous) (Q1); Economics and Econometrics (Q2); Public Administration (Q2)";"Business, Management and Accounting; Economics, Econometrics and Finance; Social Sciences"
440;19951;"International Journal of Conflict Management";journal;"10444068";"Emerald Group Publishing Ltd.";No;No;0,634;Q2;72;33;89;2616;166;88;1,90;79,27;33,75;0;United Kingdom;Western Europe;"Emerald Group Publishing Ltd.";"1990-2026";"Communication (Q1); Management of Technology and Innovation (Q2); Strategy and Management (Q2)";"Business, Management and Accounting; Social Sciences"
441;23582;"Journal of Real Estate Finance and Economics";journal;"1573045X, 08955638";"Springer Netherlands";No;No;0,634;Q2;78;47;138;1805;194;138;1,08;38,40;24,11;13;Netherlands;Western Europe;"Springer Netherlands";"1988-2026";"Urban Studies (Q1); Accounting (Q2); Economics and Econometrics (Q2); Finance (Q2)";"Business, Management and Accounting; Economics, Econometrics and Finance; Social Sciences"
442;21100255547;"Journal of Outdoor Recreation and Tourism";journal;"22130780";"Elsevier B.V.";Yes;No;0,632;Q2;55;45;102;2617;260;100;2,32;58,16;41,18;9;United Kingdom;Western Europe;"Elsevier B.V.";"2013-2026";"Tourism, Leisure and Hospitality Management (Q2)";"Business, Management and Accounting"
443;4700152786;"Journal of Political Marketing";journal;"15377857, 15377865";"Routledge";No;No;0,632;Q2;37;17;63;888;98;58;1,41;52,24;46,15;3;United States;Northern America;"Routledge";"2002-2026";"Sociology and Political Science (Q1); Marketing (Q2)";"Business, Management and Accounting; Social Sciences"
444;21100262310;"EuroMed Journal of Business";journal;"14502194, 1758888X";"Emerald Group Publishing Ltd.";No;No;0,631;Q1;47;18;59;1291;189;59;2,88;71,72;34,04;0;United Kingdom;Western Europe;"Emerald Group Publishing Ltd.";"2006-2026";"Business, Management and Accounting (miscellaneous) (Q1); Finance (Q2)";"Business, Management and Accounting; Economics, Econometrics and Finance"
445;21100890635;"Business Research";journal;"21983402, 21982627";"Springer Science and Business Media Deutschland GmbH";Yes;Yes;0,629;Q1;0;0;0;0;0;0;0,00;0,00;0,00;0;Switzerland;Western Europe;"Springer Science and Business Media Deutschland GmbH";"2008-2020";"Business, Management and Accounting (miscellaneous) (Q1)";"Business, Management and Accounting"
446;24928;"Service Industries Journal";journal;"17439507, 02642069";"Taylor and Francis Ltd.";No;No;0,629;Q2;98;57;147;4773;349;143;2,34;83,74;33,33;6;United Kingdom;Western Europe;"Taylor and Francis Ltd.";"1983-2026";"Management of Technology and Innovation (Q2); Strategy and Management (Q2)";"Business, Management and Accounting"
447;144962;"Corporate Communications";journal;"13563289";"Emerald Group Publishing Ltd.";No;No;0,627;Q2;76;41;105;2589;208;103;1,55;63,15;64,20;0;United Kingdom;Western Europe;"Emerald Group Publishing Ltd.";"1996-2026";"Industrial Relations (Q2); Organizational Behavior and Human Resource Management (Q2)";"Business, Management and Accounting"
448;14715;"Technology Analysis and Strategic Management";journal;"14653990, 09537325";"Routledge";No;No;0,627;Q2;96;101;268;5136;662;265;2,25;50,85;40,45;10;United Kingdom;Western Europe;"Routledge";"1989-2026";"Management Science and Operations Research (Q2); Strategy and Management (Q2)";"Business, Management and Accounting; Decision Sciences"
449;5000153402;"Journal of Marketing Theory and Practice";journal;"10696679, 19447175";"Routledge";No;No;0,623;Q2;68;27;80;1949;157;77;1,65;72,19;44,00;2;United Kingdom;Western Europe;"Routledge";"1995, 1999-2000, 2002, 2005-2026";"Marketing (Q2)";"Business, Management and Accounting"
450;21100386518;"Advances in Production Engineering and Management";journal;"18556531, 18546250";"Production Engineering Institute";No;No;0,622;Q2;35;38;102;1134;276;102;2,81;29,84;18,69;0;Slovenia;Eastern Europe;"Production Engineering Institute";"2014-2025";"Industrial and Manufacturing Engineering (Q1); Management of Technology and Innovation (Q2); Management Science and Operations Research (Q2); Mechanical Engineering (Q2); Nuclear and High Energy Physics (Q2)";"Business, Management and Accounting; Decision Sciences; Engineering; Physics and Astronomy"
451;21100830431;"Service Science";journal;"21643970, 21643962";"INFORMS Institute for Operations Research and the Management Sciences";No;No;0,619;Q1;29;18;93;1089;206;86;1,98;60,50;25,00;1;United States;Northern America;"INFORMS Institute for Operations Research and the Management Sciences";"2012, 2014-2025";"Business and International Management (Q1); Management Science and Operations Research (Q2); Marketing (Q2); Modeling and Simulation (Q2)";"Business, Management and Accounting; Decision Sciences; Mathematics"
452;29806;"International Journal of Accounting Information Systems";journal;"14670895";"Elsevier Inc.";No;No;0,619;Q2;74;16;55;1051;172;50;3,14;65,69;32,56;2;United States;Northern America;"Elsevier Inc.";"2000-2026";"Accounting (Q2); Finance (Q2); Information Systems and Management (Q2); Management Information Systems (Q2)";"Business, Management and Accounting; Decision Sciences; Economics, Econometrics and Finance"
453;21100201981;"Journal of Management, Spirituality and Religion";journal;"1942258X, 14766086";"International Association of Management, Spirituality and Religion";No;No;0,617;Q2;43;22;71;1652;109;58;1,26;75,09;41,86;0;United Kingdom;Western Europe;"International Association of Management, Spirituality and Religion";"2004-2026";"Religious Studies (Q1); Organizational Behavior and Human Resource Management (Q2)";"Arts and Humanities; Business, Management and Accounting"
454;28802;"Electricity Journal";journal;"10406190";"Elsevier Inc.";No;No;0,616;Q1;67;101;314;2246;566;269;1,51;22,24;23,11;40;United States;Northern America;"Elsevier Inc.";"1988-2026";"Business and International Management (Q1); Law (Q1); Energy (miscellaneous) (Q2); Management of Technology and Innovation (Q2)";"Business, Management and Accounting; Energy; Social Sciences"
455;144670;"Marketing Intelligence and Planning";journal;"02634503";"Emerald Group Publishing Ltd.";No;No;0,616;Q2;97;55;163;3243;469;162;2,65;58,96;34,25;0;United Kingdom;Western Europe;"Emerald Group Publishing Ltd.";"1983-2026";"Marketing (Q2)";"Business, Management and Accounting"
456;5700154545;"International Journal of Heritage Studies";journal;"14703610, 13527258";"Taylor and Francis Ltd.";No;No;0,613;Q2;72;83;198;4991;401;185;2,06;60,13;62,70;6;United Kingdom;Western Europe;"Taylor and Francis Ltd.";"1994-2026";"Conservation (Q1); Cultural Studies (Q1); Geography, Planning and Development (Q1); History (Q1); Museology (Q1); Tourism, Leisure and Hospitality Management (Q2)";"Arts and Humanities; Business, Management and Accounting; Social Sciences"
457;16543;"Tourism Economics";journal;"20440375, 13548166";"SAGE Publications Inc.";No;No;0,611;Q2;83;69;276;4014;523;269;2,05;58,17;33,13;10;United Kingdom;Western Europe;"SAGE Publications Inc.";"1995-2026";"Geography, Planning and Development (Q1); Tourism, Leisure and Hospitality Management (Q2)";"Business, Management and Accounting; Social Sciences"
458;11400153311;"Accounting History";journal;"10323732, 17493374";"SAGE Publications Ltd";No;No;0,610;Q2;36;31;81;2152;112;66;1,31;69,42;45,45;2;United Kingdom;Western Europe;"SAGE Publications Ltd";"1996-2026";"History (Q1); Accounting (Q2)";"Arts and Humanities; Business, Management and Accounting"
459;19929;"Interfaces";journal;"00922102, 1526551X";"INFORMS Inst.for Operations Res.and the Management Sciences";Yes;No;0,609;Q2;74;0;125;0;113;117;0,78;0,00;0,00;0;United States;Northern America;"INFORMS Inst.for Operations Res.and the Management Sciences";"1980-1988, 1990-1991, 1993, 1996-2018";"Management of Technology and Innovation (Q2); Management Science and Operations Research (Q2); Strategy and Management (Q2)";"Business, Management and Accounting; Decision Sciences"
460;28994;"Journal of Evolutionary Economics";journal;"09369937, 14321386";"Springer New York";No;No;0,608;Q1;89;54;146;3596;258;141;1,71;66,59;25,96;19;Germany;Western Europe;"Springer New York";"1991-2026";"Business, Management and Accounting (miscellaneous) (Q1); Economics and Econometrics (Q2)";"Business, Management and Accounting; Economics, Econometrics and Finance"
461;21100886412;"Economics, Management, and Financial Markets (discontinued)";journal;"1938212X, 18423191";"Addleton Academic Publishers";No;No;0,606;Q1;21;20;20;440;112;20;5,60;22,00;59,62;0;United States;Northern America;"Addleton Academic Publishers";"2018-2021";"Business and International Management (Q1); Economics, Econometrics and Finance (miscellaneous) (Q1); Sociology and Political Science (Q1); Strategy and Management (Q2)";"Business, Management and Accounting; Economics, Econometrics and Finance; Social Sciences"
462;4700152735;"Journal of Quality Assurance in Hospitality and Tourism";journal;"1528008X, 15280098";"Routledge";No;No;0,602;Q2;54;36;79;2328;187;74;1,96;64,67;41,57;0;United States;Northern America;"Routledge";"2000-2026";"Tourism, Leisure and Hospitality Management (Q2)";"Business, Management and Accounting"
463;21100446999;"Journal of Global Mobility";journal;"20498802, 20498799";"Emerald Group Publishing Ltd.";No;No;0,601;Q1;35;25;68;1762;136;59;1,76;70,48;58,82;0;United Kingdom;Western Europe;"Emerald Group Publishing Ltd.";"2013-2026";"Business and International Management (Q1); Organizational Behavior and Human Resource Management (Q2)";"Business, Management and Accounting"
464;20195;"Business History";journal;"17437938, 00076791";"Taylor and Francis Ltd.";No;No;0,600;Q1;48;57;168;3912;200;157;1,02;68,63;35,62;12;United Kingdom;Western Europe;"Taylor and Francis Ltd.";"1958-2026";"Business, Management and Accounting (miscellaneous) (Q1); History (Q1); Business and International Management (Q2)";"Arts and Humanities; Business, Management and Accounting"
465;17181;"Public Money and Management";journal;"14679302, 09540962";"Routledge";No;No;0,600;Q1;65;85;275;2607;409;211;1,08;30,67;39,75;27;United Kingdom;Western Europe;"Routledge";"1988-2026";"Business, Management and Accounting (miscellaneous) (Q1); Sociology and Political Science (Q1); Public Administration (Q2)";"Business, Management and Accounting; Social Sciences"
466;130068;"European Business Review";journal;"0955534X";"Emerald Group Publishing Ltd.";No;No;0,599;Q1;65;46;109;3888;258;106;1,72;84,52;31,09;0;United Kingdom;Western Europe;"Emerald Group Publishing Ltd.";"1970, 1989-2026";"Business, Management and Accounting (miscellaneous) (Q1); Business and International Management (Q2)";"Business, Management and Accounting"
467;21100801726;"Review of International Business and Strategy";journal;"20596014";"Emerald Group Publishing Ltd.";No;No;0,599;Q2;48;18;74;1304;193;74;2,80;72,44;39,53;0;United Kingdom;Western Europe;"Emerald Group Publishing Ltd.";"2016-2026";"Business and International Management (Q2); Strategy and Management (Q2)";"Business, Management and Accounting"
468;21100242603;"Journal of Place Management and Development";journal;"17538343, 17538335";"Emerald Group Publishing Ltd.";No;No;0,598;Q2;46;29;92;1860;192;80;1,94;64,14;51,52;0;United Kingdom;Western Europe;"Emerald Group Publishing Ltd.";"2008-2026";"Geography, Planning and Development (Q1); Urban Studies (Q1); Business and International Management (Q2); Marketing (Q2); Strategy and Management (Q2); Tourism, Leisure and Hospitality Management (Q2)";"Business, Management and Accounting; Social Sciences"
469;28910;"Leisure Sciences";journal;"15210588, 01490400";"Taylor and Francis Ltd.";No;No;0,597;Q2;89;33;113;1824;207;113;1,85;55,27;57,75;3;United Kingdom;Western Europe;"Taylor and Francis Ltd.";"1977-2026";"Sociology and Political Science (Q1); Environmental Science (miscellaneous) (Q2); Tourism, Leisure and Hospitality Management (Q2)";"Business, Management and Accounting; Environmental Science; Social Sciences"
470;14809;"Journal of Ecotourism";journal;"14724049, 17477638";"Taylor and Francis Ltd.";No;No;0,595;Q2;56;24;57;1383;131;51;2,10;57,63;35,29;8;United Kingdom;Western Europe;"Taylor and Francis Ltd.";"2002-2026";"Geography, Planning and Development (Q1); Tourism, Leisure and Hospitality Management (Q2)";"Business, Management and Accounting; Social Sciences"
471;23594;"World Economy";journal;"03785920, 14679701";"Wiley-Blackwell Publishing Ltd";No;No;0,592;Q2;90;141;367;6045;468;366;1,08;42,87;29,84;67;United Kingdom;Western Europe;"Wiley-Blackwell Publishing Ltd";"1977-2026";"Political Science and International Relations (Q1); Accounting (Q2); Economics and Econometrics (Q2); Finance (Q2)";"Business, Management and Accounting; Economics, Econometrics and Finance; Social Sciences"
472;21100821602;"Business and Professional Communication Quarterly";journal;"23294922, 23294906";"SAGE Publications Inc.";No;No;0,589;Q1;47;27;88;975;107;73;0,93;36,11;55,32;1;United States;Northern America;"SAGE Publications Inc.";"2015-2026";"Business, Management and Accounting (miscellaneous) (Q1); Economics, Econometrics and Finance (miscellaneous) (Q1); Arts and Humanities (miscellaneous) (Q2); Business and International Management (Q2)";"Arts and Humanities; Business, Management and Accounting; Economics, Econometrics and Finance"
473;145349;"Business and Politics";journal;"13695258, 14693569";"Cambridge University Press";Yes;No;0,588;Q2;42;22;63;1344;79;63;1,22;61,09;35,90;11;United Kingdom;Western Europe;"Cambridge University Press";"1999-2000, 2004-2026";"Political Science and International Relations (Q1); Industrial Relations (Q2)";"Business, Management and Accounting; Social Sciences"
474;21100242210;"Journal of Social Marketing";journal;"20426763, 20426771";"Emerald Publishing";No;No;0,588;Q2;39;29;72;1979;198;67;2,47;68,24;44,59;0;United Kingdom;Western Europe;"Emerald Publishing";"2011-2026";"Management of Technology and Innovation (Q2); Marketing (Q2)";"Business, Management and Accounting"
475;17700156774;"European Management Review";journal;"17404762, 17404754";"Wiley-Blackwell";No;No;0,586;Q2;54;75;86;6312;166;80;1,55;84,16;42,42;9;United States;Northern America;"Wiley-Blackwell";"2004, 2006, 2009-2026";"Business and International Management (Q2); Strategy and Management (Q2)";"Business, Management and Accounting"
476;23064;"Scandinavian Journal of Management";journal;"09565221, 18733387";"Elsevier Ltd";No;No;0,585;Q2;77;26;75;2299;182;72;2,36;88,42;49,06;4;United Kingdom;Western Europe;"Elsevier Ltd";"1988-2026";"Applied Psychology (Q2); Strategy and Management (Q2)";"Business, Management and Accounting; Psychology"
477;24356;"Journal of Economics/ Zeitschrift fur Nationalokonomie";journal;"16177134, 09318658";"Springer";No;No;0,583;Q1;40;36;109;1128;123;108;1,04;31,33;21,88;3;Austria;Western Europe;"Springer";"1930-1939, 1941-1944, 1948-2026";"Business, Management and Accounting (miscellaneous) (Q1); Economics and Econometrics (Q2)";"Business, Management and Accounting; Economics, Econometrics and Finance"
478;145670;"Journal of International Entrepreneurship";journal;"15737349, 15707385";"Springer";No;No;0,583;Q1;62;22;70;2349;196;59;2,44;106,77;44,00;4;Netherlands;Western Europe;"Springer";"2005-2025";"Business, Management and Accounting (miscellaneous) (Q1)";"Business, Management and Accounting"
479;19500157013;"Journal of Contemporary Accounting and Economics";journal;"18155669";"Elsevier Ltd";No;No;0,581;Q2;46;24;60;1503;151;60;2,10;62,63;20,34;2;United Kingdom;Western Europe;"Elsevier Ltd";"2009-2026";"Accounting (Q2)";"Business, Management and Accounting"
480;21100872102;"Journal of Organizational Effectiveness";journal;"20516614, 20516622";"Emerald Group Holdings Ltd.";No;No;0,581;Q2;37;14;67;1020;121;64;1,89;72,86;52,94;0;United Kingdom;Western Europe;"Emerald Group Holdings Ltd.";"2014-2026";"Organizational Behavior and Human Resource Management (Q2)";"Business, Management and Accounting"
481;144664;"British Food Journal";journal;"0007070X";"Emerald Publishing";No;No;0,579;Q1;116;239;602;12933;1558;594;2,31;54,11;50,13;0;United Kingdom;Western Europe;"Emerald Publishing";"1899-2026";"Business, Management and Accounting (miscellaneous) (Q1); Food Science (Q2)";"Agricultural and Biological Sciences; Business, Management and Accounting"
482;21100435972;"Journal of Global Fashion Marketing";journal;"20932685, 23254483";"Taylor and Francis Ltd.";No;No;0,579;Q2;43;26;69;1269;93;69;1,33;48,81;63,79;0;United Kingdom;Western Europe;"Taylor and Francis Ltd.";"2010-2011, 2013-2026";"Cultural Studies (Q1); Management of Technology and Innovation (Q2); Marketing (Q2); Strategy and Management (Q2)";"Business, Management and Accounting; Social Sciences"
483;23434;"Journal of Risk Research";journal;"14664461, 13669877";"Routledge";No;No;0,579;Q2;87;107;260;6148;472;244;1,87;57,46;41,58;29;United Kingdom;Western Europe;"Routledge";"1998-2026";"Engineering (miscellaneous) (Q1); Social Sciences (miscellaneous) (Q1); Safety, Risk, Reliability and Quality (Q2); Strategy and Management (Q2)";"Business, Management and Accounting; Engineering; Social Sciences"
484;21100222556;"Journal of Contextual Behavioral Science";journal;"22121447";"Elsevier Inc.";No;No;0,578;Q2;58;83;140;4167;321;133;1,92;50,20;56,04;7;United States;Northern America;"Elsevier Inc.";"2012-2026";"Applied Psychology (Q2); Ecology, Evolution, Behavior and Systematics (Q2); Health (social science) (Q2); Organizational Behavior and Human Resource Management (Q2); Behavioral Neuroscience (Q3)";"Agricultural and Biological Sciences; Business, Management and Accounting; Neuroscience; Psychology; Social Sciences"
485;19318;"Group Decision and Negotiation";journal;"09262644, 15729907";"Springer Netherlands";No;No;0,577;Q2;75;47;157;2291;320;148;1,93;48,74;28,44;2;Netherlands;Western Europe;"Springer Netherlands";"1992-2026";"Social Sciences (miscellaneous) (Q1); Arts and Humanities (miscellaneous) (Q2); Decision Sciences (miscellaneous) (Q2); Management of Technology and Innovation (Q2); Strategy and Management (Q2)";"Arts and Humanities; Business, Management and Accounting; Decision Sciences; Social Sciences"
486;145293;"International Journal of Productivity and Performance Management";journal;"17410401";"Emerald Group Publishing Ltd.";No;No;0,576;Q1;91;73;232;5632;629;218;1,86;77,15;28,34;0;United Kingdom;Western Europe;"Emerald Group Publishing Ltd.";"2004-2026";"Business, Management and Accounting (miscellaneous) (Q1); Strategy and Management (Q2)";"Business, Management and Accounting"
487;19400158466;"JMM International Journal on Media Management";journal;"14241250, 14241277";"Taylor and Francis Ltd.";No;No;0,575;Q2;32;10;40;456;71;37;1,33;45,60;33,33;2;United Kingdom;Western Europe;"Taylor and Francis Ltd.";"2009-2026";"Communication (Q2); Strategy and Management (Q2)";"Business, Management and Accounting; Social Sciences"
488;18500157300;"Corporate Governance (Bingley)";journal;"14720701";"Emerald Group Publishing Ltd.";No;No;0,574;Q2;94;69;161;5346;416;160;2,11;77,48;30,94;0;United Kingdom;Western Europe;"Emerald Group Publishing Ltd.";"2001-2026";"Business, Management and Accounting (miscellaneous) (Q2)";"Business, Management and Accounting"
489;17600155015;"Journal of Entrepreneurship";journal;"09730745, 09713557";"Sage Publications India Pvt. Ltd";No;No;0,574;Q2;37;12;33;738;67;33;1,64;61,50;25,00;0;India;Asiatic Region;"Sage Publications India Pvt. Ltd";"1996-1999, 2009-2026";"Business and International Management (Q2); Economics and Econometrics (Q2); Strategy and Management (Q2)";"Business, Management and Accounting; Economics, Econometrics and Finance"
490;18800156713;"International Journal of Construction Management";journal;"15623599, 23312327";"Taylor and Francis Ltd.";No;No;0,571;Q2;62;37;92;1787;241;91;2,40;48,30;21,51;2;United Kingdom;Western Europe;"Taylor and Francis Ltd.";"2009-2026";"Building and Construction (Q2); Management of Technology and Innovation (Q2); Strategy and Management (Q2)";"Business, Management and Accounting; Engineering"
491;144740;"International Journal of Quality and Reliability Management";journal;"0265671X";"Emerald Group Publishing Ltd.";No;No;0,569;Q2;108;91;286;5463;763;284;2,46;60,03;33,84;0;United Kingdom;Western Europe;"Emerald Group Publishing Ltd.";"1970, 1984-2026";"Business, Management and Accounting (miscellaneous) (Q2); Strategy and Management (Q2)";"Business, Management and Accounting"
492;18895;"Journal of Advanced Transportation";journal;"01976729, 20423195";"John Wiley and Sons Ltd";Yes;No;0,569;Q2;77;213;611;7641;1341;599;2,15;35,87;30,71;24;United Kingdom;Western Europe;"John Wiley and Sons Ltd";"1979-2026";"Automotive Engineering (Q1); Computer Science Applications (Q2); Economics and Econometrics (Q2); Mechanical Engineering (Q2); Strategy and Management (Q2)";"Business, Management and Accounting; Computer Science; Economics, Econometrics and Finance; Engineering"
493;69005;"Agricultural Finance Review";journal;"00021466, 20416326";"Emerald Publishing";No;No;0,568;Q2;41;38;104;1895;181;101;1,56;49,87;17,44;0;United Kingdom;Western Europe;"Emerald Publishing";"1980, 2000-2026";"Economics, Econometrics and Finance (miscellaneous) (Q1); Agricultural and Biological Sciences (miscellaneous) (Q2); Economics and Econometrics (Q2); Finance (Q2); Strategy and Management (Q2)";"Agricultural and Biological Sciences; Business, Management and Accounting; Economics, Econometrics and Finance"
494;144741;"International Journal of Educational Management";journal;"0951354X";"Emerald Group Publishing Ltd.";No;No;0,567;Q2;74;120;245;6268;429;240;1,36;52,23;50,85;0;United Kingdom;Western Europe;"Emerald Group Publishing Ltd.";"1987-2026";"Education (Q2); Organizational Behavior and Human Resource Management (Q2)";"Business, Management and Accounting; Social Sciences"
495;21100438074;"Journal of Modelling in Management";journal;"17465672, 17465664";"Emerald Publishing";No;No;0,566;Q2;49;48;130;3117;308;129;2,13;64,94;19,69;0;United Kingdom;Western Europe;"Emerald Publishing";"2006-2026";"Decision Sciences (miscellaneous) (Q2); Management Science and Operations Research (Q2); Strategy and Management (Q2)";"Business, Management and Accounting; Decision Sciences"
496;18676;"Technology in Society";journal;"0160791X";"Elsevier Ltd";No;No;0,566;Q2;137;104;177;6958;569;175;3,19;66,90;28,87;39;United Kingdom;Western Europe;"Elsevier Ltd";"1979-2026";"Business and International Management (Q2); Education (Q2); Human Factors and Ergonomics (Q2); Sociology and Political Science (Q2)";"Business, Management and Accounting; Social Sciences"
497;145246;"Journal of Workplace Learning";journal;"13665626";"Emerald Group Publishing Ltd.";No;No;0,565;Q2;65;31;114;2083;236;110;1,54;67,19;47,37;0;United Kingdom;Western Europe;"Emerald Group Publishing Ltd.";"1997-2026";"Development (Q2); Organizational Behavior and Human Resource Management (Q2); Social Psychology (Q2)";"Business, Management and Accounting; Psychology; Social Sciences"
498;28911;"Leisure Studies";journal;"14664496, 02614367";"Routledge";No;No;0,565;Q2;86;62;171;3364;342;160;1,84;54,26;57,66;11;United Kingdom;Western Europe;"Routledge";"1981-2026";"Geography, Planning and Development (Q2); Tourism, Leisure and Hospitality Management (Q2)";"Business, Management and Accounting; Social Sciences"
499;14420;"Journal of Career Development";journal;"08948453, 15560856";"SAGE Publications Inc.";No;No;0,564;Q2;67;47;114;2431;230;113;1,83;51,72;62,03;13;United States;Northern America;"SAGE Publications Inc.";"1972-1973, 1975-2026";"Education (Q2); Organizational Behavior and Human Resource Management (Q2); Psychology (miscellaneous) (Q2); Applied Psychology (Q3)";"Business, Management and Accounting; Psychology; Social Sciences"
500;21100886545;"Journal of Interactive Advertising";journal;"15252019";"Taylor and Francis Ltd.";No;No;0,564;Q2;32;17;13;1159;24;12;1,85;68,18;50,00;2;United Kingdom;Western Europe;"Taylor and Francis Ltd.";"2007, 2013, 2018-2026";"Communication (Q2); Marketing (Q2)";"Business, Management and Accounting; Social Sciences"
501;25195;"Applied Stochastic Models in Business and Industry";journal;"15264025, 15241904";"John Wiley and Sons Ltd";No;No;0,563;Q2;50;95;214;2922;259;179;1,14;30,76;25,13;5;United Kingdom;Western Europe;"John Wiley and Sons Ltd";"1999-2026";"Business, Management and Accounting (miscellaneous) (Q2); Management Science and Operations Research (Q2); Modeling and Simulation (Q2)";"Business, Management and Accounting; Decision Sciences; Mathematics"
502;4700152827;"International Journal of Hospitality and Tourism Administration";journal;"15256480, 15256499";"Routledge";No;No;0,557;Q2;47;20;59;1405;107;59;2,00;70,25;46,00;1;United States;Northern America;"Routledge";"2000-2026";"Tourism, Leisure and Hospitality Management (Q2)";"Business, Management and Accounting"
503;20636;"Journal of Management and Governance";journal;"1572963X, 13853457";"Springer";No;No;0,555;Q2;71;45;113;3350;239;107;1,36;74,44;43,64;5;United States;Northern America;"Springer";"1997-2026";"Business and International Management (Q2)";"Business, Management and Accounting"
504;25468;"Public Personnel Management";journal;"00910260, 19457421";"SAGE Publications Inc.";No;No;0,555;Q2;60;26;60;1948;88;59;1,33;74,92;40,38;7;United States;Northern America;"SAGE Publications Inc.";"1973, 1981-1984, 1989, 1993, 1995-2026";"Management of Technology and Innovation (Q2); Organizational Behavior and Human Resource Management (Q2); Public Administration (Q2); Strategy and Management (Q2)";"Business, Management and Accounting; Social Sciences"
505;21100299412;"International Journal of Event and Festival Management";journal;"17582954, 17582962";"Emerald Publishing";No;No;0,554;Q2;41;18;58;1263;133;54;2,17;70,17;53,49;0;United Kingdom;Western Europe;"Emerald Publishing";"2010-2026";"Business, Management and Accounting (miscellaneous) (Q2); Tourism, Leisure and Hospitality Management (Q2)";"Business, Management and Accounting"
506;21100197939;"Transfer";journal;"10242589, 19967284";"SAGE Publications Ltd";No;No;0,554;Q2;41;37;127;1044;243;83;2,37;28,22;47,92;19;United Kingdom;Western Europe;"SAGE Publications Ltd";"1995-1997, 2010-2026";"Industrial Relations (Q2); Organizational Behavior and Human Resource Management (Q2)";"Business, Management and Accounting"
507;20793;"Benchmarking";journal;"14635771";"Emerald Publishing";No;No;0,553;Q2;104;131;392;11544;1076;390;2,70;88,12;24,66;0;United Kingdom;Western Europe;"Emerald Publishing";"1999-2026";"Business and International Management (Q2); Strategy and Management (Q2)";"Business, Management and Accounting"
508;26602;"Evaluation and Program Planning";journal;"01497189, 18737870";"Elsevier Ltd";No;No;0,553;Q2;77;113;342;5204;665;337;1,91;46,05;60,55;35;United Kingdom;Western Europe;"Elsevier Ltd";"1978-2026";"Business and International Management (Q2); Geography, Planning and Development (Q2); Public Health, Environmental and Occupational Health (Q2); Social Psychology (Q2); Strategy and Management (Q2)";"Business, Management and Accounting; Medicine; Psychology; Social Sciences"
509;7000153207;"NanoEthics";journal;"18714765, 18714757";"Springer Netherlands";Yes;No;0,552;Q2;39;24;74;940;152;59;2,20;39,17;40,54;3;Netherlands;Western Europe;"Springer Netherlands";"2007-2026";"History and Philosophy of Science (Q1); Philosophy (Q1); Management of Technology and Innovation (Q2); Nanoscience and Nanotechnology (Q2); Social Sciences (miscellaneous) (Q2); Sociology and Political Science (Q2)";"Arts and Humanities; Business, Management and Accounting; Materials Science; Social Sciences"
510;21100775627;"IZA Journal of Labor Policy";journal;"21939004";"Laborwide";Yes;No;0,551;Q2;29;11;48;493;97;48;1,50;44,82;41,38;9;Germany;Western Europe;"Laborwide";"2012-2024";"Economics and Econometrics (Q2); Industrial Relations (Q2); Organizational Behavior and Human Resource Management (Q2)";"Business, Management and Accounting; Economics, Econometrics and Finance"
511;21100320408;"Human Service Organizations Management, Leadership and Governance";journal;"2330314X, 23303131";"Taylor and Francis Ltd.";No;No;0,549;Q2;31;33;126;1487;156;100;1,19;45,06;62,50;4;United Kingdom;Western Europe;"Taylor and Francis Ltd.";"2014-2026";"Health (social science) (Q2); Public Administration (Q2); Sociology and Political Science (Q2); Strategy and Management (Q2)";"Business, Management and Accounting; Social Sciences"
512;21100235632;"Asian Journal of Shipping and Logistics";journal;"20925212";"Korean Association of Shipping and Logistics, Inc.";Yes;No;0,544;Q2;45;25;99;997;239;97;2,16;39,88;16,00;1;Netherlands;Western Europe;"Korean Association of Shipping and Logistics, Inc.";"2009-2026";"Business and International Management (Q2); Management of Technology and Innovation (Q2); Management Science and Operations Research (Q2); Transportation (Q2)";"Business, Management and Accounting; Decision Sciences; Social Sciences"
513;21100399786;"Construction Economics and Building";journal;"22049029";"Australian Institute of Quantity Surveyors";Yes;Yes;0,543;Q2;35;13;71;649;140;70;1,73;49,92;38,71;0;Australia;Pacific Region;"Australian Institute of Quantity Surveyors";"2015-2025";"Building and Construction (Q2); Business, Management and Accounting (miscellaneous) (Q2)";"Business, Management and Accounting; Engineering"
514;16255;"Journal of Civil Engineering and Management";journal;"18223605, 13923730";"Vilnius Gediminas Technical University";Yes;No;0,543;Q2;70;60;263;2849;686;263;2,65;47,48;26,40;2;Lithuania;Eastern Europe;"Vilnius Gediminas Technical University";"2002-2026";"Civil and Structural Engineering (Q2); Strategy and Management (Q2)";"Business, Management and Accounting; Engineering"
515;21100829274;"Journal of International Studies";journal;"20718330, 23063483";"Centre of Sociological Research";Yes;Yes;0,541;Q2;39;88;239;3799;585;238;2,59;43,17;42,47;6;Poland;Eastern Europe;"Centre of Sociological Research";"2008-2025";"Business and International Management (Q2); Economics and Econometrics (Q2); Social Sciences (miscellaneous) (Q2); Sociology and Political Science (Q2)";"Business, Management and Accounting; Economics, Econometrics and Finance; Social Sciences"
516;144655;"Qualitative Market Research";journal;"13522752";"Emerald Group Publishing Ltd.";No;No;0,541;Q2;72;45;79;2907;189;77;1,73;64,60;52,58;0;United Kingdom;Western Europe;"Emerald Group Publishing Ltd.";"1998-2026";"Marketing (Q2)";"Business, Management and Accounting"
517;16563;"Tourism Recreation Research";journal;"02508281, 23200308";"Taylor and Francis Ltd.";No;No;0,541;Q2;76;52;137;3011;286;133;1,92;57,90;41,82;6;United Kingdom;Western Europe;"Taylor and Francis Ltd.";"1976-2026";"Cultural Studies (Q1); Geography, Planning and Development (Q2); Management, Monitoring, Policy and Law (Q2); Tourism, Leisure and Hospitality Management (Q2)";"Business, Management and Accounting; Environmental Science; Social Sciences"
518;21100331602;"Annals of Leisure Research";journal;"11745398, 21596816";"Routledge";No;No;0,540;Q2;41;39;109;2417;176;92;1,68;61,97;52,22;3;United States;Northern America;"Routledge";"2008-2026";"Cultural Studies (Q1); Geography, Planning and Development (Q2); Social Psychology (Q2); Tourism, Leisure and Hospitality Management (Q2)";"Business, Management and Accounting; Psychology; Social Sciences"
519;144643;"Learning Organization";journal;"09696474, 17587905";"Emerald Publishing";No;No;0,540;Q2;72;49;110;2413;275;101;2,54;49,24;40,28;0;United Kingdom;Western Europe;"Emerald Publishing";"1994-2026";"Education (Q2); Organizational Behavior and Human Resource Management (Q2)";"Business, Management and Accounting; Social Sciences"
520;20213;"International Labour Review";journal;"00207780, 1564913X";"Open Library of Humanities";Yes;No;0,537;Q2;59;29;79;1308;127;77;1,46;45,10;38,71;21;United Kingdom;Western Europe;"Open Library of Humanities";"1945-1948, 1973-2026";"Management of Technology and Innovation (Q2); Organizational Behavior and Human Resource Management (Q2); Strategy and Management (Q2)";"Business, Management and Accounting"
521;20176;"Business Economics";journal;"0007666X, 1554432X";"Palgrave Macmillan Ltd.";No;No;0,535;Q2;22;32;96;389;59;84;0,50;12,16;30,56;8;United Kingdom;Western Europe;"Palgrave Macmillan Ltd.";"1987, 1997, 2006-2026";"Business and International Management (Q2); Economics and Econometrics (Q2)";"Business, Management and Accounting; Economics, Econometrics and Finance"
522;21100247045;"Journal of Co-operative Organization and Management";journal;"2213297X";"Elsevier B.V.";No;No;0,534;Q2;27;12;37;762;60;34;1,54;63,50;44,44;5;Netherlands;Western Europe;"Elsevier B.V.";"2013-2025";"Business and International Management (Q2); Strategy and Management (Q2)";"Business, Management and Accounting"
523;21100836179;"Asia and the Pacific Policy Studies";journal;"20502680";"John Wiley and Sons Ltd";Yes;No;0,533;Q2;36;22;139;1156;205;134;1,38;52,55;18,42;17;United Kingdom;Western Europe;"John Wiley and Sons Ltd";"2014-2026";"Economics, Econometrics and Finance (miscellaneous) (Q1); Political Science and International Relations (Q1); Public Administration (Q2); Sociology and Political Science (Q2); Strategy and Management (Q2)";"Business, Management and Accounting; Economics, Econometrics and Finance; Social Sciences"
524;144616;"Journal of Health Organization and Management";journal;"14777266";"Emerald Publishing";No;No;0,532;Q2;57;58;186;3198;324;186;1,23;55,14;54,46;0;United Kingdom;Western Europe;"Emerald Publishing";"2003-2026";"Business, Management and Accounting (miscellaneous) (Q2); Health Policy (Q2)";"Business, Management and Accounting; Medicine"
525;4700152784;"Journal of Internet Commerce";journal;"1533287X, 15332861";"Routledge";No;No;0,532;Q2;51;18;57;1480;157;57;2,05;82,22;42,11;4;United States;Northern America;"Routledge";"2002-2026";"Human-Computer Interaction (Q2); Management of Technology and Innovation (Q2)";"Business, Management and Accounting; Computer Science"
526;21100218042;"Journal of Media Business Studies";journal;"16522354";"Taylor and Francis Ltd.";No;No;0,531;Q2;31;18;51;1077;62;43;0,87;59,83;50,00;7;United Kingdom;Western Europe;"Taylor and Francis Ltd.";"2004-2026";"Business and International Management (Q2); Communication (Q2); Strategy and Management (Q2)";"Business, Management and Accounting; Social Sciences"
527;21100855988;"Sport Mont";journal;"14517485, 23370351";"Montenegrin Sports Academy";Yes;No;0,529;Q2;16;60;81;1394;134;81;1,65;23,23;38,03;2;Montenegro;Eastern Europe;"Montenegrin Sports Academy";"2017-2026";"Orthopedics and Sports Medicine (Q2); Physical Therapy, Sports Therapy and Rehabilitation (Q2); Tourism, Leisure and Hospitality Management (Q2)";"Business, Management and Accounting; Health Professions; Medicine"
528;144979;"Records Management Journal";journal;"09565698";"Emerald Group Publishing Ltd.";No;No;0,527;Q2;30;21;57;732;104;56;0,88;34,86;50,00;0;United Kingdom;Western Europe;"Emerald Group Publishing Ltd.";"1989-1991, 1994-2026";"Library and Information Sciences (Q1); Management Information Systems (Q2)";"Business, Management and Accounting; Social Sciences"
529;19700201531;"Journal of Social Entrepreneurship";journal;"19420684, 19420676";"Taylor and Francis Ltd.";No;No;0,521;Q2;50;19;49;1267;101;49;1,97;66,68;45,65;4;United Kingdom;Western Europe;"Taylor and Francis Ltd.";"2010-2026";"Business and International Management (Q2); Development (Q2); Economics and Econometrics (Q2)";"Business, Management and Accounting; Economics, Econometrics and Finance; Social Sciences"
530;19900191973;"Tourism Planning and Development";journal;"21568324, 21568316";"Routledge";No;No;0,521;Q2;56;39;105;2490;207;102;1,80;63,85;42,50;10;United Kingdom;Western Europe;"Routledge";"2011-2026";"Business and International Management (Q2); Development (Q2); Tourism, Leisure and Hospitality Management (Q2)";"Business, Management and Accounting; Social Sciences"
531;19700188267;"Accounting Education";journal;"14684489, 09639284";"Routledge";No;No;0,520;Q2;58;28;88;1620;165;83;1,78;57,86;45,16;2;United Kingdom;Western Europe;"Routledge";"1992-1996, 1998, 2000-2026";"Accounting (Q2); Education (Q2)";"Business, Management and Accounting; Social Sciences"
532;21100248934;"China Journal of Accounting Research";journal;"17553091";"Sun Yat-sen (Zhongshan) University";Yes;No;0,520;Q2;36;19;53;831;105;53;1,46;43,74;40,00;1;China;Asiatic Region;"Sun Yat-sen (Zhongshan) University";"2013-2026";"Accounting (Q2); Finance (Q2)";"Business, Management and Accounting; Economics, Econometrics and Finance"
533;21100890158;"Journal of Family Business Management";journal;"20436238, 20436246";"Emerald Group Publishing Ltd.";No;No;0,518;Q2;41;27;54;2203;97;54;1,58;81,59;50,00;0;United Kingdom;Western Europe;"Emerald Group Publishing Ltd.";"2011-2026";"Economics, Econometrics and Finance (miscellaneous) (Q1); Strategy and Management (Q2)";"Business, Management and Accounting; Economics, Econometrics and Finance"
534;20637;"Journal of Management Development";journal;"02621711";"Emerald Publishing";No;No;0,516;Q2;85;54;227;3749;508;226;2,05;69,43;44,44;0;United Kingdom;Western Europe;"Emerald Publishing";"1982-2026";"History (Q1); Business, Management and Accounting (miscellaneous) (Q2); Organizational Behavior and Human Resource Management (Q2)";"Arts and Humanities; Business, Management and Accounting"
535;19900193667;"Current Issues in Auditing";journal;"19361270";"American Accounting Association";No;No;0,515;Q2;22;12;43;328;27;35;0,22;27,33;56,00;0;United States;Northern America;"American Accounting Association";"2009-2025";"Accounting (Q2)";"Business, Management and Accounting"
536;21100855756;"Spanish Journal of Marketing - ESIC";journal;"24449709, 24449695";"Emerald Group Publishing Ltd.";Yes;Yes;0,512;Q2;44;21;47;1803;180;47;3,94;85,86;45,00;0;Spain;Western Europe;"Emerald Group Publishing Ltd.";"2016-2026";"Marketing (Q2)";"Business, Management and Accounting"
537;19700175228;"Management Research Review";journal;"20408269";"Emerald Group Publishing Ltd.";No;No;0,510;Q2;85;73;212;5630;505;208;2,21;77,12;35,43;0;United Kingdom;Western Europe;"Emerald Group Publishing Ltd.";"2009-2026";"Business, Management and Accounting (miscellaneous) (Q2)";"Business, Management and Accounting"
538;21100395911;"Asia Pacific Journal of Marketing and Logistics";journal;"13555855, 17584248";"Emerald Group Publishing Ltd.";No;No;0,508;Q2;82;81;193;7110;559;184;2,80;87,78;37,14;0;United Kingdom;Western Europe;"Emerald Group Publishing Ltd.";"1993-2026";"Business and International Management (Q2); Marketing (Q2); Strategy and Management (Q2)";"Business, Management and Accounting"
539;21100264009;"Journal of Multi-Criteria Decision Analysis";journal;"10579214, 10991360";"John Wiley and Sons Ltd";No;No;0,508;Q2;57;24;55;1421;109;52;2,31;59,21;37,04;2;United Kingdom;Western Europe;"John Wiley and Sons Ltd";"1992-2003, 2005-2006, 2008-2026";"Decision Sciences (miscellaneous) (Q2); Strategy and Management (Q2)";"Business, Management and Accounting; Decision Sciences"
540;21100810438;"Proceedings of the 16th Conference on Formal Methods in Computer-Aided Design, FMCAD 2016";conference and proceedings;"-";"";No;No;0,507;-;11;0;28;0;46;26;1,64;0,00;0,00;0;United States;Northern America;"";"";"Control and Systems Engineering; Industrial and Manufacturing Engineering; Management Science and Operations Research; Strategy and Management";"Business, Management and Accounting; Decision Sciences; Engineering"
541;21100299408;"Supply Chain Forum";journal;"16246039, 16258312";"Taylor and Francis Ltd.";No;No;0,506;Q2;36;25;77;1659;122;68;1,43;66,36;36,07;2;United Kingdom;Western Europe;"Taylor and Francis Ltd.";"2002, 2013-2026";"Business and International Management (Q2); Management of Technology and Innovation (Q2); Management Science and Operations Research (Q2)";"Business, Management and Accounting; Decision Sciences"
542;19200156950;"Journal of Enterprising Communities";journal;"17506204";"Emerald Group Publishing Ltd.";No;No;0,505;Q2;50;35;89;2873;190;87;2,26;82,09;42,86;0;United Kingdom;Western Europe;"Emerald Group Publishing Ltd.";"2007-2026";"Business and International Management (Q2); Economics and Econometrics (Q2); Strategy and Management (Q2)";"Business, Management and Accounting; Economics, Econometrics and Finance"
543;11700154614;"Journal of Management and Organization";journal;"18393527, 18333672";"Cambridge University Press";No;No;0,505;Q2;60;59;137;3878;246;128;1,68;65,73;52,17;9;United Kingdom;Western Europe;"Cambridge University Press";"1995-2026";"Business and International Management (Q2); Organizational Behavior and Human Resource Management (Q2)";"Business, Management and Accounting"
544;21100827834;"Sport Marketing Quarterly";journal;"15572528, 10616934";"Fitness Information Technology";No;No;0,505;Q2;18;0;51;0;46;43;0,90;0,00;0,00;0;United States;Northern America;"Fitness Information Technology";"2002, 2004, 2017-2018, 2020-2025";"Marketing (Q2); Strategy and Management (Q2); Tourism, Leisure and Hospitality Management (Q2)";"Business, Management and Accounting"
545;4700152828;"Journal of Human Resources in Hospitality and Tourism";journal;"15332845, 15332853";"Routledge";No;No;0,503;Q2;44;24;73;1575;137;73;1,69;65,63;51,72;1;United States;Northern America;"Routledge";"2002-2025";"Organizational Behavior and Human Resource Management (Q2); Tourism, Leisure and Hospitality Management (Q2)";"Business, Management and Accounting"
546;19700188349;"Journal of Industrial Engineering and Management";journal;"20138423, 20130953";"OmniaScience";Yes;No;0,503;Q2;49;29;141;1400;335;136;1,24;48,28;32,00;0;Spain;Western Europe;"OmniaScience";"2008-2026";"Industrial and Manufacturing Engineering (Q2); Strategy and Management (Q2)";"Business, Management and Accounting; Engineering"
547;24342;"Journal of Business Economics";journal;"00442372, 18618928";"Springer Science and Business Media Deutschland GmbH";No;No;0,502;Q2;43;42;121;2935;254;108;2,10;69,88;26,92;12;Germany;Western Europe;"Springer Science and Business Media Deutschland GmbH";"1973-1979, 2013-2026";"Business and International Management (Q2); Economics and Econometrics (Q2)";"Business, Management and Accounting; Economics, Econometrics and Finance"
548;21100220467;"International Journal of Knowledge-Based Development";journal;"20404476, 20404468";"Inderscience";No;No;0,498;Q2;27;20;66;1069;112;64;1,36;53,45;35,56;0;Switzerland;Western Europe;"Inderscience";"2010-2025";"Information Systems and Management (Q2); Management of Technology and Innovation (Q2); Strategy and Management (Q2)";"Business, Management and Accounting; Decision Sciences"
549;19700187506;"International Journal of Shipping and Transport Logistics";journal;"17566517, 17566525";"Inderscience Enterprises Ltd";No;No;0,495;Q2;33;27;105;1241;118;101;1,08;45,96;35,29;0;United Kingdom;Western Europe;"Inderscience Enterprises Ltd";"2009-2026";"Business and International Management (Q2); Management of Technology and Innovation (Q2); Transportation (Q2); Management Science and Operations Research (Q3)";"Business, Management and Accounting; Decision Sciences; Social Sciences"
550;19900191718;"International Journal of Accounting and Information Management";journal;"17589037, 18347649";"Emerald Publishing";No;No;0,494;Q2;46;30;73;1933;161;71;1,71;64,43;27,85;0;United Kingdom;Western Europe;"Emerald Publishing";"2007-2026";"Economics, Econometrics and Finance (miscellaneous) (Q1); Accounting (Q2); Management Information Systems (Q2); Management of Technology and Innovation (Q2)";"Business, Management and Accounting; Economics, Econometrics and Finance"
551;144826;"Journal of Business Strategy";journal;"02756668";"Emerald Group Publishing Ltd.";No;No;0,493;Q2;57;44;125;648;128;122;0,91;14,73;39,44;0;United Kingdom;Western Europe;"Emerald Group Publishing Ltd.";"1980-2026";"Management Information Systems (Q2); Strategy and Management (Q2)";"Business, Management and Accounting"
552;16400154777;"Asia Pacific Management Review";journal;"10293132";"National Cheng Kung University";Yes;No;0,491;Q2;51;35;86;1662;225;83;2,61;47,49;37,84;4;Taiwan;Asiatic Region;"National Cheng Kung University";"2002, 2007-2026";"Business and International Management (Q2); Strategy and Management (Q2)";"Business, Management and Accounting"
553;11700154321;"International Journal of Innovation Management";journal;"17575877, 13639196";"World Scientific Publishing Co. Pte Ltd";No;No;0,491;Q2;64;81;253;6558;499;247;1,95;80,96;25,87;0;Singapore;Asiatic Region;"World Scientific Publishing Co. Pte Ltd";"2004, 2008-2025";"Business and International Management (Q2); Management of Technology and Innovation (Q2); Strategy and Management (Q2)";"Business, Management and Accounting"
554;21100828753;"Journal of Business Cycle Research";journal;"25097970, 25097962";"Springer International Publishing AG";No;No;0,490;Q2;11;7;29;256;27;28;0,84;36,57;36,36;4;Switzerland;Western Europe;"Springer International Publishing AG";"2016-2026";"Business and International Management (Q2); Economics and Econometrics (Q2); Finance (Q2); Statistics, Probability and Uncertainty (Q3)";"Business, Management and Accounting; Decision Sciences; Economics, Econometrics and Finance"
555;19900193217;"Journal of Emerging Technologies in Accounting";journal;"15541908, 15587940";"American Accounting Association";No;No;0,490;Q2;34;14;73;585;135;61;1,82;41,79;47,37;0;United States;Northern America;"American Accounting Association";"2009-2025";"Accounting (Q2); Computer Science Applications (Q2)";"Business, Management and Accounting; Computer Science"
556;21100874149;"Management (France)";journal;"12864692";"DMSP Research Center";Yes;Yes;0,490;Q2;37;41;85;1912;76;84;0,69;46,63;48,57;2;France;Western Europe;"DMSP Research Center";"1998-2025";"Business, Management and Accounting (miscellaneous) (Q2); Strategy and Management (Q2)";"Business, Management and Accounting"
557;19400158510;"Logistics Research";journal;"18650368, 1865035X";"Emerald Publishing";Yes;Yes;0,489;Q2;31;10;47;463;79;47;0,73;46,30;20,00;0;Germany;Western Europe;"Emerald Publishing";"2009-2025";"Computer Science Applications (Q2); Control and Systems Engineering (Q2); Information Systems (Q2); Management Information Systems (Q2); Management Science and Operations Research (Q3)";"Business, Management and Accounting; Computer Science; Decision Sciences; Engineering"
558;5700153460;"Publishing Research Quarterly";journal;"19364792, 10538801";"Springer US";No;No;0,487;Q2;27;46;117;1166;108;117;0,88;25,35;37,80;6;United States;Northern America;"Springer US";"1991-2025";"Media Technology (Q1); Business and International Management (Q2); Communication (Q2); Computer Science Applications (Q2); Management of Technology and Innovation (Q2); Marketing (Q2)";"Business, Management and Accounting; Computer Science; Engineering; Social Sciences"
559;21100208020;"Economics and Sociology";journal;"2071789X, 23063459";"Centre of Sociological Research";Yes;Yes;0,485;Q2;41;83;254;3999;592;246;2,26;48,18;48,13;0;Poland;Eastern Europe;"Centre of Sociological Research";"2008-2025";"Economics, Econometrics and Finance (miscellaneous) (Q1); Business, Management and Accounting (miscellaneous) (Q2); Social Sciences (miscellaneous) (Q2); Sociology and Political Science (Q2)";"Business, Management and Accounting; Economics, Econometrics and Finance; Social Sciences"
560;21100446531;"Journal of Entrepreneurship in Emerging Economies";journal;"20534604, 20534612";"Emerald Publishing";No;No;0,483;Q2;47;28;57;2519;168;56;3,24;89,96;42,86;0;United Kingdom;Western Europe;"Emerald Publishing";"2014-2026";"Economics, Econometrics and Finance (miscellaneous) (Q1); Business and International Management (Q2); Marketing (Q2); Strategy and Management (Q2)";"Business, Management and Accounting; Economics, Econometrics and Finance"
561;144657;"Journal of Property Investment and Finance";journal;"1463578X";"Emerald Group Publishing Ltd.";No;No;0,483;Q2;47;42;123;1266;157;110;1,13;30,14;23,44;0;United Kingdom;Western Europe;"Emerald Group Publishing Ltd.";"1999-2026";"Economics, Econometrics and Finance (miscellaneous) (Q1); Business, Management and Accounting (miscellaneous) (Q2); Finance (Q2)";"Business, Management and Accounting; Economics, Econometrics and Finance"
562;21100409365;"Strategic Change";journal;"10861718, 10991697";"John Wiley and Sons Inc";No;No;0,483;Q2;52;50;152;2792;292;148;2,35;55,84;28,72;10;United Kingdom;Western Europe;"John Wiley and Sons Inc";"1992-2026";"Business, Management and Accounting (miscellaneous) (Q2); Finance (Q2)";"Business, Management and Accounting; Economics, Econometrics and Finance"
563;23651;"System Dynamics Review";journal;"10991727, 08837066";"John Wiley and Sons Ltd";No;No;0,483;Q2;72;20;50;764;105;47;2,06;38,20;25,71;5;United Kingdom;Western Europe;"John Wiley and Sons Ltd";"1985-2026";"Management of Technology and Innovation (Q2); Social Sciences (miscellaneous) (Q2); Strategy and Management (Q2)";"Business, Management and Accounting; Social Sciences"
564;19900192221;"Journal of Management Control";journal;"2191477X, 21914761";"Physica-Verlag";No;No;0,482;Q2;37;14;53;1135;116;43;2,42;81,07;40,91;0;Germany;Western Europe;"Physica-Verlag";"2011-2026";"Management Information Systems (Q2); Management of Technology and Innovation (Q2); Strategy and Management (Q2); Management Science and Operations Research (Q3)";"Business, Management and Accounting; Decision Sciences"
565;29852;"Journal of Accounting Education";journal;"07485751";"Elsevier B.V.";No;No;0,481;Q2;51;23;68;1034;127;65;1,85;44,96;46,30;0;United Kingdom;Western Europe;"Elsevier B.V.";"1983-2026";"Accounting (Q2); Education (Q2)";"Business, Management and Accounting; Social Sciences"
566;4700151710;"International Journal of Public Administration";journal;"15324265, 01900692";"Taylor and Francis Ltd.";No;No;0,480;Q2;67;108;331;6377;445;325;1,22;59,05;41,63;25;United Kingdom;Western Europe;"Taylor and Francis Ltd.";"1979-2026";"Business and International Management (Q2); Public Administration (Q2)";"Business, Management and Accounting; Social Sciences"
567;4700152306;"International Journal of Mining, Reclamation and Environment";journal;"17480949, 17480930";"Taylor and Francis Ltd.";No;No;0,479;Q2;43;33;101;1395;210;99;2,11;42,27;12,82;4;United Kingdom;Western Europe;"Taylor and Francis Ltd.";"2006-2026";"Earth-Surface Processes (Q2); Geology (Q2); Geotechnical Engineering and Engineering Geology (Q2); Management of Technology and Innovation (Q2)";"Business, Management and Accounting; Earth and Planetary Sciences"
568;17700155010;"Australasian Marketing Journal";journal;"14413582, 18393349";"SAGE Publications Ltd";No;No;0,478;Q2;67;31;143;1987;295;115;2,42;64,10;30,56;1;Australia;Pacific Region;"SAGE Publications Ltd";"2003-2026";"Economics and Econometrics (Q2); Marketing (Q2)";"Business, Management and Accounting; Economics, Econometrics and Finance"
569;19900192338;"Accounting History Review";journal;"21552851, 2155286X";"Routledge";No;No;0,477;Q2;29;16;41;1393;38;36;1,05;87,06;25,00;1;United Kingdom;Western Europe;"Routledge";"2011-2025";"History (Q1); Accounting (Q2); Business, Management and Accounting (miscellaneous) (Q2)";"Arts and Humanities; Business, Management and Accounting"
570;145680;"Business Information Review";journal;"17416450, 02663821";"SAGE Publications Ltd";No;No;0,477;Q2;28;23;85;504;87;60;1,16;21,91;43,48;1;United Kingdom;Western Europe;"SAGE Publications Ltd";"1984-2026";"Economics, Econometrics and Finance (miscellaneous) (Q1); Business and International Management (Q2); Business, Management and Accounting (miscellaneous) (Q2)";"Business, Management and Accounting; Economics, Econometrics and Finance"
571;20607;"Journal of Food Products Marketing";journal;"15404102, 10454446";"Routledge";No;No;0,477;Q2;48;45;161;2587;310;161;1,81;57,49;49,15;7;United States;Northern America;"Routledge";"1992-2025";"Business and International Management (Q2); Food Science (Q2); Marketing (Q2)";"Agricultural and Biological Sciences; Business, Management and Accounting"
572;21100278302;"Management Review Quarterly";journal;"21981639, 21981620";"Springer Nature";No;No;0,477;Q2;54;13;30;1547;76;27;2,86;119,00;27,27;2;Switzerland;Western Europe;"Springer Nature";"2014-2026";"Business, Management and Accounting (miscellaneous) (Q2); Strategy and Management (Q2)";"Business, Management and Accounting"
573;21100242611;"International Journal of Gender and Entrepreneurship";journal;"17566274, 17566266";"Emarald Group Publishing Ltd";No;No;0,476;Q2;56;23;59;1702;134;58;1,74;74,00;47,73;0;United Kingdom;Western Europe;"Emarald Group Publishing Ltd";"2009-2025";"Business and International Management (Q2); Economics and Econometrics (Q2); Gender Studies (Q2)";"Business, Management and Accounting; Economics, Econometrics and Finance; Social Sciences"
574;4700152801;"Journal of International Consumer Marketing";journal;"08961530, 15287068";"Routledge";No;No;0,473;Q2;63;33;88;2327;108;73;1,02;70,52;53,95;1;United States;Northern America;"Routledge";"1988-1993, 1995-2026";"Management Information Systems (Q2); Marketing (Q2)";"Business, Management and Accounting"
575;12100154706;"Baltic Journal of Management";journal;"17465273, 17465265";"Emerald Publishing";No;No;0,470;Q2;47;38;83;2572;192;81;2,41;67,68;44,33;0;United Kingdom;Western Europe;"Emerald Publishing";"2006-2026";"Business and International Management (Q2); Management of Technology and Innovation (Q2); Marketing (Q2); Organizational Behavior and Human Resource Management (Q2); Strategy and Management (Q2)";"Business, Management and Accounting"
576;21100901479;"Journal of Teaching and Learning for Graduate Employability";journal;"18383815";"Deakin University";Yes;Yes;0,470;Q2;21;23;7;892;8;6;1,14;38,78;62,86;5;Australia;Pacific Region;"Deakin University";"2018-2026";"Education (Q2); Human Factors and Ergonomics (Q2); Organizational Behavior and Human Resource Management (Q2)";"Business, Management and Accounting; Social Sciences"
577;21100211736;"Tourism Analysis";journal;"10835423, 19433999";"Cognizant Communication Corporation";No;No;0,470;Q2;51;45;149;2460;208;140;1,22;54,67;40,68;0;United States;Northern America;"Cognizant Communication Corporation";"2001-2025";"Tourism, Leisure and Hospitality Management (Q2)";"Business, Management and Accounting"
578;27159;"Innovation: The European Journal of Social Science Research";journal;"13511610, 14698412";"Routledge";No;No;0,469;Q2;50;32;103;1532;182;90;1,66;47,88;29,17;16;United Kingdom;Western Europe;"Routledge";"1988-2026";"Geography, Planning and Development (Q2); Management of Technology and Innovation (Q2)";"Business, Management and Accounting; Social Sciences"
579;144642;"Managerial Auditing Journal";journal;"02686902";"Emerald Publishing";No;No;0,468;Q2;83;52;118;3337;277;115;2,06;64,17;29,91;0;United Kingdom;Western Europe;"Emerald Publishing";"1986-2026";"Economics, Econometrics and Finance (miscellaneous) (Q1); Accounting (Q2); Business, Management and Accounting (miscellaneous) (Q2); Organizational Behavior and Human Resource Management (Q2)";"Business, Management and Accounting; Economics, Econometrics and Finance"
580;21100789866;"ASSETS 2016 - Proceedings of the 18th International ACM SIGACCESS Conference on Computers and Accessibility";conference and proceedings;"-";"";No;No;0,467;-;23;0;72;0;165;70;0,00;0,00;0,00;0;United States;Northern America;"";"";"Computer Networks and Communications; Education; Electrical and Electronic Engineering; Health Informatics; Management of Technology and Innovation; Mechanical Engineering; Safety, Risk, Reliability and Quality; Urban Studies";"Business, Management and Accounting; Computer Science; Engineering; Medicine; Social Sciences"
581;21100218140;"International Journal of Culture, Tourism and Hospitality Research";journal;"17506182";"Emerald Group Publishing Ltd.";No;No;0,466;Q2;0;0;0;0;0;0;0,00;0,00;0,00;0;United Kingdom;Western Europe;"Emerald Group Publishing Ltd.";"2007-2022";"Geography, Planning and Development (Q2); Tourism, Leisure and Hospitality Management (Q2)";"Business, Management and Accounting; Social Sciences"
582;21100199701;"Journal of European Real Estate Research";journal;"17539277, 17539269";"Emerald Group Publishing Ltd.";No;No;0,466;Q2;25;23;63;956;79;54;1,22;41,57;18,60;0;United Kingdom;Western Europe;"Emerald Group Publishing Ltd.";"2008-2026";"Accounting (Q2); Economics and Econometrics (Q2); Finance (Q2)";"Business, Management and Accounting; Economics, Econometrics and Finance"
583;100147314;"Journal of International Financial Management and Accounting";journal;"09541314, 1467646X";"Wiley-Blackwell Publishing Ltd";No;No;0,466;Q2;55;12;35;544;76;35;2,76;45,33;19,23;1;United Kingdom;Western Europe;"Wiley-Blackwell Publishing Ltd";"1989-1992, 1994-2026";"Accounting (Q2); Business, Management and Accounting (miscellaneous) (Q2); Finance (Q2)";"Business, Management and Accounting; Economics, Econometrics and Finance"
584;5600155048;"Space and Culture";journal;"15528308, 12063312";"SAGE Publications Inc.";No;No;0,466;Q2;53;36;104;1586;97;104;0,87;44,06;44,64;3;United States;Northern America;"SAGE Publications Inc.";"1997-2026";"Cultural Studies (Q1); Arts and Humanities (miscellaneous) (Q2); Geography, Planning and Development (Q2); Tourism, Leisure and Hospitality Management (Q2); Urban Studies (Q2)";"Arts and Humanities; Business, Management and Accounting; Social Sciences"
585;23452;"Voprosy Ekonomiki";journal;"00428736";"Russian Presidential Academy of National Economy and Public Administration";No;No;0,466;-;23;98;290;3024;238;290;0,87;30,86;40,67;3;Russian Federation;Eastern Europe;"Russian Presidential Academy of National Economy and Public Administration";"1978-1982, 1984-1985, 1996, 1998, 2003-2026";"Economics and Econometrics (Q2); Finance (Q2)";"Economics, Econometrics and Finance"
586;21100446512;"Evidence-based HRM";journal;"20493983, 20493991";"Emerald Publishing";No;No;0,464;Q2;25;21;57;1529;104;55;1,95;72,81;47,17;0;United Kingdom;Western Europe;"Emerald Publishing";"2013-2026";"Organizational Behavior and Human Resource Management (Q2)";"Business, Management and Accounting"
587;21100788918;"Human Resource Development International";journal;"13678868, 14698374";"Taylor and Francis Ltd.";No;No;0,464;Q2;71;32;87;2101;144;75;1,57;65,66;42,19;7;United Kingdom;Western Europe;"Taylor and Francis Ltd.";"1998-2026";"Organizational Behavior and Human Resource Management (Q2)";"Business, Management and Accounting"
588;16902;"Labour";journal;"11217081, 14679914";"John Wiley and Sons Inc";No;No;0,463;Q2;43;22;65;807;59;65;0,84;36,68;32,56;13;United Kingdom;Western Europe;"John Wiley and Sons Inc";"1987-2026";"History (Q1); Demography (Q2); Geography, Planning and Development (Q2); Industrial Relations (Q2); Organizational Behavior and Human Resource Management (Q2)";"Arts and Humanities; Business, Management and Accounting; Social Sciences"
589;5700169004;"Security Journal";journal;"17434645, 09551662";"Palgrave Macmillan Ltd.";No;No;0,463;Q2;38;24;139;1174;185;137;1,19;48,92;22,41;6;United Kingdom;Western Europe;"Palgrave Macmillan Ltd.";"1995, 2000, 2009-2026";"Law (Q1); Safety Research (Q2); Strategy and Management (Q2)";"Business, Management and Accounting; Social Sciences"
590;21100455460;"Journal of Heritage Tourism";journal;"1743873X, 17476631";"Taylor and Francis Ltd.";No;No;0,462;Q2;55;40;103;2392;201;98;1,91;59,80;51,85;0;United Kingdom;Western Europe;"Taylor and Francis Ltd.";"2006-2026";"History (Q1); Tourism, Leisure and Hospitality Management (Q2)";"Arts and Humanities; Business, Management and Accounting"
591;4700152908;"Knowledge Management Research and Practice";journal;"14778238, 14778246";"Taylor and Francis Ltd.";No;No;0,462;Q2;62;46;148;3155;337;148;2,20;68,59;41,48;7;United Kingdom;Western Europe;"Taylor and Francis Ltd.";"2006-2026";"Business and International Management (Q2); Library and Information Sciences (Q2); Management Information Systems (Q2); Management of Technology and Innovation (Q2); Strategy and Management (Q2); Management Science and Operations Research (Q3)";"Business, Management and Accounting; Decision Sciences; Social Sciences"
592;22336;"Harvard Business Review";journal;"00178012";"Harvard Business School Publishing";No;No;0,461;Q2;221;106;385;0;912;60;2,18;0,00;41,67;0;United States;Northern America;"Harvard Business School Publishing";"1974, 1978-1987, 1989-2025";"Business and International Management (Q2); Business, Management and Accounting (miscellaneous) (Q2); Economics and Econometrics (Q2); Management of Technology and Innovation (Q2); Medicine (miscellaneous) (Q2); Strategy and Management (Q2)";"Business, Management and Accounting; Economics, Econometrics and Finance; Medicine"
593;6100153019;"Service Oriented Computing and Applications";journal;"18632386, 18632394";"Springer London";No;No;0,460;Q2;34;28;76;1010;213;76;2,83;36,07;24,64;0;United Kingdom;Western Europe;"Springer London";"2007-2025";"Hardware and Architecture (Q2); Information Systems (Q2); Management Information Systems (Q2); Software (Q2)";"Business, Management and Accounting; Computer Science"
594;91636;"International Food and Agribusiness Management Review";journal;"10967508, 15592448";"Wageningen Academic Publishers";Yes;No;0,459;Q2;53;50;165;2220;262;158;1,41;44,40;29,45;0;United States;Northern America;"Wageningen Academic Publishers";"1998-2025";"Business and International Management (Q2); Food Science (Q2)";"Agricultural and Biological Sciences; Business, Management and Accounting"
595;20750;"European Journal of Law and Economics";journal;"09291261, 15729990";"Springer Netherlands";No;No;0,458;Q2;42;37;137;1683;160;132;1,02;45,49;22,73;9;Netherlands;Western Europe;"Springer Netherlands";"1994-2026";"Law (Q1); Business and International Management (Q2); Economics and Econometrics (Q2)";"Business, Management and Accounting; Economics, Econometrics and Finance; Social Sciences"
596;1000147102;"Journal of Business Economics and Management";journal;"20294433, 16111699";"Vilnius Gediminas Technical University";Yes;No;0,458;Q2;59;62;188;3547;457;188;2,08;57,21;34,46;6;Lithuania;Eastern Europe;"Vilnius Gediminas Technical University";"2003-2026";"Business, Management and Accounting (miscellaneous) (Q2); Economics and Econometrics (Q2)";"Business, Management and Accounting; Economics, Econometrics and Finance"
597;11700154305;"Management and Organizational History";journal;"17449359, 17449367";"Taylor and Francis Ltd.";No;No;0,458;Q2;31;23;65;1601;72;55;0,66;69,61;23,33;1;United Kingdom;Western Europe;"Taylor and Francis Ltd.";"2006-2026";"History (Q1); Business and International Management (Q2); Strategy and Management (Q2)";"Arts and Humanities; Business, Management and Accounting"
598;17600155227;"Asian Business and Management";journal;"14724782, 14769328";"Palgrave Macmillan Ltd.";No;No;0,457;Q2;38;18;47;1374;94;46;1,97;76,33;15,38;5;United Kingdom;Western Europe;"Palgrave Macmillan Ltd.";"2008-2026";"Business and International Management (Q2); Political Science and International Relations (Q2); Sociology and Political Science (Q2); Strategy and Management (Q2)";"Business, Management and Accounting; Social Sciences"
599;21100788281;"Proceedings - 2016 International Conference on Engineering and MIS, ICEMIS 2016";conference and proceedings;"-";"";No;No;0,457;-;21;0;97;0;254;96;0,00;0,00;0,00;0;United States;Northern America;"";"";"Condensed Matter Physics; Mechanics of Materials; Metals and Alloys";"Engineering; Materials Science; Physics and Astronomy"
600;21100206265;"International Journal of Arts Management";journal;"14808986";"Ecole des Hautes Etudes Commerciales";No;No;0,456;Q2;23;26;66;1297;65;57;0,88;49,88;52,73;0;Canada;Northern America;"Ecole des Hautes Etudes Commerciales";"2011-2025";"Visual Arts and Performing Arts (Q1); Business and International Management (Q2)";"Arts and Humanities; Business, Management and Accounting"
601;20188;"Disaster Prevention and Management";journal;"17586100, 09653562";"Emerald Publishing";No;No;0,455;Q2;73;66;137;2363;246;136;1,51;35,80;34,12;0;United Kingdom;Western Europe;"Emerald Publishing";"1992-2026";"Business, Management and Accounting (miscellaneous) (Q2); Health (social science) (Q2); Management, Monitoring, Policy and Law (Q2); Public Health, Environmental and Occupational Health (Q3)";"Business, Management and Accounting; Environmental Science; Medicine; Social Sciences"
602;21100886542;"Journal of Management Analytics";journal;"23270039, 23270012";"Taylor and Francis Ltd.";No;No;0,454;Q2;41;21;55;959;166;54;3,15;45,67;14,89;1;United Kingdom;Western Europe;"Taylor and Francis Ltd.";"2014-2026";"Business, Management and Accounting (miscellaneous) (Q2); Statistics and Probability (Q3); Statistics, Probability and Uncertainty (Q3)";"Business, Management and Accounting; Decision Sciences; Mathematics"
603;21100286465;"International Journal of Entrepreneurship and Innovation";journal;"20436882, 14657503";"SAGE Publications Inc.";No;No;0,453;Q2;39;26;80;1718;124;74;1,44;66,08;41,67;7;United Kingdom;Western Europe;"SAGE Publications Inc.";"2013-2026";"Business and International Management (Q2); Management of Technology and Innovation (Q2)";"Business, Management and Accounting"
604;74937;"Autex Research Journal";journal;"23000929, 14709589";"Walter de Gruyter GmbH";Yes;No;0,452;Q2;43;48;130;1200;154;130;1,10;25,00;40,27;1;Poland;Eastern Europe;"Walter de Gruyter GmbH";"1999-2000, 2002-2026";"Industrial and Manufacturing Engineering (Q2); Management of Technology and Innovation (Q2); Materials Science (miscellaneous) (Q2)";"Business, Management and Accounting; Engineering; Materials Science"
605;40720;"Journal of International Food and Agribusiness Marketing";journal;"08974438, 15286983";"Routledge";No;No;0,452;Q2;36;21;68;1130;132;68;1,48;53,81;37,50;7;United States;Northern America;"Routledge";"1989-2026";"Business and International Management (Q2); Food Science (Q2); Marketing (Q2)";"Agricultural and Biological Sciences; Business, Management and Accounting"
606;21100812542;"Proceedings - 2017 ACM/IEEE 8th International Conference on Cyber-Physical Systems, ICCPS 2017 (part of CPS Week)";conference and proceedings;"-";"";No;No;0,452;-;14;0;34;0;81;32;2,38;0,00;0,00;0;United States;Northern America;"";"";"Earth-Surface Processes; Geology; Geotechnical Engineering and Engineering Geology; Management of Technology and Innovation";"Business, Management and Accounting; Earth and Planetary Sciences"
607;145664;"International Journal of Strategic Property Management";journal;"1648715X, 16489179";"Vilnius Gediminas Technical University";Yes;No;0,451;Q2;42;38;106;2067;209;105;1,96;54,39;38,05;4;Lithuania;Eastern Europe;"Vilnius Gediminas Technical University";"2004-2026";"Strategy and Management (Q2)";"Business, Management and Accounting"
608;5700164337;"Journal of Tourism and Cultural Change";journal;"14766825, 17477654";"Routledge";No;No;0,451;Q2;46;42;77;2233;133;75;1,56;53,17;43,90;2;United Kingdom;Western Europe;"Routledge";"2003-2026";"Cultural Studies (Q1); Geography, Planning and Development (Q2); Nature and Landscape Conservation (Q2); Tourism, Leisure and Hospitality Management (Q2); Transportation (Q3)";"Business, Management and Accounting; Environmental Science; Social Sciences"
609;21100835738;"Industry and Higher Education";journal;"20436858, 09504222";"SAGE Publications Inc.";No;No;0,450;Q2;41;42;118;2180;151;111;1,03;51,90;38,71;9;United States;Northern America;"SAGE Publications Inc.";"1996-2026";"Business and International Management (Q2); Education (Q2)";"Business, Management and Accounting; Social Sciences"
610;29804;"International Journal of Accounting";journal;"22133933, 10944060";"World Scientific Publishing Co. Pte Ltd";No;No;0,450;Q2;75;14;72;1262;118;67;1,18;90,14;27,78;0;Singapore;Asiatic Region;"World Scientific Publishing Co. Pte Ltd";"1996-2025";"Accounting (Q2); Finance (Q2)";"Business, Management and Accounting; Economics, Econometrics and Finance"
611;5700165165;"International Journal of Productivity and Quality Management";journal;"17466474, 17466482";"Inderscience Enterprises Ltd";No;No;0,450;Q2;37;70;256;3386;360;256;1,32;48,37;16,99;0;United Kingdom;Western Europe;"Inderscience Enterprises Ltd";"2006-2026";"Business, Management and Accounting (miscellaneous) (Q2)";"Business, Management and Accounting"
612;16301;"Journal of Professional Issues in Engineering Education and Practice";journal;"10523928";"American Society of Civil Engineers (ASCE)";No;No;0,449;Q2;0;0;0;0;0;0;0,00;0,00;0,00;0;United States;Northern America;"American Society of Civil Engineers (ASCE)";"1982-2019";"Civil and Structural Engineering (Q2); Industrial Relations (Q2); Strategy and Management (Q2)";"Business, Management and Accounting; Engineering"
613;5800169158;"Public Works Management and Policy";journal;"1087724X, 15527549";"SAGE Publications Inc.";No;No;0,448;Q2;33;23;68;716;89;56;1,53;31,13;39,02;0;United States;Northern America;"SAGE Publications Inc.";"1996-2026";"Business, Management and Accounting (miscellaneous) (Q2); Public Administration (Q2); Sociology and Political Science (Q2)";"Business, Management and Accounting; Social Sciences"
614;13000154734;"International Journal of Training and Development";journal;"14682419, 13603736";"Wiley-Blackwell Publishing Ltd";No;No;0,447;Q2;59;20;63;1024;97;62;1,49;51,20;60,42;7;United Kingdom;Western Europe;"Wiley-Blackwell Publishing Ltd";"1997-2026";"Education (Q2); Organizational Behavior and Human Resource Management (Q2)";"Business, Management and Accounting; Social Sciences"
615;100147335;"Abacus";journal;"00013072, 14676281";"Wiley-Blackwell Publishing Ltd";No;No;0,445;Q2;60;27;73;1650;169;66;2,86;61,11;36,23;4;United Kingdom;Western Europe;"Wiley-Blackwell Publishing Ltd";"1965-2026";"Accounting (Q2)";"Business, Management and Accounting"
616;17600154910;"Global Business Review";journal;"09730664, 09721509";"Sage Publications India Pvt. Ltd";No;No;0,445;Q2;58;86;346;4374;401;338;0,95;50,86;32,14;5;India;Asiatic Region;"Sage Publications India Pvt. Ltd";"2000-2026";"Business and International Management (Q2)";"Business, Management and Accounting"
617;21100374809;"Journal of Science and Technology Policy Management";journal;"20534639, 20534620";"Emerald Group Publishing Ltd.";No;No;0,445;Q2;41;52;60;3791;252;58;4,81;72,90;41,46;0;United Kingdom;Western Europe;"Emerald Group Publishing Ltd.";"2014-2026";"Industrial Relations (Q2); Management of Technology and Innovation (Q2); Strategy and Management (Q2); Management Science and Operations Research (Q3)";"Business, Management and Accounting; Decision Sciences"
618;12188;"Simulation and Gaming";journal;"1552826X, 10468781";"SAGE Publications Inc.";No;No;0,445;Q2;78;48;129;1671;238;112;1,93;34,81;52,34;5;United States;Northern America;"SAGE Publications Inc.";"1970-1976, 1978-1983, 1985, 1987-2026";"Business, Management and Accounting (miscellaneous) (Q2); Computer Science Applications (Q3)";"Business, Management and Accounting; Computer Science"
619;21100803316;"Valori e Valutazioni";journal;"20362404";"Societa Italiana di Estimo e Valutazione (SIEV)";Yes;No;0,445;Q2;17;24;56;744;125;49;2,45;31,00;56,10;0;Italy;Western Europe;"Societa Italiana di Estimo e Valutazione (SIEV)";"2016-2025";"Law (Q1); Decision Sciences (miscellaneous) (Q2); Finance (Q2); Strategy and Management (Q2)";"Business, Management and Accounting; Decision Sciences; Economics, Econometrics and Finance; Social Sciences"
620;21100789857;"NAPS 2016 - 48th North American Power Symposium, Proceedings";conference and proceedings;"-";"";No;No;0,445;-;19;0;174;0;238;172;0,00;0,00;0,00;0;United States;Northern America;"";"";"Electrical and Electronic Engineering; Energy Engineering and Power Technology; Renewable Energy, Sustainability and the Environment";"Energy; Engineering"
621;30019;"Journal of Organizational Behavior Management";journal;"01608061, 15408604";"Routledge";No;No;0,444;Q2;41;18;62;357;85;38;1,30;19,83;48,94;3;United States;Northern America;"Routledge";"1977-1978, 1980-1985, 1987-1991, 1993-2026";"Management of Technology and Innovation (Q2); Strategy and Management (Q2); Applied Psychology (Q3)";"Business, Management and Accounting; Psychology"
622;18300156707;"Visitor Studies";journal;"10645578, 19347715";"Routledge";No;No;0,443;Q2;32;12;43;597;70;37;0,86;49,75;64,71;1;United Kingdom;Western Europe;"Routledge";"1988-1989, 1992-1993, 2007-2025";"Museology (Q1); Communication (Q2); Education (Q2); Tourism, Leisure and Hospitality Management (Q2)";"Arts and Humanities; Business, Management and Accounting; Social Sciences"
623;20670;"Journal of Organizational Change Management";journal;"09534814";"Emerald Group Publishing Ltd.";No;No;0,441;Q2;94;44;230;3079;339;216;1,30;69,98;36,04;0;United Kingdom;Western Europe;"Emerald Group Publishing Ltd.";"1988-2026";"Decision Sciences (miscellaneous) (Q2); Management of Technology and Innovation (Q2); Organizational Behavior and Human Resource Management (Q2); Strategy and Management (Q2)";"Business, Management and Accounting; Decision Sciences"
624;21100834920;"Journal of Education for Business";journal;"08832323, 19403356";"Taylor and Francis Ltd.";No;No;0,440;Q2;63;63;148;2282;158;148;1,01;36,22;38,10;3;United Kingdom;Western Europe;"Taylor and Francis Ltd.";"1990, 1995-2026";"Business, Management and Accounting (miscellaneous) (Q2); Education (Q2)";"Business, Management and Accounting; Social Sciences"
625;21100842323;"Journal of Trust Research";journal;"2151559X, 21515581";"Routledge";No;No;0,439;-;30;13;40;878;72;30;1,67;67,54;50,00;3;United States;Northern America;"Routledge";"2011-2026";"Applied Psychology (Q3); Social Psychology (Q3)";"Psychology"
626;4400151503;"Federal Reserve Bank of St. Louis Review";journal;"00149187";"Federal Reserve Bank of St.Louis";No;No;0,437;Q2;43;16;58;367;68;58;1,40;22,94;27,78;10;United States;Northern America;"Federal Reserve Bank of St.Louis";"2001-2002, 2005-2025";"Business and International Management (Q2)";"Business, Management and Accounting"
627;21100448513;"Journal of Healthcare Leadership";journal;"11793201";"Dove Medical Press Ltd";Yes;No;0,435;Q2;30;9;29;518;73;28;2,50;57,56;61,11;0;United Kingdom;Western Europe;"Dove Medical Press Ltd";"2014-2026";"Leadership and Management (Q2); Organizational Behavior and Human Resource Management (Q2); Public Health, Environmental and Occupational Health (Q3)";"Business, Management and Accounting; Medicine; Nursing"
628;21100853526;"ACM Transactions on Economics and Computation";journal;"21678375, 21678383";"Association for Computing Machinery";No;No;0,432;Q2;27;19;64;724;58;59;0,44;38,11;9,26;2;United States;Northern America;"Association for Computing Machinery";"2013-2025";"Computer Science (miscellaneous) (Q2); Economics and Econometrics (Q2); Marketing (Q2); Computational Mathematics (Q3); Statistics and Probability (Q3)";"Business, Management and Accounting; Computer Science; Economics, Econometrics and Finance; Mathematics"
629;19700186841;"International Journal of RF Technologies: Research and Applications";journal;"17545749, 17545730";"SAGE Publications Ltd";No;No;0,432;Q2;19;9;33;204;43;33;0,90;22,67;42,86;0;United Kingdom;Western Europe;"SAGE Publications Ltd";"2009-2025";"Electrical and Electronic Engineering (Q2); Industrial and Manufacturing Engineering (Q2); Management Information Systems (Q2); Management of Technology and Innovation (Q2)";"Business, Management and Accounting; Engineering"
630;21100898038;"Contemporary Educational Technology";journal;"1309517X";"Bastas";No;No;0,431;Q2;35;24;25;1516;46;25;1,84;63,17;41,86;2;Cyprus;Western Europe;"Bastas";"2013, 2018-2025";"Education (Q2); Management of Technology and Innovation (Q2)";"Business, Management and Accounting; Social Sciences"
631;20247;"Journal of Labor Research";journal;"01953613, 19364768";"Springer New York";No;No;0,431;Q2;43;20;73;694;50;69;0,83;34,70;29,79;12;United States;Northern America;"Springer New York";"1980-2026";"Management of Technology and Innovation (Q2); Organizational Behavior and Human Resource Management (Q2); Strategy and Management (Q2)";"Business, Management and Accounting"
632;200147123;"Accounting and Finance";journal;"1467629X, 08105391";"Wiley-Blackwell";No;No;0,430;Q2;77;114;174;6470;402;173;2,50;56,75;36,73;12;United States;Northern America;"Wiley-Blackwell";"1979-2026";"Accounting (Q2); Economics, Econometrics and Finance (miscellaneous) (Q2); Finance (Q2)";"Business, Management and Accounting; Economics, Econometrics and Finance"
633;19900193855;"Revista de Psicologia del Trabajo y de las Organizaciones";journal;"15765962, 21740534";"Colegio Oficial de Psicologos de Madrid";Yes;Yes;0,430;Q2;36;24;67;1516;149;67;2,17;63,17;42,86;4;Spain;Western Europe;"Colegio Oficial de Psicologos de Madrid";"2011-2025";"Organizational Behavior and Human Resource Management (Q2); Social Psychology (Q3)";"Business, Management and Accounting; Psychology"
634;19900191756;"Social Responsibility Journal";journal;"1758857X, 17471117";"Emerald Group Publishing Ltd.";No;No;0,429;Q2;71;63;153;3947;365;152;2,05;62,65;33,83;0;United Kingdom;Western Europe;"Emerald Group Publishing Ltd.";"2005-2026";"Business, Management and Accounting (miscellaneous) (Q2); Social Sciences (miscellaneous) (Q2)";"Business, Management and Accounting; Social Sciences"
635;22819;"International Journal of Market Research";journal;"25152173, 14707853";"SAGE Publications Ltd";No;No;0,427;Q2;69;57;146;1713;147;96;1,06;30,05;28,43;3;United Kingdom;Western Europe;"SAGE Publications Ltd";"1996-2026";"Business and International Management (Q2); Economics and Econometrics (Q2); Marketing (Q2)";"Business, Management and Accounting; Economics, Econometrics and Finance"
636;12075;"Clothing and Textiles Research Journal";journal;"19402473, 0887302X";"SAGE Publications Inc.";No;No;0,425;Q2;52;21;60;890;82;59;1,35;42,38;50,00;0;United States;Northern America;"SAGE Publications Inc.";"1982-2026";"Business, Management and Accounting (miscellaneous) (Q2); Materials Science (miscellaneous) (Q2); Polymers and Plastics (Q2)";"Business, Management and Accounting; Materials Science"
637;19700188255;"Journal of Policy Research in Tourism, Leisure and Events";journal;"19407963, 19407971";"Routledge";No;No;0,425;Q2;41;34;66;2059;104;60;1,80;60,56;54,69;3;United States;Northern America;"Routledge";"2009-2026";"Geography, Planning and Development (Q2); Tourism, Leisure and Hospitality Management (Q2)";"Business, Management and Accounting; Social Sciences"
638;21100792076;"2016 IEEE/ACM 24th International Symposium on Quality of Service, IWQoS 2016";conference and proceedings;"-";"";No;No;0,425;-;16;0;68;0;131;67;0,00;0,00;0,00;0;United States;Northern America;"";"";"Artificial Intelligence; Human-Computer Interaction; Safety, Risk, Reliability and Quality";"Computer Science; Engineering"
639;5700162947;"Global Economic Review";journal;"17443873, 1226508X";"Routledge";No;No;0,424;Q2;27;23;68;910;49;66;0,63;39,57;27,27;0;United Kingdom;Western Europe;"Routledge";"1996-2026";"Business and International Management (Q2); Economics, Econometrics and Finance (miscellaneous) (Q2); Political Science and International Relations (Q2)";"Business, Management and Accounting; Economics, Econometrics and Finance; Social Sciences"
640;21100794012;"Public Relations Inquiry";journal;"20461488, 2046147X";"SAGE Publications Inc.";No;No;0,424;Q2;26;18;49;1287;69;41;1,33;71,50;84,21;0;United Kingdom;Western Europe;"SAGE Publications Inc.";"2014-2026";"Linguistics and Language (Q1); Communication (Q2); Marketing (Q2); Organizational Behavior and Human Resource Management (Q2); Strategy and Management (Q2)";"Business, Management and Accounting; Social Sciences"
641;4700152774;"Journal of Marketing Channels";journal;"1046669X, 15407039";"Routledge";No;No;0,422;Q2;29;0;58;0;62;46;1,03;0,00;0,00;0;United States;Northern America;"Routledge";"1991-2018, 2020";"Marketing (Q2)";"Business, Management and Accounting"
642;29884;"Journal of International Accounting, Auditing and Taxation";journal;"10619518";"Elsevier B.V.";No;No;0,421;Q2;58;25;49;1781;93;44;2,00;71,24;26,92;1;United Kingdom;Western Europe;"Elsevier B.V.";"1992-2026";"Accounting (Q2); Finance (Q2)";"Business, Management and Accounting; Economics, Econometrics and Finance"
643;145294;"Critical Perspectives on International Business";journal;"17422043";"Emerald Group Publishing Ltd.";No;No;0,420;Q2;41;20;61;1540;138;60;2,02;77,00;37,84;4;United Kingdom;Western Europe;"Emerald Group Publishing Ltd.";"2005-2026";"Business and International Management (Q2); Business, Management and Accounting (miscellaneous) (Q2)";"Business, Management and Accounting"
644;21100385809;"International Journal of Quality and Service Sciences";journal;"1756669X, 17566703";"Emerald Group Publishing Ltd.";No;No;0,420;Q2;47;38;93;2544;224;92;2,47;66,95;41,05;0;United Kingdom;Western Europe;"Emerald Group Publishing Ltd.";"2009-2026";"Business, Management and Accounting (miscellaneous) (Q2)";"Business, Management and Accounting"
645;19713;"Journal of High Technology Management Research";journal;"10478310";"Elsevier Ltd";No;No;0,420;Q2;59;16;57;1082;147;57;3,03;67,63;38,71;2;United Kingdom;Western Europe;"Elsevier Ltd";"1990-2024";"Information Systems and Management (Q2); Management of Technology and Innovation (Q2); Marketing (Q2); Strategy and Management (Q2); Computer Science Applications (Q3)";"Business, Management and Accounting; Computer Science; Decision Sciences"
646;11700154505;"Journal of Hospitality, Leisure, Sport and Tourism Education";journal;"14738376";"Elsevier B.V.";No;No;0,420;Q2;51;40;78;2376;148;77;1,78;59,40;38,83;1;Netherlands;Western Europe;"Elsevier B.V.";"2008-2026";"Education (Q2); Tourism, Leisure and Hospitality Management (Q2)";"Business, Management and Accounting; Social Sciences"
647;5700162015;"Public Integrity";journal;"15580989, 10999922";"Taylor and Francis Ltd.";No;No;0,420;Q2;35;48;121;2001;110;99;0,84;41,69;35,21;15;United Kingdom;Western Europe;"Taylor and Francis Ltd.";"2000-2026";"Philosophy (Q1); Business and International Management (Q2); Law (Q2); Public Administration (Q2); Sociology and Political Science (Q2)";"Arts and Humanities; Business, Management and Accounting; Social Sciences"
648;19171;"Journal of Quality in Maintenance Engineering";journal;"13552511";"Emerald Group Publishing Ltd.";No;No;0,417;Q2;66;32;87;1564;146;86;1,51;48,88;18,75;0;United Kingdom;Western Europe;"Emerald Group Publishing Ltd.";"1995-2026";"Industrial and Manufacturing Engineering (Q2); Safety, Risk, Reliability and Quality (Q2); Strategy and Management (Q2)";"Business, Management and Accounting; Engineering"
649;17700156775;"Corporate Reputation Review";journal;"13633589, 14791889";"Palgrave Macmillan Ltd.";No;No;0,415;Q2;79;13;59;819;69;57;0,89;63,00;29,63;1;United Kingdom;Western Europe;"Palgrave Macmillan Ltd.";"1997-2026";"Business and International Management (Q2); Strategy and Management (Q2)";"Business, Management and Accounting"
650;144639;"Information Technology and Management";journal;"1385951X, 15737667";"Kluwer Academic Publishers";No;No;0,415;Q2;49;14;69;719;133;65;1,97;51,36;26,19;1;Netherlands;Western Europe;"Kluwer Academic Publishers";"2004-2026";"Business, Management and Accounting (miscellaneous) (Q2); Communication (Q2); Information Systems (Q2)";"Business, Management and Accounting; Computer Science; Social Sciences"
651;21100806906;"Uncertain Supply Chain Management (discontinued)";journal;"22916822, 22916830";"Growing Science";No;No;0,415;Q2;47;56;83;2744;244;83;2,39;49,00;29,08;1;Canada;Northern America;"Growing Science";"2013-2024";"Business and International Management (Q2); Management Information Systems (Q2); Strategy and Management (Q2); Management Science and Operations Research (Q3); Statistics, Probability and Uncertainty (Q3)";"Business, Management and Accounting; Decision Sciences"
652;21100275426;"Journal of Industrial and Business Economics";journal;"03912078, 19724977";"Springer Nature";No;No;0,414;Q2;29;27;80;1244;89;77;0,82;46,07;36,36;10;Switzerland;Western Europe;"Springer Nature";"2013-2026";"Business, Management and Accounting (miscellaneous) (Q2); Economics, Econometrics and Finance (miscellaneous) (Q2)";"Business, Management and Accounting; Economics, Econometrics and Finance"
653;21100215165;"Knowledge Management and E-Learning";journal;"20737904";"Hong Kong Bao Long Accounting And Secretarial Limited";Yes;Yes;0,414;Q2;37;27;100;1697;152;100;1,66;62,85;33,73;1;Hong Kong;Asiatic Region;"Hong Kong Bao Long Accounting And Secretarial Limited";"2009-2025";"Education (Q2); E-learning (Q2); Management of Technology and Innovation (Q2)";"Business, Management and Accounting; Social Sciences"
654;21100894523;"She Ji";journal;"24058718, 24058726";"KeAi Communications Co.";Yes;No;0,414;Q2;31;39;94;956;117;53;1,54;24,51;46,88;7;Netherlands;Western Europe;"KeAi Communications Co.";"2015-2025";"Economics, Econometrics and Finance (miscellaneous) (Q2); Education (Q2); Management of Technology and Innovation (Q2)";"Business, Management and Accounting; Economics, Econometrics and Finance; Social Sciences"
655;23403;"Journal of Homeland Security and Emergency Management";journal;"21946361, 15477355";"Walter de Gruyter GmbH";No;No;0,413;Q2;34;13;56;584;60;56;0,64;44,92;24,00;4;Germany;Western Europe;"Walter de Gruyter GmbH";"2004-2026";"Business, Management and Accounting (miscellaneous) (Q2); Safety Research (Q2); Safety, Risk, Reliability and Quality (Q2)";"Business, Management and Accounting; Engineering; Social Sciences"
656;19900191743;"Qualitative Research in Accounting and Management";journal;"11766093";"Emerald Group Publishing Ltd.";No;No;0,413;Q2;42;22;66;1452;85;64;0,89;66,00;45,65;0;United Kingdom;Western Europe;"Emerald Group Publishing Ltd.";"2004-2026";"Accounting (Q2); Business and International Management (Q2)";"Business, Management and Accounting"
657;100147347;"Transnational Corporations";journal;"10149562";"UNCTAD United Nations Conference on Trade and Development";No;No;0,413;Q2;33;17;39;833;64;37;1,82;49,00;27,27;13;Switzerland;Western Europe;"UNCTAD United Nations Conference on Trade and Development";"2005-2012, 2015-2022";"Business, Management and Accounting (miscellaneous) (Q2); Economics, Econometrics and Finance (miscellaneous) (Q2); Political Science and International Relations (Q2)";"Business, Management and Accounting; Economics, Econometrics and Finance; Social Sciences"
658;21100812137;"New Space";journal;"21680264, 21680256";"Mary Ann Liebert Inc.";No;No;0,413;Q3;20;27;99;537;100;84;1,20;19,89;26,47;5;United States;Northern America;"Mary Ann Liebert Inc.";"2013-2026";"Aerospace Engineering (Q2); Energy Engineering and Power Technology (Q2); Safety, Risk, Reliability and Quality (Q2); Astronomy and Astrophysics (Q3); Tourism, Leisure and Hospitality Management (Q3)";"Business, Management and Accounting; Energy; Engineering; Physics and Astronomy"
659;24380;"Journal of Financial Research";journal;"02702592, 14756803";"Wiley-Blackwell Publishing Ltd";No;No;0,412;Q2;58;27;53;1316;37;53;0,74;48,74;26,79;2;United Kingdom;Western Europe;"Wiley-Blackwell Publishing Ltd";"1978-2026";"Accounting (Q2); Finance (Q2)";"Business, Management and Accounting; Economics, Econometrics and Finance"
660;18961;"European Journal of Industrial Relations";journal;"14617129, 09596801";"SAGE Publications Ltd";No;No;0,411;Q2;53;27;86;1004;121;74;1,05;37,19;43,18;16;United Kingdom;Western Europe;"SAGE Publications Ltd";"1995-2026";"Business, Management and Accounting (miscellaneous) (Q2); Management of Technology and Innovation (Q2); Organizational Behavior and Human Resource Management (Q2); Strategy and Management (Q2)";"Business, Management and Accounting"
661;12763;"International Journal of Technology Management";journal;"17415276, 02675730";"Inderscience Publishers";No;No;0,410;Q2;72;39;128;2773;177;125;1,25;71,10;40,00;0;United Kingdom;Western Europe;"Inderscience Publishers";"1986-1989, 1996-2025";"Engineering (miscellaneous) (Q1); Industrial Relations (Q2); Law (Q2); Strategy and Management (Q2); Computer Science Applications (Q3)";"Business, Management and Accounting; Computer Science; Engineering; Social Sciences"
662;19900193208;"Issues in Accounting Education";journal;"07393172, 15587983";"American Accounting Association";No;No;0,410;Q2;36;15;95;167;81;84;0,77;11,13;41,94;0;United States;Northern America;"American Accounting Association";"2001, 2009-2026";"Accounting (Q2); Education (Q2)";"Business, Management and Accounting; Social Sciences"
663;24378;"Journal of Economics and Business";journal;"01486195";"Elsevier Inc.";No;No;0,409;Q2;65;25;94;1257;185;91;2,39;50,28;32,08;3;United States;Northern America;"Elsevier Inc.";"1978, 1980, 1982-2026";"Business, Management and Accounting (miscellaneous) (Q2); Economics and Econometrics (Q2)";"Business, Management and Accounting; Economics, Econometrics and Finance"
664;21100464775;"Hospitality and Society";journal;"20427921, 20427913";"Intellect Ltd.";No;No;0,409;Q3;25;22;38;1559;33;33;0,88;70,86;53,49;0;United Kingdom;Western Europe;"Intellect Ltd.";"2011-2026";"Social Sciences (miscellaneous) (Q2); Tourism, Leisure and Hospitality Management (Q3)";"Business, Management and Accounting; Social Sciences"
665;130073;"Journal of Consumer Policy";journal;"01687034, 15730700";"Springer New York";No;No;0,408;Q2;66;22;72;1552;127;64;1,40;70,55;52,50;13;United States;Northern America;"Springer New York";"1977-1981, 1983-2026";"Business, Management and Accounting (miscellaneous) (Q2); Economics and Econometrics (Q3)";"Business, Management and Accounting; Economics, Econometrics and Finance"
666;3900148213;"International Journal of Entrepreneurship and Small Business";journal;"14761297, 17418054";"Inderscience Enterprises Ltd";No;No;0,407;Q2;52;78;280;4997;328;275;0,97;64,06;45,05;2;United Kingdom;Western Europe;"Inderscience Enterprises Ltd";"2004-2026";"Business and International Management (Q2); Economics and Econometrics (Q3)";"Business, Management and Accounting; Economics, Econometrics and Finance"
667;4700152637;"Journal of Economic Interaction and Coordination";journal;"1860711X, 18607128";"Springer Verlag";No;No;0,407;Q2;30;36;64;1575;102;61;1,65;43,75;31,91;7;Germany;Western Europe;"Springer Verlag";"2006-2026";"Business and International Management (Q2); Economics and Econometrics (Q3)";"Business, Management and Accounting; Economics, Econometrics and Finance"
668;11700154369;"Australian Journal of Management";journal;"13272020, 03128962";"SAGE Publications Ltd";No;No;0,406;Q2;57;32;93;2385;139;93;1,26;74,53;40,48;3;United Kingdom;Western Europe;"SAGE Publications Ltd";"1976-2026";"Business, Management and Accounting (miscellaneous) (Q2)";"Business, Management and Accounting"
669;21100803571;"Digital Policy, Regulation and Governance";journal;"23985038, 23985046";"Emerald Publishing";No;No;0,406;Q2;48;37;103;1779;176;93;1,41;48,08;32,35;0;United Kingdom;Western Europe;"Emerald Publishing";"2017-2026";"Computer Networks and Communications (Q2); Information Systems (Q2); Information Systems and Management (Q2); Management Information Systems (Q2); Management of Technology and Innovation (Q2)";"Business, Management and Accounting; Computer Science; Decision Sciences"
670;29447;"Review of Industrial Organization";journal;"0889938X, 15737160";"Springer Netherlands";No;No;0,406;Q2;69;62;158;2134;105;152;0,55;34,42;21,19;30;Netherlands;Western Europe;"Springer Netherlands";"1984-1986, 1988-2026";"Management of Technology and Innovation (Q2); Organizational Behavior and Human Resource Management (Q2); Strategy and Management (Q2); Economics and Econometrics (Q3)";"Business, Management and Accounting; Economics, Econometrics and Finance"
671;21100266590;"Revista de Contabilidad-Spanish Accounting Review";journal;"19884672, 11384891";"Universidad de Murcia";Yes;Yes;0,406;Q2;31;20;64;1671;111;62;1,50;83,55;56,86;0;United Kingdom;Western Europe;"Universidad de Murcia";"2009-2025";"Accounting (Q2)";"Business, Management and Accounting"
672;4100151511;"Advances in Management Accounting";book series;"14747871";"Emerald Group Publishing Ltd.";No;No;0,405;Q2;20;7;38;352;33;21;0,91;50,29;0,00;0;United Kingdom;Western Europe;"Emerald Group Publishing Ltd.";"2003-2008, 2010-2021, 2023-2026";"Accounting (Q2); Business, Management and Accounting (miscellaneous) (Q2)";"Business, Management and Accounting"
673;145207;"Asia Europe Journal";journal;"16102932, 16121031";"Springer Science and Business Media Deutschland GmbH";No;No;0,405;Q2;32;30;84;1593;125;80;1,58;53,10;41,03;18;Germany;Western Europe;"Springer Science and Business Media Deutschland GmbH";"2003-2026";"Business, Management and Accounting (miscellaneous) (Q2); Social Sciences (miscellaneous) (Q2)";"Business, Management and Accounting; Social Sciences"
674;19700175280;"IIMB Management Review";journal;"09703896";"Elsevier Ltd";Yes;No;0,404;Q2;41;35;82;1407;145;69;1,78;40,20;35,29;5;United Kingdom;Western Europe;"Elsevier Ltd";"2010-2025";"Business, Management and Accounting (miscellaneous) (Q2); Economics and Econometrics (Q3)";"Business, Management and Accounting; Economics, Econometrics and Finance"
675;21100907367;"Water Economics and Policy";journal;"2382624X, 23826258";"World Scientific";No;No;0,404;Q2;19;29;88;1196;112;83;1,61;41,24;32,79;0;Singapore;Asiatic Region;"World Scientific";"2015-2026";"Business and International Management (Q2); Water Science and Technology (Q2); Economics and Econometrics (Q3); Management, Monitoring, Policy and Law (Q3)";"Business, Management and Accounting; Economics, Econometrics and Finance; Environmental Science"
676;3900148214;"International Journal of Business Information Systems";journal;"17460972, 17460980";"Inderscience Enterprises Ltd";No;No;0,403;Q2;39;75;255;4598;312;254;0,98;61,31;28,89;0;United Kingdom;Western Europe;"Inderscience Enterprises Ltd";"2005-2026";"Information Systems and Management (Q2); Management Information Systems (Q2); Management of Technology and Innovation (Q2)";"Business, Management and Accounting; Decision Sciences"
677;21100788904;"2016 IEEE 18th International Conference on e-Health Networking, Applications and Services, Healthcom 2016";conference and proceedings;"-";"";No;No;0,403;-;19;0;120;0;321;119;0,00;0,00;0,00;0;United States;Northern America;"";"";"Computer Networks and Communications; Hardware and Architecture; Information Systems and Management; Management Information Systems; Management of Technology and Innovation";"Business, Management and Accounting; Computer Science; Decision Sciences"
678;19700175176;"Academy of Strategic Management Journal (discontinued)";journal;"15441458, 19396104";"Allied Business Academies";No;No;0,402;Q2;35;176;343;4733;490;342;1,92;26,89;48,16;0;United States;Northern America;"Allied Business Academies";"2009-2021";"Business and International Management (Q2); Strategy and Management (Q2)";"Business, Management and Accounting"
679;21100857389;"Entrepreneurial Business and Economics Review";journal;"2353883X, 23538821";"Cracow University of Economics";Yes;Yes;0,401;Q2;33;52;147;2857;225;136;1,50;54,94;45,63;0;Poland;Eastern Europe;"Cracow University of Economics";"2013-2025";"Business and International Management (Q2); Economics, Econometrics and Finance (miscellaneous) (Q2); Strategy and Management (Q2)";"Business, Management and Accounting; Economics, Econometrics and Finance"
680;21100235612;"International Journal of Technology";journal;"20869614, 20872100";"Faculty of Engineering, Universitas Indonesia";Yes;No;0,401;Q2;32;168;501;3819;611;496;1,18;22,73;29,87;2;Indonesia;Asiatic Region;"Faculty of Engineering, Universitas Indonesia";"2010-2026";"Engineering (miscellaneous) (Q1); Management of Technology and Innovation (Q2); Strategy and Management (Q2)";"Business, Management and Accounting; Engineering"
681;21100299410;"Journal of Management History";journal;"17587751, 17511348";"Emerald Group Publishing Ltd.";No;No;0,401;Q2;32;32;77;2187;74;69;0,91;68,34;30,00;0;United Kingdom;Western Europe;"Emerald Group Publishing Ltd.";"2006-2026";"Business, Management and Accounting (miscellaneous) (Q2); History and Philosophy of Science (Q2)";"Arts and Humanities; Business, Management and Accounting"
682;27287;"Journal of Network and Systems Management";journal;"15737705, 10647570";"Springer New York";No;No;0,401;Q2;51;39;113;1499;314;111;3,26;38,44;26,13;0;United States;Northern America;"Springer New York";"1993-2026";"Computer Networks and Communications (Q2); Hardware and Architecture (Q2); Information Systems (Q2); Strategy and Management (Q2)";"Business, Management and Accounting; Computer Science"
683;12909;"Systems Research and Behavioral Science";journal;"10991743, 10927026";"John Wiley and Sons Ltd";No;No;0,401;Q2;64;70;177;3231;208;155;0,91;46,16;34,93;7;United Kingdom;Western Europe;"John Wiley and Sons Ltd";"1969, 1973, 1996-2026";"Information Systems and Management (Q2); Social Sciences (miscellaneous) (Q2); Strategy and Management (Q2)";"Business, Management and Accounting; Decision Sciences; Social Sciences"
684;24017;"ZWF Zeitschrift fuer Wirtschaftlichen Fabrikbetrieb";journal;"09470085, 25110896";"Walter de Gruyter GmbH";No;No;0,401;Q2;20;189;594;2354;232;545;0,42;12,46;14,86;2;Germany;Western Europe;"Walter de Gruyter GmbH";"1995-2026";"Engineering (miscellaneous) (Q1); Strategy and Management (Q2); Management Science and Operations Research (Q3)";"Business, Management and Accounting; Decision Sciences; Engineering"
685;19700188275;"International Journal of Innovation Science";journal;"17572223, 17572231";"Emerald Group Publishing Ltd.";No;No;0,400;Q2;39;33;82;2303;168;75;2,47;69,79;32,35;0;United Kingdom;Western Europe;"Emerald Group Publishing Ltd.";"2010-2026";"Engineering (miscellaneous) (Q1); Management of Technology and Innovation (Q2)";"Business, Management and Accounting; Engineering"
686;21100326278;"Polish Journal of Management Studies";journal;"20817452";"Czestochowa University of Technology";Yes;No;0,400;Q2;38;160;287;5148;931;287;3,57;32,18;47,18;3;Poland;Eastern Europe;"Czestochowa University of Technology";"2010-2025";"Business and International Management (Q2); Organizational Behavior and Human Resource Management (Q2); Strategy and Management (Q2)";"Business, Management and Accounting"
687;21100844181;"International Journal of Tourism Cities";journal;"20565615, 20565607";"Emerald Group Publishing Ltd.";No;No;0,400;Q3;41;45;88;3025;174;82;1,25;67,22;42,70;0;United Kingdom;Western Europe;"Emerald Group Publishing Ltd.";"2015-2024";"Tourism, Leisure and Hospitality Management (Q3)";"Business, Management and Accounting"
688;20201;"International Journal of Manpower";journal;"01437720";"Emerald Group Publishing Ltd.";No;No;0,399;Q2;84;77;196;4030;265;191;1,14;52,34;53,71;0;United Kingdom;Western Europe;"Emerald Group Publishing Ltd.";"1970, 1980-2026";"Management of Technology and Innovation (Q2); Organizational Behavior and Human Resource Management (Q2); Strategy and Management (Q2)";"Business, Management and Accounting"
689;6300153121;"Journal of Theoretical and Applied Electronic Commerce Research";journal;"07181876";"Multidisciplinary Digital Publishing Institute (MDPI)";Yes;Yes;0,399;Q2;63;14;56;778;116;47;2,55;55,57;45,16;0;Switzerland;Western Europe;"Multidisciplinary Digital Publishing Institute (MDPI)";"2006-2026";"Business, Management and Accounting (miscellaneous) (Q2); Computer Science Applications (Q3)";"Business, Management and Accounting; Computer Science"
690;19700190348;"Coaching";journal;"17521890, 17521882";"Routledge";No;No;0,397;Q2;27;12;41;419;36;34;0,89;34,92;55,56;1;United States;Northern America;"Routledge";"2010-2026";"Organizational Behavior and Human Resource Management (Q2); Developmental and Educational Psychology (Q3); Social Psychology (Q3)";"Business, Management and Accounting; Psychology"
691;19900193251;"Journal of International Accounting Research";journal;"15588025, 15426297";"American Accounting Association";No;No;0,397;Q2;34;18;74;903;66;64;0,60;50,17;40,00;0;United States;Northern America;"American Accounting Association";"2007, 2009-2025";"Accounting (Q2); Business and International Management (Q2)";"Business, Management and Accounting"
692;19900192136;"International Journal of Auditing";journal;"10991123, 10906738";"John Wiley and Sons Ltd";No;No;0,394;Q2;42;28;83;2139;122;80;1,43;76,39;33,85;3;United Kingdom;Western Europe;"John Wiley and Sons Ltd";"2009-2026";"Accounting (Q2); Economics, Econometrics and Finance (miscellaneous) (Q2)";"Business, Management and Accounting; Economics, Econometrics and Finance"
693;10400153306;"International Journal of Organizational Analysis";journal;"19348835";"Emerald Group Publishing Ltd.";No;No;0,393;Q2;55;85;151;6900;259;151;1,72;81,18;37,43;0;United Kingdom;Western Europe;"Emerald Group Publishing Ltd.";"2005-2026";"Strategy and Management (Q2); Organizational Behavior and Human Resource Management (Q3)";"Business, Management and Accounting"
694;19900191757;"Journal of Accounting and Organizational Change";journal;"18325912";"Emerald Publishing";No;No;0,393;Q2;43;28;74;2177;105;73;1,12;77,75;28,07;0;United Kingdom;Western Europe;"Emerald Publishing";"2005-2026";"Accounting (Q2); Economics, Econometrics and Finance (miscellaneous) (Q2); Strategy and Management (Q2); Organizational Behavior and Human Resource Management (Q3)";"Business, Management and Accounting; Economics, Econometrics and Finance"
695;10600153310;"Journal on Chain and Network Science";journal;"15691829, 18750931";"Wageningen Academic Publishers";No;No;0,393;Q2;27;0;14;0;22;12;0,00;0,00;0,00;0;Netherlands;Western Europe;"Wageningen Academic Publishers";"2001-2016";"Computer Networks and Communications (Q2); Management Information Systems (Q2); Computer Science Applications (Q3)";"Business, Management and Accounting; Computer Science"
696;5700162125;"Action Research";journal;"17412617, 14767503";"SAGE Publications Ltd";No;No;0,392;Q2;55;33;79;1144;121;73;0,96;34,67;72,38;14;United Kingdom;Western Europe;"SAGE Publications Ltd";"2003-2026";"Sociology and Political Science (Q2); Strategy and Management (Q2); Organizational Behavior and Human Resource Management (Q3)";"Business, Management and Accounting; Social Sciences"
697;3900148211;"International Journal of Integrated Supply Management";journal;"14775360, 17418097";"Inderscience Enterprises Ltd";No;No;0,392;Q2;25;9;34;418;49;34;1,65;46,44;20,83;0;United Kingdom;Western Europe;"Inderscience Enterprises Ltd";"2004-2025";"Marketing (Q2); Strategy and Management (Q2)";"Business, Management and Accounting"
698;4100151512;"Research in Labor Economics";book series;"01479121";"Emerald Group Publishing Ltd.";No;No;0,392;Q2;31;11;45;378;33;34;1,00;34,36;31,58;0;United Kingdom;Western Europe;"Emerald Group Publishing Ltd.";"1999-2004, 2006-2021, 2023-2026";"Industrial Relations (Q2); Political Science and International Relations (Q2); Economics and Econometrics (Q3)";"Business, Management and Accounting; Economics, Econometrics and Finance; Social Sciences"
699;4000152110;"Advances in Accounting";journal;"10465715, 08826110";"Emerald Publishing";No;No;0,392;Q3;49;28;113;1522;165;112;1,34;54,36;37,10;1;United States;Northern America;"Emerald Publishing";"2000-2003, 2005-2026";"Finance (Q2); Accounting (Q3)";"Business, Management and Accounting; Economics, Econometrics and Finance"
700;21100853248;"Journal of Strategy and Management";journal;"1755425X, 17554268";"Emerald Group Publishing Ltd.";No;No;0,391;Q2;47;30;78;2454;124;78;1,25;81,80;28,79;0;United Kingdom;Western Europe;"Emerald Group Publishing Ltd.";"2008-2026";"Business and International Management (Q2); Strategy and Management (Q2)";"Business, Management and Accounting"
701;700147309;"Journal of General Management";journal;"17596106, 03063070";"SAGE Publications Inc.";No;No;0,390;Q2;29;23;56;1089;61;46;1,18;47,35;28,89;1;United Kingdom;Western Europe;"SAGE Publications Inc.";"1979, 1982, 2003-2026";"Business, Management and Accounting (miscellaneous) (Q2); Strategy and Management (Q2)";"Business, Management and Accounting"
702;21100799944;"German Journal of Human Resource Management";journal;"23970022, 23970030";"SAGE Publications Inc.";No;No;0,389;Q3;28;16;39;1321;45;33;0,81;82,56;57,89;2;United Kingdom;Western Europe;"SAGE Publications Inc.";"2016-2026";"Organizational Behavior and Human Resource Management (Q3)";"Business, Management and Accounting"
703;19700188331;"Journal of Change Management";journal;"14791811, 14697017";"Routledge";No;No;0,388;Q2;62;18;56;1103;99;51;1,37;61,28;39,02;5;United Kingdom;Western Europe;"Routledge";"2000-2002, 2004-2026";"Strategy and Management (Q2)";"Business, Management and Accounting"
704;21100781411;"Journal of Risk Finance";journal;"23312947, 15265943";"Emerald Publishing";No;No;0,388;Q3;53;30;92;1356;139;90;1,52;45,20;26,67;0;United Kingdom;Western Europe;"Emerald Publishing";"1999-2026";"Finance (Q2); Accounting (Q3)";"Business, Management and Accounting; Economics, Econometrics and Finance"
705;5600152813;"Business and Society Review";journal;"00453609, 14678594";"Wiley-Blackwell Publishing Ltd";No;No;0,387;Q2;36;26;68;1588;81;67;1,02;61,08;33,33;0;United Kingdom;Western Europe;"Wiley-Blackwell Publishing Ltd";"2007-2026";"Business and International Management (Q2); Industrial Relations (Q2); Sociology and Political Science (Q2); Strategy and Management (Q2)";"Business, Management and Accounting; Social Sciences"
706;5700161189;"Culture and Organization";journal;"14772760, 14759551";"Routledge";No;No;0,387;Q3;29;27;75;1734;78;69;0,85;64,22;60,98;2;United Kingdom;Western Europe;"Routledge";"2009-2026";"Cultural Studies (Q1); Organizational Behavior and Human Resource Management (Q3)";"Business, Management and Accounting; Social Sciences"
707;13088;"International Journal of Applied Ceramic Technology";journal;"1546542X, 17447402";"Wiley-Blackwell";No;No;0,386;Q2;80;250;448;8930;777;447;1,88;35,72;31,15;3;United States;Northern America;"Wiley-Blackwell";"2004-2026";"Ceramics and Composites (Q2); Marketing (Q2); Materials Chemistry (Q2); Condensed Matter Physics (Q3)";"Business, Management and Accounting; Materials Science; Physics and Astronomy"
708;18700156708;"Australian Accounting Review";journal;"10356908, 18352561";"Wiley-Blackwell Publishing Ltd";No;No;0,386;Q3;54;50;117;2986;187;99;1,61;59,72;33,64;5;United Kingdom;Western Europe;"Wiley-Blackwell Publishing Ltd";"1991-2026";"Accounting (Q3)";"Business, Management and Accounting"
709;21100788292;"Recherche et Applications en Marketing";journal;"20515707";"SAGE Publications Inc.";No;No;0,385;Q3;19;22;68;1687;71;63;0,67;76,68;50,00;0;United Kingdom;Western Europe;"SAGE Publications Inc.";"2014-2021";"Marketing (Q3)";"Business, Management and Accounting"
710;4700152296;"Journal of Teaching in International Business";journal;"08975930, 15286991";"Routledge";No;No;0,384;Q2;30;20;49;773;76;39;0,94;38,65;50,00;1;United States;Northern America;"Routledge";"1989-2025";"Business, Management and Accounting (miscellaneous) (Q2); Education (Q2)";"Business, Management and Accounting; Social Sciences"
711;21100469645;"2016 International Conference on Unmanned Aircraft Systems, ICUAS 2016";conference and proceedings;"-";"";No;No;0,384;-;28;0;175;0;394;171;0,00;0,00;0,00;0;United States;Northern America;"";"";"Management of Technology and Innovation";"Business, Management and Accounting"
712;19700201170;"Journal of China Tourism Research";journal;"19388160, 19388179";"Taylor and Francis Ltd.";No;No;0,381;Q3;35;30;75;1942;74;73;0,74;64,73;47,30;1;United Kingdom;Western Europe;"Taylor and Francis Ltd.";"2008-2026";"Cultural Studies (Q1); Linguistics and Language (Q1); Tourism, Leisure and Hospitality Management (Q3)";"Business, Management and Accounting; Social Sciences"
713;145230;"International Journal of Managerial Finance";journal;"17439132";"Emerald Group Publishing Ltd.";No;No;0,380;Q2;47;43;92;2666;178;91;1,72;62,00;27,66;0;United Kingdom;Western Europe;"Emerald Group Publishing Ltd.";"2005-2026";"Business, Management and Accounting (miscellaneous) (Q2); Finance (Q2)";"Business, Management and Accounting; Economics, Econometrics and Finance"
714;28952;"Journal of Economic Issues";journal;"1946326X, 00213624";"Routledge";No;No;0,380;Q2;61;77;214;3432;175;212;0,71;44,57;22,02;10;United Kingdom;Western Europe;"Routledge";"1967-1969, 1973, 1977-1983, 1985-1986, 1988-1992, 1996-2025";"Business, Management and Accounting (miscellaneous) (Q2); Economics and Econometrics (Q3)";"Business, Management and Accounting; Economics, Econometrics and Finance"
715;17371;"IEEE Transactions on Professional Communication";journal;"15581500, 03611434";"Institute of Electrical and Electronics Engineers Inc.";No;No;0,379;Q2;58;25;80;1285;145;77;1,79;51,40;44,68;0;United States;Northern America;"Institute of Electrical and Electronics Engineers Inc.";"1972-2025";"Electrical and Electronic Engineering (Q2); Industrial Relations (Q2)";"Business, Management and Accounting; Engineering"
716;16525;"Journal of Portfolio Management";journal;"00954918";"Portfolio Management Research";No;No;0,379;Q2;67;68;237;1436;213;221;0,84;21,12;19,51;6;United States;Northern America;"Portfolio Management Research";"1986, 1988-1990, 1995-2026";"Business, Management and Accounting (miscellaneous) (Q2); Finance (Q2); Accounting (Q3); Economics and Econometrics (Q3)";"Business, Management and Accounting; Economics, Econometrics and Finance"
717;21100886539;"Tourism Review International";journal;"15442721, 19434421";"Cognizant Communication Corporation";No;No;0,378;Q3;21;7;70;327;79;62;1,12;46,71;25,00;0;United States;Northern America;"Cognizant Communication Corporation";"2016-2025";"Tourism, Leisure and Hospitality Management (Q3)";"Business, Management and Accounting"
718;145732;"Tourist Studies";journal;"17413206, 14687976";"SAGE Publications Ltd";No;No;0,377;Q3;65;27;74;2182;127;72;1,55;80,81;53,06;1;United Kingdom;Western Europe;"SAGE Publications Ltd";"2001-2026";"Tourism, Leisure and Hospitality Management (Q3)";"Business, Management and Accounting"
719;21100203911;"European Journal of Training and Development";journal;"20469012, 20469020";"Emerald Publishing";No;No;0,376;Q2;77;45;116;3200;193;114;1,49;71,11;52,34;0;United Kingdom;Western Europe;"Emerald Publishing";"2012-2026";"Business, Management and Accounting (miscellaneous) (Q2); Education (Q2); Organizational Behavior and Human Resource Management (Q3)";"Business, Management and Accounting; Social Sciences"
720;145328;"Team Performance Management";journal;"13527592";"Emerald Publishing";No;No;0,376;Q2;48;24;72;1645;89;71;1,21;68,54;43,75;0;United Kingdom;Western Europe;"Emerald Publishing";"1995-2025";"Management Information Systems (Q2); Management of Technology and Innovation (Q2); Organizational Behavior and Human Resource Management (Q3)";"Business, Management and Accounting"
721;12981;"Kybernetes";journal;"0368492X";"Emerald Publishing";No;No;0,376;-;65;121;309;6770;611;306;1,95;55,95;38,99;0;United Kingdom;Western Europe;"Emerald Publishing";"1972-2026";"Engineering (miscellaneous) (Q1); Computer Science (miscellaneous) (Q2); Control and Systems Engineering (Q2); Electrical and Electronic Engineering (Q2); Social Sciences (miscellaneous) (Q2); Artificial Intelligence (Q3); Information Systems (Q3); Software (Q3); Theoretical Computer Science (Q3)";"Computer Science; Engineering; Mathematics; Social Sciences"
722;21100885607;"Journal of World Investment and Trade";journal;"16607112, 22119000";"Brill Academic Publishers";No;No;0,375;Q2;28;173;86;4220;50;80;0,27;24,39;22,81;22;Netherlands;Western Europe;"Brill Academic Publishers";"2000-2001, 2003-2025";"Business and International Management (Q2); Economics, Econometrics and Finance (miscellaneous) (Q2); Law (Q2); Political Science and International Relations (Q2)";"Business, Management and Accounting; Economics, Econometrics and Finance; Social Sciences"
723;21100464724;"Proceedings - 2nd International Workshop on Software Engineering for Smart Cyber-Physical Systems, SEsCPS 2016";conference and proceedings;"-";"";No;No;0,375;-;5;0;11;0;20;9;0,00;0,00;0,00;0;United States;Northern America;"";"";"Business and International Management; Computer Science Applications; Information Systems; Management Information Systems; Software";"Business, Management and Accounting; Computer Science"
724;4000149501;"International Journal of Product Lifecycle Management";journal;"17435110, 17435129";"Inderscience Enterprises Ltd";No;No;0,374;Q2;26;8;53;381;48;51;0,89;47,63;20,69;0;United Kingdom;Western Europe;"Inderscience Enterprises Ltd";"2005-2025";"Business and International Management (Q2); Safety, Risk, Reliability and Quality (Q2); Management Science and Operations Research (Q3)";"Business, Management and Accounting; Decision Sciences; Engineering"
725;21100262313;"Worldwide Hospitality and Tourism Themes";journal;"17554217, 17554225";"Emerald Group Publishing Ltd.";No;No;0,374;Q3;41;78;218;2193;261;192;1,28;28,12;44,44;0;United Kingdom;Western Europe;"Emerald Group Publishing Ltd.";"2009-2026";"Development (Q2); Management, Monitoring, Policy and Law (Q3); Tourism, Leisure and Hospitality Management (Q3)";"Business, Management and Accounting; Environmental Science; Social Sciences"
726;4700151504;"International Journal of Logistics Systems and Management";journal;"17427975, 17427967";"Inderscience Enterprises Ltd";No;No;0,373;Q2;41;78;241;3746;326;241;1,22;48,03;25,79;0;United Kingdom;Western Europe;"Inderscience Enterprises Ltd";"2004-2026";"Information Systems and Management (Q2); Management Information Systems (Q2); Management Science and Operations Research (Q3)";"Business, Management and Accounting; Decision Sciences"
727;17700156766;"Journal of Revenue and Pricing Management";journal;"14766930, 1477657X";"Palgrave Macmillan Ltd.";No;No;0,373;Q2;34;45;145;1430;131;132;0,75;31,78;19,15;3;United Kingdom;Western Europe;"Palgrave Macmillan Ltd.";"2004-2005, 2009-2026";"Business and International Management (Q2); Finance (Q2); Strategy and Management (Q2); Economics and Econometrics (Q3)";"Business, Management and Accounting; Economics, Econometrics and Finance"
728;19900191746;"Asia-Pacific Journal of Business Administration";journal;"17574331, 17574323";"Emerald Group Publishing Ltd.";No;No;0,372;Q2;43;21;46;1850;92;46;1,66;88,10;33,33;0;United Kingdom;Western Europe;"Emerald Group Publishing Ltd.";"2009-2026";"Business, Management and Accounting (miscellaneous) (Q2); Public Administration (Q3)";"Business, Management and Accounting; Social Sciences"
729;21100198209;"International Journal of Entrepreneurial Venturing";journal;"17425379, 17425360";"Inderscience";No;No;0,372;Q2;31;24;74;2024;72;73;1,06;84,33;33,33;0;Switzerland;Western Europe;"Inderscience";"2009-2025";"Business and International Management (Q2); Management of Technology and Innovation (Q2); Strategy and Management (Q2)";"Business, Management and Accounting"
730;21100299414;"International Journal of Wine Business Research";journal;"17511070, 17511062";"Emerald Group Publishing Ltd.";No;No;0,372;Q2;50;36;78;2226;123;74;1,54;61,83;38,95;0;United Kingdom;Western Europe;"Emerald Group Publishing Ltd.";"2007-2026";"Business, Management and Accounting (miscellaneous) (Q2)";"Business, Management and Accounting"
731;5800157981;"International Studies of Management and Organization";journal;"00208825, 15580911";"Taylor and Francis Ltd.";No;No;0,372;Q2;37;27;74;1429;102;67;1,42;52,93;32,79;2;United Kingdom;Western Europe;"Taylor and Francis Ltd.";"2009-2026";"Business and International Management (Q2); Strategy and Management (Q2)";"Business, Management and Accounting"
732;11800154591;"Journal of Economic Policy Reform";journal;"17487889, 17487870";"Routledge";No;No;0,372;Q2;37;24;63;1037;83;59;0,95;43,21;34,78;10;United Kingdom;Western Europe;"Routledge";"2007-2026";"Business and International Management (Q2); Economics, Econometrics and Finance (miscellaneous) (Q2)";"Business, Management and Accounting; Economics, Econometrics and Finance"
733;21100448564;"Journal of Islamic Accounting and Business Research";journal;"17590817, 17590825";"Emerald Group Publishing Ltd.";No;No;0,372;Q2;42;42;86;2396;144;84;1,60;57,05;27,66;0;United Kingdom;Western Europe;"Emerald Group Publishing Ltd.";"2010-2026";"Business and International Management (Q2); Strategy and Management (Q2); Accounting (Q3)";"Business, Management and Accounting"
734;21100236016;"Journal of Islamic Marketing";journal;"17590833, 17590841";"Emerald Group Publishing Ltd.";No;No;0,372;Q3;71;70;117;4918;302;117;2,35;70,26;30,68;0;United Kingdom;Western Europe;"Emerald Group Publishing Ltd.";"2010-2026";"Marketing (Q3)";"Business, Management and Accounting"
735;21100464627;"Entrepreneurship Research Journal";journal;"21575665, 21946175";"Walter de Gruyter GmbH";No;No;0,371;Q2;33;9;50;767;85;50;1,67;85,22;28,00;0;Germany;Western Europe;"Walter de Gruyter GmbH";"2011-2012, 2014-2026";"Business and International Management (Q2); Management of Technology and Innovation (Q3); Strategy and Management (Q3)";"Business, Management and Accounting"
736;15492;"Journal of Organizational and End User Computing";journal;"15465012, 15462234";"IGI Publishing";No;No;0,371;Q2;52;22;64;1266;142;64;2,37;57,55;26,15;0;United States;Northern America;"IGI Publishing";"1993, 1995, 2004-2026";"Strategy and Management (Q2); Computer Science Applications (Q3); Human-Computer Interaction (Q3)";"Business, Management and Accounting; Computer Science"
737;21100801725;"VINE Journal of Information and Knowledge Management Systems";journal;"20595905, 20595891";"Emerald Publishing";No;No;0,371;Q3;48;32;89;2013;202;88;2,48;62,91;44,00;0;United Kingdom;Western Europe;"Emerald Publishing";"2016-2026";"Computer Networks and Communications (Q2); Library and Information Sciences (Q2); Computer Science Applications (Q3); Information Systems (Q3); Management of Technology and Innovation (Q3)";"Business, Management and Accounting; Computer Science; Social Sciences"
738;19900191744;"Equality, Diversity and Inclusion";journal;"17587093, 20407149";"Emerald Publishing";No;No;0,370;Q3;50;53;126;3104;186;123;0,97;58,57;76,22;0;United Kingdom;Western Europe;"Emerald Publishing";"1989-1994, 1996-2003, 2010-2026";"Cultural Studies (Q1); Gender Studies (Q2); Sociology and Political Science (Q2); Organizational Behavior and Human Resource Management (Q3)";"Business, Management and Accounting; Social Sciences"
739;21100894526;"Journal of Energy Markets";journal;"17563615, 17563607";"Infopro digital";No;No;0,370;Q3;12;13;46;472;34;46;0,54;36,31;24,14;0;United Kingdom;Western Europe;"Infopro digital";"2013-2025";"Energy (miscellaneous) (Q2); Economics and Econometrics (Q3); Strategy and Management (Q3)";"Business, Management and Accounting; Economics, Econometrics and Finance; Energy"
740;145250;"Industrial and Commercial Training";journal;"00197858";"Emerald Group Publishing Ltd.";No;No;0,369;Q2;48;34;130;2113;223;129;1,92;62,15;40,91;0;United Kingdom;Western Europe;"Emerald Group Publishing Ltd.";"1969-2026";"Business, Management and Accounting (miscellaneous) (Q2); Education (Q2); Organizational Behavior and Human Resource Management (Q3)";"Business, Management and Accounting; Social Sciences"
741;21100314708;"International Journal of Business and Systems Research";journal;"17512018, 1751200X";"Inderscience Enterprises Ltd";No;No;0,369;Q2;20;25;69;1075;51;67;0,71;43,00;35,00;0;United Kingdom;Western Europe;"Inderscience Enterprises Ltd";"2007-2026";"Business and International Management (Q2); Management Information Systems (Q2); Strategy and Management (Q3)";"Business, Management and Accounting"
742;19900191863;"Accounting in Europe";journal;"17449499, 17449480";"Routledge";No;No;0,368;Q2;36;14;66;925;76;64;0,92;66,07;47,37;3;United Kingdom;Western Europe;"Routledge";"2006, 2008, 2010-2026";"Business and International Management (Q2); Finance (Q2); Accounting (Q3)";"Business, Management and Accounting; Economics, Econometrics and Finance"
743;22925;"Journal of Global Marketing";journal;"08911762, 15286975";"Routledge";No;No;0,368;Q2;48;27;81;1998;109;66;1,20;74,00;35,00;1;United States;Northern America;"Routledge";"1988-2026";"Business and International Management (Q2); Marketing (Q3)";"Business, Management and Accounting"
744;28894;"Journal of Leisure Research";journal;"00222216, 21596417";"Routledge";No;No;0,368;Q3;88;27;43;1627;55;41;0,71;60,26;36,76;3;United Kingdom;Western Europe;"Routledge";"1978-1989, 1991, 1996-2016, 2018-2026";"Environmental Science (miscellaneous) (Q2); Sociology and Political Science (Q2); Tourism, Leisure and Hospitality Management (Q3)";"Business, Management and Accounting; Environmental Science; Social Sciences"
745;21100205991;"Journal of Mental Health Training, Education and Practice";journal;"20428707, 17556228";"Emerald Group Publishing Ltd.";No;No;0,368;Q3;25;43;100;1807;99;97;0,75;42,02;66,94;0;United Kingdom;Western Europe;"Emerald Group Publishing Ltd.";"2006-2026";"Education (Q2); Health Policy (Q3); Health (social science) (Q3); Organizational Behavior and Human Resource Management (Q3); Psychiatry and Mental Health (Q3)";"Business, Management and Accounting; Medicine; Social Sciences"
746;21100304262;"International Journal of Emerging Markets";journal;"17468809, 17468817";"Emerald Publishing";No;No;0,367;Q2;56;56;176;4317;286;175;1,29;77,09;29,17;0;United Kingdom;Western Europe;"Emerald Publishing";"2006-2026";"Business and International Management (Q2); Business, Management and Accounting (miscellaneous) (Q2)";"Business, Management and Accounting"
747;16800154722;"Advances in Developing Human Resources";journal;"15523055, 15234223";"SAGE Publications Inc.";No;No;0,367;Q3;67;32;104;1476;151;98;1,31;46,13;50,88;6;United States;Northern America;"SAGE Publications Inc.";"1999-2026";"Organizational Behavior and Human Resource Management (Q3)";"Business, Management and Accounting"
748;18803;"Asia Pacific Business Review";journal;"1743792X, 13602381";"Routledge";No;No;0,363;Q2;49;36;115;2238;143;109;1,13;62,17;36,51;6;United Kingdom;Western Europe;"Routledge";"1994-2026";"Business and International Management (Q2)";"Business, Management and Accounting"
749;19500157310;"Investment Analysts Journal";journal;"20770227, 10293523";"Taylor and Francis Ltd.";No;No;0,363;Q3;24;19;56;669;116;56;1,14;35,21;28,95;2;United Kingdom;Western Europe;"Taylor and Francis Ltd.";"1972-2026";"Finance (Q2); Accounting (Q3); Economics and Econometrics (Q3)";"Business, Management and Accounting; Economics, Econometrics and Finance"
750;21100870826;"Work Organisation, Labour and Globalisation";journal;"1745641X, 17456428";"Pluto Journals";Yes;Yes;0,361;Q2;21;17;33;863;40;33;0,40;50,76;39,39;8;United Kingdom;Western Europe;"Pluto Journals";"2016-2026";"Industrial Relations (Q2); Organizational Behavior and Human Resource Management (Q3)";"Business, Management and Accounting"
751;21100838559;"Fashion and Textiles";journal;"21980802";"Springer Singapore";Yes;No;0,361;Q3;41;33;84;1589;159;81;1,81;48,15;54,05;0;Singapore;Asiatic Region;"Springer Singapore";"2014-2026";"Cultural Studies (Q1); Materials Science (miscellaneous) (Q2); Marketing (Q3); Social Psychology (Q3); Strategy and Management (Q3)";"Business, Management and Accounting; Materials Science; Psychology; Social Sciences"
752;25524;"Social Marketing Quarterly";journal;"15394093, 15245004";"SAGE Publications Inc.";No;No;0,361;Q3;38;21;65;1128;107;60;1,83;53,71;58,49;4;United States;Northern America;"SAGE Publications Inc.";"1994-2026";"Economics and Econometrics (Q3); Marketing (Q3)";"Business, Management and Accounting; Economics, Econometrics and Finance"
753;21100775412;"Foresight and STI Governance";journal;"23129972, 25002597";"National Research University Higher School of Economics (HSE University)";Yes;Yes;0,359;Q2;31;31;84;1503;172;83;1,66;48,48;47,95;6;Russian Federation;Eastern Europe;"National Research University Higher School of Economics (HSE University)";"2015-2025";"Business and International Management (Q2); Business, Management and Accounting (miscellaneous) (Q2); Development (Q2); Economics, Econometrics and Finance (miscellaneous) (Q2); Social Sciences (miscellaneous) (Q2); Decision Sciences (miscellaneous) (Q3); Management of Technology and Innovation (Q3); Statistics, Probability and Uncertainty (Q3); Strategy and Management (Q3)";"Business, Management and Accounting; Decision Sciences; Economics, Econometrics and Finance; Social Sciences"
754;21100784714;"Proceedings - 11th IEEE International Conference on Global Software Engineering, ICGSE 2016";conference and proceedings;"-";"";No;No;0,359;-;13;0;33;0;70;29;0,00;0,00;0,00;0;United States;Northern America;"";"";"Computer Networks and Communications; Control and Optimization";"Computer Science; Mathematics"
755;11700154719;"Gender in Management";journal;"17542413";"Emerald Group Publishing Ltd.";No;No;0,358;Q2;76;38;106;2703;183;102;1,35;71,13;67,53;0;United Kingdom;Western Europe;"Emerald Group Publishing Ltd.";"2008-2026";"Business, Management and Accounting (miscellaneous) (Q2); Gender Studies (Q2)";"Business, Management and Accounting; Social Sciences"
756;21100198470;"International Journal of Information Systems and Supply Chain Management";journal;"19355726, 19355734";"IGI Global Publishing";No;No;0,358;Q2;21;20;58;815;72;58;1,48;40,75;20,00;0;United States;Northern America;"IGI Global Publishing";"2008-2026";"Management Information Systems (Q2); Information Systems (Q3)";"Business, Management and Accounting; Computer Science"
757;21100457058;"Management and Production Engineering Review";journal;"20821344, 20808208";"Polska Akademia Nauk";Yes;No;0,358;Q2;28;47;126;1731;255;126;1,67;36,83;23,62;1;Poland;Eastern Europe;"Polska Akademia Nauk";"2012-2013, 2015-2025";"Business and International Management (Q2); Industrial and Manufacturing Engineering (Q2); Management of Technology and Innovation (Q3); Management Science and Operations Research (Q3); Organizational Behavior and Human Resource Management (Q3)";"Business, Management and Accounting; Decision Sciences; Engineering"
758;17423;"Geneva Papers on Risk and Insurance: Issues and Practice";journal;"10185895, 14680440";"Springer Nature";No;No;0,357;Q2;46;33;96;1366;107;91;1,10;41,39;35,14;11;United States;Northern America;"Springer Nature";"1994, 1999-2026";"Business, Management and Accounting (miscellaneous) (Q2); Finance (Q2); Accounting (Q3); Economics and Econometrics (Q3)";"Business, Management and Accounting; Economics, Econometrics and Finance"
759;19700181204;"OPSEARCH";journal;"00303887, 09750320";"Springer India";No;No;0,357;Q2;37;56;130;1717;176;130;1,32;30,66;28,21;7;India;Asiatic Region;"Springer India";"1998-1999, 2009-2026";"Management Information Systems (Q2); Computer Science Applications (Q3); Information Systems (Q3); Management Science and Operations Research (Q3)";"Business, Management and Accounting; Computer Science; Decision Sciences"
760;15457;"Journal of Employment Counseling";journal;"21611920, 00220787";"Wiley-Blackwell";No;No;0,357;Q3;38;12;45;682;37;43;0,63;56,83;56,25;3;United States;Northern America;"Wiley-Blackwell";"1964-2026";"Applied Psychology (Q3); Organizational Behavior and Human Resource Management (Q3); Psychology (miscellaneous) (Q3)";"Business, Management and Accounting; Psychology"
761;21100244225;"Competition and Regulation in Network Industries";journal;"23992956, 17835917";"SAGE Publications Inc.";No;No;0,355;Q2;16;20;37;592;38;37;1,24;29,60;22,86;5;United Kingdom;Western Europe;"SAGE Publications Inc.";"2013-2024";"Business, Management and Accounting (miscellaneous) (Q2); Management Science and Operations Research (Q3)";"Business, Management and Accounting; Decision Sciences"
762;27132;"Jahrbucher fur Nationalokonomie und Statistik";journal;"2366049X, 00214027";"Walter de Gruyter GmbH";No;No;0,355;Q2;29;35;74;1380;49;68;0,59;39,43;31,08;19;Germany;Western Europe;"Walter de Gruyter GmbH";"1863, 1896, 1898-1903, 1905-1908, 1910, 1914, 1916, 1918, 1920, 1923, 1927-1928, 1944, 1949, 1959, 1978, 1980, 1982, 1985, 1987-1990, 1992-2026";"Business, Management and Accounting (miscellaneous) (Q2); Social Sciences (miscellaneous) (Q2); Economics and Econometrics (Q3)";"Business, Management and Accounting; Economics, Econometrics and Finance; Social Sciences"
763;12900154727;"Journal of Industrial and Management Optimization";journal;"15475816, 1553166X";"American Institute of Mathematical Sciences";Yes;No;0,355;Q2;46;83;412;2698;411;412;0,93;32,51;36,61;0;United States;Northern America;"American Institute of Mathematical Sciences";"2007-2025";"Business and International Management (Q2); Applied Mathematics (Q3); Control and Optimization (Q3); Strategy and Management (Q3)";"Business, Management and Accounting; Mathematics"
764;130055;"Public Organization Review";journal;"15667170, 15737098";"Kluwer Academic Publishers";No;No;0,355;Q2;44;29;96;1657;100;96;1,19;57,14;38,60;7;Netherlands;Western Europe;"Kluwer Academic Publishers";"2004-2026";"Business, Management and Accounting (miscellaneous) (Q2); Law (Q2)";"Business, Management and Accounting; Social Sciences"
765;17100154706;"International Journal of Revenue Management";journal;"14747332, 17418186";"Inderscience Enterprises Ltd";No;No;0,354;Q2;15;7;33;312;22;32;0,41;44,57;46,67;0;United Kingdom;Western Europe;"Inderscience Enterprises Ltd";"2007-2025";"Business and International Management (Q2); Economics and Econometrics (Q3); Finance (Q3); Strategy and Management (Q3)";"Business, Management and Accounting; Economics, Econometrics and Finance"
766;21100807851;"Journal of Global Operations and Strategic Sourcing";journal;"23985372, 23985364";"Emerald Publishing";No;No;0,354;Q3;39;20;47;1562;100;47;2,28;78,10;40,00;0;United Kingdom;Western Europe;"Emerald Publishing";"2017-2026";"Management Science and Operations Research (Q3); Organizational Behavior and Human Resource Management (Q3); Strategy and Management (Q3)";"Business, Management and Accounting; Decision Sciences"
767;21100869224;"International Journal of Mathematical, Engineering and Management Sciences";journal;"24557749";"";Yes;No;0,353;Q2;28;119;74;2945;185;72;2,51;24,75;30,40;1;India;Asiatic Region;"";"2016-2026";"Business, Management and Accounting (miscellaneous) (Q2); Computer Science (miscellaneous) (Q2); Engineering (miscellaneous) (Q2); Mathematics (miscellaneous) (Q3)";"Business, Management and Accounting; Computer Science; Engineering; Mathematics"
768;19200157038;"International Journal of Sports Marketing and Sponsorship";journal;"14646668";"Emerald Group Publishing Ltd.";No;No;0,353;Q2;42;38;75;2647;122;74;1,47;69,66;24,30;0;United Kingdom;Western Europe;"Emerald Group Publishing Ltd.";"2001, 2007-2026";"Business and International Management (Q2); Finance (Q3); Marketing (Q3); Sports Science (Q4)";"Business, Management and Accounting; Economics, Econometrics and Finance; Health Professions"
769;19700175255;"Journal of Personnel Psychology";journal;"18665888, 21905150";"Hogrefe Publishing";No;No;0,351;Q3;44;19;63;933;87;61;1,34;49,11;45,61;0;United States;Northern America;"Hogrefe Publishing";"2010-2026";"Applied Psychology (Q3); Organizational Behavior and Human Resource Management (Q3)";"Business, Management and Accounting; Psychology"
770;16300154746;"International Journal of Cross Cultural Management";journal;"14705958, 17412838";"SAGE Publications Ltd";No;No;0,350;Q2;59;19;62;1547;81;57;1,02;81,42;43,75;0;United Kingdom;Western Europe;"SAGE Publications Ltd";"2001-2026";"Cultural Studies (Q1); Arts and Humanities (miscellaneous) (Q2); Business and International Management (Q2); Organizational Behavior and Human Resource Management (Q3)";"Arts and Humanities; Business, Management and Accounting; Social Sciences"
771;17800156772;"International Journal of Workplace Health Management";journal;"17538351, 1753836X";"Emerald Publishing";No;No;0,350;Q2;37;32;90;1862;134;89;1,21;58,19;52,53;0;United Kingdom;Western Europe;"Emerald Publishing";"2008-2026";"Business, Management and Accounting (miscellaneous) (Q2); Public Health, Environmental and Occupational Health (Q3)";"Business, Management and Accounting; Medicine"
772;19700177002;"International Journal of System Assurance Engineering and Management";journal;"09764348, 09756809";"Springer";No;No;0,350;Q3;52;127;442;4816;758;437;1,64;37,92;21,67;3;India;Asiatic Region;"Springer";"2010-2026";"Safety, Risk, Reliability and Quality (Q3); Strategy and Management (Q3)";"Business, Management and Accounting; Engineering"
773;19900192334;"Journal of Applied Accounting Research";journal;"09675426";"Emerald Group Publishing Ltd.";No;No;0,349;Q3;50;29;83;1776;136;83;1,57;61,24;44,12;0;United Kingdom;Western Europe;"Emerald Group Publishing Ltd.";"1999-2002, 2004-2006, 2008-2026";"Accounting (Q3)";"Business, Management and Accounting"
774;21100450117;"International Journal of Information Systems and Project Management";journal;"21827788, 21827796";"Universidade do Minho";Yes;Yes;0,348;Q2;30;18;54;1012;104;49;2,06;56,22;29,03;1;Portugal;Western Europe;"Universidade do Minho";"2013-2026";"Information Systems and Management (Q2); Management Information Systems (Q2); Strategy and Management (Q3)";"Business, Management and Accounting; Decision Sciences"
775;5800173391;"Tourism in Marine Environments";journal;"1544273X";"Cognizant Communication Corporation";No;No;0,347;Q3;28;19;56;1062;60;51;1,34;55,89;56,60;0;United States;Northern America;"Cognizant Communication Corporation";"2006-2008, 2010-2025";"Geography, Planning and Development (Q2); Tourism, Leisure and Hospitality Management (Q3)";"Business, Management and Accounting; Social Sciences"
776;5200152620;"Event Management";journal;"15259951";"Cognizant Communication Corporation";No;No;0,344;Q2;48;65;173;4053;256;169;1,46;62,35;50,38;0;United States;Northern America;"Cognizant Communication Corporation";"2006-2025";"Business and International Management (Q2); Marketing (Q3); Tourism, Leisure and Hospitality Management (Q3)";"Business, Management and Accounting"
777;29088;"EMJ - Engineering Management Journal";journal;"10429247";"Taylor and Francis Ltd.";No;No;0,344;-;50;24;77;1213;82;65;1,09;50,54;21,88;0;United Kingdom;Western Europe;"Taylor and Francis Ltd.";"1989-2026";"Engineering (miscellaneous) (Q2)";"Engineering"
778;20657;"Enterprise and Society";journal;"14672227, 14672235";"Cambridge University Press";No;No;0,342;Q2;35;36;86;2112;64;82;0,63;58,67;36,54;2;United Kingdom;Western Europe;"Cambridge University Press";"2000-2026";"History (Q1); Business, Management and Accounting (miscellaneous) (Q2)";"Arts and Humanities; Business, Management and Accounting"
779;21100870402;"Journal of Small Business and Entrepreneurship";journal;"08276331, 21692610";"Taylor and Francis Ltd.";No;No;0,342;Q2;48;26;73;1825;111;71;1,39;70,19;33,33;3;United Kingdom;Western Europe;"Taylor and Francis Ltd.";"1996-1998, 2000-2014, 2016-2026";"Business and International Management (Q2); Strategy and Management (Q3)";"Business, Management and Accounting"
780;21100827425;"Nordic Journal of Working Life Studies";journal;"22450157";"Roskilde University";Yes;No;0,342;Q2;29;26;109;1255;115;96;0,87;48,27;62,12;8;Denmark;Western Europe;"Roskilde University";"2011-2025";"Industrial Relations (Q2); Life-span and Life-course Studies (Q3); Organizational Behavior and Human Resource Management (Q3); Public Health, Environmental and Occupational Health (Q3)";"Business, Management and Accounting; Medicine; Social Sciences"
781;21100836334;"Publications";journal;"23046775";"Multidisciplinary Digital Publishing Institute (MDPI)";Yes;No;0,341;Q2;32;67;104;3104;158;91;1,56;46,33;41,51;14;Switzerland;Western Europe;"Multidisciplinary Digital Publishing Institute (MDPI)";"2013-2025";"Business and International Management (Q2); Communication (Q2); Library and Information Sciences (Q2); Media Technology (Q2); Computer Science Applications (Q3)";"Business, Management and Accounting; Computer Science; Engineering; Social Sciences"
782;16859;"Labor History";journal;"0023656X, 14699702";"Routledge";No;No;0,341;Q3;28;53;114;3570;69;112;0,52;67,36;26,87;0;United Kingdom;Western Europe;"Routledge";"1960-2026";"History (Q1); Organizational Behavior and Human Resource Management (Q3)";"Arts and Humanities; Business, Management and Accounting"
783;5600155030;"New Directions for Evaluation";journal;"1534875X, 10976736";"John Wiley and Sons Inc";No;No;0,341;Q3;53;37;131;902;57;118;0,46;24,38;67,35;8;United States;Northern America;"John Wiley and Sons Inc";"1995-2025";"Education (Q3); Management Science and Operations Research (Q3); Strategy and Management (Q3)";"Business, Management and Accounting; Decision Sciences; Social Sciences"
784;21100870601;"Africa Journal of Management";journal;"23322373";"Taylor and Francis Ltd.";No;No;0,340;Q2;26;20;60;1258;74;58;1,16;62,90;42,86;4;United Kingdom;Western Europe;"Taylor and Francis Ltd.";"2015-2025";"Business and International Management (Q2); Management of Technology and Innovation (Q3); Strategy and Management (Q3)";"Business, Management and Accounting"
785;24650;"American Journal of Mathematical and Management Sciences";journal;"01966324";"Taylor and Francis Ltd.";No;No;0,340;Q2;25;24;79;531;71;79;0,76;22,13;26,53;0;United Kingdom;Western Europe;"Taylor and Francis Ltd.";"1981-2011, 2013-2025";"Business, Management and Accounting (miscellaneous) (Q2); Applied Mathematics (Q3)";"Business, Management and Accounting; Mathematics"
786;14757;"International Journal of Health Care Quality Assurance";journal;"09526862";"Emerald Publishing";No;No;0,340;Q2;62;95;231;3494;280;219;1,01;36,78;50,29;0;United Kingdom;Western Europe;"Emerald Publishing";"1988-2026";"Business, Management and Accounting (miscellaneous) (Q2); Health Policy (Q3)";"Business, Management and Accounting; Medicine"
787;144965;"Employee Responsibilities and Rights Journal";journal;"08927545, 15733378";"Springer";No;No;0,340;Q3;42;17;53;764;41;38;1,00;44,94;48,00;3;United States;Northern America;"Springer";"1988-1998, 2000-2026";"Human Factors and Ergonomics (Q3); Organizational Behavior and Human Resource Management (Q3)";"Business, Management and Accounting; Social Sciences"
788;21100375269;"International Journal of Managerial and Financial Accounting";journal;"17536715, 17536723";"Inderscience";No;No;0,340;Q3;21;16;77;1299;91;77;1,16;81,19;42,50;0;Switzerland;Western Europe;"Inderscience";"2002, 2008-2026";"Accounting (Q3)";"Business, Management and Accounting"
789;21100394266;"International Journal of Agile Systems and Management";journal;"17419174, 17419182";"Inderscience";No;No;0,339;Q2;31;19;52;1164;85;51;1,41;61,26;22,41;0;Switzerland;Western Europe;"Inderscience";"2006-2009, 2011-2026";"Multidisciplinary (Q1); Computer Science (miscellaneous) (Q2); Engineering (miscellaneous) (Q2); Industrial and Manufacturing Engineering (Q2); Management Information Systems (Q2); Decision Sciences (miscellaneous) (Q3); Strategy and Management (Q3)";"Business, Management and Accounting; Computer Science; Decision Sciences; Engineering; Multidisciplinary"
790;20608;"Journal of Global Information Management";journal;"10627375, 15337995";"IGI Publishing";No;No;0,338;Q2;55;39;77;2583;110;77;1,56;66,23;31,03;0;United States;Northern America;"IGI Publishing";"2002-2026";"Business and International Management (Q2); Information Systems and Management (Q2); Computer Science Applications (Q3); E-learning (Q3); Management Science and Operations Research (Q3); Strategy and Management (Q3)";"Business, Management and Accounting; Computer Science; Decision Sciences; Social Sciences"
791;12755;"International Journal of Clothing Science and Technology";journal;"09556222, 17585953";"Emerald Group Publishing Ltd.";No;No;0,337;Q2;48;65;189;1613;186;189;0,82;24,82;48,10;0;United Kingdom;Western Europe;"Emerald Group Publishing Ltd.";"1989-2026";"Business, Management and Accounting (miscellaneous) (Q2); Materials Science (miscellaneous) (Q3); Polymers and Plastics (Q3)";"Business, Management and Accounting; Materials Science"
792;4000152135;"Research in Global Strategic Management";book series;"10644857";"Emerald Group Publishing Ltd.";No;No;0,337;Q2;15;10;22;656;12;21;0,00;65,60;25,00;0;United Kingdom;Western Europe;"Emerald Group Publishing Ltd.";"1998-1999, 2003-2008, 2011, 2014, 2016, 2019, 2025-2026";"Business and International Management (Q2)";"Business, Management and Accounting"
793;19900192158;"Asian Journal of Technology Innovation";journal;"19761597, 21586721";"Routledge";No;No;0,336;Q3;30;18;70;1205;82;68;0,75;66,94;35,71;4;United Kingdom;Western Europe;"Routledge";"2010-2026";"Economics and Econometrics (Q3); Management of Technology and Innovation (Q3)";"Business, Management and Accounting; Economics, Econometrics and Finance"
794;21100242236;"International Journal of Procurement Management";journal;"17538432, 17538440";"Inderscience";No;No;0,335;Q2;30;37;113;1912;154;113;1,43;51,68;24,69;0;Switzerland;Western Europe;"Inderscience";"2007-2026";"Business, Management and Accounting (miscellaneous) (Q2)";"Business, Management and Accounting"
795;4700152802;"Journal of Business and Finance Librarianship";journal;"15470644, 08963568";"Routledge";No;No;0,335;Q2;23;9;59;189;38;55;0,54;21,00;50,00;1;United States;Northern America;"Routledge";"1990-1992, 1994, 1996-2026";"Library and Information Sciences (Q2); Management Information Systems (Q2); E-learning (Q3); Marketing (Q3)";"Business, Management and Accounting; Social Sciences"
796;21100814509;"Journal of Facilities Management";journal;"17410983, 14725967";"Emerald Group Publishing Ltd.";No;No;0,334;Q2;49;28;76;1488;117;73;1,75;53,14;33,33;0;United Kingdom;Western Europe;"Emerald Group Publishing Ltd.";"2002-2003, 2005-2026";"Business and International Management (Q2); Management of Technology and Innovation (Q3); Strategy and Management (Q3)";"Business, Management and Accounting"
797;21100409406;"Journal of International Commerce, Economics and Policy";journal;"17939933, 17939941";"World Scientific";No;No;0,334;Q2;21;17;45;722;41;45;1,00;42,47;24,14;0;Singapore;Asiatic Region;"World Scientific";"2010-2026";"Business, Management and Accounting (miscellaneous) (Q2); Economics and Econometrics (Q3); Finance (Q3)";"Business, Management and Accounting; Economics, Econometrics and Finance"
798;18300156733;"Foundations and Trends in Marketing";journal;"15550761, 15550753";"Now Publishers Inc";No;No;0,334;Q3;18;4;10;1746;9;10;0,88;436,50;25,00;1;United States;Northern America;"Now Publishers Inc";"2006-2007, 2009-2025";"Economics and Econometrics (Q3); Marketing (Q3)";"Business, Management and Accounting; Economics, Econometrics and Finance"
799;17700156704;"Knowledge and Process Management";journal;"10991441, 10924604";"John Wiley and Sons Ltd";No;No;0,334;Q3;57;29;70;1967;118;70;1,62;67,83;37,31;2;United Kingdom;Western Europe;"John Wiley and Sons Ltd";"1997-2026";"Management of Technology and Innovation (Q3); Strategy and Management (Q3)";"Business, Management and Accounting"
800;21100812608;"8th Power Electronics, Drive Systems and Technologies Conference, PEDSTC 2017";conference and proceedings;"-";"";No;No;0,333;-;13;0;95;0;120;94;1,26;0,00;0,00;0;United States;Northern America;"";"";"Engineering (miscellaneous); Information Systems and Management; Management of Technology and Innovation; Management Science and Operations Research; Medicine (miscellaneous)";"Business, Management and Accounting; Decision Sciences; Engineering; Medicine"
801;21100395908;"Qualitative Research in Organizations and Management";journal;"17465648, 17465656";"Emerald Publishing";No;No;0,332;Q2;40;28;49;1867;57;47;1,00;66,68;48,39;0;United Kingdom;Western Europe;"Emerald Publishing";"2001, 2006-2026";"Business, Management and Accounting (miscellaneous) (Q2); Organizational Behavior and Human Resource Management (Q3)";"Business, Management and Accounting"
802;21100199341;"International Journal of Data Mining, Modelling and Management";journal;"17591163, 17591171";"Inderscience";No;No;0,331;Q3;18;19;57;696;60;57;0,57;36,63;27,27;0;Switzerland;Western Europe;"Inderscience";"2008-2026";"Computer Science Applications (Q3); Management Information Systems (Q3); Modeling and Simulation (Q3)";"Business, Management and Accounting; Computer Science; Mathematics"
803;21100941610;"Journal of Global Sport Management";journal;"24704067, 24704075";"Routledge";No;No;0,331;Q3;23;21;48;1309;58;48;0,81;62,33;22,22;4;United States;Northern America;"Routledge";"2016-2026";"Strategy and Management (Q3); Tourism, Leisure and Hospitality Management (Q3)";"Business, Management and Accounting"
804;4700152754;"Journal of Nonprofit and Public Sector Marketing";journal;"15406997, 10495142";"Routledge";No;No;0,331;Q3;44;25;61;1683;74;60;1,12;67,32;44,78;2;United States;Northern America;"Routledge";"1993-2026";"Marketing (Q3)";"Business, Management and Accounting"
805;21100211751;"International Journal of Industrial Engineering and Management";journal;"22172661, 2683345X";"University of Novi Sad";Yes;Yes;0,330;Q2;27;27;71;1032;89;71;1,33;38,22;44,93;0;Serbia;Eastern Europe;"University of Novi Sad";"2010-2025";"Business, Management and Accounting (miscellaneous) (Q2); Industrial and Manufacturing Engineering (Q2)";"Business, Management and Accounting; Engineering"
806;21100388306;"Accounting Historians Journal";journal;"01484184, 23274468";"American Accounting Association";No;No;0,328;Q3;29;17;47;693;24;37;0,65;40,76;37,04;1;United States;Northern America;"American Accounting Association";"1974-2025";"Accounting (Q3)";"Business, Management and Accounting"
807;21100854867;"Management Science Letters (discontinued)";journal;"19239335, 19239343";"Growing Science";Yes;Yes;0,327;Q2;49;205;171;8783;431;171;2,52;42,84;39,48;12;Canada;Northern America;"Growing Science";"2017-2020";"Business, Management and Accounting (miscellaneous) (Q2)";"Business, Management and Accounting"
808;21100814518;"Proceedings - 2017 2nd International Workshop on Science of Smart City Operations and Platforms Engineering, in partnership with Global City Teams Challenge, SCOPE 2017";conference and proceedings;"-";"";No;No;0,327;-;8;0;14;0;40;12;2,86;0,00;0,00;0;United States;Northern America;"";"";"Computer Networks and Communications; Computer Vision and Pattern Recognition; Human-Computer Interaction; Software";"Computer Science"
809;21100785002;"Proceedings - International Conference on Cloud Computing Research and Innovation 2016, ICCCRI 2016";conference and proceedings;"-";"";No;No;0,327;-;8;0;22;0;27;20;0,00;0,00;0,00;0;United States;Northern America;"";"";"Computer Networks and Communications; Safety, Risk, Reliability and Quality";"Computer Science; Engineering"
810;21100791289;"Sport Management Education Journal";journal;"21632367, 19386974";"Human Kinetics Publishers Inc.";No;No;0,326;Q3;17;14;35;554;40;35;1,26;39,57;55,26;2;United States;Northern America;"Human Kinetics Publishers Inc.";"2011, 2016-2025";"Education (Q3); Strategy and Management (Q3); Tourism, Leisure and Hospitality Management (Q3)";"Business, Management and Accounting; Social Sciences"
811;21100450083;"Eastern-European Journal of Enterprise Technologies";journal;"17293774, 17294061";"Technology Center";Yes;No;0,325;Q3;42;514;1614;12268;1882;1614;1,23;23,87;37,02;1;Ukraine;Eastern Europe;"Technology Center";"2013-2025";"Electrical and Electronic Engineering (Q2); Industrial and Manufacturing Engineering (Q2); Applied Mathematics (Q3); Computer Science Applications (Q3); Control and Systems Engineering (Q3); Energy Engineering and Power Technology (Q3); Management of Technology and Innovation (Q3); Mechanical Engineering (Q3)";"Business, Management and Accounting; Computer Science; Energy; Engineering; Mathematics"
812;21100836592;"International Journal of Technology Marketing";journal;"17418798, 1741878X";"Inderscience";No;No;0,325;Q3;21;15;51;1074;90;48;1,41;71,60;32,35;0;Switzerland;Western Europe;"Inderscience";"2005-2026";"Computer Science Applications (Q3); Marketing (Q3)";"Business, Management and Accounting; Computer Science"
813;21385;"Canadian Journal of Administrative Sciences";journal;"19364490, 08250383";"Wiley-Blackwell";No;No;0,324;Q2;65;39;117;2565;134;103;1,01;65,77;28,72;1;United States;Northern America;"Wiley-Blackwell";"1984-1990, 1992, 1996-2026";"Business and International Management (Q2); Management of Technology and Innovation (Q3); Marketing (Q3); Public Administration (Q3)";"Business, Management and Accounting; Social Sciences"
814;29386;"Journal of Asia-Pacific Business";journal;"15286940, 10599231";"Routledge";No;No;0,324;Q2;25;20;53;958;48;41;0,77;47,90;30,56;0;United States;Northern America;"Routledge";"1994-2023";"Business and International Management (Q2); Business, Management and Accounting (miscellaneous) (Q2)";"Business, Management and Accounting"
815;21300;"Health Marketing Quarterly";journal;"15450864, 07359683";"Routledge";No;No;0,324;Q3;35;22;65;899;45;65;0,62;40,86;40,74;3;United States;Northern America;"Routledge";"1983-2026";"Health Professions (miscellaneous) (Q3); Marketing (Q3)";"Business, Management and Accounting; Health Professions"
816;19700166619;"Journal of Neuroscience, Psychology, and Economics";journal;"1937321X, 2151318X";"American Psychological Association";No;No;0,323;Q2;33;12;47;618;59;47;1,17;51,50;38,30;0;United States;Northern America;"American Psychological Association";"2008-2025";"Business, Management and Accounting (miscellaneous) (Q2); Economics, Econometrics and Finance (miscellaneous) (Q2); Applied Psychology (Q3); Neuropsychology and Physiological Psychology (Q3); Behavioral Neuroscience (Q4); Cognitive Neuroscience (Q4); Experimental and Cognitive Psychology (Q4)";"Business, Management and Accounting; Economics, Econometrics and Finance; Neuroscience; Psychology"
817;19600162140;"Asian Review of Accounting";journal;"17588863, 13217348";"Emerald Group Publishing Ltd.";No;No;0,323;Q3;38;28;75;1853;123;75;1,49;66,18;45,45;0;United Kingdom;Western Europe;"Emerald Group Publishing Ltd.";"1992, 1994-2026";"Accounting (Q3); Finance (Q3)";"Business, Management and Accounting; Economics, Econometrics and Finance"
818;5400152710;"E a M: Ekonomie a Management";journal;"23365064, 12123609";"Technical University of Liberec";Yes;No;0,322;Q2;31;55;172;2580;250;172;1,48;46,91;45,34;2;Czech Republic;Eastern Europe;"Technical University of Liberec";"2007-2025";"Business and International Management (Q2); Economics, Econometrics and Finance (miscellaneous) (Q2); Strategy and Management (Q3)";"Business, Management and Accounting; Economics, Econometrics and Finance"
819;21100775632;"IZA Journal of Labor and Development";journal;"21939020";"SpringerOpen";Yes;No;0,322;Q2;0;0;0;0;0;0;0,00;0,00;0,00;0;United Kingdom;Western Europe;"SpringerOpen";"2012-2017";"Economics, Econometrics and Finance (miscellaneous) (Q2); Industrial Relations (Q2); Development (Q3); Organizational Behavior and Human Resource Management (Q3)";"Business, Management and Accounting; Economics, Econometrics and Finance; Social Sciences"
820;15882;"Fibres and Textiles in Eastern Europe";journal;"23007354, 12303666";"Sciendo";No;No;0,320;Q2;50;97;372;2505;295;366;0,74;25,82;47,11;2;Poland;Eastern Europe;"Sciendo";"1993, 1995-2025";"Business and International Management (Q2); Environmental Science (miscellaneous) (Q2); Industrial and Manufacturing Engineering (Q2); Materials Science (miscellaneous) (Q3)";"Business, Management and Accounting; Engineering; Environmental Science; Materials Science"
821;23584;"Journal of Real Estate Literature";journal;"09277544";"Taylor and Francis Ltd.";No;No;0,320;Q2;25;16;58;812;53;58;0,78;50,75;26,67;0;United Kingdom;Western Europe;"Taylor and Francis Ltd.";"2003-2025";"Business, Management and Accounting (miscellaneous) (Q2); Economics, Econometrics and Finance (miscellaneous) (Q2)";"Business, Management and Accounting; Economics, Econometrics and Finance"
822;19600162139;"Accounting Research Journal";journal;"10309616";"Emerald Group Publishing Ltd.";No;No;0,320;Q3;37;40;91;1818;111;83;0,94;45,45;30,11;0;United Kingdom;Western Europe;"Emerald Group Publishing Ltd.";"2005-2026";"Accounting (Q3); Finance (Q3)";"Business, Management and Accounting; Economics, Econometrics and Finance"
823;21100788210;"International Journal of Nonprofit and Voluntary Sector Marketing";journal;"1479103X, 14654520";"John Wiley and Sons Ltd";No;No;0,319;Q3;0;0;0;0;0;0;0,00;0,00;0,00;0;United Kingdom;Western Europe;"John Wiley and Sons Ltd";"2006, 2012, 2014-2020";"Economics and Econometrics (Q3); Marketing (Q3); Strategy and Management (Q3)";"Business, Management and Accounting; Economics, Econometrics and Finance"
824;4100151503;"Advances in Industrial and Labor Relations";book series;"07426186";"Emerald Group Publishing Ltd.";No;No;0,317;Q2;13;7;27;433;11;18;0,33;61,86;38,46;0;United Kingdom;Western Europe;"Emerald Group Publishing Ltd.";"2001-2006, 2009-2012, 2015-2016, 2018-2019, 2021, 2025-2026";"Economics, Econometrics and Finance (miscellaneous) (Q2); Industrial Relations (Q2); Political Science and International Relations (Q2); Organizational Behavior and Human Resource Management (Q3)";"Business, Management and Accounting; Economics, Econometrics and Finance; Social Sciences"
825;21100455907;"2015 IEEE 23rd International Symposium on Quality of Service, IWQoS 2015";conference and proceedings;"-";"";No;No;0,317;-;13;0;65;0;64;63;0,00;0,00;0,00;0;United States;Northern America;"";"";"Control and Optimization; Electrical and Electronic Engineering; Modeling and Simulation; Numerical Analysis; Radiation";"Engineering; Mathematics; Physics and Astronomy"
826;19700182809;"Journal of Private Enterprise";journal;"0890913X";"Fayetteville State University";No;No;0,316;Q2;14;23;77;1019;43;74;0,48;44,30;10,53;0;United States;Northern America;"Fayetteville State University";"2008-2025";"Business, Management and Accounting (miscellaneous) (Q2); Economics, Econometrics and Finance (miscellaneous) (Q2)";"Business, Management and Accounting; Economics, Econometrics and Finance"
827;14100154713;"International Journal of Grid and Utility Computing";journal;"1741847X, 17418488";"Inderscience Enterprises Ltd";No;No;0,316;Q3;24;64;99;1850;181;99;1,54;28,91;22,68;0;United Kingdom;Western Europe;"Inderscience Enterprises Ltd";"2005, 2009, 2011-2026";"Applied Mathematics (Q3); Computer Science Applications (Q3); Management Information Systems (Q3)";"Business, Management and Accounting; Computer Science; Mathematics"
828;17332;"International Journal of Finance and Economics";journal;"10991158, 10769307";"John Wiley and Sons Ltd";No;No;0,315;Q3;64;88;97;4780;102;97;1,07;54,32;19,70;14;United Kingdom;Western Europe;"John Wiley and Sons Ltd";"1996-2026";"Accounting (Q3); Economics and Econometrics (Q3); Finance (Q3)";"Business, Management and Accounting; Economics, Econometrics and Finance"
829;21100446528;"Journal of Organizational Ethnography";journal;"20466757, 20466749";"Emerald Group Publishing Ltd.";No;No;0,314;Q3;25;24;61;1075;51;58;0,78;44,79;63,89;0;United Kingdom;Western Europe;"Emerald Group Publishing Ltd.";"2012-2026";"Cultural Studies (Q1); Anthropology (Q2); Organizational Behavior and Human Resource Management (Q3); Strategy and Management (Q3)";"Business, Management and Accounting; Social Sciences"
830;22844;"International Review of Retail, Distribution and Consumer Research";journal;"09593969, 14664402";"Routledge";No;No;0,313;Q2;58;34;89;1906;124;87;1,15;56,06;50,65;1;United Kingdom;Western Europe;"Routledge";"1990-2026";"Business and International Management (Q2); Economics and Econometrics (Q3); Marketing (Q3)";"Business, Management and Accounting; Economics, Econometrics and Finance"
831;21000195314;"Journal of Construction in Developing Countries";journal;"18236499, 21804222";"Penerbit Universiti Sains Malaysia";Yes;No;0,313;-;32;29;48;1134;76;47;1,09;39,10;35,94;1;Malaysia;Asiatic Region;"Penerbit Universiti Sains Malaysia";"2006-2026";"Building and Construction (Q3); Civil and Structural Engineering (Q3)";"Engineering"
832;21100892687;"Journal of Advances in Management Research";journal;"09727981, 20493207";"Emerald Group Publishing Ltd.";No;No;0,311;Q2;42;41;81;2747;113;73;1,15;67,00;32,14;0;United Kingdom;Western Europe;"Emerald Group Publishing Ltd.";"2003-2026";"Business, Management and Accounting (miscellaneous) (Q2)";"Business, Management and Accounting"
833;21100874338;"Journal of Public and Nonprofit Affairs";journal;"23813717";"Midwest Public Affairs Conference";Yes;Yes;0,311;Q2;15;20;49;1064;34;41;0,64;53,20;35,71;3;United States;Northern America;"Midwest Public Affairs Conference";"2015-2025";"Business and International Management (Q2); Economics, Econometrics and Finance (miscellaneous) (Q2); Sociology and Political Science (Q2); Organizational Behavior and Human Resource Management (Q3); Public Administration (Q3)";"Business, Management and Accounting; Economics, Econometrics and Finance; Social Sciences"
834;21100390411;"Journal of Hospitality and Tourism Education";journal;"23256540, 10963758";"Taylor and Francis Ltd.";No;No;0,311;Q3;38;24;61;1200;55;60;0,57;50,00;53,45;0;United Kingdom;Western Europe;"Taylor and Francis Ltd.";"1997-2013, 2015-2026";"Education (Q3); Tourism, Leisure and Hospitality Management (Q3)";"Business, Management and Accounting; Social Sciences"
835;19700188202;"International Journal of Digital Accounting Research";journal;"15778517, 23405058";"Universidad de Huelva";No;No;0,310;Q3;20;5;17;213;31;17;1,92;42,60;31,25;0;Spain;Western Europe;"Universidad de Huelva";"2010-2025";"Information Systems and Management (Q2); Accounting (Q3); Finance (Q3)";"Business, Management and Accounting; Decision Sciences; Economics, Econometrics and Finance"
836;21100379743;"Australasian Accounting, Business and Finance Journal";journal;"18342000, 18342019";"University of Wollongong";Yes;Yes;0,309;Q2;32;28;84;1521;124;72;1,34;54,32;41,51;2;Australia;Pacific Region;"University of Wollongong";"2014-2025";"Business, Management and Accounting (miscellaneous) (Q2); Finance (Q3)";"Business, Management and Accounting; Economics, Econometrics and Finance"
837;4700152833;"Journal of Convention and Event Tourism";journal;"15470148, 15470156";"Routledge";No;No;0,309;Q3;40;23;57;1069;74;55;1,23;46,48;43,48;0;United States;Northern America;"Routledge";"2005-2026";"Tourism, Leisure and Hospitality Management (Q3)";"Business, Management and Accounting"
838;5000153701;"Risk Management and Insurance Review";journal;"15406296, 10981616";"Wiley-Blackwell Publishing Ltd";No;No;0,309;Q3;24;16;47;871;36;45;0,79;54,44;34,29;2;United Kingdom;Western Europe;"Wiley-Blackwell Publishing Ltd";"2006-2026";"Accounting (Q3); Economics and Econometrics (Q3); Finance (Q3)";"Business, Management and Accounting; Economics, Econometrics and Finance"
839;4700152455;"International Journal of Process Management and Benchmarking";journal;"14606739, 1741816X";"Inderscience Enterprises Ltd";No;No;0,308;Q2;22;25;82;1137;73;82;0,68;45,48;28,07;0;United Kingdom;Western Europe;"Inderscience Enterprises Ltd";"2005-2009, 2013-2026";"Business and International Management (Q2); Management Science and Operations Research (Q3); Strategy and Management (Q3)";"Business, Management and Accounting; Decision Sciences"
840;20500195207;"European Journal of Tourism Research";journal;"13140817, 19947658";"International University College";Yes;Yes;0,308;Q3;37;43;127;1935;134;103;0,94;45,00;32,99;0;Bulgaria;Eastern Europe;"International University College";"2008-2026";"Geography, Planning and Development (Q3); Tourism, Leisure and Hospitality Management (Q3)";"Business, Management and Accounting; Social Sciences"
841;4000152111;"Research on Managing Groups and Teams";book series;"15340856";"Emerald Group Publishing Ltd.";No;No;0,307;Q2;29;0;25;0;26;12;1,04;0,00;0,00;0;United Kingdom;Western Europe;"Emerald Group Publishing Ltd.";"2000, 2002-2003, 2005-2012, 2014-2015, 2017-2018, 2020, 2025-2026";"Business, Management and Accounting (miscellaneous) (Q2); Organizational Behavior and Human Resource Management (Q3)";"Business, Management and Accounting"
842;21100200829;"International Journal of Engineering Business Management";journal;"18479790";"SAGE Publications Inc.";Yes;No;0,307;Q3;46;36;76;1843;137;76;1,93;51,19;37,36;2;Croatia;Eastern Europe;"SAGE Publications Inc.";"2009-2026";"Management Science and Operations Research (Q3); Organizational Behavior and Human Resource Management (Q3)";"Business, Management and Accounting; Decision Sciences"
843;19700173246;"Academia Revista Latinoamericana de Administracion";journal;"10128255, 20565127";"Emerald Publishing";No;No;0,305;Q2;26;31;98;2140;122;93;0,92;69,03;30,49;0;United Kingdom;Western Europe;"Emerald Publishing";"2008-2026";"Business and International Management (Q2); Economics, Econometrics and Finance (miscellaneous) (Q2); Education (Q3); Management Science and Operations Research (Q3); Organizational Behavior and Human Resource Management (Q3); Public Administration (Q3); Strategy and Management (Q3)";"Business, Management and Accounting; Decision Sciences; Economics, Econometrics and Finance; Social Sciences"
844;23656;"Systemic Practice and Action Research";journal;"1094429X, 15739295";"Springer New York";No;No;0,305;Q3;45;34;95;1869;105;94;1,17;54,97;31,07;2;United States;Northern America;"Springer New York";"1996, 1998-2026";"Management of Technology and Innovation (Q3); Strategy and Management (Q3)";"Business, Management and Accounting"
845;21100446217;"Journal of International Education in Business";journal;"2046469X, 18363261";"Emerald Group Publishing Ltd.";No;No;0,304;Q2;25;20;38;1180;43;38;1,21;59,00;50,00;0;United Kingdom;Western Europe;"Emerald Group Publishing Ltd.";"2008-2026";"Business, Management and Accounting (miscellaneous) (Q2); Education (Q3)";"Business, Management and Accounting; Social Sciences"
846;21100943520;"Rutgers Business Review";journal;"24742376, 24746509";"Rutgers Business School";No;No;0,304;Q2;10;12;58;325;25;58;0,40;27,08;31,82;0;United States;Northern America;"Rutgers Business School";"2016-2025";"Business and International Management (Q2); Strategy and Management (Q3)";"Business, Management and Accounting"
847;19900191721;"Review of Accounting and Finance";journal;"14757702, 17587700";"Emerald Publishing";No;No;0,304;Q3;39;27;76;1493;95;76;0,96;55,30;38,98;0;United Kingdom;Western Europe;"Emerald Publishing";"2002-2026";"Economics, Econometrics and Finance (miscellaneous) (Q2); Accounting (Q3); Finance (Q3)";"Business, Management and Accounting; Economics, Econometrics and Finance"
848;19600162142;"Leadership in Health Services";journal;"17511879, 17511887";"Emerald Publishing";No;No;0,303;Q2;39;40;107;2260;136;102;1,11;56,50;53,91;0;United Kingdom;Western Europe;"Emerald Publishing";"2007-2026";"Business, Management and Accounting (miscellaneous) (Q2); Health Policy (Q3)";"Business, Management and Accounting; Medicine"
849;21100836589;"International Journal of Business Environment";journal;"17400589, 17400597";"Inderscience Enterprises Ltd";No;No;0,302;Q2;13;10;35;693;37;35;1,06;69,30;23,81;0;United Kingdom;Western Europe;"Inderscience Enterprises Ltd";"2017-2026";"Business and International Management (Q2); Management of Technology and Innovation (Q3); Management Science and Operations Research (Q3); Strategy and Management (Q3)";"Business, Management and Accounting; Decision Sciences"
850;17600155208;"Journal of South Asian Development";journal;"09731741, 09731733";"Sage Publications India Pvt. Ltd";No;No;0,302;Q2;22;13;42;786;36;40;0,69;60,46;38,10;3;India;Asiatic Region;"Sage Publications India Pvt. Ltd";"2006-2007, 2009-2026";"History (Q1); Business and International Management (Q2); Economics, Econometrics and Finance (miscellaneous) (Q2); Social Sciences (miscellaneous) (Q2); Development (Q3)";"Arts and Humanities; Business, Management and Accounting; Economics, Econometrics and Finance; Social Sciences"
851;144672;"Measuring Business Excellence";journal;"13683047";"Emerald Group Publishing Ltd.";No;No;0,302;Q2;58;30;70;1691;117;68;1,50;56,37;41,33;0;United Kingdom;Western Europe;"Emerald Group Publishing Ltd.";"1997-2026";"Business, Management and Accounting (miscellaneous) (Q2); Organizational Behavior and Human Resource Management (Q3)";"Business, Management and Accounting"
852;21100775906;"BSN 2016 - 13th Annual Body Sensor Networks Conference";conference and proceedings;"-";"";No;No;0,302;-;14;0;75;0;133;73;0,00;0,00;0,00;0;United States;Northern America;"";"";"Computer Networks and Communications; Strategy and Management; Urban Studies";"Business, Management and Accounting; Computer Science; Social Sciences"
853;21100385811;"Journal of Indian Business Research";journal;"17554195, 17554209";"Emerald Group Publishing Ltd.";No;No;0,301;Q2;35;21;55;1420;83;54;0,97;67,62;52,63;0;United Kingdom;Western Europe;"Emerald Group Publishing Ltd.";"2009-2025";"Business, Management and Accounting (miscellaneous) (Q2)";"Business, Management and Accounting"
854;17700155302;"International Journal of Business Excellence";journal;"17560055, 17560047";"Inderscience Enterprises Ltd";No;No;0,300;Q2;32;81;218;5510;246;218;1,16;68,02;32,37;1;United Kingdom;Western Europe;"Inderscience Enterprises Ltd";"2008-2026";"Business and International Management (Q2); Strategy and Management (Q3)";"Business, Management and Accounting"
855;7100153137;"Transformations in Business and Economics";journal;"16484460";"Vilnius University Press";Yes;No;0,300;Q2;32;94;272;4203;354;259;1,55;44,71;47,29;0;Lithuania;Eastern Europe;"Vilnius University Press";"2006-2025";"Business and International Management (Q2); Political Science and International Relations (Q2); Social Sciences (miscellaneous) (Q2); Economics and Econometrics (Q3); Marketing (Q3)";"Business, Management and Accounting; Economics, Econometrics and Finance; Social Sciences"
856;19700181431;"Journal of Decision Systems";journal;"21167052, 12460125";"Taylor and Francis Ltd.";No;No;0,300;Q3;42;16;137;967;179;133;1,35;60,44;34,29;3;United Kingdom;Western Europe;"Taylor and Francis Ltd.";"1992-2026";"Management Information Systems (Q3); Software (Q3)";"Business, Management and Accounting; Computer Science"
857;19900193215;"Accounting and the Public Interest";journal;"15309320";"American Accounting Association";No;No;0,299;Q3;14;4;18;351;21;17;0,71;87,75;42,86;0;United States;Northern America;"American Accounting Association";"2009-2025";"Accounting (Q3)";"Business, Management and Accounting"
858;100906;"Museum Management and Curatorship";journal;"18729185, 09647775";"Routledge";No;No;0,298;Q2;47;40;111;1561;86;86;0,75;39,03;67,69;2;United Kingdom;Western Europe;"Routledge";"1990-2001, 2005-2026";"Visual Arts and Performing Arts (Q1); Business and International Management (Q2); Tourism, Leisure and Hospitality Management (Q3)";"Arts and Humanities; Business, Management and Accounting"
859;21100850750;"European Journal of Futures Research";journal;"21952248, 21954194";"Springer Verlag";Yes;No;0,298;Q3;32;7;62;534;75;62;1,44;76,29;9,09;2;Germany;Western Europe;"Springer Verlag";"2013-2026";"Economics, Econometrics and Finance (miscellaneous) (Q2); Social Sciences (miscellaneous) (Q2); Sociology and Political Science (Q2); Management of Technology and Innovation (Q3); Tourism, Leisure and Hospitality Management (Q3)";"Business, Management and Accounting; Economics, Econometrics and Finance; Social Sciences"
860;6000152910;"Journal of Arts Management Law and Society";journal;"10632921, 19307799";"Taylor and Francis Ltd.";No;No;0,298;Q3;29;26;81;1177;54;70;0,71;45,27;58,14;6;United States;Northern America;"Taylor and Francis Ltd.";"1992-2026";"Visual Arts and Performing Arts (Q1); Law (Q2); Strategy and Management (Q3)";"Arts and Humanities; Business, Management and Accounting; Social Sciences"
861;15909;"Zeitschrift fur Arbeits- und Organisationspsychologie";journal;"09324089, 21906270";"Hogrefe Publishing";No;No;0,298;Q3;22;16;45;1057;24;43;0,55;66,06;56,25;1;Germany;Western Europe;"Hogrefe Publishing";"2002-2025";"Applied Psychology (Q3); Organizational Behavior and Human Resource Management (Q3)";"Business, Management and Accounting; Psychology"
862;21100291858;"Advances in Accounting Education: Teaching and Curriculum Innovations";book series;"10854622";"Emerald Group Publishing Ltd.";No;No;0,297;Q2;13;20;26;539;19;25;0,50;26,95;0,00;0;United Kingdom;Western Europe;"Emerald Group Publishing Ltd.";"2007-2017, 2019-2025";"Business and International Management (Q2); Education (Q3)";"Business, Management and Accounting; Social Sciences"
863;21100204505;"Australasian Journal of Information Systems";journal;"14498618, 13262238";"Australasian Association for Information Systems";Yes;Yes;0,296;Q2;37;36;115;2416;150;104;1,33;67,11;32,58;4;Australia;Pacific Region;"Australasian Association for Information Systems";"1996, 2007, 2009-2025";"Business, Management and Accounting (miscellaneous) (Q2); Information Systems and Management (Q2); Human-Computer Interaction (Q3); Information Systems (Q3)";"Business, Management and Accounting; Computer Science; Decision Sciences"
864;4000152115;"Advances in Public Interest Accounting";book series;"10417060";"Emerald Group Publishing Ltd.";No;No;0,296;Q3;13;5;12;284;5;12;0,33;56,80;0,00;0;United Kingdom;Western Europe;"Emerald Group Publishing Ltd.";"2001-2002, 2004-2007, 2009-2010, 2013-2017, 2019-2020, 2025-2026";"Sociology and Political Science (Q2); Accounting (Q3)";"Business, Management and Accounting; Social Sciences"
865;4700152763;"Public Services Quarterly";journal;"15229114, 15228959";"Routledge";No;No;0,296;Q3;21;33;91;512;45;77;0,52;15,52;62,50;1;United States;Northern America;"Routledge";"2002-2003, 2006-2026";"Library and Information Sciences (Q2); Accounting (Q3); Public Administration (Q3)";"Business, Management and Accounting; Social Sciences"
866;21100855822;"Cogent Business and Management";journal;"23311975";"Cogent OA";Yes;No;0,295;Q2;68;137;301;7925;443;300;1,22;57,85;30,36;3;United Kingdom;Western Europe;"Cogent OA";"2014-2026";"Business and International Management (Q2); Business, Management and Accounting (miscellaneous) (Q2); Accounting (Q3); Management Science and Operations Research (Q3); Marketing (Q3); Organizational Behavior and Human Resource Management (Q3); Strategy and Management (Q3)";"Business, Management and Accounting; Decision Sciences"
867;5600153488;"Rural Society";journal;"10371656";"Routledge";Yes;No;0,295;Q3;33;15;47;987;54;46;1,09;65,80;45,00;3;United Kingdom;Western Europe;"Routledge";"1991-2026";"Tourism, Leisure and Hospitality Management (Q3)";"Business, Management and Accounting"
868;21100385808;"Journal of Asia Business Studies";journal;"15592243, 15587894";"Emerald Group Publishing Ltd.";No;No;0,294;Q3;43;35;81;3045;119;79;1,30;87,00;36,25;0;United Kingdom;Western Europe;"Emerald Group Publishing Ltd.";"2006-2026";"Economics, Econometrics and Finance (miscellaneous) (Q2); Business and International Management (Q3); Strategy and Management (Q3)";"Business, Management and Accounting; Economics, Econometrics and Finance"
869;21100262412;"Journal of Research in Marketing and Entrepreneurship";journal;"14715201, 1471521X";"Emerald Publishing";No;No;0,294;Q3;37;10;38;797;48;37;1,17;79,70;15,79;0;United Kingdom;Western Europe;"Emerald Publishing";"1999-2007, 2009-2026";"Business and International Management (Q3); Marketing (Q3); Strategy and Management (Q3)";"Business, Management and Accounting"
870;18400156719;"Chinese Management Studies";journal;"1750614X";"Emerald Group Publishing Ltd.";No;No;0,293;Q2;43;52;125;3601;165;125;1,18;69,25;35,17;0;United Kingdom;Western Europe;"Emerald Group Publishing Ltd.";"2007-2026";"Business, Management and Accounting (miscellaneous) (Q2)";"Business, Management and Accounting"
871;21100421900;"Information and Computer Security";journal;"2056497X, 20564961";"Emerald Publishing";No;No;0,293;Q3;63;35;102;1914;184;99;1,63;54,69;40,20;0;United Kingdom;Western Europe;"Emerald Publishing";"2015-2026";"Information Systems and Management (Q2); Computer Networks and Communications (Q3); Information Systems (Q3); Management Information Systems (Q3); Management of Technology and Innovation (Q3); Software (Q3)";"Business, Management and Accounting; Computer Science; Decision Sciences"
872;13691;"Journal of Vinyl and Additive Technology";journal;"15480585, 10835601";"John Wiley and Sons Ltd";No;No;0,293;Q3;50;77;203;2766;297;203;1,36;35,92;33,88;1;United Kingdom;Western Europe;"John Wiley and Sons Ltd";"1989, 1995-2026";"Chemical Engineering (miscellaneous) (Q3); Chemistry (miscellaneous) (Q3); Marketing (Q3); Materials Chemistry (Q3); Polymers and Plastics (Q3)";"Business, Management and Accounting; Chemical Engineering; Chemistry; Materials Science"
873;21100446515;"Sport, Business and Management: An International Journal";journal;"20426798, 2042678X";"Emerald Publishing";No;No;0,293;Q3;33;32;85;1948;125;81;1,30;60,88;34,12;0;United Kingdom;Western Europe;"Emerald Publishing";"2011-2026";"Business and International Management (Q3); Marketing (Q3); Strategy and Management (Q3); Tourism, Leisure and Hospitality Management (Q3)";"Business, Management and Accounting"
874;21100376830;"African Journal of Economic and Management Studies";journal;"20400713, 20400705";"Emerald Group Publishing Ltd.";No;No;0,292;Q2;34;33;101;1843;167;99;1,82;55,85;33,33;0;United Kingdom;Western Europe;"Emerald Group Publishing Ltd.";"2010-2026";"Business, Management and Accounting (miscellaneous) (Q2); Economics, Econometrics and Finance (miscellaneous) (Q2)";"Business, Management and Accounting; Economics, Econometrics and Finance"
875;19200157025;"Engineering Economics";journal;"13922785, 20295839";"Kauno Technologijos Universitetas";Yes;No;0,292;Q3;45;55;172;2929;225;172;1,26;53,25;48,00;1;Lithuania;Eastern Europe;"Kauno Technologijos Universitetas";"2008-2025";"Engineering (miscellaneous) (Q2); Business and International Management (Q3); Economics and Econometrics (Q3)";"Business, Management and Accounting; Economics, Econometrics and Finance; Engineering"
876;18000156701;"International Journal of Pharmaceutical and Healthcare Marketing";journal;"17506123";"Emerald Group Publishing Ltd.";No;No;0,292;Q3;33;29;79;1796;113;78;0,80;61,93;38,38;0;United Kingdom;Western Europe;"Emerald Group Publishing Ltd.";"2007-2026";"Health Policy (Q3); Marketing (Q3)";"Business, Management and Accounting; Medicine"
877;21100898050;"Social Enterprise Journal";journal;"17508533, 17508614";"Emerald Group Publishing Ltd.";No;No;0,291;Q3;29;25;35;1756;79;31;1,29;70,24;59,68;0;United Kingdom;Western Europe;"Emerald Group Publishing Ltd.";"2012, 2016, 2018-2026";"Economics, Econometrics and Finance (miscellaneous) (Q2); Sociology and Political Science (Q2); Business, Management and Accounting (miscellaneous) (Q3); Development (Q3); Management, Monitoring, Policy and Law (Q3)";"Business, Management and Accounting; Economics, Econometrics and Finance; Environmental Science; Social Sciences"
878;11200153572;"International Journal of Business Innovation and Research";journal;"17510252, 17510260";"Inderscience Enterprises Ltd";Yes;No;0,290;Q3;31;79;261;5751;267;260;0,96;72,80;37,58;0;United Kingdom;Western Europe;"Inderscience Enterprises Ltd";"2006-2026";"Business and International Management (Q3); Management of Technology and Innovation (Q3)";"Business, Management and Accounting"
879;144667;"Property Management";journal;"02637472";"Emerald Publishing";No;No;0,290;Q3;37;40;99;2254;104;90;0,82;56,35;31,82;0;United Kingdom;Western Europe;"Emerald Publishing";"1983-2026";"Business, Management and Accounting (miscellaneous) (Q3); Finance (Q3); Tourism, Leisure and Hospitality Management (Q3)";"Business, Management and Accounting; Economics, Econometrics and Finance"
880;19600156834;"Icon";journal;"28064208, 13618113";"International Committee for the History of Technology";No;No;0,289;Q3;8;17;8;642;3;5;0,00;37,76;44,00;0;Germany;Western Europe;"International Committee for the History of Technology";"2001, 2013-2016, 2019-2025";"History and Philosophy of Science (Q2); Management of Technology and Innovation (Q3)";"Arts and Humanities; Business, Management and Accounting"
881;21100312008;"Journal of Financial Management of Property and Construction";journal;"17598443, 13664387";"Emerald Group Publishing Ltd.";No;No;0,289;Q3;35;22;59;1323;67;53;1,12;60,14;16,07;0;United Kingdom;Western Europe;"Emerald Group Publishing Ltd.";"2005-2026";"Accounting (Q3); Business and International Management (Q3); Economics and Econometrics (Q3); Finance (Q3)";"Business, Management and Accounting; Economics, Econometrics and Finance"
882;21100901140;"Journal of Innovation and Entrepreneurship";journal;"21925372";"SpringerOpen";Yes;No;0,289;Q3;51;15;35;821;73;33;2,09;54,73;11,11;5;Germany;Western Europe;"SpringerOpen";"2014-2015, 2017-2026";"Sociology and Political Science (Q2); Economics and Econometrics (Q3); Information Systems (Q3); Management Information Systems (Q3); Management of Technology and Innovation (Q3)";"Business, Management and Accounting; Computer Science; Economics, Econometrics and Finance; Social Sciences"
883;21100899438;"Communication Research and Practice";journal;"22063374";"Taylor and Francis Ltd.";No;No;0,288;Q3;23;28;30;1273;21;24;0,72;45,46;63,41;6;United Kingdom;Western Europe;"Taylor and Francis Ltd.";"2016, 2018-2025";"Communication (Q2); Political Science and International Relations (Q2); Computer Networks and Communications (Q3); Human-Computer Interaction (Q3); Marketing (Q3)";"Business, Management and Accounting; Computer Science; Social Sciences"
884;5600156484;"Tourism and Hospitality Management";journal;"13307533, 18473377";"University of Rijeka";Yes;Yes;0,288;Q3;27;27;58;1391;75;54;1,34;51,52;55,56;1;Croatia;Eastern Europe;"University of Rijeka";"2013-2025";"Tourism, Leisure and Hospitality Management (Q3)";"Business, Management and Accounting"
885;21100202719;"Journal of Systems and Information Technology";journal;"17588847, 13287265";"Emerald Publishing";No;No;0,288;-;42;18;56;1299;101;54;1,86;72,17;22,92;0;United Kingdom;Western Europe;"Emerald Publishing";"1997-2004, 2007-2026";"Computer Science (miscellaneous) (Q2); Information Systems (Q3)";"Computer Science"
886;4000148902;"International Journal of Services and Operations Management";journal;"17442370, 17442389";"Inderscience Enterprises Ltd";No;No;0,287;Q3;38;78;244;4355;225;244;0,74;55,83;22,01;0;United Kingdom;Western Europe;"Inderscience Enterprises Ltd";"2005-2026";"Industrial and Manufacturing Engineering (Q2); Management of Technology and Innovation (Q3); Management Science and Operations Research (Q3)";"Business, Management and Accounting; Decision Sciences; Engineering"
887;20060;"Economics of Governance";journal;"14356104, 14358131";"Springer Verlag";No;No;0,286;Q3;34;16;45;632;37;45;0,87;39,50;16,13;6;Germany;Western Europe;"Springer Verlag";"2001, 2003-2026";"Economics, Econometrics and Finance (miscellaneous) (Q2); Business and International Management (Q3)";"Business, Management and Accounting; Economics, Econometrics and Finance"
888;21100431169;"International Journal of Islamic and Middle Eastern Finance and Management";journal;"17538394, 17538408";"Emerald Publishing";No;No;0,286;Q3;53;40;101;2339;175;100;1,54;58,48;35,16;0;United Kingdom;Western Europe;"Emerald Publishing";"2008-2026";"Business and International Management (Q3); Finance (Q3); Strategy and Management (Q3)";"Business, Management and Accounting; Economics, Econometrics and Finance"
889;19400157135;"International Journal of Knowledge Management Studies";journal;"17438276, 17438268";"Inderscience Enterprises Ltd";No;No;0,286;Q3;18;24;66;1059;73;65;1,19;44,13;24,39;0;United Kingdom;Western Europe;"Inderscience Enterprises Ltd";"2006-2012, 2014-2025";"Computer Science Applications (Q3); Information Systems and Management (Q3); Management Information Systems (Q3); Management of Technology and Innovation (Q3)";"Business, Management and Accounting; Computer Science; Decision Sciences"
890;21100464761;"Journal of Risk";journal;"17552842, 14651211";"Infopro digital";No;No;0,285;Q3;17;24;79;854;48;79;0,46;35,58;20,00;0;United Kingdom;Western Europe;"Infopro digital";"2011-2025";"Finance (Q3); Strategy and Management (Q3)";"Business, Management and Accounting; Economics, Econometrics and Finance"
891;19300157111;"Revista Brasileira de Gestao de Negocios";journal;"19830807, 18064892";"Fundacao Escola de Comercio Alvares Penteado";Yes;Yes;0,285;Q3;25;35;95;2147;112;95;1,20;61,34;38,46;0;Brazil;Latin America;"Fundacao Escola de Comercio Alvares Penteado";"2004-2026";"Business and International Management (Q3); Industrial Relations (Q3); Strategy and Management (Q3)";"Business, Management and Accounting"
892;21100463852;"Proceedings - 7th International Workshop on Empirical Software Engineering in Practice, IWESEP 2016";conference and proceedings;"-";"";No;No;0,284;-;6;0;13;0;14;11;0,00;0,00;0,00;0;Japan;Asiatic Region;"";"";"Management of Technology and Innovation";"Business, Management and Accounting"
893;19300156810;"Asia-Pacific Journal of Accounting and Economics";journal;"21642257, 16081625";"Taylor and Francis Ltd.";No;No;0,283;Q3;33;39;85;1738;76;84;0,57;44,56;36,67;1;United Kingdom;Western Europe;"Taylor and Francis Ltd.";"2000-2026";"Accounting (Q3); Economics and Econometrics (Q3); Finance (Q3)";"Business, Management and Accounting; Economics, Econometrics and Finance"
894;23977;"International Journal of Automotive Technology and Management";journal;"14709511, 17415012";"Inderscience Enterprises Ltd";No;No;0,283;Q3;29;17;71;990;53;69;0,54;58,24;26,09;3;United Kingdom;Western Europe;"Inderscience Enterprises Ltd";"2001-2025";"Automotive Engineering (Q2); Strategy and Management (Q3)";"Business, Management and Accounting; Engineering"
895;21100299413;"Journal of Cultural Heritage Management and Sustainable Development";journal;"20441274, 20441266";"Emerald Group Publishing Ltd.";No;No;0,283;Q3;31;30;79;1427;81;77;0,84;47,57;45,45;0;United Kingdom;Western Europe;"Emerald Group Publishing Ltd.";"2011-2026";"Conservation (Q1); Urban Studies (Q2); Business, Management and Accounting (miscellaneous) (Q3); Geography, Planning and Development (Q3)";"Arts and Humanities; Business, Management and Accounting; Social Sciences"
896;19700176302;"Journal of Entrepreneurship Education (discontinued)";journal;"15282651, 10988394";"Allied Business Academies";No;No;0,283;Q3;32;167;168;4951;304;168;1,75;29,65;60,62;0;United States;Northern America;"Allied Business Academies";"2009-2019";"Business and International Management (Q3); Economics and Econometrics (Q3); Education (Q3); Strategy and Management (Q3)";"Business, Management and Accounting; Economics, Econometrics and Finance; Social Sciences"
897;19700175212;"Revista Espanola de Financiacion y Contabilidad";journal;"02102412, 23320753";"Taylor and Francis Ltd.";No;No;0,283;Q3;27;21;59;1380;66;59;1,18;65,71;39,58;0;United Kingdom;Western Europe;"Taylor and Francis Ltd.";"1996-2026";"Accounting (Q3); Economics and Econometrics (Q3); Finance (Q3)";"Business, Management and Accounting; Economics, Econometrics and Finance"
898;21100278101;"International Conference on the European Energy Market, EEM";conference and proceedings;"21654077, 21654093";"IEEE Computer Society";No;No;0,283;-;28;184;603;3308;475;600;0,80;17,98;24,07;0;United States;Northern America;"IEEE Computer Society";"2013-2020, 2022-2025";"Energy Engineering and Power Technology; Fuel Technology; Marketing";"Business, Management and Accounting; Energy"
899;21100464748;"Proceedings - 3rd International Workshop on CrowdSourcing in Software Engineering, CSI-SE 2016";conference and proceedings;"-";"";No;No;0,283;-;6;0;9;0;17;7;0,00;0,00;0,00;0;United States;Northern America;"";"";"Geophysics; Geotechnical Engineering and Engineering Geology";"Earth and Planetary Sciences"
900;16106;"Foresight";journal;"30096294, 30626307";"National Center for Social and Criminological Research";No;No;0,282;Q3;49;39;114;2507;166;110;1,35;64,28;25,58;0;United Kingdom;Western Europe;"National Center for Social and Criminological Research";"1999-2026";"Economics, Econometrics and Finance (miscellaneous) (Q2); Business and International Management (Q3); Management of Technology and Innovation (Q3); Management Science and Operations Research (Q3)";"Business, Management and Accounting; Decision Sciences; Economics, Econometrics and Finance"
901;21100197182;"Annual Conference on Innovation and Technology in Computer Science Education, ITiCSE";conference and proceedings;"1942647X";"Association for Computing Machinery";No;No;0,282;-;48;147;292;3124;461;285;1,49;21,25;37,78;1;United States;Northern America;"Association for Computing Machinery";"1999, 2011-2013, 2015-2025";"Education; Management of Technology and Innovation";"Business, Management and Accounting; Social Sciences"
902;17500154910;"Afro-Asian Journal of Finance and Accounting";journal;"17516455, 17516447";"Inderscience Enterprises Ltd";No;No;0,281;Q3;17;24;69;1280;64;68;0,81;53,33;21,28;0;United Kingdom;Western Europe;"Inderscience Enterprises Ltd";"2008-2026";"Accounting (Q3); Finance (Q3)";"Business, Management and Accounting; Economics, Econometrics and Finance"
903;21100202718;"International Journal of Management in Education";journal;"17503868, 1750385X";"Inderscience";No;No;0,280;Q3;19;21;78;1152;61;78;0,93;54,86;28,85;0;Switzerland;Western Europe;"Inderscience";"2007-2026";"Business, Management and Accounting (miscellaneous) (Q3); Education (Q3)";"Business, Management and Accounting; Social Sciences"
904;17700156709;"Quality - Access to Success";journal;"15822559";"SRAC - Societatea Romana Pentru Asigurarea Calitatii";No;No;0,280;Q3;31;379;784;9275;727;783;1,11;24,47;48,28;0;Romania;Eastern Europe;"SRAC - Societatea Romana Pentru Asigurarea Calitatii";"2009-2026";"Business and International Management (Q3); Management Information Systems (Q3); Strategy and Management (Q3)";"Business, Management and Accounting"
905;21100773814;"Australasian Journal of Organisational Psychology";journal;"20542232";"Cambridge University Press";No;No;0,279;Q3;8;0;6;0;6;6;1,00;0,00;0,00;0;United Kingdom;Western Europe;"Cambridge University Press";"2013-2017";"Applied Psychology (Q3); Organizational Behavior and Human Resource Management (Q3); Social Psychology (Q3)";"Business, Management and Accounting; Psychology"
906;17500155141;"International Review on Public and Nonprofit Marketing";journal;"18651992, 18651984";"";No;No;0,279;Q3;32;7;74;503;88;74;0,96;71,86;65,22;1;Germany;Western Europe;"";"2001, 2009-2025";"Economics and Econometrics (Q3); Marketing (Q3)";"Business, Management and Accounting; Economics, Econometrics and Finance"
907;17700156768;"Place Branding and Public Diplomacy";journal;"17518040, 17518059";"Palgrave Macmillan Ltd.";No;No;0,279;Q3;44;28;84;1376;96;80;1,24;49,14;44,00;4;United Kingdom;Western Europe;"Palgrave Macmillan Ltd.";"2007-2026";"Marketing (Q3); Strategy and Management (Q3)";"Business, Management and Accounting"
908;4800153108;"Research in Organizational Change and Development";book series;"08973016";"Emerald Group Publishing Ltd.";No;No;0,278;Q3;23;9;35;711;25;32;0,83;79,00;37,04;0;United Kingdom;Western Europe;"Emerald Group Publishing Ltd.";"1999, 2001, 2003-2004, 2007, 2009-2021, 2025-2026";"Business and International Management (Q3); Organizational Behavior and Human Resource Management (Q3)";"Business, Management and Accounting"
909;21100397309;"Journal of Chinese Economic and Foreign Trade Studies";journal;"17544416, 17544408";"Emerald Publishing";No;No;0,277;Q3;21;8;40;406;41;38;1,28;50,75;26,32;0;United Kingdom;Western Europe;"Emerald Publishing";"2010-2026";"Economics, Econometrics and Finance (miscellaneous) (Q2); Business and International Management (Q3); Organizational Behavior and Human Resource Management (Q3)";"Business, Management and Accounting; Economics, Econometrics and Finance"
910;4700152236;"International Journal of Globalisation and Small Business";journal;"14793059, 14793067";"Inderscience Enterprises Ltd";No;No;0,276;Q3;25;16;46;966;44;44;0,91;60,38;55,17;0;United Kingdom;Western Europe;"Inderscience Enterprises Ltd";"2004-2025";"Business and International Management (Q3); Information Systems and Management (Q3); Management Science and Operations Research (Q3)";"Business, Management and Accounting; Decision Sciences"
911;5400152652;"International Journal of Innovation and Sustainable Development";journal;"17408822, 17408830";"Inderscience Enterprises Ltd";No;No;0,276;Q3;29;25;72;1393;84;71;1,10;55,72;21,31;1;United Kingdom;Western Europe;"Inderscience Enterprises Ltd";"2005-2026";"Management of Technology and Innovation (Q3); Renewable Energy, Sustainability and the Environment (Q3)";"Business, Management and Accounting; Energy"
912;21100825851;"International Journal of Business Performance and Supply Chain Modelling";journal;"17589401, 1758941X";"Inderscience";No;No;0,275;Q3;23;10;46;524;40;46;0,66;52,40;36,36;0;United Kingdom;Western Europe;"Inderscience";"2009-2025";"Business and International Management (Q3); Management Science and Operations Research (Q3); Strategy and Management (Q3)";"Business, Management and Accounting; Decision Sciences"
913;14167;"Journal of Healthcare Management";journal;"19447396, 10969012";"Lippincott Williams and Wilkins";No;No;0,275;Q3;57;72;234;865;135;138;0,44;12,01;34,75;0;United States;Northern America;"Lippincott Williams and Wilkins";"1998-2026";"Health Policy (Q3); Leadership and Management (Q3); Medicine (miscellaneous) (Q3); Strategy and Management (Q3)";"Business, Management and Accounting; Medicine; Nursing"
914;21100327708;"Journal of Intelligence Studies in Business";journal;"2001015X";"Halmstad University";Yes;Yes;0,275;Q3;18;18;56;578;63;45;1,27;32,11;16,13;0;Sweden;Western Europe;"Halmstad University";"2011-2025";"Business, Management and Accounting (miscellaneous) (Q3); Management Science and Operations Research (Q3)";"Business, Management and Accounting; Decision Sciences"
915;21100782865;"Real Estate Management and Valuation";journal;"23005289";"De Gruyter Open Ltd";Yes;No;0,275;Q3;16;40;105;1482;86;105;1,03;37,05;40,58;0;Poland;Eastern Europe;"De Gruyter Open Ltd";"2014-2026";"Economics and Econometrics (Q3); Finance (Q3); Marketing (Q3); Strategy and Management (Q3)";"Business, Management and Accounting; Economics, Econometrics and Finance"
916;5600153635;"Risk Management";journal;"17434637, 14603799";"Palgrave Macmillan Ltd.";No;No;0,275;Q3;28;12;38;584;60;37;1,55;48,67;34,38;2;United Kingdom;Western Europe;"Palgrave Macmillan Ltd.";"1999, 2006, 2009-2026";"Business and International Management (Q3); Economics and Econometrics (Q3); Finance (Q3); Strategy and Management (Q3)";"Business, Management and Accounting; Economics, Econometrics and Finance"
917;21100405571;"Austrian Journal of South-East Asian Studies";journal;"19992521, 1999253X";"Society for South-East Asian Studies";Yes;Yes;0,275;-;0;0;0;0;0;0;0,00;0,00;0,00;0;Austria;Western Europe;"Society for South-East Asian Studies";"2015-2022";"Social Sciences (miscellaneous) (Q2)";"Social Sciences"
918;21100216333;"European Research Studies Journal (discontinued)";journal;"11082976";"University of Piraeus, International Strategic Management Association";No;No;0,274;Q3;41;0;906;0;1096;904;1,24;0,00;0,00;0;Greece;Western Europe;"University of Piraeus, International Strategic Management Association";"2008-2018";"Economics, Econometrics and Finance (miscellaneous) (Q2); Business, Management and Accounting (miscellaneous) (Q3)";"Business, Management and Accounting; Economics, Econometrics and Finance"
919;21100381232;"Social and Environmental Accountability Journal";journal;"0969160X, 21562245";"Routledge";No;No;0,274;Q3;29;18;65;535;67;59;0,98;29,72;65,38;0;United States;Northern America;"Routledge";"1993-2026";"Accounting (Q3)";"Business, Management and Accounting"
920;1000147123;"Business: Theory and Practice";journal;"16480627, 18224202";"Vilnius Gediminas Technical University";Yes;No;0,273;Q3;35;45;88;2298;114;88;1,53;51,07;42,74;3;Lithuania;Eastern Europe;"Vilnius Gediminas Technical University";"2005-2026";"Civil and Structural Engineering (Q3); Strategy and Management (Q3)";"Business, Management and Accounting; Engineering"
921;21100220389;"Geographica Pannonica";journal;"03548724, 18207138";"Department of Geography, Tourism and Hotel Management";Yes;Yes;0,273;Q3;23;35;91;1515;104;91;1,10;43,29;43,33;1;Serbia;Eastern Europe;"Department of Geography, Tourism and Hotel Management";"2010, 2012-2026";"Earth-Surface Processes (Q3); Geography, Planning and Development (Q3); Geology (Q3); Tourism, Leisure and Hospitality Management (Q3); Atmospheric Science (Q4)";"Business, Management and Accounting; Earth and Planetary Sciences; Social Sciences"
922;11700154320;"Journal of Developmental Entrepreneurship";journal;"1793706X, 10849467";"World Scientific";No;No;0,273;Q3;38;31;91;1773;86;79;0,92;57,19;35,19;0;Singapore;Asiatic Region;"World Scientific";"2007-2026";"Business and International Management (Q3); Economics and Econometrics (Q3); Strategy and Management (Q3)";"Business, Management and Accounting; Economics, Econometrics and Finance"
923;17800156738;"Organization Management Journal";journal;"15416518, 27538567";"Emerald Publishing";Yes;Yes;0,273;Q3;28;27;60;1871;50;46;0,41;69,30;38,46;2;United Kingdom;Western Europe;"Emerald Publishing";"2005, 2009-2026";"Business and International Management (Q3); Education (Q3); Organizational Behavior and Human Resource Management (Q3); Strategy and Management (Q3)";"Business, Management and Accounting; Social Sciences"
924;25251;"Business Lawyer";journal;"00076899";"American Bar Association";No;No;0,272;Q3;25;73;189;4477;78;173;0,40;61,33;21,90;0;United States;Northern America;"American Bar Association";"1979, 1995-2012, 2014-2025";"Law (Q2); Organizational Behavior and Human Resource Management (Q3)";"Business, Management and Accounting; Social Sciences"
925;6400153116;"International Journal of Energy Sector Management";journal;"17506220";"Emerald Group Publishing Ltd.";No;No;0,272;Q3;42;62;112;3039;156;106;1,33;49,02;26,28;0;United Kingdom;Western Europe;"Emerald Group Publishing Ltd.";"2007-2026";"Energy (miscellaneous) (Q3); Strategy and Management (Q3)";"Business, Management and Accounting; Energy"
926;7400153103;"Frontiers of Business Research in China";journal;"16737326, 16737431";"Higher Education Press Limited Company";Yes;No;0,271;Q3;27;20;47;1305;53;46;1,15;65,25;43,14;1;Singapore;Asiatic Region;"Higher Education Press Limited Company";"2007-2025";"Business, Management and Accounting (miscellaneous) (Q3); Public Administration (Q3)";"Business, Management and Accounting; Social Sciences"
927;4700152721;"Journal of Teaching in Travel and Tourism";journal;"15313239, 15313220";"Routledge";No;No;0,271;Q3;37;22;67;1192;56;65;0,87;54,18;42,55;0;United States;Northern America;"Routledge";"2001-2026";"Education (Q3); Tourism, Leisure and Hospitality Management (Q3)";"Business, Management and Accounting; Social Sciences"
928;145290;"Bottom Line";journal;"0888045X";"Emerald Group Publishing Ltd.";No;No;0,269;Q3;33;17;63;1340;84;61;1,85;78,82;32,61;0;United Kingdom;Western Europe;"Emerald Group Publishing Ltd.";"1988-2026";"Library and Information Sciences (Q2); Business, Management and Accounting (miscellaneous) (Q3)";"Business, Management and Accounting; Social Sciences"
929;21100774787;"Journal of Financial Regulation and Compliance";journal;"13581988, 17400279";"Emerald Publishing";No;No;0,269;Q3;32;28;78;1253;98;77;1,22;44,75;23,91;0;United Kingdom;Western Europe;"Emerald Publishing";"1996-2026";"Finance (Q3); Strategy and Management (Q3)";"Business, Management and Accounting; Economics, Econometrics and Finance"
930;21100403907;"Journal of Historical Research in Marketing";journal;"17557518, 1755750X";"Emerald Group Publishing Ltd.";No;No;0,269;Q3;24;21;82;1155;37;78;0,53;55,00;48,00;0;United Kingdom;Western Europe;"Emerald Group Publishing Ltd.";"2009-2026";"Marketing (Q3)";"Business, Management and Accounting"
931;4400151404;"International Journal of Learning and Intellectual Capital";journal;"14794861, 14794853";"Inderscience Enterprises Ltd";No;No;0,268;Q3;32;20;66;1264;91;66;1,45;63,20;33,96;0;United Kingdom;Western Europe;"Inderscience Enterprises Ltd";"2004-2025";"Organizational Behavior and Human Resource Management (Q3); Strategy and Management (Q3)";"Business, Management and Accounting"
932;21100446524;"Journal of Entrepreneurship and Public Policy";journal;"20452101, 2045211X";"Emerald Group Publishing Ltd.";No;No;0,268;Q3;25;33;72;2089;68;72;0,77;63,30;32,88;0;United Kingdom;Western Europe;"Emerald Group Publishing Ltd.";"2012-2026";"Urban Studies (Q2); Business and International Management (Q3); Strategy and Management (Q3)";"Business, Management and Accounting; Social Sciences"
933;19700175174;"Academy of Entrepreneurship Journal (discontinued)";journal;"10879595, 15282686";"Allied Academies";No;No;0,267;Q3;25;108;97;4203;153;97;1,64;38,92;38,31;0;United States;Northern America;"Allied Academies";"2009-2021";"Business and International Management (Q3); Economics and Econometrics (Q3); Strategy and Management (Q3)";"Business, Management and Accounting; Economics, Econometrics and Finance"
934;21100200613;"Creative Industries Journal";journal;"17510708, 17510694";"Taylor and Francis Ltd.";No;No;0,267;Q3;20;23;51;773;42;44;0,95;33,61;50,00;3;United Kingdom;Western Europe;"Taylor and Francis Ltd.";"2011-2026";"Cultural Studies (Q1); Visual Arts and Performing Arts (Q1); Communication (Q2); Management of Technology and Innovation (Q3); Strategy and Management (Q3)";"Arts and Humanities; Business, Management and Accounting; Social Sciences"
935;21100305371;"Serbian Journal of Management";journal;"14524864, 22177159";"University of Belgrade";Yes;Yes;0,267;Q3;19;26;71;1168;89;70;1,18;44,92;40,00;0;Serbia;Eastern Europe;"University of Belgrade";"2014-2025";"Business, Management and Accounting (miscellaneous) (Q3)";"Business, Management and Accounting"
936;27676;"Journal of Advanced Manufacturing Systems";journal;"17936896, 02196867";"World Scientific";No;No;0,266;Q3;28;35;71;1217;84;70;1,16;34,77;13,10;0;Singapore;Asiatic Region;"World Scientific";"2004-2026";"Computer Science Applications (Q3); Industrial and Manufacturing Engineering (Q3); Strategy and Management (Q3)";"Business, Management and Accounting; Computer Science; Engineering"
937;28972;"Journal of East-West Business";journal;"10669868, 15286959";"Routledge";No;No;0,266;Q3;24;14;46;1324;45;44;0,87;94,57;38,30;1;United States;Northern America;"Routledge";"1994-2026";"Business and International Management (Q3); Development (Q3); Geography, Planning and Development (Q3)";"Business, Management and Accounting; Social Sciences"
938;21100890619;"Philosophy of Management";journal;"20529597, 17403812";"Springer International Publishing AG";No;No;0,266;Q3;18;23;62;1419;46;51;0,71;61,70;28,00;2;Switzerland;Western Europe;"Springer International Publishing AG";"2002-2005, 2007-2026";"History and Philosophy of Science (Q2); Business and International Management (Q3); Management of Technology and Innovation (Q3); Organizational Behavior and Human Resource Management (Q3); Strategy and Management (Q3)";"Arts and Humanities; Business, Management and Accounting"
939;21100843497;"Accounting, Economics and Law: A Convivium";journal;"21522820";"Walter de Gruyter GmbH";Yes;No;0,265;Q3;23;16;65;680;29;63;0,49;42,50;22,22;0;Germany;Western Europe;"Walter de Gruyter GmbH";"2011-2026";"Economics, Econometrics and Finance (miscellaneous) (Q2); Law (Q2); Accounting (Q3)";"Business, Management and Accounting; Economics, Econometrics and Finance; Social Sciences"
940;17700156749;"Intangible Capital";journal;"20143214, 16979818";"OmniaScience";Yes;No;0,265;Q3;27;14;122;662;137;121;0,96;47,29;51,43;1;Spain;Western Europe;"OmniaScience";"2009-2025";"Accounting (Q3); Business and International Management (Q3); Education (Q3); Management of Technology and Innovation (Q3); Organizational Behavior and Human Resource Management (Q3); Strategy and Management (Q3)";"Business, Management and Accounting; Social Sciences"
941;21100899300;"Journal of Accounting in Emerging Economies";journal;"20421168, 20421176";"Emerald Group Publishing Ltd.";No;No;0,265;Q3;37;25;69;2157;162;69;2,13;86,28;23,64;0;United Kingdom;Western Europe;"Emerald Group Publishing Ltd.";"2015-2026";"Sociology and Political Science (Q2); Accounting (Q3); Development (Q3)";"Business, Management and Accounting; Social Sciences"
942;21100396322;"International Journal of Trade and Global Markets";journal;"1742755X, 17427541";"Inderscience";No;No;0,264;Q3;19;28;84;1013;79;82;0,89;36,18;40,58;0;Switzerland;Western Europe;"Inderscience";"2014-2025";"Economics, Econometrics and Finance (miscellaneous) (Q2); Business and International Management (Q3)";"Business, Management and Accounting; Economics, Econometrics and Finance"
943;21100464774;"Journal of Operational Risk";journal;"17446740, 17552710";"Incisive Media Ltd.";No;No;0,264;Q3;15;16;48;572;37;48;0,42;35,75;42,86;0;United Kingdom;Western Europe;"Incisive Media Ltd.";"2011-2025";"Business and International Management (Q3); Economics and Econometrics (Q3); Finance (Q3)";"Business, Management and Accounting; Economics, Econometrics and Finance"
944;19700182210;"Library Leadership and Management";journal;"19458851, 1945886X";"American Library Association";No;No;0,264;Q3;15;27;88;454;33;74;0,40;16,81;57,14;1;United States;Northern America;"American Library Association";"2009-2026";"Library and Information Sciences (Q2); Strategy and Management (Q3)";"Business, Management and Accounting; Social Sciences"
945;21774;"Managerial and Decision Economics";journal;"10991468, 01436570";"John Wiley and Sons Ltd";No;No;0,264;Q3;71;84;218;3924;161;216;0,63;46,71;27,81;5;United Kingdom;Western Europe;"John Wiley and Sons Ltd";"1980-2026";"Business and International Management (Q3); Management of Technology and Innovation (Q3); Management Science and Operations Research (Q3); Strategy and Management (Q3)";"Business, Management and Accounting; Decision Sciences"
946;4700153003;"International Journal of Work Organisation and Emotion";journal;"17408946, 17408938";"Inderscience Enterprises Ltd";No;No;0,263;Q3;22;21;65;1174;38;64;0,59;55,90;36,00;0;United Kingdom;Western Europe;"Inderscience Enterprises Ltd";"2005-2025";"Organizational Behavior and Human Resource Management (Q3)";"Business, Management and Accounting"
947;145201;"Journal of Industry, Competition and Trade";journal;"15661679, 15737012";"Springer";No;No;0,263;Q3;33;30;74;1373;53;74;0,66;45,77;23,53;4;United States;Northern America;"Springer";"2004-2026";"Industrial Relations (Q3)";"Business, Management and Accounting"
948;21100823284;"Management Research";journal;"15365433, 15580946";"Emerald Group Publishing Ltd.";No;No;0,263;Q3;28;26;74;1557;48;66;0,41;59,88;39,39;0;United Kingdom;Western Europe;"Emerald Group Publishing Ltd.";"2003-2026";"Business and International Management (Q3); Strategy and Management (Q3)";"Business, Management and Accounting"
949;21100784361;"2016 IEEE Conference on Control Applications, CCA 2016";conference and proceedings;"-";"";No;No;0,262;-;13;0;138;0;131;137;0,00;0,00;0,00;0;United States;Northern America;"";"";"Management of Technology and Innovation; Software";"Business, Management and Accounting; Computer Science"
950;21100456695;"Proceedings - 2015 30th IEEE/ACM International Conference on Automated Software Engineering Workshops, ASEW 2015";conference and proceedings;"-";"";No;No;0,262;-;8;0;26;0;25;22;0,00;0,00;0,00;0;United States;Northern America;"";"";"Automotive Engineering; Electrical and Electronic Engineering; Energy Engineering and Power Technology";"Energy; Engineering"
951;23201;"Food Science and Technology Research";journal;"13446606";"Japanese Society for Food Science and Technology";No;No;0,261;Q3;57;103;327;3266;236;327;0,63;31,71;35,43;1;Switzerland;Western Europe;"Japanese Society for Food Science and Technology";"1999-2026";"Biotechnology (Q3); Chemical Engineering (miscellaneous) (Q3); Food Science (Q3); Industrial and Manufacturing Engineering (Q3); Marketing (Q3)";"Agricultural and Biological Sciences; Biochemistry, Genetics and Molecular Biology; Business, Management and Accounting; Chemical Engineering; Engineering"
952;21100229117;"Journal for Advancement of Marketing Education";journal;"15375137, 23263296";"Marketing Management Association";No;No;0,261;Q3;12;8;29;328;5;27;0,10;41,00;64,71;0;United States;Northern America;"Marketing Management Association";"2012-2024";"Education (Q3); Marketing (Q3)";"Business, Management and Accounting; Social Sciences"
953;14500154708;"Statistical Journal of the IAOS";journal;"18747655";"SAGE Publications Ltd";No;No;0,261;Q3;25;68;263;1821;81;197;0,24;26,78;34,71;0;United Kingdom;Western Europe;"SAGE Publications Ltd";"2007-2009, 2011-2026";"Economics and Econometrics (Q3); Management Information Systems (Q3); Statistics, Probability and Uncertainty (Q3)";"Business, Management and Accounting; Decision Sciences; Economics, Econometrics and Finance"
954;21100198214;"International Journal of Applied Management Science";journal;"17558913, 17558921";"Inderscience";No;No;0,260;Q3;19;21;53;844;47;52;1,06;40,19;34,09;0;Switzerland;Western Europe;"Inderscience";"2008-2026";"Strategy and Management (Q3)";"Business, Management and Accounting"
955;16056;"International Journal of Biotechnology";journal;"17415020, 09636048";"Inderscience Enterprises Ltd";No;No;0,260;Q3;22;0;8;0;7;8;0,25;0,00;0,00;0;United Kingdom;Western Europe;"Inderscience Enterprises Ltd";"1999-2017, 2023, 2025";"Bioengineering (Q3); Management of Technology and Innovation (Q3)";"Business, Management and Accounting; Chemical Engineering"
956;17500155101;"Lecture Notes in Business Information Processing";book series;"18651356, 18651348";"Springer Science and Business Media Deutschland GmbH";No;No;0,260;Q3;69;893;2003;21865;1678;1731;0,85;24,48;28,04;13;Germany;Western Europe;"Springer Science and Business Media Deutschland GmbH";"2008-2026";"Business and International Management (Q3); Control and Systems Engineering (Q3); Information Systems (Q3); Information Systems and Management (Q3); Management Information Systems (Q3); Modeling and Simulation (Q3)";"Business, Management and Accounting; Computer Science; Decision Sciences; Engineering; Mathematics"
957;19900191851;"South East European Journal of Economics and Business";journal;"1840118X";"School of Economics and Business in Sarajevo";Yes;No;0,260;Q3;21;18;47;982;58;47;0,89;54,56;56,52;4;Bosnia and Herzegovina;Eastern Europe;"School of Economics and Business in Sarajevo";"2007-2025";"Economics, Econometrics and Finance (miscellaneous) (Q2); Business, Management and Accounting (miscellaneous) (Q3)";"Business, Management and Accounting; Economics, Econometrics and Finance"
958;19700201168;"Action Learning: Research and Practice";journal;"14767341, 14767333";"Taylor and Francis Ltd.";No;No;0,258;Q3;16;30;85;546;38;62;0,40;18,20;50,00;0;United Kingdom;Western Europe;"Taylor and Francis Ltd.";"2010-2026";"Business, Management and Accounting (miscellaneous) (Q3); Education (Q3)";"Business, Management and Accounting; Social Sciences"
959;21100907391;"Australian Journal of Career Development";journal;"22006974, 10384162";"SAGE Publications Ltd";No;No;0,258;Q3;24;22;48;1139;51;47;0,88;51,77;46,81;4;United Kingdom;Western Europe;"SAGE Publications Ltd";"2012-2025";"Education (Q3); Organizational Behavior and Human Resource Management (Q3)";"Business, Management and Accounting; Social Sciences"
960;21100887424;"Electronic Journal of Knowledge Management";journal;"14794411";"Academic Conferences and Publishing International Limited";Yes;No;0,258;Q3;15;12;13;752;16;12;1,23;62,67;44,00;0;United Kingdom;Western Europe;"Academic Conferences and Publishing International Limited";"2018-2026";"Computer Networks and Communications (Q3); Computer Science Applications (Q3); Management Information Systems (Q3); Management of Technology and Innovation (Q3)";"Business, Management and Accounting; Computer Science"
961;21100307471;"International Journal of Innovation and Technology Management";journal;"17936950, 02198770";"World Scientific";No;No;0,258;Q3;35;68;147;4657;145;143;1,19;68,49;27,04;0;Singapore;Asiatic Region;"World Scientific";"2004-2026";"Management of Technology and Innovation (Q3)";"Business, Management and Accounting"
962;21100246540;"International Journal of Technology Management and Sustainable Development";journal;"14742748, 20400551";"Intellect Ltd.";No;No;0,258;Q3;17;16;47;697;25;45;0,61;43,56;26,67;0;United Kingdom;Western Europe;"Intellect Ltd.";"2013-2025";"Geography, Planning and Development (Q3); Management, Monitoring, Policy and Law (Q3); Management of Technology and Innovation (Q3)";"Business, Management and Accounting; Environmental Science; Social Sciences"
963;19700173245;"Journal of Legal, Ethical and Regulatory Issues (discontinued)";journal;"15440036, 15440044";"Allied Business Academies";Yes;No;0,258;Q3;23;206;195;4265;139;195;0,78;20,70;44,00;0;United States;Northern America;"Allied Business Academies";"2009-2021";"Law (Q2); Sociology and Political Science (Q2); Business and International Management (Q3); Economics and Econometrics (Q3); Strategy and Management (Q3)";"Business, Management and Accounting; Economics, Econometrics and Finance; Social Sciences"
964;12753;"International Game Theory Review";journal;"02191989, 17936675";"World Scientific";No;No;0,257;Q3;28;24;76;486;54;75;0,70;20,25;16,28;0;Singapore;Asiatic Region;"World Scientific";"1999, 2003-2026";"Business and International Management (Q3); Computer Science (miscellaneous) (Q3); Statistics, Probability and Uncertainty (Q3)";"Business, Management and Accounting; Computer Science; Decision Sciences"
965;15972;"Industria Textila";journal;"12225347";"Institute National Cercetare-Dezvoltare Textiles Pielarie";No;No;0,256;Q3;22;89;217;1857;167;217;0,77;20,87;45,27;0;Romania;Eastern Europe;"Institute National Cercetare-Dezvoltare Textiles Pielarie";"1994-2025";"Business, Management and Accounting (miscellaneous) (Q3); Environmental Science (miscellaneous) (Q3); Materials Science (miscellaneous) (Q3); Polymers and Plastics (Q3)";"Business, Management and Accounting; Environmental Science; Materials Science"
966;21100794600;"Managing Sport and Leisure";journal;"23750480, 23750472";"Taylor and Francis Ltd.";No;No;0,255;Q3;50;27;76;1728;65;72;0,49;64,00;33,85;4;United Kingdom;Western Europe;"Taylor and Francis Ltd.";"2015-2026";"Tourism, Leisure and Hospitality Management (Q3)";"Business, Management and Accounting"
967;21100894851;"International Journal of Supply and Operations Management";journal;"23831359, 23832525";"Kharazmi University";Yes;No;0,254;Q3;16;28;28;975;33;28;1,18;34,82;22,22;0;Iran;Middle East;"Kharazmi University";"2018-2025";"Civil and Structural Engineering (Q3); Information Systems and Management (Q3); Management Information Systems (Q3); Transportation (Q3); Management Science and Operations Research (Q4)";"Business, Management and Accounting; Decision Sciences; Engineering; Social Sciences"
968;17300154913;"Performance Improvement Quarterly";journal;"19378327, 08985952";"International Society for Performance Improvement";No;No;0,254;Q3;29;22;62;996;60;49;1,10;45,27;56,10;2;United States;Northern America;"International Society for Performance Improvement";"1988-1995, 2009-2022";"Education (Q3); Organizational Behavior and Human Resource Management (Q3)";"Business, Management and Accounting; Social Sciences"
969;19700190320;"SPE Economics and Management";journal;"21501173";"Society of Petroleum Engineers (SPE)";No;No;0,254;Q3;21;0;23;0;38;23;1,31;0,00;0,00;0;United States;Northern America;"Society of Petroleum Engineers (SPE)";"2009-2017";"Business, Management and Accounting (miscellaneous) (Q3); Energy (miscellaneous) (Q3)";"Business, Management and Accounting; Energy"
970;21100890157;"Journal of Wine Economics";journal;"1931437X, 19314361";"Cambridge University Press";No;No;0,253;Q3;17;28;29;704;41;26;1,41;25,14;16,36;5;United Kingdom;Western Europe;"Cambridge University Press";"2007, 2018-2026";"Business, Management and Accounting (miscellaneous) (Q3); Food Science (Q3); Horticulture (Q3)";"Agricultural and Biological Sciences; Business, Management and Accounting"
971;21100285029;"International Journal of Information and Decision Sciences";journal;"17567017, 17567025";"Inderscience";No;No;0,252;Q3;19;19;62;678;47;56;0,46;35,68;26,00;0;Switzerland;Western Europe;"Inderscience";"2008-2025";"Computer Science Applications (Q3); Information Systems and Management (Q3); Management of Technology and Innovation (Q3); Strategy and Management (Q3)";"Business, Management and Accounting; Computer Science; Decision Sciences"
972;21100466891;"International Journal of Health Governance";journal;"2059464X, 20594631";"Emerald Publishing";No;No;0,251;Q3;34;29;90;1092;59;81;0,58;37,66;46,27;0;United Kingdom;Western Europe;"Emerald Publishing";"2016-2026";"Business, Management and Accounting (miscellaneous) (Q3); Health Policy (Q3); Public Health, Environmental and Occupational Health (Q3); Strategy and Management (Q3); Paleontology (Q4)";"Business, Management and Accounting; Earth and Planetary Sciences; Medicine"
973;19300156920;"International Journal of Sport Finance";journal;"15586235, 1930076X";"SAGE Publications Ltd";No;No;0,251;Q3;35;18;64;932;42;60;0,55;51,78;20,93;0;United Kingdom;Western Europe;"SAGE Publications Ltd";"2008-2024";"Business and International Management (Q3); Finance (Q3); Marketing (Q3); Sports Science (Q4)";"Business, Management and Accounting; Economics, Econometrics and Finance; Health Professions"
974;21100456788;"International Journal on Food System Dynamics";journal;"18696945";"CentMa GmbH";Yes;Yes;0,250;Q3;23;29;88;1399;89;87;1,10;48,24;43,21;4;Germany;Western Europe;"CentMa GmbH";"2010-2025";"Economics, Econometrics and Finance (miscellaneous) (Q2); Business and International Management (Q3); Environmental Science (miscellaneous) (Q3); Food Science (Q3); Geography, Planning and Development (Q3); Transportation (Q3); Management Science and Operations Research (Q4)";"Agricultural and Biological Sciences; Business, Management and Accounting; Decision Sciences; Economics, Econometrics and Finance; Environmental Science; Social Sciences"
975;21100268418;"Quality Management Journal";journal;"10686967";"Taylor and Francis Ltd.";No;No;0,250;Q3;25;16;51;741;52;39;0,91;46,31;20,00;1;United States;Northern America;"Taylor and Francis Ltd.";"1994-1995, 1997, 2013-2026";"Business, Management and Accounting (miscellaneous) (Q3)";"Business, Management and Accounting"
976;3300147704;"Services Marketing Quarterly";journal;"15332977, 15332969";"Taylor and Francis Ltd.";No;No;0,249;Q3;40;19;62;916;47;62;0,64;48,21;51,28;0;United Kingdom;Western Europe;"Taylor and Francis Ltd.";"2001-2026";"Business, Management and Accounting (miscellaneous) (Q3)";"Business, Management and Accounting"
977;21100777369;"Managerial Finance";journal;"03074358, 17587743";"Emerald Publishing";No;No;0,248;Q3;56;94;244;4302;219;237;0,78;45,77;26,73;0;United Kingdom;Western Europe;"Emerald Publishing";"1996-2026";"Business, Management and Accounting (miscellaneous) (Q3); Finance (Q3); Strategy and Management (Q3)";"Business, Management and Accounting; Economics, Econometrics and Finance"
978;21100901572;"UCJC Business and Society Review";journal;"26593270";"Universia Holding";Yes;Yes;0,248;Q3;18;16;51;495;42;51;0,39;30,94;38,10;0;Spain;Western Europe;"Universia Holding";"2018-2025";"Business, Management and Accounting (miscellaneous) (Q3); Economics and Econometrics (Q3); Finance (Q3)";"Business, Management and Accounting; Economics, Econometrics and Finance"
979;21100776061;"ACM SIGGRAPH 2016 VR Village, SIGGRAPH 2016";conference and proceedings;"-";"";No;No;0,248;-;7;0;18;0;27;17;0,00;0,00;0,00;0;United States;Northern America;"";"";"Chemical Engineering (miscellaneous); Engineering (miscellaneous); Management of Technology and Innovation";"Business, Management and Accounting; Chemical Engineering; Engineering"
980;21100858510;"International Journal of Business Analytics";journal;"23344555, 23344547";"IGI Global Publishing";No;No;0,247;Q3;14;20;54;793;40;54;0,59;39,65;32,61;0;United States;Northern America;"IGI Global Publishing";"2014-2025";"Business and International Management (Q3); Strategy and Management (Q3)";"Business, Management and Accounting"
981;17500155121;"International Journal of Electronic Customer Relationship Management";journal;"17500664, 17500672";"Inderscience Enterprises Ltd";No;No;0,247;Q3;19;10;34;644;54;34;2,30;64,40;33,33;0;United Kingdom;Western Europe;"Inderscience Enterprises Ltd";"2007-2025";"Business, Management and Accounting (miscellaneous) (Q3)";"Business, Management and Accounting"
982;21100775935;"2016 1st International Workshop on Science of Smart City Operations and Platforms Engineering (SCOPE) in Partnership with Global City Teams Challenge (GCTC), SCOPE - GCTC 2016";conference and proceedings;"-";"";No;No;0,247;-;5;0;8;0;17;7;0,00;0,00;0,00;0;United States;Northern America;"";"";"Computer Networks and Communications; Hardware and Architecture; Safety, Risk, Reliability and Quality; Software";"Computer Science; Engineering"
983;21100896466;"International Journal of Service Science, Management, Engineering, and Technology";journal;"19479603, 1947959X";"IGI Global Publishing";No;No;0,245;Q3;22;19;46;893;105;46;2,28;47,00;44,83;0;United States;Northern America;"IGI Global Publishing";"2012, 2014-2015, 2017-2026";"Engineering (miscellaneous) (Q2); Multidisciplinary (Q2); Business, Management and Accounting (miscellaneous) (Q3); Computer Science (miscellaneous) (Q3)";"Business, Management and Accounting; Computer Science; Engineering; Multidisciplinary"
984;19600162203;"Journal of East European Management Studies";journal;"09496181, 18620019";"Nomos Verlagsgesellschaft mbH und Co KG";No;No;0,245;Q3;26;41;85;2388;68;74;0,75;58,24;51,55;0;Germany;Western Europe;"Nomos Verlagsgesellschaft mbH und Co KG";"1996-2001, 2004-2024";"Business and International Management (Q3); Industrial Relations (Q3); Management, Monitoring, Policy and Law (Q3); Strategy and Management (Q3)";"Business, Management and Accounting; Environmental Science"
985;22917;"Journal of Empirical Generalisations in Marketing Science";journal;"13264443";"University of South Australia";Yes;No;0,245;Q3;13;1;3;30;1;3;0,50;30,00;0,00;0;Australia;Pacific Region;"University of South Australia";"1996-2003, 2005-2007, 2009-2010, 2013-2014, 2016-2023, 2025";"Marketing (Q3)";"Business, Management and Accounting"
986;21100787105;"Journal of Environmental Accounting and Management";journal;"23256206, 23256192";"L and H Scientific Publishing, LLC";No;No;0,245;Q3;18;30;89;1359;69;89;0,87;45,30;35,56;0;United States;Northern America;"L and H Scientific Publishing, LLC";"2013-2025";"Urban Studies (Q2); Accounting (Q3); Ecology (Q3); Management, Monitoring, Policy and Law (Q3); Strategy and Management (Q3); Ecological Modeling (Q4)";"Business, Management and Accounting; Environmental Science; Social Sciences"
987;17700156753;"Journal of Financial Services Marketing";journal;"14791846, 13630539";"Palgrave Macmillan Ltd.";No;No;0,244;Q3;38;8;72;450;57;64;0,73;56,25;26,67;1;United Kingdom;Western Europe;"Palgrave Macmillan Ltd.";"2004, 2009-2026";"Finance (Q3); Marketing (Q3)";"Business, Management and Accounting; Economics, Econometrics and Finance"
988;28419;"Intereconomics";journal;"1613964X, 00205346";"Sciendo";Yes;Yes;0,243;Q3;36;71;206;368;119;142;0,49;5,18;33,33;42;Poland;Eastern Europe;"Sciendo";"1966-2025";"Economics, Econometrics and Finance (miscellaneous) (Q2); Business, Management and Accounting (miscellaneous) (Q3)";"Business, Management and Accounting; Economics, Econometrics and Finance"
989;21100455906;"2015 IEEE Signal Processing in Medicine and Biology Symposium - Proceedings";conference and proceedings;"-";"";No;No;0,243;-;9;0;40;0;44;39;0,00;0,00;0,00;0;United States;Northern America;"";"";"Computer Networks and Communications; Management of Technology and Innovation; Media Technology; Safety, Risk, Reliability and Quality";"Business, Management and Accounting; Computer Science; Engineering"
990;15089;"Finance a Uver - Czech Journal of Economics and Finance";journal;"00151920";"Faculty of Social Sciences, Charles University";Yes;No;0,242;Q3;25;24;76;1083;67;72;0,76;45,13;29,79;0;Czech Republic;Eastern Europe;"Faculty of Social Sciences, Charles University";"1996-2025";"Accounting (Q3); Economics and Econometrics (Q3); Finance (Q3)";"Business, Management and Accounting; Economics, Econometrics and Finance"
991;100147348;"Howard Journal of Communications";journal;"10964649, 10646175";"Taylor and Francis Ltd.";No;No;0,242;Q3;44;31;79;1560;64;73;0,76;50,32;50,00;1;United Kingdom;Western Europe;"Taylor and Francis Ltd.";"1988-2026";"Communication (Q3); Strategy and Management (Q3)";"Business, Management and Accounting; Social Sciences"
992;21100836293;"International Journal of Religious Tourism and Pilgrimage";journal;"20097379";"Dublin Institute of Technology";Yes;Yes;0,242;Q3;20;50;56;1654;50;56;0,89;33,08;42,68;0;Ireland;Western Europe;"Dublin Institute of Technology";"2017-2025";"Religious Studies (Q1); Tourism, Leisure and Hospitality Management (Q3)";"Arts and Humanities; Business, Management and Accounting"
993;17700156756;"Journal of Asset Management";journal;"14708272, 1479179X";"Palgrave Macmillan Ltd.";No;No;0,242;Q3;28;42;118;1259;73;114;0,69;29,98;16,30;4;United Kingdom;Western Europe;"Palgrave Macmillan Ltd.";"2009-2026";"Business and International Management (Q3); Information Systems and Management (Q3); Strategy and Management (Q3)";"Business, Management and Accounting; Decision Sciences"
994;5600152903;"Labor Studies Journal";journal;"0160449X, 15389758";"SAGE Publications Inc.";No;No;0,242;Q3;30;22;71;896;36;45;0,42;40,73;37,14;0;United States;Northern America;"SAGE Publications Inc.";"1996-2026";"Arts and Humanities (miscellaneous) (Q2); Industrial Relations (Q3); Sociology and Political Science (Q3)";"Arts and Humanities; Business, Management and Accounting; Social Sciences"
995;12100154510;"International Journal of Enterprise Information Systems";journal;"15481115, 15481123";"IGI Publishing";No;No;0,239;Q3;32;22;71;1246;80;71;1,29;56,64;28,57;0;United States;Northern America;"IGI Publishing";"2005-2023, 2025-2026";"Computer Science Applications (Q3); Information Systems and Management (Q3); Management Information Systems (Q3)";"Business, Management and Accounting; Computer Science; Decision Sciences"
996;20224;"Prometheus: Critical Studies in Innovation";journal;"08109028, 14701030";"Pluto Journals";Yes;Yes;0,239;-;31;0;39;0;35;25;0,84;0,00;0,00;0;United Kingdom;Western Europe;"Pluto Journals";"1983-2017, 2020-2025";"Earth-Surface Processes (Q3); Geography, Planning and Development (Q3)";"Earth and Planetary Sciences; Social Sciences"
997;4400151407;"International Journal of Business Governance and Ethics";journal;"1741802X, 14779048";"Inderscience Enterprises Ltd";No;No;0,238;Q3;23;9;43;714;27;43;0,56;79,33;47,83;0;United Kingdom;Western Europe;"Inderscience Enterprises Ltd";"2004-2026";"Business and International Management (Q3); Organizational Behavior and Human Resource Management (Q3); Strategy and Management (Q3)";"Business, Management and Accounting"
998;4000149502;"International Journal of Product Development";journal;"14779056, 17418178";"Inderscience Enterprises Ltd";No;No;0,238;Q3;34;19;46;962;33;46;0,88;50,63;26,67;0;United Kingdom;Western Europe;"Inderscience Enterprises Ltd";"2004-2025";"Business and International Management (Q3); Economics and Econometrics (Q3); Management of Technology and Innovation (Q3); Strategy and Management (Q3)";"Business, Management and Accounting; Economics, Econometrics and Finance"
999;21100821131;"Review of Behavioral Finance";journal;"19405987, 19405979";"Emerald Group Publishing Ltd.";No;No;0,238;Q3;31;25;46;1284;33;45;0,75;51,36;16,67;0;United Kingdom;Western Europe;"Emerald Group Publishing Ltd.";"2009-2026";"Accounting (Q3); Finance (Q3); Strategy and Management (Q3)";"Business, Management and Accounting; Economics, Econometrics and Finance"
1000;17700156757;"Journal of Direct, Data and Digital Marketing Practice";journal;"17460166, 17460174";"Palgrave Macmillan Ltd.";No;No;0,237;Q3;25;0;17;0;17;15;0,00;0,00;0,00;0;United Kingdom;Western Europe;"Palgrave Macmillan Ltd.";"2008-2016";"Business and International Management (Q3); Management of Technology and Innovation (Q3); Marketing (Q3)";"Business, Management and Accounting"
1001;5700164072;"Travail et Emploi";journal;"1775416X, 02244365";"Dares";No;No;0,237;Q3;12;26;62;1148;37;60;0,47;44,15;47,22;7;France;Western Europe;"Dares";"2008-2022, 2024-2025";"Economics, Econometrics and Finance (miscellaneous) (Q3); Organizational Behavior and Human Resource Management (Q3); Strategy and Management (Q3)";"Business, Management and Accounting; Economics, Econometrics and Finance"
1002;21100790098;"2016 IEEE High Performance Extreme Computing Conference, HPEC 2016";conference and proceedings;"-";"";No;No;0,237;-;17;0;73;0;133;72;0,00;0,00;0,00;0;United States;Northern America;"";"";"Industrial and Manufacturing Engineering; Strategy and Management";"Business, Management and Accounting; Engineering"
1003;21100899296;"Innovative Marketing";journal;"18142427, 18166326";"LLC CPC Business Perspectives";Yes;No;0,236;Q3;28;34;53;1369;36;53;0,83;40,26;50,00;0;Ukraine;Eastern Europe;"LLC CPC Business Perspectives";"2005-2026";"Economics, Econometrics and Finance (miscellaneous) (Q3); Management of Technology and Innovation (Q3); Marketing (Q3)";"Business, Management and Accounting; Economics, Econometrics and Finance"
1004;21100896940;"Intellectual Economics";journal;"18228038, 18228011";"Mykolo Romerio Universitetas";Yes;No;0,236;Q3;14;18;4;394;22;4;5,50;21,89;64,00;0;Lithuania;Eastern Europe;"Mykolo Romerio Universitetas";"2018-2025";"Philosophy (Q2); Economics, Econometrics and Finance (miscellaneous) (Q3); Management of Technology and Innovation (Q3); Organizational Behavior and Human Resource Management (Q3); Sociology and Political Science (Q3)";"Arts and Humanities; Business, Management and Accounting; Economics, Econometrics and Finance; Social Sciences"
1005;17700156758;"International Journal of Disclosure and Governance";journal;"17413591, 17466539";"Palgrave Macmillan Ltd.";No;No;0,236;Q3;31;15;58;1008;58;58;0,87;67,20;37,50;1;United Kingdom;Western Europe;"Palgrave Macmillan Ltd.";"2009-2026";"Accounting (Q3); Business and International Management (Q3); Economics and Econometrics (Q3); Finance (Q3); Strategy and Management (Q3)";"Business, Management and Accounting; Economics, Econometrics and Finance"
1006;21100775631;"IZA Journal of European Labor Studies";journal;"21939012";"SpringerOpen";Yes;No;0,236;Q3;21;0;23;0;24;23;0,50;0,00;0,00;0;United Kingdom;Western Europe;"SpringerOpen";"2012-2017";"Economics and Econometrics (Q3); Industrial Relations (Q3); Organizational Behavior and Human Resource Management (Q3)";"Business, Management and Accounting; Economics, Econometrics and Finance"
1007;21100775078;"Qualitative Research in Financial Markets";journal;"17554187, 17554179";"Emerald Publishing";No;No;0,236;-;40;24;59;1480;66;59;1,00;61,67;36,00;0;United Kingdom;Western Europe;"Emerald Publishing";"2009-2026";"Economics and Econometrics (Q3); Finance (Q3)";"Economics, Econometrics and Finance"
1008;21100199337;"Asian Academy of Management Journal";journal;"21804184, 13942603";"Penerbit Universiti Sains Malaysia";Yes;No;0,235;Q3;24;38;59;1864;71;59;1,56;49,05;43,12;2;Malaysia;Asiatic Region;"Penerbit Universiti Sains Malaysia";"2011-2025";"Business, Management and Accounting (miscellaneous) (Q3)";"Business, Management and Accounting"
1009;21100465099;"Proceedings - 9th International Workshop on Cooperative and Human Aspects of Software Engineering, CHASE 2016";conference and proceedings;"-";"";No;No;0,235;-;10;0;27;0;31;25;0,00;0,00;0,00;0;United States;Northern America;"";"";"Computer Science Applications; Education; Human-Computer Interaction";"Computer Science; Social Sciences"
1010;4700152803;"Journal of Business-to-Business Marketing";journal;"15470628, 1051712X";"Routledge";No;No;0,234;Q3;40;23;53;1467;54;53;0,60;63,78;35,09;0;United States;Northern America;"Routledge";"1992-2026";"Management Information Systems (Q3); Marketing (Q3)";"Business, Management and Accounting"
1011;21100886347;"Risks";journal;"22279091";"Multidisciplinary Digital Publishing Institute (MDPI)";Yes;No;0,234;Q3;45;119;256;4249;238;254;0,82;35,71;23,94;8;Switzerland;Western Europe;"Multidisciplinary Digital Publishing Institute (MDPI)";"2013-2026";"Accounting (Q3); Economics, Econometrics and Finance (miscellaneous) (Q3); Strategy and Management (Q3)";"Business, Management and Accounting; Economics, Econometrics and Finance"
1012;21100894743;"Asian Economic and Financial Review";journal;"23052147, 22226737";"Asian Economic and Social Society";Yes;No;0,233;Q3;24;96;102;3873;230;102;2,25;40,34;34,27;5;Pakistan;Asiatic Region;"Asian Economic and Social Society";"2018-2026";"Business, Management and Accounting (miscellaneous) (Q3); Development (Q3); Economics, Econometrics and Finance (miscellaneous) (Q3)";"Business, Management and Accounting; Economics, Econometrics and Finance; Social Sciences"
1013;23585;"Journal of Real Estate Portfolio Management";journal;"10835547";"Taylor and Francis Ltd.";No;No;0,233;Q3;24;6;35;257;23;34;0,71;42,83;12,50;0;United Kingdom;Western Europe;"Taylor and Francis Ltd.";"2000, 2003-2021, 2023-2026";"Economics, Econometrics and Finance (miscellaneous) (Q3); Management Information Systems (Q3)";"Business, Management and Accounting; Economics, Econometrics and Finance"
1014;16523;"Tourism";journal;"18491545, 13327461";"Institute for Tourism";Yes;No;0,233;Q3;35;34;97;1544;113;97;0,98;45,41;34,78;0;Croatia;Eastern Europe;"Institute for Tourism";"2002-2025";"Tourism, Leisure and Hospitality Management (Q3)";"Business, Management and Accounting"
1015;22476;"Informacion Tecnologica (discontinued)";journal;"07180764, 07168756";"Centro de Informacion Tecnologica";Yes;No;0,232;Q3;23;193;420;5945;277;407;0,73;30,80;30,72;0;Chile;Latin America;"Centro de Informacion Tecnologica";"1996-2021";"Multidisciplinary (Q2); Agricultural and Biological Sciences (miscellaneous) (Q3); Business, Management and Accounting (miscellaneous) (Q3); Chemical Engineering (miscellaneous) (Q3); Chemistry (miscellaneous) (Q3); Computer Science Applications (Q3); Computer Science (miscellaneous) (Q3); Energy (miscellaneous) (Q3); Food Science (Q3); Geotechnical Engineering and Engineering Geology (Q3); Industrial and Manufacturing Engineering (Q3); Materials Science (miscellaneous) (Q3); Strategy and Management (Q3)";"Agricultural and Biological Sciences; Business, Management and Accounting; Chemical Engineering; Chemistry; Computer Science; Earth and Planetary Sciences; Energy; Engineering; Materials Science; Multidisciplinary"
1016;6100152807;"International Journal of Value Chain Management";journal;"17415365, 17415357";"Inderscience Enterprises Ltd";No;No;0,232;Q3;20;17;53;943;52;52;1,14;55,47;29,73;1;United Kingdom;Western Europe;"Inderscience Enterprises Ltd";"2006-2014, 2016-2025";"Computer Science Applications (Q3); Information Systems (Q3); Strategy and Management (Q3)";"Business, Management and Accounting; Computer Science"
1017;21100892908;"PSL Quarterly Review";journal;"20373643, 20373635";"Economia Civile";Yes;Yes;0,232;Q3;11;20;20;895;11;20;0,55;44,75;23,33;0;Italy;Western Europe;"Economia Civile";"2018-2025";"Law (Q2); Business, Management and Accounting (miscellaneous) (Q3); Economics and Econometrics (Q3)";"Business, Management and Accounting; Economics, Econometrics and Finance; Social Sciences"
1018;21100286463;"Geojournal of Tourism and Geosites";journal;"20651198, 20650817";"Editura Universitatii din Oradea";Yes;No;0,232;-;32;90;141;4214;198;141;1,49;46,82;45,28;1;Romania;Eastern Europe;"Editura Universitatii din Oradea";"2013-2026";"Earth and Planetary Sciences (miscellaneous) (Q3); Geography, Planning and Development (Q3)";"Earth and Planetary Sciences; Social Sciences"
1019;21100199108;"Contemporary Economics";journal;"23008814, 20840845";"VIZJA University";Yes;No;0,231;Q3;27;34;98;1770;202;95;2,46;52,06;31,82;1;Poland;Eastern Europe;"VIZJA University";"2011-2025";"Accounting (Q3); Business and International Management (Q3); Business, Management and Accounting (miscellaneous) (Q3); Economics, Econometrics and Finance (miscellaneous) (Q3); Finance (Q3); Social Sciences (miscellaneous) (Q3)";"Business, Management and Accounting; Economics, Econometrics and Finance; Social Sciences"
1020;19600166406;"European Business Organization Law Review";journal;"17416205, 15667529";"Springer International Publishing AG";No;No;0,231;Q3;37;30;80;1842;72;78;0,93;61,40;18,18;14;Switzerland;Western Europe;"Springer International Publishing AG";"2000-2026";"Law (Q2); Political Science and International Relations (Q2); Business and International Management (Q3)";"Business, Management and Accounting; Social Sciences"
1021;21100860389;"International Journal of Information Technology Project Management";journal;"19380232, 19380240";"IGI Global Publishing";No;No;0,231;Q3;13;22;20;980;25;20;1,25;44,55;38,64;0;United States;Northern America;"IGI Global Publishing";"2017-2026";"Communication (Q3); Information Systems and Management (Q3); Management Information Systems (Q3); Management of Technology and Innovation (Q3); Organizational Behavior and Human Resource Management (Q3); Strategy and Management (Q3)";"Business, Management and Accounting; Decision Sciences; Social Sciences"
1022;28854;"International Trade Journal";journal;"08853908, 15210545";"Taylor and Francis Ltd.";No;No;0,231;Q3;29;34;82;1157;70;67;0,98;34,03;36,73;4;United Kingdom;Western Europe;"Taylor and Francis Ltd.";"1986-2026";"Business and International Management (Q3); Economics, Econometrics and Finance (miscellaneous) (Q3)";"Business, Management and Accounting; Economics, Econometrics and Finance"
1023;4700152756;"Journal of Relationship Marketing";journal;"15332675, 15332667";"Routledge";No;No;0,231;Q3;39;16;48;1267;47;48;0,74;79,19;28,13;0;United States;Northern America;"Routledge";"2002-2026";"Marketing (Q3)";"Business, Management and Accounting"
1024;21100417501;"Prabandhan: Indian Journal of Management";journal;"09752854";"Associated Management Consultants Pvt. Ltd.";No;No;0,231;Q3;19;46;143;1355;124;142;0,83;29,46;45,24;2;India;Asiatic Region;"Associated Management Consultants Pvt. Ltd.";"2010-2025";"Business, Management and Accounting (miscellaneous) (Q3)";"Business, Management and Accounting"
1025;21100829564;"DETUROPE";journal;"18212506";"Regional Science Association of Subotica (Drustvo za Regionalne Nauke)";Yes;Yes;0,230;Q3;13;37;62;1315;61;60;0,98;35,54;53,01;0;Serbia;Eastern Europe;"Regional Science Association of Subotica (Drustvo za Regionalne Nauke)";"2017-2025";"Geography, Planning and Development (Q3); Tourism, Leisure and Hospitality Management (Q3)";"Business, Management and Accounting; Social Sciences"
1026;21100394268;"International Journal of Advanced Operations Management";journal;"1758938X, 17589398";"Inderscience Enterprises Ltd";No;No;0,229;Q3;18;16;53;646;35;53;0,59;40,38;33,33;0;United Kingdom;Western Europe;"Inderscience Enterprises Ltd";"2011, 2014-2025";"Organizational Behavior and Human Resource Management (Q3); Management Science and Operations Research (Q4)";"Business, Management and Accounting; Decision Sciences"
1027;19700170838;"International Journal of Rural Management";journal;"09730680, 09730052";"Sage Publications India Pvt. Ltd";No;No;0,229;Q3;19;14;29;716;23;27;0,47;51,14;42,31;1;India;Asiatic Region;"Sage Publications India Pvt. Ltd";"2005-2026";"Geography, Planning and Development (Q3); Management, Monitoring, Policy and Law (Q3); Strategy and Management (Q3)";"Business, Management and Accounting; Environmental Science; Social Sciences"
1028;21100286923;"Journal of Advanced Research in Law and Economics (discontinued)";journal;"2068696X";"ASERS Publishing House";No;No;0,229;Q3;23;291;829;7581;1022;829;1,23;26,05;58,80;1;Romania;Eastern Europe;"ASERS Publishing House";"2011-2020";"Law (Q2); Business, Management and Accounting (miscellaneous) (Q3); Economics and Econometrics (Q3); Political Science and International Relations (Q3)";"Business, Management and Accounting; Economics, Econometrics and Finance; Social Sciences"
1029;10600153342;"Society and Economy";journal;"1588970X, 15889726";"Akademiai Kiado";Yes;No;0,228;Q3;21;28;104;1089;60;96;0,46;38,89;39,58;4;Hungary;Eastern Europe;"Akademiai Kiado";"2007-2025";"Business and International Management (Q3); Economics, Econometrics and Finance (miscellaneous) (Q3); Industrial Relations (Q3); Public Administration (Q3); Sociology and Political Science (Q3); Strategy and Management (Q3)";"Business, Management and Accounting; Economics, Econometrics and Finance; Social Sciences"
1030;19700174978;"American Journal of Pharmacy Benefits";journal;"21642494, 19454481";"Managed Care and Healthcare Communications";No;No;0,227;Q3;16;0;65;0;40;54;0,47;0,00;0,00;0;United States;Northern America;"Managed Care and Healthcare Communications";"2010-2018";"Pharmacology, Toxicology and Pharmaceutics (miscellaneous) (Q2); Business and International Management (Q3); Decision Sciences (miscellaneous) (Q3)";"Business, Management and Accounting; Decision Sciences; Pharmacology, Toxicology and Pharmaceutics"
1031;17299;"IEEE Potentials";journal;"15581772, 02786648";"Institute of Electrical and Electronics Engineers Inc.";No;No;0,227;Q3;42;63;186;178;137;145;0,48;2,83;18,39;0;United States;Northern America;"Institute of Electrical and Electronics Engineers Inc.";"1984-2026";"Education (Q3); Electrical and Electronic Engineering (Q3); Strategy and Management (Q3)";"Business, Management and Accounting; Engineering; Social Sciences"
1032;19470;"Information Resources Management Journal";journal;"15337979, 10401628";"IGI Publishing";No;No;0,227;Q3;49;16;51;1114;43;51;0,78;69,63;33,33;0;United States;Northern America;"IGI Publishing";"1988-2026";"Business and International Management (Q3); Library and Information Sciences (Q3); Strategy and Management (Q3)";"Business, Management and Accounting; Social Sciences"
1033;23718;"International Journal of the Economics of Business";journal;"14661829, 13571516";"Routledge";No;No;0,227;Q3;42;21;63;828;37;60;0,59;39,43;15,00;6;United Kingdom;Western Europe;"Routledge";"1994-2026";"Business, Management and Accounting (miscellaneous) (Q3); Economics and Econometrics (Q3)";"Business, Management and Accounting; Economics, Econometrics and Finance"
1034;21100779057;"World Leisure Journal";journal;"23334509, 16078055";"Taylor and Francis Ltd.";No;No;0,227;Q3;35;27;95;1051;66;75;0,68;38,93;52,50;2;United Kingdom;Western Europe;"Taylor and Francis Ltd.";"2000-2026";"Cultural Studies (Q1); Social Psychology (Q3); Tourism, Leisure and Hospitality Management (Q3)";"Business, Management and Accounting; Psychology; Social Sciences"
1035;21100855983;"Arbitration International";journal;"09570411, 18758398";"Oxford University Press";No;No;0,226;Q3;28;25;100;796;43;93;0,30;31,84;23,33;2;United Kingdom;Western Europe;"Oxford University Press";"1996-2025";"Law (Q2); Business and International Management (Q3)";"Business, Management and Accounting; Social Sciences"
1036;28852;"Nursing Management";journal;"15388670, 07446314";"Lippincott Williams and Wilkins";No;No;0,225;-;30;155;447;1176;146;349;0,34;7,59;85,51;0;United States;Northern America;"Lippincott Williams and Wilkins";"1970-2026";"Leadership and Management (Q3)";"Nursing"
1037;144624;"International Journal of Innovation and Learning";journal;"14718197, 17418089";"Inderscience Enterprises Ltd";No;No;0,224;Q3;32;48;157;2203;96;152;0,50;45,90;40,00;0;United Kingdom;Western Europe;"Inderscience Enterprises Ltd";"2003-2026";"Education (Q3); Management of Technology and Innovation (Q3)";"Business, Management and Accounting; Social Sciences"
1038;17700156014;"Travail, Genre et Societes";journal;"12946303";"Editions La Decouverte";No;No;0,224;Q3;19;32;117;744;38;112;0,33;23,25;86,36;6;France;Western Europe;"Editions La Decouverte";"2001-2024";"Business and International Management (Q3); Economics and Econometrics (Q3); Gender Studies (Q3); Organizational Behavior and Human Resource Management (Q3); Sociology and Political Science (Q3)";"Business, Management and Accounting; Economics, Econometrics and Finance; Social Sciences"
1039;12000154350;"International Journal of Knowledge Management";journal;"15480666, 15480658";"IGI Publishing";No;No;0,223;Q3;34;23;57;1515;63;57;0,90;65,87;40,00;0;United States;Northern America;"IGI Publishing";"2005-2026";"Management Information Systems (Q3); Management of Technology and Innovation (Q3); Computer Science Applications (Q4)";"Business, Management and Accounting; Computer Science"
1040;26486;"Sociologia del Lavoro";journal;"1972554X, 03925048";"FrancoAngeli";No;No;0,222;Q3;9;38;151;1641;35;147;0,19;43,18;52,94;0;Italy;Western Europe;"FrancoAngeli";"1992, 1996, 2015-2025";"Economics and Econometrics (Q3); Organizational Behavior and Human Resource Management (Q3); Sociology and Political Science (Q3)";"Business, Management and Accounting; Economics, Econometrics and Finance; Social Sciences"
1041;7200153128;"Zeitschrift fur Evaluation";journal;"16195515";"Waxmann Verlag GmbH";No;No;0,222;Q3;8;22;91;518;28;44;0,26;23,55;64,29;1;Germany;Western Europe;"Waxmann Verlag GmbH";"2006-2013, 2015-2025";"Communication (Q3); Education (Q3); Social Sciences (miscellaneous) (Q3); Strategy and Management (Q3); Applied Psychology (Q4); Statistics and Probability (Q4)";"Business, Management and Accounting; Mathematics; Psychology; Social Sciences"
1042;21100904322;"Research Journal of Textile and Apparel";journal;"15606074, 25158090";"Emerald Group Publishing Ltd.";No;No;0,221;Q3;29;23;64;932;50;63;0,73;40,52;46,03;0;United Kingdom;Western Europe;"Emerald Group Publishing Ltd.";"1997-2026";"Business and International Management (Q3); Industrial and Manufacturing Engineering (Q3); Management of Technology and Innovation (Q3); Materials Science (miscellaneous) (Q3)";"Business, Management and Accounting; Engineering; Materials Science"
1043;4400151610;"Advances in Mergers and Acquisitions";book series;"1479361X";"Emerald Group Publishing Ltd.";No;No;0,220;Q3;23;11;30;560;15;19;0,55;50,91;50,00;0;United Kingdom;Western Europe;"Emerald Group Publishing Ltd.";"2000, 2003-2004, 2006-2010, 2012-2022, 2024-2026";"Business and International Management (Q3)";"Business, Management and Accounting"
1044;22290;"Business and Professional Ethics Journal";journal;"21537828, 02772027";"Philosophy Documentation Center";No;No;0,220;Q3;7;15;10;672;3;10;0,30;44,80;32,00;0;United States;Northern America;"Philosophy Documentation Center";"1979, 1985, 1990-1993, 1996, 1998-1999, 2001, 2012, 2018-2025";"Philosophy (Q2); Business and International Management (Q3); Economics and Econometrics (Q3)";"Arts and Humanities; Business, Management and Accounting; Economics, Econometrics and Finance"
1045;12847;"Frontiers of Health Services Management";journal;"24752797, 07488157";"Lippincott Williams and Wilkins";No;No;0,220;Q3;26;10;27;0;25;23;1,86;0,00;66,67;0;United States;Northern America;"Lippincott Williams and Wilkins";"1984-2025";"Business, Management and Accounting (miscellaneous) (Q3); Medicine (miscellaneous) (Q3)";"Business, Management and Accounting; Medicine"
1046;5700161163;"Organizacija";journal;"15811832, 13185454";"Sciendo";Yes;Yes;0,220;Q3;24;19;72;1159;92;69;1,46;61,00;42,59;2;Poland;Eastern Europe;"Sciendo";"2016-2026";"Business and International Management (Q3); Management Information Systems (Q3); Marketing (Q3); Organizational Behavior and Human Resource Management (Q3); Strategy and Management (Q3); Tourism, Leisure and Hospitality Management (Q3)";"Business, Management and Accounting"
1047;5100155098;"Tourism, Culture and Communication";journal;"1098304X";"Cognizant Communication Corporation";No;No;0,220;Q3;24;25;56;1331;36;55;0,56;53,24;38,30;0;United States;Northern America;"Cognizant Communication Corporation";"2006-2025";"Cultural Studies (Q1); Communication (Q3); Geography, Planning and Development (Q3); Tourism, Leisure and Hospitality Management (Q3)";"Business, Management and Accounting; Social Sciences"
1048;17198;"Vlakna a Textil";journal;"13350617, 25858890";"Slovak University of Technology in Bratislava";Yes;No;0,220;Q3;12;47;157;738;41;157;0,26;15,70;46,77;0;Slovakia;Eastern Europe;"Slovak University of Technology in Bratislava";"1994-2025";"Business and International Management (Q3); Chemical Engineering (miscellaneous) (Q3); Materials Science (miscellaneous) (Q3); Polymers and Plastics (Q3)";"Business, Management and Accounting; Chemical Engineering; Materials Science"
1049;21100855999;"Journal of Eastern European and Central Asian Research (discontinued)";journal;"23288280, 23288272";"Institute of Eastern Europe and Central Asia";Yes;No;0,219;Q3;19;27;52;962;19;49;0,41;35,63;57,97;0;United States;Northern America;"Institute of Eastern Europe and Central Asia";"2014-2024";"Business and International Management (Q3); Economics and Econometrics (Q3); Finance (Q3); Marketing (Q3); Organizational Behavior and Human Resource Management (Q3); Strategy and Management (Q3)";"Business, Management and Accounting; Economics, Econometrics and Finance"
1050;21100223144;"Proceedings of the European Conference on e-Government, ECEG";book series;"20491034";"Academic Conferences and Publishing International Limited";No;No;0,219;-;16;32;129;975;52;123;0,44;30,47;25,86;0;United Kingdom;Western Europe;"Academic Conferences and Publishing International Limited";"2005-2019";"Business and International Management; Computer Networks and Communications; E-learning; Management of Technology and Innovation";"Business, Management and Accounting; Computer Science; Social Sciences"
1051;21100334848;"Management and Marketing";journal;"20698887, 18420206";"Springer International Publishing";Yes;No;0,218;Q3;29;29;94;1168;90;94;0,96;40,28;55,26;0;Switzerland;Western Europe;"Springer International Publishing";"2014-2025";"Business, Management and Accounting (miscellaneous) (Q3)";"Business, Management and Accounting"
1052;21100212700;"RAE Revista de Administracao de Empresas";journal;"2178938X, 00347590";"Fundacao Getulio Vargas";Yes;Yes;0,218;Q3;26;44;157;1722;131;139;0,66;39,14;25,29;0;Brazil;Latin America;"Fundacao Getulio Vargas";"2007-2025";"Business and International Management (Q3); Business, Management and Accounting (miscellaneous) (Q3); Development (Q3); Education (Q3); Industrial Relations (Q3); Information Systems and Management (Q3); Management of Technology and Innovation (Q3); Marketing (Q3); Strategy and Management (Q3); Management Science and Operations Research (Q4); Organizational Behavior and Human Resource Management (Q4); Public Administration (Q4)";"Business, Management and Accounting; Decision Sciences; Social Sciences"
1053;5400152653;"World Review of Entrepreneurship, Management and Sustainable Development";journal;"17460581, 17460573";"Inderscience Enterprises Ltd";No;No;0,218;Q3;26;40;112;2622;81;109;0,69;65,55;45,45;0;United Kingdom;Western Europe;"Inderscience Enterprises Ltd";"2005-2025";"Business and International Management (Q3); Economics and Econometrics (Q3); Renewable Energy, Sustainability and the Environment (Q4)";"Business, Management and Accounting; Economics, Econometrics and Finance; Energy"
1054;7900153109;"Production";journal;"19805411, 01036513";"Associacao Brasileira de Engenharia de Producao";Yes;Yes;0,218;-;28;33;112;2038;127;112;1,42;61,76;39,13;3;Brazil;Latin America;"Associacao Brasileira de Engenharia de Producao";"2007-2026";"Industrial and Manufacturing Engineering (Q3)";"Engineering"
1055;4700152413;"International Journal of Entrepreneurship and Innovation Management";journal;"17415098, 1368275X";"Inderscience Enterprises Ltd";No;No;0,217;Q3;35;32;99;2192;77;96;0,88;68,50;56,58;0;United Kingdom;Western Europe;"Inderscience Enterprises Ltd";"2001-2024";"Business and International Management (Q3); Economics and Econometrics (Q3); Management of Technology and Innovation (Q3); Strategy and Management (Q3)";"Business, Management and Accounting; Economics, Econometrics and Finance"
1056;15900154750;"South African Journal of Economic and Management Sciences";journal;"22223436, 10158812";"AOSIS (Pty) Ltd";Yes;No;0,217;Q3;32;34;181;1781;174;181;0,92;52,38;37,29;5;South Africa;Africa;"AOSIS (Pty) Ltd";"1998-2026";"Business, Management and Accounting (miscellaneous) (Q3); Economics, Econometrics and Finance (miscellaneous) (Q3)";"Business, Management and Accounting; Economics, Econometrics and Finance"
1057;21100788905;"18th Asia-Pacific Network Operations and Management Symposium, APNOMS 2016: Management of Softwarized Infrastructure - Proceedings";conference and proceedings;"-";"";No;No;0,217;-;13;0;100;0;143;98;0,00;0,00;0,00;0;United States;Northern America;"";"";"Engineering (miscellaneous); Safety, Risk, Reliability and Quality";"Engineering"
1058;21100407655;"Banks and Bank Systems";journal;"19917074, 18167403";"LLC CPC Business Perspectives";Yes;No;0,216;Q3;27;71;192;2448;126;192;0,74;34,48;42,51;2;Ukraine;Eastern Europe;"LLC CPC Business Perspectives";"2006-2026";"Finance (Q3); Law (Q3); Management of Technology and Innovation (Q3); Marketing (Q3); Organizational Behavior and Human Resource Management (Q4)";"Business, Management and Accounting; Economics, Econometrics and Finance; Social Sciences"
1059;21100266730;"International Journal of Information Systems in the Service Sector";journal;"19355688, 19355696";"IGI Global Publishing";No;No;0,216;Q3;17;20;59;1000;55;59;0,87;50,00;27,59;0;United States;Northern America;"IGI Global Publishing";"2009-2026";"Information Systems (Q3); Information Systems and Management (Q3); Management Information Systems (Q3); Strategy and Management (Q3); Management Science and Operations Research (Q4)";"Business, Management and Accounting; Computer Science; Decision Sciences"
1060;11200153556;"Espacios (discontinued)";journal;"07981015";"";Yes;No;0,215;Q3;30;971;4594;25230;1485;4594;0,39;25,98;54,43;0;Venezuela;Latin America;"";"2007-2019";"Business and International Management (Q3); Management of Technology and Innovation (Q3); Management Science and Operations Research (Q4)";"Business, Management and Accounting; Decision Sciences"
1061;12100154806;"International Journal of e-Business Research";journal;"1548114X, 15481131";"IGI Publishing";No;No;0,215;Q3;34;22;60;1365;69;60;1,00;62,05;35,00;0;United States;Northern America;"IGI Publishing";"2005-2025";"Management Information Systems (Q3); Computer Science Applications (Q4)";"Business, Management and Accounting; Computer Science"
1062;17700155712;"Revue Francaise de Gestion";journal;"03384551";"John Libbey";No;No;0,215;Q3;27;63;224;2308;111;214;0,42;36,63;49,21;8;France;Western Europe;"John Libbey";"2002-2024";"Business and International Management (Q3); Economics and Econometrics (Q3); Strategy and Management (Q3)";"Business, Management and Accounting; Economics, Econometrics and Finance"
1063;29780;"IEEE Engineering Management Review";journal;"03608581, 19374178";"Institute of Electrical and Electronics Engineers Inc.";No;No;0,214;Q3;49;81;177;1514;134;166;0,94;18,69;23,08;0;United States;Northern America;"Institute of Electrical and Electronics Engineers Inc.";"1973-1987, 1991, 1993-2026";"Electrical and Electronic Engineering (Q3); Strategy and Management (Q3)";"Business, Management and Accounting; Engineering"
1064;21100780804;"2016 22nd National Conference on Communication, NCC 2016";conference and proceedings;"-";"";No;No;0,214;-;13;0;134;0;122;132;0,00;0,00;0,00;0;United States;Northern America;"";"";"Computer Networks and Communications; Information Systems; Information Systems and Management; Management Information Systems; Software; Statistics, Probability and Uncertainty";"Business, Management and Accounting; Computer Science; Decision Sciences"
1065;144660;"Strategy and Leadership";journal;"10878572";"Emerald Group Publishing Ltd.";No;No;0,213;Q3;58;55;168;114;119;85;0,52;2,07;16,22;0;United Kingdom;Western Europe;"Emerald Group Publishing Ltd.";"1996-2026";"Strategy and Management (Q3)";"Business, Management and Accounting"
1066;21100785498;"2016 IEEE International Conference on Intelligent Rail Transportation, ICIRT 2016";conference and proceedings;"-";"";No;No;0,213;-;12;0;73;0;67;72;0,00;0,00;0,00;0;United States;Northern America;"";"";"Electrical and Electronic Engineering; Energy Engineering and Power Technology; Renewable Energy, Sustainability and the Environment";"Energy; Engineering"
1067;21100797708;"Proceedings - 2016 29th SIBGRAPI Conference on Graphics, Patterns and Images, SIBGRAPI 2016";conference and proceedings;"-";"";No;No;0,213;-;12;0;61;0;76;59;1,25;0,00;0,00;0;United States;Northern America;"";"";"Computer Networks and Communications; Information Systems; Management of Technology and Innovation; Safety, Risk, Reliability and Quality; Software";"Business, Management and Accounting; Computer Science; Engineering"
1068;4700153009;"International Journal of Sport Management and Marketing";journal;"14758962, 17402808";"Inderscience Enterprises Ltd";No;No;0,212;Q3;36;23;66;1315;41;66;0,63;57,17;30,16;0;United Kingdom;Western Europe;"Inderscience Enterprises Ltd";"2005-2025";"Business and International Management (Q3); Marketing (Q3); Strategy and Management (Q3); Management Science and Operations Research (Q4); Sports Science (Q4)";"Business, Management and Accounting; Decision Sciences; Health Professions"
1069;16400154779;"Journal for Global Business Advancement";journal;"17469678, 1746966X";"Inderscience Enterprises Ltd";No;No;0,212;Q3;20;42;105;3194;75;100;0,63;76,05;37,65;0;United Kingdom;Western Europe;"Inderscience Enterprises Ltd";"2007-2026";"Business and International Management (Q3)";"Business, Management and Accounting"
1070;11600153421;"Journal of Technology Management and Innovation";journal;"07182724";"Universidad Alberto Hurtado";Yes;Yes;0,212;Q3;41;41;136;1882;106;134;0,60;45,90;39,13;2;Chile;Latin America;"Universidad Alberto Hurtado";"2008-2025";"Management of Technology and Innovation (Q3)";"Business, Management and Accounting"
1071;21100267041;"NTU Management Review";journal;"10181601";"College of Management Press";Yes;No;0,212;Q3;6;22;85;1291;19;85;0,18;58,68;50,00;0;Taiwan;Asiatic Region;"College of Management Press";"2012-2025";"Business, Management and Accounting (miscellaneous) (Q3)";"Business, Management and Accounting"
1072;12100155428;"Proceedings of Institution of Civil Engineers: Management, Procurement and Law";journal;"17514312, 17514304";"ICE Publishing";No;No;0,212;Q3;23;38;104;1179;59;87;0,57;31,03;26,15;3;United Kingdom;Western Europe;"ICE Publishing";"2008-2025";"Business, Management and Accounting (miscellaneous) (Q3); Civil and Structural Engineering (Q3); Safety, Risk, Reliability and Quality (Q3)";"Business, Management and Accounting; Engineering"
1073;19400156802;"International Journal of Action Research";journal;"18611303, 18619916";"Verlag Barbara Budrich";No;No;0,212;Q4;16;24;37;787;20;33;0,39;32,79;33,33;0;Germany;Western Europe;"Verlag Barbara Budrich";"2009-2025";"Sociology and Political Science (Q3); Organizational Behavior and Human Resource Management (Q4)";"Business, Management and Accounting; Social Sciences"
1074;21100865028;"Business Perspectives and Research";journal;"22785337, 23949937";"SAGE Publications Ltd";No;No;0,211;Q3;25;15;48;579;46;40;0,90;38,60;38,71;0;United Kingdom;Western Europe;"SAGE Publications Ltd";"2012-2026";"Business and International Management (Q3); Strategy and Management (Q3)";"Business, Management and Accounting"
1075;15800154711;"Research in Accounting Regulation";journal;"10520457";"Elsevier B.V.";No;No;0,211;Q3;25;0;58;0;35;48;0,65;0,00;0,00;0;Netherlands;Western Europe;"Elsevier B.V.";"2003-2005, 2007-2018";"Accounting (Q3); Finance (Q3); Sociology and Political Science (Q3)";"Business, Management and Accounting; Economics, Econometrics and Finance; Social Sciences"
1076;19700187812;"Psychologist-Manager Journal";journal;"15503461, 10887156";"American Psychological Association";No;No;0,210;Q3;0;0;0;0;0;0;0,00;0,00;0,00;0;United States;Northern America;"American Psychological Association";"2000, 2010-2021";"Business, Management and Accounting (miscellaneous) (Q3); Applied Psychology (Q4); Social Psychology (Q4)";"Business, Management and Accounting; Psychology"
1077;21100871796;"Central European Business Review";journal;"18054854, 18054862";"";Yes;No;0,209;Q3;18;21;35;854;23;35;0,66;40,67;64,58;1;Czech Republic;Eastern Europe;"";"2017-2025";"Business and International Management (Q3); Management of Technology and Innovation (Q3); Strategy and Management (Q3)";"Business, Management and Accounting"
1078;4700152225;"Gestao e Producao";journal;"0104530X, 18069649";"Brazilian Institute for Information in Science and Technology";Yes;No;0,209;Q3;24;82;193;3502;125;185;0,57;42,71;37,30;0;Brazil;Latin America;"Brazilian Institute for Information in Science and Technology";"2006-2025";"Business and International Management (Q3); Industrial and Manufacturing Engineering (Q3)";"Business, Management and Accounting; Engineering"
1079;21100241711;"Indian Journal of Marketing";journal;"09738703";"Associated Management Consultants Pvt. Ltd.";No;No;0,209;Q3;19;49;147;2028;129;143;0,90;41,39;34,94;1;India;Asiatic Region;"Associated Management Consultants Pvt. Ltd.";"2009-2026";"Marketing (Q3)";"Business, Management and Accounting"
1080;21100202508;"Revista Brasileira de Orientacao Profissional";journal;"16793390, 19847270";"Associacao Brasileira de Orientadores Profissionais";Yes;Yes;0,209;Q4;13;20;67;679;29;62;0,19;33,95;63,33;1;Brazil;Latin America;"Associacao Brasileira de Orientadores Profissionais";"2011-2024";"Education (Q3); Applied Psychology (Q4); Organizational Behavior and Human Resource Management (Q4)";"Business, Management and Accounting; Psychology; Social Sciences"
1081;21100904410;"South Asian Journal of Business Studies";journal;"2398628X, 23986298";"Emerald Group Publishing Ltd.";No;No;0,208;Q3;33;22;39;1720;59;36;1,51;78,18;25,53;0;United Kingdom;Western Europe;"Emerald Group Publishing Ltd.";"2017-2026";"Cultural Studies (Q2); Business and International Management (Q3); Economics, Econometrics and Finance (miscellaneous) (Q3); Geography, Planning and Development (Q3); Marketing (Q3); Strategy and Management (Q3)";"Business, Management and Accounting; Economics, Econometrics and Finance; Social Sciences"
1082;5700156119;"Global Business and Finance Review";journal;"23841648, 10886931";"People and Global Business Association";Yes;No;0,207;Q3;17;27;80;1221;53;80;0,69;45,22;26,67;1;South Korea;Asiatic Region;"People and Global Business Association";"2014-2026";"Business and International Management (Q3); Finance (Q3)";"Business, Management and Accounting; Economics, Econometrics and Finance"
1083;20000195008;"International Journal of Technological Learning, Innovation and Development";journal;"17531942, 17531950";"Inderscience Enterprises Ltd";No;No;0,207;Q3;30;16;53;1036;29;52;0,59;64,75;30,56;0;United Kingdom;Western Europe;"Inderscience Enterprises Ltd";"2007-2025";"Education (Q3); Management of Technology and Innovation (Q3); Computer Science Applications (Q4)";"Business, Management and Accounting; Computer Science; Social Sciences"
1084;21100888815;"Journal of Management and Business Administration. Central Europe";journal;"24508829, 24507814";"De Gruyter Open Ltd";Yes;Yes;0,207;Q3;0;0;0;0;0;0;0,00;0,00;0,00;0;Poland;Eastern Europe;"De Gruyter Open Ltd";"2016-2020";"Business, Management and Accounting (miscellaneous) (Q3); Political Science and International Relations (Q3); Sociology and Political Science (Q3); Social Psychology (Q4)";"Business, Management and Accounting; Psychology; Social Sciences"
1085;19700174746;"Custos e Agronegocio";journal;"18082882";"Universidade Federal Rural de Pernambuco";Yes;Yes;0,206;Q3;16;106;279;4009;93;278;0,35;37,82;39,64;0;Brazil;Latin America;"Universidade Federal Rural de Pernambuco";"2009-2024";"Accounting (Q3); Agronomy and Crop Science (Q3); Business, Management and Accounting (miscellaneous) (Q3)";"Agricultural and Biological Sciences; Business, Management and Accounting"
1086;21100448929;"Nankai Business Review International";journal;"20408757, 20408749";"Emerald Group Publishing Ltd.";No;No;0,206;Q3;27;29;77;1632;69;77;0,55;56,28;51,35;0;United Kingdom;Western Europe;"Emerald Group Publishing Ltd.";"2010-2026";"Business and International Management (Q3); Strategy and Management (Q3)";"Business, Management and Accounting"
1087;4800153107;"Advances in Business Marketing and Purchasing";book series;"10690964, 1875810X";"Emerald Publishing";No;No;0,205;Q3;15;9;12;487;9;11;1,50;54,11;33,33;0;United Kingdom;Western Europe;"Emerald Publishing";"2000, 2002-2004, 2008-2016, 2018-2019, 2023, 2025-2026";"Economics, Econometrics and Finance (miscellaneous) (Q3); Marketing (Q3)";"Business, Management and Accounting; Economics, Econometrics and Finance"
1088;19700172902;"International Journal of the Legal Profession";journal;"09695958, 14699257";"Routledge";No;No;0,205;Q3;27;17;61;582;54;53;0,56;34,24;52,00;4;United Kingdom;Western Europe;"Routledge";"1994-2026";"Law (Q3); Strategy and Management (Q3)";"Business, Management and Accounting; Social Sciences"
1089;94708;"Journal of Insect Biotechnology and Sericology";journal;"13468073, 18847978";"Japanese Society of Sericultural Sciences";No;No;0,205;Q3;23;10;44;294;15;43;0,37;29,40;35,90;0;Japan;Asiatic Region;"Japanese Society of Sericultural Sciences";"2001-2025";"Agricultural and Biological Sciences (miscellaneous) (Q3); Applied Microbiology and Biotechnology (Q3); Biotechnology (Q3); Business, Management and Accounting (miscellaneous) (Q3); Industrial and Manufacturing Engineering (Q3); Insect Science (Q4)";"Agricultural and Biological Sciences; Biochemistry, Genetics and Molecular Biology; Business, Management and Accounting; Engineering; Immunology and Microbiology"
1090;21100851416;"Pacific Accounting Review";journal;"20415494, 01140582";"Emerald Group Publishing Ltd.";No;No;0,205;Q3;40;34;71;2240;73;67;1,10;65,88;43,24;0;United Kingdom;Western Europe;"Emerald Group Publishing Ltd.";"1997, 1999-2026";"Accounting (Q3); Finance (Q3)";"Business, Management and Accounting; Economics, Econometrics and Finance"
1091;19400158596;"Transylvanian Review of Administrative Sciences";journal;"18422845, 22478310";"Babes-Bolyai University";Yes;Yes;0,205;Q3;25;24;106;952;80;106;0,81;39,67;45,65;0;Romania;Eastern Europe;"Babes-Bolyai University";"2008-2025";"Strategy and Management (Q3); Public Administration (Q4)";"Business, Management and Accounting; Social Sciences"
1092;23540;"Wirtschaftsdienst";journal;"00436275, 1613978X";"Sciendo";Yes;Yes;0,205;Q3;12;156;466;608;68;380;0,15;3,90;14,94;68;Poland;Eastern Europe;"Sciendo";"1973, 1975, 1977-1981, 1983-1984, 1986-1987, 1993, 2005-2026";"Business, Management and Accounting (miscellaneous) (Q3)";"Business, Management and Accounting"
1093;21100790050;"2016 New York Scientific Data Summit, NYSDS 2016 - Proceedings";conference and proceedings;"-";"";No;No;0,205;-;7;0;24;0;25;23;0,00;0,00;0,00;0;United States;Northern America;"";"";"Computational Theory and Mathematics; Management of Technology and Innovation; Management Science and Operations Research; Modeling and Simulation; Numerical Analysis; Strategy and Management";"Business, Management and Accounting; Computer Science; Decision Sciences; Mathematics"
1094;21100847440;"International Journal of Comparative Labour Law and Industrial Relations";journal;"1875838X, 0952617X";"Kluwer Law International";No;No;0,204;Q3;16;25;46;487;59;45;1,28;19,48;44,44;9;United Kingdom;Western Europe;"Kluwer Law International";"2017-2025";"Industrial Relations (Q3); Law (Q3); Organizational Behavior and Human Resource Management (Q4)";"Business, Management and Accounting; Social Sciences"
1095;54666;"International Journal of Networking and Virtual Organisations";journal;"14709503, 17415225";"Inderscience Publishers";No;No;0,204;Q3;24;55;106;1731;51;103;0,38;31,47;35,90;0;United Kingdom;Western Europe;"Inderscience Publishers";"2002-2025";"Computer Networks and Communications (Q3); Information Systems and Management (Q3); Strategy and Management (Q3); Computer Science Applications (Q4)";"Business, Management and Accounting; Computer Science; Decision Sciences"
1096;19400158612;"International Journal of Public Sector Performance Management";journal;"17411041, 1741105X";"Inderscience Enterprises Ltd";No;No;0,204;Q3;17;34;65;1238;34;65;0,46;36,41;54,39;0;United Kingdom;Western Europe;"Inderscience Enterprises Ltd";"2007-2010, 2012-2013, 2015-2026";"Strategy and Management (Q3); Organizational Behavior and Human Resource Management (Q4); Public Administration (Q4)";"Business, Management and Accounting; Social Sciences"
1097;21100232428;"International Journal of Law and Management";journal;"1754243X, 17542448";"Emerald Group Publishing Ltd.";No;No;0,204;Q4;39;31;218;1810;180;218;0,74;58,39;40,38;0;United Kingdom;Western Europe;"Emerald Group Publishing Ltd.";"1996-1997, 2008-2026";"Law (Q3); Organizational Behavior and Human Resource Management (Q4)";"Business, Management and Accounting; Social Sciences"
1098;21100461321;"3rd IEEE EMBS International Conference on Biomedical and Health Informatics, BHI 2016";conference and proceedings;"-";"";No;No;0,204;-;16;0;157;0;148;155;0,00;0,00;0,00;0;United States;Northern America;"";"";"Energy Engineering and Power Technology; Marketing; Renewable Energy, Sustainability and the Environment; Strategy and Management";"Business, Management and Accounting; Energy"
1099;21100884987;"Engineering Management in Production and Services";journal;"25436597, 2543912X";"De Gruyter Open Ltd";Yes;No;0,203;Q3;26;36;93;2032;115;93;1,24;56,44;45,33;1;Poland;Eastern Europe;"De Gruyter Open Ltd";"2016-2025";"Industrial and Manufacturing Engineering (Q3); Management Information Systems (Q3); Management of Technology and Innovation (Q3); Strategy and Management (Q3)";"Business, Management and Accounting; Engineering"
1100;19700188161;"Leisure/ Loisir";journal;"14927713, 21512221";"Routledge";No;No;0,203;Q4;33;25;72;1455;35;70;0,17;58,20;43,10;3;United States;Northern America;"Routledge";"1999-2003, 2005-2026";"Geography, Planning and Development (Q3); Tourism, Leisure and Hospitality Management (Q4)";"Business, Management and Accounting; Social Sciences"
1101;21100803353;"Brick and Block Masonry: Trends, Innovations and Challenges - Proceedings of the 16th International Brick and Block Masonry Conference, IBMAC 2016";conference and proceedings;"-";"";No;No;0,203;-;15;0;276;0;140;274;0,00;0,00;0,00;0;United States;Northern America;"";"";"Management of Technology and Innovation; Strategy and Management";"Business, Management and Accounting"
1102;22371;"Hitotsubashi Journal of Economics";journal;"2436097X";"Hitotsubashi University";No;No;0,202;Q3;15;10;32;276;17;32;0,62;27,60;14,29;0;Japan;Asiatic Region;"Hitotsubashi University";"1996-2025";"Business, Management and Accounting (miscellaneous) (Q3); Economics and Econometrics (Q4)";"Business, Management and Accounting; Economics, Econometrics and Finance"
1103;18300156715;"International Journal of Business Science and Applied Management";journal;"17530296";"International Journal of Business Science and Applied Management";Yes;Yes;0,202;Q3;23;3;18;170;15;17;0,67;56,67;11,11;0;United Kingdom;Western Europe;"International Journal of Business Science and Applied Management";"2009-2025";"Business and International Management (Q3); Strategy and Management (Q3); Organizational Behavior and Human Resource Management (Q4)";"Business, Management and Accounting"
1104;19500157309;"Zbornik radova Ekonomskog fakulteta u Rijeci / Proceedings of Rijeka Faculty of Economics";journal;"18467520, 13318004";"University of Rijeka, Faculty of Economics and Business";Yes;No;0,202;Q3;23;33;77;1642;79;77;0,84;49,76;41,25;3;Croatia;Eastern Europe;"University of Rijeka, Faculty of Economics and Business";"2008-2025";"Business and International Management (Q3); Economics and Econometrics (Q3); Finance (Q4)";"Business, Management and Accounting; Economics, Econometrics and Finance"
1105;21100379254;"International Journal of Project Organisation and Management";journal;"17402905, 17402891";"Inderscience";No;No;0,201;Q3;20;17;53;1108;32;53;0,57;65,18;21,95;0;Switzerland;Western Europe;"Inderscience";"2008-2025";"Strategy and Management (Q3)";"Business, Management and Accounting"
1106;19700171306;"Journal of Applied Economic Sciences";journal;"18436110, 23935162";"RITHA Publishing House";Yes;No;0,201;Q3;20;0;583;0;421;583;0,76;0,00;0,00;0;Romania;Eastern Europe;"RITHA Publishing House";"2009-2018, 2022, 2025";"Business, Management and Accounting (miscellaneous) (Q3); Economics, Econometrics and Finance (miscellaneous) (Q3)";"Business, Management and Accounting; Economics, Econometrics and Finance"
1107;21100236611;"International Journal of Business and Globalisation";journal;"17533627, 17533635";"Inderscience";No;No;0,200;Q3;26;72;195;3922;120;193;0,62;54,47;43,66;0;Switzerland;Western Europe;"Inderscience";"2007-2025";"Business, Management and Accounting (miscellaneous) (Q3)";"Business, Management and Accounting"
1108;19700170105;"Problems and Perspectives in Management";journal;"17277051, 18105467";"LLC CPC Business Perspectives";Yes;No;0,200;Q3;40;152;476;6303;373;476;0,97;41,47;51,43;9;Ukraine;Eastern Europe;"LLC CPC Business Perspectives";"2003-2026";"Business and International Management (Q3); Business, Management and Accounting (miscellaneous) (Q3); Information Systems and Management (Q3); Law (Q3); Sociology and Political Science (Q3); Strategy and Management (Q3); Public Administration (Q4)";"Business, Management and Accounting; Decision Sciences; Social Sciences"
1109;21100863634;"Indian Journal of Corporate Governance";journal;"09746862, 24542482";"SAGE Publications Ltd";No;No;0,199;Q3;18;13;34;486;25;29;0,68;37,38;31,82;0;United Kingdom;Western Europe;"SAGE Publications Ltd";"2008-2025";"Business and International Management (Q3); Business, Management and Accounting (miscellaneous) (Q3); Strategy and Management (Q3)";"Business, Management and Accounting"
1110;20449;"International Journal of Manufacturing Technology and Management";journal;"13682148, 17415195";"Inderscience Publishers";No;No;0,199;Q3;27;28;97;1026;44;92;0,36;36,64;20,90;0;United Kingdom;Western Europe;"Inderscience Publishers";"2000-2026";"Electrical and Electronic Engineering (Q3); Industrial and Manufacturing Engineering (Q3); Information Systems and Management (Q3); Strategy and Management (Q3); Computer Science Applications (Q4)";"Business, Management and Accounting; Computer Science; Decision Sciences; Engineering"
1111;21100899291;"Journal of Financial Reporting and Accounting";journal;"20425856, 19852517";"Emerald Group Publishing Ltd.";No;No;0,199;Q3;42;31;42;2166;46;42;1,10;69,87;35,48;0;United Kingdom;Western Europe;"Emerald Group Publishing Ltd.";"2003, 2007, 2009, 2017-2026";"Accounting (Q3); Economics, Econometrics and Finance (miscellaneous) (Q3); Management Information Systems (Q3)";"Business, Management and Accounting; Economics, Econometrics and Finance"
1112;17700156204;"International Journal of Applied Decision Sciences";journal;"17558085, 17558077";"Inderscience Enterprises Ltd";No;No;0,198;Q3;23;21;67;1216;67;67;0,91;57,90;35,85;0;United Kingdom;Western Europe;"Inderscience Enterprises Ltd";"2008-2026";"Information Systems and Management (Q3); Strategy and Management (Q3); Economics and Econometrics (Q4); Management Science and Operations Research (Q4)";"Business, Management and Accounting; Decision Sciences; Economics, Econometrics and Finance"
1113;4700152235;"International Journal of Accounting, Auditing and Performance Evaluation";journal;"17408008, 17408016";"Inderscience Enterprises Ltd";No;No;0,198;Q4;22;17;52;1202;31;52;0,55;70,71;40,54;0;United Kingdom;Western Europe;"Inderscience Enterprises Ltd";"2004-2025";"Accounting (Q4); Finance (Q4); Organizational Behavior and Human Resource Management (Q4)";"Business, Management and Accounting; Economics, Econometrics and Finance"
1114;21100865012;"Economia Agro-Alimentare";journal;"19724802, 11261668";"FrancoAngeli";Yes;No;0,197;Q3;14;42;67;1715;48;57;0,87;40,83;40,38;0;Italy;Western Europe;"FrancoAngeli";"2012-2025";"Agricultural and Biological Sciences (miscellaneous) (Q3); Business, Management and Accounting (miscellaneous) (Q3); Geography, Planning and Development (Q3); Social Sciences (miscellaneous) (Q3); Agronomy and Crop Science (Q4); Economics and Econometrics (Q4); Food Animals (Q4); Food Science (Q4); Management, Monitoring, Policy and Law (Q4)";"Agricultural and Biological Sciences; Business, Management and Accounting; Economics, Econometrics and Finance; Environmental Science; Social Sciences; Veterinary"
1115;19369;"Human Systems Management";journal;"01672533";"SAGE Publications Ltd";No;No;0,197;Q3;38;43;85;2118;78;85;1,00;49,26;32,77;0;United Kingdom;Western Europe;"SAGE Publications Ltd";"1980-2026";"Business, Management and Accounting (miscellaneous) (Q3)";"Business, Management and Accounting"
1116;21100872779;"Management Systems in Production Engineering";journal;"22990461, 24505781";"Sciendo";Yes;No;0,197;Q3;21;40;40;791;31;40;0,78;19,78;35,19;1;Germany;Western Europe;"Sciendo";"2018-2026";"Industrial and Manufacturing Engineering (Q3); Management Information Systems (Q3); Management of Technology and Innovation (Q3)";"Business, Management and Accounting; Engineering"
1117;21100220151;"Quality Innovation Prosperity";journal;"1338984X, 13351745";"Technical University of Kosice";Yes;No;0,197;Q3;24;23;73;841;61;72;0,87;36,57;51,61;0;Slovakia;Eastern Europe;"Technical University of Kosice";"2012-2025";"Management of Technology and Innovation (Q3); Strategy and Management (Q4)";"Business, Management and Accounting"
1118;19700171003;"China: An International Journal";journal;"02197472";"Centre for Medical Education (CenMed) Yong Loo Lin School of Medicine National University of Singapore";No;No;0,196;Q3;21;42;123;941;53;116;0,37;22,40;43,64;4;Singapore;Asiatic Region;"Centre for Medical Education (CenMed) Yong Loo Lin School of Medicine National University of Singapore";"2008-2025";"Business and International Management (Q3); Social Sciences (miscellaneous) (Q3); Economics and Econometrics (Q4)";"Business, Management and Accounting; Economics, Econometrics and Finance; Social Sciences"
1119;19600162006;"International Journal of Business and Society";journal;"15116670";"Universiti Malaysia Sarawak";No;No;0,196;Q3;30;91;247;4073;186;247;0,69;44,76;43,72;0;Malaysia;Asiatic Region;"Universiti Malaysia Sarawak";"2009-2025";"Business and International Management (Q3); Economics and Econometrics (Q4); Finance (Q4); Strategy and Management (Q4)";"Business, Management and Accounting; Economics, Econometrics and Finance"
1120;21100385814;"International Journal of Services, Economics and Management";journal;"17530822, 17530830";"Inderscience";No;No;0,196;Q4;18;19;43;1372;35;43;0,86;72,21;31,58;0;Switzerland;Western Europe;"Inderscience";"2007-2025";"Economics and Econometrics (Q4); Strategy and Management (Q4); Tourism, Leisure and Hospitality Management (Q4)";"Business, Management and Accounting; Economics, Econometrics and Finance"
1121;20500195017;"Industrielle Beziehungen";journal;"18620035, 09432779";"Nomos Verlagsgesellschaft mbH und Co KG";No;No;0,195;Q3;14;16;81;528;37;73;0,18;33,00;48,00;2;Germany;Western Europe;"Nomos Verlagsgesellschaft mbH und Co KG";"2008-2024";"Business and International Management (Q3); Industrial Relations (Q3); Organizational Behavior and Human Resource Management (Q4)";"Business, Management and Accounting"
1122;16903;"Labour/Le Travail";journal;"07003862, 19114842";"Athabasca University";No;No;0,195;Q3;21;22;57;1535;24;54;0,28;69,77;38,46;1;Canada;Northern America;"Athabasca University";"1978, 1985, 1994-2025";"History (Q1); Industrial Relations (Q3); Organizational Behavior and Human Resource Management (Q4)";"Arts and Humanities; Business, Management and Accounting"
1123;21100899617;"Canadian Journal of Learning and Technology";journal;"14996685";"Canadian Network for Innovation in Education";Yes;Yes;0,194;Q3;14;15;15;617;11;15;0,73;41,13;65,71;0;Canada;Northern America;"Canadian Network for Innovation in Education";"2018-2025";"Education (Q3); Management of Technology and Innovation (Q3); Computer Science Applications (Q4)";"Business, Management and Accounting; Computer Science; Social Sciences"
1124;21100843485;"Economics and Business Letters";journal;"22544380";"Oviedo University Press";Yes;Yes;0,194;Q3;14;22;40;484;15;39;0,38;22,00;13,16;7;Spain;Western Europe;"Oviedo University Press";"2017-2025";"Business and International Management (Q3); Economics, Econometrics and Finance (miscellaneous) (Q3)";"Business, Management and Accounting; Economics, Econometrics and Finance"
1125;21100437628;"Foundations of Management";journal;"23005661, 20807279";"Warsaw University of Technology";Yes;No;0,194;Q4;18;25;74;912;59;74;0,80;36,48;52,83;1;Poland;Eastern Europe;"Warsaw University of Technology";"2009-2012, 2015-2025";"Strategy and Management (Q4)";"Business, Management and Accounting"
1126;21100785007;"AltMM 2016 - Proceedings of the 1st International Workshop on Multimedia Alternate Realities, co-located with ACM Multimedia 2016";conference and proceedings;"-";"";No;No;0,194;-;3;0;9;0;16;7;0,00;0,00;0,00;0;United States;Northern America;"";"";"Artificial Intelligence; Business and International Management; Software; Strategy and Management";"Business, Management and Accounting; Computer Science"
1127;21100197517;"IEEE International Conference on Industrial Engineering and Engineering Management";conference and proceedings;"2157362X, 21573611";"IEEE Computer Society";No;No;0,194;-;33;326;1636;5704;824;1632;0,49;17,50;32,42;0;United States;Northern America;"IEEE Computer Society";"2011-2012, 2014-2020, 2022, 2024";"Business, Management and Accounting (miscellaneous); Industrial and Manufacturing Engineering; Safety, Risk, Reliability and Quality";"Business, Management and Accounting; Engineering"
1128;21100211369;"Electronic Journal of Business Research Methods";journal;"14777029";"Academic Conferences and Publishing International Limited";Yes;No;0,193;Q3;35;21;41;823;30;38;0,65;39,19;42,86;0;United Kingdom;Western Europe;"Academic Conferences and Publishing International Limited";"2002-2003, 2005-2026";"Business and International Management (Q3); Strategy and Management (Q4)";"Business, Management and Accounting"
1129;19700175083;"International Journal of Entrepreneurship (discontinued)";journal;"19394675, 10999264";"Allied Academies";No;No;0,193;Q3;26;92;98;3551;99;98;1,02;38,60;37,04;0;United States;Northern America;"Allied Academies";"2009-2021";"Business and International Management (Q3); Economics and Econometrics (Q4); Strategy and Management (Q4)";"Business, Management and Accounting; Economics, Econometrics and Finance"
1130;72154;"Journal of Agricultural and Food Industrial Organization";journal;"15420485, 21945896";"Walter de Gruyter GmbH";No;No;0,193;Q3;27;14;37;581;15;37;0,42;41,50;23,33;2;Germany;Western Europe;"Walter de Gruyter GmbH";"2003-2026";"Business, Management and Accounting (miscellaneous) (Q3); Economics and Econometrics (Q4); Food Science (Q4)";"Agricultural and Biological Sciences; Business, Management and Accounting; Economics, Econometrics and Finance"
1131;21100865909;"Intertax";journal;"18758347, 01652826";"Kluwer Law International";No;No;0,193;Q4;13;99;96;2394;111;79;1,16;24,18;34,21;13;Netherlands;Western Europe;"Kluwer Law International";"2018-2026";"Law (Q3); Accounting (Q4)";"Business, Management and Accounting; Social Sciences"
1132;21100851350;"IZA Journal of Development and Migration";journal;"25201786";"Laborwide";Yes;No;0,193;Q4;33;14;77;589;96;77;0,80;42,07;45,45;12;Germany;Western Europe;"Laborwide";"2018-2024";"Anthropology (Q3); Demography (Q3); Development (Q3); Economics, Econometrics and Finance (miscellaneous) (Q3); Geography, Planning and Development (Q3); Sociology and Political Science (Q3); Organizational Behavior and Human Resource Management (Q4)";"Business, Management and Accounting; Economics, Econometrics and Finance; Social Sciences"
1133;21100782376;"Proceedings of the 2016 IEEE 20th International Conference on Computer Supported Cooperative Work in Design, CSCWD 2016";conference and proceedings;"-";"";No;No;0,193;-;13;0;122;0;116;120;0,00;0,00;0,00;0;United States;Northern America;"";"";"Computer Networks and Communications; Computer Science Applications; Signal Processing";"Computer Science"
1134;21100877173;"Journal of Asian Finance, Economics and Business (discontinued)";journal;"22884645, 22884637";"KODISA Foundation";Yes;No;0,192;Q3;51;121;60;4666;53;60;0,88;38,56;33,33;9;South Korea;Asiatic Region;"KODISA Foundation";"2018-2021";"Management Information Systems (Q3); Economics and Econometrics (Q4); Finance (Q4)";"Business, Management and Accounting; Economics, Econometrics and Finance"
1135;21100889417;"Advances in Hospitality and Tourism Research";journal;"21479100";"Akdeniz University Publishing House";Yes;No;0,192;Q4;15;13;11;693;5;11;0,45;53,31;60,00;0;Turkey;Middle East;"Akdeniz University Publishing House";"2018-2025";"Development (Q3); Tourism, Leisure and Hospitality Management (Q4)";"Business, Management and Accounting; Social Sciences"
1136;21100317750;"Journal of Environmental Management and Tourism (discontinued)";journal;"20687729";"ASERS Publishing House";Yes;No;0,192;Q4;26;200;418;5859;558;418;1,30;29,30;61,23;0;Romania;Eastern Europe;"ASERS Publishing House";"2013-2023";"Economics and Econometrics (Q4); Management, Monitoring, Policy and Law (Q4); Tourism, Leisure and Hospitality Management (Q4)";"Business, Management and Accounting; Economics, Econometrics and Finance; Environmental Science"
1137;22363;"Periodica Polytechnica Social and Management Sciences";journal;"14163837, 15873803";"Budapest University of Technology and Economics";Yes;No;0,192;Q4;18;18;52;818;40;52;0,75;45,44;39,47;0;Hungary;Eastern Europe;"Budapest University of Technology and Economics";"1999-2026";"Engineering (miscellaneous) (Q2); Decision Sciences (miscellaneous) (Q3); Social Sciences (miscellaneous) (Q3); Strategy and Management (Q4)";"Business, Management and Accounting; Decision Sciences; Engineering; Social Sciences"
1138;21100407629;"Revista Contabilidade e Financas";journal;"1808057X, 15197077";"Universidade de Sao Paulo. Museu de Zoologia";Yes;Yes;0,192;Q4;15;28;95;1088;52;83;0,49;38,86;35,62;0;Brazil;Latin America;"Universidade de Sao Paulo. Museu de Zoologia";"2015-2025";"Accounting (Q4); Finance (Q4)";"Business, Management and Accounting; Economics, Econometrics and Finance"
1139;19900191976;"DLSU Business and Economics Review";journal;"01167111, 2243786X";"De la Salle University";No;No;0,191;Q3;16;40;82;1398;38;80;0,34;34,95;46,27;0;Philippines;Asiatic Region;"De la Salle University";"2008-2025";"Economics, Econometrics and Finance (miscellaneous) (Q3); Marketing (Q3); Accounting (Q4); Strategy and Management (Q4)";"Business, Management and Accounting; Economics, Econometrics and Finance"
1140;19700177546;"Industria";journal;"19738137, 00197416";"Societa Editrice Il Mulino";No;No;0,191;Q3;13;17;88;1026;39;88;0,44;60,35;13,33;1;Italy;Western Europe;"Societa Editrice Il Mulino";"2010-2025";"Business and International Management (Q3); Economics, Econometrics and Finance (miscellaneous) (Q3); Management of Technology and Innovation (Q3); Strategy and Management (Q4)";"Business, Management and Accounting; Economics, Econometrics and Finance"
1141;21233;"Management (Croatia)";journal;"18463363, 13310194";"University of Split - Faculty of Economics";Yes;Yes;0,191;Q3;27;30;79;1151;63;77;0,50;38,37;67,14;1;Croatia;Eastern Europe;"University of Split - Faculty of Economics";"2007-2026";"Business, Management and Accounting (miscellaneous) (Q3); Strategy and Management (Q4)";"Business, Management and Accounting"
1142;18775;"Sociologie du Travail";journal;"00380296";"Centre de sociologie des organisations";No;No;0,191;Q3;32;29;66;1201;52;65;0,42;41,41;62,07;5;France;Western Europe;"Centre de sociologie des organisations";"1972, 1980, 1988, 1994-2025";"Industrial Relations (Q3); Sociology and Political Science (Q3)";"Business, Management and Accounting; Social Sciences"
1143;21100829177;"Journal of the Korean Society for Railway";journal;"17386225, 22882235";"Korean Society for Railway";No;No;0,191;Q4;8;104;202;1443;42;202;0,21;13,88;20,38;0;South Korea;Asiatic Region;"Korean Society for Railway";"2017-2025";"Automotive Engineering (Q3); Energy Engineering and Power Technology (Q3); Geography, Planning and Development (Q3); Transportation (Q3); Civil and Structural Engineering (Q4); Strategy and Management (Q4)";"Business, Management and Accounting; Energy; Engineering; Social Sciences"
1144;21100802689;"2016 International Conference on Information and Communication Technology Convergence, ICTC 2016";conference and proceedings;"-";"";No;No;0,191;-;16;0;299;0;229;297;0,00;0,00;0,00;0;United States;Northern America;"";"";"Management of Technology and Innovation";"Business, Management and Accounting"
1145;21100822827;"Communication Today";journal;"2730051X, 1338130X";"University of SS. Cyril and Methodius, Faculty of Mass Media Communication";No;No;0,190;Q3;12;21;35;757;25;34;0,71;36,05;63,64;0;Slovakia;Eastern Europe;"University of SS. Cyril and Methodius, Faculty of Mass Media Communication";"2017-2025";"Communication (Q3); Marketing (Q3)";"Business, Management and Accounting; Social Sciences"
1146;21100841770;"Global Journal of Emerging Market Economies";journal;"09749101, 09752730";"SAGE Publications Inc.";No;No;0,190;Q3;18;17;33;579;18;28;0,80;34,06;34,29;2;United Kingdom;Western Europe;"SAGE Publications Inc.";"2009-2026";"Business and International Management (Q3); Development (Q3); Economics, Econometrics and Finance (miscellaneous) (Q3); Geography, Planning and Development (Q3); Global and Planetary Change (Q4)";"Business, Management and Accounting; Economics, Econometrics and Finance; Environmental Science; Social Sciences"
1147;4700153105;"International Journal of Management Practice";journal;"17418143, 14779064";"Inderscience Enterprises Ltd";No;No;0,190;Q3;20;26;65;1617;28;65;0,41;62,19;32,43;1;United Kingdom;Western Europe;"Inderscience Enterprises Ltd";"2004-2026";"Business and International Management (Q3); Strategy and Management (Q4)";"Business, Management and Accounting"
1148;21100429502;"International Journal of Supply Chain Management (discontinued)";journal;"20507399, 20513771";"ExcelingTech";Yes;No;0,190;Q3;32;746;587;24836;701;586;1,27;33,29;42,73;0;United Kingdom;Western Europe;"ExcelingTech";"2012-2020";"Information Systems and Management (Q3); Management Information Systems (Q3); Information Systems (Q4)";"Business, Management and Accounting; Computer Science; Decision Sciences"
1149;21100836593;"International Journal of Sustainable Economy";journal;"17565812, 17565804";"Inderscience Enterprises Ltd";No;No;0,190;Q3;15;20;42;892;23;41;0,55;44,60;32,35;0;United Kingdom;Western Europe;"Inderscience Enterprises Ltd";"2017-2026";"Business and International Management (Q3); Development (Q3); Management of Technology and Innovation (Q3); Economics and Econometrics (Q4); Finance (Q4)";"Business, Management and Accounting; Economics, Econometrics and Finance; Social Sciences"
1150;19900193932;"Informacios Tarsadalom";journal;"15878694";"Infonia";No;No;0,190;-;8;29;71;943;20;71;0,36;32,52;37,50;0;Hungary;Eastern Europe;"Infonia";"2008-2025";"Communication (Q3)";"Social Sciences"
1151;21100800099;"International Conference on Virtual Rehabilitation, ICVR";conference and proceedings;"23319569";"Institute of Electrical and Electronics Engineers Inc.";No;No;0,190;-;15;73;92;1157;70;91;0,76;15,85;51,41;0;United States;Northern America;"Institute of Electrical and Electronics Engineers Inc.";"2015, 2017, 2019, 2021-2022";"Computer Science Applications; Tourism, Leisure and Hospitality Management";"Business, Management and Accounting; Computer Science"
1152;21100467829;"Proceedings - 2015 International Conference on Identification, Information, and Knowledge in the Internet of Things, IIKI 2015";conference and proceedings;"-";"";No;No;0,190;-;10;0;68;0;47;66;0,00;0,00;0,00;0;United States;Northern America;"";"";"Business, Management and Accounting (miscellaneous); Computational Mechanics; Computer Networks and Communications; Computer Science Applications; Control and Systems Engineering; Hardware and Architecture; Modeling and Simulation";"Business, Management and Accounting; Computer Science; Engineering; Mathematics"
1153;21100429166;"Proceedings of the Summer School Francesco Turco";conference and proceedings;"22838996";"AIDI - Italian Association of Industrial Operations Professors";No;No;0,190;-;13;75;185;2176;104;178;0,54;29,01;41,55;0;Italy;Western Europe;"AIDI - Italian Association of Industrial Operations Professors";"2013-2025";"Energy Engineering and Power Technology; Fuel Technology; Geochemistry and Petrology";"Earth and Planetary Sciences; Energy"
1154;6000195381;"Global Business and Organizational Excellence";journal;"19322054, 19322062";"John Wiley and Sons Inc";No;No;0,189;Q3;37;51;149;1199;61;120;0,35;23,51;33,33;1;United States;Northern America;"John Wiley and Sons Inc";"2006-2026";"Business and International Management (Q3); Organizational Behavior and Human Resource Management (Q4)";"Business, Management and Accounting"
1155;21100886537;"Operations and Supply Chain Management";journal;"19793561, 25799363";"Operations and Supply Chain Management Forum";Yes;No;0,189;Q3;25;24;20;1213;20;20;1,00;50,54;25,00;3;Indonesia;Asiatic Region;"Operations and Supply Chain Management Forum";"2018-2025";"Information Systems and Management (Q3); Management Information Systems (Q3); Management Science and Operations Research (Q4); Statistics, Probability and Uncertainty (Q4)";"Business, Management and Accounting; Decision Sciences"
1156;21100244215;"Revue d'Economie Industrielle";journal;"01543229, 17730198";"Editions Techniques et Economiques";No;No;0,189;Q3;18;16;69;966;21;68;0,24;60,38;32,43;4;France;Western Europe;"Editions Techniques et Economiques";"2008-2024";"Industrial Relations (Q3); Economics and Econometrics (Q4)";"Business, Management and Accounting; Economics, Econometrics and Finance"
1157;21100829917;"African Journal of Hospitality, Tourism and Leisure";journal;"2223814X";"Africa Journals";Yes;Yes;0,189;Q4;30;361;412;15467;308;412;0,75;42,84;36,07;0;South Africa;Africa;"Africa Journals";"2017-2025";"Geography, Planning and Development (Q3); Tourism, Leisure and Hospitality Management (Q4)";"Business, Management and Accounting; Social Sciences"
1158;21100212325;"International Journal of Disability Management";journal;"18344887, 18338550";"Cambridge University Press";No;No;0,189;Q4;12;2;16;129;15;16;0,91;64,50;50,00;0;United Kingdom;Western Europe;"Cambridge University Press";"2006-2020";"Health (social science) (Q4); Organizational Behavior and Human Resource Management (Q4)";"Business, Management and Accounting; Social Sciences"
1159;3900148208;"Global Business and Economics Review";journal;"10974954, 17451329";"Inderscience Enterprises Ltd";No;No;0,188;Q3;20;43;130;2310;67;128;0,53;53,72;50,00;2;United Kingdom;Western Europe;"Inderscience Enterprises Ltd";"2004-2026";"Business and International Management (Q3); Economics and Econometrics (Q4)";"Business, Management and Accounting; Economics, Econometrics and Finance"
1160;21100258386;"Institutions and Economies";journal;"22321640, 22321349";"Faculty of Economics and Administration";No;No;0,188;Q3;17;22;61;1092;45;60;0,61;49,64;31,37;0;Malaysia;Asiatic Region;"Faculty of Economics and Administration";"2012-2025";"Business, Management and Accounting (miscellaneous) (Q3); Economics, Econometrics and Finance (miscellaneous) (Q3)";"Business, Management and Accounting; Economics, Econometrics and Finance"
1161;21100818512;"Journal of Enabling Technologies";journal;"23986263";"Emerald Group Publishing Ltd.";No;No;0,188;Q3;29;24;59;749;69;53;0,89;31,21;46,27;0;United Kingdom;Western Europe;"Emerald Group Publishing Ltd.";"2017-2025";"Management of Technology and Innovation (Q3); Rehabilitation (Q3); Computer Science Applications (Q4); Health (social science) (Q4)";"Business, Management and Accounting; Computer Science; Medicine; Social Sciences"
1162;21100268385;"Formation Emploi";journal;"21070946, 07596340";"Documentation Francaise";No;No;0,188;Q4;9;26;165;659;20;146;0,14;25,35;60,00;0;France;Western Europe;"Documentation Francaise";"2012-2026";"Sociology and Political Science (Q3); Organizational Behavior and Human Resource Management (Q4)";"Business, Management and Accounting; Social Sciences"
1163;32541;"Manuals and Reports on Engineering Practice, American Society of Civil Engineers";book series;"07347685";"American Society of Civil Engineers (ASCE)";No;No;0,188;Q4;10;0;5;0;7;5;0,00;0,00;0,00;0;United States;Northern America;"American Society of Civil Engineers (ASCE)";"1969-1970, 1972, 1975-1976, 1980, 1983-1987, 1990-2001, 2003-2006, 2009-2018";"Chemical Engineering (miscellaneous) (Q3); Water Science and Technology (Q3); Strategy and Management (Q4)";"Business, Management and Accounting; Chemical Engineering; Environmental Science"
1164;21100792727;"Proceedings of the 6th International Conference on Information Communication and Management, ICICM 2016";conference and proceedings;"-";"";No;No;0,188;-;10;0;61;0;58;59;0,00;0,00;0,00;0;United States;Northern America;"";"";"Artificial Intelligence; Computer Science Applications; Information Systems and Management";"Computer Science; Decision Sciences"
1165;21100901158;"EURO Journal on Decision Processes";journal;"21939446, 21939438";"Elsevier B.V.";Yes;No;0,187;Q3;23;17;39;844;25;33;0,67;49,65;20,93;1;Germany;Western Europe;"Elsevier B.V.";"2013-2026";"Business, Management and Accounting (miscellaneous) (Q3); Decision Sciences (miscellaneous) (Q3); Applied Mathematics (Q4); Computational Mathematics (Q4); Statistics and Probability (Q4)";"Business, Management and Accounting; Decision Sciences; Mathematics"
1166;21100858350;"Fashion, Style and Popular Culture";journal;"20500734, 20500726";"Intellect Ltd.";No;No;0,187;Q3;10;24;47;1076;9;40;0,17;44,83;72,73;1;United Kingdom;Western Europe;"Intellect Ltd.";"2015-2026";"Cultural Studies (Q2); Marketing (Q3); Materials Science (miscellaneous) (Q3); Social Psychology (Q4); Strategy and Management (Q4)";"Business, Management and Accounting; Materials Science; Psychology; Social Sciences"
1167;11600153707;"Journal of Public Budgeting, Accounting and Financial Management";journal;"10963367, 19451814";"Emerald Group Publishing Ltd.";No;No;0,187;Q3;32;29;58;1799;26;58;0,44;62,03;60,87;0;United Kingdom;Western Europe;"Emerald Group Publishing Ltd.";"1995-1996, 2008, 2011-2026";"Business, Management and Accounting (miscellaneous) (Q3); Economics and Econometrics (Q4); Finance (Q4); Public Administration (Q4); Strategy and Management (Q4)";"Business, Management and Accounting; Economics, Econometrics and Finance; Social Sciences"
1168;21100905026;"Ukrainian Geographical Journal";journal;"15614980";"Publishing House Akademperiodyka";No;No;0,187;Q3;9;28;32;530;6;32;0,19;18,93;56,67;0;Ukraine;Eastern Europe;"Publishing House Akademperiodyka";"2018-2025";"Earth and Planetary Sciences (miscellaneous) (Q3); Earth-Surface Processes (Q3); Geography, Planning and Development (Q3); History and Philosophy of Science (Q3); Management of Technology and Innovation (Q3)";"Arts and Humanities; Business, Management and Accounting; Earth and Planetary Sciences; Social Sciences"
1169;14000156207;"Accounting Perspectives";journal;"19113838, 1911382X";"John Wiley and Sons Inc";No;No;0,187;Q4;28;15;49;143;29;49;0,56;9,53;42,86;1;Canada;Northern America;"John Wiley and Sons Inc";"2007-2026";"Accounting (Q4); Finance (Q4)";"Business, Management and Accounting; Economics, Econometrics and Finance"
1170;4400151741;"Research on Economic Inequality";book series;"10492585";"Emerald Group Publishing Ltd.";No;No;0,187;Q4;22;10;42;297;13;26;0,33;29,70;0,00;0;United Kingdom;Western Europe;"Emerald Group Publishing Ltd.";"2003-2004, 2006-2021, 2025-2026";"Sociology and Political Science (Q3); Organizational Behavior and Human Resource Management (Q4)";"Business, Management and Accounting; Social Sciences"
1171;21100786954;"Mobile! 2016 - Proceedings of the 1st International Workshop on Mobile Development, co-located with SPLASH 2016";conference and proceedings;"-";"";No;No;0,187;-;5;0;13;0;12;11;0,00;0,00;0,00;0;United States;Northern America;"";"";"Education; Management of Technology and Innovation";"Business, Management and Accounting; Social Sciences"
1172;21100390414;"Scientific Papers of the University of Pardubice, Series D: Faculty of Economics and Administration";journal;"18048048, 1211555X";"University of Pardubice";Yes;No;0,186;Q3;12;41;184;1309;67;184;0,37;31,93;57,89;0;Czech Republic;Eastern Europe;"University of Pardubice";"2014-2025";"Business, Management and Accounting (miscellaneous) (Q3); Economics, Econometrics and Finance (miscellaneous) (Q3)";"Business, Management and Accounting; Economics, Econometrics and Finance"
1173;21100788370;"Vision";journal;"09722629, 22495304";"SAGE Publications Ltd";Yes;No;0,186;Q3;34;52;147;1917;94;128;0,50;36,87;37,78;3;United Kingdom;Western Europe;"SAGE Publications Ltd";"2007, 2015-2026";"Business and International Management (Q3); Strategy and Management (Q4)";"Business, Management and Accounting"
1174;19971;"International Journal of Emergency Management";journal;"17415071, 14714825";"Inderscience Publishers";No;No;0,186;-;28;17;71;973;50;70;0,64;57,24;34,09;0;United Kingdom;Western Europe;"Inderscience Publishers";"2003-2024";"Emergency Medicine (Q3)";"Medicine"
1175;21100873594;"International Journal of Sport Communication";journal;"19363907, 19363915";"Human Kinetics Publishers Inc.";No;No;0,185;Q3;22;20;31;636;14;22;0,45;31,80;28,57;2;United Kingdom;Western Europe;"Human Kinetics Publishers Inc.";"2008, 2018-2026";"Business and International Management (Q3); Communication (Q3); Tourism, Leisure and Hospitality Management (Q4)";"Business, Management and Accounting; Social Sciences"
1176;18300156727;"Journal of Internet Banking and Commerce (discontinued)";journal;"12045357";"JIBC Publisher";No;No;0,185;Q3;31;0;174;0;141;170;0,00;0,00;0,00;0;Canada;Northern America;"JIBC Publisher";"2009-2016";"Management of Technology and Innovation (Q3); Marketing (Q3); Computer Networks and Communications (Q4); Computer Science Applications (Q4); Finance (Q4); Human-Computer Interaction (Q4)";"Business, Management and Accounting; Computer Science; Economics, Econometrics and Finance"
1177;100237;"Tekstilec";trade journal;"03513386, 23503696";"University of Ljubljana Press";Yes;Yes;0,185;Q3;17;27;97;854;67;96;0,81;31,63;42,17;0;Slovenia;Eastern Europe;"University of Ljubljana Press";"1989-2025";"Business and International Management (Q3); Business, Management and Accounting (miscellaneous) (Q3); Industrial and Manufacturing Engineering (Q3); Polymers and Plastics (Q3)";"Business, Management and Accounting; Engineering; Materials Science"
1178;23830;"Vikalpa";journal;"23953799, 02560909";"SAGE Publications Ltd";Yes;Yes;0,185;Q3;39;19;64;622;59;58;0,56;32,74;33,33;3;India;Asiatic Region;"SAGE Publications Ltd";"1981-1982, 1984, 1986, 1994, 1996-2026";"Business, Management and Accounting (miscellaneous) (Q3); Decision Sciences (miscellaneous) (Q4)";"Business, Management and Accounting; Decision Sciences"
1179;21100264891;"Applications of Management Science";book series;"02768976";"Emerald Group Publishing Ltd.";No;No;0,184;Q3;12;0;18;0;9;18;0,50;0,00;0,00;0;United Kingdom;Western Europe;"Emerald Group Publishing Ltd.";"2006, 2009-2010, 2012-2013, 2015, 2017-2018, 2020, 2022, 2025";"Business, Management and Accounting (miscellaneous) (Q3)";"Business, Management and Accounting"
1180;21100199113;"Asian Journal of Business and Accounting";journal;"21803137, 19854064";"Faculty of Business and Economics,University of Malaya";No;No;0,184;Q3;21;21;54;1341;39;48;0,83;63,86;42,22;0;Malaysia;Asiatic Region;"Faculty of Business and Economics,University of Malaya";"2008-2026";"Business and International Management (Q3); Accounting (Q4)";"Business, Management and Accounting"
1181;11300153718;"International Journal of Economics and Management";journal;"1823836X";"Universiti Putra Malaysia";No;No;0,184;Q3;30;35;221;1704;111;220;0,40;48,69;38,30;0;Malaysia;Asiatic Region;"Universiti Putra Malaysia";"2006-2025";"Business and International Management (Q3); Economics, Econometrics and Finance (miscellaneous) (Q3); Strategy and Management (Q4)";"Business, Management and Accounting; Economics, Econometrics and Finance"
1182;21100784719;"Proceedings - 11th IEEE International Conference on Global Software Engineering Companion Proceedings, ICGSEW 2016";conference and proceedings;"-";"";No;No;0,184;-;6;0;19;0;24;15;0,00;0,00;0,00;0;United States;Northern America;"";"";"Computer Networks and Communications; Hardware and Architecture";"Computer Science"
1183;4700152647;"Advances in Global Leadership";book series;"15351203";"Emerald Group Publishing Ltd.";No;No;0,183;Q3;22;12;38;501;32;24;1,00;41,75;50,00;0;United Kingdom;Western Europe;"Emerald Group Publishing Ltd.";"2001, 2003, 2006, 2009, 2011-2012, 2014, 2016-2020, 2022-2023, 2025-2026";"Business, Management and Accounting (miscellaneous) (Q3); Political Science and International Relations (Q3)";"Business, Management and Accounting; Social Sciences"
1184;21100863713;"International Journal of Knowledge and Systems Science";journal;"19478216, 19478208";"IGI Global Publishing";No;No;0,183;Q3;12;13;33;519;17;33;0,52;39,92;34,29;0;United States;Northern America;"IGI Global Publishing";"2017-2026";"Information Systems and Management (Q3); Management of Technology and Innovation (Q3); Artificial Intelligence (Q4); Information Systems (Q4); Organizational Behavior and Human Resource Management (Q4); Strategy and Management (Q4)";"Business, Management and Accounting; Computer Science; Decision Sciences"
1185;21100296637;"Studies in Managerial and Financial Accounting";book series;"14793512";"Emerald Group Publishing Ltd.";No;No;0,183;Q3;15;0;33;0;17;15;0,18;0,00;0,00;0;United Kingdom;Western Europe;"Emerald Group Publishing Ltd.";"2008-2018, 2020, 2022, 2024-2026";"Business, Management and Accounting (miscellaneous) (Q3); Accounting (Q4)";"Business, Management and Accounting"
1186;4700152810;"International Journal of Business Process Integration and Management";journal;"17418771, 17418763";"Inderscience Enterprises Ltd";No;No;0,182;Q3;22;19;29;799;20;29;0,69;42,05;40,38;0;United Kingdom;Western Europe;"Inderscience Enterprises Ltd";"2005-2015, 2017-2022, 2024-2025";"Business and International Management (Q3); Management Science and Operations Research (Q4); Strategy and Management (Q4)";"Business, Management and Accounting; Decision Sciences"
1187;22755;"Jurnal Ekonomi Malaysia";journal;"27166058, 01271962";"Penerbit Universiti Kebangsaan Malaysia";No;No;0,182;Q3;16;46;134;2412;67;134;0,53;52,43;37,61;0;Malaysia;Asiatic Region;"Penerbit Universiti Kebangsaan Malaysia";"1981, 1983, 2006-2025";"Business, Management and Accounting (miscellaneous) (Q3); Economics, Econometrics and Finance (miscellaneous) (Q3)";"Business, Management and Accounting; Economics, Econometrics and Finance"
1188;15355;"Travail Humain";journal;"00411868";"";No;No;0,182;Q3;27;12;37;932;22;36;0,45;77,67;56,67;5;France;Western Europe;"";"1947-1949, 1972-1993, 1996-2024";"Industrial Relations (Q3); Applied Psychology (Q4); Human Factors and Ergonomics (Q4); Psychology (miscellaneous) (Q4)";"Business, Management and Accounting; Psychology; Social Sciences"
1189;4800152317;"Financial Markets and Portfolio Management";journal;"19344554, 23738529";"Springer New York";No;No;0,182;Q4;31;15;48;739;19;48;0,28;49,27;18,18;3;United States;Northern America;"Springer New York";"2006-2026";"Accounting (Q4); Finance (Q4)";"Business, Management and Accounting; Economics, Econometrics and Finance"
1190;21100199523;"Direccion y Organizacion";journal;"1132175X, 21716323";"ADINGOR – Asociación para el Desarrollo de la Ingeniería de Organización";No;No;0,181;Q3;12;23;48;724;28;48;0,65;31,48;29,82;0;Spain;Western Europe;"ADINGOR – Asociación para el Desarrollo de la Ingeniería de Organización";"2011-2025";"Business, Management and Accounting (miscellaneous) (Q3); Industrial and Manufacturing Engineering (Q3)";"Business, Management and Accounting; Engineering"
1191;6800153107;"International Journal of Foresight and Innovation Policy";journal;"17402816, 17402824";"Inderscience";No;No;0,181;Q3;25;6;49;195;23;49;0,03;32,50;77,78;0;United Kingdom;Western Europe;"Inderscience";"2004-2013, 2015-2023";"Management of Technology and Innovation (Q3); Strategy and Management (Q4)";"Business, Management and Accounting"
1192;6800153108;"Jurnal Pengurusan";journal;"01272713";"Penerbit Universiti Kebangsaan Malaysia";No;No;0,181;Q3;22;48;151;3005;129;151;0,86;62,60;48,74;0;Malaysia;Asiatic Region;"Penerbit Universiti Kebangsaan Malaysia";"2006-2025";"Business and International Management (Q3); Business, Management and Accounting (miscellaneous) (Q3); Accounting (Q4)";"Business, Management and Accounting"
1193;21100913309;"Maritime Business Review";journal;"23973757, 23973765";"Emerald Group Publishing Ltd.";No;No;0,181;Q3;26;24;66;1021;94;63;1,20;42,54;29,09;0;United Kingdom;Western Europe;"Emerald Group Publishing Ltd.";"2016-2026";"Business and International Management (Q3); Management of Technology and Innovation (Q3); Strategy and Management (Q4); Transportation (Q4)";"Business, Management and Accounting; Social Sciences"
1194;21100889434;"Investigaciones Turisticas";journal;"21745609";"Universidad de Alicante. Instituto Universitario de Investigaciones Turísticas";Yes;Yes;0,181;Q4;11;20;17;1056;6;17;0,35;52,80;55,77;0;Spain;Western Europe;"Universidad de Alicante. Instituto Universitario de Investigaciones Turísticas";"2018-2025";"Social Sciences (miscellaneous) (Q3); Tourism, Leisure and Hospitality Management (Q4)";"Business, Management and Accounting; Social Sciences"
1195;5700153385;"Journal of Human Values";journal;"09730737, 09716858";"Sage Publications India Pvt. Ltd";No;No;0,181;Q4;23;17;65;449;50;57;0,69;26,41;25,00;1;India;Asiatic Region;"Sage Publications India Pvt. Ltd";"1995-2026";"Cultural Studies (Q2); Philosophy (Q2); Sociology and Political Science (Q3); Organizational Behavior and Human Resource Management (Q4); Social Psychology (Q4)";"Arts and Humanities; Business, Management and Accounting; Psychology; Social Sciences"
1196;5000158118;"Advances in International Management";book series;"15715027";"Emerald Group Publishing Ltd.";No;No;0,180;Q3;26;0;31;0;18;29;0,80;0,00;0,00;0;United Kingdom;Western Europe;"Emerald Group Publishing Ltd.";"2003-2005, 2007-2017, 2025-2026";"Business and International Management (Q3)";"Business, Management and Accounting"
1197;5600155273;"Cuadernos de Relaciones Laborales";journal;"11318635, 19882572";"Universidad Complutense Madrid";Yes;Yes;0,180;Q3;12;20;58;871;29;52;0,54;43,55;36,67;2;Spain;Western Europe;"Universidad Complutense Madrid";"2016-2025";"Industrial Relations (Q3); Organizational Behavior and Human Resource Management (Q4)";"Business, Management and Accounting"
1198;21100795207;"Journal of Telecommunications and the Digital Economy";journal;"22031693";"Telecommunications Association Inc.";No;No;0,180;Q3;17;29;97;526;21;97;0,23;18,14;36,11;4;Australia;Pacific Region;"Telecommunications Association Inc.";"2015-2025";"Media Technology (Q2); Communication (Q3); Management of Technology and Innovation (Q3); Computer Networks and Communications (Q4)";"Business, Management and Accounting; Computer Science; Engineering; Social Sciences"
1199;21100778000;"2016 13th International Conference on Service Systems and Service Management, ICSSSM 2016";conference and proceedings;"-";"";No;No;0,180;-;10;0;233;0;222;231;0,00;0,00;0,00;0;United States;Northern America;"";"";"Hardware and Architecture";"Computer Science"
1200;21100223332;"International Journal of Information System Modeling and Design";journal;"19478186, 19478194";"IGI Publishing";No;No;0,179;Q3;20;19;53;650;50;53;1,12;34,21;33,33;0;United States;Northern America;"IGI Publishing";"2010-2026";"Management of Technology and Innovation (Q3); Information Systems (Q4)";"Business, Management and Accounting; Computer Science"
1201;19700182325;"Investment Management and Financial Innovations";journal;"18104967, 18129358";"LLC CPC Business Perspectives";Yes;No;0,179;Q3;33;123;354;4364;228;354;0,78;35,48;42,14;1;Ukraine;Eastern Europe;"LLC CPC Business Perspectives";"2004-2026";"Business and International Management (Q3); Accounting (Q4); Economics and Econometrics (Q4); Finance (Q4); Strategy and Management (Q4)";"Business, Management and Accounting; Economics, Econometrics and Finance"
1202;21100329555;"Journal of Business and Retail Management Research (discontinued)";journal;"20566271, 17518202";"";Yes;No;0,179;Q3;21;0;190;0;154;188;0,86;0,00;0,00;0;United Kingdom;Western Europe;"";"2013-2018";"Business, Management and Accounting (miscellaneous) (Q3)";"Business, Management and Accounting"
1203;21100432037;"Journal of Modern Project Management (discontinued)";journal;"23173963";"Editora Mundos Sociais";No;No;0,179;Q3;18;35;117;1786;73;111;0,70;51,03;28,95;0;Canada;Northern America;"Editora Mundos Sociais";"2013-2025";"Business and International Management (Q3); Management of Technology and Innovation (Q3); Strategy and Management (Q4)";"Business, Management and Accounting"
1204;19700173309;"International Journal of Tourism Policy";journal;"17504090, 17504104";"Inderscience Publishers";No;No;0,179;Q4;23;16;51;1061;40;49;0,68;66,31;38,46;0;United Kingdom;Western Europe;"Inderscience Publishers";"2007-2025";"Tourism, Leisure and Hospitality Management (Q4)";"Business, Management and Accounting"
1205;21100852103;"Psihologia Resurselor Umane";journal;"23928077, 15837327";"Association of Industrial and Organizational Psychology (APIO)";Yes;No;0,179;Q4;7;8;20;255;5;17;0,25;31,88;88,89;0;Romania;Eastern Europe;"Association of Industrial and Organizational Psychology (APIO)";"2017-2025";"Clinical Psychology (Q4); Organizational Behavior and Human Resource Management (Q4)";"Business, Management and Accounting; Psychology"
1206;12669;"American Bankruptcy Law Journal";journal;"00279048";"National Conference of Bankruptcy Judges";No;No;0,178;Q3;17;5;56;207;19;53;0,49;41,40;28,57;0;United States;Northern America;"National Conference of Bankruptcy Judges";"1996-2011, 2014-2019";"Business, Management and Accounting (miscellaneous) (Q3); Law (Q3)";"Business, Management and Accounting; Social Sciences"
1207;21100889433;"International Journal of Evidence Based Coaching and Mentoring";journal;"17418305";"Oxford Brookes University";Yes;Yes;0,178;Q3;16;30;33;1451;12;31;0,36;48,37;57,45;1;United Kingdom;Western Europe;"Oxford Brookes University";"2018-2025";"Business, Management and Accounting (miscellaneous) (Q3); Education (Q4)";"Business, Management and Accounting; Social Sciences"
1208;19300157018;"Academy of Accounting and Financial Studies Journal (discontinued)";journal;"15282635, 10963685";"Allied Academies";No;No;0,177;Q4;26;159;226;5155;197;226;0,98;32,42;50,13;0;United States;Northern America;"Allied Academies";"2009-2021";"Accounting (Q4); Economics and Econometrics (Q4); Finance (Q4)";"Business, Management and Accounting; Economics, Econometrics and Finance"
1209;21100843529;"Business Systems Research";journal;"18479375";"Walter de Gruyter GmbH";Yes;No;0,177;Q4;19;26;43;1010;44;43;1,02;38,85;40,63;4;Germany;Western Europe;"Walter de Gruyter GmbH";"2017-2025";"Economics, Econometrics and Finance (miscellaneous) (Q3); Information Systems (Q4); Management Information Systems (Q4); Management of Technology and Innovation (Q4)";"Business, Management and Accounting; Computer Science; Economics, Econometrics and Finance"
1210;21100792728;"Proceedings - 13th Latin American Robotics Symposium and 4th Brazilian Symposium on Robotics, LARS/SBR 2016";conference and proceedings;"-";"";No;No;0,177;-;9;0;60;0;43;58;0,00;0,00;0,00;0;United States;Northern America;"";"";"Computer Networks and Communications; Information Systems; Management Information Systems; Signal Processing";"Business, Management and Accounting; Computer Science"
1211;19900192318;"Gadjah Mada International Journal of Business";journal;"14111128, 23387238";"Gadjah Mada University";Yes;Yes;0,176;Q3;20;15;45;951;43;45;1,00;63,40;39,47;1;Indonesia;Asiatic Region;"Gadjah Mada University";"2010-2026";"Business and International Management (Q3); Economics and Econometrics (Q4)";"Business, Management and Accounting; Economics, Econometrics and Finance"
1212;21100389310;"Management Revue (discontinued)";journal;"18619908, 09359915";"Nomos Verlagsgesellschaft mbH und Co KG";No;No;0,176;Q3;19;20;69;1185;52;60;0,90;59,25;34,15;3;Germany;Western Europe;"Nomos Verlagsgesellschaft mbH und Co KG";"2013-2024";"Business, Management and Accounting (miscellaneous) (Q3)";"Business, Management and Accounting"
1213;21100838563;"Annals of Applied Sport Science (discontinued)";journal;"24764981, 23224479";"";Yes;No;0,176;Q4;15;32;90;1022;35;90;0,39;31,94;22,94;0;Iran;Middle East;"";"2017-2025";"Social Sciences (miscellaneous) (Q3); Applied Psychology (Q4); Orthopedics and Sports Medicine (Q4); Physical Therapy, Sports Therapy and Rehabilitation (Q4); Tourism, Leisure and Hospitality Management (Q4)";"Business, Management and Accounting; Health Professions; Medicine; Psychology; Social Sciences"
1214;21100385812;"Journal of Chinese Human Resources Management";journal;"20408013, 20408005";"Porcelain Publishing International LTD";No;No;0,176;Q4;20;5;26;332;30;24;1,07;66,40;57,14;0;United Kingdom;Western Europe;"Porcelain Publishing International LTD";"2010-2025";"Cultural Studies (Q2); Organizational Behavior and Human Resource Management (Q4)";"Business, Management and Accounting; Social Sciences"
1215;21100265630;"Review of Marketing Research";book series;"15486435, 19447035";"Emerald Group Publishing Ltd.";No;No;0,176;Q4;24;8;38;446;18;24;0,48;55,75;30,77;0;United Kingdom;Western Europe;"Emerald Group Publishing Ltd.";"2007-2022, 2024-2026";"Marketing (Q4)";"Business, Management and Accounting"
1216;21100902690;"Credit and Capital Markets";journal;"21991227, 21991235";"Duncker und Humblot GmbH";No;No;0,175;Q3;7;24;82;805;29;75;0,38;33,54;5,41;4;Germany;Western Europe;"Duncker und Humblot GmbH";"2016-2025";"Business, Management and Accounting (miscellaneous) (Q3); Economics, Econometrics and Finance (miscellaneous) (Q3); Law (Q3)";"Business, Management and Accounting; Economics, Econometrics and Finance; Social Sciences"
1217;6200180168;"International Journal of Electronic Marketing and Retailing";journal;"17411025, 17411033";"Inderscience Enterprises Ltd";No;No;0,175;Q3;19;22;60;1515;37;58;0,49;68,86;37,25;0;United Kingdom;Western Europe;"Inderscience Enterprises Ltd";"2006-2026";"Business and International Management (Q3); Management Information Systems (Q4); Marketing (Q4)";"Business, Management and Accounting"
1218;12764;"International Journal of Technology, Policy and Management";journal;"17415292, 14684322";"Inderscience Enterprises Ltd";No;No;0,175;Q3;25;23;62;778;23;61;0,32;33,83;33,33;0;United Kingdom;Western Europe;"Inderscience Enterprises Ltd";"2001-2025";"Engineering (miscellaneous) (Q2); Business, Management and Accounting (miscellaneous) (Q3)";"Business, Management and Accounting; Engineering"
1219;22495;"Innovations";journal;"12674982";"De Boeck Supérieur";No;No;0,175;Q4;15;27;91;1394;41;89;0,47;51,63;46,38;4;Belgium;Western Europe;"De Boeck Supérieur";"2001-2024";"Economics and Econometrics (Q4); Strategy and Management (Q4)";"Business, Management and Accounting; Economics, Econometrics and Finance"
1220;21100800043;"Journal of Hospitality Financial Management";journal;"21522790, 10913211";"International Association of Hospitality Financial Management Educators";No;No;0,175;Q4;16;12;32;409;17;29;0,44;34,08;45,83;0;United States;Northern America;"International Association of Hospitality Financial Management Educators";"1997-2022";"Finance (Q4); Strategy and Management (Q4); Tourism, Leisure and Hospitality Management (Q4)";"Business, Management and Accounting; Economics, Econometrics and Finance"
1221;21100784644;"ForMABS 2016 - Proceedings of the International Workshop on Formal Methods for Analysis of Business Systems, co-located with ASE 2016";conference and proceedings;"-";"";No;No;0,175;-;1;0;4;0;4;2;0,00;0,00;0,00;0;United States;Northern America;"";"";"Computer Science Applications; Education; Media Technology; Modeling and Simulation";"Computer Science; Engineering; Mathematics; Social Sciences"
1222;21100379744;"Contaduria y Administracion";journal;"24488410, 01861042";"Universidad Nacional Autonoma de Mexico";Yes;No;0,174;Q3;27;76;202;4227;153;191;0,75;55,62;35,23;3;Mexico;Latin America;"Universidad Nacional Autonoma de Mexico";"2014-2026";"Business, Management and Accounting (miscellaneous) (Q3)";"Business, Management and Accounting"
1223;21100823283;"International Journal of Asian Business and Information Management";journal;"19479638, 19479646";"IGI Global Publishing";No;No;0,174;Q3;18;22;31;1156;14;31;0,45;52,55;21,74;0;United States;Northern America;"IGI Global Publishing";"2017-2026";"Cultural Studies (Q2); Business and International Management (Q3); Computer Science Applications (Q4); Management of Technology and Innovation (Q4); Strategy and Management (Q4)";"Business, Management and Accounting; Computer Science; Social Sciences"
1224;4000149708;"International Journal of Management and Enterprise Development";journal;"17418127, 14684330";"Inderscience Enterprises Ltd";No;No;0,174;Q3;31;19;55;1025;24;49;0,49;53,95;53,33;0;United Kingdom;Western Europe;"Inderscience Enterprises Ltd";"2003-2026";"Business and International Management (Q3); Management Science and Operations Research (Q4)";"Business, Management and Accounting; Decision Sciences"
1225;19600157006;"BAR - Brazilian Administration Review";journal;"18077692";"ANPAD - Associacao Nacional de Pos-Graduacao e Pesquisa em Administracao";Yes;Yes;0,174;Q4;25;21;74;1375;57;64;0,62;65,48;54,39;2;Brazil;Latin America;"ANPAD - Associacao Nacional de Pos-Graduacao e Pesquisa em Administracao";"2009-2026";"Strategy and Management (Q4)";"Business, Management and Accounting"
1226;21100286889;"Cuadernos de Turismo";journal;"19894635, 11397861";"Universidad de Murcia";Yes;Yes;0,174;Q4;15;40;143;1113;62;143;0,45;27,83;45,45;5;Spain;Western Europe;"Universidad de Murcia";"2013-2025";"Geography, Planning and Development (Q3); Nature and Landscape Conservation (Q4); Tourism, Leisure and Hospitality Management (Q4)";"Business, Management and Accounting; Environmental Science; Social Sciences"
1227;21100285030;"International Journal of Multicriteria Decision Making";journal;"20401078, 2040106X";"Inderscience";No;No;0,174;Q4;16;10;32;318;15;31;0,73;31,80;22,73;0;Switzerland;Western Europe;"Inderscience";"2010-2019, 2021-2025";"Management Science and Operations Research (Q4); Strategy and Management (Q4)";"Business, Management and Accounting; Decision Sciences"
1228;21100782372;"3rd International Conference on Signal Processing and Integrated Networks, SPIN 2016";conference and proceedings;"-";"";No;No;0,174;-;16;0;158;0;183;156;0,00;0,00;0,00;0;United States;Northern America;"";"";"Artificial Intelligence; Computer Graphics and Computer-Aided Design; Computer Networks and Communications; Computer Science Applications; Management Information Systems";"Business, Management and Accounting; Computer Science"
1229;21100223336;"International Journal of Human Capital and Information Technology Professionals";journal;"19473486, 19473478";"IGI Publishing";No;No;0,173;Q4;19;16;64;1071;65;64;1,10;66,94;29,41;0;United States;Northern America;"IGI Publishing";"2010-2025";"Computer Science (miscellaneous) (Q3); Management of Technology and Innovation (Q4)";"Business, Management and Accounting; Computer Science"
1230;21100827462;"Journal of Advanced Manufacturing Technology";journal;"19853157, 22898107";"Penerbit Universiti Teknikal Malaysia Melaka";Yes;Yes;0,173;Q4;12;57;172;1160;66;172;0,38;20,35;19,40;0;Malaysia;Asiatic Region;"Penerbit Universiti Teknikal Malaysia Melaka";"2017-2025";"Automotive Engineering (Q3); Industrial and Manufacturing Engineering (Q3); Computer Networks and Communications (Q4); Control and Optimization (Q4); Hardware and Architecture (Q4); Management of Technology and Innovation (Q4); Software (Q4)";"Business, Management and Accounting; Computer Science; Engineering; Mathematics"
1231;21100865931;"EC Tax Review";journal;"09282750, 18758363";"Kluwer Law International";No;No;0,172;Q4;9;33;35;562;34;29;0,97;17,03;33,33;7;Netherlands;Western Europe;"Kluwer Law International";"2018-2025";"Law (Q3); Accounting (Q4)";"Business, Management and Accounting; Social Sciences"
1232;21100239661;"Journal Globalization, Competitiveness and Governability";journal;"19887116";"Georgetown University";Yes;Yes;0,171;Q3;9;18;55;776;21;54;0,32;43,11;32,76;0;United States;Northern America;"Georgetown University";"2013-2026";"Business, Management and Accounting (miscellaneous) (Q3); Economics, Econometrics and Finance (miscellaneous) (Q3); Social Sciences (miscellaneous) (Q3)";"Business, Management and Accounting; Economics, Econometrics and Finance; Social Sciences"
1233;5600155528;"International Journal of Organization Theory and Behavior";journal;"15324273, 10934537";"Emerald Publishing";No;No;0,171;Q4;17;20;67;1434;23;61;0,38;71,70;40,00;0;United Kingdom;Western Europe;"Emerald Publishing";"2012-2026";"Applied Psychology (Q4); Organizational Behavior and Human Resource Management (Q4); Public Administration (Q4)";"Business, Management and Accounting; Psychology; Social Sciences"
1234;21100795277;"Proceedings - 13th IEEE International Conference on E-Business Engineering, ICEBE 2016 - Including 12th Workshop on Service-Oriented Applications, Integration and Collaboration, SOAIC 2016";conference and proceedings;"-";"";No;No;0,171;-;8;0;54;0;44;50;0,81;0,00;0,00;0;United States;Northern America;"";"";"Computer Networks and Communications; Computer Science Applications; Hardware and Architecture; Information Systems and Management; Media Technology; Safety, Risk, Reliability and Quality; Software";"Computer Science; Decision Sciences; Engineering"
1235;12100155657;"Mundo Agrario";journal;"15155994";"Universidad Nacional de La Plata";Yes;Yes;0,170;Q3;12;16;93;706;23;93;0,14;44,13;57,69;0;Argentina;Latin America;"Universidad Nacional de La Plata";"2008-2025";"History (Q2); Agricultural and Biological Sciences (miscellaneous) (Q3); Geography, Planning and Development (Q3); Industrial Relations (Q3); Urban Studies (Q3)";"Agricultural and Biological Sciences; Arts and Humanities; Business, Management and Accounting; Social Sciences"
1236;21100775605;"Proceedings of 2016 IEEE International Conference on Cloud Computing and Big Data Analysis, ICCCBDA 2016";conference and proceedings;"-";"";No;No;0,170;-;12;0;71;0;72;70;0,00;0,00;0,00;0;United States;Northern America;"";"";"Business, Management and Accounting (miscellaneous); Industrial and Manufacturing Engineering; Safety, Risk, Reliability and Quality";"Business, Management and Accounting; Engineering"
1237;24681;"American Business Law Journal";journal;"17441714, 00027766";"John Wiley and Sons Inc";No;No;0,169;Q3;32;16;51;202;29;44;0,66;12,63;50,00;7;United Kingdom;Western Europe;"John Wiley and Sons Inc";"1963-2026";"Business and International Management (Q3); Law (Q3)";"Business, Management and Accounting; Social Sciences"
1238;8000153105;"International Journal of Environment and Health";journal;"17434963, 17434955";"Inderscience Enterprises Ltd";No;No;0,169;Q3;19;10;37;526;17;34;0,45;52,60;55,26;0;United Kingdom;Western Europe;"Inderscience Enterprises Ltd";"2007-2021, 2023-2024";"Business, Management and Accounting (miscellaneous) (Q3); Environmental Science (miscellaneous) (Q3); Public Health, Environmental and Occupational Health (Q4)";"Business, Management and Accounting; Environmental Science; Medicine"
1239;21100780827;"Proceedings - 2016 International Conference on Digital Economy: Emerging Technologies and Business Innovation, ICDEc 2016";conference and proceedings;"-";"";No;No;0,169;-;6;0;15;0;12;13;0,00;0,00;0,00;0;United States;Northern America;"";"";"Electrical and Electronic Engineering";"Engineering"
1240;17500155011;"International Journal of Intelligent Enterprise";journal;"17453232, 17453240";"Inderscience Enterprises Ltd";No;No;0,168;Q3;15;26;57;708;33;56;0,65;27,23;20,00;0;United Kingdom;Western Europe;"Inderscience Enterprises Ltd";"2007, 2009, 2012-2026";"Business and International Management (Q3); Management of Technology and Innovation (Q4); Strategy and Management (Q4)";"Business, Management and Accounting"
1241;21100396345;"International Journal of Learning and Change";journal;"17402875, 17402883";"Inderscience";No;No;0,168;Q4;14;26;54;1177;94;53;1,84;45,27;52,73;0;Switzerland;Western Europe;"Inderscience";"2005, 2015-2025";"Education (Q4); Management of Technology and Innovation (Q4)";"Business, Management and Accounting; Social Sciences"
1242;21100275419;"Rivista di Studi sulla Sostenibilita";journal;"22397221, 22391959";"FrancoAngeli";No;No;0,168;Q4;17;37;77;1053;101;73;0,78;28,46;51,85;0;Italy;Western Europe;"FrancoAngeli";"2011-2025";"Development (Q3); Law (Q3); Economics and Econometrics (Q4); Management, Monitoring, Policy and Law (Q4); Renewable Energy, Sustainability and the Environment (Q4); Strategy and Management (Q4)";"Business, Management and Accounting; Economics, Econometrics and Finance; Energy; Environmental Science; Social Sciences"
1243;21100801719;"2016 8th Computer Science and Electronic Engineering Conference, CEEC 2016 - Conference Proceedings";conference and proceedings;"-";"";No;No;0,168;-;9;0;41;0;38;40;0,93;0,00;0,00;0;United States;Northern America;"";"";"Education; Engineering (miscellaneous); Management of Technology and Innovation";"Business, Management and Accounting; Engineering; Social Sciences"
1244;21100887531;"Administrative Theory and Praxis";journal;"19490461, 10841806";"Taylor and Francis Ltd.";No;No;0,167;Q3;23;25;29;1529;14;26;0,48;61,16;58,33;0;United Kingdom;Western Europe;"Taylor and Francis Ltd.";"2018-2026";"Business and International Management (Q3); Sociology and Political Science (Q3); Public Administration (Q4); Strategy and Management (Q4)";"Business, Management and Accounting; Social Sciences"
1245;21100408192;"International Review of Management and Marketing";journal;"21464405";"Econjournals";Yes;No;0,167;Q3;25;0;527;0;361;527;0,00;0,00;0,00;0;Turkey;Middle East;"Econjournals";"2015-2016, 2024-2026";"Business, Management and Accounting (miscellaneous) (Q3)";"Business, Management and Accounting"
1246;21100429175;"Northwestern Journal of International Law and Business";journal;"01963228";"Northwestern University School of Law";No;No;0,167;Q3;11;11;42;510;53;41;1,62;46,36;50,00;0;United States;Northern America;"Northwestern University School of Law";"2015-2025";"Business and International Management (Q3); Law (Q3); Strategy and Management (Q4)";"Business, Management and Accounting; Social Sciences"
1247;19900193627;"eJournal of Tax Research";journal;"14482398";"University of New South Wales";No;No;0,167;Q4;15;31;64;485;33;62;0,33;15,65;54,35;0;Australia;Pacific Region;"University of New South Wales";"2011-2025";"Accounting (Q4); Economics and Econometrics (Q4); Finance (Q4)";"Business, Management and Accounting; Economics, Econometrics and Finance"
1248;21100831441;"TEM Journal";journal;"22178309, 22178333";"UIKTEN - Association for Information Communication Technology Education and Science";Yes;No;0,167;Q4;31;206;239;3970;200;239;0,84;19,27;45,37;0;Serbia;Eastern Europe;"UIKTEN - Association for Information Communication Technology Education and Science";"2017-2025";"Computer Science (miscellaneous) (Q3); Education (Q4); Information Systems (Q4); Information Systems and Management (Q4); Management of Technology and Innovation (Q4); Strategy and Management (Q4)";"Business, Management and Accounting; Computer Science; Decision Sciences; Social Sciences"
1249;21100942398;"Emerald Emerging Markets Case Studies";journal;"20450621";"Emerald Group Publishing Ltd.";No;No;0,166;Q3;11;122;264;1320;22;264;0,12;10,82;41,10;0;United Kingdom;Western Europe;"Emerald Group Publishing Ltd.";"2011-2026";"Business and International Management (Q3); Economics and Econometrics (Q4); Education (Q4); Finance (Q4); Strategy and Management (Q4)";"Business, Management and Accounting; Economics, Econometrics and Finance; Social Sciences"
1250;100147315;"Journal of Applied Business Research (discontinued)";journal;"08927626";"Clute Institute";No;No;0,166;Q3;36;13;280;581;153;280;0,41;44,69;25,93;0;United States;Northern America;"Clute Institute";"2005-2023";"Business and International Management (Q3)";"Business, Management and Accounting"
1251;10400153309;"Revista de Metodos Cuantitativos para la Economia y la Empresa";journal;"1886516X";"Universidad Pablo de Olavide";Yes;Yes;0,166;Q3;13;37;82;1418;19;81;0,16;38,32;34,25;0;Spain;Western Europe;"Universidad Pablo de Olavide";"2006-2025";"Business, Management and Accounting (miscellaneous) (Q3); Economics, Econometrics and Finance (miscellaneous) (Q3)";"Business, Management and Accounting; Economics, Econometrics and Finance"
1252;4100151706;"International Journal of Business Intelligence and Data Mining";journal;"17438195, 17438187";"Inderscience Enterprises Ltd";No;No;0,166;Q4;24;53;94;1864;39;93;0,34;35,17;34,78;0;United Kingdom;Western Europe;"Inderscience Enterprises Ltd";"2005-2026";"Information Systems and Management (Q4); Management Information Systems (Q4); Statistics, Probability and Uncertainty (Q4)";"Business, Management and Accounting; Decision Sciences"
1253;21100200830;"International Journal of Information Science and Management";journal;"20088310, 20088302";"Regional Information Center for Science and Technology";Yes;Yes;0,166;Q4;16;16;53;545;25;53;0,42;34,06;57,14;0;Iran;Middle East;"Regional Information Center for Science and Technology";"2008-2025";"Library and Information Sciences (Q3); Information Systems and Management (Q4); Management Information Systems (Q4); Statistics, Probability and Uncertainty (Q4)";"Business, Management and Accounting; Decision Sciences; Social Sciences"
1254;21100820055;"Journal of Distribution Science";journal;"17383110, 20937717";"KODISA Foundation";Yes;No;0,166;Q4;22;129;302;5004;109;302;0,42;38,79;26,92;0;South Korea;Asiatic Region;"KODISA Foundation";"2016-2025";"Business and International Management (Q4); Economics and Econometrics (Q4); Marketing (Q4)";"Business, Management and Accounting; Economics, Econometrics and Finance"
1255;19500157308;"Zeitschrift fur die gesamte Versicherungswissenschaft";journal;"00442585, 18659748";"Duncker und Humblot GmbH";Yes;Yes;0,166;Q4;13;17;77;716;16;72;0,24;42,12;33,33;0;Germany;Western Europe;"Duncker und Humblot GmbH";"1979-1996, 2005-2006, 2008-2025";"Accounting (Q4); Economics and Econometrics (Q4); Finance (Q4)";"Business, Management and Accounting; Economics, Econometrics and Finance"
1256;21100775912;"2016 IEEE/ACIS 14th International Conference on Software Engineering Research, Management and Applications, SERA 2016";conference and proceedings;"-";"";No;No;0,166;-;9;0;40;0;38;37;0,00;0,00;0,00;0;United States;Northern America;"";"";"Chemical Engineering (miscellaneous); Engineering (miscellaneous); Modeling and Simulation; Renewable Energy, Sustainability and the Environment";"Chemical Engineering; Energy; Engineering; Mathematics"
1257;21100461362;"Proceedings of the 5th IEEE International Conference on Electric Utility Deregulation, Restructuring and Power Technologies, DRPT 2015";conference and proceedings;"-";"";No;No;0,166;-;13;0;524;0;237;522;0,00;0,00;0,00;0;United States;Northern America;"";"";"Electrical and Electronic Engineering; Electronic, Optical and Magnetic Materials";"Engineering; Materials Science"
1258;19600162021;"Pertanika Journal of Social Sciences and Humanities";journal;"01287702, 22318534";"Universiti Putra Malaysia";Yes;No;0,165;Q3;24;264;1018;9850;343;1010;0,32;37,31;46,51;0;Malaysia;Asiatic Region;"Universiti Putra Malaysia";"2009-2025";"Arts and Humanities (miscellaneous) (Q3); Business, Management and Accounting (miscellaneous) (Q3); Economics, Econometrics and Finance (miscellaneous) (Q3); Social Sciences (miscellaneous) (Q3)";"Arts and Humanities; Business, Management and Accounting; Economics, Econometrics and Finance; Social Sciences"
1259;22988;"Revista Venezolana de Gerencia";journal;"13159984";"Universidad del Zulia";Yes;Yes;0,165;Q3;19;128;162;4053;68;147;0,36;31,66;47,35;0;Venezuela;Latin America;"Universidad del Zulia";"1996-2026";"Business, Management and Accounting (miscellaneous) (Q3); Geography, Planning and Development (Q4)";"Business, Management and Accounting; Social Sciences"
1260;13891;"International Journal for Housing Science and Its Applications (discontinued)";journal;"01466518";"International Association for Housing Science";No;No;0,165;Q4;14;0;37;0;16;36;0,42;0,00;0,00;0;United States;Northern America;"International Association for Housing Science";"1977-1990, 1993-2017";"Architecture (Q2); Building and Construction (Q4); Marketing (Q4); Mechanical Engineering (Q4)";"Business, Management and Accounting; Engineering"
1261;21100210915;"International Journal of Business";journal;"10834346";"Chaoyang University of Technology";No;No;0,165;Q4;16;24;76;1212;40;76;0,55;50,50;46,43;0;Taiwan;Asiatic Region;"Chaoyang University of Technology";"2007, 2010-2025";"Business and International Management (Q4); Economics and Econometrics (Q4); Finance (Q4); Strategy and Management (Q4)";"Business, Management and Accounting; Economics, Econometrics and Finance"
1262;21100923467;"Transnational Corporations Review";journal;"19186444, 19252099";"Elsevier B.V.";Yes;No;0,165;Q4;27;30;84;1375;47;82;0,43;45,83;21,28;7;Netherlands;Western Europe;"Elsevier B.V.";"2009-2025";"Business and International Management (Q4); Economics and Econometrics (Q4); Finance (Q4); Strategy and Management (Q4)";"Business, Management and Accounting; Economics, Econometrics and Finance"
1263;21100820860;"2017 7th International Conference on Modeling, Simulation, and Applied Optimization, ICMSAO 2017";conference and proceedings;"-";"";No;No;0,165;-;12;0;86;0;91;85;1,06;0,00;0,00;0;United States;Northern America;"";"";"Industrial and Manufacturing Engineering; Strategy and Management";"Business, Management and Accounting; Engineering"
1264;3300147410;"Journal of Asian Pacific Communication";journal;"15699838, 09576851";"John Benjamins Publishing Company";No;No;0,164;Q3;25;14;47;623;30;45;0,43;44,50;41,67;1;Netherlands;Western Europe;"John Benjamins Publishing Company";"2000-2026";"Business, Management and Accounting (miscellaneous) (Q3); Communication (Q3); Economics and Econometrics (Q4); Geography, Planning and Development (Q4)";"Business, Management and Accounting; Economics, Econometrics and Finance; Social Sciences"
1265;12364;"International Journal of Information and Management Sciences";journal;"10171819";"Tamkang University";No;No;0,164;Q4;27;22;69;789;26;69;0,39;35,86;33,33;0;Taiwan;Asiatic Region;"Tamkang University";"1996-2025";"Industrial and Manufacturing Engineering (Q3); Control and Systems Engineering (Q4); Information Systems and Management (Q4); Management Information Systems (Q4); Strategy and Management (Q4)";"Business, Management and Accounting; Decision Sciences; Engineering"
1266;18800156725;"Research Journal of Business Management (discontinued)";journal;"18191932, 21520437";"Academic Journals Inc.";No;No;0,164;Q4;14;0;8;0;8;8;0,00;0,00;0,00;0;United States;Northern America;"Academic Journals Inc.";"2009-2016";"Business and International Management (Q4); Management of Technology and Innovation (Q4); Organizational Behavior and Human Resource Management (Q4); Strategy and Management (Q4)";"Business, Management and Accounting"
1267;29444;"Colourage (discontinued)";trade journal;"00101826";"Colour Publications Pvt. Ltd";No;No;0,163;Q3;25;67;200;321;9;200;0,04;4,79;21,43;0;India;Asiatic Region;"Colour Publications Pvt. Ltd";"1989-2020";"Business, Management and Accounting (miscellaneous) (Q3); Environmental Science (miscellaneous) (Q3); Industrial and Manufacturing Engineering (Q3)";"Business, Management and Accounting; Engineering; Environmental Science"
1268;21100897522;"i-com";journal;"21966826, 1618162X";"De Gruyter Oldenbourg";Yes;No;0,163;Q3;18;16;24;520;21;22;0,88;32,50;32,69;1;Germany;Western Europe;"De Gruyter Oldenbourg";"2001-2026";"Business, Management and Accounting (miscellaneous) (Q3); Communication (Q3); Computer Networks and Communications (Q4); Human-Computer Interaction (Q4); Information Systems (Q4); Social Psychology (Q4)";"Business, Management and Accounting; Computer Science; Psychology; Social Sciences"
1269;145292;"Development and Learning in Organizations";journal;"14777282";"Emerald Group Publishing Ltd.";No;No;0,163;Q4;26;71;176;236;50;168;0,25;3,32;49,18;0;United Kingdom;Western Europe;"Emerald Group Publishing Ltd.";"2003-2026";"Library and Information Sciences (Q3); Organizational Behavior and Human Resource Management (Q4)";"Business, Management and Accounting; Social Sciences"
1270;11600153630;"Innovar";journal;"22486968, 01215051";"Universidad Nacional de Colombia";Yes;Yes;0,163;Q4;20;46;137;1951;49;121;0,31;42,41;49,44;2;Colombia;Latin America;"Universidad Nacional de Colombia";"2008-2026";"Sociology and Political Science (Q3); Accounting (Q4); Marketing (Q4); Public Administration (Q4); Strategy and Management (Q4)";"Business, Management and Accounting; Social Sciences"
1271;21100857397;"International Journal of E-Services and Mobile Applications";journal;"1941627X, 19416288";"IGI Global Publishing";No;No;0,163;Q4;17;20;34;1017;25;34;0,74;50,85;56,10;0;United States;Northern America;"IGI Global Publishing";"2017-2025";"Computer Networks and Communications (Q4); Computer Science Applications (Q4); Management Information Systems (Q4); Marketing (Q4); Strategy and Management (Q4)";"Business, Management and Accounting; Computer Science"
1272;21100423723;"International Journal of Electronic Business";journal;"14706067, 17415063";"Inderscience";No;No;0,162;Q3;17;4;40;312;26;40;0,61;78,00;30,00;0;Switzerland;Western Europe;"Inderscience";"2007, 2009, 2011, 2014-2026";"Business, Management and Accounting (miscellaneous) (Q3); Computer Science Applications (Q4)";"Business, Management and Accounting; Computer Science"
1273;12100155425;"South African Journal of Business Management";journal;"20785585, 20785976";"AOSIS (Pty) Ltd";Yes;No;0,162;Q4;27;27;97;1860;64;97;0,64;68,89;36,36;0;South Africa;Africa;"AOSIS (Pty) Ltd";"1985, 2008-2026";"Business and International Management (Q4); Strategy and Management (Q4)";"Business, Management and Accounting"
1274;21100792097;"Proceedings of the 3rd Asia-Europe Symposium on Simulation and Serious Gaming - 15th ACM SIGGRAPH Conference on Virtual-Reality Continuum and Its Applications in Industry, VRCAI 2016";conference and proceedings;"-";"";No;No;0,162;-;4;0;14;0;8;12;0,00;0,00;0,00;0;United States;Northern America;"";"";"Industrial and Manufacturing Engineering; Mechanical Engineering; Safety, Risk, Reliability and Quality";"Engineering"
1275;21100870824;"Capitale Culturale";journal;"20392362";"eum - Edizioni Universita di Macerata";Yes;Yes;0,161;Q4;8;65;67;3169;12;63;0,18;48,75;60,81;0;Italy;Western Europe;"eum - Edizioni Universita di Macerata";"2018-2025";"Archeology (arts and humanities) (Q2); Conservation (Q2); History (Q2); Museology (Q2); Arts and Humanities (miscellaneous) (Q3); Tourism, Leisure and Hospitality Management (Q4)";"Arts and Humanities; Business, Management and Accounting"
1276;21100903446;"E-Journal of International and Comparative Labour Studies";journal;"22804056";"ADAPT University Press";Yes;No;0,161;Q4;7;23;22;798;5;22;0,23;34,70;39,39;0;Italy;Western Europe;"ADAPT University Press";"2018-2025";"Law (Q3); Industrial Relations (Q4); Organizational Behavior and Human Resource Management (Q4)";"Business, Management and Accounting; Social Sciences"
1277;21100820863;"2017 4th International Conference on Industrial Engineering and Applications, ICIEA 2017";conference and proceedings;"-";"";No;No;0,161;-;12;0;78;0;66;76;0,85;0,00;0,00;0;United States;Northern America;"";"";"Computer Networks and Communications; Computer Vision and Pattern Recognition; Human-Computer Interaction; Software";"Computer Science"
1278;21100888250;"IBIMA Business Review";journal;"19473788";"IBIMA Publishing";No;No;0,160;Q3;13;25;4;883;3;4;0,75;35,32;60,61;0;United States;Northern America;"IBIMA Publishing";"2012, 2018-2026";"Business, Management and Accounting (miscellaneous) (Q3); Education (Q4)";"Business, Management and Accounting; Social Sciences"
1279;4200151514;"International Journal of Business Performance Management";journal;"13684892, 17415039";"Inderscience Enterprises Ltd";No;No;0,160;Q4;27;23;75;1076;38;75;0,41;46,78;23,91;0;United Kingdom;Western Europe;"Inderscience Enterprises Ltd";"1998-2026";"Business and International Management (Q4); Strategy and Management (Q4)";"Business, Management and Accounting"
1280;5600154056;"Futuribles: Analyse et Prospective";journal;"0337307X";"Futuribles";No;No;0,159;Q3;7;63;146;690;11;130;0,04;10,95;25,00;3;France;Western Europe;"Futuribles";"1977, 1979, 1983-1987, 1989-1997, 1999, 2005-2026";"Business, Management and Accounting (miscellaneous) (Q3); Social Sciences (miscellaneous) (Q3)";"Business, Management and Accounting; Social Sciences"
1281;21100867420;"Pakistan Journal of Commerce and Social Sciences";journal;"19978553, 23098619";"Johar Education Society Pakistan";Yes;Yes;0,159;Q3;27;52;46;3748;35;46;0,76;72,08;32,56;0;Pakistan;Asiatic Region;"Johar Education Society Pakistan";"2018-2025";"Business, Management and Accounting (miscellaneous) (Q3); Economics and Econometrics (Q4); Finance (Q4)";"Business, Management and Accounting; Economics, Econometrics and Finance"
1282;4000152118;"Advances in Financial Economics";book series;"15693732";"Emerald Group Publishing Ltd.";No;No;0,159;Q4;16;0;15;0;5;7;0,33;0,00;0,00;0;United Kingdom;Western Europe;"Emerald Group Publishing Ltd.";"2001-2005, 2007, 2009, 2011-2015, 2017-2018, 2022, 2025-2026";"Economics, Econometrics and Finance (miscellaneous) (Q3); Accounting (Q4); Finance (Q4)";"Business, Management and Accounting; Economics, Econometrics and Finance"
1283;21100298613;"International Business and Management";book series;"1876066X";"Emerald Group Publishing Ltd.";No;No;0,158;Q4;8;0;38;0;15;9;0,38;0,00;0,00;0;United Kingdom;Western Europe;"Emerald Group Publishing Ltd.";"2011-2018, 2020-2021, 2025-2026";"Business and International Management (Q4)";"Business, Management and Accounting"
1284;21100440516;"International Journal of Computer Information Systems and Industrial Management Applications";journal;"21507988";"Cerebration Science Publishing";Yes;No;0,158;Q4;15;23;82;784;58;82;0,77;34,09;24,19;0;United States;Northern America;"Cerebration Science Publishing";"2015-2026";"Artificial Intelligence (Q4); Computer Vision and Pattern Recognition (Q4); Information Systems (Q4); Management Information Systems (Q4); Signal Processing (Q4); Strategy and Management (Q4)";"Business, Management and Accounting; Computer Science"
1285;26918;"Negotiation Journal";journal;"15719979, 07484526";"MIT Press";No;No;0,158;Q4;42;54;86;1104;21;74;0,15;20,44;26,53;2;United States;Northern America;"MIT Press";"1985-2025";"Social Sciences (miscellaneous) (Q3); Management of Technology and Innovation (Q4); Strategy and Management (Q4)";"Business, Management and Accounting; Social Sciences"
1286;21100465091;"Proceedings - 4th International Workshop on Software Engineering for Systems-of-Systems, SESoS 2016";conference and proceedings;"-";"";No;No;0,158;-;4;0;8;0;11;6;0,00;0,00;0,00;0;United States;Northern America;"";"";"Organizational Behavior and Human Resource Management; Social Psychology; Software";"Business, Management and Accounting; Computer Science; Psychology"
1287;21100457014;"Proceedings of the IEEE National Aerospace Electronics Conference, NAECON";conference and proceedings;"23792027, 05473578";"Institute of Electrical and Electronics Engineers Inc.";No;No;0,158;-;22;131;346;2469;286;341;0,91;18,85;16,01;0;United States;Northern America;"Institute of Electrical and Electronics Engineers Inc.";"2016-2019, 2021, 2023-2025";"Industrial and Manufacturing Engineering; Management of Technology and Innovation; Strategy and Management";"Business, Management and Accounting; Engineering"
1288;21100786911;"Scientific Annals of Economics and Business";journal;"25013165, 25011960";"Alexandru Ioan Cuza University of Iasi";Yes;Yes;0,157;Q3;18;48;110;2121;68;109;0,69;44,19;36,36;1;Romania;Eastern Europe;"Alexandru Ioan Cuza University of Iasi";"2016-2025";"Business, Management and Accounting (miscellaneous) (Q3); Economics, Econometrics and Finance (miscellaneous) (Q3)";"Business, Management and Accounting; Economics, Econometrics and Finance"
1289;21100939696;"BMJ Leader";journal;"2398631X";"BMJ Publishing Group";No;No;0,157;Q4;22;20;57;519;20;44;0,35;25,95;58,49;2;United Kingdom;Western Europe;"BMJ Publishing Group";"2017-2026";"Health Policy (Q4); Leadership and Management (Q4); Strategy and Management (Q4)";"Business, Management and Accounting; Medicine; Nursing"
1290;21100894767;"INFORMS Transactions on Education";journal;"15320545";"INFORMS Inst.for Operations Res.and the Management Sciences";Yes;Yes;0,157;Q4;10;17;15;339;10;14;0,67;19,94;42,86;0;United States;Northern America;"INFORMS Inst.for Operations Res.and the Management Sciences";"2001, 2006, 2009, 2012, 2014, 2018-2025";"Education (Q4); Management Information Systems (Q4); Management Science and Operations Research (Q4)";"Business, Management and Accounting; Decision Sciences; Social Sciences"
1291;4000151815;"International Journal of Internet Marketing and Advertising";journal;"14775212, 17418100";"Inderscience Enterprises Ltd";No;No;0,157;Q4;29;21;53;1163;30;53;0,51;55,38;34,62;0;United Kingdom;Western Europe;"Inderscience Enterprises Ltd";"2004-2026";"Marketing (Q4)";"Business, Management and Accounting"
1292;21100470110;"ICIMSA 2016 - 2016 3rd International Conference on Industrial Engineering, Management Science and Applications";conference and proceedings;"-";"";No;No;0,157;-;10;0;68;0;53;66;0,00;0,00;0,00;0;United States;Northern America;"";"";"Aerospace Engineering; Mechanical Engineering";"Engineering"
1293;20203;"International Labor and Working-Class History";journal;"14716445, 01475479";"Cambridge University Press";No;No;0,156;Q4;32;14;79;957;40;71;0,30;68,36;60,00;0;United Kingdom;Western Europe;"Cambridge University Press";"1976-2026";"History (Q2); Organizational Behavior and Human Resource Management (Q4)";"Arts and Humanities; Business, Management and Accounting"
1294;18400156721;"Journal of Economic Cooperation and Development";journal;"13087800";"Statistical Economic and Social Research and Training Centre for Islamic Countries";No;No;0,156;Q4;24;28;70;1151;25;70;0,22;41,11;24,56;0;Turkey;Middle East;"Statistical Economic and Social Research and Training Centre for Islamic Countries";"2009-2025";"Political Science and International Relations (Q3); Business and International Management (Q4); Economics and Econometrics (Q4)";"Business, Management and Accounting; Economics, Econometrics and Finance; Social Sciences"
1295;130090;"Journal of Electronic Commerce in Organizations";journal;"15392937, 15392929";"IGI Global";No;No;0,156;Q4;31;24;67;952;48;67;0,83;39,67;50,00;0;United States;Northern America;"IGI Global";"2003-2026";"Computer Networks and Communications (Q4); Computer Science Applications (Q4); Marketing (Q4); Strategy and Management (Q4)";"Business, Management and Accounting; Computer Science"
1296;21100775661;"Physical Culture and Sport, Studies and Research";journal;"20812221, 18994849";"De Gruyter Open Ltd";Yes;No;0,156;Q4;16;25;84;1061;35;84;0,41;42,44;25,00;1;Poland;Eastern Europe;"De Gruyter Open Ltd";"2016-2026";"Cultural Studies (Q2); Applied Psychology (Q4); Education (Q4); Tourism, Leisure and Hospitality Management (Q4)";"Business, Management and Accounting; Psychology; Social Sciences"
1297;21100789864;"2016 IEEE International Conference on Emerging Technologies and Innovative Business Practices for the Transformation of Societies, EmergiTech 2016";conference and proceedings;"-";"";No;No;0,156;-;11;0;80;0;70;79;0,00;0,00;0,00;0;United States;Northern America;"";"";"Electrical and Electronic Engineering; Energy Engineering and Power Technology; Strategy and Management";"Business, Management and Accounting; Energy; Engineering"
1298;21100456806;"Proceedings - 2nd International Symposium on Stochastic Models in Reliability Engineering, Life Science, and Operations Management, SMRLO 2016";conference and proceedings;"-";"";No;No;0,156;-;9;0;110;0;61;105;0,00;0,00;0,00;0;United States;Northern America;"";"";"Computational Theory and Mathematics; Computer Science Applications; Control and Systems Engineering; Management Science and Operations Research";"Computer Science; Decision Sciences; Engineering"
1299;21100205110;"e-Review of Tourism Research";journal;"19415842";"Texas A and M University";No;No;0,155;Q4;18;93;76;2113;32;73;0,36;22,72;49,50;0;United States;Northern America;"Texas A and M University";"2011-2012, 2014-2023";"Geography, Planning and Development (Q4); Nature and Landscape Conservation (Q4); Tourism, Leisure and Hospitality Management (Q4)";"Business, Management and Accounting; Environmental Science; Social Sciences"
1300;21100898012;"SA Journal of Human Resource Management";journal;"2071078X, 16837584";"AOSIS (Pty) Ltd";Yes;No;0,155;Q4;23;48;44;2877;43;44;0,98;59,94;46,59;5;South Africa;Africa;"AOSIS (Pty) Ltd";"2018-2026";"Demography (Q3); Organizational Behavior and Human Resource Management (Q4)";"Business, Management and Accounting; Social Sciences"
1301;21100457042;"CACS 2015 - 2015 CACS International Automatic Control Conference";conference and proceedings;"-";"";No;No;0,155;-;6;0;25;0;10;23;0,00;0,00;0,00;0;United States;Northern America;"";"";"Management of Technology and Innovation; Software";"Business, Management and Accounting; Computer Science"
1302;4100151531;"Research in Ethical Issues in Organizations";book series;"15292096";"Emerald Group Publishing Ltd.";No;No;0,154;Q4;12;16;73;784;10;60;0,19;49,00;47,06;0;United Kingdom;Western Europe;"Emerald Group Publishing Ltd.";"2000-2003, 2005-2006, 2012-2020, 2022-2023, 2025-2026";"Cultural Studies (Q2); Sociology and Political Science (Q3); Organizational Behavior and Human Resource Management (Q4); Social Psychology (Q4)";"Business, Management and Accounting; Psychology; Social Sciences"
1303;21100461391;"2015 IEEE International Conference on Engineering, Technology and Innovation/ International Technology Management Conference, ICE/ITMC 2015";conference and proceedings;"-";"";No;No;0,154;-;10;0;56;0;36;55;0,00;0,00;0,00;0;United States;Northern America;"";"";"Computer Networks and Communications; Information Systems; Information Systems and Management; Safety, Risk, Reliability and Quality";"Computer Science; Decision Sciences; Engineering"
1304;3900148221;"International Journal of Services and Standards";journal;"17408857, 17408849";"Inderscience Enterprises Ltd";No;No;0,153;Q4;20;7;44;331;27;40;0,86;47,29;52,63;0;United Kingdom;Western Europe;"Inderscience Enterprises Ltd";"2004-2020, 2023-2025";"Management of Technology and Innovation (Q4)";"Business, Management and Accounting"
1305;21100860692;"South Asian Journal of Human Resources Management";journal;"23220937, 23495790";"SAGE Publications Ltd";No;No;0,153;Q4;21;16;42;886;29;40;0,77;55,38;30,00;2;United Kingdom;Western Europe;"SAGE Publications Ltd";"2014-2026";"Organizational Behavior and Human Resource Management (Q4)";"Business, Management and Accounting"
1306;21100817419;"2017 6th International Conference on Industrial Technology and Management, ICITM 2017";conference and proceedings;"-";"";No;No;0,152;-;7;0;39;0;38;38;0,97;0,00;0,00;0;United States;Northern America;"";"";"Computational Mathematics; Instrumentation; Radiation; Signal Processing";"Computer Science; Mathematics; Physics and Astronomy"
1307;21100787010;"21st IMEKO TC-4 International Symposium on Understanding the World through Electrical and Electronic Measurement, and 19th International Workshop on ADC Modelling and Testing";conference and proceedings;"-";"";No;No;0,152;-;6;0;58;0;15;56;0,00;0,00;0,00;0;Hungary;Eastern Europe;"";"";"Business and International Management; Management of Technology and Innovation; Management Science and Operations Research; Strategy and Management";"Business, Management and Accounting; Decision Sciences"
1308;5800207412;"Journal of Intercultural Communication";journal;"14041634";"Immigrant Institutet";No;No;0,152;-;14;21;63;912;20;63;0,36;43,43;42,11;0;Sweden;Western Europe;"Immigrant Institutet";"2011-2026";"Cultural Studies (Q2); Communication (Q3)";"Social Sciences"
1309;12100156732;"International Journal of Business Data Communications and Networking";journal;"15480631, 1548064X";"IGI Publishing";No;No;0,151;Q4;16;13;35;455;31;35;1,00;35,00;20,69;0;United States;Northern America;"IGI Publishing";"2005-2022, 2024-2025";"Computer Networks and Communications (Q4); Management Information Systems (Q4)";"Business, Management and Accounting; Computer Science"
1310;21100395417;"World Customs Journal";journal;"18346715, 18346707";"International Network of Customs Universities";No;No;0,151;Q4;15;21;58;361;15;52;0,23;17,19;16,67;0;Australia;Pacific Region;"International Network of Customs Universities";"2007-2025";"Economics, Econometrics and Finance (miscellaneous) (Q3); Business and International Management (Q4); Safety Research (Q4)";"Business, Management and Accounting; Economics, Econometrics and Finance; Social Sciences"
1311;21100890303;"International Journal of Economics and Business Administration (discontinued)";journal;"22414754";"";No;No;0,150;Q3;20;203;33;5144;75;33;2,27;25,34;60,30;5;Greece;Western Europe;"";"2018-2020";"Business, Management and Accounting (miscellaneous) (Q3); Economics, Econometrics and Finance (miscellaneous) (Q3)";"Business, Management and Accounting; Economics, Econometrics and Finance"
1312;4700152760;"Latin American Business Review";journal;"10978526, 15286932";"Taylor and Francis Ltd.";No;No;0,149;Q3;20;17;45;953;18;45;0,20;56,06;38,30;2;United Kingdom;Western Europe;"Taylor and Francis Ltd.";"1998, 2000-2026";"Business, Management and Accounting (miscellaneous) (Q3); Business and International Management (Q4)";"Business, Management and Accounting"
1313;21100834525;"Gruppe. Interaktion. Organisation. Zeitschrift fur Angewandte Organisationspsychologie";journal;"23666145, 23666218";"Springer Fachmedien Wiesbaden GmbH";No;No;0,149;Q4;20;45;126;1299;32;110;0,21;28,87;59,15;4;Germany;Western Europe;"Springer Fachmedien Wiesbaden GmbH";"2016-2026";"Applied Psychology (Q4); Developmental and Educational Psychology (Q4); Education (Q4); Organizational Behavior and Human Resource Management (Q4); Social Psychology (Q4)";"Business, Management and Accounting; Psychology; Social Sciences"
1314;21100896488;"International Journal of Business Intelligence Research";journal;"19473605, 19473591";"IGI Global Publishing";No;No;0,149;Q4;10;9;9;494;7;9;0,78;54,89;33,33;0;United States;Northern America;"IGI Global Publishing";"2018-2025";"Information Systems and Management (Q4); Management Information Systems (Q4); Statistics, Probability and Uncertainty (Q4)";"Business, Management and Accounting; Decision Sciences"
1315;21100834347;"Journal of Marketing Analytics";journal;"20503318, 20503326";"Springer International Publishing AG";No;No;0,149;Q4;35;20;47;1204;42;40;0,85;60,20;34,88;0;Switzerland;Western Europe;"Springer International Publishing AG";"2013-2026";"Economics, Econometrics and Finance (miscellaneous) (Q3); Marketing (Q4); Statistics, Probability and Uncertainty (Q4); Strategy and Management (Q4)";"Business, Management and Accounting; Decision Sciences; Economics, Econometrics and Finance"
1316;21100430613;"Monographs in Leadership and Management";book series;"14793571";"Emerald Group Publishing Ltd.";No;No;0,149;Q4;13;0;33;0;15;18;0,40;0,00;0,00;0;United Kingdom;Western Europe;"Emerald Group Publishing Ltd.";"2007, 2014-2016, 2018, 2025-2026";"Strategy and Management (Q4)";"Business, Management and Accounting"
1317;21100787535;"Organizations and Markets in Emerging Economies";journal;"23450037, 20294581";"Vilnius University";Yes;Yes;0,149;Q4;15;20;48;1188;25;42;0,47;59,40;27,78;0;Lithuania;Eastern Europe;"Vilnius University";"2016-2025";"Business and International Management (Q4); Development (Q4); Economics and Econometrics (Q4); Finance (Q4)";"Business, Management and Accounting; Economics, Econometrics and Finance; Social Sciences"
1318;24991;"Review of Marketing Science";journal;"15465616";"Walter de Gruyter GmbH";No;No;0,149;Q4;15;8;5;423;3;5;0,50;52,88;31,25;1;Germany;Western Europe;"Walter de Gruyter GmbH";"2003-2017, 2019-2025";"Marketing (Q4)";"Business, Management and Accounting"
1319;21100813770;"2016 IEEE European Technology and Engineering Management Summit, E-TEMS 2016";conference and proceedings;"-";"";No;No;0,149;-;3;0;7;0;3;6;0,43;0,00;0,00;0;United States;Northern America;"";"";"Biomedical Engineering; Computer Networks and Communications; Electrical and Electronic Engineering; Environmental Engineering; Hardware and Architecture; Instrumentation; Signal Processing; Software";"Computer Science; Engineering; Environmental Science; Physics and Astronomy"
1320;19700175175;"Academy of Marketing Studies Journal (discontinued)";journal;"10956298, 15282678";"Allied Academies";No;No;0,148;Q4;21;0;65;0;33;65;0,00;0,00;0,00;0;United States;Northern America;"Allied Academies";"2008-2016";"Economics and Econometrics (Q4); Marketing (Q4)";"Business, Management and Accounting; Economics, Econometrics and Finance"
1321;5800198357;"Corporate Ownership and Control (discontinued)";journal;"17279232, 18103057";"Virtus Interpress";No;No;0,148;Q4;31;0;158;0;75;156;0,00;0,00;0,00;0;Ukraine;Eastern Europe;"Virtus Interpress";"2003-2016, 2023";"Business, Management and Accounting (miscellaneous) (Q4)";"Business, Management and Accounting"
1322;19400157150;"Cuadernos de Gestion";journal;"11316837, 19882157";"Institute of Applied Business Economics";Yes;Yes;0,148;Q4;20;15;42;1198;32;42;0,90;79,87;37,84;1;Spain;Western Europe;"Institute of Applied Business Economics";"2001-2025";"Business and International Management (Q4); Industrial Relations (Q4); Organizational Behavior and Human Resource Management (Q4); Strategy and Management (Q4)";"Business, Management and Accounting"
1323;21100296641;"Research on Professional Responsibility and Ethics in Accounting";book series;"15740765";"Emerald Group Publishing Ltd.";No;No;0,148;Q4;12;7;15;291;7;8;0,57;41,57;0,00;0;United Kingdom;Western Europe;"Emerald Group Publishing Ltd.";"2007-2008, 2010-2016, 2018-2021, 2024-2026";"Accounting (Q4); Psychology (miscellaneous) (Q4)";"Business, Management and Accounting; Psychology"
1324;21100456628;"Proceedings - 2015 3rd International Conference on Enterprise Systems, ES 2015";conference and proceedings;"-";"";No;No;0,148;-;7;0;27;0;16;25;0,00;0,00;0,00;0;United States;Northern America;"";"";"Computational Theory and Mathematics; Computer Networks and Communications";"Computer Science"
1325;21100912972;"Cutter Business Technology Journal (discontinued)";journal;"24753718, 24753742";"Cutter Consortium";No;No;0,147;Q4;5;54;138;448;16;132;0,14;8,30;26,47;0;United States;Northern America;"Cutter Consortium";"2016-2019, 2023-2024";"Business and International Management (Q4); Computer Science Applications (Q4); Management of Technology and Innovation (Q4); Software (Q4); Strategy and Management (Q4)";"Business, Management and Accounting; Computer Science"
1326;21100219935;"International Journal of Operations and Quantitative Management";journal;"10821910";"International Forum of Management Scholars (INFOMS)";No;No;0,147;Q4;16;13;52;494;29;52;0,64;38,00;21,43;0;United States;Northern America;"International Forum of Management Scholars (INFOMS)";"2000-2025";"Business and International Management (Q4); Information Systems and Management (Q4); Management of Technology and Innovation (Q4); Management Science and Operations Research (Q4); Strategy and Management (Q4)";"Business, Management and Accounting; Decision Sciences"
1327;4700151732;"International Journal of Risk Assessment and Management";journal;"14668297, 17415241";"Inderscience Enterprises Ltd";No;No;0,147;Q4;29;23;57;1267;37;55;0,73;55,09;23,91;0;United Kingdom;Western Europe;"Inderscience Enterprises Ltd";"2000-2003, 2005-2023";"Business and International Management (Q4); Management Science and Operations Research (Q4); Statistics, Probability and Uncertainty (Q4)";"Business, Management and Accounting; Decision Sciences"
1328;21100467815;"2016 International Siberian Conference on Control and Communications, SIBCON 2016 - Proceedings";conference and proceedings;"-";"";No;No;0,147;-;12;0;221;0;134;219;0,00;0,00;0,00;0;United States;Northern America;"";"";"Computer Networks and Communications; Management of Technology and Innovation";"Business, Management and Accounting; Computer Science"
1329;21100456629;"Proceedings - 12th LARS Latin American Robotics Symposium and 3rd SBR Brazilian Robotics Symposium, LARS-SBR 2015 - Part of the Robotics Conferences 2015";conference and proceedings;"-";"";No;No;0,147;-;9;0;67;0;41;65;0,00;0,00;0,00;0;United States;Northern America;"";"";"Computer Networks and Communications; Hardware and Architecture; Information Systems; Information Systems and Management; Management of Technology and Innovation; Strategy and Management";"Business, Management and Accounting; Computer Science; Decision Sciences"
1330;88934;"Journal of Cases on Information Technology";journal;"15487717, 15487725";"IGI Publishing";No;No;0,146;Q4;24;20;54;747;34;54;0,73;37,35;34,92;0;United States;Northern America;"IGI Publishing";"2005-2026";"Computer Science Applications (Q4); Information Systems (Q4); Information Systems and Management (Q4); Strategy and Management (Q4)";"Business, Management and Accounting; Computer Science; Decision Sciences"
1331;4800152306;"Journal of Digital Information Management (discontinued)";journal;"09727272";"Digital Information Research Foundation";No;No;0,146;Q4;18;0;84;0;49;72;0,40;0,00;0,00;0;India;Asiatic Region;"Digital Information Research Foundation";"2004, 2006-2017";"Library and Information Sciences (Q3); Information Systems (Q4); Management Information Systems (Q4)";"Business, Management and Accounting; Computer Science; Social Sciences"
1332;21100847471;"South Asian Journal of Business and Management Cases";journal;"23210303, 22779779";"SAGE Publications Ltd";No;No;0,146;Q4;15;29;63;467;20;58;0,31;16,10;45,65;0;United Kingdom;Western Europe;"SAGE Publications Ltd";"2012, 2015-2025";"Business and International Management (Q4); Management of Technology and Innovation (Q4); Strategy and Management (Q4)";"Business, Management and Accounting"
1333;21100900373;"Asian International Studies Review";journal;"12268240";"Brill Academic Publishers";No;No;0,145;Q4;7;17;11;971;2;11;0,18;57,12;42,86;4;Netherlands;Western Europe;"Brill Academic Publishers";"2018-2025";"Cultural Studies (Q2); History (Q2); Sociology and Political Science (Q3); Business and International Management (Q4); Industrial Relations (Q4)";"Arts and Humanities; Business, Management and Accounting; Social Sciences"
1334;21100275828;"Comptabilite Controle Audit";journal;"12622788";"Francophone Association of Accounting";No;No;0,145;Q4;14;12;44;819;11;43;0,24;68,25;29,17;0;France;Western Europe;"Francophone Association of Accounting";"2012-2024";"Accounting (Q4); Finance (Q4)";"Business, Management and Accounting; Economics, Econometrics and Finance"
1335;4500151510;"International Journal of Six Sigma and Competitive Advantage";journal;"14792753, 14792494";"Inderscience Enterprises Ltd";No;No;0,145;Q4;31;14;14;721;6;14;0,50;51,50;17,24;0;United Kingdom;Western Europe;"Inderscience Enterprises Ltd";"2004-2017, 2019-2025";"Industrial and Manufacturing Engineering (Q3); Strategy and Management (Q4)";"Business, Management and Accounting; Engineering"
1336;19400158801;"Asian Academy of Management Journal of Accounting and Finance";journal;"21804192, 18234992";"Penerbit Universiti Sains Malaysia";Yes;Yes;0,144;Q4;22;15;51;786;31;51;0,69;52,40;45,71;0;Malaysia;Asiatic Region;"Penerbit Universiti Sains Malaysia";"2006, 2009-2025";"Accounting (Q4); Finance (Q4)";"Business, Management and Accounting; Economics, Econometrics and Finance"
1337;4800156301;"McKinsey Quarterly";journal;"00475394";"McKinsey and Co. Inc.";No;No;0,144;Q4;45;26;241;87;122;158;0,50;3,35;19,05;0;United States;Northern America;"McKinsey and Co. Inc.";"2005-2019";"Political Science and International Relations (Q3); Business, Management and Accounting (miscellaneous) (Q4); Economics, Econometrics and Finance (miscellaneous) (Q4)";"Business, Management and Accounting; Economics, Econometrics and Finance; Social Sciences"
1338;21100218545;"International Journal of Applied Business and Economic Research (discontinued)";journal;"09727302";"Serials Publications";No;No;0,143;Q4;27;0;1707;0;901;1707;0,48;0,00;0,00;0;India;Asiatic Region;"Serials Publications";"2008-2017";"Business and International Management (Q4); Economics and Econometrics (Q4)";"Business, Management and Accounting; Economics, Econometrics and Finance"
1339;21100786532;"Journal of Korea Trade";journal;"1229828X";"Korea Trade Research Association";Yes;No;0,143;Q4;11;64;66;2661;40;65;0,80;41,58;26,45;7;South Korea;Asiatic Region;"Korea Trade Research Association";"2013-2021";"Business and International Management (Q4); Economics, Econometrics and Finance (miscellaneous) (Q4); Industrial Relations (Q4)";"Business, Management and Accounting; Economics, Econometrics and Finance"
1340;21100793839;"2016 Big Data Visual Analytics, BDVA 2016";conference and proceedings;"-";"";No;No;0,143;-;6;0;12;0;11;11;0,00;0,00;0,00;0;United States;Northern America;"";"";"Hardware and Architecture; Information Systems; Management Information Systems; Software";"Business, Management and Accounting; Computer Science"
1341;21100461926;"International Conference Communication, Control and Intelligent Systems, CCIS 2015";conference and proceedings;"-";"";No;No;0,143;-;12;0;98;0;80;96;0,00;0,00;0,00;0;United States;Northern America;"";"";"Business and International Management; Industrial and Manufacturing Engineering; Management of Technology and Innovation; Management Science and Operations Research; Organizational Behavior and Human Resource Management; Safety, Risk, Reliability and Quality; Strategy and Management; Waste Management and Disposal";"Business, Management and Accounting; Decision Sciences; Engineering; Environmental Science"
1342;14141;"Journal of Health and Human Services Administration";journal;"10793739, 21685509";"SAGE Publications Inc.";No;No;0,143;-;27;14;52;696;17;49;0,19;49,71;60,71;0;United States;Northern America;"SAGE Publications Inc.";"1994-2025";"Health Policy (Q4); Leadership and Management (Q4); Medicine (miscellaneous) (Q4); Public Health, Environmental and Occupational Health (Q4)";"Medicine; Nursing"
1343;21100779205;"Proceedings of 2016 7th International Conference on Mechanical and Aerospace Engineering, ICMAE 2016";conference and proceedings;"-";"";No;No;0,143;-;9;0;119;0;70;118;0,00;0,00;0,00;0;United States;Northern America;"";"";"Business and International Management; Management, Monitoring, Policy and Law; Management of Technology and Innovation; Strategy and Management";"Business, Management and Accounting; Environmental Science"
1344;20811;"Betriebswirtschaftliche Forschung und Praxis";journal;"03405370";"Verlag Neue Wirtschafts-Briefe GmbH and Co";No;No;0,142;Q4;11;28;115;1956;13;112;0,09;69,86;22,64;0;Germany;Western Europe;"Verlag Neue Wirtschafts-Briefe GmbH and Co";"1974-1975, 1977, 1989, 1996-2021";"Business and International Management (Q4); Business, Management and Accounting (miscellaneous) (Q4); Economics and Econometrics (Q4)";"Business, Management and Accounting; Economics, Econometrics and Finance"
1345;4700152436;"International Journal of Human Resources Development and Management";journal;"14656612, 17415160";"Inderscience Enterprises Ltd";No;No;0,142;Q4;22;21;51;1301;31;48;0,42;61,95;48,94;0;United Kingdom;Western Europe;"Inderscience Enterprises Ltd";"2000-2025";"Organizational Behavior and Human Resource Management (Q4)";"Business, Management and Accounting"
1346;145514;"Journal of Textile and Apparel, Technology and Management";journal;"15330915";"North Carolina State University";No;No;0,142;Q4;34;17;45;349;32;45;0,42;20,53;27,27;0;United States;Northern America;"North Carolina State University";"2000-2002, 2004-2007, 2009-2016, 2018-2023, 2025";"Management of Technology and Innovation (Q4)";"Business, Management and Accounting"
1347;21100456866;"Proceedings - 8th International Conference on Bio-Science and Bio-Technology, BSBT 2015";conference and proceedings;"-";"";No;No;0,142;-;5;0;11;0;11;8;0,00;0,00;0,00;0;United States;Northern America;"";"";"Information Systems; Information Systems and Management; Management of Technology and Innovation";"Business, Management and Accounting; Computer Science; Decision Sciences"
1348;21100897507;"Academic Journal of Interdisciplinary Studies (discontinued)";journal;"22813993, 22814612";"Richtmann Publishing Ltd";No;No;0,141;Q4;21;96;52;2925;36;52;0,69;30,47;45,23;8;Italy;Western Europe;"Richtmann Publishing Ltd";"2013, 2018-2024";"Arts and Humanities (miscellaneous) (Q3); Social Sciences (miscellaneous) (Q3); Business, Management and Accounting (miscellaneous) (Q4); Economics, Econometrics and Finance (miscellaneous) (Q4); Environmental Science (miscellaneous) (Q4)";"Arts and Humanities; Business, Management and Accounting; Economics, Econometrics and Finance; Environmental Science; Social Sciences"
1349;17700156215;"Cuadernos de Administracion";journal;"19007205, 01203592";"Pontificia Universidad Javeriana";Yes;Yes;0,141;Q4;15;20;39;1035;18;36;0,33;51,75;33,33;0;Colombia;Latin America;"Pontificia Universidad Javeriana";"2008-2025";"Business and International Management (Q4); Economics, Econometrics and Finance (miscellaneous) (Q4); Strategy and Management (Q4)";"Business, Management and Accounting; Economics, Econometrics and Finance"
1350;21100298210;"Developments in Corporate Governance and Responsibility";book series;"20430531, 20430523";"Emerald Group Publishing Ltd.";No;No;0,141;Q4;13;0;81;0;28;55;0,27;0,00;0,00;0;United Kingdom;Western Europe;"Emerald Group Publishing Ltd.";"2010-2018, 2020-2026";"Business, Management and Accounting (miscellaneous) (Q4)";"Business, Management and Accounting"
1351;21100780443;"IAMOT 2016 - 25th International Association for Management of Technology Conference, Proceedings: Technology - Future Thinking";conference and proceedings;"-";"";No;No;0,141;-;6;0;122;0;33;121;0,00;0,00;0,00;0;South Africa;Africa;"";"";"Atomic and Molecular Physics, and Optics; Electrical and Electronic Engineering; Electronic, Optical and Magnetic Materials; Instrumentation";"Engineering; Materials Science; Physics and Astronomy"
1352;21100898040;"Childhood Education";journal;"00094056, 21620725";"Taylor and Francis Ltd.";No;No;0,140;Q4;33;61;237;114;92;186;0,33;1,87;65,48;17;United Kingdom;Western Europe;"Taylor and Francis Ltd.";"1955-1956, 1979, 1984-1992, 1994-2026";"Developmental and Educational Psychology (Q4); Education (Q4); Management of Technology and Innovation (Q4)";"Business, Management and Accounting; Psychology; Social Sciences"
1353;21100886223;"Informacijos Mokslai";journal;"13921487, 13920561";"Vilnius University - Faculty of Communication";Yes;Yes;0,140;Q4;0;0;0;0;0;0;0,00;0,00;0,00;0;Lithuania;Eastern Europe;"Vilnius University - Faculty of Communication";"2018-2021";"Communication (Q3); Media Technology (Q3); Political Science and International Relations (Q3); Sociology and Political Science (Q3); Management of Technology and Innovation (Q4)";"Business, Management and Accounting; Engineering; Social Sciences"
1354;19900192544;"Trziste";journal;"03534790";"University of Zagreb";Yes;Yes;0,140;Q4;10;0;0;0;0;0;0,00;0,00;0,00;0;Croatia;Eastern Europe;"University of Zagreb";"2011-2015";"Economics, Econometrics and Finance (miscellaneous) (Q4); Marketing (Q4)";"Business, Management and Accounting; Economics, Econometrics and Finance"
1355;21100780993;"2016 IEEE International Symposium on Ethics in Engineering, Science and Technology, ETHICS 2016";conference and proceedings;"-";"";No;No;0,140;-;5;0;16;0;20;15;0,00;0,00;0,00;0;United States;Northern America;"";"";"Electrical and Electronic Engineering; Hardware and Architecture";"Computer Science; Engineering"
1356;21100893272;"Lecturas de Economia";journal;"23230622, 01202596";"Universidad de Antioquia";Yes;Yes;0,140;-;10;15;46;484;15;46;0,39;32,27;38,46;5;Colombia;Latin America;"Universidad de Antioquia";"2005-2026";"Sociology and Political Science (Q3); Economics and Econometrics (Q4)";"Economics, Econometrics and Finance; Social Sciences"
1357;11600153426;"Advances in Consumer Research";journal;"00989258";"Association for Consumer Research";No;No;0,139;Q4;32;13;51;427;9;51;0,00;32,85;73,08;0;United States;Northern America;"Association for Consumer Research";"1993-1994, 2006-2012, 2016-2017, 2019-2023";"Applied Psychology (Q4); Economics and Econometrics (Q4); Marketing (Q4)";"Business, Management and Accounting; Economics, Econometrics and Finance; Psychology"
1358;21100898760;"Advances in Science, Technology and Engineering Systems (discontinued)";journal;"24156698";"ASTES Publishers";No;No;0,139;Q4;29;295;648;8153;326;648;0,50;27,64;24,02;1;United States;Northern America;"ASTES Publishers";"2016-2021, 2023-2024";"Engineering (miscellaneous) (Q3); Management of Technology and Innovation (Q4); Physics and Astronomy (miscellaneous) (Q4)";"Business, Management and Accounting; Engineering; Physics and Astronomy"
1359;21100842861;"International Journal of Agricultural Management";journal;"20473710";"Institute of Agricultural Management";Yes;No;0,139;Q4;8;19;51;530;19;49;0,37;27,89;55,26;3;United Kingdom;Western Europe;"Institute of Agricultural Management";"2017-2020";"Agricultural and Biological Sciences (miscellaneous) (Q4); Business, Management and Accounting (miscellaneous) (Q4); Economics and Econometrics (Q4); Geography, Planning and Development (Q4); Management, Monitoring, Policy and Law (Q4)";"Agricultural and Biological Sciences; Business, Management and Accounting; Economics, Econometrics and Finance; Environmental Science; Social Sciences"
1360;21100798106;"International Journal of Tourism Anthropology";journal;"17590450, 17590442";"Inderscience";No;No;0,139;Q4;10;15;42;935;17;42;0,33;62,33;40,00;0;United Kingdom;Western Europe;"Inderscience";"2010, 2016-2025";"Anthropology (Q3); Tourism, Leisure and Hospitality Management (Q4)";"Business, Management and Accounting; Social Sciences"
1361;21100220476;"International Journal of Work Innovation";journal;"20439032, 20439040";"Inderscience";No;No;0,139;Q4;12;0;26;0;12;24;0,25;0,00;0,00;0;United Kingdom;Western Europe;"Inderscience";"2012, 2015-2017, 2020, 2022-2025";"Communication (Q4); Computer Networks and Communications (Q4); Management of Technology and Innovation (Q4); Organizational Behavior and Human Resource Management (Q4)";"Business, Management and Accounting; Computer Science; Social Sciences"
1362;21100871681;"Journal of Operations and Supply Chain Management";journal;"19843046";"Fundacao Getulio Vargas";Yes;No;0,139;Q4;6;0;15;0;3;15;0,20;0,00;0,00;0;Brazil;Latin America;"Fundacao Getulio Vargas";"2018";"Information Systems and Management (Q4); Management Information Systems (Q4); Management Science and Operations Research (Q4)";"Business, Management and Accounting; Decision Sciences"
1363;21100785003;"Proceedings - 2016 International Conference on Computational Intelligence and Applications, ICCIA 2016";conference and proceedings;"-";"";No;No;0,139;-;6;0;21;0;18;19;0,00;0,00;0,00;0;United States;Northern America;"";"";"Computer Networks and Communications; Hardware and Architecture; Management of Technology and Innovation";"Business, Management and Accounting; Computer Science"
1364;21100892782;"Journal of Payments Strategy and Systems";journal;"17501806, 17501814";"Henry Stewart Publications";No;No;0,138;Q4;11;31;35;509;7;31;0,20;16,42;17,07;1;United Kingdom;Western Europe;"Henry Stewart Publications";"2018-2025";"Accounting (Q4); Information Systems (Q4); Information Systems and Management (Q4); Management Information Systems (Q4)";"Business, Management and Accounting; Computer Science; Decision Sciences"
1365;12995;"Memoirs of the Faculty of Engineering, Kyushu University";journal;"1880148X, 1345868X";"Kyushu University, Faculty of Science";No;No;0,138;Q4;11;0;10;0;4;10;0,00;0,00;0,00;0;Japan;Asiatic Region;"Kyushu University, Faculty of Science";"1970, 1972, 1974, 1976-1999, 2001-2018";"Atmospheric Science (Q4); Earth and Planetary Sciences (miscellaneous) (Q4); Energy (miscellaneous) (Q4); Management of Technology and Innovation (Q4)";"Business, Management and Accounting; Earth and Planetary Sciences; Energy"
1366;21100788233;"Proceedings of the 3rd IEEE International Conference on Logistics Operations Management, GOL 2016";conference and proceedings;"-";"";No;No;0,138;-;10;0;68;0;46;66;0,00;0,00;0,00;0;United States;Northern America;"";"";"Control and Systems Engineering; Electrical and Electronic Engineering; Hardware and Architecture";"Computer Science; Engineering"
1367;26283;"Revista Galega de Economia";journal;"11322799, 22555951";"Universidade de Santiago de Compostela";Yes;Yes;0,138;-;13;23;89;1027;24;89;0,27;44,65;40,43;3;Spain;Western Europe;"Universidade de Santiago de Compostela";"2001, 2003-2025";"Economics and Econometrics (Q4)";"Economics, Econometrics and Finance"
1368;4000152116;"Advances in Accounting Behavioral Research";book series;"14751488";"Emerald Group Publishing Ltd.";No;No;0,137;Q4;15;6;17;322;5;12;0,33;53,67;40,00;0;United Kingdom;Western Europe;"Emerald Group Publishing Ltd.";"2000-2006, 2008-2026";"Accounting (Q4); Management Science and Operations Research (Q4)";"Business, Management and Accounting; Decision Sciences"
1369;21100417364;"Contemporary Issues in Entrepreneurship Research";book series;"20407246, 20407254";"Emerald Group Publishing Ltd.";No;No;0,137;Q4;15;21;54;1325;32;27;0,75;63,10;36,36;0;United Kingdom;Western Europe;"Emerald Group Publishing Ltd.";"2010, 2012, 2014-2019, 2021-2026";"Business and International Management (Q4); Management of Technology and Innovation (Q4); Strategy and Management (Q4)";"Business, Management and Accounting"
1370;22473;"Quality Progress";journal;"0033524X";"American Society for Quality";No;No;0,137;Q4;38;57;504;287;37;302;0,08;5,04;30,43;0;United States;Northern America;"American Society for Quality";"1974, 1978-2025";"Industrial and Manufacturing Engineering (Q3); Management Science and Operations Research (Q4); Safety, Risk, Reliability and Quality (Q4); Strategy and Management (Q4)";"Business, Management and Accounting; Decision Sciences; Engineering"
1371;21100898103;"RAUSP Management Journal";journal;"25310488";"Emerald Group Publishing Ltd.";Yes;Yes;0,137;Q4;23;38;20;1942;6;18;0,30;51,11;38,37;0;United Kingdom;Western Europe;"Emerald Group Publishing Ltd.";"2018-2025";"Business, Management and Accounting (miscellaneous) (Q4); Education (Q4)";"Business, Management and Accounting; Social Sciences"
1372;21100814504;"69th Annual Conference for Protective Relay Engineers, CPRE 2016";conference and proceedings;"-";"";No;No;0,137;-;9;0;54;0;24;53;0,44;0,00;0,00;0;United States;Northern America;"";"";"Computer Networks and Communications; Strategy and Management; Urban Studies";"Business, Management and Accounting; Computer Science; Social Sciences"
1373;21100435543;"Business and Economic Horizons (discontinued)";journal;"18045006, 18041205";"Prague Development Center";Yes;No;0,136;Q4;16;0;135;0;69;135;0,53;0,00;0,00;0;Czech Republic;Eastern Europe;"Prague Development Center";"2013-2018";"Business and International Management (Q4); Economics, Econometrics and Finance (miscellaneous) (Q4)";"Business, Management and Accounting; Economics, Econometrics and Finance"
1374;13484;"Costume";journal;"05908876, 17496306";"Edinburgh University Press";No;No;0,136;Q4;11;13;39;601;8;31;0,11;46,23;90,00;0;United Kingdom;Western Europe;"Edinburgh University Press";"1965, 1967-2025";"History (Q2); Business, Management and Accounting (miscellaneous) (Q4)";"Arts and Humanities; Business, Management and Accounting"
1375;21100887414;"China Journal of Accounting Studies";journal;"21697213, 21697221";"Taylor and Francis Ltd.";Yes;No;0,135;Q4;17;23;72;1061;13;69;0,15;46,13;43,28;1;United Kingdom;Western Europe;"Taylor and Francis Ltd.";"2013-2025";"Accounting (Q4); Business, Management and Accounting (miscellaneous) (Q4)";"Business, Management and Accounting"
1376;21100887416;"Marketing, Zeitschrift fur Forschung und Praxis";journal;"03441369";"C.H.BECK";No;No;0,135;Q4;8;13;20;860;3;16;0,15;66,15;30,43;1;Germany;Western Europe;"C.H.BECK";"2018-2023";"Marketing (Q4); Social Psychology (Q4)";"Business, Management and Accounting; Psychology"
1377;21100870844;"Acta Turistica";journal;"18486061, 03534316";"University of Zagreb Faculty of Economics and Business";No;No;0,134;Q4;7;9;12;354;4;10;0,33;39,33;72,22;0;Croatia;Eastern Europe;"University of Zagreb Faculty of Economics and Business";"2018-2025";"Economics, Econometrics and Finance (miscellaneous) (Q4); Geography, Planning and Development (Q4); Tourism, Leisure and Hospitality Management (Q4)";"Business, Management and Accounting; Economics, Econometrics and Finance; Social Sciences"
1378;21100861870;"Asia-Pacific Journal of Innovation in Hospitality and Tourism";journal;"22891471";"Taylor's University Sdn Bhd";No;No;0,134;Q4;12;18;36;625;8;35;0,22;34,72;38,71;0;Malaysia;Asiatic Region;"Taylor's University Sdn Bhd";"2017-2025";"Geography, Planning and Development (Q4); Management, Monitoring, Policy and Law (Q4); Nature and Landscape Conservation (Q4); Tourism, Leisure and Hospitality Management (Q4)";"Business, Management and Accounting; Environmental Science; Social Sciences"
1379;18700156730;"International Journal of Technoentrepreneurship";journal;"17465370, 17465389";"Inderscience Enterprises Ltd";No;No;0,134;Q4;11;0;13;0;5;13;0,22;0,00;0,00;0;United Kingdom;Western Europe;"Inderscience Enterprises Ltd";"2007-2009, 2011, 2015-2017, 2020, 2022-2025";"Business and International Management (Q4); Economics and Econometrics (Q4); Management of Technology and Innovation (Q4); Strategy and Management (Q4)";"Business, Management and Accounting; Economics, Econometrics and Finance"
1380;12100154904;"Privredna Kretanja i Ekonomska Politika";journal;"1330187X";"Institute of Economics (Zagreb)";Yes;No;0,134;Q4;8;2;14;36;2;13;0,17;18,00;75,00;0;Croatia;Eastern Europe;"Institute of Economics (Zagreb)";"2008-2019";"Business and International Management (Q4); Economics, Econometrics and Finance (miscellaneous) (Q4)";"Business, Management and Accounting; Economics, Econometrics and Finance"
1381;21100468773;"2006 IEEE International Technology Management Conference, ICE 2006";conference and proceedings;"-";"";No;No;0,134;-;3;0;67;0;18;66;0,00;0,00;0,00;0;United States;Northern America;"";"";"Atomic and Molecular Physics, and Optics; Computer Networks and Communications; Electrical and Electronic Engineering; Electronic, Optical and Magnetic Materials";"Computer Science; Engineering; Materials Science; Physics and Astronomy"
1382;21100457041;"2014 IEEE Nuclear Science Symposium and Medical Imaging Conference, NSS/MIC 2014";conference and proceedings;"-";"";No;No;0,134;-;13;0;543;0;135;542;0,00;0,00;0,00;0;United States;Northern America;"";"";"Management of Technology and Innovation; Software";"Business, Management and Accounting; Computer Science"
1383;21100802729;"2016 International Conference on Information Technology Systems and Innovation, ICITSI 2016 - Proceedings";conference and proceedings;"-";"";No;No;0,134;-;10;0;64;0;53;62;0,83;0,00;0,00;0;United States;Northern America;"";"";"Biomedical Engineering; Instrumentation";"Engineering; Physics and Astronomy"
1384;21100802726;"2016 International Conference on Next Generation Intelligent Systems, ICNGIS 2016";conference and proceedings;"-";"";No;No;0,134;-;10;0;80;0;63;79;0,79;0,00;0,00;0;United States;Northern America;"";"";"Computer Science Applications; Information Systems; Information Systems and Management; Management Information Systems";"Business, Management and Accounting; Computer Science; Decision Sciences"
1385;21100798509;"Proceedings - 2016 3rd International Conference on Mathematics and Computers in Sciences and in Industry, MCSI 2016";conference and proceedings;"-";"";No;No;0,134;-;8;0;56;0;28;53;0,50;0,00;0,00;0;United States;Northern America;"";"";"Biomedical Engineering; Electrical and Electronic Engineering; Instrumentation";"Engineering; Physics and Astronomy"
1386;4100151516;"Advances in the Economic Analysis of Participatory and Labor-Managed Firms";book series;"08853339";"Emerald Group Publishing Ltd.";No;No;0,133;Q4;14;0;19;0;3;16;0,16;0,00;0,00;0;United Kingdom;Western Europe;"Emerald Group Publishing Ltd.";"2003-2004, 2006-2007, 2010-2015, 2017-2018, 2025-2026";"Economics, Econometrics and Finance (miscellaneous) (Q4); Industrial Relations (Q4)";"Business, Management and Accounting; Economics, Econometrics and Finance"
1387;17500155131;"Journal of Business Valuation and Economic Loss Analysis";journal;"19329156";"Walter de Gruyter GmbH";No;No;0,133;Q4;10;5;22;178;7;21;0,38;35,60;11,11;0;Germany;Western Europe;"Walter de Gruyter GmbH";"2009-2025";"Accounting (Q4); Business and International Management (Q4); Economics and Econometrics (Q4); Finance (Q4); Strategy and Management (Q4)";"Business, Management and Accounting; Economics, Econometrics and Finance"
1388;21100790053;"OR58: The OR Society Annual Conference";conference and proceedings;"-";"";No;No;0,133;-;2;0;20;0;5;19;0,00;0,00;0,00;0;United Kingdom;Western Europe;"";"";"Computer Graphics and Computer-Aided Design; Computer Vision and Pattern Recognition; Human-Computer Interaction; Software";"Computer Science"
1389;21100797711;"Proceedings - 2016 10th International Conference on the Quality of Information and Communications Technology, QUATIC 2016";conference and proceedings;"-";"";No;No;0,133;-;8;0;53;0;29;44;0,55;0,00;0,00;0;United States;Northern America;"";"";"Computer Networks and Communications; Electrical and Electronic Engineering; Electronic, Optical and Magnetic Materials; Hardware and Architecture";"Computer Science; Engineering; Materials Science"
1390;13431;"Healthcare Financial Management";journal;"07350732";"Healthcare Financial Management Association";No;No;0,132;Q4;24;0;126;0;17;125;0,00;0,00;0,00;0;United States;Northern America;"Healthcare Financial Management Association";"1982-2016";"Business, Management and Accounting (miscellaneous) (Q4); Health Policy (Q4); Medicine (miscellaneous) (Q4); Public Health, Environmental and Occupational Health (Q4)";"Business, Management and Accounting; Medicine"
1391;4700152416;"International Journal of Environment, Workplace and Employment";journal;"17418437, 17418445";"Inderscience Enterprises Ltd";No;No;0,132;Q4;15;21;14;1566;3;14;0,22;74,57;44,44;0;United Kingdom;Western Europe;"Inderscience Enterprises Ltd";"2004-2008, 2016-2025";"Organizational Behavior and Human Resource Management (Q4)";"Business, Management and Accounting"
1392;21100840149;"Journal of Business and Entrepreneurship";journal;"10426337";"University of South Florida, St. Petersburg";No;No;0,132;Q4;5;0;25;0;9;25;0,10;0,00;0,00;0;United States;Northern America;"University of South Florida, St. Petersburg";"2016-2018";"Business and International Management (Q4); Management of Technology and Innovation (Q4)";"Business, Management and Accounting"
1393;18200156703;"Journal of International Trade Law and Policy";journal;"14770024";"Emerald Group Publishing Ltd.";No;No;0,132;Q4;15;10;26;303;20;26;0,83;30,30;39,13;0;United Kingdom;Western Europe;"Emerald Group Publishing Ltd.";"2002-2026";"Law (Q3); Political Science and International Relations (Q3); Economics, Econometrics and Finance (miscellaneous) (Q4); Industrial Relations (Q4)";"Business, Management and Accounting; Economics, Econometrics and Finance; Social Sciences"
1394;21100461403;"2015 IEEE Conference on Sustainable Utilization and Development in Engineering and Technology, CSUDET 2015";conference and proceedings;"-";"";No;No;0,132;-;4;0;11;0;8;10;0,00;0,00;0,00;0;United States;Northern America;"";"";"Management of Technology and Innovation";"Business, Management and Accounting"
1395;21100803367;"PICMET 2016 - Portland International Conference on Management of Engineering and Technology: Technology Management For Social Innovation, Proceedings";conference and proceedings;"-";"";No;No;0,132;-;13;0;306;0;130;304;0,42;0,00;0,00;0;United States;Northern America;"";"";"Computational Theory and Mathematics; Computer Networks and Communications; Computer Science Applications; Control and Systems Engineering";"Computer Science; Engineering"
1396;21100773724;"EAI Endorsed Transactions on Energy Web";journal;"2032944X";"European Alliance for Innovation";Yes;Yes;0,131;Q4;18;36;99;788;54;98;0,61;21,89;28,09;0;Belgium;Western Europe;"European Alliance for Innovation";"2013-2025";"Control and Systems Engineering (Q4); Energy Engineering and Power Technology (Q4); Information Systems (Q4); Marketing (Q4); Renewable Energy, Sustainability and the Environment (Q4)";"Business, Management and Accounting; Computer Science; Energy; Engineering"
1397;21100832514;"International Journal of Standardization Research";journal;"24708550, 24708542";"IGI Global Publishing";No;No;0,131;Q4;7;8;22;346;9;22;0,38;43,25;66,67;0;United States;Northern America;"IGI Global Publishing";"2015-2021, 2023";"Computer Science Applications (Q4); Management of Technology and Innovation (Q4)";"Business, Management and Accounting; Computer Science"
1398;21100896341;"Journal of Investment Strategies";journal;"20471238, 20471246";"Infopro digital";No;No;0,131;Q4;4;12;10;235;3;10;0,30;19,58;26,92;0;United Kingdom;Western Europe;"Infopro digital";"2018-2025";"Economics, Econometrics and Finance (miscellaneous) (Q4); Strategy and Management (Q4)";"Business, Management and Accounting; Economics, Econometrics and Finance"
1399;21100457395;"2015 IEEE 8th International Workshop on Computational Intelligence and Applications, IWCIA 2015 - Proceedings";conference and proceedings;"-";"";No;No;0,131;-;5;0;30;0;12;27;0,00;0,00;0,00;0;United States;Northern America;"";"";"Biomedical Engineering; Electrical and Electronic Engineering; Management of Technology and Innovation";"Business, Management and Accounting; Engineering"
1400;21100461943;"Modern Problems of Radio Engineering, Telecommunications and Computer Science, Proceedings of the 13th International Conference on TCSET 2016";conference and proceedings;"-";"";No;No;0,131;-;18;0;252;0;151;250;0,00;0,00;0,00;0;United States;Northern America;"";"";"Health (social science); Public Administration; Sociology and Political Science; Strategy and Management";"Business, Management and Accounting; Social Sciences"
1401;21100798507;"Proceedings - 14th IEEE Student Conference on Research and Development: Advancing Technology for Humanity, SCOReD 2016";conference and proceedings;"-";"";No;No;0,131;-;10;0;69;0;51;67;0,74;0,00;0,00;0;United States;Northern America;"";"";"Computer Networks and Communications; Computer Science Applications; Computer Vision and Pattern Recognition; Control and Optimization; Control and Systems Engineering; Hardware and Architecture; Management Information Systems; Modeling and Simulation";"Business, Management and Accounting; Computer Science; Engineering; Mathematics"
1402;21100865914;"Global Trade and Customs Journal";journal;"18756468, 1569755X";"Kluwer Law International";No;No;0,130;Q4;9;66;62;1165;9;59;0,15;17,65;26,14;4;Netherlands;Western Europe;"Kluwer Law International";"2018-2026";"Law (Q3); Business and International Management (Q4)";"Business, Management and Accounting; Social Sciences"
1403;21100349535;"International Journal of Economics and Business Research";journal;"17569869, 17569850";"Inderscience";No;No;0,130;Q4;17;57;172;2592;52;171;0,34;45,47;34,75;0;Switzerland;Western Europe;"Inderscience";"2014-2025";"Business, Management and Accounting (miscellaneous) (Q4); Economics, Econometrics and Finance (miscellaneous) (Q4)";"Business, Management and Accounting; Economics, Econometrics and Finance"
1404;19699;"International Journal of Services Technology and Management";journal;"14606720, 1741525X";"Inderscience Publishers";No;No;0,130;Q4;30;35;97;1063;32;94;0,32;30,37;27,66;0;United Kingdom;Western Europe;"Inderscience Publishers";"2000-2025";"Engineering (miscellaneous) (Q3); Computer Science Applications (Q4); E-learning (Q4); Marketing (Q4); Strategy and Management (Q4)";"Business, Management and Accounting; Computer Science; Engineering; Social Sciences"
1405;21100893318;"Journal of Digital and Social Media Marketing";journal;"20500084, 20500076";"Henry Stewart Publications";No;No;0,130;Q4;10;21;39;660;5;35;0,13;31,43;45,71;0;United Kingdom;Western Europe;"Henry Stewart Publications";"2018-2025";"Communication (Q4); Marketing (Q4)";"Business, Management and Accounting; Social Sciences"
1406;19700183046;"Productivity Management";trade journal;"18688519";"Gito Verlag";No;No;0,130;Q4;7;0;115;0;17;99;0,13;0,00;0,00;0;Germany;Western Europe;"Gito Verlag";"2009-2018";"Industrial and Manufacturing Engineering (Q3); Business, Management and Accounting (miscellaneous) (Q4)";"Business, Management and Accounting; Engineering"
1407;21100783589;"Proceedings of the European Conference on Innovation and Entrepreneurship, ECIE";conference and proceedings;"20491050";"Academic Conferences and Publishing International Limited";No;No;0,130;-;12;157;229;4543;55;225;0,24;28,94;49,50;0;United Kingdom;Western Europe;"Academic Conferences and Publishing International Limited";"2015, 2017-2025";"Electrical and Electronic Engineering; Mechanical Engineering";"Engineering"
1408;21100316027;"Corporate Board: Role, Duties and Composition";journal;"18108601, 23122722";"Virtus Interpress";No;No;0,129;Q4;14;0;32;0;17;31;0,00;0,00;0,00;0;Ukraine;Eastern Europe;"Virtus Interpress";"2005-2016, 2020, 2024-2026";"Business and International Management (Q4)";"Business, Management and Accounting"
1409;21100268241;"Research in Competence-Based Management";book series;"17442117";"Emerald Group Publishing Ltd.";No;No;0,129;Q4;6;0;7;0;7;6;1,00;0,00;0,00;0;United Kingdom;Western Europe;"Emerald Group Publishing Ltd.";"2008, 2010, 2012, 2014, 2017, 2025-2026";"Business, Management and Accounting (miscellaneous) (Q4)";"Business, Management and Accounting"
1410;58834;"Schmalenbach Journal of Business Research";journal;"23666153, 03412687";"Springer Gabler";Yes;Yes;0,129;Q4;39;44;78;3246;114;74;1,00;73,77;12,36;2;Germany;Western Europe;"Springer Gabler";"1976, 2016-2025";"Business, Management and Accounting (miscellaneous) (Q4); Economics, Econometrics and Finance (miscellaneous) (Q4); Management of Technology and Innovation (Q4)";"Business, Management and Accounting; Economics, Econometrics and Finance"
1411;17700156006;"WSEAS Transactions on Business and Economics";journal;"11099526, 22242899";"World Scientific and Engineering Academy and Society";No;No;0,129;Q4;26;65;104;1877;33;104;0,32;28,88;34,75;0;Greece;Western Europe;"World Scientific and Engineering Academy and Society";"2009-2015, 2017-2026";"Business and International Management (Q4); Economics and Econometrics (Q4); Finance (Q4); Marketing (Q4); Organizational Behavior and Human Resource Management (Q4); Strategy and Management (Q4)";"Business, Management and Accounting; Economics, Econometrics and Finance"
1412;21100798098;"44th Annual Conference of the European Society for Engineering Education - Engineering Education on Top of the World: Industry-University Cooperation, SEFI 2016";conference and proceedings;"-";"";No;No;0,129;-;5;0;94;0;20;93;0,00;0,00;0,00;0;Belgium;Western Europe;"";"";"Information Systems and Management; Management of Technology and Innovation; Strategy and Management";"Business, Management and Accounting; Decision Sciences"
1413;21100784259;"ASEE 2016 International Forum";conference and proceedings;"-";"";No;No;0,129;-;5;0;47;0;8;47;0,00;0,00;0,00;0;United States;Northern America;"";"";"Information Systems; Information Systems and Management; Management of Technology and Innovation";"Business, Management and Accounting; Computer Science; Decision Sciences"
1414;26458;"Betonwerk und Fertigteil-Technik/Concrete Plant and Precast Technology";trade journal;"03734331";"Bauverlag BV GmbH";No;No;0,128;Q4;11;64;260;161;18;260;0,09;2,52;19,75;0;Germany;Western Europe;"Bauverlag BV GmbH";"1972-1989, 1994-2025";"Building and Construction (Q4); Business, Management and Accounting (miscellaneous) (Q4)";"Business, Management and Accounting; Engineering"
1415;4000152130;"Economists' Voice";journal;"21946167, 15533832";"Walter de Gruyter GmbH";No;No;0,128;Q4;19;11;25;346;6;23;0,18;31,45;0,00;1;Germany;Western Europe;"Walter de Gruyter GmbH";"2004-2026";"Business, Management and Accounting (miscellaneous) (Q4); Economics, Econometrics and Finance (miscellaneous) (Q4)";"Business, Management and Accounting; Economics, Econometrics and Finance"
1416;21100886429;"Enlightening Tourism";journal;"2174548X";"Universidad de Huelva";Yes;Yes;0,128;Q4;11;7;6;438;2;6;0,33;62,57;61,11;0;Spain;Western Europe;"Universidad de Huelva";"2018-2025";"Tourism, Leisure and Hospitality Management (Q4)";"Business, Management and Accounting"
1417;19400157401;"International Journal of Enterprise Network Management";journal;"17481252, 17481260";"Inderscience Enterprises Ltd";No;No;0,128;Q4;16;25;81;684;24;80;0,19;27,36;38,89;0;United Kingdom;Western Europe;"Inderscience Enterprises Ltd";"2006-2012, 2014-2025";"Business and International Management (Q4); Management of Technology and Innovation (Q4); Management Science and Operations Research (Q4)";"Business, Management and Accounting; Decision Sciences"
1418;19700186887;"International Journal of Information Systems and Change Management";journal;"1479313X, 14793121";"Inderscience Enterprises Ltd";No;No;0,128;Q4;18;17;56;976;19;49;0,33;57,41;35,48;0;United Kingdom;Western Europe;"Inderscience Enterprises Ltd";"2006-2025";"Business, Management and Accounting (miscellaneous) (Q4); Decision Sciences (miscellaneous) (Q4)";"Business, Management and Accounting; Decision Sciences"
1419;21100456827;"CHILECON 2015 - 2015 IEEE Chilean Conference on Electrical, Electronics Engineering, Information and Communication Technologies, Proceedings of IEEE Chilecon 2015";conference and proceedings;"-";"";No;No;0,128;-;9;0;155;0;47;152;0,00;0,00;0,00;0;United States;Northern America;"";"";"Agricultural and Biological Sciences (miscellaneous); Modeling and Simulation; Safety, Risk, Reliability and Quality; Statistics and Probability; Strategy and Management";"Agricultural and Biological Sciences; Business, Management and Accounting; Engineering; Mathematics"
1420;21100467826;"Proceedings - 14th International Symposium on Distributed Computing and Applications for Business, Engineering and Science, DCABES 2015";conference and proceedings;"-";"";No;No;0,128;-;9;0;131;0;59;129;0,00;0,00;0,00;0;United States;Northern America;"";"";"Hardware and Architecture";"Computer Science"
1421;4800153109;"Advances in Taxation";book series;"10587497";"Emerald Group Publishing Ltd.";No;No;0,127;Q4;12;7;26;200;13;13;0,37;28,57;33,33;0;United Kingdom;Western Europe;"Emerald Group Publishing Ltd.";"2000-2004, 2006, 2008, 2010, 2012, 2014-2021, 2023-2026";"Business, Management and Accounting (miscellaneous) (Q4); Finance (Q4)";"Business, Management and Accounting; Economics, Econometrics and Finance"
1422;17600155224;"Economie et Prevision";journal;"02494744, 17775795";"Dares";No;No;0,127;Q4;15;12;66;464;8;64;0,15;38,67;50,00;4;France;Western Europe;"Dares";"2001-2013, 2015-2021";"Business and International Management (Q4); Economics, Econometrics and Finance (miscellaneous) (Q4)";"Business, Management and Accounting; Economics, Econometrics and Finance"
1423;19900191745;"Indian Growth and Development Review";journal;"17538254, 17538262";"Emerald Group Publishing Ltd.";No;No;0,127;Q4;19;18;20;778;7;20;0,38;43,22;32,35;0;United Kingdom;Western Europe;"Emerald Group Publishing Ltd.";"2008-2026";"Business and International Management (Q4); Economics and Econometrics (Q4); Geography, Planning and Development (Q4)";"Business, Management and Accounting; Economics, Econometrics and Finance; Social Sciences"
1424;21100866218;"International Journal of Hospitality and Tourism Systems";journal;"09746250";"Publishing India Group";No;No;0,127;Q4;12;17;16;1011;2;16;0,13;59,47;56,67;0;India;Asiatic Region;"Publishing India Group";"2018-2025";"Tourism, Leisure and Hospitality Management (Q4)";"Business, Management and Accounting"
1425;18877;"Monthly Labor Review";journal;"19374658, 00981818";"US Bureau of Labor Statistics";Yes;No;0,127;Q4;64;48;178;639;68;107;0,48;13,31;43,66;15;United States;Northern America;"US Bureau of Labor Statistics";"1945-1949, 1978-1988, 1990-2021";"Management of Technology and Innovation (Q4); Organizational Behavior and Human Resource Management (Q4); Strategy and Management (Q4)";"Business, Management and Accounting"
1426;21100887437;"South African Journal of Accounting Research";journal;"23763981, 10291954";"Taylor and Francis Ltd.";No;No;0,127;Q4;13;12;11;584;6;11;0,55;48,67;63,64;0;United Kingdom;Western Europe;"Taylor and Francis Ltd.";"2018-2026";"Accounting (Q4); Business, Management and Accounting (miscellaneous) (Q4)";"Business, Management and Accounting"
1427;21100469419;"10th International Conference on e-Commerce in Developing Countries: With Focus on e-Tourism, ECDC 2016";conference and proceedings;"-";"";No;No;0,127;-;6;0;27;0;23;26;0,00;0,00;0,00;0;United States;Northern America;"";"";"Computer Networks and Communications; Computer Science Applications; Software";"Computer Science"
1428;5300152530;"Advances in Hospitality and Leisure";book series;"17453542";"Emerald Group Publishing Ltd.";No;No;0,126;Q4;19;11;31;502;10;20;0,14;45,64;44,44;0;United Kingdom;Western Europe;"Emerald Group Publishing Ltd.";"2004, 2006-2019, 2021, 2023-2026";"Geography, Planning and Development (Q4); Tourism, Leisure and Hospitality Management (Q4)";"Business, Management and Accounting; Social Sciences"
1429;19300157107;"International Business Management (discontinued)";journal;"19935250";"Medwell Publishing";No;No;0,126;Q4;24;0;698;0;262;698;0,00;0,00;0,00;0;Pakistan;Asiatic Region;"Medwell Publishing";"2009-2016";"Business and International Management (Q4); Strategy and Management (Q4)";"Business, Management and Accounting"
1430;21100890290;"International Journal of Financial Research (discontinued)";journal;"19234031, 19234023";"Sciedu Press";No;No;0,126;Q4;19;145;62;6931;41;62;0,66;47,80;42,37;4;Canada;Northern America;"Sciedu Press";"2015, 2018-2020";"Accounting (Q4); Business and International Management (Q4); Economics, Econometrics and Finance (miscellaneous) (Q4)";"Business, Management and Accounting; Economics, Econometrics and Finance"
1431;56171;"Paper Asia";trade journal;"02184540";"IPMEDIA SDN BHD";No;No;0,126;Q4;9;201;384;3308;15;382;0,03;16,46;37,30;0;Malaysia;Asiatic Region;"IPMEDIA SDN BHD";"1997-2014, 2016-2019, 2021-2025";"Media Technology (Q3); Marketing (Q4); Materials Science (miscellaneous) (Q4)";"Business, Management and Accounting; Engineering; Materials Science"
1432;16517;"Przeglad Wlokienniczy";trade journal;"17318645, 24499986";"Wydawnictwo SIGMA-NOT";No;No;0,126;Q4;5;58;210;249;7;155;0,04;4,29;40,63;0;Poland;Eastern Europe;"Wydawnictwo SIGMA-NOT";"1974, 1989-2001, 2003-2019";"Industrial and Manufacturing Engineering (Q3); Business, Management and Accounting (miscellaneous) (Q4); Environmental Science (miscellaneous) (Q4); Polymers and Plastics (Q4)";"Business, Management and Accounting; Engineering; Environmental Science; Materials Science"
1433;21100469588;"2015 Conference on Power, Control, Communication and Computational Technologies for Sustainable Growth, PCCCTSG 2015";conference and proceedings;"-";"";No;No;0,126;-;9;0;62;0;42;61;0,00;0,00;0,00;0;United States;Northern America;"";"";"Business and International Management; Computer Networks and Communications; Health Information Management; Sociology and Political Science; Tourism, Leisure and Hospitality Management";"Business, Management and Accounting; Computer Science; Health Professions; Social Sciences"
1434;21100905837;"Advances in E-Business Research Series";book series;"19352700, 19352719";"IGI Global Publishing";No;No;0,125;Q4;6;17;65;886;9;1;0,14;52,12;0,00;0;United States;Northern America;"IGI Global Publishing";"2018-2019";"Business and International Management (Q4); Computer Science Applications (Q4); Management Information Systems (Q4); Management of Technology and Innovation (Q4)";"Business, Management and Accounting; Computer Science"
1435;4000152103;"Advances in Entrepreneurship, Firm Emergence and Growth";book series;"10747540";"Emerald Group Publishing Ltd.";No;No;0,125;Q4;27;10;27;566;31;2;0,74;56,60;0,00;0;United Kingdom;Western Europe;"Emerald Group Publishing Ltd.";"2000, 2002-2007, 2009-2011, 2014-2019, 2021, 2025-2026";"Business, Management and Accounting (miscellaneous) (Q4); Economics, Econometrics and Finance (miscellaneous) (Q4)";"Business, Management and Accounting; Economics, Econometrics and Finance"
1436;4100151518;"Advances in the Study of Entrepreneurship, Innovation, and Economic Growth";book series;"10484736";"Emerald Group Publishing Ltd.";No;No;0,125;Q4;19;0;35;0;13;2;0,68;0,00;0,00;0;United Kingdom;Western Europe;"Emerald Group Publishing Ltd.";"2000-2001, 2003-2005, 2007-2011, 2013-2018, 2024-2026";"Business, Management and Accounting (miscellaneous) (Q4); Finance (Q4); Management of Technology and Innovation (Q4)";"Business, Management and Accounting; Economics, Econometrics and Finance"
1437;19700173106;"Argumenta Oeconomica";journal;"12335835";"Wroclaw University of Economics";No;No;0,125;Q4;12;0;85;0;28;83;0,37;0,00;0,00;0;Poland;Eastern Europe;"Wroclaw University of Economics";"2009-2018, 2020-2026";"Economics and Econometrics (Q4); Strategy and Management (Q4)";"Business, Management and Accounting; Economics, Econometrics and Finance"
1438;21100786313;"Business, Peace and Sustainable Development";journal;"20518757, 20591586";"Greenleaf Publishing";No;No;0,125;Q4;6;0;20;0;7;17;0,40;0,00;0,00;0;United Kingdom;Western Europe;"Greenleaf Publishing";"2013-2017";"Business and International Management (Q4); Geography, Planning and Development (Q4); Sociology and Political Science (Q4)";"Business, Management and Accounting; Social Sciences"
1439;21100854002;"Clinical Management Issues";journal;"22833137, 19734832";"SEEd srl";Yes;No;0,125;Q4;1;0;1;0;0;1;0,00;0,00;0,00;0;Italy;Western Europe;"SEEd srl";"2014-2016";"Business, Management and Accounting (miscellaneous) (Q4); Medicine (miscellaneous) (Q4)";"Business, Management and Accounting; Medicine"
1440;21100297814;"Critical Studies on Corporate Responsibility, Governance and Sustainability";book series;"20439059, 20439067";"Emerald Group Publishing Ltd.";No;No;0,125;Q4;14;0;49;0;16;31;0,41;0,00;0,00;0;United Kingdom;Western Europe;"Emerald Group Publishing Ltd.";"2010-2016, 2018, 2020-2021, 2023, 2025-2026";"Business, Management and Accounting (miscellaneous) (Q4)";"Business, Management and Accounting"
1441;19422;"DuPont Magazine";trade journal;"00958808";"EI du Pont de Nemours &amp; Co.";No;No;0,125;Q4;1;0;0;0;0;0;0,00;0,00;0,00;0;United States;Northern America;"EI du Pont de Nemours &amp; Co.";"1975-1981, 1985, 1988, 1990-2004";"Industrial and Manufacturing Engineering (Q3); Business and International Management (Q4); Business, Management and Accounting (miscellaneous) (Q4); Chemistry (miscellaneous) (Q4)";"Business, Management and Accounting; Chemistry; Engineering"
1442;144743;"Human Resource Management International Digest";journal;"09670734";"Emerald Group Publishing Ltd.";No;No;0,125;Q4;22;98;288;108;73;273;0,27;1,10;60,00;0;United Kingdom;Western Europe;"Emerald Group Publishing Ltd.";"2002-2026";"Organizational Behavior and Human Resource Management (Q4)";"Business, Management and Accounting"
1443;32257;"Irrigation and Drainage Systems";journal;"01686291";"Springer Netherlands";No;No;0,125;Q4;40;0;0;0;0;0;0,00;0,00;0,00;0;Netherlands;Western Europe;"Springer Netherlands";"1986-2011";"Food Science (Q4); Geography, Planning and Development (Q4); Management of Technology and Innovation (Q4); Water Science and Technology (Q4)";"Agricultural and Biological Sciences; Business, Management and Accounting; Environmental Science; Social Sciences"
1444;38845;"New Zealand Engineering";journal;"0028808X";"IPENZ Publishing";No;No;0,125;Q4;1;0;0;0;0;0;0,00;0,00;0,00;0;New Zealand;Pacific Region;"IPENZ Publishing";"1968-1987, 1996-1999";"Management of Technology and Innovation (Q4)";"Business, Management and Accounting"
1445;21100860937;"Polish Journal of Sport and Tourism";journal;"18991998, 20828799";"Walter de Gruyter GmbH";Yes;No;0,125;Q4;10;18;25;541;6;25;0,24;30,06;46,43;0;Germany;Western Europe;"Walter de Gruyter GmbH";"2018-2025";"Orthopedics and Sports Medicine (Q4); Physical Therapy, Sports Therapy and Rehabilitation (Q4); Tourism, Leisure and Hospitality Management (Q4)";"Business, Management and Accounting; Health Professions; Medicine"
1446;17700156406;"Revue Internationale de Droit Economique";journal;"10108831, 17821525";"De Boeck Supérieur";No;No;0,125;Q4;9;26;81;1201;11;80;0,13;46,19;35,71;2;Belgium;Western Europe;"De Boeck Supérieur";"2001-2024";"Business and International Management (Q4); Economics, Econometrics and Finance (miscellaneous) (Q4); Law (Q4)";"Business, Management and Accounting; Economics, Econometrics and Finance; Social Sciences"
1447;21100818515;"Studies in the Development of Accounting Thought";book series;"14793504";"Emerald Group Publishing Ltd.";No;No;0,125;Q4;1;14;41;0;0;3;0,00;0,00;0,00;0;United Kingdom;Western Europe;"Emerald Group Publishing Ltd.";"2016-2020, 2025-2026";"Accounting (Q4)";"Business, Management and Accounting"
1448;17172;"Textile World";trade journal;"00405213";"Billian Publishing Inc.";No;No;0,125;Q4;7;42;138;28;2;1;0,01;0,67;33,33;0;United States;Northern America;"Billian Publishing Inc.";"1969, 1975-2025";"Industrial and Manufacturing Engineering (Q3); Business and International Management (Q4); Business, Management and Accounting (miscellaneous) (Q4)";"Business, Management and Accounting; Engineering"
1449;16629;"Textiles";journal;"03060748";"";Yes;No;0,125;Q4;1;0;0;0;0;0;0,00;0,00;0,00;0;United Kingdom;Western Europe;"";"1977, 1989-1996, 1998, 2000";"History (Q2); Industrial and Manufacturing Engineering (Q3); Agricultural and Biological Sciences (miscellaneous) (Q4); Business and International Management (Q4); Business, Management and Accounting (miscellaneous) (Q4)";"Agricultural and Biological Sciences; Arts and Humanities; Business, Management and Accounting; Engineering"
1450;21100298059;"Tourism Social Science Series";book series;"29781418, 15715043";"Emerald Publishing";No;No;0,125;Q4;13;10;46;0;25;7;1,00;0,00;0,00;0;United Kingdom;Western Europe;"Emerald Publishing";"2012-2013, 2015-2016, 2018-2019, 2023-2026";"Anthropology (Q3); Tourism, Leisure and Hospitality Management (Q4)";"Business, Management and Accounting; Social Sciences"
1451;21100812368;"2016 IEEE Conference on Control Applications, CCA 2016";conference and proceedings;"-";"";No;No;0,125;-;0;0;1;0;0;1;0,00;0,00;0,00;0;United States;Northern America;"";"";"Business and International Management; Control and Systems Engineering; Management Information Systems; Management Science and Operations Research";"Business, Management and Accounting; Decision Sciences; Engineering"
1452;21100819111;"2016 IEEE Conference on Control Applications, CCA 2016";conference and proceedings;"-";"";No;No;0,125;-;1;0;1;0;0;1;0,00;0,00;0,00;0;United States;Northern America;"";"";"Business, Management and Accounting (miscellaneous); Decision Sciences (miscellaneous)";"Business, Management and Accounting; Decision Sciences"
1453;21100787009;"2016 IEEE International Conference on Management of Innovation and Technology, ICMIT 2016";conference and proceedings;"-";"";No;No;0,125;-;6;0;58;0;16;57;0,00;0,00;0,00;0;United States;Northern America;"";"";"Computer Networks and Communications; Computer Science Applications; Computer Vision and Pattern Recognition; Health Informatics; Information Systems";"Computer Science; Medicine"
1454;21100797918;"2016 International Annual Conference of the American Society for Engineering Management, ASEM 2016";conference and proceedings;"-";"";No;No;0,125;-;0;0;3;0;0;1;0,00;0,00;0,00;0;United States;Northern America;"";"";"Automotive Engineering; Electrical and Electronic Engineering; Fuel Technology";"Energy; Engineering"
1455;21100421887;"Lecture Notes in Information Systems and Organisation";book series;"21954968, 21954976";"Springer Science and Business Media Deutschland GmbH";No;No;0,125;-;27;131;314;4277;209;52;0,68;32,65;42,86;5;Germany;Western Europe;"Springer Science and Business Media Deutschland GmbH";"2013-2025";"Computer Science Applications; Information Systems; Information Systems and Management; Management Information Systems; Management of Technology and Innovation";"Business, Management and Accounting; Computer Science; Decision Sciences"
1456;18861;"Rock Products";trade journal;"07473605";"PENTON MEDIA";No;No;0,125;-;4;0;0;0;0;0;0,00;0,00;0,00;0;United States;Northern America;"PENTON MEDIA";"1969-1976, 1978-1987, 1989-1991, 1994-2007";"Geotechnical Engineering and Engineering Geology (Q4)";"Earth and Planetary Sciences"
1457;82087;"Chemical Fibers International";trade journal;"14343584";"Deutscher Fachverlag GmbH";No;No;0,124;Q4;16;30;66;93;6;66;0,11;3,10;32,84;0;Germany;Western Europe;"Deutscher Fachverlag GmbH";"1995-2022";"Industrial and Manufacturing Engineering (Q3); Business and International Management (Q4)";"Business, Management and Accounting; Engineering"
1458;4100151528;"Contemporary Studies in Economic and Financial Analysis";book series;"15693759";"Emerald Group Publishing Ltd.";No;No;0,124;Q4;15;18;50;633;25;19;0,17;35,17;0,00;0;United Kingdom;Western Europe;"Emerald Group Publishing Ltd.";"2002, 2005-2007, 2009, 2011-2012, 2014, 2016, 2018-2026";"Business, Management and Accounting (miscellaneous) (Q4); Economics, Econometrics and Finance (miscellaneous) (Q4)";"Business, Management and Accounting; Economics, Econometrics and Finance"
1459;19900193866;"Gedrag en Organisatie";journal;"09215077, 18757235";"Amsterdam University Press";No;No;0,123;Q4;15;15;62;858;8;56;0,11;57,20;71,43;0;Netherlands;Western Europe;"Amsterdam University Press";"2008-2025";"Organizational Behavior and Human Resource Management (Q4); Social Psychology (Q4); Strategy and Management (Q4)";"Business, Management and Accounting; Psychology"
1460;21100448240;"International Journal of Management and Business Research";journal;"22287019, 22287027";"Islamic Azad University";Yes;No;0,123;Q4;10;39;81;971;25;81;0,35;24,90;43,82;0;Iran;Middle East;"Islamic Azad University";"2015-2019";"Business and International Management (Q4); Marketing (Q4); Organizational Behavior and Human Resource Management (Q4); Strategy and Management (Q4)";"Business, Management and Accounting"
1461;21100894501;"International Journal of Scientific and Technology Research (discontinued)";journal;"22778616";"";No;No;0,123;Q4;39;3128;414;69047;170;414;0,41;22,07;37,47;0;India;Asiatic Region;"";"2018-2020";"Engineering (miscellaneous) (Q3); Development (Q4); Management of Technology and Innovation (Q4)";"Business, Management and Accounting; Engineering; Social Sciences"
1462;21100872764;"International Journal of Sustainable Agricultural Management and Informatics";journal;"20545827, 20545819";"Inderscience Enterprises Ltd";No;No;0,123;Q4;16;21;58;666;16;54;0,24;31,71;31,48;0;United Kingdom;Western Europe;"Inderscience Enterprises Ltd";"2015-2026";"Agricultural and Biological Sciences (miscellaneous) (Q4); Business, Management and Accounting (miscellaneous) (Q4); Economics and Econometrics (Q4)";"Agricultural and Biological Sciences; Business, Management and Accounting; Economics, Econometrics and Finance"
1463;6200180167;"International Journal of Technology Intelligence and Planning";journal;"17402832, 17402840";"Inderscience Enterprises Ltd";No;No;0,123;Q4;20;5;26;266;18;26;0,76;53,20;26,67;0;United Kingdom;Western Europe;"Inderscience Enterprises Ltd";"2004-2022, 2024-2025";"Information Systems and Management (Q4); Management Information Systems (Q4); Management of Technology and Innovation (Q4)";"Business, Management and Accounting; Decision Sciences"
1464;19700175177;"Journal of Organizational Culture, Communications and Conflict (discontinued)";journal;"15440508, 19394691";"Allied Academies";No;No;0,123;Q4;18;0;111;0;39;111;0,00;0,00;0,00;0;United States;Northern America;"Allied Academies";"2009-2016";"Communication (Q4); Strategy and Management (Q4)";"Business, Management and Accounting; Social Sciences"
1465;21100265102;"Research in Consumer Behavior";book series;"08852111";"Emerald Group Publishing Ltd.";No;No;0,123;Q4;21;13;28;512;17;25;0,67;39,38;0,00;0;United Kingdom;Western Europe;"Emerald Group Publishing Ltd.";"2007, 2010-2016, 2018-2019, 2025-2026";"Business, Management and Accounting (miscellaneous) (Q4); Marketing (Q4)";"Business, Management and Accounting"
1466;18400156713;"Tourismos";journal;"17908418";"University of the Aegean";Yes;No;0,123;Q4;26;0;75;0;20;68;0,39;0,00;0,00;0;Greece;Western Europe;"University of the Aegean";"2006-2017";"Business and International Management (Q4); Tourism, Leisure and Hospitality Management (Q4)";"Business, Management and Accounting"
1467;21100898309;"Tuning Journal for Higher Education";journal;"23863137, 23408170";"University of Deusto";Yes;Yes;0,123;Q4;9;14;12;514;4;10;0,33;36,71;51,72;0;Spain;Western Europe;"University of Deusto";"2018-2025";"Education (Q4); Management of Technology and Innovation (Q4)";"Business, Management and Accounting; Social Sciences"
1468;19700181206;"International Journal of Economic Research (discontinued)";journal;"09729380";"Serials Publications";No;No;0,122;Q4;23;0;1172;0;338;1172;0,29;0,00;0,00;0;India;Asiatic Region;"Serials Publications";"2008-2017";"Business, Management and Accounting (miscellaneous) (Q4); Economics, Econometrics and Finance (miscellaneous) (Q4)";"Business, Management and Accounting; Economics, Econometrics and Finance"
1469;12210;"Laser Focus World";trade journal;"10438092";"PennWell Corporation";No;No;0,122;Q4;21;0;35;0;6;35;0,17;0,00;0,00;0;United States;Northern America;"PennWell Corporation";"1994-2015, 2017";"Atomic and Molecular Physics, and Optics (Q4); Condensed Matter Physics (Q4); Electrical and Electronic Engineering (Q4); Marketing (Q4)";"Business, Management and Accounting; Engineering; Physics and Astronomy"
1470;145265;"Middle East Quarterly";journal;"10739467";"Middle East Forum";No;No;0,122;Q4;22;23;57;97;17;42;0,23;4,22;37,50;0;United States;Northern America;"Middle East Forum";"2005-2025";"Business, Management and Accounting (miscellaneous) (Q4); Political Science and International Relations (Q4)";"Business, Management and Accounting; Social Sciences"
1471;5700164110;"Retraite et Societe";journal;"11674687";"Documentation Francaise";No;No;0,122;Q4;12;15;89;563;5;75;0,00;37,53;57,14;0;France;Western Europe;"Documentation Francaise";"2001-2009, 2011-2024";"Industrial Relations (Q4); Organizational Behavior and Human Resource Management (Q4); Sociology and Political Science (Q4)";"Business, Management and Accounting; Social Sciences"
1472;21100464530;"5th EAGE Shale Workshop: Quantifying Risks and Potential";conference and proceedings;"-";"";No;No;0,122;-;2;0;28;0;4;27;0,00;0,00;0,00;0;Netherlands;Western Europe;"";"";"Business and International Management; Computer Science Applications; Information Systems; Management Information Systems; Software";"Business, Management and Accounting; Computer Science"
1473;21100464764;"CAADRIA 2016, 21st International Conference on Computer-Aided Architectural Design Research in Asia - Living Systems and Micro-Utopias: Towards Continuous Designing";conference and proceedings;"-";"";No;No;0,122;-;11;0;88;0;41;86;0,00;0,00;0,00;0;China;Asiatic Region;"";"";"Organizational Behavior and Human Resource Management; Software";"Business, Management and Accounting; Computer Science"
1474;21100396293;"International Journal of Electronic Finance";journal;"17460077, 17460069";"Inderscience";No;No;0,121;Q4;22;9;9;438;4;9;0,40;48,67;27,27;0;Switzerland;Western Europe;"Inderscience";"2006-2016, 2018-2026";"Computer Networks and Communications (Q4); Computer Science Applications (Q4); E-learning (Q4); Finance (Q4); Management of Technology and Innovation (Q4)";"Business, Management and Accounting; Computer Science; Economics, Econometrics and Finance; Social Sciences"
1475;21100201988;"Journal of Tourism History";journal;"17551838, 1755182X";"Taylor and Francis Ltd.";No;No;0,121;Q4;16;13;49;40;24;41;0,44;3,08;25,00;0;United Kingdom;Western Europe;"Taylor and Francis Ltd.";"2009-2026";"Cultural Studies (Q3); History (Q3); Geography, Planning and Development (Q4); Tourism, Leisure and Hospitality Management (Q4); Transportation (Q4)";"Arts and Humanities; Business, Management and Accounting; Social Sciences"
1476;21100797836;"43rd European Physical Society Conference on Plasma Physics, EPS 2016";conference and proceedings;"-";"";No;No;0,121;-;5;0;325;0;20;323;0,00;0,00;0,00;0;France;Western Europe;"";"";"Information Systems and Management; Management Information Systems";"Business, Management and Accounting; Decision Sciences"
1477;21100805315;"ICBMH 2016 - 12th International Conference on Bulk Materials Storage, Handling and Transportation, Proceedings";conference and proceedings;"-";"";No;No;0,121;-;4;0;65;0;13;63;0,00;0,00;0,00;0;Australia;Pacific Region;"";"";"Business, Management and Accounting (miscellaneous); Safety Research; Safety, Risk, Reliability and Quality";"Business, Management and Accounting; Engineering; Social Sciences"
1478;21100784373;"Proceedings of the International Conference on Intellectual Capital, Knowledge Management and Organisational Learning, ICICKM";conference and proceedings;"20489803";"";No;No;0,121;-;7;54;57;1584;18;55;0,32;29,33;37,63;0;United Kingdom;Western Europe;"";"";"Computer Networks and Communications; Computer Vision and Pattern Recognition; Human-Computer Interaction; Software";"Computer Science"
1479;21100892891;"Applied Marketing Analytics";journal;"20547544, 20547552";"Henry Stewart Publications";No;No;0,120;Q4;8;35;18;535;4;16;0,22;15,29;32,65;0;United Kingdom;Western Europe;"Henry Stewart Publications";"2018-2025";"Marketing (Q4); Statistics, Probability and Uncertainty (Q4); Strategy and Management (Q4)";"Business, Management and Accounting; Decision Sciences"
1480;4700151612;"Emergence: Complexity and Organization";journal;"15217000, 15213250";"Emergent Publications";No;No;0,120;Q4;30;0;46;0;21;39;0,42;0,00;0,00;0;United States;Northern America;"Emergent Publications";"2004, 2006-2018";"Business and International Management (Q4); Organizational Behavior and Human Resource Management (Q4); Strategy and Management (Q4)";"Business, Management and Accounting"
1481;21100255501;"International Journal of Educational Organization and Leadership";journal;"23291656, 23291591";"Common Ground Research Networks";No;No;0,120;Q4;9;9;21;342;8;21;0,78;38,00;17,65;0;United States;Northern America;"Common Ground Research Networks";"2013-2025";"Education (Q4); Strategy and Management (Q4)";"Business, Management and Accounting; Social Sciences"
1482;5700168194;"Journal of Organisational Transformation &amp; Social Change";journal;"14779633, 2040056X";"Maney Publishing";No;No;0,120;Q4;11;0;28;0;13;24;0,77;0,00;0,00;0;United Kingdom;Western Europe;"Maney Publishing";"2005, 2013-2017";"Business, Management and Accounting (miscellaneous) (Q4); Social Sciences (miscellaneous) (Q4)";"Business, Management and Accounting; Social Sciences"
1483;21100464759;"Multikonferenz Wirtschaftsinformatik, MKWI 2016";conference and proceedings;"-";"";No;No;0,120;-;8;0;105;0;33;102;0,00;0,00;0,00;0;Germany;Western Europe;"";"";"Modeling and Simulation; Software";"Computer Science; Mathematics"
1484;21100785006;"Sustainability in Modern Project Management - Proceedings of the 18th International DSM Conference, DSM 2016";conference and proceedings;"-";"";No;No;0,120;-;3;0;14;0;5;12;0,00;0,00;0,00;0;Brazil;Latin America;"";"";"Computer Networks and Communications; Law";"Computer Science; Social Sciences"
1485;19700200704;"International Journal of Business and Management Science";journal;"18376614, 1985692X";"Society for Alliance, Fidelity and Advancement";No;No;0,119;Q4;13;29;53;1397;32;53;0,60;48,17;55,06;0;Australia;Pacific Region;"Society for Alliance, Fidelity and Advancement";"2008-2012, 2016-2021";"Business and International Management (Q4); Economics and Econometrics (Q4)";"Business, Management and Accounting; Economics, Econometrics and Finance"
1486;5300152531;"Research on Emotion in Organizations";book series;"17469791";"Emerald Group Publishing Ltd.";No;No;0,119;Q4;21;11;44;674;19;15;0,19;61,27;0,00;0;United Kingdom;Western Europe;"Emerald Group Publishing Ltd.";"2006-2019, 2022-2026";"Organizational Behavior and Human Resource Management (Q4)";"Business, Management and Accounting"
1487;18249;"World of Mining - Surface and Underground";journal;"16132408";"GDMB Gesellschaft fur Bergbau, Metallurgie, Rohstoff- und Umwelttechnik e.V.";No;No;0,119;Q4;10;49;112;298;13;97;0,12;6,08;19,05;0;Germany;Western Europe;"GDMB Gesellschaft fur Bergbau, Metallurgie, Rohstoff- und Umwelttechnik e.V.";"2004-2025";"Geotechnical Engineering and Engineering Geology (Q4); Strategy and Management (Q4)";"Business, Management and Accounting; Earth and Planetary Sciences"
1488;21100810604;"Proceedings of the International Conference on Industrial Engineering and Operations Management";conference and proceedings;"21698767";"";No;No;0,119;-;26;1047;2810;18916;434;2801;0,15;18,07;35,92;0;United States;Northern America;"";"";"Instrumentation";"Physics and Astronomy"
1489;21100943519;"Accounting (discontinued)";journal;"23697407, 23697393";"Growing Science";Yes;Yes;0,118;Q4;25;17;6;607;6;6;1,00;35,71;22,58;1;Canada;Northern America;"Growing Science";"2018-2021";"Accounting (Q4); Pharmaceutical Science (Q4)";"Business, Management and Accounting; Pharmacology, Toxicology and Pharmaceutics"
1490;21100891790;"African Journal of Business and Economic Research";journal;"17504554, 17504562";"Adonis &amp; Abbey Publishers Ltd.";No;No;0,118;Q4;13;35;58;1273;17;52;0,24;36,37;27,54;1;United Kingdom;Western Europe;"Adonis &amp; Abbey Publishers Ltd.";"2006-2025";"Business and International Management (Q4); Economics and Econometrics (Q4)";"Business, Management and Accounting; Economics, Econometrics and Finance"
1491;144786;"Journal of Japan Industrial Management Association";journal;"13422618, 21879079";"Japan Industrial Management Association";Yes;No;0,118;Q4;11;23;86;416;10;84;0,15;18,09;18,06;0;Japan;Asiatic Region;"Japan Industrial Management Association";"2004-2026";"Applied Mathematics (Q4); Industrial and Manufacturing Engineering (Q4); Management Science and Operations Research (Q4); Strategy and Management (Q4)";"Business, Management and Accounting; Decision Sciences; Engineering; Mathematics"
1492;21100788232;"WebMedia 2016 - Proceedings of the 22nd Brazilian Symposium on Multimedia and the Web";conference and proceedings;"-";"";No;No;0,118;-;6;0;69;0;37;67;0,00;0,00;0,00;0;United States;Northern America;"";"";"Management Science and Operations Research; Strategy and Management";"Business, Management and Accounting; Decision Sciences"
1493;12754;"International Journal of COMADEM";journal;"13637681";"COMADEM International";No;No;0,117;Q4;14;33;86;633;17;82;0,22;19,18;24,68;0;United Kingdom;Western Europe;"COMADEM International";"2003-2023";"Bioengineering (Q4); Electrical and Electronic Engineering (Q4); Industrial and Manufacturing Engineering (Q4); Safety, Risk, Reliability and Quality (Q4); Signal Processing (Q4); Strategy and Management (Q4)";"Business, Management and Accounting; Chemical Engineering; Computer Science; Engineering"
1494;17115;"Journal of the Textile Association";journal;"03684636";"Textile Association (India)";Yes;No;0,117;Q4;14;37;37;529;5;29;0,15;14,30;43,48;0;India;Asiatic Region;"Textile Association (India)";"1999-2025";"Business and International Management (Q4); Industrial and Manufacturing Engineering (Q4); Polymers and Plastics (Q4)";"Business, Management and Accounting; Engineering; Materials Science"
1495;21100888810;"Studies in Business and Economics";journal;"23445416, 18424120";"De Gruyter Open Ltd.";Yes;Yes;0,117;Q4;18;58;45;1661;17;45;0,38;28,64;54,43;2;Poland;Eastern Europe;"De Gruyter Open Ltd.";"2018-2025";"Business, Management and Accounting (miscellaneous) (Q4); Economics, Econometrics and Finance (miscellaneous) (Q4); Social Psychology (Q4)";"Business, Management and Accounting; Economics, Econometrics and Finance; Psychology"
1496;21100797841;"Proceedings of the 2016 42nd Latin American Computing Conference, CLEI 2016";conference and proceedings;"-";"";No;No;0,117;-;7;0;97;0;49;95;0,51;0,00;0,00;0;United States;Northern America;"";"";"Hardware and Architecture; Management of Technology and Innovation; Software";"Business, Management and Accounting; Computer Science"
1497;57620;"Izvestiya Vysshikh Uchebnykh Zavedenii, Seriya Teknologiya Tekstil'noi Promyshlennosti";trade journal;"00213497";"Ivanovo State Polytechnic University";No;No;0,116;Q4;23;330;1074;2900;131;1074;0,12;8,79;61,61;0;Russian Federation;Eastern Europe;"Ivanovo State Polytechnic University";"1989-1993, 1995-2025";"Business, Management and Accounting (miscellaneous) (Q4); Industrial and Manufacturing Engineering (Q4); Polymers and Plastics (Q4)";"Business, Management and Accounting; Engineering; Materials Science"
1498;21100936539;"Revue Europeenne d' Economie et Management des Services";journal;"25550284, 24970107";"Editions Classiques Garnier";No;No;0,116;Q4;5;12;32;483;6;32;0,24;40,25;48,00;0;France;Western Europe;"Editions Classiques Garnier";"2016-2025";"Management Information Systems (Q4); Management of Technology and Innovation (Q4); Management Science and Operations Research (Q4); Strategy and Management (Q4)";"Business, Management and Accounting; Decision Sciences"
1499;144665;"Strategic Direction";journal;"02580543";"Emerald Group Publishing Ltd.";No;No;0,116;Q4;21;149;408;251;39;405;0,10;1,68;45,45;0;United Kingdom;Western Europe;"Emerald Group Publishing Ltd.";"2002-2026";"Strategy and Management (Q4)";"Business, Management and Accounting"
1500;21100802693;"2009 IEEE International Technology Management Conference, ICE 2009";conference and proceedings;"-";"";No;No;0,116;-;5;0;77;0;7;76;0,00;0,00;0,00;0;United States;Northern America;"";"";"Computer Science (miscellaneous); Information Systems; Linguistics and Language (Q3)";"Computer Science; Social Sciences"
1501;21100894527;"Brazilian Business Review";journal;"18082386";"FUCAPE Business School";Yes;Yes;0,115;Q4;15;38;41;1895;16;37;0,39;49,87;27,10;1;Brazil;Latin America;"FUCAPE Business School";"2017-2026";"Accounting (Q4); Business and International Management (Q4); Economics and Econometrics (Q4); Management of Technology and Innovation (Q4); Strategy and Management (Q4)";"Business, Management and Accounting; Economics, Econometrics and Finance"
1502;21100198553;"International Journal of Banking, Accounting and Finance";journal;"17553830, 17553849";"Inderscience";No;No;0,115;Q4;14;10;28;351;9;28;0,37;35,10;15,79;0;Switzerland;Western Europe;"Inderscience";"2008-2025";"Accounting (Q4); Economics and Econometrics (Q4); Finance (Q4)";"Business, Management and Accounting; Economics, Econometrics and Finance"
1503;21100901133;"International Journal on Emerging Technologies (discontinued)";journal;"09758364, 22493255";"Research Trends (P) LTD.";No;No;0,115;Q4;21;336;19;8862;16;19;0,84;26,38;38,30;0;India;Asiatic Region;"Research Trends (P) LTD.";"2018-2020";"Agricultural and Biological Sciences (miscellaneous) (Q4); Engineering (miscellaneous) (Q4); Management of Technology and Innovation (Q4)";"Agricultural and Biological Sciences; Business, Management and Accounting; Engineering"
1504;21100894552;"Journal of Advertising Education";journal;"10980482, 25161873";"SAGE Publications Ltd";No;No;0,115;Q4;10;18;44;262;19;29;0,61;14,56;47,62;0;United States;Northern America;"SAGE Publications Ltd";"2015-2026";"Communication (Q4); Education (Q4); Marketing (Q4)";"Business, Management and Accounting; Social Sciences"
1505;21100463830;"Journal of Enterprise Transformation";journal;"19488297, 19488289";"Taylor &amp; Francis Group LLC";No;No;0,115;Q4;18;0;28;0;14;27;0,59;0,00;0,00;0;United States;Northern America;"Taylor &amp; Francis Group LLC";"2011-2018";"Control and Systems Engineering (Q4); Information Systems (Q4); Information Systems and Management (Q4); Management Science and Operations Research (Q4); Organizational Behavior and Human Resource Management (Q4)";"Business, Management and Accounting; Computer Science; Decision Sciences; Engineering"
1506;21100389315;"Risk Governance and Control: Financial Markets and Institutions";journal;"2077429X, 20774303";"Virtus Interpress";No;No;0,115;Q4;13;0;93;0;33;92;0,00;0,00;0,00;0;Ukraine;Eastern Europe;"Virtus Interpress";"2011-2016, 2024-2026";"Economics and Econometrics (Q4); Finance (Q4); Strategy and Management (Q4)";"Business, Management and Accounting; Economics, Econometrics and Finance"
1507;4400151707;"Zhongbei Daxue Xuebao (Ziran Kexue Ban)/Journal of North University of China (Natural Science Edition)";journal;"16733193";"North China Institute of Technology";No;No;0,115;Q4;10;90;379;1482;33;379;0,11;16,47;36,90;0;China;Asiatic Region;"North China Institute of Technology";"2006-2025";"Management of Technology and Innovation (Q4)";"Business, Management and Accounting"
1508;21100455671;"2015 Selected Problems of Electrical Engineering and Electronics, WZEE 2015";conference and proceedings;"-";"";No;No;0,115;-;8;0;38;0;20;37;0,00;0,00;0,00;0;United States;Northern America;"";"";"Computer Science (miscellaneous); Education; Industrial Relations";"Business, Management and Accounting; Computer Science; Social Sciences"
1509;17118;"Textile History";journal;"17432952, 00404969";"Maney Publishing";No;No;0,114;Q4;16;29;47;338;17;41;0,54;11,66;80,77;0;United Kingdom;Western Europe;"Maney Publishing";"1968-2023, 2025";"History (Q3); Business and International Management (Q4); Business, Management and Accounting (miscellaneous) (Q4); Industrial and Manufacturing Engineering (Q4)";"Arts and Humanities; Business, Management and Accounting; Engineering"
1510;21100803370;"Heritage, Culture and Society: Research agenda and best practices in the hospitality and tourism industry - Proceedings of the 3rd International Hospitality and Tourism Conference, IHTC 2016 and 2nd International Seminar on Tourism, ISOT 2016";conference and proceedings;"-";"";No;No;0,114;-;5;0;133;0;16;131;0,00;0,00;0,00;0;United States;Northern America;"";"";"Electronic, Optical and Magnetic Materials; Mechanics of Materials";"Engineering; Materials Science"
1511;21100461941;"Proceedings of the 4th International Conference on Management, Leadership and Governance, ICMLG 2016";conference and proceedings;"-";"";No;No;0,114;-;6;0;65;0;16;63;0,00;0,00;0,00;0;United Kingdom;Western Europe;"";"";"Computer Networks and Communications; Control and Systems Engineering";"Computer Science; Engineering"
1512;21100893575;"Asian Journal of Business Research";journal;"24634522, 11788933";"Asia Business Research Corporation";No;No;0,113;Q4;18;19;12;1390;2;12;0,17;73,16;50,00;1;New Zealand;Pacific Region;"Asia Business Research Corporation";"2018-2025";"Business and International Management (Q4); Marketing (Q4); Political Science and International Relations (Q4); Sociology and Political Science (Q4); Strategy and Management (Q4)";"Business, Management and Accounting; Social Sciences"
1513;21100896465;"International Journal of Customer Relationship Marketing and Management";journal;"19479247, 19479255";"IGI Global Publishing";No;No;0,113;Q4;11;16;17;926;10;17;0,59;57,88;21,43;0;United States;Northern America;"IGI Global Publishing";"2018-2025";"Business and International Management (Q4); Information Systems (Q4); Information Systems and Management (Q4); Management Information Systems (Q4); Marketing (Q4)";"Business, Management and Accounting; Computer Science; Decision Sciences"
1514;21100326896;"Journal of Accounting, Ethics and Public Policy";journal;"1089652X";"Journal of Accounting, Ethics and Public Policy";No;No;0,113;Q4;4;0;2;0;0;2;0,00;0,00;0,00;0;United States;Northern America;"Journal of Accounting, Ethics and Public Policy";"2013, 2016";"Accounting (Q4); Public Administration (Q4)";"Business, Management and Accounting; Social Sciences"
1515;4700152816;"Logistics Journal";journal;"18607977";"Wissenschaftliche Gesellschaft fur Technische Logistik";No;No;0,113;Q4;8;43;156;884;32;156;0,24;20,56;14,04;0;Germany;Western Europe;"Wissenschaftliche Gesellschaft fur Technische Logistik";"2006, 2009-2025";"Control and Systems Engineering (Q4); Management Information Systems (Q4); Management Science and Operations Research (Q4)";"Business, Management and Accounting; Decision Sciences; Engineering"
1516;21100255545;"Management Education";journal;"23279273, 23278005";"Common Ground Research Networks";No;No;0,113;Q4;3;0;8;0;2;8;0,00;0,00;0,00;0;United States;Northern America;"Common Ground Research Networks";"2013-2016";"Business, Management and Accounting (miscellaneous) (Q4); Education (Q4)";"Business, Management and Accounting; Social Sciences"
1517;21100780997;"2016 IEEE VR 2016 Workshop on Perceptual and Cognitive Issues in AR, PERCAR 2016";conference and proceedings;"-";"";No;No;0,113;-;3;0;4;0;3;3;0,00;0,00;0,00;0;United States;Northern America;"";"";"Biochemistry, Genetics and Molecular Biology (miscellaneous); Chemical Engineering (miscellaneous); Health Policy; Health (social science); Issues, Ethics and Legal Aspects; Management of Technology and Innovation; Medicine (miscellaneous)";"Biochemistry, Genetics and Molecular Biology; Business, Management and Accounting; Chemical Engineering; Medicine; Nursing; Social Sciences"
1518;21100811520;"American Fuel and Petrochemical Manufacturers, AFPM - International Lubricants and Waxes Meeting 2016";conference and proceedings;"-";"";No;No;0,113;-;0;0;3;0;0;2;0,00;0,00;0,00;0;United States;Northern America;"";"";"Business and International Management; Finance; Information Systems and Management; Strategy and Management";"Business, Management and Accounting; Decision Sciences; Economics, Econometrics and Finance"
1519;21100779069;"American Fuel and Petrochemical Manufacturers, AFPM - Labor Relations/Human Resources Conference 2016";conference and proceedings;"-";"";No;No;0,113;-;0;0;3;0;0;2;0,00;0,00;0,00;0;United States;Northern America;"";"";"Artificial Intelligence; Computer Science Applications; Control and Systems Engineering; Modeling and Simulation; Numerical Analysis";"Computer Science; Engineering; Mathematics"
1520;21100812591;"Process Intensification 2016 - Topical Conference at the 2016 AIChE Annual Meeting";conference and proceedings;"-";"";No;No;0,113;-;0;0;3;0;0;2;0,00;0,00;0,00;0;United States;Northern America;"";"";"Chemical Engineering (miscellaneous); Engineering (miscellaneous); Management of Technology and Innovation";"Business, Management and Accounting; Chemical Engineering; Engineering"
1521;21100862481;"ACRN Journal of Finance and Risk Perspectives";journal;"23057394";"ACRN Oxford Ltd.";Yes;No;0,112;Q4;9;11;26;496;5;26;0,19;45,09;50,00;0;United Kingdom;Western Europe;"ACRN Oxford Ltd.";"2017-2023";"Accounting (Q4); Business and International Management (Q4); Finance (Q4); Statistics, Probability and Uncertainty (Q4)";"Business, Management and Accounting; Decision Sciences; Economics, Econometrics and Finance"
1522;21100902638;"Contemporary Management Research";journal;"18135498";"Academy of Taiwan Information Systems Research";No;No;0,112;Q4;12;9;12;526;2;12;0,17;58,44;38,10;0;Taiwan;Asiatic Region;"Academy of Taiwan Information Systems Research";"2018-2025";"Economics and Econometrics (Q4); Management Information Systems (Q4); Management, Monitoring, Policy and Law (Q4); Management of Technology and Innovation (Q4); Marketing (Q4); Strategy and Management (Q4)";"Business, Management and Accounting; Economics, Econometrics and Finance; Environmental Science"
1523;26542;"Fuel Cells Bulletin (discontinued)";journal;"14642859";"MA Healthcare Ltd";Yes;No;0,112;Q4;27;2;151;2;20;23;0,13;1,00;0,00;0;United Kingdom;Western Europe;"MA Healthcare Ltd";"1998-2024";"Energy Engineering and Power Technology (Q4); Renewable Energy, Sustainability and the Environment (Q4); Strategy and Management (Q4)";"Business, Management and Accounting; Energy"
1524;21100322426;"International Journal of Business Research (discontinued)";journal;"23788577, 15551296";"";No;No;0,112;Q4;10;0;45;0;15;42;0,00;0,00;0,00;0;United States;Northern America;"";"2013-2016";"Business, Management and Accounting (miscellaneous) (Q4); Economics, Econometrics and Finance (miscellaneous) (Q4)";"Business, Management and Accounting; Economics, Econometrics and Finance"
1525;21100258857;"International Journal of Interdisciplinary Organizational Studies";journal;"23247649, 23247657";"Common Ground Research Networks";No;No;0,112;Q4;6;2;24;97;3;24;0,17;48,50;33,33;0;United States;Northern America;"Common Ground Research Networks";"2012-2025";"Business, Management and Accounting (miscellaneous) (Q4); Economics, Econometrics and Finance (miscellaneous) (Q4)";"Business, Management and Accounting; Economics, Econometrics and Finance"
1526;21100805732;"Journal of Management Information and Decision Science (discontinued)";journal;"15247252, 15325806";"Allied Business Academies";No;No;0,112;Q4;22;51;29;1595;15;28;0,68;31,27;34,07;0;United Kingdom;Western Europe;"Allied Business Academies";"2015-2021";"Information Systems (Q4); Information Systems and Management (Q4); Management Information Systems (Q4); Management Science and Operations Research (Q4)";"Business, Management and Accounting; Computer Science; Decision Sciences"
1527;21100890298;"Journal of the Australasian Tax Teachers Association";journal;"1832911X";"Australasian Tax Teachers' Association";Yes;No;0,112;Q4;6;12;14;453;2;13;0,14;37,75;45,45;0;Australia;Pacific Region;"Australasian Tax Teachers' Association";"2018-2025";"Accounting (Q4); Finance (Q4); Law (Q4)";"Business, Management and Accounting; Economics, Econometrics and Finance; Social Sciences"
1528;21100330726;"NTUT Journal of Intellectual Property Law and Management";journal;"22266771";"National Taipei University of Technology";No;No;0,112;Q4;4;14;20;269;5;17;0,15;19,21;37,50;0;Taiwan;Asiatic Region;"National Taipei University of Technology";"2012-2024";"Business and International Management (Q4); Law (Q4); Strategy and Management (Q4)";"Business, Management and Accounting; Social Sciences"
1529;3900148507;"Organization Development Journal";journal;"08896402";"Organization Development Institute";No;No;0,112;Q4;26;30;53;596;5;46;0,09;19,87;46,34;0;United States;Northern America;"Organization Development Institute";"2005-2013, 2017-2024";"Organizational Behavior and Human Resource Management (Q4)";"Business, Management and Accounting"
1530;12431;"Prace i Studia Geograficzne";journal;"25437313, 02084589";"Sciendo";Yes;No;0,112;Q4;13;35;74;1618;14;73;0,19;46,23;51,79;0;Poland;Eastern Europe;"Sciendo";"1979, 1983-1985, 1988, 1992, 1994-2005, 2008-2025";"Cultural Studies (Q3); Earth and Planetary Sciences (miscellaneous) (Q4); Geography, Planning and Development (Q4); Sociology and Political Science (Q4); Tourism, Leisure and Hospitality Management (Q4); Urban Studies (Q4)";"Business, Management and Accounting; Earth and Planetary Sciences; Social Sciences"
1531;21100268262;"Prakseologia";journal;"00794872";"Polska Akademia Nauk";No;No;0,112;Q4;5;15;44;397;3;42;0,04;26,47;21,43;0;Poland;Eastern Europe;"Polska Akademia Nauk";"2012-2021, 2023-2024";"Philosophy (Q3); Business, Management and Accounting (miscellaneous) (Q4)";"Arts and Humanities; Business, Management and Accounting"
1532;21100780538;"2016 International Conference on Applied System Innovation, IEEE ICASI 2016";conference and proceedings;"-";"";No;No;0,112;-;8;0;218;0;64;216;0,00;0,00;0,00;0;United States;Northern America;"";"";"Artificial Intelligence; Computer Networks and Communications; Control and Optimization; Control and Systems Engineering";"Computer Science; Engineering; Mathematics"
1533;21100780441;"2016 SME Annual Conference and Expo: The Future for Mining in a Data-Driven World";conference and proceedings;"-";"";No;No;0,112;-;5;0;172;0;14;170;0,00;0,00;0,00;0;United States;Northern America;"";"";"Management of Technology and Innovation";"Business, Management and Accounting"
1534;21100784747;"8th European Workshop on Structural Health Monitoring, EWSHM 2016";conference and proceedings;"-";"";No;No;0,112;-;7;0;170;0;45;168;0,00;0,00;0,00;0;Germany;Western Europe;"";"";"Industrial and Manufacturing Engineering; Strategy and Management";"Business, Management and Accounting; Engineering"
1535;21100468793;"LATS 2016 - 17th IEEE Latin-American Test Symposium";conference and proceedings;"-";"";No;No;0,112;-;7;0;43;0;21;40;0,00;0,00;0,00;0;United States;Northern America;"";"";"Management of Technology and Innovation";"Business, Management and Accounting"
1536;21100258736;"Advanced Series in Management";book series;"18776361";"Emerald Group Publishing Ltd.";No;No;0,111;Q4;21;44;63;2220;22;25;0,40;50,45;56,82;0;United Kingdom;Western Europe;"Emerald Group Publishing Ltd.";"2009-2014, 2016-2020, 2022, 2024-2026";"Business, Management and Accounting (miscellaneous) (Q4)";"Business, Management and Accounting"
1537;21100890307;"Research in World Economy (discontinued)";journal;"19233981, 1923399X";"Sciedu Press";No;No;0,111;Q4;13;90;13;3657;4;13;0,31;40,63;37,88;2;Canada;Northern America;"Sciedu Press";"2018-2021";"Economics, Econometrics and Finance (miscellaneous) (Q4); Industrial Relations (Q4); Political Science and International Relations (Q4); Sociology and Political Science (Q4)";"Business, Management and Accounting; Economics, Econometrics and Finance; Social Sciences"
1538;21100457821;"2015 International Conference on Information Technology Systems and Innovation, ICITSI 2015 - Proceedings";conference and proceedings;"-";"";No;No;0,111;-;9;0;75;0;39;73;0,00;0,00;0,00;0;United States;Northern America;"";"";"Artificial Intelligence; Automotive Engineering; Human Factors and Ergonomics; Strategy and Management; Transportation";"Business, Management and Accounting; Computer Science; Engineering; Social Sciences"
1539;21100228517;"Proceedings of the International Conference on Electronic Business (ICEB)";conference and proceedings;"16830040";"International Consortium for Electronic Business";No;No;0,111;-;12;63;223;2208;37;217;0,23;35,05;34,67;0;Netherlands;Western Europe;"International Consortium for Electronic Business";"2005-2025";"Business, Management and Accounting (miscellaneous); Computer Science (miscellaneous)";"Business, Management and Accounting; Computer Science"
1540;21100842860;"Revista Finanzas y Politica Economica";journal;"22486046, 20117663";"Universidad Catolica de Colombia";Yes;Yes;0,111;-;10;15;57;444;13;51;0,18;29,60;38,46;1;Colombia;Latin America;"Universidad Catolica de Colombia";"2015-2025";"Economics and Econometrics (Q4); Finance (Q4)";"Economics, Econometrics and Finance"
1541;21100890137;"International Journal of Business Continuity and Risk Management";journal;"17582164, 17582172";"Inderscience";No;No;0,110;Q4;10;18;22;871;9;22;0,33;48,39;22,50;0;Switzerland;Western Europe;"Inderscience";"2016-2025";"Statistics and Probability (Q4); Statistics, Probability and Uncertainty (Q4); Strategy and Management (Q4)";"Business, Management and Accounting; Decision Sciences; Mathematics"
1542;21100830705;"Journal of Information Technology Management";journal;"20085893, 24235059";"University of Tehran";Yes;Yes;0,110;Q4;22;24;69;1219;17;69;0,25;50,79;30,30;0;Iran;Middle East;"University of Tehran";"2017-2025";"Information Systems (Q4); Information Systems and Management (Q4); Management of Technology and Innovation (Q4)";"Business, Management and Accounting; Computer Science; Decision Sciences"
1543;21100869509;"SCMS Journal of Indian Management";journal;"09733167";"SCMS Group of Educational Institutions";No;No;0,110;Q4;8;42;47;1734;3;41;0,06;41,29;40,74;0;India;Asiatic Region;"SCMS Group of Educational Institutions";"2018-2025";"Business, Management and Accounting (miscellaneous) (Q4)";"Business, Management and Accounting"
1544;21100801720;"2016 IEEE 5th Forum Strategic Partnership of Universities and Enterprises of Hi-Tech Branches, Science. Education. Innovations 2016";conference and proceedings;"-";"";No;No;0,110;-;5;0;38;0;22;36;0,58;0,00;0,00;0;United States;Northern America;"";"";"Electrical and Electronic Engineering; Hardware and Architecture";"Computer Science; Engineering"
1545;19700181264;"Journal of Business Continuity and Emergency Planning";journal;"17499216, 17499224";"Henry Stewart Publications";No;No;0,110;-;19;35;106;373;24;101;0,19;10,66;44,44;0;United Kingdom;Western Europe;"Henry Stewart Publications";"2009-2026";"Medicine (miscellaneous) (Q4)";"Medicine"
1546;27044;"Journal of the American Health Information Management Association";journal;"10605487";"American Health Information Management Association";No;No;0,110;-;21;0;378;0;20;270;0,05;0,00;0,00;0;United States;Northern America;"American Health Information Management Association";"1991-2018";"Health Policy (Q4); Medicine (miscellaneous) (Q4); Public Health, Environmental and Occupational Health (Q4)";"Medicine"
1547;6400153175;"International Journal of Services Operations and Informatics";journal;"1741539X, 17415403";"Inderscience Enterprises Ltd";No;No;0,109;Q4;17;9;37;339;10;37;0,26;37,67;12,00;0;United Kingdom;Western Europe;"Inderscience Enterprises Ltd";"2006-2013, 2016-2024";"Computer Science Applications (Q4); Information Systems (Q4); Management Information Systems (Q4); Management Science and Operations Research (Q4)";"Business, Management and Accounting; Computer Science; Decision Sciences"
1548;21100894549;"New Labor Forum";journal;"15572978, 10957960";"SAGE Publications Inc.";No;No;0,109;Q4;15;49;154;0;63;83;0,27;0,00;44,83;6;United States;Northern America;"SAGE Publications Inc.";"2015-2026";"Economics, Econometrics and Finance (miscellaneous) (Q4); Industrial Relations (Q4); Social Sciences (miscellaneous) (Q4); Urban Studies (Q4)";"Business, Management and Accounting; Economics, Econometrics and Finance; Social Sciences"
1549;21100788283;"13th International Conference on Condition Monitoring and Machinery Failure Prevention Technologies, CM 2016/MFPT 2016";conference and proceedings;"-";"";No;No;0,109;-;3;0;59;0;11;58;0,00;0,00;0,00;0;United States;Northern America;"";"";"Engineering (miscellaneous); Management Information Systems";"Business, Management and Accounting; Engineering"
1550;21100777167;"Ports 2016: Port Engineering - Papers from Sessions of the 14th Triennial International Conference";conference and proceedings;"-";"";No;No;0,109;-;3;0;82;0;7;80;0,00;0,00;0,00;0;United States;Northern America;"";"";"Business and International Management; Information Systems and Management; Management Information Systems";"Business, Management and Accounting; Decision Sciences"
1551;21100258744;"Advances in Culture, Tourism and Hospitality Research";book series;"18713173";"Emerald Group Publishing Ltd.";Yes;No;0,108;Q4;18;23;93;1003;13;27;0,20;43,61;0,00;0;United Kingdom;Western Europe;"Emerald Group Publishing Ltd.";"2008-2019, 2024-2026";"Social Sciences (miscellaneous) (Q4); Tourism, Leisure and Hospitality Management (Q4)";"Business, Management and Accounting; Social Sciences"
1552;8300153115;"Advances in Environmental Accounting and Management";book series;"14793598";"Emerald Group Publishing Ltd.";No;No;0,108;Q4;17;6;14;490;5;6;0,36;81,67;33,33;0;United Kingdom;Western Europe;"Emerald Group Publishing Ltd.";"2000, 2003, 2006, 2009, 2014, 2017-2020, 2022, 2024-2026";"Accounting (Q4); Economics, Econometrics and Finance (miscellaneous) (Q4); Management, Monitoring, Policy and Law (Q4)";"Business, Management and Accounting; Economics, Econometrics and Finance; Environmental Science"
1553;144632;"Africa and Middle East Textiles";journal;"17446767";"Alain Charles Publishing Ltd";No;No;0,108;Q4;2;0;5;0;0;3;0,00;0,00;0,00;0;United Kingdom;Western Europe;"Alain Charles Publishing Ltd";"2004-2016";"Business and International Management (Q4); Business, Management and Accounting (miscellaneous) (Q4); Industrial and Manufacturing Engineering (Q4)";"Business, Management and Accounting; Engineering"
1554;15379;"Euratex Bulletin";journal;"10285954";"EURATEX";No;No;0,108;Q4;1;0;3;0;0;3;0,00;0,00;0,00;0;Belgium;Western Europe;"EURATEX";"1996-2009, 2014, 2016";"Business and International Management (Q4)";"Business, Management and Accounting"
1555;25227;"Harvard International Review";journal;"07391854";"Harvard International Review";No;No;0,108;Q4;19;30;154;0;21;110;0,12;0,00;35,00;0;United States;Northern America;"Harvard International Review";"1986, 1994-2020";"Geography, Planning and Development (Q4); Industrial Relations (Q4); Political Science and International Relations (Q4)";"Business, Management and Accounting; Social Sciences"
1556;21100890383;"International Journal of Computing and Digital Systems";journal;"2210142X";"University of Bahrain";Yes;Yes;0,108;Q4;24;66;125;2019;48;125;0,45;30,59;22,60;1;Bahrain;Middle East;"University of Bahrain";"2012-2026";"Artificial Intelligence (Q4); Computer Graphics and Computer-Aided Design (Q4); Computer Networks and Communications (Q4); Human-Computer Interaction (Q4); Information Systems (Q4); Management of Technology and Innovation (Q4)";"Business, Management and Accounting; Computer Science"
1557;21100773744;"International Journal of Marketing Semiotics and Discourse Studies";journal;"21952280";"University of Kassel";No;No;0,108;Q4;7;1;16;34;2;15;0,00;34,00;0,00;0;Germany;Western Europe;"University of Kassel";"2013-2026";"Linguistics and Language (Q3); Communication (Q4); Marketing (Q4)";"Business, Management and Accounting; Social Sciences"
1558;6700153285;"International Journal of Mobile Network Design and Innovation";journal;"17442869, 17442850";"Inderscience Enterprises Ltd";No;No;0,108;Q4;12;16;65;500;12;63;0,15;31,25;22,58;0;United Kingdom;Western Europe;"Inderscience Enterprises Ltd";"2005-2007, 2009-2025";"Artificial Intelligence (Q4); Computer Networks and Communications (Q4); Management Information Systems (Q4); Software (Q4)";"Business, Management and Accounting; Computer Science"
1559;21100258752;"International Journal of Organizational Diversity";journal;"23286261, 23286229";"Common Ground Research Networks";No;No;0,108;Q4;6;10;17;593;3;17;0,00;59,30;65,00;0;United States;Northern America;"Common Ground Research Networks";"2013-2025";"Cultural Studies (Q3); Organizational Behavior and Human Resource Management (Q4)";"Business, Management and Accounting; Social Sciences"
1560;5700165173;"Journal of Medical Marketing";journal;"17457912, 17457904";"SAGE Publications Inc.";No;No;0,108;Q4;21;0;10;0;0;7;0,00;0,00;0,00;0;United Kingdom;Western Europe;"SAGE Publications Inc.";"2000-2015, 2017-2018";"Marketing (Q4); Medicine (miscellaneous) (Q4); Pharmacology, Toxicology and Pharmaceutics (miscellaneous) (Q4); Strategy and Management (Q4)";"Business, Management and Accounting; Medicine; Pharmacology, Toxicology and Pharmaceutics"
1561;29532;"Sheet Metal Industries";journal;"00373435";"DMG World Media (UK) Ltd.";No;No;0,108;Q4;2;0;0;0;0;0;0,00;0,00;0,00;0;United Kingdom;Western Europe;"DMG World Media (UK) Ltd.";"1969-1992, 1994-1998, 2001";"Management of Technology and Innovation (Q4); Metals and Alloys (Q4)";"Business, Management and Accounting; Materials Science"
1562;14229;"Modern Plastics";trade journal;"00268275";"Chemical Week Associates";No;No;0,108;-;6;0;0;0;0;0;0,00;0,00;0,00;0;United States;Northern America;"Chemical Week Associates";"1969-1999, 2001-2004";"Materials Chemistry (Q4); Materials Science (miscellaneous) (Q4); Polymers and Plastics (Q4)";"Materials Science"
1563;21100805331;"Proceedings of the 2nd ACM SIGSPATIAL International Workshop on the Use of GIS in Emergency Management, EM-GIS 2016";conference and proceedings;"-";"";No;No;0,108;-;3;0;17;0;8;16;0,00;0,00;0,00;0;United States;Northern America;"";"";"Acoustics and Ultrasonics; Electrical and Electronic Engineering";"Engineering; Physics and Astronomy"
1564;18551;"Fragmenta Floristica et Geobotanica Polonica (discontinued)";journal;"1640629X, 24498890";"W. Szafer Institute of Botany, Polish Academy of Sciences";No;No;0,107;Q4;10;0;127;0;15;127;0,13;0,00;0,00;0;Poland;Eastern Europe;"W. Szafer Institute of Botany, Polish Academy of Sciences";"2000-2018";"Religious Studies (Q3); Accounting (Q4); Business and International Management (Q4); Business, Management and Accounting (miscellaneous) (Q4); Plant Science (Q4)";"Agricultural and Biological Sciences; Arts and Humanities; Business, Management and Accounting"
1565;21100889873;"International Journal of Recent Technology and Engineering (discontinued)";journal;"22773878";"";Yes;No;0,107;Q4;37;8332;198;158455;35;198;0,18;19,02;37,80;0;India;Asiatic Region;"";"2018-2019";"Engineering (miscellaneous) (Q4); Management of Technology and Innovation (Q4)";"Business, Management and Accounting; Engineering"
1566;21100886220;"Journal for International Business and Entrepreneurship Development";journal;"17476763, 15499324";"Inderscience Enterprises Ltd";No;No;0,107;Q4;16;6;21;139;7;21;0,33;23,17;45,45;0;Switzerland;Western Europe;"Inderscience Enterprises Ltd";"2018-2025";"Business, Management and Accounting (miscellaneous) (Q4); Development (Q4); Political Science and International Relations (Q4)";"Business, Management and Accounting; Social Sciences"
1567;16084;"Journal of Commercial Biotechnology (discontinued)";journal;"1478565X, 14628732";"";No;No;0,107;Q4;21;23;92;569;25;91;0,23;24,74;28,57;0;Australia;Pacific Region;"";"2003-2024";"Biotechnology (Q4); Economics and Econometrics (Q4); Management of Technology and Innovation (Q4)";"Biochemistry, Genetics and Molecular Biology; Business, Management and Accounting; Economics, Econometrics and Finance"
1568;21100850511;"London Business School Review";journal;"20571607";"John Wiley and Sons Inc";No;No;0,107;Q4;3;56;164;0;7;163;0,06;0,00;36,21;0;United Kingdom;Western Europe;"John Wiley and Sons Inc";"2015-2019";"Business and International Management (Q4); Economics, Econometrics and Finance (miscellaneous) (Q4); Strategy and Management (Q4)";"Business, Management and Accounting; Economics, Econometrics and Finance"
1569;21100265052;"Progress in International Business Research";book series;"17458862";"Emerald Group Publishing Ltd.";No;No;0,107;Q4;18;25;68;1569;30;8;0,45;62,76;0,00;0;United Kingdom;Western Europe;"Emerald Group Publishing Ltd.";"2008-2012, 2014-2019, 2021, 2024-2026";"Business, Management and Accounting (miscellaneous) (Q4)";"Business, Management and Accounting"
1570;21100457404;"Proceedings - 2015 Innovation and Commercialization of Medical Electronic Technology Conference, ICMET 2015";conference and proceedings;"-";"";No;No;0,107;-;4;0;25;0;10;24;0,00;0,00;0,00;0;United States;Northern America;"";"";"Computer Networks and Communications; Energy Engineering and Power Technology; Renewable Energy, Sustainability and the Environment";"Computer Science; Energy"
1571;21100777163;"Proceedings of the 27th International Business Information Management Association Conference - Innovation Management and Education Excellence Vision 2020: From Regional Development Sustainability to Global Economic Growth, IBIMA 2016";conference and proceedings;"-";"";No;No;0,107;-;9;0;407;0;63;406;0,00;0,00;0,00;0;United States;Northern America;"";"";"Environmental Engineering; Industrial and Manufacturing Engineering; Instrumentation; Materials Science (miscellaneous); Mechanical Engineering";"Engineering; Environmental Science; Materials Science; Physics and Astronomy"
1572;21100897789;"Advances in Business Related Scientific Research Journal";journal;"1855931X";"GEA College – Faculty of Entrepreneurship";Yes;No;0,106;Q4;6;9;8;232;2;8;0,25;25,78;65,00;0;Slovenia;Eastern Europe;"GEA College – Faculty of Entrepreneurship";"2018-2025";"Business, Management and Accounting (miscellaneous) (Q4); Economics, Econometrics and Finance (miscellaneous) (Q4); Gender Studies (Q4); Law (Q4)";"Business, Management and Accounting; Economics, Econometrics and Finance; Social Sciences"
1573;9500154122;"Genetic Engineering and Biotechnology News";journal;"1935472X";"Mary Ann Liebert Inc.";No;No;0,106;Q4;13;277;611;187;25;582;0,05;0,68;41,18;0;United States;Northern America;"Mary Ann Liebert Inc.";"2007-2025";"Bioengineering (Q4); Biomedical Engineering (Q4); Biotechnology (Q4); Management of Technology and Innovation (Q4)";"Biochemistry, Genetics and Molecular Biology; Business, Management and Accounting; Chemical Engineering; Engineering"
1574;21100464314;"International Journal of Construction Supply Chain Management";journal;"11790776";"Massey University";Yes;Yes;0,106;Q4;12;6;18;324;4;18;0,21;54,00;20,00;1;New Zealand;Pacific Region;"Massey University";"2015-2025";"Building and Construction (Q4); Management Science and Operations Research (Q4); Strategy and Management (Q4)";"Business, Management and Accounting; Decision Sciences; Engineering"
1575;25999;"T and D";journal;"15357740";"American Society for Training and Development";No;No;0,106;Q4;28;0;171;0;5;92;0,02;0,00;0,00;0;United States;Northern America;"American Society for Training and Development";"1996-2017";"Industrial Relations (Q4); Organizational Behavior and Human Resource Management (Q4)";"Business, Management and Accounting"
1576;21100817413;"1st Conference on Geophysics for Mineral Exploration and Mining, Near Surface Geoscience 2016";conference and proceedings;"-";"";No;No;0,106;-;4;0;44;0;6;43;0,00;0,00;0,00;0;Netherlands;Western Europe;"";"";"Management of Technology and Innovation; Software";"Business, Management and Accounting; Computer Science"
1577;21100791265;"2015 IEEE/OES Acoustics in Underwater Geosciences Symposium, RIO Acoustics 2015";conference and proceedings;"-";"";No;No;0,106;-;5;0;65;0;9;64;0,00;0,00;0,00;0;United States;Northern America;"";"";"Management of Technology and Innovation";"Business, Management and Accounting"
1578;21100797835;"Proceedings of the 28th International Business Information Management Association Conference - Vision 2020: Innovation Management, Development Sustainability, and Competitive Economic Growth";conference and proceedings;"-";"";No;No;0,106;-;10;0;455;0;99;454;0,00;0,00;0,00;0;United States;Northern America;"";"";"Hardware and Architecture";"Computer Science"
1579;21100364188;"Proceedings of the International Conference of DAAAM Baltic ""Industrial Engineering""";conference and proceedings;"2346612X, 23466138";"DAAAM International Vienna";No;No;0,106;-;12;0;43;0;12;42;0,00;0,00;0,00;0;Austria;Western Europe;"DAAAM International Vienna";"2006, 2008, 2010, 2012, 2014-2016, 2021";"Industrial and Manufacturing Engineering; Mechanics of Materials; Strategy and Management";"Business, Management and Accounting; Engineering"
1580;18813;"Public Works";trade journal;"00333840";"";No;No;0,106;-;7;0;0;0;0;0;0,00;0,00;0,00;0;United States;Northern America;"";"1969-1992, 1994-1999, 2001-2005";"Building and Construction (Q4); Civil and Structural Engineering (Q4)";"Engineering"
1581;21100795340;"STRATUS 2016 - Proceedings of 2016 IEEE Systems and Technologies for Remote Sensing Applications Through Unmanned Aerial Systems";conference and proceedings;"-";"";No;No;0,106;-;2;0;6;0;0;4;0,00;0,00;0,00;0;United States;Northern America;"";"";"Algebra and Number Theory; Business, Management and Accounting (miscellaneous); Computer Networks and Communications; Hardware and Architecture; Information Systems and Management; Management Information Systems; Management Science and Operations Research";"Business, Management and Accounting; Computer Science; Decision Sciences; Mathematics"
1582;21100429585;"Sustainable Buildings and Structures - Proceedings of the 1st International Conference on Sustainable Buildings and Structures, ICSBS 2015";conference and proceedings;"-";"";No;No;0,106;-;3;0;21;0;3;20;0,00;0,00;0,00;0;China;Asiatic Region;"";"";"Business, Management and Accounting (miscellaneous); Engineering (miscellaneous)";"Business, Management and Accounting; Engineering"
1583;21100870382;"ABAC Journal";journal;"08580855";"Assumption University";No;No;0,105;Q4;15;32;27;1176;4;25;0,15;36,75;41,03;0;Thailand;Asiatic Region;"Assumption University";"2018-2025";"Literature and Literary Theory (Q3); Business, Management and Accounting (miscellaneous) (Q4); Economics, Econometrics and Finance (miscellaneous) (Q4); Education (Q4); Social Sciences (miscellaneous) (Q4)";"Arts and Humanities; Business, Management and Accounting; Economics, Econometrics and Finance; Social Sciences"
1584;21100197336;"Agricultural Commodities";trade journal;"18395627, 18395619";"Australian Bureau of Agricultural and Resource Economics";No;No;0,105;Q4;14;27;143;44;6;143;0,04;1,63;7,69;0;Australia;Pacific Region;"Australian Bureau of Agricultural and Resource Economics";"2011-2025";"Agricultural and Biological Sciences (miscellaneous) (Q4); Business and International Management (Q4)";"Agricultural and Biological Sciences; Business, Management and Accounting"
1585;15927;"IFAI's Marine Fabricator";trade journal;"10798250";"Industrial Fabrics Association International";No;No;0,105;Q4;1;0;33;0;0;5;0,00;0,00;0,00;0;United States;Northern America;"Industrial Fabrics Association International";"2001-2016";"Business and International Management (Q4); Ceramics and Composites (Q4); Geotechnical Engineering and Engineering Geology (Q4); Industrial and Manufacturing Engineering (Q4)";"Business, Management and Accounting; Earth and Planetary Sciences; Engineering; Materials Science"
1586;21100867370;"International Journal of eBusiness and eGovernment Studies";journal;"21460744";"Social Sciences Research Society";Yes;No;0,105;Q4;15;13;16;404;2;16;0,13;31,08;29,17;2;Turkey;Middle East;"Social Sciences Research Society";"2018-2025";"Business and International Management (Q4); Computer Science Applications (Q4); Management Information Systems (Q4); Management of Technology and Innovation (Q4)";"Business, Management and Accounting; Computer Science"
1587;21100242265;"International Journal of Intellectual Property Management";journal;"14789647, 14789655";"Inderscience";No;No;0,105;Q4;15;11;5;736;1;5;0,00;66,91;56,00;1;Switzerland;Western Europe;"Inderscience";"2006-2016, 2019-2025";"Business and International Management (Q4); Law (Q4); Strategy and Management (Q4)";"Business, Management and Accounting; Social Sciences"
1588;19700166613;"International Journal of Knowledge, Culture and Change Management";journal;"14479575, 14479524";"Common Ground Research Networks";No;No;0,105;Q4;9;3;5;271;0;5;0,00;90,33;33,33;0;United States;Northern America;"Common Ground Research Networks";"2009-2013, 2015-2016, 2018-2019";"Strategy and Management (Q4)";"Business, Management and Accounting"
1589;21100199124;"International Journal of Sustainable Manufacturing";journal;"17427223, 17427231";"Inderscience";No;No;0,105;Q4;19;0;5;0;1;5;0,20;0,00;0,00;0;Switzerland;Western Europe;"Inderscience";"2008-2015, 2018, 2020-2022";"Decision Sciences (miscellaneous) (Q4); Industrial and Manufacturing Engineering (Q4); Management of Technology and Innovation (Q4); Social Sciences (miscellaneous) (Q4)";"Business, Management and Accounting; Decision Sciences; Engineering; Social Sciences"
1590;22032;"Keramische Zeitschrift";journal;"25238949, 00230561";"Springer Vieweg";No;No;0,105;Q4;9;52;113;0;2;78;0,00;0,00;31,25;0;Germany;Western Europe;"Springer Vieweg";"1968-2022";"Visual Arts and Performing Arts (Q3); Ceramics and Composites (Q4); Marketing (Q4)";"Arts and Humanities; Business, Management and Accounting; Materials Science"
1591;21100255552;"Organizational Cultures";journal;"23278013, 2327932X";"Common Ground Research Networks";No;No;0,105;Q4;6;8;25;381;4;25;0,27;47,63;47,06;0;United States;Northern America;"Common Ground Research Networks";"2013-2025";"Organizational Behavior and Human Resource Management (Q4); Strategy and Management (Q4)";"Business, Management and Accounting"
1592;16501;"Pakistan Textile Journal";trade journal;"00482757";"Pakistan Textile Journal";No;No;0,105;Q4;7;62;91;48;2;85;0,03;0,77;25,00;0;Pakistan;Asiatic Region;"Pakistan Textile Journal";"1993-1994, 1996, 2005-2025";"Agricultural and Biological Sciences (miscellaneous) (Q4); Business and International Management (Q4); Industrial and Manufacturing Engineering (Q4); Materials Science (miscellaneous) (Q4)";"Agricultural and Biological Sciences; Business, Management and Accounting; Engineering; Materials Science"
1593;54202;"Spinnovation";trade journal;"-";"Spindelfabrik Suessen";No;No;0,105;Q4;4;0;5;0;0;5;0,00;0,00;0,00;0;Germany;Western Europe;"Spindelfabrik Suessen";"1995-2008, 2011-2013, 2016, 2020";"Business and International Management (Q4); Industrial and Manufacturing Engineering (Q4); Materials Science (miscellaneous) (Q4)";"Business, Management and Accounting; Engineering; Materials Science"
1594;19821;"Wire Journal International";trade journal;"02774275";"Wire Association International Inc.";Yes;No;0,105;Q4;14;0;58;0;2;58;0,05;0,00;0,00;0;United States;Northern America;"Wire Association International Inc.";"1981-1989, 1995-2011, 2013-2017";"Industrial and Manufacturing Engineering (Q4); Marketing (Q4); Materials Science (miscellaneous) (Q4); Mechanical Engineering (Q4); Mechanics of Materials (Q4)";"Business, Management and Accounting; Engineering; Materials Science"
1595;21100805758;"Proceedings of the 2017 6th National Conference on Technology and Management: Excel in Research and Build the Nation, NCTM 2017";conference and proceedings;"-";"";No;No;0,105;-;6;0;35;0;19;34;0,54;0,00;0,00;0;United States;Northern America;"";"";"Electrical and Electronic Engineering; Instrumentation";"Engineering; Physics and Astronomy"
1596;21100889435;"Academica Turistica";journal;"23354194, 18553303";"University of Primorska";No;No;0,104;Q4;10;19;15;791;6;15;0,40;41,63;52,17;0;Slovenia;Eastern Europe;"University of Primorska";"2018-2025";"Management of Technology and Innovation (Q4); Social Sciences (miscellaneous) (Q4); Tourism, Leisure and Hospitality Management (Q4)";"Business, Management and Accounting; Social Sciences"
1597;12100157151;"Asian Case Research Journal";journal;"02189275, 17936772";"World Scientific";No;No;0,104;Q4;5;24;48;377;6;48;0,09;15,71;47,83;0;Singapore;Asiatic Region;"World Scientific";"2008-2025";"Business, Management and Accounting (miscellaneous) (Q4)";"Business, Management and Accounting"
1598;19994;"Bulletin of Science, Technology and Society";journal;"02704676, 15524183";"SAGE Publications Inc.";No;No;0,104;Q4;33;4;46;230;54;45;0,35;57,50;20,00;1;United Kingdom;Western Europe;"SAGE Publications Inc.";"1982-1985, 1987-2005, 2008, 2012, 2014-2026";"Arts and Humanities (miscellaneous) (Q4); Education (Q4); History and Philosophy of Science (Q4); Management of Technology and Innovation (Q4); Social Sciences (miscellaneous) (Q4)";"Arts and Humanities; Business, Management and Accounting; Social Sciences"
1599;21100898990;"Dynamic Relationships Management Journal";journal;"2350367X, 22325867";"Slovenian Academy of Management";Yes;Yes;0,104;Q4;5;11;9;522;0;7;0,00;47,45;47,62;0;Slovenia;Eastern Europe;"Slovenian Academy of Management";"2018-2025";"Economics, Econometrics and Finance (miscellaneous) (Q4); Organizational Behavior and Human Resource Management (Q4); Social Psychology (Q4); Strategy and Management (Q4)";"Business, Management and Accounting; Economics, Econometrics and Finance; Psychology"
1600;17900156716;"Entreprises et Histoire";journal;"11612770";"Editions ESKA";No;No;0,104;Q4;11;51;157;2071;31;146;0,15;40,61;33,33;1;France;Western Europe;"Editions ESKA";"2001-2003, 2008-2024";"History (Q3); Business and International Management (Q4); Economics, Econometrics and Finance (miscellaneous) (Q4)";"Arts and Humanities; Business, Management and Accounting; Economics, Econometrics and Finance"
1601;21100878679;"Graziadio Business Review";journal;"21592977";"Graziadio School of Business and Management-Pepperdine University";No;No;0,104;Q4;2;15;9;204;1;7;0,11;13,60;33,33;0;United States;Northern America;"Graziadio School of Business and Management-Pepperdine University";"2018-2021";"Business and International Management (Q4); Economics and Econometrics (Q4)";"Business, Management and Accounting; Economics, Econometrics and Finance"
1602;21100896486;"International Journal of E-Entrepreneurship and Innovation";journal;"19478585, 19478593";"IGI Global Publishing";No;No;0,104;Q4;9;9;7;345;2;7;0,29;38,33;46,15;0;United States;Northern America;"IGI Global Publishing";"2018-2026";"Business and International Management (Q4); Law (Q4); Management Information Systems (Q4); Management of Technology and Innovation (Q4)";"Business, Management and Accounting; Social Sciences"
1603;21100905324;"Journal of Brand Strategy";journal;"2045855X, 20458568";"Henry Stewart Publications";No;No;0,104;Q4;11;29;27;408;1;24;0,04;14,07;51,61;0;United Kingdom;Western Europe;"Henry Stewart Publications";"2018-2025";"Communication (Q4); Management of Technology and Innovation (Q4); Marketing (Q4); Social Psychology (Q4); Strategy and Management (Q4)";"Business, Management and Accounting; Psychology; Social Sciences"
1604;21100255419;"Knowledge Management";journal;"23277998, 23279249";"Common Ground Research Networks";No;No;0,104;Q4;5;4;17;326;3;17;0,33;81,50;53,85;0;United States;Northern America;"Common Ground Research Networks";"2013-2020";"Management of Technology and Innovation (Q4); Strategy and Management (Q4)";"Business, Management and Accounting"
1605;23713;"Marketing Research";journal;"10408460";"American Marketing Association";No;No;0,104;Q4;24;0;9;0;1;7;0,00;0,00;0,00;0;United States;Northern America;"American Marketing Association";"1999-2016";"Business and International Management (Q4); Marketing (Q4)";"Business, Management and Accounting"
1606;21100896892;"Revista de Administracao Mackenzie";journal;"15186776, 16786971";"Mackenzie Presbyterian University";Yes;Yes;0,104;Q4;20;37;144;1966;55;131;0,26;53,14;54,81;0;Brazil;Latin America;"Mackenzie Presbyterian University";"2008-2025";"Business, Management and Accounting (miscellaneous) (Q4); Sociology and Political Science (Q4)";"Business, Management and Accounting; Social Sciences"
1607;16606;"Tekstil (discontinued)";journal;"04925882";"Croatian Association of Textile Engineers";No;No;0,104;Q4;14;0;7;0;1;7;0,00;0,00;0,00;0;Croatia;Eastern Europe;"Croatian Association of Textile Engineers";"1989-2016";"Business and International Management (Q4); Chemistry (miscellaneous) (Q4); Industrial and Manufacturing Engineering (Q4); Polymers and Plastics (Q4)";"Business, Management and Accounting; Chemistry; Engineering; Materials Science"
1608;17114;"Textile Asia";trade journal;"00493554";"Business Press Ltd.";No;No;0,104;Q4;15;0;6;0;0;6;0,00;0,00;0,00;0;Hong Kong;Asiatic Region;"Business Press Ltd.";"1988-2016";"Business and International Management (Q4); Business, Management and Accounting (miscellaneous) (Q4); Chemistry (miscellaneous) (Q4); Industrial and Manufacturing Engineering (Q4)";"Business, Management and Accounting; Chemistry; Engineering"
1609;21100888595;"Transnational Marketing Journal (discontinued)";journal;"20414684, 20414692";"Transnational Press London Ltd";No;No;0,104;Q4;13;13;9;814;0;7;0,00;62,62;52,17;0;United Kingdom;Western Europe;"Transnational Press London Ltd";"2018-2023";"Communication (Q4); Marketing (Q4); Sociology and Political Science (Q4)";"Business, Management and Accounting; Social Sciences"
1610;21100463806;"2008 IEEE International Technology Management Conference, ICE 2008";conference and proceedings;"-";"";No;No;0,104;-;4;0;144;0;8;143;0,00;0,00;0,00;0;United States;Northern America;"";"";"Biomedical Engineering; Electrical and Electronic Engineering";"Engineering"
1611;21100455678;"2015 4th Forum Strategic Partnership of Universities and Enterprises of Hi-Tech Branches (Science. Education. Innovation)";conference and proceedings;"-";"";No;No;0,104;-;3;0;37;0;14;35;0,00;0,00;0,00;0;United States;Northern America;"";"";"Electrical and Electronic Engineering; Radiation";"Engineering; Physics and Astronomy"
1612;21100792101;"American Fuel and Petrochemical Manufacturers, AFPM - Plant Automation and Decision Support Conference 2016, Held at Q and A and Technology Forum";conference and proceedings;"-";"";No;No;0,104;-;0;0;8;0;0;7;0,00;0,00;0,00;0;United States;Northern America;"";"";"Artificial Intelligence; Business, Management and Accounting (miscellaneous); Computer Graphics and Computer-Aided Design; Computer Science Applications; Computer Vision and Pattern Recognition";"Business, Management and Accounting; Computer Science"
1613;21100779203;"Conference Proceedings of the 4th International Symposium on Project Management, ISPM 2016";conference and proceedings;"-";"";No;No;0,104;-;2;0;149;0;4;147;0,00;0,00;0,00;0;Poland;Eastern Europe;"";"";"Computational Mathematics; Computer Science (miscellaneous); Theoretical Computer Science";"Computer Science; Mathematics"
1614;21100776067;"Management Division 2016 - Core Programming Area at the 2016 AIChE Spring Meeting and 12th Global Congress on Process Safety";conference and proceedings;"-";"";No;No;0,104;-;0;0;6;0;0;5;0,00;0,00;0,00;0;United States;Northern America;"";"";"Fuel Technology; Renewable Energy, Sustainability and the Environment; Safety, Risk, Reliability and Quality";"Energy; Engineering"
1615;21100812587;"Nuclear Engineering Division 2016 - Core Programming Area at the 2016 AIChE Annual Meeting";conference and proceedings;"-";"";No;No;0,104;-;1;0;7;0;0;6;0,00;0,00;0,00;0;United States;Northern America;"";"";"Energy (miscellaneous); Transportation";"Energy; Social Sciences"
1616;21100802984;"Proceedings of the 13th IASTED International Conference on Parallel and Distributed Computing and Networks, PDCN 2016";conference and proceedings;"-";"";No;No;0,104;-;0;0;7;0;0;6;0,00;0,00;0,00;0;Canada;Northern America;"";"";"Energy Engineering and Power Technology; Fuel Technology; Marketing";"Business, Management and Accounting; Energy"
1617;21100812386;"Proceedings of the 6th International Conference on Logistics and Supply Chain Management";conference and proceedings;"-";"";No;No;0,104;-;1;0;36;0;2;34;0,00;0,00;0,00;0;United States;Northern America;"";"";"Software";"Computer Science"
1618;21100776069;"Spring Meeting Poster Session and Networking Reception 2016 - Core Programming Area at the 2016 AIChE Spring Meeting and 12th Global Congress on Process Safety";conference and proceedings;"-";"";No;No;0,104;-;0;0;6;0;0;5;0,00;0,00;0,00;0;United States;Northern America;"";"";"Chemical Engineering (miscellaneous); Engineering (miscellaneous); Management of Technology and Innovation; Renewable Energy, Sustainability and the Environment";"Business, Management and Accounting; Chemical Engineering; Energy; Engineering"
1619;21100910935;"Journal of Accounting Review";journal;"10181687";"Journal Of Accounting Review";No;No;0,103;Q4;3;8;8;439;0;8;0,00;54,88;52,38;0;Taiwan;Asiatic Region;"Journal Of Accounting Review";"2018-2026";"Accounting (Q4); Business, Management and Accounting (miscellaneous) (Q4)";"Business, Management and Accounting"
1620;21100902624;"Journal of Consumer Satisfaction, Dissatisfaction and Complaining Behavior";journal;"08998620";"University of Nevada";No;No;0,103;Q4;11;4;8;174;0;8;0,00;43,50;22,22;0;United States;Northern America;"University of Nevada";"2018-2025";"Applied Psychology (Q4); Business and International Management (Q4); Marketing (Q4); Social Psychology (Q4)";"Business, Management and Accounting; Psychology"
1621;32844;"Kettenwirk-Praxis";trade journal;"00473405";"Karl Mayer Holding GmbH and Co KG";No;No;0,103;Q4;7;0;9;0;0;9;0,00;0,00;0,00;0;Germany;Western Europe;"Karl Mayer Holding GmbH and Co KG";"1989-1990, 1992-2017";"Business and International Management (Q4); Business, Management and Accounting (miscellaneous) (Q4); Industrial and Manufacturing Engineering (Q4)";"Business, Management and Accounting; Engineering"
1622;16955;"Labour History";journal;"00236942";"Liverpool University Press";Yes;No;0,103;Q4;18;20;136;2171;6;121;0,04;108,55;84,62;1;Australia;Pacific Region;"Liverpool University Press";"1963-1964, 1966-1973, 1975-1977, 1980-2025";"History (Q3); Industrial Relations (Q4); Organizational Behavior and Human Resource Management (Q4); Sociology and Political Science (Q4)";"Arts and Humanities; Business, Management and Accounting; Social Sciences"
1623;18820;"Pipes and Pipelines International";journal;"0032020X";"Scientific Surveys Ltd.";No;No;0,103;Q4;11;0;0;0;0;0;0,00;0,00;0,00;0;United Kingdom;Western Europe;"Scientific Surveys Ltd.";"1969-2003";"Management of Technology and Innovation (Q4); Mechanical Engineering (Q4); Process Chemistry and Technology (Q4)";"Business, Management and Accounting; Chemical Engineering; Engineering"
1624;5000159102;"Seybold Report";trade journal;"15339211";"The Joss Group";No;No;0,103;Q4;1;11;9;0;0;9;0,00;0,00;66,67;0;United States;Northern America;"The Joss Group";"2005, 2013, 2015-2023";"Media Technology (Q3); Marketing (Q4)";"Business, Management and Accounting; Engineering"
1625;21100467833;"2010 IEEE International Technology Management Conference, ICE 2010";conference and proceedings;"-";"";No;No;0,103;-;4;0;60;0;8;59;0,00;0,00;0,00;0;United States;Northern America;"";"";"Computer Networks and Communications";"Computer Science"
1626;21100469657;"Knowledge, Service, Tourism and Hospitality - Proceedings of the Annual International Conference on Management and Technology in Knowledge, Service, Tourism and Hospitality, SERVE 2015";conference and proceedings;"-";"";No;No;0,103;-;2;0;21;0;3;20;0,00;0,00;0,00;0;Portugal;Western Europe;"";"";"Computational Theory and Mathematics; Computer Science Applications; Information Systems";"Computer Science"
1627;21100812557;"Management Division and Center for Innovation and Entrepreneuring Excellence 2016 - Core Programming Area at the 2016 AIChE Meeting";conference and proceedings;"-";"";No;No;0,103;-;0;0;9;0;0;8;0,00;0,00;0,00;0;United States;Northern America;"";"";"Chemical Engineering (miscellaneous); Computer Science Applications; Engineering (miscellaneous); Modeling and Simulation";"Chemical Engineering; Computer Science; Engineering; Mathematics"
1628;21100812625;"Proceedings - 2016 International Conference on Smart Grid and Electrical Automation, ICSGEA 2016";conference and proceedings;"-";"";No;No;0,103;-;1;0;8;0;1;8;0,00;0,00;0,00;0;United States;Northern America;"";"";"Chemical Engineering (miscellaneous); Engineering (miscellaneous); Management of Technology and Innovation; Renewable Energy, Sustainability and the Environment";"Business, Management and Accounting; Chemical Engineering; Energy; Engineering"
1629;21100258746;"Advances in Business and Management Forecasting";book series;"14774070";"Emerald Group Publishing Ltd.";No;No;0,102;Q4;7;9;26;130;1;24;0,00;14,44;25,00;0;United Kingdom;Western Europe;"Emerald Group Publishing Ltd.";"2008-2011, 2013-2014, 2016-2017, 2019, 2021, 2025-2026";"Business, Management and Accounting (miscellaneous) (Q4)";"Business, Management and Accounting"
1630;19200156940;"Asian Journal of Management Cases";journal;"09728201, 09730621";"Sage Publications India Pvt. Ltd";No;No;0,102;Q4;10;17;53;87;3;46;0,02;5,12;21,74;0;India;Asiatic Region;"Sage Publications India Pvt. Ltd";"2004-2026";"Business, Management and Accounting (miscellaneous) (Q4)";"Business, Management and Accounting"
1631;100922;"Asian Textile Journal";trade journal;"09713425";"G P S Kwatra";No;No;0,102;Q4;12;52;16;605;1;12;0,06;11,63;20,00;0;India;Asiatic Region;"G P S Kwatra";"1992-2013, 2018-2026";"Agricultural and Biological Sciences (miscellaneous) (Q4); Business and International Management (Q4); Business, Management and Accounting (miscellaneous) (Q4); Industrial and Manufacturing Engineering (Q4)";"Agricultural and Biological Sciences; Business, Management and Accounting; Engineering"
1632;21100238636;"ATA Journal of Legal Tax Research";journal;"1543866X";"American Accounting Association";No;No;0,102;Q4;4;4;21;20;0;20;0,00;5,00;40,00;0;United States;Northern America;"American Accounting Association";"2011-2016, 2018-2025";"Accounting (Q4); Finance (Q4); Law (Q4)";"Business, Management and Accounting; Economics, Econometrics and Finance; Social Sciences"
1633;13556;"British Plastics and Rubber";trade journal;"03076164";"MCM Publishing Ltd.";No;No;0,102;Q4;4;11;12;0;0;11;0,00;0,00;0,00;0;United Kingdom;Western Europe;"MCM Publishing Ltd.";"1975-1978, 1984-1987, 1990-2013, 2017-2025";"Business, Management and Accounting (miscellaneous) (Q4); Polymers and Plastics (Q4)";"Business, Management and Accounting; Materials Science"
1634;51221;"BTRA Scan";journal;"09728341";"Bombay Textile Research Association";No;No;0,102;Q4;4;0;16;0;1;10;0,00;0,00;0,00;0;India;Asiatic Region;"Bombay Textile Research Association";"1987-1999, 2001-2017";"Business, Management and Accounting (miscellaneous) (Q4); Environmental Science (miscellaneous) (Q4); Industrial and Manufacturing Engineering (Q4); Polymers and Plastics (Q4)";"Business, Management and Accounting; Engineering; Environmental Science; Materials Science"
1635;24969;"Dock and Harbour Authority";journal;"00124419";"Foxlow Publications Ltd.";No;No;0,102;Q4;4;0;0;0;0;0;0,00;0,00;0,00;0;United Kingdom;Western Europe;"Foxlow Publications Ltd.";"1969-2000";"Civil and Structural Engineering (Q4); Management of Technology and Innovation (Q4); Ocean Engineering (Q4); Transportation (Q4)";"Business, Management and Accounting; Engineering; Social Sciences"
1636;16057;"HAC";trade journal;"03077950";"";No;No;0,102;Q4;1;0;0;0;0;0;0,00;0,00;0,00;0;United Kingdom;Western Europe;"";"1974-1990, 1995-1998, 2002-2006";"Management of Technology and Innovation (Q4)";"Business, Management and Accounting"
1637;21100415050;"Journal of International Business and Economics (discontinued)";journal;"23789174, 15448037";"International Academy of Business and Economics";No;No;0,102;Q4;4;0;37;0;0;37;0,00;0,00;0,00;0;Russian Federation;Eastern Europe;"International Academy of Business and Economics";"2015-2016";"Business, Management and Accounting (miscellaneous) (Q4); Economics and Econometrics (Q4)";"Business, Management and Accounting; Economics, Econometrics and Finance"
1638;21100211359;"Purushartha";journal;"24561371, 0975024X";"School of Management Sciences";Yes;No;0,102;Q4;8;17;63;773;10;63;0,10;45,47;42,86;0;India;Asiatic Region;"School of Management Sciences";"2011-2013, 2015-2025";"Philosophy (Q4); Strategy and Management (Q4)";"Arts and Humanities; Business, Management and Accounting"
1639;21100894868;"Sociologia y Tecnociencia";journal;"19898487";"Universidad de Valladolid";Yes;Yes;0,102;Q4;7;13;13;478;0;13;0,00;36,77;42,86;2;Spain;Western Europe;"Universidad de Valladolid";"2018-2026";"Development (Q4); Health (social science) (Q4); Management of Technology and Innovation (Q4); Sociology and Political Science (Q4)";"Business, Management and Accounting; Social Sciences"
1640;21100810489;"Springer Tracts on Transportation and Traffic";book series;"21948127, 21948119";"Springer International Publishing AG";No;No;0,102;Q4;9;0;53;0;11;25;0,00;0,00;0,00;0;Switzerland;Western Europe;"Springer International Publishing AG";"2013-2017, 2020-2025";"Strategy and Management (Q4); Transportation (Q4); Urban Studies (Q4)";"Business, Management and Accounting; Social Sciences"
1641;21100874739;"Systemes d'Information et Management";journal;"12604984, 22717188";"Editions ESKA";No;No;0,102;Q4;8;17;21;1042;6;17;0,29;61,29;55,17;0;France;Western Europe;"Editions ESKA";"2018-2025";"Management Information Systems (Q4); Management of Technology and Innovation (Q4)";"Business, Management and Accounting"
1642;16585;"Technische Textilien";trade journal;"03233243";"Deutscher Fachverlag GmbH";No;No;0,102;Q4;8;0;50;0;3;50;0,06;0,00;0,00;0;Germany;Western Europe;"Deutscher Fachverlag GmbH";"1989-1990, 1998-2014, 2018, 2020-2025";"Business, Management and Accounting (miscellaneous) (Q4); Environmental Science (miscellaneous) (Q4); Industrial and Manufacturing Engineering (Q4); Polymers and Plastics (Q4)";"Business, Management and Accounting; Engineering; Environmental Science; Materials Science"
1643;21100804064;"American Fuel and Petrochemical Manufacturers, AFPM - Reliability and Maintenance Conference 2016";conference and proceedings;"-";"";No;No;0,102;-;0;0;15;0;0;14;0,00;0,00;0,00;0;United States;Northern America;"";"";"Computer Science Applications; Computer Vision and Pattern Recognition; Hardware and Architecture; Human-Computer Interaction";"Computer Science"
1644;21100464559;"EAGE/SPE Subsalt Imaging Workshop 2016: Challenges of Subsalt Imaging and Exploration";conference and proceedings;"-";"";No;No;0,102;-;1;0;8;0;0;7;0,00;0,00;0,00;0;Netherlands;Western Europe;"";"";"Fuel Technology; Geochemistry and Petrology; Management of Technology and Innovation; Process Chemistry and Technology; Safety, Risk, Reliability and Quality";"Business, Management and Accounting; Chemical Engineering; Earth and Planetary Sciences; Energy; Engineering"
1645;145424;"Annual Conference Report - International Textile Manufacturers Federation";trade journal;"17274761";"International Textile Manufacturers Federation";No;No;0,101;Q4;1;0;47;0;0;40;0,00;0,00;0,00;0;Switzerland;Western Europe;"International Textile Manufacturers Federation";"2004-2007, 2013-2016, 2018";"Business and International Management (Q4)";"Business, Management and Accounting"
1646;15666;"Banking Law Journal";journal;"00055506";"Sheshunoff Information Services";No;No;0,101;Q4;7;37;23;266;0;20;0,00;7,19;26,39;0;United States;Northern America;"Sheshunoff Information Services";"1996-2012, 2018-2023, 2025";"Business, Management and Accounting (miscellaneous) (Q4); Finance (Q4); Law (Q4)";"Business, Management and Accounting; Economics, Econometrics and Finance; Social Sciences"
1647;21100255514;"Change Management";journal;"2327798X, 23279176";"Common Ground Research Networks";No;No;0,101;Q4;6;7;18;309;4;18;0,40;44,14;57,14;1;United States;Northern America;"Common Ground Research Networks";"2013-2025";"Strategy and Management (Q4)";"Business, Management and Accounting"
1648;5600152815;"Contributions to Conflict Management, Peace Economics and Development";book series;"15728323";"Emerald Group Publishing Ltd.";No;No;0,101;Q4;7;14;57;428;5;17;0,12;30,57;0,00;0;United Kingdom;Western Europe;"Emerald Group Publishing Ltd.";"2004-2005, 2007-2019, 2021-2022, 2025-2026";"Business and International Management (Q4); Development (Q4); Political Science and International Relations (Q4); Sociology and Political Science (Q4); Strategy and Management (Q4)";"Business, Management and Accounting; Social Sciences"
1649;19600156849;"Graziadio Business Report";journal;"19391633";"Graziadio School of Business and Management-Pepperdine University";No;No;0,101;Q4;6;0;40;0;7;31;0,21;0,00;0,00;0;United States;Northern America;"Graziadio School of Business and Management-Pepperdine University";"2009-2017";"Business and International Management (Q4); Economics and Econometrics (Q4)";"Business, Management and Accounting; Economics, Econometrics and Finance"
1650;15944;"Indian Journal of Sericulture";trade journal;"04457722";"Central Sericultural Research and Training Institute";No;No;0,101;Q4;11;0;36;0;1;36;0,00;0,00;0,00;0;India;Asiatic Region;"Central Sericultural Research and Training Institute";"1992-2018";"Agricultural and Biological Sciences (miscellaneous) (Q4); Business and International Management (Q4)";"Agricultural and Biological Sciences; Business, Management and Accounting"
1651;21100853929;"International Journal of Systematic Innovation";journal;"20778767, 20777973";"Society of Sytematic Innovation";No;No;0,101;Q4;8;12;29;194;1;29;0,05;16,17;47,62;0;Taiwan;Asiatic Region;"Society of Sytematic Innovation";"2010-2025";"Artificial Intelligence (Q4); Information Systems and Management (Q4); Management of Technology and Innovation (Q4); Organizational Behavior and Human Resource Management (Q4); Strategy and Management (Q4)";"Business, Management and Accounting; Computer Science; Decision Sciences"
1652;21100903765;"Journal of Airport Management";journal;"17501946, 17501938";"Henry Stewart Publications";No;No;0,101;Q4;8;34;29;337;4;26;0,14;9,91;23,81;0;United Kingdom;Western Europe;"Henry Stewart Publications";"2018-2025";"Business, Management and Accounting (miscellaneous) (Q4); Economics, Econometrics and Finance (miscellaneous) (Q4); Transportation (Q4)";"Business, Management and Accounting; Economics, Econometrics and Finance; Social Sciences"
1653;17020;"Journal of Petroleum Technology";journal;"01492136";"Society of Petroleum Engineers (SPE)";No;No;0,101;Q4;43;195;1067;24;185;753;0,17;0,12;18,33;0;United States;Northern America;"Society of Petroleum Engineers (SPE)";"1962, 1964, 1967, 1969-2012, 2014-2024";"Energy Engineering and Power Technology (Q4); Fuel Technology (Q4); Industrial Relations (Q4); Strategy and Management (Q4)";"Business, Management and Accounting; Energy"
1654;19700173325;"Journal of the International Academy for Case Studies (discontinued)";journal;"10784950, 15325822";"Allied Academies";No;No;0,101;Q4;7;0;30;0;0;30;0,00;0,00;0,00;0;United States;Northern America;"Allied Academies";"2009-2016";"Business and International Management (Q4); Education (Q4); Law (Q4)";"Business, Management and Accounting; Social Sciences"
1655;5700162205;"Labour History Review";journal;"09615652, 17458188";"Liverpool University Press";No;No;0,101;Q4;11;11;32;739;8;28;0,05;67,18;0,00;0;United Kingdom;Western Europe;"Liverpool University Press";"2003, 2009-2011, 2014-2025";"History (Q4); Organizational Behavior and Human Resource Management (Q4); Social Sciences (miscellaneous) (Q4)";"Arts and Humanities; Business, Management and Accounting; Social Sciences"
1656;4000151821;"M et T2";journal;"16378962";"Editions Vauclair";No;No;0,101;Q4;0;0;49;0;0;42;0,00;0,00;0,00;0;France;Western Europe;"Editions Vauclair";"2004-2017";"Business and International Management (Q4); Business, Management and Accounting (miscellaneous) (Q4); Industrial and Manufacturing Engineering (Q4); Materials Science (miscellaneous) (Q4)";"Business, Management and Accounting; Engineering; Materials Science"
1657;21033;"Machine Design";trade journal;"00249114";"Penton Publishing Co.";No;No;0,101;Q4;8;0;246;0;6;229;0,01;0,00;0,00;0;United States;Northern America;"Penton Publishing Co.";"1972-1994, 1996-2018";"Mechanical Engineering (Q4); Mechanics of Materials (Q4); Strategy and Management (Q4)";"Business, Management and Accounting; Engineering"
1658;16463;"Melliand International";trade journal;"09479163";"IBP - International Business Press Publishers";No;No;0,101;Q4;14;12;18;38;1;18;0,06;3,17;10,53;0;United States;Northern America;"IBP - International Business Press Publishers";"1995-2015, 2017-2025";"Business and International Management (Q4); Business, Management and Accounting (miscellaneous) (Q4); Industrial and Manufacturing Engineering (Q4); Polymers and Plastics (Q4)";"Business, Management and Accounting; Engineering; Materials Science"
1659;15809;"Packaging Digest";trade journal;"00309117";"Reed Business Information (Cahners)";No;No;0,101;Q4;3;0;26;0;0;26;0,00;0,00;0,00;0;United States;Northern America;"Reed Business Information (Cahners)";"1995-2002, 2006-2016";"Marketing (Q4); Materials Science (miscellaneous) (Q4); Mechanical Engineering (Q4)";"Business, Management and Accounting; Engineering; Materials Science"
1660;5700165164;"Paper360";trade journal;"19333684";"Questex Media Group Inc.";No;No;0,101;Q4;9;35;130;2;3;130;0,02;0,06;19,05;0;United States;Northern America;"Questex Media Group Inc.";"2006-2025";"Forestry (Q4); Marketing (Q4); Materials Science (miscellaneous) (Q4)";"Agricultural and Biological Sciences; Business, Management and Accounting; Materials Science"
1661;13758;"Plant Engineering";trade journal;"0032082X";"CFE Media LLC";No;No;0,101;Q4;5;82;321;0;8;312;0,03;0,00;12,50;0;United States;Northern America;"CFE Media LLC";"1969-1988, 1991, 1994-2024";"Industrial and Manufacturing Engineering (Q4); Strategy and Management (Q4)";"Business, Management and Accounting; Engineering"
1662;11400153338;"Printed Circuit Design and Fab/Circuits Assembly";journal;"19395442, 21530912";"U P Media Group Inc.";No;No;0,101;Q4;6;88;416;13;2;235;0,00;0,15;8,11;0;United States;Northern America;"U P Media Group Inc.";"2008-2026";"Electrical and Electronic Engineering (Q4); Industrial and Manufacturing Engineering (Q4); Industrial Relations (Q4); Management of Technology and Innovation (Q4)";"Business, Management and Accounting; Engineering"
1663;21100829573;"Revista de Quimica e Industria Textil";journal;"23854812, 23854804";"Asociacion Espanola de Quimicos y Coloristas Textiles";No;No;0,101;Q4;4;0;40;0;0;32;0,00;0,00;0,00;0;Spain;Western Europe;"Asociacion Espanola de Quimicos y Coloristas Textiles";"2010-2012, 2014-2018, 2021-2024";"Business and International Management (Q4); Chemical Engineering (miscellaneous) (Q4); Industrial and Manufacturing Engineering (Q4); Polymers and Plastics (Q4)";"Business, Management and Accounting; Chemical Engineering; Engineering; Materials Science"
1664;12997;"Test Engineering and Management (discontinued)";trade journal;"01934120";"Mattingley Publishing";No;No;0,101;Q4;12;320;28;6832;86;28;4,53;21,35;40,47;0;United States;Northern America;"Mattingley Publishing";"1970-1971, 1974-1979, 1985-1989, 1993-2019";"Business, Management and Accounting (miscellaneous) (Q4); Instrumentation (Q4); Mechanical Engineering (Q4); Mechanics of Materials (Q4)";"Business, Management and Accounting; Engineering; Physics and Astronomy"
1665;17153;"Textile Month";trade journal;"00405116";"World Textile Publications Ltd";No;No;0,101;Q4;3;0;16;0;0;16;0,00;0,00;0,00;0;United Kingdom;Western Europe;"World Textile Publications Ltd";"1969, 1976-1979, 1981-2013, 2016";"Business and International Management (Q4); Industrial and Manufacturing Engineering (Q4)";"Business, Management and Accounting; Engineering"
1666;17157;"Textile Outlook International";journal;"02684764";"Textiles Intelligence Ltd.";No;No;0,101;Q4;8;34;107;0;6;89;0,04;0,00;66,67;0;United Kingdom;Western Europe;"Textiles Intelligence Ltd.";"1989-2025";"Business, Management and Accounting (miscellaneous) (Q4); Materials Science (miscellaneous) (Q4)";"Business, Management and Accounting; Materials Science"
1667;5000158116;"Textile View2 Magazine";journal;"18726127";"Metropolitan Publishing bv";No;No;0,101;Q4;0;5;27;0;0;17;0,00;0,00;100,00;0;Netherlands;Western Europe;"Metropolitan Publishing bv";"2006-2012, 2014-2016, 2018-2021";"Business and International Management (Q4); Business, Management and Accounting (miscellaneous) (Q4); History (Q4)";"Arts and Humanities; Business, Management and Accounting"
1668;67521;"Textiles South East Asia";trade journal;"17433231";"Textile Media Services Ltd";No;No;0,101;Q4;1;12;29;0;0;25;0,00;0,00;0,00;0;United Kingdom;Western Europe;"Textile Media Services Ltd";"2005-2022";"Business, Management and Accounting (miscellaneous) (Q4)";"Business, Management and Accounting"
1669;17170;"Textiles Trends";trade journal;"00405205";"Eastland Publications Private Ltd.";No;No;0,101;Q4;4;0;17;0;0;17;0,00;0,00;0,00;0;India;Asiatic Region;"Eastland Publications Private Ltd.";"1993-2015, 2017-2018, 2020-2021";"Business, Management and Accounting (miscellaneous) (Q4); Chemistry (miscellaneous) (Q4); Industrial and Manufacturing Engineering (Q4); Polymers and Plastics (Q4)";"Business, Management and Accounting; Chemistry; Engineering; Materials Science"
1670;13373;"WSA";trade journal;"1356644X";"WORLD TRADES PUBLISHING LTD";No;No;0,101;Q4;4;8;28;0;0;28;0,00;0,00;40,00;0;United Kingdom;Western Europe;"WORLD TRADES PUBLISHING LTD";"1995-2012, 2014, 2017-2019";"Business and International Management (Q4); Business, Management and Accounting (miscellaneous) (Q4); Polymers and Plastics (Q4)";"Business, Management and Accounting; Materials Science"
1671;21100812540;"12th International Conference on Mining with Backfill 2017, Minefill 2017";conference and proceedings;"-";"";No;No;0,101;-;3;0;38;0;3;37;0,08;0,00;0,00;0;United States;Northern America;"";"";"Building and Construction; Civil and Structural Engineering";"Engineering"
1672;21100467820;"2007 IEEE International Technology Management Conference, ICE 2007";conference and proceedings;"-";"";No;No;0,101;-;3;0;58;0;7;57;0,00;0,00;0,00;0;United States;Northern America;"";"";"Civil and Structural Engineering; Computer Networks and Communications; Computer Vision and Pattern Recognition; Control and Systems Engineering; Materials Science (miscellaneous); Modeling and Simulation; Signal Processing";"Computer Science; Engineering; Materials Science; Mathematics"
1673;21100792116;"56th Annual AGIFORS Symposium";conference and proceedings;"-";"";No;No;0,101;-;1;0;31;0;1;30;0,00;0,00;0,00;0;United States;Northern America;"";"";"Computer Science Applications";"Computer Science"
1674;21100775916;"Air and Waste Management Association - Guideline on Air Quality Models 2016: The New Path";conference and proceedings;"-";"";No;No;0,101;-;3;0;31;0;1;30;0,00;0,00;0,00;0;United States;Northern America;"";"";"Computer Networks and Communications; Software; Strategy and Management";"Business, Management and Accounting; Computer Science"
1675;21100804411;"Applied System Innovation - Proceedings of the International Conference on Applied System Innovation, ICASI 2015";conference and proceedings;"-";"";No;No;0,101;-;3;0;127;0;7;125;0,00;0,00;0,00;0;United States;Northern America;"";"";"Civil and Structural Engineering; Geography, Planning and Development";"Engineering; Social Sciences"
1676;19300157031;"Economia Chilena (discontinued)";journal;"07173830";"International Collaboration for Research and Publications";No;No;0,101;-;8;16;41;400;5;34;0,20;25,00;5,26;0;United Kingdom;Western Europe;"International Collaboration for Research and Publications";"2008-2019";"Economics and Econometrics (Q4); Finance (Q4)";"Economics, Econometrics and Finance"
1677;21100775919;"Emerging Technologies in Clean Energy 2016 - Topical Conference at the 2016 AIChE Spring Meeting and 12th Global Congress on Process Safety";conference and proceedings;"-";"";No;No;0,101;-;0;0;16;0;0;15;0,00;0,00;0,00;0;United States;Northern America;"";"";"Chemical Engineering (miscellaneous); Engineering (miscellaneous); Management of Technology and Innovation";"Business, Management and Accounting; Chemical Engineering; Engineering"
1678;16937;"Gidrotekhnicheskoe Stroitel'stvo";trade journal;"00169714";"";No;No;0,101;-;6;0;0;0;0;0;0,00;0,00;0,00;0;Russian Federation;Eastern Europe;"";"1969-1985, 1987, 1991-1999, 2001-2005";"Mechanical Engineering (Q4); Water Science and Technology (Q4)";"Engineering; Environmental Science"
1679;21100792118;"Intelligent Statistical Quality Control";conference and proceedings;"-";"";No;No;0,101;-;2;0;28;0;1;27;0,00;0,00;0,00;0;Germany;Western Europe;"";"";"Business and International Management; Industrial Relations; Information Systems; Management Science and Operations Research; Strategy and Management; Transportation";"Business, Management and Accounting; Computer Science; Decision Sciences; Social Sciences"
1680;21100792130;"Proceedings of the Posters and Demos Session of the ACM/IFIP/USENIX Middleware 2016 Conference, Middleware Posters and Demos 2016";conference and proceedings;"-";"";No;No;0,101;-;2;0;19;0;0;17;0,00;0,00;0,00;0;United States;Northern America;"";"";"Computer Networks and Communications; Management of Technology and Innovation; Media Technology; Safety, Risk, Reliability and Quality";"Business, Management and Accounting; Computer Science; Engineering"
1681;21100812575;"Process Development Division 2016 - Core Programming Area at the 2016 AIChE Meeting";conference and proceedings;"-";"";No;No;0,101;-;0;0;20;0;0;19;0,00;0,00;0,00;0;United States;Northern America;"";"";"Bioengineering; Food Science; Pharmaceutical Science";"Agricultural and Biological Sciences; Chemical Engineering; Pharmacology, Toxicology and Pharmaceutics"
1682;21100775917;"Process Development Division 2016 - Core Programming Area at the 2016 AIChE Spring Meeting and 12th Global Congress on Process Safety";conference and proceedings;"-";"";No;No;0,101;-;1;0;24;0;0;23;0,00;0,00;0,00;0;United States;Northern America;"";"";"Computer Networks and Communications";"Computer Science"
1683;20273;"Airline Business";journal;"02687615";"Reed Business";No;No;0,100;Q4;7;0;330;0;10;161;0,04;0,00;0,00;0;United States;Northern America;"Reed Business";"1996-2018";"Business, Management and Accounting (miscellaneous) (Q4)";"Business, Management and Accounting"
1684;12019;"Apparel";trade journal;"15432009";"Edgell Communications Inc.";No;No;0,100;Q4;5;13;81;0;0;81;0,00;0,00;20,00;0;United States;Northern America;"Edgell Communications Inc.";"2002-2019";"Business and International Management (Q4); Business, Management and Accounting (miscellaneous) (Q4)";"Business, Management and Accounting"
1685;12253;"China Business Review";trade journal;"01637169";"US-China Business Council";No;No;0,100;Q4;12;16;218;0;6;208;0,01;0,00;31,25;0;United States;Northern America;"US-China Business Council";"1983, 1991, 2005-2019";"Business and International Management (Q4); Economics, Econometrics and Finance (miscellaneous) (Q4); Political Science and International Relations (Q4); Strategy and Management (Q4)";"Business, Management and Accounting; Economics, Econometrics and Finance; Social Sciences"
1686;21100372440;"Communication and Management";journal;"2271734X, 22697195";"Editions ESKA";No;No;0,100;Q4;4;16;66;346;7;52;0,05;21,63;53,33;1;France;Western Europe;"Editions ESKA";"2013-2024";"Business and International Management (Q4); Marketing (Q4)";"Business, Management and Accounting"
1687;19700173109;"Contract Pharma";trade journal;"15443469, 23806559";"Rodman Publishing, Corp.";No;No;0,100;Q4;4;0;268;0;2;268;0,01;0,00;0,00;0;United States;Northern America;"Rodman Publishing, Corp.";"2009-2018";"Industrial Relations (Q4); Pharmacology, Toxicology and Pharmaceutics (miscellaneous) (Q4)";"Business, Management and Accounting; Pharmacology, Toxicology and Pharmaceutics"
1688;5700191220;"Drapers";journal;"14791617";"Emap Fashion Ltd.";No;No;0,100;Q4;2;0;694;0;0;215;0,00;0,00;0,00;0;United Kingdom;Western Europe;"Emap Fashion Ltd.";"2002, 2007-2018";"Business and International Management (Q4); Business, Management and Accounting (miscellaneous) (Q4)";"Business, Management and Accounting"
1689;24915;"Economist (United Kingdom)";journal;"00130613";"Economist Newspaper Ltd";No;No;0,100;Q4;11;0;10519;0;3;8919;0,00;0,00;0,00;0;United Kingdom;Western Europe;"Economist Newspaper Ltd";"1973, 1975-1979, 1988, 1992, 1997-1998, 2003-2018";"Business, Management and Accounting (miscellaneous) (Q4); Economics and Econometrics (Q4)";"Business, Management and Accounting; Economics, Econometrics and Finance"
1690;24828;"Electronic Design";trade journal;"00134872";"";No;No;0,100;Q4;8;0;237;0;5;237;0,04;0,00;0,00;0;United States;Northern America;"";"1969-1987, 1990-1992, 1994-2018";"Electrical and Electronic Engineering (Q4); Strategy and Management (Q4)";"Business, Management and Accounting; Engineering"
1691;15616;"ENR (Engineering News-Record)";trade journal;"08919526";"Mcgraw Hill";No;No;0,100;Q4;9;473;1095;0;5;1083;0,01;0,00;36,21;0;United States;Northern America;"Mcgraw Hill";"1987, 1993-1999, 2001, 2003-2020";"Building and Construction (Q4); Business, Management and Accounting (miscellaneous) (Q4); Civil and Structural Engineering (Q4)";"Business, Management and Accounting; Engineering"
1692;21100896203;"Finance India";journal;"09703772";"Indian Institute of Finance";No;No;0,100;Q4;9;45;45;788;0;45;0,00;17,51;40,82;0;India;Asiatic Region;"Indian Institute of Finance";"2018-2025";"Accounting (Q4); Finance (Q4)";"Business, Management and Accounting; Economics, Econometrics and Finance"
1693;27878;"Flexo";trade journal;"10517324";"Flexographic Technical Association";No;No;0,100;Q4;3;0;279;0;3;279;0,02;0,00;0,00;0;United States;Northern America;"Flexographic Technical Association";"1996-2018";"Marketing (Q4); Media Technology (Q4)";"Business, Management and Accounting; Engineering"
1694;19276;"Fortune";journal;"00158259";"Time Warner Publishing";No;No;0,100;Q4;17;0;125;0;4;67;0,03;0,00;0,00;0;United States;Northern America;"Time Warner Publishing";"1973-1974, 1976-2018";"Business and International Management (Q4); Business, Management and Accounting (miscellaneous) (Q4); Economics and Econometrics (Q4)";"Business, Management and Accounting; Economics, Econometrics and Finance"
1695;28340;"Graphic Arts Monthly";trade journal;"10479325";"Reed Business Information (Cahners)";No;No;0,100;Q4;2;63;187;0;0;187;0,00;0,00;46,15;0;United States;Northern America;"Reed Business Information (Cahners)";"1998, 2005-2019";"Media Technology (Q4); Strategy and Management (Q4)";"Business, Management and Accounting; Engineering"
1696;25628;"Hali";trade journal;"01420798";"Hali Publications Ltd";No;No;0,100;Q4;4;22;101;13;0;101;0,00;0,59;51,85;0;United Kingdom;Western Europe;"Hali Publications Ltd";"1997-2002, 2004-2011, 2013-2019";"Business, Management and Accounting (miscellaneous) (Q4); History (Q4)";"Arts and Humanities; Business, Management and Accounting"
1697;20500195041;"Hotel Management";journal;"21582122";"Advanstar Communications Inc.";No;No;0,100;Q4;4;118;629;0;2;95;0,00;0,00;33,33;0;United States;Northern America;"Advanstar Communications Inc.";"2011-2026";"Business and International Management (Q4); Tourism, Leisure and Hospitality Management (Q4)";"Business, Management and Accounting"
1698;21100241619;"IHS Jane's Defence Weekly";trade journal;"20483430";"IHS Global Ltd.";No;No;0,100;Q4;2;90;768;0;11;768;0,02;0,00;11,90;0;United Kingdom;Western Europe;"IHS Global Ltd.";"2013, 2015-2023";"Aerospace Engineering (Q4); Automotive Engineering (Q4); Mechanical Engineering (Q4); Strategy and Management (Q4)";"Business, Management and Accounting; Engineering"
1699;15955;"Indian Silk";trade journal;"00196355";"Central Silk Board";No;No;0,100;Q4;7;7;86;0;0;86;0,00;0,00;25,00;0;India;Asiatic Region;"Central Silk Board";"1993-2019";"Agricultural and Biological Sciences (miscellaneous) (Q4); Business and International Management (Q4); Industrial and Manufacturing Engineering (Q4)";"Agricultural and Biological Sciences; Business, Management and Accounting; Engineering"
1700;19449;"Industry Week";trade journal;"00390895";"Penton Publishing Co.";No;No;0,100;Q4;15;0;61;0;1;61;0,00;0,00;0,00;0;United States;Northern America;"Penton Publishing Co.";"1974, 1989, 1994-2018";"Industrial and Manufacturing Engineering (Q4); Strategy and Management (Q4)";"Business, Management and Accounting; Engineering"
1701;15996;"International Dyer and Finisher";trade journal;"0020658X";"World Textile Information Network";No;No;0,100;Q4;12;147;176;173;3;176;0,02;1,18;26,32;0;United Kingdom;Western Europe;"World Textile Information Network";"1989-1992, 1995-2023";"Business and International Management (Q4); Environmental Science (miscellaneous) (Q4); Industrial and Manufacturing Engineering (Q4); Management, Monitoring, Policy and Law (Q4); Polymers and Plastics (Q4)";"Business, Management and Accounting; Engineering; Environmental Science; Materials Science"
1702;21100881412;"IoTex";trade journal;"25141945";"World Textile Information Network";No;No;0,100;Q4;1;0;113;0;0;113;0,00;0,00;0,00;0;United Kingdom;Western Europe;"World Textile Information Network";"2017-2018";"Business and International Management (Q4); Industrial and Manufacturing Engineering (Q4)";"Business, Management and Accounting; Engineering"
1703;4000149406;"Journal du Textile";trade journal;"02930757";"Journal du Textile";No;No;0,100;Q4;1;10;401;0;0;401;0,00;0,00;100,00;0;France;Western Europe;"Journal du Textile";"2005-2019";"Business and International Management (Q4); Business, Management and Accounting (miscellaneous) (Q4)";"Business, Management and Accounting"
1704;16014;"Journal for Weavers, Spinners and Dyers";journal;"02677806";"Association of Guilds of Weavers, Spinners and Dyers";No;No;0,100;Q4;2;45;112;41;2;80;0,03;0,91;80,00;0;United Kingdom;Western Europe;"Association of Guilds of Weavers, Spinners and Dyers";"2001-2023";"Business and International Management (Q4); Chemical Engineering (miscellaneous) (Q4); Materials Science (miscellaneous) (Q4)";"Business, Management and Accounting; Chemical Engineering; Materials Science"
1705;28141;"Journal of Taxation";journal;"00224863";"Ria Thomson";Yes;No;0,100;Q4;7;0;152;0;2;152;0,01;0,00;0,00;0;United States;Northern America;"Ria Thomson";"1998-2018, 2020";"Accounting (Q4); Economics and Econometrics (Q4); Finance (Q4)";"Business, Management and Accounting; Economics, Econometrics and Finance"
1706;16540;"Journal of the Japan Research Association for Textile End-Uses";journal;"00372072";"Japan Research Association for Textile End-Uses";No;No;0,100;Q4;8;17;266;117;4;111;0,02;6,88;53,06;0;Japan;Asiatic Region;"Japan Research Association for Textile End-Uses";"1960, 1962, 1964, 1966, 1969-1970, 1978-2023";"Business, Management and Accounting (miscellaneous) (Q4); Materials Science (miscellaneous) (Q4)";"Business, Management and Accounting; Materials Science"
1707;16026;"Knitting International";trade journal;"02668394";"World Textile Information Network";No;No;0,100;Q4;6;9;161;7;0;161;0,00;0,78;38,46;0;United Kingdom;Western Europe;"World Textile Information Network";"1989-2000, 2002-2013, 2016-2019, 2021-2023";"Business and International Management (Q4); Business, Management and Accounting (miscellaneous) (Q4); Ceramics and Composites (Q4); Industrial and Manufacturing Engineering (Q4)";"Business, Management and Accounting; Engineering; Materials Science"
1708;16490;"Nonwovens Industry";trade journal;"01634429";"Rodman Publishing, Corp.";No;No;0,100;Q4;5;67;228;0;1;71;0,01;0,00;0,00;0;United States;Northern America;"Rodman Publishing, Corp.";"1989-2026";"Business and International Management (Q4); Business, Management and Accounting (miscellaneous) (Q4); Materials Science (miscellaneous) (Q4); Polymers and Plastics (Q4)";"Business, Management and Accounting; Materials Science"
1709;5000160402;"Packaging News";trade journal;"00482676";"Yaffa Publishing Group";No;No;0,100;Q4;2;57;85;0;0;85;0,00;0,00;37,50;0;Australia;Pacific Region;"Yaffa Publishing Group";"2006-2019, 2022-2024";"Marketing (Q4); Materials Science (miscellaneous) (Q4)";"Business, Management and Accounting; Materials Science"
1710;13227;"Paint and Coatings Industry";journal;"08843848";"Business News Publishing Co.";No;No;0,100;Q4;9;96;304;176;3;65;0,02;1,83;23,91;0;United States;Northern America;"Business News Publishing Co.";"1996-2021";"Chemistry (miscellaneous) (Q4); Marketing (Q4); Surfaces, Coatings and Films (Q4)";"Business, Management and Accounting; Chemistry; Materials Science"
1711;18770;"Petroleum Economist";trade journal;"0306395X";"Petroleum Economist Ltd.";No;No;0,100;Q4;4;173;152;3;0;72;0,00;0,02;21,28;0;United Kingdom;Western Europe;"Petroleum Economist Ltd.";"1979-1983, 1985, 1999-2015, 2017-2023";"Energy Engineering and Power Technology (Q4); Fuel Technology (Q4); Marketing (Q4)";"Business, Management and Accounting; Energy"
1712;13753;"Plant Engineer";journal;"00320838";"Society of Operations Engineers";No;No;0,100;Q4;0;0;0;0;0;0;0,00;0,00;0,00;0;United Kingdom;Western Europe;"Society of Operations Engineers";"1970-1971, 1973-1975, 1985, 1994-1996, 1998-2018";"Industrial and Manufacturing Engineering (Q4); Strategy and Management (Q4)";"Business, Management and Accounting; Engineering"
1713;28903;"Printing Impressions";trade journal;"0032860X";"North American Publishing Co.";No;No;0,100;Q4;1;27;223;0;0;222;0,00;0,00;57,14;0;United States;Northern America;"North American Publishing Co.";"1998-2000, 2005-2026";"Marketing (Q4); Media Technology (Q4)";"Business, Management and Accounting; Engineering"
1714;4100151611;"Printwear";trade journal;"15227898";"National Business Media Inc.";No;No;0,100;Q4;2;0;478;0;0;478;0,00;0,00;0,00;0;United States;Northern America;"National Business Media Inc.";"1990, 2001-2018";"Marketing (Q4); Materials Science (miscellaneous) (Q4); Mechanics of Materials (Q4)";"Business, Management and Accounting; Engineering; Materials Science"
1715;38885;"Real Estate Taxation";journal;"00935107";"Ria Thomson";No;No;0,100;Q4;3;0;51;0;0;45;0,00;0,00;0,00;0;United States;Northern America;"Ria Thomson";"1996-2017";"Accounting (Q4); Economics and Econometrics (Q4); Finance (Q4)";"Business, Management and Accounting; Economics, Econometrics and Finance"
1716;4900152405;"Restaurant Business";journal;"00978043";"Ideal Media LLC";No;No;0,100;Q4;3;106;345;162;0;79;0,00;1,53;37,04;0;United States;Northern America;"Ideal Media LLC";"2005-2020";"Tourism, Leisure and Hospitality Management (Q4)";"Business, Management and Accounting"
1717;25443;"Sales and Marketing Management";journal;"01637517";"VNU eMedia Inc.";No;No;0,100;Q4;12;27;112;0;1;45;0,01;0,00;0,00;0;United States;Northern America;"VNU eMedia Inc.";"1996-2010, 2012-2019, 2021, 2023-2025";"Business and International Management (Q4); Marketing (Q4)";"Business, Management and Accounting"
1718;28951;"Screen Printing";trade journal;"00369594";"S T Publications";No;No;0,100;Q4;2;17;77;0;0;77;0,00;0,00;61,54;0;United States;Northern America;"S T Publications";"1996, 1999-2020";"Marketing (Q4); Media Technology (Q4)";"Business, Management and Accounting; Engineering"
1719;300147005;"Tamkang Journal of International Affairs";journal;"10274979";"Tamkang University";No;No;0,100;Q4;6;20;50;621;1;45;0,00;31,05;39,13;0;Taiwan;Asiatic Region;"Tamkang University";"2005-2025";"Business and International Management (Q4); Education (Q4); Political Science and International Relations (Q4); Strategy and Management (Q4)";"Business, Management and Accounting; Social Sciences"
1720;16584;"Technical Textiles International";trade journal;"09645993";"International Newsletters Ltd";No;No;0,100;Q4;12;31;77;62;1;77;0,02;2,00;31,03;0;United Kingdom;Western Europe;"International Newsletters Ltd";"1992-2025";"Business, Management and Accounting (miscellaneous) (Q4); Chemistry (miscellaneous) (Q4); Industrial and Manufacturing Engineering (Q4); Materials Science (miscellaneous) (Q4)";"Business, Management and Accounting; Chemistry; Engineering; Materials Science"
1721;17147;"Textile Magazine";trade journal;"00405078";"Gopali and Co.";No;No;0,100;Q4;4;0;67;0;0;67;0,00;0,00;0,00;0;India;Asiatic Region;"Gopali and Co.";"1993-1994, 2001-2014, 2016-2017";"Business and International Management (Q4); Environmental Science (miscellaneous) (Q4); Industrial and Manufacturing Engineering (Q4); Materials Science (miscellaneous) (Q4)";"Business, Management and Accounting; Engineering; Environmental Science; Materials Science"
1722;66080;"Textile Network";journal;"16125096";"Meisenbach GmbH";No;No;0,100;Q4;3;0;96;0;0;60;0,00;0,00;0,00;0;Germany;Western Europe;"Meisenbach GmbH";"2003-2014, 2018";"Business and International Management (Q4); Business, Management and Accounting (miscellaneous) (Q4); Industrial and Manufacturing Engineering (Q4); Materials Science (miscellaneous) (Q4)";"Business, Management and Accounting; Engineering; Materials Science"
1723;13366;"Textile Rental";journal;"01950118";"Textile Rental Association of America";No;No;0,100;Q4;1;112;108;3;0;108;0,00;0,03;30,77;0;United States;Northern America;"Textile Rental Association of America";"1979-1993, 2005-2015, 2017-2025";"Business and International Management (Q4); Industrial and Manufacturing Engineering (Q4); Polymers and Plastics (Q4)";"Business, Management and Accounting; Engineering; Materials Science"
1724;4000151002;"Textile View Magazine";trade journal;"13845306";"Metropolitan Publishing bv";No;No;0,100;Q4;1;26;46;0;0;46;0,00;0,00;66,67;0;Netherlands;Western Europe;"Metropolitan Publishing bv";"2005-2012, 2014-2020, 2022";"Business and International Management (Q4); Business, Management and Accounting (miscellaneous) (Q4); History (Q4)";"Arts and Humanities; Business, Management and Accounting"
1725;5800228219;"Textil-Revue";trade journal;"00404861";"St.Galler Tagblatt AG";No;No;0,100;Q4;0;46;73;0;0;73;0,00;0,00;69,23;0;Switzerland;Western Europe;"St.Galler Tagblatt AG";"2006-2017, 2019-2021";"Business, Management and Accounting (miscellaneous) (Q4); Industrial and Manufacturing Engineering (Q4)";"Business, Management and Accounting; Engineering"
1726;12600154713;"Twist";trade journal;"17590418";"World Textile Information Network";No;No;0,100;Q4;1;35;267;0;1;267;0,00;0,00;42,86;0;United Kingdom;Western Europe;"World Textile Information Network";"2008-2014, 2016-2023";"Business and International Management (Q4); Industrial and Manufacturing Engineering (Q4); Materials Science (miscellaneous) (Q4)";"Business, Management and Accounting; Engineering; Materials Science"
1727;21100463504;"2005 IEEE International Technology Management Conference, ICE 2005";conference and proceedings;"-";"";No;No;0,100;-;2;0;66;0;0;65;0,00;0,00;0,00;0;Germany;Western Europe;"";"";"Electrical and Electronic Engineering";"Engineering"
1728;21100779042;"21st International Scientific Conference: Mechanika 2016 - Proceedings";conference and proceedings;"-";"";No;No;0,100;-;2;0;63;0;0;61;0,00;0,00;0,00;0;Lithuania;Eastern Europe;"";"";"Organizational Behavior and Human Resource Management";"Business, Management and Accounting"
1729;21100463885;"5th EI Electrical Insulation Conference Materials and Application, EIC 1963";conference and proceedings;"-";"";No;No;0,100;-;1;0;84;0;0;83;0,00;0,00;0,00;0;United States;Northern America;"";"";"Algebra and Number Theory; Computer Science Applications; Industrial and Manufacturing Engineering; Software; Strategy and Management";"Business, Management and Accounting; Computer Science; Engineering; Mathematics"
1730;21100797714;"International Conference on Atmospheric Optics: Aerosols, Visibility, and the Radiative Balance";conference and proceedings;"-";"";No;No;0,100;-;1;0;92;0;0;90;0,00;0,00;0,00;0;United States;Northern America;"";"";"Information Systems and Management; Management of Technology and Innovation; Strategy and Management";"Business, Management and Accounting; Decision Sciences"
1731;21101208626;"Academy of Management Annual Meeting Proceedings";conference and proceedings;"00650668, 21516561";"Academy of Management";No;No;;-;27;564;896;422;144;892;0,17;0,75;39,66;0;United States;Northern America;"Academy of Management";"1971, 2005-2025";"Industrial Relations; Management Information Systems; Management of Technology and Innovation";"Business, Management and Accounting"
1732;21101146363;"Academy of Management Discoveries";journal;"21681007";"Academy of Management";No;No;;-;34;38;0;2310;0;0;0,00;60,79;39,66;10;United States;Northern America;"Academy of Management";"2019-2025";"Business and International Management; Industrial Relations; Organizational Behavior and Human Resource Management; Strategy and Management";"Business, Management and Accounting"
1733;21101068169;"Acta Commercii";journal;"16841999, 24131903";"AOSIS (Pty) Ltd";Yes;No;;-;12;37;0;2143;0;0;0,00;57,92;38,71;1;South Africa;Africa;"AOSIS (Pty) Ltd";"2019-2026";"Business, Management and Accounting (miscellaneous); Organizational Behavior and Human Resource Management; Strategy and Management";"Business, Management and Accounting"
1734;21100945165;"Acta Informatica Pragensia";journal;"18054951";"";Yes;Yes;;-;12;6;0;203;0;0;0,00;33,83;41,67;1;Czech Republic;Eastern Europe;"";"2019-2025";"Computer Science Applications; Information Systems; Library and Information Sciences; Management Information Systems";"Business, Management and Accounting; Computer Science; Social Sciences"
1735;21101045282;"Acta Innovations";journal;"23005599";"Rotherham Academic Press Ltd";Yes;No;;-;17;45;84;1111;13;84;0,17;24,69;57,89;0;United Kingdom;Western Europe;"Rotherham Academic Press Ltd";"2013-2025";"Energy (miscellaneous); Environmental Engineering; Renewable Energy, Sustainability and the Environment";"Energy; Environmental Science"
1736;21100912227;"Acta Logistica";journal;"13395629";"4S go, s.r.o";Yes;No;;-;13;25;0;489;0;0;0,00;19,56;38,18;1;Slovakia;Eastern Europe;"4S go, s.r.o";"2019-2025";"Business and International Management; Civil and Structural Engineering; Industrial and Manufacturing Engineering; Transportation";"Business, Management and Accounting; Engineering; Social Sciences"
1737;21101043277;"Administrative Sciences";journal;"20763387";"Multidisciplinary Digital Publishing Institute (MDPI)";Yes;No;;-;56;95;139;6394;283;133;1,95;67,31;48,57;18;Switzerland;Western Europe;"Multidisciplinary Digital Publishing Institute (MDPI)";"2011-2026";"Business, Management and Accounting (miscellaneous)";"Business, Management and Accounting"
1738;13536;"Advanced Composites Bulletin";trade journal;"0951953X";"Boughton Technical Media";No;No;;-;3;1;0;0;0;0;0,00;0,00;100,00;0;United Kingdom;Western Europe;"Boughton Technical Media";"1987-2010, 2012, 2014, 2019-2020, 2022";"Business and International Management; Ceramics and Composites; Industrial and Manufacturing Engineering; Polymers and Plastics";"Business, Management and Accounting; Engineering; Materials Science"
1739;21100904295;"Advances in Airline Economics";book series;"22121609";"Emerald Group Publishing Ltd.";No;No;;-;11;9;42;365;30;1;0,68;40,56;0,00;0;United Kingdom;Western Europe;"Emerald Group Publishing Ltd.";"2012, 2014, 2016-2019, 2023-2026";"Aerospace Engineering; Business, Management and Accounting (miscellaneous); Pollution; Transportation";"Business, Management and Accounting; Engineering; Environmental Science; Social Sciences"
1740;21101061359;"Advances in Research on Russian Business and Management (discontinued)";book series;"2578725X, 25787268";"Information Age Publishing";No;No;;-;6;56;10;886;1;2;0,10;15,82;62,86;0;United States;Northern America;"Information Age Publishing";"2018-2023";"Business, Management and Accounting (miscellaneous); Economics and Econometrics";"Business, Management and Accounting; Economics, Econometrics and Finance"
1741;21100981346;"Advances in Technology Innovation";journal;"25182994, 24150436";"Taiwan Association of Engineering and Technology Innovation";Yes;No;;-;11;24;0;525;0;0;0,00;21,88;23,08;0;Taiwan;Asiatic Region;"Taiwan Association of Engineering and Technology Innovation";"2019-2026";"Computer Science (miscellaneous); Energy Engineering and Power Technology; Engineering (miscellaneous); Environmental Engineering; Management of Technology and Innovation; Renewable Energy, Sustainability and the Environment";"Business, Management and Accounting; Computer Science; Energy; Engineering; Environmental Science"
1742;21101194991;"Advances in Transdisciplinary Engineering";book series;"23527528, 2352751X";"IOS Press BV";No;No;;-;19;154;628;2429;211;614;0,37;15,77;19,46;0;Netherlands;Western Europe;"IOS Press BV";"2014-2026";"Algebra and Number Theory; Computer Science Applications; Industrial and Manufacturing Engineering; Software; Strategy and Management";"Business, Management and Accounting; Computer Science; Engineering; Mathematics"
1743;21101051084;"Agricultural and Resource Economics";journal;"2414584X";"Institute of Eastern European Research and Consulting";Yes;No;;-;14;39;0;1030;0;0;0,00;26,41;59,38;0;Ukraine;Eastern Europe;"Institute of Eastern European Research and Consulting";"2019-2025";"Agricultural and Biological Sciences (miscellaneous); Business, Management and Accounting (miscellaneous); Marketing";"Agricultural and Biological Sciences; Business, Management and Accounting"
1744;21101073719;"AIS Transactions on Replication Research";journal;"24733458";"Association for Information Systems";No;No;;-;5;11;0;312;0;0;0,00;28,36;28,57;0;United States;Northern America;"Association for Information Systems";"2014, 2018-2019, 2021-2024";"Information Systems; Management Information Systems";"Business, Management and Accounting; Computer Science"
1745;21101041413;"AMS Review";journal;"18698182, 1869814X";"Springer New York";No;No;;-;38;27;50;2494;141;32;2,31;92,37;31,91;2;United States;Northern America;"Springer New York";"2011-2025";"Marketing";"Business, Management and Accounting"
1746;21101043579;"Annals of Corporate Governance";journal;"23816732, 23816724";"Now Publishers Inc";No;No;;-;6;5;0;672;0;0;0,00;134,40;0,00;1;United States;Northern America;"Now Publishers Inc";"2019-2025";"Business, Management and Accounting (miscellaneous); Finance; Law";"Business, Management and Accounting; Economics, Econometrics and Finance; Social Sciences"
1747;21101023806;"Annals of Data Science";journal;"21985812, 21985804";"Springer Science and Business Media Deutschland GmbH";No;No;;-;38;38;92;1106;81;92;0,94;29,11;18,09;2;Germany;Western Europe;"Springer Science and Business Media Deutschland GmbH";"2014-2026";"Artificial Intelligence; Business, Management and Accounting (miscellaneous); Computer Science Applications; Statistics, Probability and Uncertainty";"Business, Management and Accounting; Computer Science; Decision Sciences"
1748;21100975685;"Annals of Financial Economics";journal;"20104952, 20104960";"World Scientific";No;No;;-;23;22;60;817;40;58;0,78;37,14;24,00;0;Singapore;Asiatic Region;"World Scientific";"2005-2009, 2011-2026";"Business and International Management; Economics and Econometrics; Finance";"Business, Management and Accounting; Economics, Econometrics and Finance"
1749;21101190204;"Artivate";journal;"21647747";"University of Arkansas Press";Yes;Yes;;-;7;10;0;487;0;0;0,00;48,70;62,50;1;United States;Northern America;"University of Arkansas Press";"2019-2025";"Management of Technology and Innovation; Visual Arts and Performing Arts";"Arts and Humanities; Business, Management and Accounting"
1750;21101162636;"Arts and the Market";journal;"20564953, 20564945";"Emerald Publishing";No;No;;-;12;17;41;1049;24;36;0,52;61,71;57,14;0;United Kingdom;Western Europe;"Emerald Publishing";"2015-2025";"Arts and Humanities (miscellaneous); Business, Management and Accounting (miscellaneous)";"Arts and Humanities; Business, Management and Accounting"
1751;21101158885;"Asia Marketing Journal";journal;"27656500, 15987868";"Korean Marketing Association";Yes;No;;-;8;19;0;864;0;0;0,00;45,47;29,73;0;South Korea;Asiatic Region;"Korean Marketing Association";"2019-2025";"Marketing";"Business, Management and Accounting"
1752;21101058817;"Asian Journal of Accounting Research";journal;"24599700, 24434175";"Airlangga University";Yes;Yes;;-;26;22;36;1162;31;36;0,93;52,82;27,50;0;United Kingdom;Western Europe;"Airlangga University";"2016-2026";"Accounting";"Business, Management and Accounting"
1753;21101080475;"Asian Journal of Business Ethics";journal;"22106731, 22106723";"Springer Science and Business Media B.V.";No;No;;-;19;10;34;781;33;34;0,85;78,10;26,09;0;Netherlands;Western Europe;"Springer Science and Business Media B.V.";"2012-2026";"Business, Management and Accounting (miscellaneous); Economics, Econometrics and Finance (miscellaneous); Philosophy; Social Sciences (miscellaneous)";"Arts and Humanities; Business, Management and Accounting; Economics, Econometrics and Finance; Social Sciences"
1754;21100854422;"Atas da Conferencia da Associacao Portuguesa de Sistemas de Informacao";conference and proceedings;"2183489X";"Associacao Portuguesa de Sistemas de Informacao";No;No;;-;7;46;121;1323;11;118;0,11;28,76;28,13;0;Portugal;Western Europe;"Associacao Portuguesa de Sistemas de Informacao";"2014-2024";"Computer Science Applications; Information Systems; Information Systems and Management; Management Information Systems; Management of Technology and Innovation";"Business, Management and Accounting; Computer Science; Decision Sciences"
1755;21100927903;"Atelie Geografico";journal;"19821956";"Universidade Federal De Goias (UFG)";Yes;Yes;;-;4;41;0;1181;0;0;0,00;28,80;46,75;1;Brazil;Latin America;"Universidade Federal De Goias (UFG)";"2019-2025";"Geography, Planning and Development; Management, Monitoring, Policy and Law; Nature and Landscape Conservation; Tourism, Leisure and Hospitality Management; Urban Studies";"Business, Management and Accounting; Environmental Science; Social Sciences"
1756;21101120357;"AtoZ";journal;"2237826X";"Programa de Pos-Graduacao em Gestao da Informacao, Universidade Federal do Parana";Yes;Yes;;-;5;22;0;451;0;0;0,00;20,50;52,17;0;Brazil;Latin America;"Programa de Pos-Graduacao em Gestao da Informacao, Universidade Federal do Parana";"2019-2025";"Information Systems; Library and Information Sciences; Strategy and Management";"Business, Management and Accounting; Computer Science; Social Sciences"
1757;21100848484;"Balkan Region Conference on Engineering and Business Education";conference and proceedings;"18436730, 23918160";"Sciendo";No;No;;-;8;53;59;987;21;59;0,36;18,62;52,00;1;Poland;Eastern Europe;"Sciendo";"2015, 2017, 2019";"Business, Management and Accounting (miscellaneous); Education; Engineering (miscellaneous)";"Business, Management and Accounting; Engineering; Social Sciences"
1758;21101020112;"Big Data and Cognitive Computing";journal;"25042289";"Multidisciplinary Digital Publishing Institute (MDPI)";Yes;No;;-;59;52;45;2721;193;44;4,29;52,33;23,48;10;Switzerland;Western Europe;"Multidisciplinary Digital Publishing Institute (MDPI)";"2017-2026";"Artificial Intelligence; Computer Science Applications; Information Systems; Management Information Systems";"Business, Management and Accounting; Computer Science"
1759;21101058047;"BioProducts Business";journal;"23781394";"Society of Wood Science and Technology";Yes;No;;-;7;10;0;608;0;0;0,00;60,80;45,16;0;United States;Northern America;"Society of Wood Science and Technology";"2019-2025";"Forestry; Management of Technology and Innovation; Marketing; Strategy and Management";"Agricultural and Biological Sciences; Business, Management and Accounting"
1760;21101046369;"Brazilian Journal of Operations and Production Management";journal;"16798171, 22378960";"Associacao Brasileira de Engenharia de Producao";Yes;Yes;;-;19;60;0;2675;0;0;0,00;44,58;36,70;0;Brazil;Latin America;"Associacao Brasileira de Engenharia de Producao";"2019-2025";"Computer Science Applications; Industrial and Manufacturing Engineering; Management of Technology and Innovation; Management Science and Operations Research; Strategy and Management";"Business, Management and Accounting; Computer Science; Decision Sciences; Engineering"
1761;21100264815;"Bridging Tourism Theory and Practice";book series;"20421451, 20421443";"Emerald Group Publishing Ltd.";No;No;;-;16;38;59;0;14;2;0,32;0,00;66,67;0;United Kingdom;Western Europe;"Emerald Group Publishing Ltd.";"2009-2010, 2012, 2014-2019, 2021, 2023-2026";"Social Sciences (miscellaneous); Tourism, Leisure and Hospitality Management";"Business, Management and Accounting; Social Sciences"
1762;21100935074;"British Tax Review";journal;"00071870";"Thomson Reuters";No;No;;-;5;16;0;420;0;0;0,00;26,25;27,27;0;United States;Northern America;"Thomson Reuters";"2019-2025";"Accounting; Finance; Law";"Business, Management and Accounting; Economics, Econometrics and Finance; Social Sciences"
1763;21101055871;"Bulletin for International Taxation";journal;"18195490, 23529202";"International Bureau of Fiscal Documentation (IBFD)";No;No;;-;7;78;0;1379;0;0;0,00;17,68;34,78;2;Netherlands;Western Europe;"International Bureau of Fiscal Documentation (IBFD)";"2019-2025";"Accounting; Economics and Econometrics; Finance; Law";"Business, Management and Accounting; Economics, Econometrics and Finance; Social Sciences"
1764;21101053582;"Business Ethics, the Environment and Responsibility";journal;"26946424, 26946416";"John Wiley and Sons Inc";No;No;;-;61;36;89;3176;390;88;3,31;88,22;37,78;2;United Kingdom;Western Europe;"John Wiley and Sons Inc";"2021-2026";"Business and International Management; Economics and Econometrics; Management, Monitoring, Policy and Law; Organizational Behavior and Human Resource Management; Philosophy";"Arts and Humanities; Business, Management and Accounting; Economics, Econometrics and Finance; Environmental Science"
1765;21101030394;"Business Informatics";journal;"25878158, 2587814X";"National Research University Higher School of Economics (HSE University)";No;No;;-;14;25;55;696;34;55;0,62;27,84;26,39;0;Russian Federation;Eastern Europe;"National Research University Higher School of Economics (HSE University)";"2017-2025";"Business and International Management; Economics and Econometrics; Information Systems; Management Information Systems; Management of Technology and Innovation";"Business, Management and Accounting; Computer Science; Economics, Econometrics and Finance"
1766;21100976150;"Business Strategy and Development";journal;"25723170";"John Wiley &amp; Sons Inc.";No;No;;-;39;32;27;2363;21;24;0,78;73,84;30,49;5;United States;Northern America;"John Wiley &amp; Sons Inc.";"2018-2026";"Development; Economics, Econometrics and Finance (miscellaneous); Strategy and Management";"Business, Management and Accounting; Economics, Econometrics and Finance; Social Sciences"
1767;21100945816;"CASE Journal";journal;"15449106";"Emerald Group Publishing Ltd.";No;No;;-;6;40;7;506;0;6;0,00;12,65;46,03;0;United Kingdom;Western Europe;"Emerald Group Publishing Ltd.";"2004-2006, 2009, 2012, 2017-2026";"Business, Management and Accounting (miscellaneous); Education";"Business, Management and Accounting; Social Sciences"
1768;21100980695;"Central European Journal of Sport Sciences and Medicine";journal;"23009705, 23532807";"Wydawnictwo Naukowe Uniwersytetu Szczecinskiego";Yes;Yes;;-;7;11;0;447;0;0;0,00;40,64;66,67;0;Poland;Eastern Europe;"Wydawnictwo Naukowe Uniwersytetu Szczecinskiego";"2019-2025";"Orthopedics and Sports Medicine; Physical Therapy, Sports Therapy and Rehabilitation; Physiology; Tourism, Leisure and Hospitality Management";"Biochemistry, Genetics and Molecular Biology; Business, Management and Accounting; Health Professions; Medicine"
1769;21101039079;"Central European Management Journal";journal;"26580845, 26582430";"Emerald Publishing";Yes;Yes;;-;18;11;82;584;45;82;0,56;53,09;45,45;0;Poland;Eastern Europe;"Emerald Publishing";"2020-2026";"Business, Management and Accounting (miscellaneous); Political Science and International Relations; Social Psychology; Sociology and Political Science";"Business, Management and Accounting; Psychology; Social Sciences"
1770;21100983359;"CERN IdeaSquare Journal of Experimental Innovation";journal;"24139505";"CERN Publishing";Yes;Yes;;-;8;15;28;293;12;26;0,43;19,53;53,33;0;Switzerland;Western Europe;"CERN Publishing";"2017-2025";"Information Systems and Management; Management of Technology and Innovation";"Business, Management and Accounting; Decision Sciences"
1771;21101091129;"China Biotechnology";journal;"16718135";"";No;No;;-;7;151;0;4810;0;0;0,00;31,85;51,13;0;China;Asiatic Region;"";"2019-2025";"Accounting; Business, Management and Accounting (miscellaneous); Development; Economics, Econometrics and Finance (miscellaneous)";"Business, Management and Accounting; Economics, Econometrics and Finance; Social Sciences"
1772;18258;"Compensation and Benefits Review";journal;"15523837, 08863687";"SAGE Publications Inc.";No;No;;-;20;16;55;0;6;47;0,08;0,00;47,37;1;United States;Northern America;"SAGE Publications Inc.";"1985-1989, 2000-2026";"Business, Management and Accounting (miscellaneous); Organizational Behavior and Human Resource Management";"Business, Management and Accounting"
1773;21101170609;"Complex Systems Informatics and Modeling Quarterly";journal;"22559922";"Riga Technical University";Yes;Yes;;-;13;23;0;851;0;0;0,00;37,00;24,53;0;Latvia;Eastern Europe;"Riga Technical University";"2019-2025";"Artificial Intelligence; Business, Management and Accounting (miscellaneous); Engineering (miscellaneous); Information Systems";"Business, Management and Accounting; Computer Science; Engineering"
1774;21101131421;"Consumer Behavior in Tourism and Hospitality";journal;"27526674, 27526666";"Emerald Publishing";No;No;;-;56;37;104;2111;187;101;1,54;57,05;35,79;0;United Kingdom;Western Europe;"Emerald Publishing";"2022-2026";"Geography, Planning and Development; Tourism, Leisure and Hospitality Management";"Business, Management and Accounting; Social Sciences"
1775;21101081522;"Cooperativismo e Economia Social";journal;"26606348, 11302682";"Faculty of Legal Sciences and Labor, University of Vigo";No;No;;-;2;20;0;187;0;0;0,00;9,35;58,82;0;Spain;Western Europe;"Faculty of Legal Sciences and Labor, University of Vigo";"2019-2021, 2023-2025";"Business and International Management; Economics and Econometrics; Law";"Business, Management and Accounting; Economics, Econometrics and Finance; Social Sciences"
1776;21101050917;"Corporate Governance and Organizational Behavior Review (discontinued)";journal;"25211889, 25211870";"Virtus Interpress";No;No;;-;12;7;0;190;0;0;0,00;27,14;25,00;0;Ukraine;Eastern Europe;"Virtus Interpress";"2019-2024";"Finance; Management Science and Operations Research; Organizational Behavior and Human Resource Management";"Business, Management and Accounting; Decision Sciences; Economics, Econometrics and Finance"
1777;21101144515;"Corporate Law and Governance Review";journal;"27071111, 26641542";"Virtus Interpress";No;No;;-;9;10;0;552;0;0;0,00;55,20;38,46;0;Ukraine;Eastern Europe;"Virtus Interpress";"2019-2026";"Business and International Management; Business, Management and Accounting (miscellaneous); Finance; Law";"Business, Management and Accounting; Economics, Econometrics and Finance; Social Sciences"
1778;21101247623;"Cronica Tributaria";journal;"26957566";"Instituto de Estudios Fiscales";Yes;Yes;;-;4;32;0;810;0;0;0,00;25,31;47,37;0;Spain;Western Europe;"Instituto de Estudios Fiscales";"2019-2025";"Accounting; Economics, Econometrics and Finance (miscellaneous); Finance; Law";"Business, Management and Accounting; Economics, Econometrics and Finance; Social Sciences"
1779;21100940690;"Cultural Management: Science and Education";journal;"25126962";"Logos Verlag Berlin GmbH";No;No;;-;8;16;0;548;0;0;0,00;34,25;58,82;1;Germany;Western Europe;"Logos Verlag Berlin GmbH";"2019-2025";"Arts and Humanities (miscellaneous); Business and International Management; Education; Strategy and Management";"Arts and Humanities; Business, Management and Accounting; Social Sciences"
1780;21101044732;"E-Balonmano.com: Revista de Ciencias del Deporte";journal;"18857019";"Federacion Extremena de Balonmano, University of Extremadura";Yes;Yes;;-;9;21;0;782;0;0;0,00;37,24;26,76;0;Spain;Western Europe;"Federacion Extremena de Balonmano, University of Extremadura";"2019-2025";"Education; Physical Therapy, Sports Therapy and Rehabilitation; Social Sciences (miscellaneous); Tourism, Leisure and Hospitality Management";"Business, Management and Accounting; Health Professions; Social Sciences"
1781;21101059786;"Economia";journal;"15297470, 15336239";"LSE Press";Yes;Yes;;-;6;12;0;413;0;0;0,00;34,42;20,00;8;United States;Northern America;"LSE Press";"2019-2021, 2023-2026";"Business and International Management; Economics, Econometrics and Finance (miscellaneous); Political Science and International Relations";"Business, Management and Accounting; Economics, Econometrics and Finance; Social Sciences"
1782;21101020022;"Economic Horizons";journal;"1450863X, 22179232";"University of Kragujevac - Faculty of Economics";Yes;Yes;;-;7;21;0;562;0;0;0,00;26,76;57,14;0;Serbia;Eastern Europe;"University of Kragujevac - Faculty of Economics";"2019-2025";"Business, Management and Accounting (miscellaneous); Economics, Econometrics and Finance (miscellaneous)";"Business, Management and Accounting; Economics, Econometrics and Finance"
1783;21101122725;"ECONOMICS - Innovative and Economics Research Journal";journal;"23035005, 23035013";"Sciendo";Yes;No;;-;16;24;60;567;7;58;0,12;23,63;39,62;1;Poland;Eastern Europe;"Sciendo";"2015-2025";"Business and International Management; Economics, Econometrics and Finance (miscellaneous)";"Business, Management and Accounting; Economics, Econometrics and Finance"
1784;21101026934;"Economics and Business Review";journal;"23921641, 24500097";"";Yes;Yes;;-;13;20;0;811;0;0;0,00;40,55;35,71;1;Poland;Eastern Europe;"";"2019-2025";"Business and International Management; Economics and Econometrics; Finance";"Business, Management and Accounting; Economics, Econometrics and Finance"
1785;21100927990;"Economics of Peace and Security Journal";journal;"1749852X";"EPS Publishing";No;No;;-;6;10;0;372;0;0;0,00;37,20;47,37;5;United States;Northern America;"EPS Publishing";"2019-2025";"Economics, Econometrics and Finance (miscellaneous); Management of Technology and Innovation; Political Science and International Relations";"Business, Management and Accounting; Economics, Econometrics and Finance; Social Sciences"
1786;21101137841;"Economy of Regions";journal;"20726414, 24111406";"Institute of Economics, Ural Branch of the Russian Academy of Sciences";Yes;Yes;;-;22;95;330;2744;325;330;1,10;28,88;53,62;0;Russian Federation;Eastern Europe;"Institute of Economics, Ural Branch of the Russian Academy of Sciences";"2010-2025";"Business, Management and Accounting (miscellaneous); Economics, Econometrics and Finance (miscellaneous); Environmental Science (miscellaneous)";"Business, Management and Accounting; Economics, Econometrics and Finance; Environmental Science"
1787;21100943319;"Educational Administration: Theory and Practice (discontinued)";journal;"13004832, 21482403";"Auricle Global Society of Education and Research";No;No;;-;10;23;0;1381;0;0;0,00;60,04;44,44;1;Turkey;Middle East;"Auricle Global Society of Education and Research";"2019-2024";"Education";"Social Sciences"
1788;21101039156;"Encontros Bibli";journal;"15182924";"Universidade Federal de Santa Catarina";Yes;Yes;;-;10;36;0;969;0;0;0,00;26,92;60,87;1;Brazil;Latin America;"Universidade Federal de Santa Catarina";"2019-2025";"Information Systems; Library and Information Sciences; Management Information Systems";"Business, Management and Accounting; Computer Science; Social Sciences"
1789;21101039233;"Engineering Project Organization Journal";journal;"21573727, 21573735";"Engineering Project Organization Society (EPOS)";No;No;;-;7;10;0;579;0;0;0,00;57,90;20,69;1;United States;Northern America;"Engineering Project Organization Society (EPOS)";"2019-2022, 2024-2026";"Building and Construction; Engineering (miscellaneous); Information Systems and Management; Strategy and Management";"Business, Management and Accounting; Decision Sciences; Engineering"
1790;21101096642;"Entrepreneurship Education and Pedagogy";journal;"25151274";"SAGE Publications Inc.";No;No;;-;25;20;15;675;59;13;3,93;33,75;32,00;0;United States;Northern America;"SAGE Publications Inc.";"2018-2026";"Business and International Management; Education";"Business, Management and Accounting; Social Sciences"
1791;21100970236;"Estudios Gerenciales";journal;"01235923, 26656744";"Universidad Icesi";Yes;Yes;;-;24;38;117;2331;64;117;0,45;61,34;36,78;3;Colombia;Latin America;"Universidad Icesi";"2009-2026";"Business and International Management; Economics and Econometrics; Finance; Management of Technology and Innovation; Marketing; Strategy and Management";"Business, Management and Accounting; Economics, Econometrics and Finance"
1792;21101038805;"Eurasian Studies in Business and Economics";book series;"23645067, 23645075";"Springer Science and Business Media B.V.";No;No;;-;12;57;338;1953;66;1;0,16;34,26;59,60;0;Netherlands;Western Europe;"Springer Science and Business Media B.V.";"2015-2025";"Business, Management and Accounting (miscellaneous); Economics, Econometrics and Finance (miscellaneous)";"Business, Management and Accounting; Economics, Econometrics and Finance"
1793;21101034343;"European Journal of Business Science and Technology";journal;"26947161, 23366494";"Mendel University in Brno";Yes;Yes;;-;8;12;0;579;0;0;0,00;48,25;36,84;0;Czech Republic;Eastern Europe;"Mendel University in Brno";"2019-2025";"Business and International Management; Economics and Econometrics; Finance; Management Information Systems; Management of Technology and Innovation; Marketing";"Business, Management and Accounting; Economics, Econometrics and Finance"
1794;21101064804;"European Journal of Family Business";journal;"2444877X, 24448788";"Universidad de Malaga";Yes;Yes;;-;18;13;32;1088;46;30;0,90;83,69;33,33;0;Spain;Western Europe;"Universidad de Malaga";"2016-2025";"Business and International Management; Business, Management and Accounting (miscellaneous); Organizational Behavior and Human Resource Management";"Business, Management and Accounting"
1795;21101124076;"European Project Management Journal";journal;"25604961";"IPMA Serbia";Yes;Yes;;-;7;15;0;331;0;0;0,00;22,07;53,85;0;Serbia;Eastern Europe;"IPMA Serbia";"2019-2025";"Business, Management and Accounting (miscellaneous); Strategy and Management";"Business, Management and Accounting"
1796;21101023684;"Fabriksoftware";journal;"25697692";"Gito Verlag";No;No;;-;2;49;27;222;0;20;0,00;4,53;14,29;0;Germany;Western Europe;"Gito Verlag";"2018-2025";"Computer Science Applications; Industrial and Manufacturing Engineering; Information Systems; Information Systems and Management; Management of Technology and Innovation; Software";"Business, Management and Accounting; Computer Science; Decision Sciences; Engineering"
1797;21101045042;"FIIB Business Review";journal;"24552658, 23197145";"Sage Publications India Pvt. Ltd";No;No;;-;28;31;105;1176;25;92;0,32;37,94;31,11;0;India;Asiatic Region;"Sage Publications India Pvt. Ltd";"2011-2026";"Business and International Management; Business, Management and Accounting (miscellaneous); Organizational Behavior and Human Resource Management; Strategy and Management";"Business, Management and Accounting"
1798;21101023274;"Finance";journal;"21010145, 07526180";"Presses Universitaires de Grenoble";No;No;;-;4;12;0;453;0;0;0,00;37,75;26,32;2;France;Western Europe;"Presses Universitaires de Grenoble";"2019-2024";"Accounting; Economics and Econometrics; Finance; Marketing";"Business, Management and Accounting; Economics, Econometrics and Finance"
1799;21101038741;"Finance: Theory and Practice";journal;"25877089, 25875671";"Financial University under The Government of Russian Federation";Yes;Yes;;-;16;58;79;1344;24;79;0,30;23,17;35,43;2;Russian Federation;Eastern Europe;"Financial University under The Government of Russian Federation";"2017-2025";"Business and International Management; Development; Economics, Econometrics and Finance (miscellaneous); Finance; Management of Technology and Innovation";"Business, Management and Accounting; Economics, Econometrics and Finance; Social Sciences"
1800;21101081524;"Folia Oeconomica Stetinensia";journal;"17304237, 18980198";"Sciendo";Yes;Yes;;-;8;21;0;575;0;0;0,00;27,38;41,18;2;Poland;Eastern Europe;"Sciendo";"2019-2025";"Business, Management and Accounting (miscellaneous); Economics, Econometrics and Finance (miscellaneous); Marketing; Organizational Behavior and Human Resource Management";"Business, Management and Accounting; Economics, Econometrics and Finance"
1801;22601;"Forbes";journal;"00156914";"Forbes Magazine";No;No;;-;7;114;96;0;0;75;0,00;0,00;35,19;0;United States;Northern America;"Forbes Magazine";"1978-1981, 1997, 2002, 2005-2011, 2018-2025";"Finance; Strategy and Management";"Business, Management and Accounting; Economics, Econometrics and Finance"
1802;21101023216;"Foreign Trade Review";journal;"00157325, 09717625";"Sage Publications India Pvt. Ltd";No;No;;-;18;21;50;728;24;40;0,44;34,67;41,94;6;India;Asiatic Region;"Sage Publications India Pvt. Ltd";"1966-2026";"Business and International Management; Economics, Econometrics and Finance (miscellaneous); Marketing";"Business, Management and Accounting; Economics, Econometrics and Finance"
1803;21101040211;"Forum Scientiae Oeconomia";journal;"23534435, 23005947";"";Yes;Yes;;-;23;28;60;1271;104;60;1,73;45,39;43,08;0;Poland;Eastern Europe;"";"2017-2026";"Business and International Management; Economics and Econometrics; Marketing; Strategy and Management";"Business, Management and Accounting; Economics, Econometrics and Finance"
1804;21101162553;"Foundations and Trends in Information Systems";journal;"2331124X, 23311231";"Now Publishers Inc";No;No;;-;6;3;0;935;0;0;0,00;311,67;80,00;0;United States;Northern America;"Now Publishers Inc";"2019-2025";"Information Systems; Management Information Systems";"Business, Management and Accounting; Computer Science"
1805;21101063028;"Frontiers in Sports and Active Living";journal;"26249367";"Frontiers Media SA";Yes;No;;-;38;37;0;1623;0;0;0,00;43,86;15,79;3;Switzerland;Western Europe;"Frontiers Media SA";"2019-2026";"Anthropology; Orthopedics and Sports Medicine; Physical Therapy, Sports Therapy and Rehabilitation; Physiology; Public Health, Environmental and Occupational Health; Tourism, Leisure and Hospitality Management";"Biochemistry, Genetics and Molecular Biology; Business, Management and Accounting; Health Professions; Medicine; Social Sciences"
1806;21101151498;"Futures and Foresight Science";journal;"25735152";"John Wiley and Sons Inc";No;No;;-;17;18;0;814;0;0;0,00;45,22;12,00;3;United States;Northern America;"John Wiley and Sons Inc";"2019-2026";"Business, Management and Accounting (miscellaneous); Management Science and Operations Research; Strategy and Management";"Business, Management and Accounting; Decision Sciences"
1807;21101090832;"Heritage and Sustainable Development";journal;"27120554";"Research and Development Academy";Yes;Yes;;-;12;10;0;266;0;0;0,00;26,60;30,00;0;Bosnia and Herzegovina;Eastern Europe;"Research and Development Academy";"2019-2026";"Architecture; Business, Management and Accounting (miscellaneous); Engineering (miscellaneous); Environmental Engineering";"Business, Management and Accounting; Engineering; Environmental Science"
1808;21100972603;"History of Retailing and Consumption";journal;"2373518X, 23735171";"Routledge";No;No;;-;5;16;0;0;0;0;0,00;0,00;42,11;0;United Kingdom;Western Europe;"Routledge";"2019-2026";"Business, Management and Accounting (miscellaneous); Economics, Econometrics and Finance (miscellaneous); History";"Arts and Humanities; Business, Management and Accounting; Economics, Econometrics and Finance"
1809;21101095940;"Humanistic Management Journal";journal;"23666048";"Springer International Publishing AG";No;No;;-;19;21;47;864;53;40;0,78;41,14;38,89;2;Switzerland;Western Europe;"Springer International Publishing AG";"2016-2026";"Business and International Management; Business, Management and Accounting (miscellaneous); Organizational Behavior and Human Resource Management; Strategy and Management";"Business, Management and Accounting"
1810;21101018925;"Humanities and Social Sciences Communications";journal;"26629992";"Springer Nature";Yes;No;;-;84;156;390;8350;599;336;1,55;53,53;35,53;70;United Kingdom;Western Europe;"Springer Nature";"2020-2026";"Arts and Humanities (miscellaneous); Business, Management and Accounting (miscellaneous); Economics, Econometrics and Finance (miscellaneous); Psychology (miscellaneous); Social Sciences (miscellaneous)";"Arts and Humanities; Business, Management and Accounting; Economics, Econometrics and Finance; Psychology; Social Sciences"
1811;21100925894;"Humanities and Social Sciences Letters";journal;"23125659, 23124318";"Conscientia Beam";No;No;;-;12;21;0;855;0;0;0,00;40,71;17,02;0;Pakistan;Asiatic Region;"Conscientia Beam";"2019-2026";"Business, Management and Accounting (miscellaneous); Economics, Econometrics and Finance (miscellaneous); Social Sciences (miscellaneous)";"Business, Management and Accounting; Economics, Econometrics and Finance; Social Sciences"
1812;21100944119;"Indian Journal of Economics and Business (discontinued)";journal;"09725784";"Ashwin Anokha Publications and Distributors";No;No;;-;7;32;0;1528;0;0;0,00;47,75;40,68;0;India;Asiatic Region;"Ashwin Anokha Publications and Distributors";"2019-2021";"Business and International Management; Economics, Econometrics and Finance (miscellaneous); Strategy and Management";"Business, Management and Accounting; Economics, Econometrics and Finance"
1813;21101053567;"Indian Journal of Economics and Development";journal;"22775412, 23220430";"The Society of Economics and Development";No;No;;-;8;82;0;1341;0;0;0,00;16,35;37,61;3;India;Asiatic Region;"The Society of Economics and Development";"2019-2025";"Business, Management and Accounting (miscellaneous); Economics and Econometrics; Finance; Geography, Planning and Development";"Business, Management and Accounting; Economics, Econometrics and Finance; Social Sciences"
1814;21100937890;"Industrial Relations Journal";journal;"14682338, 00198692";"John Wiley &amp; Sons Inc.";No;No;;-;16;30;0;1580;0;0;0,00;52,67;30,77;14;United States;Northern America;"John Wiley &amp; Sons Inc.";"1981, 2019-2026";"Industrial Relations";"Business, Management and Accounting"
1815;21101076095;"Information and Media";journal;"27836207";"Vilnius University Press";Yes;Yes;;-;6;18;43;962;8;41;0,19;53,44;65,00;0;Lithuania;Eastern Europe;"Vilnius University Press";"2021-2025";"Information Systems and Management; Management of Technology and Innovation; Media Technology; Physics and Astronomy (miscellaneous); Political Science and International Relations; Sociology and Political Science";"Business, Management and Accounting; Decision Sciences; Engineering; Physics and Astronomy; Social Sciences"
1816;21101021794;"Information Technologies and International Development";journal;"15447529, 15447537";"USC Annenberg School for Communication";No;No;;-;7;7;0;272;0;0;0,00;38,86;66,67;0;United States;Northern America;"USC Annenberg School for Communication";"2013, 2019-2020";"Communication; Computer Networks and Communications; Computer Science Applications; Development; Human-Computer Interaction; Information Systems; Management of Technology and Innovation";"Business, Management and Accounting; Computer Science; Social Sciences"
1817;21101234810;"INFORMS Journal on Applied Analytics";journal;"26440865, 26440873";"INFORMS Inst.for Operations Res.and the Management Sciences";No;No;;-;15;33;0;714;0;0;0,00;21,64;15,83;1;United States;Northern America;"INFORMS Inst.for Operations Res.and the Management Sciences";"2019-2022";"Management of Technology and Innovation; Management Science and Operations Research; Strategy and Management";"Business, Management and Accounting; Decision Sciences"
1818;21101064919;"Innovation and Management Review";journal;"25158961";"Emerald Group Publishing Ltd.";Yes;Yes;;-;25;24;24;1132;29;24;1,21;47,17;50,68;0;United Kingdom;Western Europe;"Emerald Group Publishing Ltd.";"2018-2025";"Business and International Management; Business, Management and Accounting (miscellaneous); Management of Technology and Innovation; Organizational Behavior and Human Resource Management";"Business, Management and Accounting"
1819;21101072387;"Insurance Markets and Companies";journal;"25229591, 26163551";"LLC CPC Business Perspectives";Yes;No;;-;8;5;0;129;0;0;0,00;25,80;50,00;0;Ukraine;Eastern Europe;"LLC CPC Business Perspectives";"2019-2025";"Business and International Management; Finance; Management Information Systems; Management of Technology and Innovation; Marketing; Organizational Behavior and Human Resource Management";"Business, Management and Accounting; Economics, Econometrics and Finance"
1820;21101039095;"International Conference on Construction in the 21st Century";conference and proceedings;"26401177";"East Carolina University";No;No;;-;4;115;0;2042;0;0;0,00;17,76;26,64;0;United States;Northern America;"East Carolina University";"2019, 2022-2025";"Building and Construction; Civil and Structural Engineering; Management of Technology and Innovation";"Business, Management and Accounting; Engineering"
1821;21101111525;"International Conference on Harbour, Maritime and Multimodal Logistics Modelling and Simulation";conference and proceedings;"27240339";"I3M Conference";No;No;;-;5;1;0;47;0;0;0,00;47,00;50,00;0;Spain;Western Europe;"I3M Conference";"2019-2024";"Business and International Management; Computer Science Applications; Management Science and Operations Research; Strategy and Management; Transportation";"Business, Management and Accounting; Computer Science; Decision Sciences; Social Sciences"
1822;21101215011;"International Conference on Information and Knowledge Management, Proceedings";conference and proceedings;"21550751";"Association for Computing Machinery";No;No;;-;166;394;979;11051;3346;972;3,36;28,05;26,66;7;United States;Northern America;"Association for Computing Machinery";"1995-2024";"Business, Management and Accounting (miscellaneous); Decision Sciences (miscellaneous)";"Business, Management and Accounting; Decision Sciences"
1823;21100944103;"International Journal of Advanced Research in Engineering and Technology (discontinued)";journal;"09766499, 09766480";"IAEME Publication";No;No;;-;16;195;0;4115;0;0;0,00;21,10;25,62;0;India;Asiatic Region;"IAEME Publication";"2019-2020";"Biotechnology; Chemical Engineering (miscellaneous); Engineering (miscellaneous); Environmental Engineering; Geotechnical Engineering and Engineering Geology; Information Systems and Management; Management of Technology and Innovation";"Biochemistry, Genetics and Molecular Biology; Business, Management and Accounting; Chemical Engineering; Decision Sciences; Earth and Planetary Sciences; Engineering; Environmental Science"
1824;21101070992;"International Journal of Analysis and Applications";journal;"22918639";"Semnan University, Center of Excellence in Nonlinear Analysis and Applications";Yes;No;;-;18;70;0;1524;0;0;0,00;21,77;21,74;0;Canada;Northern America;"Semnan University, Center of Excellence in Nonlinear Analysis and Applications";"2019-2026";"Analysis; Applied Mathematics; Business and International Management; Geometry and Topology";"Business, Management and Accounting; Mathematics"
1825;21101085290;"International Journal of Applied Economics, Finance and Accounting (discontinued)";journal;"2577767X";"Online Academic Press";No;No;;-;10;19;0;536;0;0;0,00;28,21;27,78;1;United States;Northern America;"Online Academic Press";"2019-2024";"Accounting; Business, Management and Accounting (miscellaneous); Development; Economics, Econometrics and Finance (miscellaneous)";"Business, Management and Accounting; Economics, Econometrics and Finance; Social Sciences"
1826;21100920052;"International Journal of Business and Emerging Markets";journal;"17536227, 17536219";"Inderscience Enterprises Ltd";No;No;;-;11;19;0;1510;0;0;0,00;79,47;8,33;0;United Kingdom;Western Europe;"Inderscience Enterprises Ltd";"2019-2026";"Business and International Management; Economics and Econometrics; Marketing; Strategy and Management";"Business, Management and Accounting; Economics, Econometrics and Finance"
1827;21101068186;"International Journal of Crowd Science";journal;"23987294";"Tsinghua University Press";Yes;Yes;;-;20;22;42;1027;57;42;1,36;46,68;37,31;0;United Kingdom;Western Europe;"Tsinghua University Press";"2017-2025";"Business, Management and Accounting (miscellaneous); Computer Science (miscellaneous); Decision Sciences (miscellaneous)";"Business, Management and Accounting; Computer Science; Decision Sciences"
1828;21101072124;"International Journal of Diplomacy and Economy";journal;"20490895, 20490887";"Inderscience";No;No;;-;11;11;33;381;5;31;0,19;34,64;56,25;0;United Kingdom;Western Europe;"Inderscience";"2012-2026";"Economics and Econometrics; Finance; Political Science and International Relations; Strategy and Management";"Business, Management and Accounting; Economics, Econometrics and Finance; Social Sciences"
1829;21100901841;"International Journal of Industrial Engineering and Production Research";journal;"20084889, 2345363X";"Iran University of Science and Technology";Yes;Yes;;-;12;36;32;1112;33;32;1,03;30,89;27,16;0;Iran;Middle East;"Iran University of Science and Technology";"2018-2025";"Industrial and Manufacturing Engineering; Management Science and Operations Research; Statistics, Probability and Uncertainty; Strategy and Management";"Business, Management and Accounting; Decision Sciences; Engineering"
1830;21101017158;"International Journal of Innovation Studies";journal;"20962487, 25892975";"KeAi Publishing Communications Ltd.";Yes;Yes;;-;30;8;25;437;81;24;3,24;54,63;57,14;0;China;Asiatic Region;"KeAi Publishing Communications Ltd.";"2017-2026";"Information Systems and Management; Management of Technology and Innovation; Strategy and Management";"Business, Management and Accounting; Decision Sciences"
1831;21101036138;"International Journal of Instructional Cases (discontinued)";journal;"2399830X";"Herald Academic Ltd and Organizational Ergonomics";No;No;;-;7;4;7;40;0;7;0,00;10,00;33,33;0;United Kingdom;Western Europe;"Herald Academic Ltd and Organizational Ergonomics";"2017-2025";"Business, Management and Accounting (miscellaneous); Management Information Systems; Marketing; Strategy and Management";"Business, Management and Accounting"
1832;21101358082;"International Journal of Islamic Finance and Sustainable Development";journal;"30306442";"ISRA Institute";No;No;;-;30;22;63;854;28;58;0,55;38,82;16,00;0;Malaysia;Asiatic Region;"ISRA Institute";"2024-2025";"Business, Management and Accounting (miscellaneous); Development; Economics and Econometrics; Economics, Econometrics and Finance (miscellaneous); Finance";"Business, Management and Accounting; Economics, Econometrics and Finance; Social Sciences"
1833;21101021770;"International Journal of Management and Sustainability";journal;"23069856, 23060662";"Conscientia Beam";No;No;;-;11;17;0;875;0;0;0,00;51,47;28,21;0;United States;Northern America;"Conscientia Beam";"2019-2025";"Business, Management and Accounting (miscellaneous); Economics and Econometrics; Geography, Planning and Development; Management, Monitoring, Policy and Law; Management Science and Operations Research";"Business, Management and Accounting; Decision Sciences; Economics, Econometrics and Finance; Environmental Science; Social Sciences"
1834;21100945713;"International Journal of Management (discontinued)";journal;"09766510, 09766502";"IAEME Publication";No;No;;-;18;108;0;2514;0;0;0,00;23,28;37,42;0;India;Asiatic Region;"IAEME Publication";"2019-2020";"Business, Management and Accounting (miscellaneous); Computer Science Applications; Economics, Econometrics and Finance (miscellaneous); Engineering (miscellaneous); Management Science and Operations Research";"Business, Management and Accounting; Computer Science; Decision Sciences; Economics, Econometrics and Finance; Engineering"
1835;21101056542;"International Journal of Operations Research and Information Systems";journal;"19479328, 19479336";"IGI Global Publishing";No;No;;-;10;17;0;650;0;0;0,00;38,24;35,48;0;United States;Northern America;"IGI Global Publishing";"2010, 2019-2023";"Computational Theory and Mathematics; Computer Networks and Communications; Computer Science Applications; Information Systems; Information Systems and Management; Management Information Systems";"Business, Management and Accounting; Computer Science; Decision Sciences"
1836;21101023959;"International Journal of Production Management and Engineering";journal;"23404876, 23405317";"Universidad Politecnica de Valencia";Yes;Yes;;-;12;16;0;387;0;0;0,00;24,19;34,09;0;Spain;Western Europe;"Universidad Politecnica de Valencia";"2019-2025";"Business and International Management; Industrial and Manufacturing Engineering; Management Science and Operations Research; Strategy and Management";"Business, Management and Accounting; Decision Sciences; Engineering"
1837;21101045037;"International Journal of Professional Business Review (discontinued)";journal;"25253654";"AOS-Estratagia and Inovacao";Yes;No;;-;20;19;46;534;2;46;0,00;28,11;51,06;0;Brazil;Latin America;"AOS-Estratagia and Inovacao";"2016-2023";"Business, Management and Accounting (miscellaneous); Decision Sciences (miscellaneous); Strategy and Management; Tourism, Leisure and Hospitality Management";"Business, Management and Accounting; Decision Sciences"
1838;21101091649;"International Journal of Public Policy and Administration Research";journal;"23126515, 23130423";"Conscientia Beam";No;No;;-;6;12;0;421;0;0;0,00;35,08;11,76;0;United States;Northern America;"Conscientia Beam";"2019-2026";"Business, Management and Accounting (miscellaneous); Development; Economics and Econometrics; Organizational Behavior and Human Resource Management; Public Administration";"Business, Management and Accounting; Economics, Econometrics and Finance; Social Sciences"
1839;21101096145;"International Journal of Spa and Wellness";journal;"24721743";"Routledge";No;No;;-;18;16;20;570;6;17;0,30;35,63;58,82;0;United States;Northern America;"Routledge";"2018-2026";"Tourism, Leisure and Hospitality Management";"Business, Management and Accounting"
1840;21101026989;"International Real Estate Review";journal;"21548919";"Global Social Science Institute";No;No;;-;20;20;59;693;13;58;0,26;34,65;26,09;0;United States;Northern America;"Global Social Science Institute";"1998-2025";"Accounting; Demography; Economics and Econometrics; Finance; Geography, Planning and Development; Urban Studies";"Business, Management and Accounting; Economics, Econometrics and Finance; Social Sciences"
1841;21101058910;"Internet of Things (The Netherlands)";journal;"25426605";"Elsevier B.V.";No;No;;-;87;53;24;2676;163;23;6,79;50,49;12,94;2;Netherlands;Western Europe;"Elsevier B.V.";"2018-2026";"Artificial Intelligence; Computer Science Applications; Computer Science (miscellaneous); Engineering (miscellaneous); Hardware and Architecture; Information Systems; Management of Technology and Innovation; Software";"Business, Management and Accounting; Computer Science; Engineering"
1842;21101151806;"Issues in Information Systems";journal;"15297314";"International Association for Computer Information Systems";Yes;Yes;;-;14;90;0;2484;0;0;0,00;27,60;38,10;2;United States;Northern America;"International Association for Computer Information Systems";"2019-2025";"Business, Management and Accounting (miscellaneous)";"Business, Management and Accounting"
1843;21101043743;"Jordan Journal of Business Administration";journal;"18158633, 23086149";"University of Jordan,Deanship of Scientific Research";No;No;;-;10;28;0;1178;0;0;0,00;42,07;10,00;0;Jordan;Middle East;"University of Jordan,Deanship of Scientific Research";"2019-2025";"Accounting; Business, Management and Accounting (miscellaneous); Management Information Systems; Marketing";"Business, Management and Accounting"
1844;21101210876;"Journal for Labour Market Research";journal;"25105027, 25105019";"";Yes;Yes;;-;31;15;53;738;93;50;1,55;49,20;41,18;11;Germany;Western Europe;"";"2012-2026";"Economics and Econometrics; Industrial Relations; Organizational Behavior and Human Resource Management";"Business, Management and Accounting; Economics, Econometrics and Finance"
1845;21100901952;"Journal of Air Transportation";journal;"23809450";"American Institute of Aeronautics and Astronautics Inc. (AIAA)";No;No;;-;17;19;42;512;56;39;1,20;26,95;22,22;0;United States;Northern America;"American Institute of Aeronautics and Astronautics Inc. (AIAA)";"2016-2026";"Aerospace Engineering; Energy (miscellaneous); Management, Monitoring, Policy and Law; Management of Technology and Innovation; Safety Research; Transportation";"Business, Management and Accounting; Energy; Engineering; Environmental Science; Social Sciences"
1846;21101245229;"Journal of Applied Communications";journal;"24761362";"New Prairie Press";Yes;Yes;;-;11;26;0;1071;0;0;0,00;41,19;72,13;1;United States;Northern America;"New Prairie Press";"2019-2025";"Agricultural and Biological Sciences (miscellaneous); Communication; Marketing";"Agricultural and Biological Sciences; Business, Management and Accounting; Social Sciences"
1847;21101061990;"Journal of Applied Structural Equation Modeling";journal;"25904221";"Sarawak Research Society";Yes;Yes;;-;16;10;18;534;27;16;1,50;53,40;53,85;1;Malaysia;Asiatic Region;"Sarawak Research Society";"2017-2025";"Business, Management and Accounting (miscellaneous); Management Science and Operations Research; Statistics, Probability and Uncertainty";"Business, Management and Accounting; Decision Sciences"
1848;21101089576;"Journal of Asian Business and Economic Studies";journal;"2515964X";"Emerald Group Publishing Ltd.";Yes;Yes;;-;27;17;14;1092;6;14;0,43;64,24;23,53;0;United Kingdom;Western Europe;"Emerald Group Publishing Ltd.";"2018-2025";"Business and International Management; Economics, Econometrics and Finance (miscellaneous)";"Business, Management and Accounting; Economics, Econometrics and Finance"
1849;21100967078;"Journal of Australian Taxation";journal;"14400405, 22086773";"Journal of Australian Taxation Pty Ltd";No;No;;-;4;10;0;89;0;0;0,00;8,90;50,00;0;Australia;Pacific Region;"Journal of Australian Taxation Pty Ltd";"2019-2020, 2022-2024";"Accounting; Finance";"Business, Management and Accounting; Economics, Econometrics and Finance"
1850;21101089505;"Journal of Beta Investment Strategies";journal;"27716511";"Portfolio Management Research";No;No;;-;9;26;27;472;10;23;0,37;18,15;25,00;2;United Kingdom;Western Europe;"Portfolio Management Research";"2022-2025";"Business and International Management; Finance; Strategy and Management";"Business, Management and Accounting; Economics, Econometrics and Finance"
1851;21101019334;"Journal of Business Analytics";journal;"2573234X, 25732358";"Taylor and Francis Ltd.";No;No;;-;15;11;11;593;18;10;1,64;53,91;28,57;0;United Kingdom;Western Europe;"Taylor and Francis Ltd.";"2018-2026";"Industrial and Manufacturing Engineering; Information Systems; Management Information Systems";"Business, Management and Accounting; Computer Science; Engineering"
1852;21101043376;"Journal of Business Ethics Education";journal;"16495195, 20444559";"NeilsonJournals Publishing";No;No;;-;4;16;0;684;0;0;0,00;42,75;35,48;0;United Kingdom;Western Europe;"NeilsonJournals Publishing";"2019-2024";"Business and International Management; Business, Management and Accounting (miscellaneous); Economics and Econometrics; Education; Philosophy";"Arts and Humanities; Business, Management and Accounting; Economics, Econometrics and Finance; Social Sciences"
1853;21100976152;"Journal of Civil Engineering Education";journal;"26439107, 26439115";"American Society of Civil Engineers (ASCE)";No;No;;-;55;32;142;1541;227;140;1,47;48,16;38,18;0;United States;Northern America;"American Society of Civil Engineers (ASCE)";"2020-2026";"Civil and Structural Engineering; Industrial Relations; Strategy and Management";"Business, Management and Accounting; Engineering"
1854;21101023092;"Journal of Competitiveness";journal;"18041728, 1804171X";"Tomas Bata University in Zlín";Yes;No;;-;45;40;105;1518;500;105;4,50;37,95;50,00;3;Czech Republic;Eastern Europe;"Tomas Bata University in Zlín";"2016-2025";"Business, Management and Accounting (miscellaneous); Economics, Econometrics and Finance (miscellaneous)";"Business, Management and Accounting; Economics, Econometrics and Finance"
1855;21101057644;"Journal of Corporate Accounting and Finance";journal;"10970053, 10448136";"Wiley-Blackwell";No;No;;-;27;37;214;1401;88;128;0,19;37,86;43,55;1;United States;Northern America;"Wiley-Blackwell";"1989-2026";"Accounting; Economics, Econometrics and Finance (miscellaneous)";"Business, Management and Accounting; Economics, Econometrics and Finance"
1856;21101041707;"Journal of Creating Value";journal;"23949643, 2454213X";"SAGE Publications Inc.";No;No;;-;20;20;69;562;75;57;1,40;28,10;42,86;0;United States;Northern America;"SAGE Publications Inc.";"2015-2026";"Business and International Management; Business, Management and Accounting (miscellaneous); Marketing";"Business, Management and Accounting"
1857;21101255028;"Journal of Data, Information and Management";journal;"25246356, 25246364";"Springer International Publishing";No;No;;-;21;11;0;545;0;0;0,00;49,55;39,29;0;Switzerland;Western Europe;"Springer International Publishing";"2019-2026";"Business, Management and Accounting (miscellaneous); Information Systems; Management Information Systems";"Business, Management and Accounting; Computer Science"
1858;21101052717;"Journal of Data Protection and Privacy";journal;"23981687, 23981679";"Henry Stewart Publications";No;No;;-;9;27;55;1032;7;47;0,13;38,22;43,18;1;United Kingdom;Western Europe;"Henry Stewart Publications";"2017-2026";"Law; Management Information Systems; Marketing; Strategy and Management";"Business, Management and Accounting; Social Sciences"
1859;21100935077;"Journal of Design, Business and Society";journal;"20552106, 20552114";"Intellect Ltd.";No;No;;-;7;14;0;432;0;0;0,00;30,86;26,32;0;United Kingdom;Western Europe;"Intellect Ltd.";"2019-2024";"Business and International Management; Cultural Studies; Industrial and Manufacturing Engineering; Visual Arts and Performing Arts";"Arts and Humanities; Business, Management and Accounting; Engineering; Social Sciences"
1860;21101186897;"Journal of Economic and Administrative Sciences";journal;"20546238, 20546246";"Emerald Publishing";No;No;;-;29;16;39;692;37;39;0,80;43,25;34,38;0;United Kingdom;Western Europe;"Emerald Publishing";"2003-2010, 2012-2026";"Business, Management and Accounting (miscellaneous); Economics and Econometrics";"Business, Management and Accounting; Economics, Econometrics and Finance"
1861;21101193873;"Journal of Economics and Development";journal;"26325330, 18590020";"Emerald Publishing";Yes;Yes;;-;27;19;0;659;0;0;0,00;34,68;48,28;0;United Kingdom;Western Europe;"Emerald Publishing";"2019-2026";"Accounting; Business, Management and Accounting (miscellaneous); Economics and Econometrics; Economics, Econometrics and Finance (miscellaneous)";"Business, Management and Accounting; Economics, Econometrics and Finance"
1862;21101042485;"Journal of Engineering, Project, and Production Management";journal;"22238379, 22216529";"";Yes;Yes;;-;14;16;0;587;0;0;0,00;36,69;26,67;0;Poland;Eastern Europe;"";"2019-2026";"Business, Management and Accounting (miscellaneous); Engineering (miscellaneous); Mechanical Engineering";"Business, Management and Accounting; Engineering"
1863;21101060495;"Journal of Entrepreneurial and Organizational Diversity";journal;"22818642";"EURICSE";No;No;;-;6;9;0;431;0;0;0,00;47,89;38,89;2;Italy;Western Europe;"EURICSE";"2019-2025";"Economics, Econometrics and Finance (miscellaneous); Organizational Behavior and Human Resource Management; Social Sciences (miscellaneous); Strategy and Management";"Business, Management and Accounting; Economics, Econometrics and Finance; Social Sciences"
1864;21101071183;"Journal of Entrepreneurship and Innovation in Emerging Economies";journal;"23939575, 23949945";"Sage Publications India Pvt. Ltd";No;No;;-;17;16;43;657;32;35;0,81;41,06;37,04;1;Singapore;Asiatic Region;"Sage Publications India Pvt. Ltd";"2015-2026";"Business and International Management; Business, Management and Accounting (miscellaneous); Development; Economics and Econometrics; Economics, Econometrics and Finance (miscellaneous)";"Business, Management and Accounting; Economics, Econometrics and Finance; Social Sciences"
1865;21101054412;"Journal of Entrepreneurship, Management and Innovation";journal;"22997075, 22997326";"Cognitione Foundation for the Dissemination of Knowledge and Science";Yes;Yes;;-;19;29;0;1884;0;0;0,00;64,97;50,00;1;Poland;Eastern Europe;"Cognitione Foundation for the Dissemination of Knowledge and Science";"2019-2025";"Business and International Management; Management of Technology and Innovation; Tourism, Leisure and Hospitality Management";"Business, Management and Accounting"
1866;21101038735;"Journal of Evolutionary Studies in Business";journal;"23857137";"Universitat de Barcelona, Facultad de Economia y Empresa";Yes;Yes;;-;8;15;0;696;0;0;0,00;46,40;50,00;0;Spain;Western Europe;"Universitat de Barcelona, Facultad de Economia y Empresa";"2019-2025";"Business and International Management; Development; Management of Technology and Innovation; Strategy and Management";"Business, Management and Accounting; Social Sciences"
1867;21101021576;"Journal of Finance and Data Science";journal;"24059188";"KeAi Communications Co.";Yes;No;;-;26;12;41;436;147;41;3,04;36,33;18,75;1;China;Asiatic Region;"KeAi Communications Co.";"2015-2025";"Applied Mathematics; Business, Management and Accounting (miscellaneous); Computer Science Applications; Economics and Econometrics; Finance; Statistics and Probability";"Business, Management and Accounting; Computer Science; Economics, Econometrics and Finance; Mathematics"
1868;21101081506;"Journal of Financial Data Science";journal;"26403951, 26403943";"With intelligence";No;No;;-;19;40;0;1115;0;0;0,00;27,88;10,00;2;United Kingdom;Western Europe;"With intelligence";"2019-2025";"Artificial Intelligence; Business and International Management; Business, Management and Accounting (miscellaneous); Computational Theory and Mathematics; Finance; Information Systems; Information Systems and Management; Strategy and Management";"Business, Management and Accounting; Computer Science; Decision Sciences; Economics, Econometrics and Finance"
1869;21100927900;"Journal of Food Distribution Research";journal;"26433354";"Food Distribution Research Society";Yes;No;;-;7;16;0;462;0;0;0,00;28,88;49,02;0;United States;Northern America;"Food Distribution Research Society";"2019-2025";"Agronomy and Crop Science; Economics and Econometrics; Food Science; Management Science and Operations Research; Marketing";"Agricultural and Biological Sciences; Business, Management and Accounting; Decision Sciences; Economics, Econometrics and Finance"
1870;21101052349;"Journal of Global Business and Technology";journal;"26162733, 15535495";"Global Business and Technology Association, Inc.";No;No;;-;9;16;0;428;0;0;0,00;26,75;20,00;0;United States;Northern America;"Global Business and Technology Association, Inc.";"2019-2025";"Business and International Management; Management of Technology and Innovation; Marketing; Strategy and Management";"Business, Management and Accounting"
1871;21101068178;"Journal of Global Business and Trade (discontinued)";journal;"24704733, 19465130";"International Academy of Global Business and Trade";No;No;;-;5;5;0;129;0;0;0,00;25,80;54,55;0;United States;Northern America;"International Academy of Global Business and Trade";"2019-2023";"Business and International Management; Business, Management and Accounting (miscellaneous); Development; Economics and Econometrics; Finance; Management of Technology and Innovation";"Business, Management and Accounting; Economics, Econometrics and Finance; Social Sciences"
1872;21101063734;"Journal of Global Responsibility";journal;"20412568, 20412576";"Emerald Group Publishing Ltd.";No;No;;-;35;24;66;1551;89;59;1,11;64,63;35,56;0;United Kingdom;Western Europe;"Emerald Group Publishing Ltd.";"2010-2026";"Business and International Management";"Business, Management and Accounting"
1873;21101136810;"Journal of Global Scholars of Marketing Science: Bridging Asia and the World";journal;"21639159, 21639167";"Taylor and Francis Ltd.";No;No;;-;30;32;82;1202;97;81;1,13;37,56;43,66;0;United Kingdom;Western Europe;"Taylor and Francis Ltd.";"2011-2026";"Arts and Humanities (miscellaneous); Marketing; Social Sciences (miscellaneous)";"Arts and Humanities; Business, Management and Accounting; Social Sciences"
1874;21101018550;"Journal of Governance and Regulation";journal;"23066784, 22209352";"Virtus Interpress";Yes;No;;-;16;30;0;1625;0;0;0,00;54,17;20,97;1;Ukraine;Eastern Europe;"Virtus Interpress";"2019-2026";"Business and International Management; Economics and Econometrics; Finance; Public Administration; Strategy and Management";"Business, Management and Accounting; Economics, Econometrics and Finance; Social Sciences"
1875;21101052348;"Journal of Hospital Management and Health Policy";journal;"25232533";"AME Publishing Company";No;No;;-;11;31;0;563;0;0;0,00;18,16;31,75;2;Hong Kong;Asiatic Region;"AME Publishing Company";"2019, 2021-2025";"Health Information Management; Health Policy; Leadership and Management; Strategy and Management";"Business, Management and Accounting; Health Professions; Medicine; Nursing"
1876;21101274045;"Journal of Hospitality and Tourism Cases";journal;"21649987";"SAGE Publications Inc.";No;No;;-;4;11;75;274;3;66;0,05;24,91;58,82;0;United Kingdom;Western Europe;"SAGE Publications Inc.";"2011, 2013-2026";"Tourism, Leisure and Hospitality Management";"Business, Management and Accounting"
1877;21101045767;"Journal of Hospitality and Tourism Insights";journal;"25149806, 25149792";"Emerald Group Publishing Ltd.";No;No;;-;44;46;25;3260;31;23;1,24;70,87;47,32;0;United Kingdom;Western Europe;"Emerald Group Publishing Ltd.";"2018-2026";"Tourism, Leisure and Hospitality Management";"Business, Management and Accounting"
1878;21101121574;"Journal of Housing Research";journal;"26911337, 10527001";"Informa UK Limited";No;No;;-;28;11;33;148;18;33;0,38;13,45;38,89;2;United Kingdom;Western Europe;"Informa UK Limited";"1998-2004, 2007-2025";"Business, Management and Accounting (miscellaneous); Economics, Econometrics and Finance (miscellaneous); Urban Studies";"Business, Management and Accounting; Economics, Econometrics and Finance; Social Sciences"
1879;21100936589;"Journal of ICT Standardization";journal;"2245800X, 22460853";"River Publishers";No;No;;-;14;25;0;459;0;0;0,00;18,36;35,56;0;Denmark;Western Europe;"River Publishers";"2014-2025";"Computer Networks and Communications; Computer Science Applications; Information Systems; Information Systems and Management; Management of Technology and Innovation";"Business, Management and Accounting; Computer Science; Decision Sciences"
1880;21101075855;"Journal of Indonesian Economy and Business";journal;"23385847, 20858272";"Gadjah Mada University";Yes;Yes;;-;12;14;0;676;0;0;0,00;48,29;29,17;0;Indonesia;Asiatic Region;"Gadjah Mada University";"2019-2026";"Accounting; Business and International Management; Business, Management and Accounting (miscellaneous); Economics and Econometrics; Management Information Systems; Management of Technology and Innovation";"Business, Management and Accounting; Economics, Econometrics and Finance"
1881;21101073268;"Journal of Industrial Engineering and Engineering Management";journal;"10046062";"Zhejiang University";No;No;;-;13;102;0;3752;0;0;0,00;36,78;28,57;0;China;Asiatic Region;"Zhejiang University";"2019-2026";"Accounting; Business and International Management; Information Systems and Management; Management of Technology and Innovation; Management Science and Operations Research; Organizational Behavior and Human Resource Management; Strategy and Management";"Business, Management and Accounting; Decision Sciences"
1882;21101021536;"Journal of Industrial Integration and Management";journal;"24248630, 24248622";"World Scientific";No;No;;-;32;18;50;1050;91;46;2,00;58,33;30,00;0;Singapore;Asiatic Region;"World Scientific";"2016-2026";"Business and International Management; Engineering (miscellaneous); Management of Technology and Innovation; Strategy and Management";"Business, Management and Accounting; Engineering"
1883;21100933317;"Journal of Information Systems Security";journal;"15510123, 15510808";"Information Institute";No;No;;-;3;8;0;259;0;0;0,00;32,38;41,67;0;United States;Northern America;"Information Institute";"2019-2025";"Education; Information Systems; Information Systems and Management; Management Information Systems; Safety Research; Software";"Business, Management and Accounting; Computer Science; Decision Sciences; Social Sciences"
1884;21101045747;"Journal of Innovation Economics and Management";journal;"20325355";"De Boeck Supérieur";No;No;;-;19;34;0;1506;0;0;0,00;44,29;51,85;9;Belgium;Western Europe;"De Boeck Supérieur";"2019-2025";"Business and International Management; Economics and Econometrics; Management of Technology and Innovation; Strategy and Management";"Business, Management and Accounting; Economics, Econometrics and Finance"
1885;21101053537;"Journal of Innovation Management";journal;"21830606";"Universidade do Porto - Faculdade de Engenharia";Yes;Yes;;-;28;25;91;1333;123;84;0,68;53,32;41,30;3;Portugal;Western Europe;"Universidade do Porto - Faculdade de Engenharia";"2013-2025";"Engineering (miscellaneous); Management of Technology and Innovation";"Business, Management and Accounting; Engineering"
1886;21101079124;"Journal of Integrated Disaster Risk Management";journal;"21858322";"IDRiM Society";No;No;;-;7;9;0;362;0;0;0,00;40,22;40,00;2;Japan;Asiatic Region;"IDRiM Society";"2019-2026";"Business, Management and Accounting (miscellaneous); Emergency Medicine; Global and Planetary Change; Management, Monitoring, Policy and Law; Safety Research; Safety, Risk, Reliability and Quality";"Business, Management and Accounting; Engineering; Environmental Science; Medicine; Social Sciences"
1887;21101043387;"Journal of International Business Education";journal;"20444575, 16494946";"NeilsonJournals Publishing";No;No;;-;4;23;0;845;0;0;0,00;36,74;26,19;0;United Kingdom;Western Europe;"NeilsonJournals Publishing";"2019-2024";"Business and International Management; Business, Management and Accounting (miscellaneous); Marketing; Strategy and Management";"Business, Management and Accounting"
1888;21101066138;"Journal of International Business Policy";journal;"25220691, 25220705";"Palgrave Macmillan Ltd.";No;No;;-;39;22;13;1715;132;9;10,15;77,95;29,73;10;United Kingdom;Western Europe;"Palgrave Macmillan Ltd.";"2018-2026";"Business and International Management; Management of Technology and Innovation";"Business, Management and Accounting"
1889;21100945715;"Journal of International Logistics and Trade";journal;"25087592, 17382122";"Emerald Publishing";Yes;Yes;;-;12;15;9;599;1;9;0,11;39,93;37,50;1;South Korea;Asiatic Region;"Emerald Publishing";"2018-2026";"Economics and Econometrics; Management Information Systems; Management Science and Operations Research; Marketing; Transportation";"Business, Management and Accounting; Decision Sciences; Economics, Econometrics and Finance; Social Sciences"
1890;21101041900;"Journal of International Studies (Malaysia)";journal;"2289666X, 1823691X";"Universiti Utara Malaysia Press";Yes;No;;-;8;10;0;390;0;0;0,00;39,00;33,33;0;Malaysia;Asiatic Region;"Universiti Utara Malaysia Press";"2019-2025";"Business and International Management; Political Science and International Relations; Strategy and Management";"Business, Management and Accounting; Social Sciences"
1891;21101018306;"Journal of Investing";journal;"21688613, 10680896";"Portfolio Management Research";No;No;;-;11;72;56;1297;9;52;0,16;18,01;13,74;4;United States;Northern America;"Portfolio Management Research";"1992, 1996-1997, 1999-2000, 2003, 2008, 2013, 2018-2025";"Finance; Management of Technology and Innovation; Strategy and Management";"Business, Management and Accounting; Economics, Econometrics and Finance"
1892;21101032143;"Journal of Logistics, Informatics and Service Science";journal;"24092665";"Success Culture Press";No;No;;-;14;11;0;330;0;0;0,00;30,00;16,67;0;Hong Kong;Asiatic Region;"Success Culture Press";"2019-2026";"Computer Networks and Communications; Information Systems; Information Systems and Management; Management Information Systems; Management of Technology and Innovation";"Business, Management and Accounting; Computer Science; Decision Sciences"
1893;21101085239;"Journal of Management and Business Research";journal;"25214306";"Chinese Management Association";No;No;;-;3;16;0;1428;0;0;0,00;89,25;50,00;0;Taiwan;Asiatic Region;"Chinese Management Association";"2019-2025";"Business and International Management; Business, Management and Accounting (miscellaneous); Finance; Marketing; Strategy and Management";"Business, Management and Accounting; Economics, Econometrics and Finance"
1894;21101036141;"Journal of Management Science and Engineering";journal;"20962320, 25895532";"KeAi Communications Co.";Yes;Yes;;-;29;17;30;578;18;30;0,40;34,00;29,51;1;China;Asiatic Region;"KeAi Communications Co.";"2016-2026";"Business and International Management; Control and Systems Engineering; Decision Sciences (miscellaneous); Engineering (miscellaneous); Management Information Systems; Management of Technology and Innovation; Strategy and Management";"Business, Management and Accounting; Decision Sciences; Engineering"
1895;21101019771;"Journal of Organization Design";journal;"2245408X";"SpringerOpen";Yes;No;;-;23;22;38;1097;94;35;2,90;49,86;18,18;3;United Kingdom;Western Europe;"SpringerOpen";"2013, 2016-2026";"Strategy and Management";"Business, Management and Accounting"
1896;21101060131;"Journal of Organizational Behavior Education";journal;"16497627, 20479999";"Istanbul Universitesi";No;No;;-;2;9;0;263;0;0;0,00;29,22;40,91;0;United Kingdom;Western Europe;"Istanbul Universitesi";"2019-2025";"Business and International Management; Business, Management and Accounting (miscellaneous); Industrial Relations; Organizational Behavior and Human Resource Management";"Business, Management and Accounting"
1897;21101055962;"Journal of Park and Recreation Administration";journal;"21606862, 07351968";"Sagamore Publishing LLC";No;No;;-;15;47;0;1573;0;0;0,00;33,47;41,41;0;United States;Northern America;"Sagamore Publishing LLC";"2019-2026";"Nature and Landscape Conservation; Social Sciences (miscellaneous); Tourism, Leisure and Hospitality Management; Urban Studies";"Business, Management and Accounting; Environmental Science; Social Sciences"
1898;21101178759;"Journal of Participation and Employee Ownership";journal;"2514765X, 25147641";"Emerald Publishing";No;No;;-;10;14;10;494;7;9;0,70;35,29;3,70;0;United Kingdom;Western Europe;"Emerald Publishing";"2018-2026";"Business, Management and Accounting (miscellaneous); Economics, Econometrics and Finance (miscellaneous)";"Business, Management and Accounting; Economics, Econometrics and Finance"
1899;21101045047;"Journal of Philanthropy and Marketing";journal;"26911361";"John Wiley and Sons Inc";No;No;;-;28;27;69;1603;62;68;0,88;59,37;52,38;2;United States;Northern America;"John Wiley and Sons Inc";"2021-2025";"Economics and Econometrics; Marketing; Strategy and Management";"Business, Management and Accounting; Economics, Econometrics and Finance"
1900;21101180532;"Journal of Project Management (Canada)";journal;"23718374, 23718366";"Growing Science";Yes;Yes;;-;19;24;0;900;0;0;0,00;37,50;6,00;0;Canada;Northern America;"Growing Science";"2019-2026";"Business and International Management; Communication; Management of Technology and Innovation; Organizational Behavior and Human Resource Management; Strategy and Management";"Business, Management and Accounting; Social Sciences"
1901;21101021921;"Journal of Property Tax Assessment and Administration";journal;"15483606, 13571419";"International Association of Assessing Officers";No;No;;-;5;2;0;60;0;0;0,00;30,00;0,00;0;United States;Northern America;"International Association of Assessing Officers";"2019-2025";"Accounting; Economics and Econometrics; Finance; Law";"Business, Management and Accounting; Economics, Econometrics and Finance; Social Sciences"
1902;21101045212;"Journal of Quantitative Economics";journal;"09711554, 23641045";"Springer International Publishing";No;No;;-;19;46;97;1801;49;97;0,46;39,15;22,62;8;Switzerland;Western Europe;"Springer International Publishing";"2003-2006, 2015-2026";"Business and International Management; Development; Economics and Econometrics; Economics, Econometrics and Finance (miscellaneous)";"Business, Management and Accounting; Economics, Econometrics and Finance; Social Sciences"
1903;21100920051;"Journal of Research Administration";journal;"25737104, 15391590";"Society of Research Administrators International";No;No;;-;7;7;0;124;0;0;0,00;17,71;75,00;0;United States;Northern America;"Society of Research Administrators International";"2019-2025";"Education; Strategy and Management";"Business, Management and Accounting; Social Sciences"
1904;21101018316;"Journal of Retirement";journal;"23266902, 23266899";"Portfolio Management Research";No;No;;-;8;27;32;484;8;27;0,25;17,93;13,33;2;United Kingdom;Western Europe;"Portfolio Management Research";"2018-2026";"Finance; Geriatrics and Gerontology; Life-span and Life-course Studies; Organizational Behavior and Human Resource Management";"Business, Management and Accounting; Economics, Econometrics and Finance; Medicine; Social Sciences"
1905;21101089551;"Journal of Risk and Financial Management";journal;"19118074, 19118066";"Multidisciplinary Digital Publishing Institute (MDPI)";Yes;No;;-;69;188;0;9166;0;0;0,00;48,76;27,79;31;Switzerland;Western Europe;"Multidisciplinary Digital Publishing Institute (MDPI)";"2019-2026";"Accounting; Business, Management and Accounting (miscellaneous); Economics and Econometrics; Finance";"Business, Management and Accounting; Economics, Econometrics and Finance"
1906;21100984845;"Journal of School Administration Research and Development";journal;"24708496, 2470850X";"California State University";Yes;No;;-;8;6;8;183;3;7;0,38;30,50;18,18;0;United States;Northern America;"California State University";"2018-2025";"Development; Strategy and Management";"Business, Management and Accounting; Social Sciences"
1907;21101021142;"Journal of Sport for Development";journal;"23300574";"Journal of Sport for Development";No;No;;-;10;9;0;519;0;0;0,00;57,67;58,33;0;United States;Northern America;"Journal of Sport for Development";"2019-2025";"Development; Sociology and Political Science; Tourism, Leisure and Hospitality Management";"Business, Management and Accounting; Social Sciences"
1908;21100944442;"Journal of System and Management Sciences (discontinued)";journal;"18166075, 18180523";"Success Culture Press";Yes;No;;-;19;31;0;863;0;0;0,00;27,84;36,36;0;Hong Kong;Asiatic Region;"Success Culture Press";"2019-2024";"Computer Science Applications; Control and Systems Engineering; Information Systems; Information Systems and Management; Management of Technology and Innovation";"Business, Management and Accounting; Computer Science; Decision Sciences; Engineering"
1909;21101072352;"Journal of Tax Reform";journal;"24128872, 24149497";"Ural Federal University";Yes;Yes;;-;9;14;0;426;0;0;0,00;30,43;54,84;2;Russian Federation;Eastern Europe;"Ural Federal University";"2019-2025";"Accounting; Business, Management and Accounting (miscellaneous); Economics and Econometrics; Finance; Law";"Business, Management and Accounting; Economics, Econometrics and Finance; Social Sciences"
1910;21101021052;"Journal of the Association for Consumer Research";journal;"23781823, 23781815";"University of Chicago Press";No;No;;-;36;43;140;1953;395;120;2,40;45,42;54,37;0;United States;Northern America;"University of Chicago Press";"2016-2026";"Applied Psychology; Economics and Econometrics; Marketing";"Business, Management and Accounting; Economics, Econometrics and Finance; Psychology"
1911;21100912225;"Journal of the Geographical Institute Jovan Cvijic SASA";journal;"03507599, 18212808";"Geographical Institute "Jovan Cviji" of the Serbian Academy of Sciences and Arts";Yes;Yes;;-;13;25;0;952;0;0;0,00;38,08;52,22;0;Serbia;Eastern Europe;"Geographical Institute "Jovan Cviji" of the Serbian Academy of Sciences and Arts";"2019-2026";"Geography, Planning and Development; Geology";"Earth and Planetary Sciences; Social Sciences"
1912;21101016783;"Journal of Tourism Analysis";journal;"22540644, 18852564";"";Yes;Yes;;-;14;8;9;551;12;9;1,33;68,88;57,14;0;United Kingdom;Western Europe;"";"2018-2025";"Anthropology; Geography, Planning and Development; Tourism, Leisure and Hospitality Management; Urban Studies";"Business, Management and Accounting; Social Sciences"
1913;21100933997;"Journal of Tourism and Development";journal;"16459261, 21821453";"Universidade de Aveiro";No;No;;-;13;24;0;1092;0;0;0,00;45,50;43,75;0;Portugal;Western Europe;"Universidade de Aveiro";"2019-2025";"Geography, Planning and Development; Tourism, Leisure and Hospitality Management";"Business, Management and Accounting; Social Sciences"
1914;21101072349;"Journal of Tourism and Services";journal;"18045650";"Center for International Scientific Research of VSO and VSPP";No;No;;-;23;18;0;913;0;0;0,00;50,72;25,00;1;Czech Republic;Eastern Europe;"Center for International Scientific Research of VSO and VSPP";"2019-2025";"Tourism, Leisure and Hospitality Management";"Business, Management and Accounting"
1915;21101061456;"Journal of Tourism, Heritage and Services Marketing";journal;"25291947";"International Hellenic University";Yes;Yes;;-;17;13;0;515;0;0;0,00;39,62;47,62;0;Greece;Western Europe;"International Hellenic University";"2019-2025";"Geography, Planning and Development; Marketing; Tourism, Leisure and Hospitality Management";"Business, Management and Accounting; Social Sciences"
1916;21100943826;"Journal of Transport and Supply Chain Management";journal;"19955235, 23108789";"AOSIS (Pty) Ltd";Yes;No;;-;14;15;2;754;4;2;2,00;50,27;33,33;3;South Africa;Africa;"AOSIS (Pty) Ltd";"2018-2026";"Industrial and Manufacturing Engineering; Information Systems and Management; Management Information Systems; Management Science and Operations Research; Transportation";"Business, Management and Accounting; Decision Sciences; Engineering; Social Sciences"
1917;21101030204;"Journal of Women's Entrepreneurship and Education";journal;"18211283, 24060674";"Institute of Economic Sciences";Yes;No;;-;12;13;0;297;0;0;0,00;22,85;90,91;0;Serbia;Eastern Europe;"Institute of Economic Sciences";"2019-2025";"Business, Management and Accounting (miscellaneous); Education; Gender Studies";"Business, Management and Accounting; Social Sciences"
1918;21101087777;"Journal of Work-Applied Management";journal;"22052062, 2205149X";"Emerald Group Holdings Ltd.";Yes;Yes;;-;26;16;33;841;67;29;1,80;52,56;52,17;0;United Kingdom;Western Europe;"Emerald Group Holdings Ltd.";"2015-2026";"Business and International Management; Business, Management and Accounting (miscellaneous); Education; Management of Technology and Innovation; Organizational Behavior and Human Resource Management";"Business, Management and Accounting; Social Sciences"
1919;21101210636;"Jurnal Kajian Bali";journal;"25800698, 20884443";"Udayana University";Yes;Yes;;-;6;24;0;753;0;0;0,00;31,38;35,90;0;Indonesia;Asiatic Region;"Udayana University";"2019-2025";"Arts and Humanities (miscellaneous); Cultural Studies; History; Literature and Literary Theory; Music; Tourism, Leisure and Hospitality Management";"Arts and Humanities; Business, Management and Accounting; Social Sciences"
1920;21101071123;"Knowledge and Performance Management";journal;"26163829, 25435507";"LLC CPC Business Perspectives";Yes;No;;-;10;5;0;224;0;0;0,00;44,80;11,11;0;Ukraine;Eastern Europe;"LLC CPC Business Perspectives";"2019-2026";"Business, Management and Accounting (miscellaneous); Economics and Econometrics; Information Systems and Management; Management of Technology and Innovation; Marketing; Organizational Behavior and Human Resource Management; Social Sciences (miscellaneous); Strategy and Management";"Business, Management and Accounting; Decision Sciences; Economics, Econometrics and Finance; Social Sciences"
1921;21101039609;"Korean Accounting Review";journal;"25087193, 12293288";"Korean Accounting Association";No;No;;-;5;36;0;1532;0;0;0,00;42,56;47,95;0;South Korea;Asiatic Region;"Korean Accounting Association";"2019-2025";"Accounting";"Business, Management and Accounting"
1922;21100931308;"Labor: Studies in Working-Class History";journal;"15581454, 15476715";"Duke University Press";No;No;;-;7;36;0;1198;0;0;0,00;33,28;28,00;1;United States;Northern America;"Duke University Press";"2017, 2019-2025";"History; Industrial Relations; Sociology and Political Science";"Arts and Humanities; Business, Management and Accounting; Social Sciences"
1923;21101122744;"Labour and Industry";journal;"23255676, 10301763";"Informa UK Ltd";No;No;;-;29;24;61;1040;65;56;0,95;43,33;54,76;9;United Kingdom;Western Europe;"Informa UK Ltd";"1987-1991, 1993-2026";"Economics, Econometrics and Finance (miscellaneous); Industrial Relations; Organizational Behavior and Human Resource Management; Public Administration";"Business, Management and Accounting; Economics, Econometrics and Finance; Social Sciences"
1924;21100913325;"Logforum";journal;"1734459X, 18952038";"Poznan School of Logistics";Yes;No;;-;20;42;0;1249;0;0;0,00;29,74;46,15;0;Poland;Eastern Europe;"Poznan School of Logistics";"2019-2026";"Information Systems and Management; Management Information Systems; Management Science and Operations Research";"Business, Management and Accounting; Decision Sciences"
1925;21101045277;"LOGI - Scientific Journal on Transport and Logistics";journal;"23363037";"";Yes;No;;-;10;20;0;355;0;0;0,00;17,75;28,85;0;Poland;Eastern Europe;"";"2019-2026";"Automotive Engineering; Business and International Management; Civil and Structural Engineering; Management of Technology and Innovation; Management Science and Operations Research; Transportation";"Business, Management and Accounting; Decision Sciences; Engineering; Social Sciences"
1926;21101126970;"Logistics";journal;"23056290";"Multidisciplinary Digital Publishing Institute (MDPI)";Yes;No;;-;39;20;0;1022;0;0;0,00;51,10;23,91;1;Switzerland;Western Europe;"Multidisciplinary Digital Publishing Institute (MDPI)";"2019-2026";"Information Systems and Management; Management Information Systems; Management Science and Operations Research; Transportation";"Business, Management and Accounting; Decision Sciences; Social Sciences"
1927;21101041870;"Management and Accounting Review";journal;"26007975";"";No;No;;-;10;26;25;1363;3;25;0,12;52,42;57,89;0;Malaysia;Asiatic Region;"";"2018-2025";"Accounting; Economics and Econometrics; Finance; Strategy and Management";"Business, Management and Accounting; Economics, Econometrics and Finance"
1928;21101038746;"Management and Labour Studies";journal;"23210710, 0258042X";"Sage Publications India Pvt. Ltd";No;No;;-;21;23;68;1587;46;67;0,55;69,00;38,71;0;India;Asiatic Region;"Sage Publications India Pvt. Ltd";"1999-2026";"Business and International Management; Industrial Relations; Organizational Behavior and Human Resource Management";"Business, Management and Accounting"
1929;21101230598;"Management and Prospective";journal;"22653937, 29838304";"Recherches et Publications en Management A.S.B.L";No;No;;-;4;39;0;2025;0;0;0,00;51,92;45,21;1;Belgium;Western Europe;"Recherches et Publications en Management A.S.B.L";"2023-2024";"Business, Management and Accounting (miscellaneous)";"Business, Management and Accounting"
1930;21101162818;"Management Teaching Review";journal;"23792981";"SAGE Publications Inc.";No;No;;-;9;33;0;552;0;0;0,00;16,73;55,10;0;United States;Northern America;"SAGE Publications Inc.";"2016, 2019-2026";"Business, Management and Accounting (miscellaneous); Education";"Business, Management and Accounting; Social Sciences"
1931;21101276719;"Market-Trziste";journal;"18491383";"University of Zagreb, Faculty of Economics and Business Zagreb";Yes;Yes;;-;12;14;42;812;27;36;0,54;58,00;47,83;0;Croatia;Eastern Europe;"University of Zagreb, Faculty of Economics and Business Zagreb";"2016-2025";"Economics, Econometrics and Finance (miscellaneous); Marketing";"Business, Management and Accounting; Economics, Econometrics and Finance"
1932;21101062818;"Micro and Macro Marketing";journal;"11214228, 26122073";"Il Mulino publishing house";No;No;;-;6;32;0;1427;0;0;0,00;44,59;64,81;0;Italy;Western Europe;"Il Mulino publishing house";"2019-2025";"Marketing";"Business, Management and Accounting"
1933;21101393568;"Modern Supply Chain Research and Applications";journal;"26313871";"Emerald Publishing";No;No;;-;20;7;0;490;0;0;0,00;70,00;47,37;0;United Kingdom;Western Europe;"Emerald Publishing";"2019-2025";"Business and International Management; Management Science and Operations Research; Safety, Risk, Reliability and Quality; Statistics, Probability and Uncertainty";"Business, Management and Accounting; Decision Sciences; Engineering"
1934;21101123266;"Multinational Finance Journal";journal;"10961879";"Multinational Finance Society";No;No;;-;4;7;0;381;0;0;0,00;54,43;35,00;0;Cyprus;Western Europe;"Multinational Finance Society";"2019-2024";"Business, Management and Accounting (miscellaneous)";"Business, Management and Accounting"
1935;21101064229;"New England Journal of Entrepreneurship";journal;"1550333X, 25748904";"Emerald Publishing";Yes;Yes;;-;22;8;26;654;21;25;0,94;81,75;50,00;0;United Kingdom;Western Europe;"Emerald Publishing";"1998-2025";"Accounting; Business and International Management; Economics and Econometrics; Organizational Behavior and Human Resource Management; Public Administration; Strategy and Management";"Business, Management and Accounting; Economics, Econometrics and Finance; Social Sciences"
1936;21101019253;"Oeconomia Copernicana";journal;"23531827, 20831277";"Institute of Economic Research";Yes;No;;-;43;36;116;1370;254;116;2,47;38,06;57,65;2;Poland;Eastern Europe;"Institute of Economic Research";"2015-2025";"Business and International Management; Development; Economics, Econometrics and Finance (miscellaneous); History";"Arts and Humanities; Business, Management and Accounting; Economics, Econometrics and Finance; Social Sciences"
1937;21101021407;"Operations Research and Decisions";journal;"23916060, 20818858";"Wroclaw University of Science and Technology";Yes;Yes;;-;9;26;0;741;0;0;0,00;28,50;34,48;0;Poland;Eastern Europe;"Wroclaw University of Science and Technology";"2019-2025";"Management of Technology and Innovation; Management Science and Operations Research; Modeling and Simulation; Statistics and Probability; Statistics, Probability and Uncertainty";"Business, Management and Accounting; Decision Sciences; Mathematics"
1938;21101039062;"Organization, Technology and Management in Construction";journal;"18476228";"De Gruyter Open Ltd";Yes;No;;-;13;15;0;680;0;0;0,00;45,33;28,13;0;Poland;Eastern Europe;"De Gruyter Open Ltd";"2014, 2019-2025";"Building and Construction; Civil and Structural Engineering; Management of Technology and Innovation; Organizational Behavior and Human Resource Management; Strategy and Management";"Business, Management and Accounting; Engineering"
1939;21100942914;"Organizatsionnaya Psikhologiya";journal;"23125942";"National Research University Higher School of Economics (HSE University)";Yes;No;;-;8;31;0;1332;0;0;0,00;42,97;62,90;0;Russian Federation;Eastern Europe;"National Research University Higher School of Economics (HSE University)";"2019-2025";"Applied Psychology; Organizational Behavior and Human Resource Management; Social Psychology";"Business, Management and Accounting; Psychology"
1940;21101073717;"Pacific Asia Journal of the Association for Information Systems";journal;"19437536, 19437544";"Association for Information Systems";No;No;;-;19;17;0;1098;0;0;0,00;64,59;30,77;1;United States;Northern America;"Association for Information Systems";"2018-2025";"Computer Science Applications; Human-Computer Interaction; Information Systems; Information Systems and Management; Management Information Systems";"Business, Management and Accounting; Computer Science; Decision Sciences"
1941;21101100272;"PASOS Revista de Turismo y Patrimonio Cultural";journal;"16957121, 2529959X";"University of La Laguna";Yes;Yes;;-;12;84;0;3178;0;0;0,00;37,83;45,97;6;Spain;Western Europe;"University of La Laguna";"2019-2026";"Anthropology; Cultural Studies; Geography, Planning and Development; Social Sciences (miscellaneous)";"Social Sciences"
1942;21101083163;"Proceedings from the International Congress on Project Management and Engineering";conference and proceedings;"26955067";"Asociacion Espanola de Direccion e Ingenieria de Proyectos (AEIPRO)";No;No;;-;5;168;0;3114;0;0;0,00;18,54;33,24;0;Spain;Western Europe;"Asociacion Espanola de Direccion e Ingenieria de Proyectos (AEIPRO)";"2019-2025";"Business and International Management; Business, Management and Accounting (miscellaneous); Engineering (miscellaneous); Management of Technology and Innovation";"Business, Management and Accounting; Engineering"
1943;21100851999;"Proceedings of the European Conference on Intellectual Capital";conference and proceedings;"20490933, 20490941";"Academic Conferences and Publishing International Limited";No;No;;-;7;48;49;1542;13;47;0,27;32,13;50,00;0;United Kingdom;Western Europe;"Academic Conferences and Publishing International Limited";"2017, 2019";"Business and International Management; Organizational Behavior and Human Resource Management; Strategy and Management";"Business, Management and Accounting"
1944;21100878565;"Proceedings of the European Conference on Research Methods in Business and Management Studies";conference and proceedings;"20490976, 20490968";"Academic Conferences and Publishing International Limited";No;No;;-;9;47;61;1242;9;59;0,15;26,43;41,33;0;United Kingdom;Western Europe;"Academic Conferences and Publishing International Limited";"2017, 2019-2025";"Business and International Management; Education; Strategy and Management";"Business, Management and Accounting; Social Sciences"
1945;21101083423;"Proceedings of the Hamburg International Conference of Logistics";conference and proceedings;"23654430, 23655070";"Institute of Business Logistics and General Management, Hamburg University of Technology";No;No;;-;6;38;0;1239;0;0;0,00;32,61;29,89;0;Germany;Western Europe;"Institute of Business Logistics and General Management, Hamburg University of Technology";"2019, 2021-2022";"Business, Management and Accounting (miscellaneous); Management Science and Operations Research";"Business, Management and Accounting; Decision Sciences"
1946;19277;"Proceedings of the IEEE International Conference on Requirements Engineering";conference and proceedings;"23326441, 1090705X";"IEEE Computer Society";No;No;;-;66;71;0;2011;0;0;0,00;28,32;28,96;0;United States;Northern America;"IEEE Computer Society";"1993, 1995-2006, 2009, 2019-2025";"Computer Science (miscellaneous); Engineering (miscellaneous); Strategy and Management";"Business, Management and Accounting; Computer Science; Engineering"
1947;21101061934;"Proceedings of the International Conference on Tourism Research";conference and proceedings;"25163612";"Academic Conferences and Publishing International Limited";No;No;;-;8;49;35;1516;4;33;0,11;30,94;63,72;0;United Kingdom;Western Europe;"Academic Conferences and Publishing International Limited";"2018-2025";"Cultural Studies; Geography, Planning and Development; Management, Monitoring, Policy and Law; Social Sciences (miscellaneous); Tourism, Leisure and Hospitality Management";"Business, Management and Accounting; Environmental Science; Social Sciences"
1948;21101089333;"Proceedings on Engineering Sciences";journal;"26202832, 26834111";"Faculty of Engineering, University of Kragujevac";Yes;Yes;;-;13;202;0;3876;0;0;0,00;19,19;29,91;0;Serbia;Eastern Europe;"Faculty of Engineering, University of Kragujevac";"2019-2025";"Engineering (miscellaneous); Industrial and Manufacturing Engineering; Management Information Systems; Materials Science (miscellaneous)";"Business, Management and Accounting; Engineering; Materials Science"
1949;21101026986;"Production Engineering Archives";journal;"23537779, 23535156";"";Yes;No;;-;26;40;81;752;56;81;0,69;18,80;34,78;1;Poland;Eastern Europe;"";"2017-2025";"Industrial and Manufacturing Engineering; Management Information Systems; Management of Technology and Innovation; Safety, Risk, Reliability and Quality";"Business, Management and Accounting; Engineering"
1950;21101087907;"PSU Research Review";journal;"23984007, 23991747";"Emerald Group Holdings Ltd.";Yes;Yes;;-;25;14;39;641;42;33;1,08;45,79;32,26;0;United Kingdom;Western Europe;"Emerald Group Holdings Ltd.";"2017-2024";"Business, Management and Accounting (miscellaneous); Computer Science Applications; Economics, Econometrics and Finance (miscellaneous); Education; Social Sciences (miscellaneous)";"Business, Management and Accounting; Computer Science; Economics, Econometrics and Finance; Social Sciences"
1951;21101292924;"Psychology of Leaders and Leadership";journal;"27696863, 27696898";"American Psychological Association";No;No;;-;22;11;36;416;15;35;0,41;37,82;42,42;0;United States;Northern America;"American Psychological Association";"2022-2025";"Applied Psychology; Business, Management and Accounting (miscellaneous); Social Psychology";"Business, Management and Accounting; Psychology"
1952;21101049551;"Public and Municipal Finance";journal;"22221867, 22221875";"LLC CPC Business Perspectives";Yes;No;;-;10;11;0;237;0;0;0,00;21,55;53,57;2;Ukraine;Eastern Europe;"LLC CPC Business Perspectives";"2019-2026";"Business, Management and Accounting (miscellaneous); Economics and Econometrics; Finance; Public Administration";"Business, Management and Accounting; Economics, Econometrics and Finance; Social Sciences"
1953;21101192303;"Record and Library Journal";journal;"24425168";"Airlangga University Faculty of Vocational Studies";Yes;Yes;;-;4;20;0;422;0;0;0,00;21,10;51,61;0;Indonesia;Asiatic Region;"Airlangga University Faculty of Vocational Studies";"2019-2025";"Human Factors and Ergonomics; Library and Information Sciences; Management Information Systems; Management of Technology and Innovation";"Business, Management and Accounting; Social Sciences"
1954;21101043321;"Recreational Sports Journal";journal;"15588661, 1558867X";"SAGE Publications Ltd";No;No;;-;24;14;48;444;19;42;0,19;31,71;52,94;1;United Kingdom;Western Europe;"SAGE Publications Ltd";"1992-1993, 1995-1996, 2002-2026";"Education; Health (social science); Social Sciences (miscellaneous); Tourism, Leisure and Hospitality Management";"Business, Management and Accounting; Social Sciences"
1955;18239;"Relations Industrielles";journal;"0034379X, 17038138";"";No;No;;-;34;7;15;395;5;14;0,50;56,43;66,67;0;Canada;Northern America;"";"1996-2011, 2016-2017, 2020, 2022-2025";"Management of Technology and Innovation; Organizational Behavior and Human Resource Management; Social Sciences (miscellaneous); Strategy and Management";"Business, Management and Accounting; Social Sciences"
1956;5300152533;"Research Methodology in Strategy and Management";book series;"14798387";"Emerald Group Publishing Ltd.";No;No;;-;26;9;0;460;0;0;0,00;51,11;28,57;0;United Kingdom;Western Europe;"Emerald Group Publishing Ltd.";"2004, 2006-2007, 2009, 2011-2012, 2014, 2019-2021, 2023-2026";"Strategy and Management";"Business, Management and Accounting"
1957;21100905330;"Research Policy: X";journal;"25901451";"Elsevier B.V.";Yes;No;;-;3;2;0;263;0;0;0,00;131,50;20,00;0;Netherlands;Western Europe;"Elsevier B.V.";"2019-2020";"Management of Technology and Innovation; Management Science and Operations Research; Strategy and Management";"Business, Management and Accounting; Decision Sciences"
1958;21101089124;"Retos (Ecuador)";journal;"13906291, 13908618";"Universidad Politecnica Salesiana";Yes;Yes;;-;14;20;0;1010;0;0;0,00;50,50;42,50;3;Ecuador;Latin America;"Universidad Politecnica Salesiana";"2019-2025";"Business and International Management; Economics and Econometrics; Management of Technology and Innovation; Marketing; Public Administration; Strategy and Management";"Business, Management and Accounting; Economics, Econometrics and Finance; Social Sciences"
1959;21101033834;"Review of Applied Socio-Economic Research";journal;"22476172";"Pro Global Science Association";No;No;;-;7;17;0;458;0;0;0,00;26,94;50,00;0;Romania;Eastern Europe;"Pro Global Science Association";"2019-2025";"Business and International Management; Economics and Econometrics; Management of Technology and Innovation; Marketing; Social Sciences (miscellaneous)";"Business, Management and Accounting; Economics, Econometrics and Finance; Social Sciences"
1960;21101028387;"Review of Economic Research on Copyright Issues";journal;"16981359, 16981367";"Society for Economic Research on Copyright Issues";No;No;;-;2;2;0;60;0;0;0,00;30,00;0,00;0;Spain;Western Europe;"Society for Economic Research on Copyright Issues";"2019-2025";"Economics, Econometrics and Finance (miscellaneous); Law; Management of Technology and Innovation";"Business, Management and Accounting; Economics, Econometrics and Finance; Social Sciences"
1961;21101089565;"Review of Integrative Business and Economics Research";journal;"24146722, 23041013";"GMP Press &amp; Printing Co.,";No;No;;-;13;30;0;755;0;0;0,00;25,17;38,78;0;Hong Kong;Asiatic Region;"GMP Press &amp; Printing Co.,";"2019-2026";"Business, Management and Accounting (miscellaneous); Economics, Econometrics and Finance (miscellaneous)";"Business, Management and Accounting; Economics, Econometrics and Finance"
1962;21101123075;"Revista Brasileira de Alternative Dispute Resolution";journal;"25963201, 26748835";"EDITORA FORUM LTDA";No;No;;-;8;32;0;589;0;0;0,00;18,41;37,84;0;Brazil;Latin America;"EDITORA FORUM LTDA";"2019-2025";"Law; Social Sciences (miscellaneous)";"Social Sciences"
1963;21101021137;"Revista Brasileira de Marketing";journal;"21775184";"Universidade Nove de Julho-UNINOVE";Yes;Yes;;-;10;45;149;2736;32;148;0,19;60,80;43,94;0;Brazil;Latin America;"Universidade Nove de Julho-UNINOVE";"2015-2026";"Economics and Econometrics; Marketing";"Business, Management and Accounting; Economics, Econometrics and Finance"
1964;21101089574;"Revista de Administracao Contemporanea";journal;"19827849, 14156555";"Associacao Nacional de Pos-Graduacao e Pesquisa em Administracao";Yes;Yes;;-;13;46;0;2106;0;0;0,00;45,78;39,32;6;Brazil;Latin America;"Associacao Nacional de Pos-Graduacao e Pesquisa em Administracao";"2016, 2019-2026";"Business, Management and Accounting (miscellaneous); Management Science and Operations Research; Public Administration";"Business, Management and Accounting; Decision Sciences; Social Sciences"
1965;21101073716;"Revista de Artes Marciales Asiaticas";journal;"21740747";"Universidad de Leon";Yes;Yes;;-;10;37;0;554;0;0;0,00;14,97;26,32;0;Spain;Western Europe;"Universidad de Leon";"2019-2026";"Anthropology; Physical Therapy, Sports Therapy and Rehabilitation; Social Sciences (miscellaneous); Tourism, Leisure and Hospitality Management";"Business, Management and Accounting; Health Professions; Social Sciences"
1966;21101068581;"Revista de Contabilidade e Organizacoes";journal;"19826486";"Universidade De Sao Paulo";Yes;Yes;;-;5;27;0;883;0;0;0,00;32,70;34,62;3;Brazil;Latin America;"Universidade De Sao Paulo";"2019-2025";"Accounting; Education; Management of Technology and Innovation; Organizational Behavior and Human Resource Management";"Business, Management and Accounting; Social Sciences"
1967;21101071063;"Revista de Gestao";journal;"18092276, 21778736";"Emerald Group Publishing Ltd.";Yes;Yes;;-;24;26;26;1301;31;26;1,19;50,04;37,18;0;United Kingdom;Western Europe;"Emerald Group Publishing Ltd.";"2018-2025";"Business and International Management; Management Information Systems; Management of Technology and Innovation; Marketing";"Business, Management and Accounting"
1968;21101136672;"Revista de Gestion Publica";journal;"07191839";"Universidad de Valparaiso";No;No;;-;3;13;0;351;0;0;0,00;27,00;33,33;0;Chile;Latin America;"Universidad de Valparaiso";"2019-2025";"Accounting; Business and International Management; Business, Management and Accounting (miscellaneous); Industrial Relations; Management Information Systems; Management of Technology and Innovation; Marketing; Organizational Behavior and Human Resource Management; Strategy and Management; Tourism, Leisure and Hospitality Management";"Business, Management and Accounting"
1969;21101162523;"Rivista Italiana di Ragioneria e di Economia Aziendale";journal;"22815864, 15939154";"Casa Editrice Rirea";No;No;;-;4;23;0;1377;0;0;0,00;59,87;36,17;0;Italy;Western Europe;"Casa Editrice Rirea";"2019-2025";"Accounting; Business, Management and Accounting (miscellaneous)";"Business, Management and Accounting"
1970;21101144403;"Scandinavian Journal of Public Administration";journal;"20017413, 20017405";"University of Gothenburg School of Public Administration";Yes;Yes;;-;10;13;0;638;0;0;0,00;49,08;52,38;4;Sweden;Western Europe;"University of Gothenburg School of Public Administration";"2019-2025";"Business, Management and Accounting (miscellaneous); Law; Public Administration";"Business, Management and Accounting; Social Sciences"
1971;21101039082;"Scandinavian Journal of Work and Organizational Psychology";journal;"20022867";"Stockholm University Press";Yes;No;;-;12;8;0;537;0;0;0,00;67,13;77,42;3;Sweden;Western Europe;"Stockholm University Press";"2019-2025";"Psychology (miscellaneous)";"Psychology"
1972;21101115664;"SCHOLE: A Journal of Leisure Studies and Recreation Education";journal;"1937156X, 21624097";"Taylor and Francis Ltd.";No;No;;-;13;14;35;329;13;33;0,30;23,50;44,12;0;United Kingdom;Western Europe;"Taylor and Francis Ltd.";"1993-2026";"Education; Sociology and Political Science; Tourism, Leisure and Hospitality Management";"Business, Management and Accounting; Social Sciences"
1973;21100945266;"Science and Innovation";journal;"24099066, 24134996";"Publishing House Akademperiodyka";No;No;;-;13;50;128;951;23;128;0,22;19,02;42,24;1;Ukraine;Eastern Europe;"Publishing House Akademperiodyka";"2014-2026";"Computer Science Applications; Engineering (miscellaneous); Information Systems and Management; Law; Management of Technology and Innovation";"Business, Management and Accounting; Computer Science; Decision Sciences; Engineering; Social Sciences"
1974;21101055969;"Sinergie";journal;"03935108";"Fondazione Cueim";Yes;No;;-;13;31;0;2052;0;0;0,00;66,19;48,78;1;Italy;Western Europe;"Fondazione Cueim";"2019-2026";"Business, Management and Accounting (miscellaneous); Management Science and Operations Research";"Business, Management and Accounting; Decision Sciences"
1975;21101075550;"Small Enterprise Research";journal;"11750979, 13215906";"Taylor and Francis Ltd.";No;No;;-;29;19;64;1087;78;64;1,24;57,21;35,71;1;United Kingdom;Western Europe;"Taylor and Francis Ltd.";"1992-1994, 1996-2008, 2010-2026";"Business and International Management; Business, Management and Accounting (miscellaneous); Development; Economics, Econometrics and Finance (miscellaneous); Management of Technology and Innovation; Strategy and Management";"Business, Management and Accounting; Economics, Econometrics and Finance; Social Sciences"
1976;21101038920;"Society and Business Review";journal;"17465680, 17465699";"Emerald Group Publishing Ltd.";No;No;;-;25;28;0;1520;0;0;0,00;54,29;48,94;0;United Kingdom;Western Europe;"Emerald Group Publishing Ltd.";"2019-2026";"Business and International Management; Business, Management and Accounting (miscellaneous); Organizational Behavior and Human Resource Management; Strategy and Management";"Business, Management and Accounting"
1977;21100931378;"Southeast Asian Journal of Economics";journal;"22868984, 24655120";"Chulalongkorn University Department of Biology";No;No;;-;5;11;0;336;0;0;0,00;30,55;12,50;0;Thailand;Asiatic Region;"Chulalongkorn University Department of Biology";"2019-2025";"Business, Management and Accounting (miscellaneous); Development; Economics, Econometrics and Finance (miscellaneous)";"Business, Management and Accounting; Economics, Econometrics and Finance; Social Sciences"
1978;21101021439;"Southern African Journal of Entrepreneurship and Small Business Management";journal;"25227343, 20713185";"AOSIS (Pty) Ltd";Yes;No;;-;12;12;0;926;0;0;0,00;77,17;23,81;0;South Africa;Africa;"AOSIS (Pty) Ltd";"2019-2026";"Business and International Management; Development; Economics and Econometrics; Strategy and Management";"Business, Management and Accounting; Economics, Econometrics and Finance; Social Sciences"
1979;21101056927;"Spatial Economics";journal;"25875957, 18159834";"Economic Research Institute, Far Eastern Branch, Russian Academy of Sciences";Yes;Yes;;-;8;40;0;1453;0;0;0,00;36,33;39,66;1;Russian Federation;Eastern Europe;"Economic Research Institute, Far Eastern Branch, Russian Academy of Sciences";"2019-2025";"Business and International Management; Economics, Econometrics and Finance (miscellaneous); Social Sciences (miscellaneous)";"Business, Management and Accounting; Economics, Econometrics and Finance; Social Sciences"
1980;21101067745;"Sport i Turystyka";journal;"26574322, 25453211";"Jan Dlugosz University Publishing House";Yes;Yes;;-;5;45;21;1023;2;20;0,10;22,73;42,42;0;Poland;Eastern Europe;"Jan Dlugosz University Publishing House";"2018-2025";"History; Physical Therapy, Sports Therapy and Rehabilitation; Tourism, Leisure and Hospitality Management";"Arts and Humanities; Business, Management and Accounting; Health Professions"
1981;21100975562;"Sports Coaching Review";journal;"21640637, 21640629";"Taylor and Francis Ltd.";No;No;;-;33;14;37;798;32;33;1,05;57,00;35,14;1;United Kingdom;Western Europe;"Taylor and Francis Ltd.";"2012-2026";"Business and International Management; Social Sciences (miscellaneous); Tourism, Leisure and Hospitality Management";"Business, Management and Accounting; Social Sciences"
1982;21101077468;"Springer Proceedings in Business and Economics";conference and proceedings;"21987246, 21987254";"Springer Nature";No;No;;-;29;691;1641;16390;417;1548;0,24;23,72;47,11;5;Switzerland;Western Europe;"Springer Nature";"2014-2026";"Business, Management and Accounting (miscellaneous); Economics, Econometrics and Finance (miscellaneous)";"Business, Management and Accounting; Economics, Econometrics and Finance"
1983;21101041823;"Strategy Science";journal;"23332077, 23332050";"INFORMS Inst.for Operations Res.and the Management Sciences";No;No;;-;37;21;69;1332;128;62;1,45;63,43;17,50;7;United States;Northern America;"INFORMS Inst.for Operations Res.and the Management Sciences";"2016-2025";"Business and International Management; Management of Technology and Innovation; Management Science and Operations Research; Strategy and Management";"Business, Management and Accounting; Decision Sciences"
1984;21101034439;"Studia Sportiva";journal;"25708783, 18027679";"Masaryk University";No;No;;-;5;2;0;72;0;0;0,00;36,00;33,33;0;Czech Republic;Eastern Europe;"Masaryk University";"2019-2026";"Applied Psychology; Education; Health (social science); Orthopedics and Sports Medicine; Physical Therapy, Sports Therapy and Rehabilitation; Tourism, Leisure and Hospitality Management";"Business, Management and Accounting; Health Professions; Medicine; Psychology; Social Sciences"
1985;21101053699;"Studia Universitatis Vasile Goldis Arad, Economics Series";journal;"15842339, 22853065";"De Gruyter Open Ltd";Yes;Yes;;-;10;18;0;690;0;0;0,00;38,33;68,97;2;Poland;Eastern Europe;"De Gruyter Open Ltd";"2019-2026";"Business and International Management; Economics and Econometrics; Finance; Strategy and Management";"Business, Management and Accounting; Economics, Econometrics and Finance"
1986;21101068028;"Stuttgarter Symposium fur Produktentwicklung";conference and proceedings;"23644885";"Fraunhofer IAO";No;No;;-;6;29;39;545;22;37;0,56;18,79;13,95;0;Germany;Western Europe;"Fraunhofer IAO";"2017, 2019, 2021, 2023, 2025";"Business and International Management; Computer Science Applications; Industrial and Manufacturing Engineering; Management of Technology and Innovation";"Business, Management and Accounting; Computer Science; Engineering"
1987;21101065044;"Sustainable Futures";journal;"26661888";"Elsevier B.V.";Yes;No;;-;37;2;0;110;0;0;0,00;55,00;40,00;0;United Kingdom;Western Europe;"Elsevier B.V.";"2019-2026";"Management of Technology and Innovation; Management Science and Operations Research; Sociology and Political Science";"Business, Management and Accounting; Decision Sciences; Social Sciences"
1988;21101188201;"System Safety: Human - Technical Facility - Environment";conference and proceedings;"26575450";"Sciendo";No;No;;-;10;131;0;2592;0;0;0,00;19,79;44,58;1;Germany;Western Europe;"Sciendo";"2019-2025";"Business and International Management; Industrial and Manufacturing Engineering; Public Health, Environmental and Occupational Health; Safety, Risk, Reliability and Quality";"Business, Management and Accounting; Engineering; Medicine"
1989;21101043575;"Tec Empresarial";journal;"16592395, 16593359";"Business School, Instituto Tecnologico de Costa Rica";Yes;Yes;;-;12;13;0;529;0;0;0,00;40,69;33,33;1;Costa Rica;Latin America;"Business School, Instituto Tecnologico de Costa Rica";"2019-2026";"Business and International Management; Business, Management and Accounting (miscellaneous); Strategy and Management";"Business, Management and Accounting"
1990;21100972600;"Technology Innovation Management Review";journal;"19270321";"Carleton University";Yes;Yes;;-;30;73;0;2464;0;0;0,00;33,75;39,72;2;Canada;Northern America;"Carleton University";"2019-2022";"Computer Science Applications; Management of Technology and Innovation";"Business, Management and Accounting; Computer Science"
1991;17173;"Textiles Eastern Europe";trade journal;"13545981";"Textile Media Services Ltd";No;No;;-;1;12;1;0;0;0;0,00;0,00;0,00;0;United Kingdom;Western Europe;"Textile Media Services Ltd";"1995-1998, 2000-2012, 2017, 2019-2022";"Business and International Management; Environmental Science (miscellaneous); Industrial and Manufacturing Engineering";"Business, Management and Accounting; Engineering; Environmental Science"
1992;21101041553;"Tourism and Management Studies";journal;"21828466, 21828458";"University of Algarve";Yes;Yes;;-;17;19;0;941;0;0;0,00;49,53;57,45;0;Portugal;Western Europe;"University of Algarve";"2019-2025";"Business, Management and Accounting (miscellaneous); Tourism, Leisure and Hospitality Management";"Business, Management and Accounting"
1993;21101041947;"Triple Helix";journal;"21971927";"Brill Academic Publishers";Yes;No;;-;19;1;32;73;25;30;0,37;73,00;0,00;1;Netherlands;Western Europe;"Brill Academic Publishers";"2014-2026";"Business, Management and Accounting (miscellaneous); Economics, Econometrics and Finance (miscellaneous); Education; Management of Technology and Innovation";"Business, Management and Accounting; Economics, Econometrics and Finance; Social Sciences"
1994;21101040605;"Turyzm/Tourism";journal;"08675856, 20806922";"Lodz University Press";Yes;Yes;;-;13;21;72;1029;11;67;0,15;49,00;44,44;0;Poland;Eastern Europe;"Lodz University Press";"2001-2025";"Economics, Econometrics and Finance (miscellaneous); Geography, Planning and Development; Social Sciences (miscellaneous); Sociology and Political Science";"Economics, Econometrics and Finance; Social Sciences"
1995;21101060308;"Vestnik MGIMO-Universiteta";journal;"25419099, 20718160";"MGIMO University";Yes;Yes;;-;7;60;0;1605;0;0;0,00;26,75;37,50;3;Russian Federation;Eastern Europe;"MGIMO University";"2019-2025";"Business, Management and Accounting (miscellaneous); History; Political Science and International Relations; Sociology and Political Science";"Arts and Humanities; Business, Management and Accounting; Social Sciences"
1996;21101109914;"Virtual Economics";journal;"26574047";"";Yes;Yes;;-;30;20;0;753;0;0;0,00;37,65;51,52;0;United Kingdom;Western Europe;"";"2019-2025";"Business and International Management; Economics, Econometrics and Finance (miscellaneous); Management Information Systems; Management of Technology and Innovation";"Business, Management and Accounting; Economics, Econometrics and Finance"
1997;21100932832;"World Journal of Entrepreneurship, Management and Sustainable Development";journal;"20425961, 2042597X";"World Association for Sustainable Development";No;No;;-;24;16;8;973;14;8;1,75;60,81;23,68;0;United Kingdom;Western Europe;"World Association for Sustainable Development";"2013, 2017-2025";"Business and International Management; Cultural Studies; Demography; Economics, Econometrics and Finance (miscellaneous); Sociology and Political Science; Strategy and Management; Tourism, Leisure and Hospitality Management";"Business, Management and Accounting; Economics, Econometrics and Finance; Social Sciences"
1998;21101155632;"World Journal of Science, Technology and Sustainable Development";journal;"20425953, 20425945";"World Association for Sustainable Development";No;No;;-;18;15;0;697;0;0;0,00;46,47;26,32;0;United Kingdom;Western Europe;"World Association for Sustainable Development";"2019-2025";"Business and International Management; Industrial Relations; Management of Technology and Innovation; Organizational Behavior and Human Resource Management";"Business, Management and Accounting"
1999;21100925870;"World Journal on Educational Technology: Current Issues (discontinued)";journal;"13090348, 13091506";"Birlesik Dunya Yenilik Arastirma ve Yayincilik Merkezi";Yes;No;;-;21;27;28;703;20;25;0,71;26,04;39,66;0;Cyprus;Western Europe;"Birlesik Dunya Yenilik Arastirma ve Yayincilik Merkezi";"2018-2022";"Computer Science (miscellaneous); Education; Management of Technology and Innovation";"Business, Management and Accounting; Computer Science; Social Sciences"
2000;21101185195;"World Sustainable Development Outlook";conference and proceedings;"17488133";"World Association for Sustainable Development";No;No;;-;1;10;0;442;0;0;0,00;44,20;31,58;0;United Kingdom;Western Europe;"World Association for Sustainable Development";"2019-2020, 2023-2025";"Business and International Management; Development; Organizational Behavior and Human Resource Management; Tourism, Leisure and Hospitality Management";"Business, Management and Accounting; Social Sciences"
2001;21101042192;"World Tax Journal";journal;"23529237, 18784917";"International Bureau of Fiscal Documentation (IBFD)";No;No;;-;11;16;0;1292;0;0;0,00;80,75;39,13;1;Netherlands;Western Europe;"International Bureau of Fiscal Documentation (IBFD)";"2019-2025";"Accounting; Economics and Econometrics; Finance; Law";"Business, Management and Accounting; Economics, Econometrics and Finance; Social Sciences"
2002;21101162971;"Zeitschrift fur Technikfolgenabschatzung in Theorie und Praxis / Journal for Technology Assessment in Theory and Practice";journal;"2568020X, 25678833";"Oekom - Gesellschaft fuer Oekologische Kommunikation mbH";Yes;Yes;;-;8;52;0;662;0;0;0,00;12,73;45,95;7;Germany;Western Europe;"Oekom - Gesellschaft fuer Oekologische Kommunikation mbH";"2019-2025";"Management of Technology and Innovation";"Business, Management and Accounting"
2003;21101060493;"Zeitschrift fur Unternehmensgeschichte";journal;"23672293, 03422852";"De Gruyter Oldenbourg";No;No;;-;11;9;34;523;13;33;0,35;58,11;30,00;0;Germany;Western Europe;"De Gruyter Oldenbourg";"1996-2025";"Business and International Management; Business, Management and Accounting (miscellaneous); Economics, Econometrics and Finance (miscellaneous); History";"Arts and Humanities; Business, Management and Accounting; Economics, Econometrics and Finance"
